Date,Close,High,Low,Open,Volume,Adj Close
2007-04-24,35.65029525756836,39.44143266853112,34.34124914558414,39.44143266853112,128117,
2007-04-25,34.76626205444336,36.024307056477404,32.471178654711906,35.19127879588228,36675,
2007-04-26,34.29024887084961,35.70129716874205,33.661224879205115,35.68429778230825,1575,
2007-04-27,32.573184967041016,35.684297360578846,31.638151602191336,35.19128013962987,6975,
2007-04-30,34.37525177001953,34.93626946300657,33.236208242498385,33.47421716357148,2475,
2007-05-03,35.66729736328125,36.27931903242388,34.91926893320725,35.32728337930234,5175,
2007-05-04,36.2793197631836,38.08138603502644,34.001235655191735,34.68126071849752,5400,
2007-05-07,35.718299865722656,36.72133663507096,34.6812614047838,34.6812614047838,2700,
2007-05-08,35.75230026245117,35.97330687226106,34.137241858015145,34.341249081820244,375,
2007-05-09,33.950233459472656,37.40135973950329,33.44021394920892,37.06134575987764,1575,
2007-05-10,35.20827865600586,35.361284801720075,32.33517525080906,32.33517525080906,1264,
2007-05-11,33.45721435546875,35.70129365296808,32.98119656200397,35.70129365296808,1516,
2007-05-14,35.701297760009766,35.905307910691775,34.34125051724389,34.34125051724389,1125,
2007-05-15,33.219207763671875,37.384357908791614,32.81119331763439,37.384357908791614,4050,
2007-05-16,35.03826904296875,35.66729293836529,34.00123075209575,34.00123075209575,2364,
2007-05-17,34.732261657714844,34.732261657714844,34.188240487602606,34.188240487602606,2475,
2007-05-18,35.021270751953125,35.70129282006745,33.0832008537891,33.0832008537891,675,
2007-05-21,34.307247161865234,34.68125991661331,31.825155884106376,33.86523102685405,4725,
2007-05-22,35.15727615356445,37.40135841737797,35.106275079845794,36.04130838365163,1944,
2007-05-23,35.15727615356445,35.15727615356445,35.15727615356445,35.15727615356445,0,
2007-05-24,35.53129196166992,35.56529365320357,33.78022965365903,33.86523242331833,1575,
2007-05-25,33.57621765136719,35.021270366921385,33.08320049006495,33.08320049006495,450,
2007-05-28,34.00123596191406,34.00123596191406,34.00123596191406,34.00123596191406,409,
2007-05-29,34.00123596191406,34.341249955808976,33.66122488636874,34.341249955808976,2891,
2007-05-30,33.542213439941406,34.341242803067146,33.440208387514105,34.341242803067146,1350,
2007-05-31,34.00123596191406,34.341249955808976,34.00123596191406,34.341249955808976,787,
2007-06-01,34.00123596191406,34.00123596191406,34.00123596191406,34.00123596191406,0,
2007-06-04,32.845191955566406,32.845191955566406,32.845191955566406,32.845191955566406,225,
2007-06-05,33.40620803833008,33.83122472957128,33.40620803833008,33.83122472957128,900,
2007-06-06,32.981201171875,33.15120671663189,32.981201171875,33.15120671663189,837,
2007-06-07,32.046165466308594,33.933234465908484,31.723153787023456,31.723153787023456,337,
2007-06-08,32.046165466308594,32.046165466308594,32.046165466308594,32.046165466308594,0,
2007-06-11,30.346097946166992,31.96115907791042,29.717076963152447,31.96115907791042,3150,
2007-06-12,30.346097946166992,30.346097946166992,30.346097946166992,30.346097946166992,0,
2007-06-13,30.346097946166992,30.346097946166992,30.346097946166992,30.346097946166992,0,
2007-06-14,31.315135955810547,33.1512007624444,30.26109534726149,30.278097649693287,1725,
2007-06-15,31.315135955810547,31.315135955810547,31.315135955810547,31.315135955810547,0,
2007-06-18,31.315135955810547,31.315135955810547,31.315135955810547,31.315135955810547,0,
2007-06-19,31.28113555908203,31.281135559082028,31.281135559082028,31.281135559082028,67,
2007-06-20,30.261096954345703,30.261096954345703,30.261096954345703,30.261096954345703,1125,
2007-06-21,31.28113555908203,31.281135559082028,30.601110555803142,31.281135559082028,900,
2007-06-22,31.28113555908203,31.281135559082028,31.281135559082028,31.281135559082028,0,
2007-06-25,29.29206275939941,30.83912065039695,28.96905108917512,29.020055082204856,342,
2007-06-26,29.105056762695312,30.465106771438407,28.901049553218783,29.751080079095885,9000,
2007-06-27,30.55011558532715,30.6011166682142,29.10506252951149,29.10506252951149,958,
2007-06-28,30.533111572265625,30.601114957880835,28.90105366429851,30.601114957880835,1350,
2007-06-29,28.952051162719727,30.533107795060133,28.76504333458723,29.61507387622237,2922,
2007-07-02,28.765045166015625,29.309066381574805,28.272027945780444,28.969052392262927,1350,
2007-07-03,28.91804885864257,30.53310714521028,28.91804885864257,30.53310714521028,450,
2007-07-04,29.75108337402344,30.601113994041288,28.73104429532229,29.92108891435708,7650,
2007-07-05,29.75108337402344,29.75108337402344,29.75108337402344,29.75108337402344,0,
2007-07-06,29.75108337402344,29.75108337402344,29.71708168228678,29.71708168228678,573,
2007-07-09,30.227096557617188,30.46510544469954,29.9210842975544,29.9210842975544,438,
2007-07-10,31.62114524841309,32.624181866451245,29.088053168058988,30.601109246318856,1343,
2007-07-11,30.60111427307129,30.60111427307129,30.60111427307129,30.60111427307129,225,
2007-07-12,31.43413543701172,32.301168172525514,29.921082373130385,29.921082373130385,1350,
2007-07-13,31.655153274536133,32.30117669163484,31.5361488072627,32.30117669163484,900,
2007-07-16,33.15120315551758,33.96723493572173,30.601111503046813,31.995163240673165,4950,
2007-07-17,32.55618667602539,34.00123974455445,27.40500138201643,34.00123974455445,4500,
2007-07-18,33.5592155456543,33.661220606357745,31.29813400939469,32.55617891464188,4020,
2007-07-19,34.71525573730469,35.02126797840052,32.87918812742776,32.87918812742776,1446,
2007-07-20,35.03826904296875,35.24227624070698,34.68125571733956,34.68125571733956,3150,
2007-07-23,33.423213958740234,35.361283976986584,31.978161137763685,35.021272921862426,4950,
2007-07-24,35.36128616333008,35.36128616333008,32.301174804612096,32.301174804612096,542,
2007-07-25,36.89133834838867,36.89133834838867,29.003051778119666,29.003051778119666,8775,
2007-07-26,35.37828826904297,36.17731487716063,35.02127489008848,36.17731487716063,1251,
2007-07-27,34.6812629699707,34.6812629699707,33.66122676796708,34.49425511695764,1685,
2007-07-30,36.38131713867188,36.38131713867188,35.70129216469166,35.70129216469166,1055,
2007-07-31,36.70433044433594,36.72133274750605,36.55132722590079,36.55132722590079,450,
2007-08-01,34.76626205444336,36.04130936041066,34.76626205444336,35.021273266646496,839,
2007-08-02,33.33821487426758,35.327286186632726,32.301176372329024,35.02127678691872,3825,
2007-08-03,35.36128616333008,35.36128616333008,34.68126109268724,34.68126109268724,4,
2007-08-06,34.834266662597656,35.19128003759962,32.9811993245038,35.19128003759962,740,
2007-08-07,34.834266662597656,34.834266662597656,34.834266662597656,34.834266662597656,0,
2007-08-08,34.086238861083984,35.36128623595158,34.00123609187276,35.36128623595158,2223,
2007-08-09,33.661224365234375,35.93930554015837,33.661224365234375,35.93930554015837,1350,
2007-08-10,33.38920593261719,34.664252984040345,32.30116667702975,34.664252984040345,1212,
2007-08-13,34.341243743896484,34.341243743896484,34.341243743896484,34.341243743896484,256,
2007-08-14,35.03500747680664,35.03500747680664,35.03500747680664,35.03500747680664,225,
2007-08-16,34.34124755859375,35.000321874363266,34.34124755859375,35.000321874363266,225,
2007-08-17,34.34124755859375,34.34124755859375,34.34124755859375,34.34124755859375,0,
2007-08-20,33.07512664794922,34.35858654476557,32.953718078162154,33.30059800480768,4349,
2007-08-21,33.64748764038086,33.64748764038086,32.95372467098776,32.95372467098776,2475,
2007-08-22,33.64748764038086,33.64748764038086,31.91308170555124,31.91308170555124,7875,
2007-08-23,32.606842041015625,33.90764489840794,30.872433268982533,31.392756198323063,33525,
2007-08-24,33.04044342041016,33.404669188864496,33.04044342041016,33.404669188864496,225,
2007-08-27,32.606842041015625,33.30060197706165,32.606842041015625,33.30060197706165,1741,
2007-08-28,32.91902542114258,32.95371400498065,31.25399721535768,31.25399721535768,13950,
2007-08-29,32.91902542114258,32.91902542114258,32.91902542114258,32.91902542114258,0,
2007-08-30,32.25995635986328,33.26591354097008,32.25995635986328,32.95371921438038,1012,
2007-08-31,33.68217468261719,36.76941781883808,31.87839164081512,32.84965737134277,17651,
2007-09-03,34.6707878112793,39.73525421490695,34.06374484064595,38.694611249039966,4349,
2007-09-04,34.34124755859375,35.381890431570355,33.994364616064225,35.381890431570355,1350,
2007-09-05,33.248565673828125,35.20844554057231,33.040437128247866,33.16184569461181,1354,
2007-09-06,32.988407135009766,35.55532696511503,32.27730148889917,32.29464429455561,1125,
2007-09-07,32.832313537597656,35.72877378522874,32.60684215306907,33.47404505341275,5289,
2007-09-10,32.39871597290039,33.82092752466305,31.21931863116781,33.82092752466305,4275,
2007-09-11,33.21388626098633,34.341252256809376,33.16185485454559,34.271875063350805,4050,
2007-09-12,32.62417984008789,32.9537169500422,31.73963129373392,32.9537169500422,3285,
2007-09-13,33.994361877441406,34.34124479202566,33.387321987204004,33.890299087180146,153900,
2007-09-14,33.00575256347656,35.035009851819474,32.95372116506688,34.68812691537441,8354,
2007-09-17,34.271873474121094,34.271873474121094,33.12716472166817,33.12716472166817,1125,
2007-09-18,34.167808532714844,34.167808532714844,34.167808532714844,34.167808532714844,225,
2007-09-19,33.855613708496094,34.653442403583426,33.31794796834448,33.99436510110405,26131,
2007-09-20,34.6360969543457,34.68812835491467,28.54833079128952,29.484910888061098,34051,
2007-09-21,33.179195404052734,33.19653821102653,33.179195404052734,33.19653821102653,630,
2007-09-24,32.606842041015625,32.95372200903864,29.58897321906897,29.58897321906897,8736,
2007-09-25,32.39871597290039,32.95372456016463,31.73963862348312,31.73963862348312,1125,
2007-09-26,32.31199645996094,32.60684505550029,31.91308207801025,31.91308207801025,765,
2007-09-27,31.70494842529297,34.32389974923863,31.70494842529297,34.27186835298554,11250,
2007-09-28,32.05182647705078,32.60683792865704,31.73963216335905,31.947763690690625,1575,
2007-10-01,32.57215118408203,32.606839773933714,32.57215118408203,32.57215118408203,900,
2007-10-03,32.78028106689453,32.95372104583657,31.73963523863044,32.95372104583657,4500,
2007-10-04,31.79167366027832,32.93638243067215,31.566199277112847,31.566199277112847,4473,
2007-10-05,32.93637466430664,32.93637466430664,31.254000501082515,31.254000501082515,787,
2007-10-08,31.25400352478028,32.259957772635445,31.25400352478028,32.259957772635445,1068,
2007-10-09,31.479473114013672,32.502773087908515,31.21931316342041,31.27134455807792,2983,
2007-10-10,32.08652114868164,34.65344438877539,32.08652114868164,34.65344438877539,146,
2007-10-11,31.566192626953125,34.653438285702364,29.58896988638721,34.653438285702364,634,
2007-10-12,32.277305603027344,32.60684277094859,32.25995981785429,32.25995981785429,2344,
2007-10-15,31.44478225708008,34.30655341641405,30.959148002489407,34.30655341641405,7440,
2007-10-16,32.57215118408203,33.959676914314485,31.028528288169912,33.959676914314485,265,
2007-10-17,32.91902542114258,32.91902542114258,29.831783141828684,29.831783141828684,83,
2007-10-18,31.67026138305664,32.25995850889183,31.219315646445622,31.25400423807816,4893,
2007-10-19,31.566192626953125,34.584061108989495,31.56619262695313,34.584061108989495,29,
2007-10-22,31.21931838989257,37.7753764426925,31.21931838989257,34.68813022107788,900,
2007-10-23,31.21931838989257,34.44531303561816,29.138029504797668,34.44531303561816,1667,
2007-10-24,31.25400352478028,34.653440767595114,30.90712059367768,34.653440767595114,398,
2007-10-25,31.91307830810547,33.09247552824649,31.21931541256992,33.09247552824649,225,
2007-10-26,31.201967239379883,32.953718639789415,30.525550179970736,32.953718639789415,2925,
2007-10-29,31.201967239379883,33.1271586060681,30.230701641835832,33.1271586060681,3294,
2007-10-30,33.994361877441406,36.42253037030824,28.20144489282771,28.20144489282771,41850,
2007-10-31,33.05778503417969,36.422530566770135,31.410099368607696,34.34124497726118,5229,
2007-11-01,31.9477653503418,33.94233097314799,31.82635677507749,33.94233097314799,841,
2007-11-02,30.95915031433105,33.2832560017199,28.895207555503465,33.2832560017199,1228,
2007-11-05,32.5547981262207,32.8843351902188,31.253995649931184,31.253995649931184,450,
2007-11-06,30.88977813720703,31.91307818074001,30.75102674957605,31.25400387920751,1541,
2007-11-07,31.21931838989257,31.21931838989257,28.617706539197385,28.617706539197385,900,
2007-11-08,30.73368263244629,31.91307991185641,30.178671097204088,30.178671097204088,900,
2007-11-12,31.21931838989257,32.572155718608336,29.17271809947852,29.17271809947852,564,
2007-11-13,31.21931838989257,31.566198382088626,31.04587839379456,31.566198382088626,4275,
2007-11-14,30.976505279541016,31.87839695066637,30.52555944397833,31.219322496944507,2652,
2007-11-15,31.23666000366211,34.15046314040875,31.167285794260447,31.53151155851704,1485,
2007-11-16,31.41010093688965,31.878389473584008,31.21931517444814,31.254003765556224,1350,
2007-11-19,33.8209228515625,33.8209228515625,31.28868852054248,31.46213147132221,1260,
2007-11-20,32.57215118408203,33.26591404919826,31.30603402967756,33.26591404919826,821,
2007-11-21,32.53746032714844,32.79762026695043,31.28868606602657,31.28868606602657,1577,
2007-11-22,30.52555274963379,31.56619561221365,29.658349867932905,29.658349867932905,2409,
2007-11-23,32.08652114868164,32.08652114868164,30.369458052425887,31.219318196263885,2193,
2007-11-26,31.91307830810547,32.08651828766287,29.50225246941739,32.08651828766287,2670,
2007-11-27,30.54289627075196,31.87839070481097,30.352113478247823,30.352113478247823,675,
2007-11-28,30.23070526123047,32.25995965971767,28.82583660248501,28.82583660248501,1530,
2007-11-29,31.288692474365234,32.242618403627056,29.5196009486116,29.5196009486116,2925,
2007-11-30,34.34124755859375,34.34124755859375,31.045875979746185,31.045875979746185,9675,
2007-12-03,32.95372009277344,33.127160066699375,32.95372009277344,33.127160066699375,483,
2007-12-04,31.61823081970215,33.36997943633048,31.58354222715305,31.58354222715305,1462,
2007-12-05,32.32933807373047,32.39871526210627,31.635575121890927,31.635575121890927,1021,
2007-12-06,33.30060577392578,33.612800162587035,31.46213697009589,32.32933996633608,1478,
2007-12-07,33.09247589111328,34.65344167885814,30.872432814672685,34.65344167885814,7013,
2007-12-10,32.57215118408203,33.630136799376416,30.386799796484105,30.386799796484105,1388,
2007-12-11,33.45669937133789,34.34124805924302,32.606842253228045,34.34124805924302,1107,
2007-12-12,33.12715530395508,34.0290466114706,32.91902676970576,32.95371535496488,2250,
2007-12-13,33.05778503417969,33.64748212165627,31.254002205068087,31.254002205068087,1021,
2007-12-14,33.43935012817383,33.994358569269785,32.95371588139896,33.97701576501588,1125,
2007-12-17,32.57215118408203,33.99436252686037,32.57215118408203,33.99436252686037,6750,
2007-12-18,33.994361877441406,33.994361877441406,26.18953351561739,26.18953351561739,675,
2007-12-19,32.46809005737305,33.890304580829884,32.034490065487944,32.05183287424086,1824,
2007-12-20,33.73419952392578,34.167802391974085,30.6469569880762,30.6469569880762,17775,
2007-12-24,33.994361877441406,34.34124479202566,32.78027911966086,32.95371908830012,8775,
2007-12-26,32.95372009277344,33.161848656945736,32.95372009277344,33.161848656945736,247,
2007-12-27,33.57810974121094,33.64748692987715,32.43340101474943,32.95372397513362,6075,
2007-12-28,32.95372009277344,32.95372009277344,32.95372009277344,32.95372009277344,112,
2007-12-31,35.76346206665039,36.42253340696723,33.66482755284507,34.68812762136041,8484,
2008-01-01,38.08756256103516,42.26748256054944,35.24313689644151,36.42253108828168,12345,
2008-01-02,36.83879089355469,37.81005651566255,35.832833704546886,37.81005651566255,2225,
2008-01-03,36.960205078125,37.81006225429343,36.43988210985188,37.359116475738375,4185,
2008-01-04,36.804107666015625,36.94285906730146,36.769419071367615,36.94285906730146,6705,
2008-01-07,37.65396118164063,38.15693827217273,35.12172696875273,35.13906977436873,6457,
2008-01-08,36.97754669189453,40.238229843674944,36.42253514669873,39.804629865215226,14962,
2008-01-09,38.52116394042969,39.54446092590306,36.78675535673111,38.19162681566892,8858,
2008-01-10,36.994895935058594,39.89135358925984,36.76942154334119,38.8507105663891,10431,
2008-01-11,35.9195556640625,36.76941573525879,35.08704137726953,36.76941573525879,2234,
2008-01-14,35.79814910888672,36.422534859326014,35.7287748992642,35.850183487736246,4119,
2008-01-15,42.96125030517578,42.96125030517578,41.6257558185837,42.909215925804176,135049,
2008-01-16,41.93794631958008,46.82897209551329,39.57915193084417,45.441446334763455,239800,
2008-01-17,42.2327995300293,43.707045441199,41.45231657572217,43.68969965532637,39451,
2008-01-18,41.27887344360352,42.319516311154544,38.902736166831545,42.319516311154544,25186,
2008-01-21,33.803585052490234,40.20354603107784,32.43340191354603,37.15098835015239,30908,
2008-01-22,30.300085067749023,33.99436842508127,27.056741547506125,33.99436842508127,8327,
2008-01-23,31.306032180786133,35.38188616748704,28.86051800238221,35.38188616748704,6288,
2008-01-24,29.450225830078125,34.34125250326869,27.767851206431647,30.52555744987146,11074,
2008-01-25,30.664310455322266,32.953728201894016,29.48491596056057,32.953728201894016,7125,
2008-01-28,30.560237884521484,32.60683776385387,28.548326592902367,30.17866639698113,8203,
2008-01-29,30.629623413085938,33.283263880516735,29.13803159847053,30.56024621873924,5607,
2008-01-30,34.68812942504883,34.68812942504883,29.484911797675192,32.58949777942636,32595,
2008-01-31,37.32443237304688,39.02414977167522,31.56619982539669,32.60684580417893,25708,
2008-02-01,36.1103401184082,39.52712010900774,34.722814372562006,37.46317727401237,11911,
2008-02-04,34.77484893798828,37.4111492862405,34.51468895342579,34.7401633218915,3550,
2008-02-05,35.00032424926758,35.05235565212044,33.64748693394988,33.68217552828718,947,
2008-02-06,34.029052734375,36.31847000036161,31.23665833489314,34.68812704097043,6018,
2008-02-07,33.73419952392578,36.283776408871,33.00574813471128,35.035005150765166,3429,
2008-02-08,32.95372009277344,35.035008711802206,32.34667720672682,35.035008711802206,3467,
2008-02-11,30.71634101867676,32.43340113756483,30.52555523777533,32.43340113756483,4572,
2008-02-12,29.48491096496582,33.28325978522218,26.39766787869354,28.444265087035973,3604,
2008-02-13,27.698469161987305,29.068652127499384,24.281689106218323,26.709857719109568,6205,
2008-02-14,30.282739639282227,31.548857028338453,27.767850647963247,30.17867385044049,2031,
2008-02-15,30.38679885864257,32.572150178793024,29.831787392756848,31.08056170234689,1977,
2008-02-18,29.91851043701172,31.21931627420562,29.83179044483959,31.21931627420562,2124,
2008-02-19,29.50225257873535,31.16728412965148,29.17271542543284,29.17271542543284,5658,
2008-02-20,28.84317970275879,30.31742556219421,28.340202544308426,30.31742556219421,4167,
2008-02-21,29.363502502441406,30.2480482273802,28.791148160354982,29.138028136258963,1575,
2008-02-22,28.87786674499512,30.16132676143123,26.727203853815368,26.761889467868134,2054,
2008-02-25,29.380844116210938,31.21931565477822,24.385753909177016,28.132072680942187,11117,
2008-02-26,29.32881164550781,30.525551638229047,28.79114593797525,29.83178876266636,6997,
2008-02-27,29.76241683959961,31.045880023639047,29.55428823789442,29.55428823789442,2252,
2008-02-28,29.51959609985352,30.4388303062804,28.99927322184084,28.99927322184084,1075,
2008-02-29,35.433921813964844,35.433921813964844,27.21283339157635,27.21283339157635,12325,
2008-03-03,30.05726432800293,35.38189022193302,29.571629997722567,32.27730442873663,4050,
2008-03-04,30.52555274963379,32.502775677188524,29.27678131453794,31.219315650455684,3800,
2008-03-05,28.89520835876465,29.93585414732724,28.20144549215819,28.47895123426193,3588,
2008-03-07,27.40362548828125,28.44426851429235,27.126119688909483,28.44426851429235,1642,
2008-03-10,26.727203369140625,28.72176905168949,22.1657132343096,24.80201040209224,5168,
2008-03-11,28.14941596984864,28.270824554019665,25.391710103456344,25.391710103456344,2387,
2008-03-12,28.79114532470703,29.83178812723184,28.79114532470703,29.83178812723184,270,
2008-03-13,25.53046226501465,27.750502461972445,24.975453704428247,27.750502461972445,3638,
2008-03-14,25.42639923095703,29.658351003955588,22.16571466312041,22.16571466312041,13068,
2008-03-17,24.975452423095703,27.282212496259035,23.587926626855733,23.587926626855733,4909,
2008-03-18,23.69198989868164,26.01609416812332,22.89416274885628,24.97545135413624,1768,
2008-03-19,23.93480682373047,24.87138683605916,23.587925392818097,24.160279679390865,2679,
2008-03-24,23.58792495727539,24.663257819843967,22.21774355376937,23.41448498934816,4137,
2008-03-25,28.236133575439453,28.305510754047,21.50663805833323,21.50663805833323,27542,
2008-03-26,29.2074031829834,31.21931463685413,24.52450598745528,28.44426312366449,4500,
2008-03-27,29.97054672241211,32.849658386837994,28.56567501877857,32.849658386837994,3816,
2008-03-28,29.72772789001465,30.17867368457097,29.606322269659422,30.17867368457097,1388,
2008-03-31,33.35263442993164,35.38188867586787,28.149414368628253,29.745068679550936,10010,
2008-04-01,32.41604995727539,33.59544697794709,30.993835815368183,30.993835815368183,4873,
2008-04-02,32.81496810913086,34.688125152434175,30.855088103144315,34.688125152434175,405,
2008-04-03,30.681655883789062,32.953727815688495,30.21336427167492,32.953727815688495,708,
2008-04-04,30.95915031433105,32.953718872540605,28.270821886106763,31.56619317789968,6205,
2008-04-07,29.55428123474121,31.91307546487099,28.94723838306769,31.91307546487099,420,
2008-04-08,30.73368263244629,31.219316981456696,30.178671097204088,31.219316981456696,249,
2008-04-09,29.623668670654297,31.149946242513952,29.484917246778583,29.484917246778583,285,
2008-04-10,30.35211563110352,30.52555562833872,29.554286880131613,30.52555562833872,258,
2008-04-11,30.282739639282227,30.52555683593993,29.55428804930911,29.74507384019912,1086,
2008-04-15,30.78571891784668,31.25401053325007,29.571635830003576,31.21932193463057,11929,
2008-04-16,33.872955322265625,33.872955322265625,31.27134395710768,31.913075395671846,4398,
2008-04-17,33.30060577392578,34.63610035315785,32.259962773898835,32.259962773898835,12816,
2008-04-21,33.508731842041016,34.68812605573099,32.311991844440385,34.68812605573099,3143,
2008-04-22,32.57215118408203,33.50873120085423,32.13854827689472,32.2599568527227,4630,
2008-04-23,31.67026138305664,33.30060137133803,31.63557279142411,32.98841000125715,2873,
2008-04-24,31.635570526123047,33.64748190099114,31.462130557685704,33.64748190099114,828,
2008-04-25,29.588977813720703,32.48543850116788,29.138031998883164,31.462138268370914,2502,
2008-04-28,30.88977813720703,31.219315287973288,29.6236609323404,31.219315287973288,801,
2008-04-29,31.063220977783203,31.47947815632991,29.172717888454976,29.172717888454976,7625,
2008-04-30,34.18515396118164,34.18515396118164,31.20197344335067,31.219319229810868,13038,
2008-05-02,37.41114807128906,37.619276647641165,36.5439451736043,37.619276647641165,34130,
2008-05-05,35.74611282348633,39.89134409596127,35.08703856962956,39.89134409596127,10917,
2008-05-06,36.37050247192383,38.850705575679626,36.1623738940856,37.46317973855406,23888,
2008-05-07,38.052879333496094,39.35368526185085,36.78676199990238,38.08756792825714,35167,
2008-05-08,37.93147277832031,39.54447019156883,37.46318416715344,38.33038717354425,58725,
2008-05-09,38.86804962158203,41.72982137966316,37.94881528828621,37.94881528828621,142150,
2008-05-12,34.98298263549805,39.45774893440338,34.98298263549805,39.45774893440338,9110,
2008-05-13,32.81496810913086,36.33581082921728,32.08651665919335,36.33581082921728,45866,
2008-05-14,32.62417984008789,34.68812247850641,32.277299925317266,34.68812247850641,17307,
2008-05-15,32.9710693359375,35.38189237199024,32.60684356609426,33.994366480389175,6777,
2008-05-16,32.39871597290039,34.16781049684615,32.259961593104656,34.150464710718566,5622,
2008-05-20,32.74558639526367,33.196532043162456,32.01713504620286,32.95371492680885,7814,
2008-05-21,34.21983337402344,34.5146818916623,29.831785263829563,32.95371634905139,17950,
2008-05-22,33.00575256347656,34.30655836486018,31.843701127593345,33.99436401979021,3141,
2008-05-23,32.62417984008789,33.59544836513451,32.32933131707175,32.9537169500422,3701,
2008-05-26,31.27134323120117,32.86699741054045,31.08056046645018,32.259954574274595,9074,
2008-05-27,31.479473114013672,32.121204564910585,31.34072173582508,31.756978847696583,1064,
2008-05-28,31.68760108947754,32.086515388257574,28.89520695262862,31.2193125915269,3377,
2008-05-29,31.080564498901367,31.89573301072777,30.594930166881568,31.219315889204463,3314,
2008-05-30,33.144508361816406,34.18515126152681,30.54289664658132,31.21931676437262,8622,
2008-06-02,31.635570526123047,32.86699906571736,31.635570526123047,32.25995619888092,796,
2008-06-03,30.560237884521484,31.219312119156765,30.24804357240767,31.219312119156765,11191,
2008-06-04,29.6063175201416,31.21931464976454,29.554283145701035,31.21931464976454,1998,
2008-06-05,29.48491096496582,30.490865272684463,28.166759321100944,29.2941251926406,1127,
2008-06-06,30.73368263244629,32.43339987667664,29.48491114411045,29.745071126520568,1449,
2008-06-09,28.46160697937012,31.2193125218238,27.85456412982229,27.923941306143654,3798,
2008-06-10,29.48491096496582,29.48491096496582,28.58301945865652,29.13802801322052,776,
2008-06-11,28.99928092956543,30.490869805064246,28.32286071063251,28.32286071063251,7611,
2008-06-12,29.155372619628903,29.41553258994056,27.785189630453296,27.785189630453296,1073,
2008-06-13,28.773805618286133,29.48491441272844,27.958636987572504,28.63505420774701,2655,
2008-06-16,28.79114532470703,30.45617380874673,28.340199614061984,30.42148521911161,2322,
2008-06-17,29.48491096496582,30.21335950674944,28.30551369272149,28.30551369272149,767,
2008-06-18,30.16133117675781,30.36945977807206,28.70443096755809,30.36945977807206,380,
2008-06-19,29.48491096496582,30.178670913844304,28.79114803878128,28.79114803878128,344,
2008-06-20,28.91255569458008,30.109295736100016,28.13207279991004,28.13207279991004,2052,
2008-06-23,29.831787109375,29.831787109375,26.640478654111583,27.23017870317664,7047,
2008-06-24,29.276784896850582,30.35211648264521,29.138030513324622,29.138030513324622,335,
2008-06-25,30.12664222717285,30.21336222859505,29.138030638192216,30.161330823202995,6988,
2008-06-26,32.22526550292969,33.127156852607484,30.525548564216404,32.9016855038408,19437,
2008-06-27,32.71090316772461,32.78028034870379,29.27678034614868,29.65834888692248,13761,
2008-06-30,32.38136291503906,32.58949146068796,30.178665914840515,30.9764944875826,7425,
2008-07-01,29.50225257873535,32.0171412235542,29.15537261833521,32.0171412235542,4659,
2008-07-02,29.67569351196289,30.421487832618944,28.09738487776576,28.09738487776576,1226,
2008-07-03,28.496299743652344,28.964588309184943,28.496299743652344,28.964588309184943,1782,
2008-07-04,28.80849266052246,29.06865563503925,27.767849694374053,27.767849694374053,434,
2008-07-07,28.98192977905273,30.005229834635728,27.247524015365133,27.247524015365133,1219,
2008-07-08,29.710384368896484,30.039921557897028,28.097387019152723,28.791149992412745,117,
2008-07-09,29.831787109375,30.022572857205702,28.89520713040577,30.022572857205702,1287,
2008-07-10,28.86052322387696,30.52555489852293,28.56567464016521,29.13802899920231,1914,
2008-07-11,30.10929679870605,30.161328199572075,30.10929679870605,30.161328199572075,4,
2008-07-14,30.178672790527344,30.52555576384382,29.138029825190408,29.138029825190408,8478,
2008-07-15,30.52555274963379,30.855089904226244,30.17866981056986,30.17866981056986,274,
2008-07-16,29.13803100585937,30.143988394201536,28.27082800338861,28.27082800338861,1269,
2008-07-17,30.0210018157959,30.0210018157959,29.049731773999465,29.06739293793414,688,
2008-07-18,31.11587715148925,31.786934523362994,28.46696695168844,28.78483447805909,3253,
2008-07-21,29.897384643554688,31.786941162633184,29.897384643554688,31.786941162633184,722,
2008-07-22,30.374181747436523,31.257151829827755,30.020994927055373,31.23949370138404,913,
2008-07-23,30.603757858276367,32.49331415555155,29.7561039703851,32.49331415555155,1174,
2008-07-24,29.82674217224121,31.32779231309188,29.24398145799475,29.296958877988462,2445,
2008-07-25,30.285888671875,30.939288005611104,30.0563178174026,30.37418538755198,825,
2008-07-28,31.433752059936523,31.433752059936527,30.056320736449603,30.69205896992949,6761,
2008-07-29,30.603757858276367,31.41608942380376,30.56843856735108,30.727370829357017,3359,
2008-07-30,30.95694923400879,30.956949234008786,30.956949234008786,30.956949234008786,45,
2008-07-31,31.239501953125,31.38077611230657,29.879725666315828,29.879725666315828,1217,
2008-08-01,31.36311721801757,31.610349264164395,31.36311721801757,31.433752780174466,749,
2008-08-04,31.73396682739257,31.786944259441185,31.11588668202806,31.786944259441185,1422,
2008-08-05,31.433752059936523,33.44692464834235,31.433752059936527,33.44692464834235,495,
2008-08-06,31.75161933898925,32.457996089843505,29.120366927274752,29.120366927274752,3426,
2008-08-07,31.91055679321289,32.24608554516754,31.786940777680183,32.24608554516754,2747,
2008-08-08,32.45799255371094,32.45799255371094,31.82225445663414,31.839912585120288,519,
2008-08-11,31.80459785461425,33.25267069834391,31.5750269942028,32.846503370571185,270,
2008-08-12,32.05182647705078,32.05182647705078,31.875233059863387,31.875233059863387,56,
2008-08-13,31.945873260498047,33.182030274980576,30.727371344616344,30.727371344616344,1075,
2008-08-14,31.25715446472168,31.945873066535743,30.37418430789844,30.37418430789844,5073,
2008-08-18,31.1865234375,31.76928121850151,30.621420757553185,30.621420757553185,1296,
2008-08-19,32.45799255371094,32.669905252736534,31.20417448804349,31.20417448804349,616,
2008-08-20,31.50438690185547,31.963531632177453,31.292474182586755,31.433748318286344,474,
2008-08-21,31.433752059936523,31.451413223650395,30.762694530467915,30.762694530467915,393,
2008-08-22,31.098220825195312,31.75162017049218,30.81567254260527,30.85099183578872,596,
2008-08-25,31.469072341918945,31.9635364383756,30.39185045342593,30.40950858625405,1809,
2008-08-26,32.49331283569336,32.49331283569336,31.43374627672786,31.43374627672786,3370,
2008-08-27,32.26373672485352,32.84649738230526,31.91054991739828,32.74054255264399,19928,
2008-08-28,31.557371139526367,32.775873327790045,31.5220518401136,32.1401320012388,870,
2008-08-29,31.92821311950684,31.92821311950684,31.61034554856648,31.61034554856648,270,
2008-09-01,31.469072341918945,31.469072341918945,31.469072341918945,31.469072341918945,78,
2008-09-02,31.786943435668945,32.14013034875898,31.61034997912393,31.61034997912393,801,
2008-09-04,32.31671905517578,32.31671905517578,31.610345332823268,31.610345332823268,299,
2008-09-05,31.57502555847168,32.22842184796236,31.25715496311391,31.25715496311391,16650,
2008-09-08,32.08714294433594,32.14012035854447,31.61034015358268,31.61034015358268,506,
2008-09-09,32.45799255371094,33.53521720876344,31.839912585120288,32.4933118421216,4666,
2008-09-10,33.42926406860352,34.25925685353541,32.864164468473824,32.864164468473824,5193,
2008-09-11,35.53073501586914,38.144329513412494,33.90606865762959,33.90606865762959,10073,
2008-09-12,35.14222717285156,37.08476103314116,34.9656337367232,36.378387288627714,16274,
2008-09-15,33.90606689453125,33.90606689453125,33.55288002396769,33.90606689453125,3363,
2008-09-16,33.53521728515625,33.55287541368262,31.98118981161568,33.55287541368262,704,
2008-09-17,34.70073699951172,35.67200686168698,32.14012334340988,33.55287675072072,20038,
2008-09-18,32.06949234008789,33.552881505990094,31.08056420852714,33.552881505990094,2398,
2008-09-19,33.552879333496094,35.318819712850896,33.199692470200624,33.552879333496094,5262,
2008-09-22,33.80010986328125,34.96563131117903,33.57053901852733,34.347551296166785,1372,
2008-09-23,32.8288459777832,34.96563448223642,32.81118481493052,33.90606777999728,24088,
2008-09-24,33.146705627441406,33.517553581294166,32.669902847595374,33.517553581294166,569,
2008-09-25,33.94138717651367,34.40053194048346,32.24608529812608,32.24608529812608,6927,
2008-09-26,32.15778732299805,39.41580351162849,32.05182944401425,39.41580351162849,6898,
2008-09-29,30.277055740356445,32.2107618484461,29.932696453943,29.932696453943,313,
2008-09-30,31.786943435668945,31.786943435668945,26.489118519244403,26.489118519244403,513,
2008-10-01,29.667814254760746,31.522051698358503,28.8201631984234,28.8201631984234,538,
2008-10-03,28.952600479125977,28.952600479125977,28.025480540489184,28.025480540489184,270,
2008-10-06,27.01889610290528,27.01889610290528,27.01889610290528,27.01889610290528,13,
2008-10-07,24.3170108795166,28.608247736909057,22.91308629732249,28.608247736909057,603,
2008-10-08,27.283790588378903,27.548680758470688,20.317152741445906,22.250859168001163,5007,
2008-10-10,24.3170108795166,26.409651122186983,22.78064121118775,22.833620155073348,3465,
2008-10-13,24.66136741638184,24.68785612907568,24.36998702959133,24.36998702959133,171,
2008-10-14,26.462629318237305,28.475801961356648,24.89977089047488,28.475801961356648,2616,
2008-10-15,24.2110538482666,25.959334806828764,23.098511144505306,25.4295544435476,528,
2008-10-16,22.330326080322266,23.310422102114646,21.72107507171049,21.72107507171049,1458,
2008-10-17,22.25085830688477,25.429552350725448,21.24427206176448,25.429552350725448,3850,
2008-10-20,25.429553985595703,25.429553985595703,21.217784713019228,21.217784713019228,153,
2008-10-21,25.403060913085938,25.403060913085938,25.403060913085938,25.403060913085938,34,
2008-10-22,22.8865966796875,26.1712486307721,22.80713054057564,24.3699873455672,331,
2008-10-23,23.840206146240234,24.899769853371254,20.60853305019191,20.60853305019191,486,
2008-10-24,23.840206146240234,26.409650788542056,19.760882084487093,19.760882084487093,112,
2008-10-27,21.03235626220703,23.840203572243176,19.07216285779453,20.29066174729515,1648,
2008-10-29,21.03235626220703,21.03235626220703,21.03235626220703,21.03235626220703,15,
2008-10-31,21.217782974243164,23.840204907815057,21.217782974243164,23.840204907815057,525,
2008-11-03,23.840206146240234,23.840206146240234,20.131728624123205,20.131728624123205,463,
2008-11-04,23.28393173217773,26.489114277877064,19.575456097047585,26.489114277877064,1045,
2008-11-05,24.608386993408203,26.489114280086337,21.509160807555865,26.489114280086337,483,
2008-11-06,22.67468643188477,24.528925346616884,21.72107750071519,24.528925346616884,1404,
2008-11-07,22.67468643188477,22.67468643188477,22.67468643188477,22.67468643188477,0,
2008-11-10,23.9461612701416,23.9461612701416,21.323737821165967,21.323737821165967,49,
2008-11-11,23.840206146240234,27.548680636918288,21.72107570053922,22.80713115285761,976,
2008-11-12,21.800540924072266,24.63487693464081,20.97937876377605,21.08533512266204,1336,
2008-11-14,21.588632583618164,24.2905225566258,21.0588506817695,21.98596938893457,255,
2008-11-17,21.3237361907959,23.84020308217129,21.24427005976409,23.84020308217129,172,
2008-11-18,23.151487350463867,24.899768102130388,21.24427129604613,22.25085750488551,280,
2008-11-19,21.217782974243164,22.25085791396072,21.19129274615136,21.19129274615136,303,
2008-11-20,21.1912899017334,21.1912899017334,17.482814585752834,21.1912899017334,30,
2008-11-21,20.9528923034668,21.85352220859107,19.68141434455033,21.270761414266044,96,
2008-11-24,19.17812156677246,20.9264024668382,18.542381817523506,20.9264024668382,277,
2008-11-25,19.469497680664062,21.005865497789014,19.3105623994322,20.131724482452096,199,
2008-11-26,19.15163230895996,20.66151170751941,17.80068670641129,20.608532765036173,225,
2008-11-27,19.15163230895996,19.15163230895996,19.15163230895996,19.15163230895996,0,
2008-11-28,18.8867416381836,19.6019475477852,18.06557935366767,18.383448478410653,951,
2008-12-01,18.8867416381836,18.8867416381836,18.8867416381836,18.8867416381836,0,
2008-12-02,18.4099349975586,19.337053546416563,17.509305160340155,18.80727173502906,625,
2008-12-03,19.49598693847656,19.49598693847656,17.482814736631948,17.482814736631948,474,
2008-12-04,19.33705139160156,19.33705139160156,16.76760875590725,19.33705139160156,78,
2008-12-05,17.88015365600586,19.33705405453414,17.085480160183376,19.33705405453414,543,
2008-12-08,17.376859664916992,18.250999253572747,16.953032710368287,17.74770616603303,1372,
2008-12-10,17.721220016479492,17.721220016479492,15.655069945683158,16.42325328566558,70,
2008-12-11,18.330469131469727,20.84693639091773,16.68814459842151,17.21792646138553,360,
2008-12-12,18.54237937927246,18.64833573759452,15.919957616152402,15.919957616152402,309,
2008-12-15,18.780780792236328,19.57545417277022,18.145041178377703,19.072161132813367,274,
2008-12-16,19.62843513488769,22.25085695549793,19.601944907936968,21.50916091526435,465,
2008-12-17,18.780780792236328,19.601942881262897,18.54237786864465,19.601942881262897,210,
2008-12-18,18.54237937927246,18.54237937927246,18.54237937927246,18.54237937927246,30,
2008-12-19,20.5820426940918,21.19129215600672,18.67482665772348,21.19129215600672,468,
2008-12-22,21.03235626220703,21.16480284808793,19.12514027957144,19.12514027957144,120,
2008-12-23,20.9528923034668,20.9528923034668,20.9528923034668,20.9528923034668,75,
2008-12-24,19.23110008239746,20.34364272415248,17.800686815238613,17.800686815238613,300,
2008-12-26,18.383445739746094,18.383445739746094,18.356957028893543,18.383445739746094,300,
2008-12-29,19.84034538269043,20.10523702937502,19.84034538269043,20.10523702937502,45,
2008-12-30,19.84034538269043,19.84034538269043,19.84034538269043,19.84034538269043,0,
2008-12-31,20.10523796081543,21.72107359429593,16.423251025200223,16.423251025200223,1200,
2009-01-02,19.73438835144043,21.959474772819977,19.601943290492787,21.959474772819977,1248,
2009-01-05,19.86683654785156,19.86683654785156,19.60194488864043,19.60194488864043,1335,
2009-01-06,19.204608917236328,20.952891208880537,18.568870728849017,18.568870728849017,450,
2009-01-07,16.078893661499023,21.164803645349213,16.025914722007126,17.66824062618467,900,
2009-01-09,17.111967086791992,17.111967086791992,17.111967086791992,17.111967086791992,30,
2009-01-12,17.217924118041992,18.22451027853794,16.29080560510505,16.29080560510505,2400,
2009-01-13,17.05898666381836,18.436422177158164,17.05898666381836,17.40334592108309,219,
2009-01-14,16.794097900390625,16.926542962985568,16.794097900390625,16.873565544235284,750,
2009-01-15,15.78751277923584,16.63516365827168,14.754436375761744,16.449741165272087,2400,
2009-01-16,15.78751277923584,15.78751277923584,15.78751277923584,15.78751277923584,0,
2009-01-19,15.655067443847656,15.681556154440209,15.416664501356784,15.416664501356784,562,
2009-01-20,15.946446418762209,15.946446418762209,15.231240617034082,15.231240617034082,75,
2009-01-21,17.482816696166992,18.01259851505347,15.893469723788174,15.893469723788174,778,
2009-01-22,17.98611068725586,17.98611068725586,17.98611068725586,17.98611068725586,30,
2009-01-23,16.608675003051758,17.774196481362573,14.992839372669524,15.01932808379859,531,
2009-01-27,17.88015365600586,18.330467828588247,17.482816908094616,18.330467828588247,307,
2009-01-28,16.953033447265625,16.953033447265625,16.953033447265625,16.953033447265625,7,
2009-01-29,15.893471717834473,16.6881453037262,15.0458191855475,15.0458191855475,114,
2009-01-30,16.15835952758789,16.15835952758789,15.12528462406476,15.12528462406476,562,
2009-02-02,15.62857723236084,15.62857723236084,14.913371435648402,14.913371435648402,1621,
2009-02-03,15.151775360107422,15.94644893537794,14.833906233143129,15.893471505410336,258,
2009-02-04,15.257732391357422,15.257732391357422,14.83390539691121,14.886884339611788,765,
2009-02-05,14.913371086120604,16.794098294563533,14.886882376123747,15.09879508753714,459,
2009-02-06,14.992842674255373,15.866982459764165,14.913375007649208,15.866982459764165,682,
2009-02-09,16.184850692749023,16.423252141003488,14.30412327253449,15.363686948909267,3138,
2009-02-10,15.81400203704834,17.562284309085985,15.49613294641951,17.562284309085985,2679,
2009-02-11,16.02591323852539,16.582185230960306,16.02591323852539,16.34378229889424,628,
2009-02-12,16.476228713989258,17.53579223803668,16.025913079479686,17.53579223803668,1720,
2009-02-13,16.10538101196289,17.80068419660534,15.65506688508498,16.07889230231578,4093,
2009-02-16,15.893471717834473,15.893471717834473,15.893471717834473,15.893471717834473,607,
2009-02-17,16.29080581665039,17.774196366043746,14.754436329623298,15.363685775954965,327,
2009-02-18,15.231242179870604,15.628578945569137,15.231242179870604,15.628578945569137,652,
2009-02-19,15.125286102294922,15.893470935012388,12.71477674800991,15.098797388261769,384,
2009-02-20,15.098797798156738,16.63516598958076,13.88029721519888,16.63516598958076,2790,
2009-02-24,15.125286102294922,15.681558191308156,14.833905700771728,14.833905700771728,4405,
2009-02-25,15.178267478942873,16.42325542668911,15.178267478942873,15.62858175256351,1599,
2009-02-26,14.621993064880373,16.290807828505304,14.59550435065191,16.290807828505304,487,
2009-02-27,15.522624015808104,16.131873577637073,15.337199972517618,16.131873577637073,2325,
2009-03-02,15.310710906982422,15.310710906982422,14.542526035380028,14.542526035380028,1912,
2009-03-03,15.310710906982422,15.310710906982422,15.310710906982422,15.310710906982422,0,
2009-03-04,15.310710906982422,15.310710906982422,15.310710906982422,15.310710906982422,0,
2009-03-05,15.310710906982422,15.310710906982422,15.310710906982422,15.310710906982422,0,
2009-03-06,14.012741088867188,14.304121441501277,14.012741088867188,14.304121441501277,12,
2009-03-09,14.012741088867188,14.304121441501277,14.012741088867188,14.304121441501277,0,
2009-03-12,13.90678596496582,15.09879619053432,13.509449223109652,15.09879619053432,5460,
2009-03-13,14.569012641906738,15.09879596701854,13.271047587825093,13.271047587825093,727,
2009-03-16,14.648482322692873,14.648482322692873,13.56242832610932,13.774341079239832,564,
2009-03-17,14.648482322692873,14.648482322692873,14.648482322692873,14.648482322692873,0,
2009-03-18,15.045815467834473,15.07230417662714,15.045815467834473,15.07230417662714,300,
2009-03-19,15.045815467834473,15.045815467834473,15.045815467834473,15.045815467834473,0,
2009-03-20,15.045815467834473,15.045815467834473,15.045815467834473,15.045815467834473,0,
2009-03-23,14.648482322692873,15.893471641984092,14.118700439866592,15.893471641984092,109,
2009-03-24,14.46306037902832,15.257733992915158,14.46306037902832,15.257733992915158,57,
2009-03-25,15.151775360107422,15.893471505410336,14.224656694198336,15.469644487071715,586,
2009-03-26,15.363687515258787,16.211340003324953,14.304123799825458,14.304123799825458,121,
2009-03-27,15.363687515258787,15.363687515258787,15.363687515258787,15.363687515258787,0,
2009-03-30,14.807416915893556,15.893470858971222,14.674970314922463,15.893470858971222,15,
2009-03-31,15.840490341186523,15.840490341186522,15.840490341186522,15.840490341186522,0,
2009-04-01,15.840490341186523,15.840490341186522,15.840490341186522,15.840490341186522,0,
2009-04-02,15.363687515258787,15.893470888694951,14.833905657542124,14.833905657542124,1831,
2009-04-06,15.019329071044922,16.290806993167756,14.648481027984213,15.125285438245204,178,
2009-04-08,16.29080581665039,16.29080581665039,16.29080581665039,16.29080581665039,0,
2009-04-09,15.363687515258787,16.29080766091233,15.363687515258787,16.29080766091233,900,
2009-04-13,16.449743270874023,17.588774664306694,15.363687790583125,15.363687790583125,9649,
2009-04-15,19.548969268798828,19.601946696094387,16.423252555337488,16.423252555337488,8373,
2009-04-16,20.131731033325195,20.131731033325195,17.588776316171103,17.588776316171103,825,
2009-04-17,18.5688705444336,19.60194546923292,18.542380316724323,18.542380316724323,8602,
2009-04-20,19.443012237548828,19.548970128237173,17.66824257789161,19.548970128237173,688,
2009-04-21,19.31056785583496,19.31056785583496,18.54238297235423,18.54238297235423,4636,
2009-04-22,18.145044326782227,18.145044326782227,17.98611053252985,18.03908947442694,232,
2009-04-23,18.5158920288086,18.5158920288086,17.482817080348497,17.482817080348497,90,
2009-04-24,18.5158920288086,18.5158920288086,18.5158920288086,18.5158920288086,0,
2009-04-27,17.88015365600586,19.6019457250481,15.257731726079427,15.257731726079427,1279,
2009-04-28,17.032503128051758,19.5754592058749,17.032503128051758,18.0126007514686,285,
2009-04-29,17.82717514038086,19.60194619210088,17.191436934862992,19.60194619210088,1482,
2009-04-30,17.82717514038086,17.82717514038086,17.82717514038086,17.82717514038086,0,
2009-05-04,18.489404678344727,19.072165492718163,18.19802427115801,19.072165492718163,2475,
2009-05-05,18.54237937927246,18.54237937927246,18.54237937927246,18.54237937927246,150,
2009-05-06,18.648338317871094,19.91981630938309,18.542381944888387,19.601947190434974,855,
2009-05-07,19.12514305114746,19.178121996321284,18.621849892734083,19.178121996321284,3334,
2009-05-08,19.072160720825195,19.57545374991014,19.072160720825195,19.072160720825195,1087,
2009-05-11,18.595361709594727,19.07216616691143,18.595361709594727,19.07216616691143,417,
2009-05-12,19.072160720825195,19.072160720825195,19.072160720825195,19.072160720825195,39,
2009-05-13,17.668241500854492,18.5688713910476,17.482817477032462,18.5688713910476,3840,
2009-05-14,18.27749252319336,18.54238270870195,16.95303553277209,16.95303553277209,270,
2009-05-15,18.5688705444336,19.575456757243032,18.38344652906564,19.07216365083832,480,
2009-05-18,18.54237937927246,18.54237937927246,18.54237937927246,18.54237937927246,0,
2009-05-19,18.5688705444336,19.548968045253147,15.999426072710849,15.999426072710849,975,
2009-05-20,20.15821647644043,21.19129134799805,17.615260847764166,17.615260847764166,3138,
2009-05-21,21.1912899017334,23.70775513232173,20.15821510068114,23.70775513232173,7095,
2009-05-22,21.53565216064453,25.429552008856856,21.24427177616176,25.429552008856856,2052,
2009-05-25,22.38330268859864,22.780639431684524,19.125141092150464,21.53565177839908,3282,
2009-05-26,22.14490127563477,22.409792943250004,20.608531725473537,22.409792943250004,4021,
2009-05-27,21.5091609954834,22.25085703848316,21.191291912363223,21.191291912363223,1092,
2009-05-28,22.72766494750977,23.257446834912464,20.1582201410974,20.1582201410974,2193,
2009-05-29,27.283790588378903,27.283790588378903,23.04553270971549,23.04553270971549,27631,
2009-06-01,28.68771171569824,31.654492940847405,28.131442699026785,31.62800422876198,15502,
2009-06-02,27.204320907592773,29.667807353840324,25.98582203967859,29.667807353840324,18789,
2009-06-03,29.058557510375977,29.82674222746116,26.250711805371324,27.760592529495785,14356,
2009-06-04,28.79366683959961,30.62141508150672,27.86654684815173,29.34993883446834,32233,
2009-06-05,27.12485313415528,29.13802554350848,26.197736096245013,29.13802554350848,50445,
2009-06-08,24.71434593200684,28.608245744021428,24.47594297470835,28.608245744021428,16659,
2009-06-09,24.23754119873047,25.48252884536356,24.10509460792996,24.475942637020395,8359,
2009-06-10,24.29051780700684,25.826887295535133,22.40979204425976,25.800398584552045,9300,
2009-06-11,23.310422897338867,24.36998812566136,22.886597412297668,24.26403175440106,1462,
2009-06-12,22.568727493286133,24.71434658726268,21.880010346807207,23.840205418764107,3532,
2009-06-15,20.979379653930664,22.250857530230576,20.52906397276886,22.250857530230576,3391,
2009-06-16,22.80712890625,23.072019049080108,20.052260507637648,23.072019049080108,8311,
2009-06-17,22.51575088500977,23.548827469646337,22.48926216932461,22.48926216932461,5250,
2009-06-18,22.118412017822266,23.04553213727264,22.09192330461496,23.04553213727264,5436,
2009-06-19,21.35022735595703,22.780638997516792,21.21778228269242,22.250857188738983,2850,
2009-06-22,22.38330268859864,22.621704128162413,21.191292459340968,21.191292459340968,1522,
2009-06-23,22.14490127563477,22.330325291393493,21.21778271256052,21.29724884869764,5527,
2009-06-24,22.25085830688477,22.727662716604755,21.72107495576503,21.72107495576503,750,
2009-06-25,21.88000869750977,22.780638511059696,21.58862832997426,21.58862832997426,2736,
2009-06-26,23.91967010498047,24.0786038786176,22.38330069359961,22.51574575758376,9099,
2009-06-29,24.71434593200684,25.95933208009728,24.31700918556209,25.694441926280383,3556,
2009-06-30,24.18456077575684,24.60838620259403,23.31041969611566,23.84020299538144,9300,
2009-07-01,23.840206146240234,24.899769853371254,22.303836497321026,22.303836497321026,2100,
2009-07-02,23.840206146240234,23.840206146240234,23.840206146240234,23.840206146240234,7500,
2009-07-03,23.469356536865234,24.8997682046374,22.780639414973614,22.780639414973614,8772,
2009-07-06,23.33691024780273,24.687854193631644,22.7806382305254,24.687854193631644,8550,
2009-07-07,23.76073455810547,24.184559970836737,22.012453972729368,22.012453972729368,8185,
2009-07-08,23.840206146240234,23.840206146240234,21.95947867143332,22.78064092338973,8700,
2009-07-09,23.0985050201416,23.946157317514828,22.48925564189795,22.966059964437942,12682,
2009-07-10,23.7077579498291,23.84020454109254,22.67468302600285,23.81371431340822,7650,
2009-07-13,21.403207778930664,23.25744664312925,20.8734258958966,22.17139264611973,7404,
2009-07-14,22.72766494750977,22.780642378390244,21.32374029338334,21.985968789426405,669,
2009-07-15,23.28393173217773,23.84020375952096,22.75414993165038,22.75414993165038,15750,
2009-07-16,22.59521675109864,22.78064077758969,22.171391270958782,22.171391270958782,1576,
2009-07-17,21.35022735595703,23.363399745032066,21.191292055464007,23.363399745032066,13077,
2009-07-20,22.966062545776367,23.310420335598653,21.80054107428064,22.250856739438287,15600,
2009-07-21,22.72203063964844,23.83372917495728,22.26108333683066,23.67104253046673,4050,
2009-07-22,22.423768997192383,24.403135238449494,22.01705007655156,23.833728128948515,16516,
2009-07-23,23.182981491088867,24.40313841167249,22.93895072757604,24.40313841167249,16200,
2009-07-24,22.85760498046875,23.318552289880493,22.667802599589923,22.667802599589923,3750,
2009-07-27,23.020294189453125,23.806617983037903,21.908595514508725,21.908595514508725,1879,
2009-07-28,23.31855010986328,23.67104065611575,22.61357056886785,23.67104065611575,660,
2009-07-29,22.776262283325195,23.58970022201538,22.776262283325195,23.58970022201538,3600,
2009-07-30,22.5322322845459,23.210096222045443,22.288199963777835,22.77626305380417,2793,
2009-07-31,23.047407150268555,23.264325277824284,21.691677774226207,21.691677774226207,30150,
2009-08-03,21.69167709350586,22.8304898577644,21.637448726951003,22.776261491209542,42450,
2009-08-04,22.09839630126953,22.423771158846453,21.691677341420952,21.93570809672622,4176,
2009-08-05,22.20685386657715,22.20685386657715,21.25784350822648,21.25784350822648,300,
2009-08-06,21.44764709472656,22.233969297973594,21.42053135898652,21.718793591558835,8529,
2009-08-07,21.20361328125,22.152625177233315,21.06804081818508,21.06804081818508,481,
2009-08-10,21.637449264526367,21.718793367889308,21.25784448317247,21.25784448317247,10350,
2009-08-11,21.176502227783203,21.691679525359284,21.176502227783203,21.691679525359284,8550,
2009-08-12,21.257843017578125,21.691676136924105,19.82076964611235,21.14938473774163,10951,
2009-08-13,21.773025512695312,21.85436963016878,21.583223089093885,21.583223089093885,1575,
2009-08-14,21.69167709350586,23.23720881296457,20.39017612656338,20.39017612656338,2100,
2009-08-17,21.501873016357425,21.93570612071274,21.501873016357425,21.691675387390266,7626,
2009-08-18,21.69167709350586,21.7459070115704,20.90535491789264,20.90535491789264,9052,
2009-08-19,21.06804084777832,21.691676350866413,20.87823846831505,21.691676350866413,10350,
2009-08-20,21.637449264526367,21.69167763242851,21.09515627644659,21.09515627644659,9060,
2009-08-21,20.9867000579834,21.69167977077562,20.878241759977666,21.69167977077562,21889,
2009-08-24,21.06804084777832,21.664562168517268,20.87823846831505,21.14938494633538,1860,
2009-08-25,21.58321952819824,21.69167781643227,20.60709338258225,20.60709338258225,10452,
2009-08-26,21.69167709350586,22.74914575642243,21.42053060620252,22.74914575642243,17700,
2009-08-27,22.5322322845459,23.02029382306244,21.691678581691185,21.691678581691185,78583,
2009-08-28,22.09839630126953,22.993178323238347,22.01705219899788,22.50511526111811,42727,
2009-08-31,23.07452392578125,24.24045096244949,21.20361565792829,22.071283552724264,216355,
2009-09-01,22.505115509033203,23.53547001179864,22.423771405865462,23.318553437691147,41407,
2009-09-02,21.93570709228516,22.77626070859019,21.74590626435525,22.77626070859019,35523,
2009-09-03,21.96282386779785,22.233968807134563,21.854365581761225,22.233968807134563,9000,
2009-09-04,21.745906829833984,22.74914556630167,21.501874527847512,22.478000632774048,11368,
2009-09-07,22.12550926208496,22.450884078863663,21.718790353234205,22.450884078863663,30748,
2009-09-08,22.233970642089844,22.53223289269309,22.04416978949389,22.071283975363333,13921,
2009-09-09,21.96282386779785,22.66780350279077,21.96282386779785,22.07128215383448,9150,
2009-09-10,22.01704978942871,22.31531043077636,20.90535286891693,22.04416552155816,7650,
2009-09-11,22.09839630126953,22.478001077530795,21.149385912126085,21.149385912126085,28803,
2009-09-14,21.69167709350586,22.0712818654286,21.39341642292509,21.39341642292509,11793,
2009-09-15,22.233970642089844,22.28820056533857,21.04092939722603,21.04092939722603,33750,
2009-09-16,22.39665985107422,22.58646226357619,21.773024239430544,22.2882015512888,14641,
2009-09-17,22.667802810668945,22.966063476040222,21.98993738000519,21.98993738000519,16557,
2009-09-18,22.99318122863769,23.23721201477849,22.288201505718856,22.288201505718856,21504,
2009-09-22,23.26432609558105,23.45412694266063,22.722033084894363,22.77626300656695,23298,
2009-09-23,23.671043395996094,24.348907283927044,22.31531251711484,22.31531251711484,37488,
2009-09-24,23.833728790283203,24.13198944379653,22.91183264801733,23.481239773318134,22593,
2009-09-25,23.833728790283203,24.4844800122712,22.966062562978667,22.966062562978667,30534,
2009-09-29,24.48448371887207,24.51159790470264,23.074524334544904,23.074524334544904,22128,
2009-09-30,25.08099937438965,26.084239597606764,24.13198906528326,24.13198906528326,38907,
2009-10-01,24.9454288482666,25.70463839555607,23.72527197713112,25.162345418489394,9375,
2009-10-05,24.186220169067383,24.94542814339455,23.88795950556144,23.88795950556144,17850,
2009-10-06,24.02353286743164,24.62005421672137,23.345668967201256,24.62005421672137,1860,
2009-10-07,23.942188262939453,24.348907215153112,23.860844162194788,24.348907215153112,3300,
2009-10-08,23.589698791503903,24.40313668086611,22.7762609021417,24.40313668086611,5250,
2009-10-09,23.21009635925293,23.589701159463,23.18298217395501,23.589701159463,7950,
2009-10-12,23.31855010986328,24.213332013993195,22.74914302045984,22.74914302045984,12192,
2009-10-13,23.31855010986328,23.31855010986328,23.31855010986328,23.31855010986328,0,
2009-10-14,23.020294189453125,23.69815968925136,22.88472171009741,22.88472171009741,2127,
2009-10-15,22.911834716796875,23.15586547738316,22.911834716796875,23.15586547738316,1477,
2009-10-16,23.77950096130371,23.806615143639,23.31855210405561,23.77950096130371,1740,
2009-10-20,24.131988525390625,24.89119799689799,23.3727806053928,24.077760164002694,9750,
2009-10-21,24.186220169067383,24.40313673316086,23.86084377141752,24.376020999016937,16155,
2009-10-22,24.240447998046875,25.487718989744906,23.31855184529056,23.31855184529056,46585,
2009-10-23,24.0777645111084,25.2165773724662,23.860846371864696,23.860846371864696,12667,
2009-10-26,23.399900436401367,24.37602514067236,22.830493195277523,23.860847825540745,21145,
2009-10-27,22.34242820739746,23.318554381916623,22.261085652445683,23.318554381916623,3150,
2009-10-28,22.233970642089844,22.776263668537776,20.90535691636897,22.233970642089844,24450,
2009-10-29,21.664566040039062,22.23397172867371,21.501877813852072,21.501877813852072,3999,
2009-10-30,21.69167709350586,22.23396851660286,21.69167709350586,22.098396048706032,8700,
2009-11-03,21.58321952819824,22.23396925760241,20.986698167156216,22.09839678518731,32137,
2009-11-04,21.176502227783203,21.96282604306085,21.149388041466004,21.33919044870612,1872,
2009-11-05,21.664566040039062,22.776264781623738,21.14938872579347,21.63745185284453,1800,
2009-11-06,21.44764709472656,22.722032371667787,21.42053135898652,22.722032371667787,2577,
2009-11-09,21.96282386779785,22.47800111434925,20.959583558326777,20.959583558326777,15450,
2009-11-10,21.80013465881348,22.07128113717014,20.932468410487576,21.9628228561294,43050,
2009-11-11,21.664566040039062,21.98994094090313,21.42053370075857,21.55610773975104,13035,
2009-11-12,21.69167709350586,21.69167709350586,21.25784395502826,21.25784395502826,663,
2009-11-13,21.610334396362305,22.0170533779903,21.39341781302868,21.691678502989863,12453,
2009-11-16,21.44764709472656,22.15262674528268,21.312074622065296,21.69167785581879,3150,
2009-11-17,21.20361328125,21.800134601151044,21.06804081818508,21.06804081818508,1000,
2009-11-18,21.80013465881348,22.23396778297643,21.556103914349222,21.556103914349222,8700,
2009-11-19,21.718793869018555,22.47800189773424,21.691678132932104,21.718793869018555,3600,
2009-11-20,21.55610656738281,21.69167904749201,21.257845869934723,21.69167904749201,7539,
2009-11-23,21.58321952819824,22.72203233041041,21.28495884767723,22.72203233041041,12375,
2009-11-24,21.474760055541992,22.01705146680251,21.33918759060428,21.44764587285638,2400,
2009-11-25,21.69167709350586,22.23396851660286,21.50187470754449,21.50187470754449,1350,
2009-11-26,21.69167709350586,22.15262596677057,21.69167709350586,21.69167709350586,1500,
2009-11-27,20.959585189819336,21.149387593035065,20.93247100407704,21.149387593035065,6675,
2009-11-30,21.44764709472656,21.69167785581879,20.66132333996979,20.98669820526268,21750,
2009-12-01,21.664566040039062,22.07128505399663,21.42053370075857,21.474763626657545,20736,
2009-12-02,21.69167709350586,22.23396851660286,21.25784395502826,21.25784395502826,43500,
2009-12-03,21.69167709350586,22.23396851660286,21.69167709350586,22.23396851660286,34050,
2009-12-04,21.69167709350586,21.69167709350586,21.69167709350586,21.69167709350586,10500,
2009-12-07,21.637449264526367,22.233969068998565,21.52898942570264,21.69167763242851,21900,
2009-12-08,21.69167709350586,21.800135378125265,21.14938567040886,21.800135378125265,63150,
2009-12-09,22.28820037841797,23.318554947914176,21.962825496183875,22.613575260652063,11100,
2009-12-10,22.613571166992188,22.694915260702714,22.26108216292596,22.58645698625853,2409,
2009-12-11,22.17973899841309,22.77626030860155,22.01705080417637,22.77626030860155,19953,
2009-12-14,22.28820037841797,23.26432657663007,21.854367202105845,21.881481387747897,4650,
2009-12-15,22.776262283325195,23.07452296427892,22.261085025588727,22.261085025588727,37533,
2009-12-16,23.12875366210937,23.64393097173141,22.09839904286529,22.09839904286529,8100,
2009-12-17,23.07452392578125,23.07452392578125,22.315314323896047,22.80337741774942,1761,
2009-12-18,22.7491455078125,23.1287502755868,22.342426557057085,22.722031324831384,3984,
2009-12-21,23.10163688659668,23.210095173758468,22.586459634700763,22.586459634700763,3300,
2009-12-22,24.348907470703125,24.67428232558704,23.15586478461909,23.725271944298207,13083,
2009-12-23,24.0777645111084,24.37602365561013,23.58970141295225,24.13199288228696,8514,
2009-12-24,23.671043395996094,23.96930251371952,23.6439276613315,23.96930251371952,3552,
2009-12-29,23.96930503845215,24.26756573910162,23.86084674289869,23.86084674289869,2662,
2009-12-30,23.942188262939453,26.03001294167408,23.752387429881463,26.03001294167408,4468,
2009-12-31,23.80661964416504,23.83373383162613,23.75239126924285,23.77950545670394,2100,
2010-01-04,24.376020431518555,24.9454275626398,23.86084321591298,23.91507313142865,5982,
2010-01-05,25.758867263793945,26.002898022167606,24.29467961053252,24.29467961053252,30778,
2010-01-06,25.48771858215332,28.172062899882263,25.216573663126105,28.172062899882263,5850,
2010-01-07,25.16234588623047,25.35214827658106,24.94542931197543,25.0810017830074,4239,
2010-01-08,24.91831398010254,26.030012535576773,24.403136752103222,25.921554253445848,38653,
2010-01-11,25.18946075439453,25.948670336420456,24.945429989606065,25.48772143997475,8550,
2010-01-12,25.16234588623047,25.73175305728224,25.13523170232602,25.21657580554909,2452,
2010-01-13,25.92155647277832,26.27404553200556,24.51159713284978,25.487721755601225,16999,
2010-01-14,26.897680282592773,27.08748267471321,25.785983217046905,27.08748267471321,13164,
2010-01-15,26.680763244628903,28.74147223511828,26.35538993735236,26.65364906094081,47023,
2010-01-18,26.979022979736328,30.368348768902287,26.30115906311093,28.009380601354994,18334,
2010-01-19,26.301156997680664,27.141709057133045,25.514834854084707,27.141709057133045,11266,
2010-01-20,26.4909610748291,26.78922330390312,25.48772075497737,26.78922330390312,12591,
2010-01-21,25.54195213317871,26.138471970868697,25.51483794771776,25.731754534425,9525,
2010-01-22,24.9454288482666,25.46060609042316,24.186220852486827,24.186220852486827,900,
2010-01-25,25.35214805603028,25.86732530328165,24.131991172828126,24.945429094962893,17550,
2010-01-27,24.267562866210938,25.487719710372705,24.15910613500686,25.433491344770665,11850,
2010-01-28,23.833728790283203,24.023531165383467,23.7523862451056,24.023531165383467,7650,
2010-01-29,24.80985641479492,24.94542888349822,23.04740656410357,23.80661611246531,11593,
2010-02-01,26.165586471557617,27.358629264330304,24.26756553924816,24.864086935634504,35700,
2010-02-02,25.65040779113769,26.518074048820168,25.18945892811164,25.59617787427772,4653,
2010-02-03,25.8402099609375,28.44321181565397,25.54194929942812,26.030012341126163,204217,
2010-02-04,25.596179962158203,27.54843075269852,25.48772167110095,26.463847842126,23793,
2010-02-05,24.294681549072266,24.59294225061119,22.342429120268456,22.803378041377645,9241,
2010-02-08,25.18946075439453,26.0300144418532,23.942189642791668,23.96930382743266,12004,
2010-02-09,24.0777645111084,24.538711872165447,23.91507629455308,24.18622280497534,4969,
2010-02-10,24.186220169067383,26.030012515371585,24.07776188702065,26.030012515371585,3447,
2010-02-11,23.96930503845215,24.836972954389665,23.345671002652143,23.345671002652143,6388,
2010-02-15,24.67428207397461,26.002897214834483,22.342426643820808,22.342426643820808,6247,
2010-02-16,24.21333694458008,24.864086706545866,23.616815553689868,23.616815553689868,2142,
2010-02-17,24.403139114379883,24.836972284899577,23.56258540711072,23.56258540711072,5458,
2010-02-18,23.915077209472656,24.782743593602525,23.69816061344019,23.83373309808301,4023,
2010-02-19,23.31855010986328,24.945425735005127,23.31855010986328,23.58969656455676,5481,
2010-02-22,24.0777645111084,24.94543086204393,23.8879621089638,24.403139392709225,8655,
2010-02-23,23.48124122619629,24.945428851122625,23.128750635911626,23.128750635911626,4762,
2010-02-24,22.966064453125,22.966064453125,22.966064453125,22.966064453125,318,
2010-02-25,22.85760498046875,24.13199017849853,22.80337506385638,22.80337506385638,5514,
2010-02-26,23.10163688659668,23.698158241741368,22.99317859943489,23.318553460920253,1381,
2010-03-02,23.8608455657959,24.40313856832065,23.3727840356373,23.67104472157298,13629,
2010-03-03,23.752391815185547,24.376025898674456,23.318557048286795,23.318557048286795,21018,
2010-03-04,23.671043395996094,24.37602146708196,23.372782726762992,24.37602146708196,3544,
2010-03-05,23.752391815185547,24.10488091481145,23.725276075591275,24.10488091481145,3615,
2010-03-08,24.403139114379883,24.836972284899577,23.77950354388037,23.77950354388037,10758,
2010-03-09,24.104875564575195,24.13198974664133,23.915073187093,23.94218736915914,1875,
2010-03-10,23.96930503845215,23.996420775972897,23.77950418486597,23.96930503845215,5668,
2010-03-11,23.8608455657959,24.13199206705827,23.8608455657959,24.13199206705827,132,
2010-03-12,24.376020431518555,26.843449781534314,23.86084321591298,23.86084321591298,15453,
2010-03-15,23.915077209472656,24.67428529558629,23.915077209472656,24.48448443769029,9084,
2010-03-16,23.96930503845215,25.92155746143409,23.75238999885508,25.433494355688605,9630,
2010-03-17,23.942188262939453,24.864084451189765,23.155864541590468,23.155864541590468,5913,
2010-03-18,23.80661964416504,24.13199454822797,23.698161342810728,24.13199454822797,529,
2010-03-19,24.104875564575195,24.186219662283225,23.21009359280612,23.21009359280612,14478,
2010-03-22,23.915077209472656,24.403140326300647,23.88796302284607,24.403140326300647,6303,
2010-03-23,23.725271224975582,24.37602091501343,23.128749900019404,24.37602091501343,12897,
2010-03-25,23.50835609436035,24.59294052870038,23.31855370198761,24.59294052870038,31684,
2010-03-26,23.8608455657959,24.836971729132628,23.07452334970161,23.07452334970161,53385,
2010-03-29,23.8608455657959,24.29468027811765,23.58970061604329,24.29468027811765,3135,
2010-03-30,24.836971282958984,27.873806457108422,23.64392856064819,24.34890821005823,293203,
2010-03-31,24.02353286743164,25.460606321852485,23.887960397687504,24.72851250281862,9666,
2010-04-01,24.5115966796875,24.70139907403539,23.074523181350337,23.074523181350337,10279,
2010-04-05,24.5115966796875,24.89120146838328,23.535470523472565,23.535470523472565,6712,
2010-04-06,25.08099937438965,26.843449086099536,23.91507251185949,23.91507251185949,75900,
2010-04-07,24.62005615234375,25.48772250933745,24.403139563095323,25.43349413778026,9255,
2010-04-08,24.75562858581543,25.05388928334404,24.701400214361044,24.701400214361044,3828,
2010-04-09,25.4063777923584,26.57230319682801,24.64716824301492,24.94542891575561,55584,
2010-04-12,25.51483726501465,27.060369067582087,23.345669904473144,27.060369067582087,19992,
2010-04-13,25.86732482910156,27.087481689936723,25.48772005866137,26.030013031150123,18682,
2010-04-15,25.51483726501465,26.57230443328529,25.27080494786625,26.57230443328529,18055,
2010-04-16,25.48771858215332,25.48771858215332,24.75562481836448,25.270802026327708,4527,
2010-04-19,25.21657943725586,25.46061023056081,24.809860414074315,24.809860414074315,14661,
2010-04-20,25.243690490722656,27.114597144455644,24.62005493947833,27.114597144455644,20631,
2010-04-21,26.707876205444336,26.9790211329298,25.053886252046404,25.541949293633724,13948,
2010-04-22,27.277284622192383,27.6568894002454,26.11135610431804,26.65364908768226,29899,
2010-04-23,28.307641983032227,30.31412281120217,27.982268642503424,28.687246799498944,169054,
2010-04-26,27.03325462341309,28.3618682808171,26.95190896696784,28.334754096341857,27715,
2010-04-27,25.86732482910156,27.52131482671998,25.785982279586964,27.087481689936723,18163,
2010-04-28,25.35214805603028,26.03001350831248,24.67428260374807,25.51483626106112,22485,
2010-04-29,25.3792667388916,26.436735539882964,25.21657851496529,26.138473278848096,2478,
2010-04-30,25.3792667388916,26.30116150277441,25.3250368137462,25.3250368137462,6753,
2010-05-03,25.32503700256348,26.030016725650505,24.999662103794822,25.27080707701376,22452,
2010-05-04,25.758867263793945,26.030013757605577,24.94542933386877,24.94542933386877,21520,
2010-05-05,26.165586471557617,26.274046317727706,23.996420578352424,24.24045135346056,7398,
2010-05-06,26.05712890625,26.816338496426987,26.0300147213179,26.138471461046294,22059,
2010-05-07,24.9454288482666,26.00289751598014,24.9454288482666,26.00289751598014,2559,
2010-05-10,25.51483726501465,25.67752392493714,24.62005520515673,24.62005520515673,2007,
2010-05-11,26.24692916870117,26.43673155080568,25.02677232789476,25.02677232789476,19432,
2010-05-12,26.301156997680664,28.11783513047168,25.21657419564844,27.114594874959646,22348,
2010-05-13,26.301156997680664,26.54518774026051,25.840209694694373,25.840209694694373,3909,
2010-05-14,26.301156997680664,26.73499011849356,25.840209694694373,26.73499011849356,1344,
2010-05-17,26.572301864624023,26.59941914975768,25.270802505016853,26.24692857623185,27289,
2010-05-18,26.59942054748535,26.78922293527907,25.921555098437736,25.921555098437736,2161,
2010-05-19,25.460607528686523,26.301159673659853,25.24369094621017,26.08424309118349,21247,
2010-05-20,25.29792022705078,26.24693063923372,25.29792022705078,25.758867565264588,1602,
2010-05-21,25.48771858215332,27.0874801207542,24.29467752511245,27.0874801207542,2725,
2010-05-24,25.51483726501465,26.789224117208004,25.40637897456306,25.487721528769423,24999,
2010-05-25,25.32503700256348,25.948672613080863,25.216578702973926,25.297922815543565,2452,
2010-05-26,25.243690490722656,25.48772125372792,25.243690490722656,25.48772125372792,793,
2010-05-27,26.11135673522949,26.355390600602448,25.48772118565088,25.48772118565088,1105,
2010-05-28,25.27080535888672,26.54519068029772,25.18946125184756,26.54519068029772,1657,
2010-05-31,26.274044036865234,26.62653462754357,25.21657536784961,25.21657536784961,8814,
2010-06-01,25.27080535888672,26.436733939591893,25.108118696318183,26.436733939591893,1869,
2010-06-02,25.21657943725586,25.379267667132456,25.10812113450811,25.27080781287476,706,
2010-06-03,25.18946075439453,25.731753756272983,24.80985751489133,25.325034780619024,3271,
2010-06-04,25.596179962158203,25.75886817449897,25.48772167110095,25.75886817449897,585,
2010-06-07,24.9454288482666,24.9454288482666,24.9454288482666,24.9454288482666,300,
2010-06-08,25.27080535888672,26.030014955905862,24.945430482239853,24.945430482239853,1287,
2010-06-09,25.02677345275879,25.216575843394235,24.51159620025246,25.081001820649075,1540,
2010-06-10,25.02677345275879,25.02677345275879,25.02677345275879,25.02677345275879,0,
2010-06-11,24.701400756835938,25.29792216499354,24.511598349557623,24.511598349557623,2511,
2010-06-14,24.403139114379883,26.03001505533854,23.969304392350388,25.569066148029016,1560,
2010-06-15,25.4063777923584,25.46060615930596,25.216575405022525,25.216575405022525,1875,
2010-06-16,24.972545623779297,25.46060715136319,23.887961175961152,23.887961175961152,1129,
2010-06-17,24.836971282958984,25.2165760676051,24.67428307482216,24.728512994704342,630,
2010-06-18,24.9454288482666,25.487720273823584,24.45736578951047,24.48448152442059,1050,
2010-06-21,24.99966049194336,25.026774677215087,24.67428406264344,24.728513984696686,1011,
2010-06-22,25.16234588623047,25.43349237980413,24.62005445059287,24.64716863449732,2596,
2010-06-23,24.972545623779297,25.54195125646376,24.972545623779297,25.54195125646376,225,
2010-06-24,25.08099937438965,25.97578132089488,24.972542649187336,25.97578132089488,2916,
2010-06-25,25.65040779113769,25.73175189067284,24.94542818101586,25.487719592067403,13806,
2010-06-28,25.10811996459961,26.030016270754853,24.972547480359385,26.030016270754853,2325,
2010-06-29,24.972545623779297,25.73175365119517,24.972545623779297,25.02677399283984,3570,
2010-06-30,24.972545623779297,24.972545623779297,24.972545623779297,24.972545623779297,0,
2010-07-01,25.8402099609375,25.86732414339027,24.94542797640936,24.94542797640936,3982,
2010-07-02,25.18946075439453,25.86732623098771,25.10811820047155,25.86732623098771,459,
2010-07-05,25.704639434814453,26.57230419927629,25.4877213043118,25.758867803807803,9262,
2010-07-06,25.894439697265625,26.38250431632221,25.352148261941178,26.38250431632221,8659,
2010-07-07,25.758867263793945,26.40961853863992,25.758867263793945,25.8944397349449,3321,
2010-07-08,26.002899169921875,26.40961970434661,25.433493524746822,25.433493524746822,9304,
2010-07-09,26.92479133605957,27.656886635259376,26.030010950832352,26.246927501888013,35875,
2010-07-12,29.03973388671875,29.202422088645395,27.114595852788952,27.114595852788952,117451,
2010-07-13,32.2392578125,32.51040588174705,28.82282068776865,29.121079840316742,612625,
2010-07-14,31.99523162841797,34.625348418580494,31.046219455775766,33.350962860332515,1240164,
2010-07-15,30.20566177368164,31.832537721363444,28.849933885959885,31.452932919835074,99328,
2010-07-16,29.853172302246094,30.31411962971332,29.22953677007884,29.28376513730571,29446,
2010-07-19,29.148191452026367,30.097203404526944,28.877046509748823,29.554910416952406,30987,
2010-07-20,28.79570579528809,29.717600519665112,28.03649618484608,28.03649618484608,35656,
2010-07-21,29.853172302246094,30.097203057786423,28.74147215597876,28.74147215597876,30393,
2010-07-22,29.770326614379883,30.212186315758785,29.549393603260555,29.604628436255325,7347,
2010-07-23,29.908403396606445,30.65404355813842,29.27322973177276,29.27322973177276,15883,
2010-07-26,29.438926696777344,30.10171616866521,29.273228538698003,29.825554678819305,11056,
2010-07-27,29.05229759216309,29.687471206566386,28.886599440486272,28.969450096539365,31656,
2010-07-28,28.83137321472168,29.300848765997568,27.75433976632348,28.74852570347181,7851,
2010-07-29,28.8866024017334,29.107532239807497,27.947651380025903,28.7209042330704,19140,
2010-07-30,28.77613639831543,30.04648363971805,28.720901573589234,28.941834551635207,23112,
2010-08-02,28.803756713867188,29.2456164178773,28.55521102541524,28.720906044096605,6982,
2010-08-03,28.720903396606445,30.93020487343372,28.251427899425643,30.93020487343372,9108,
2010-08-04,30.0741024017334,30.8749742537767,28.168581353990568,28.168581353990568,40236,
2010-08-05,29.30084800720215,31.70346369638828,29.107533992195336,31.37206733911092,91977,
2010-08-06,29.19038200378418,29.742708162144133,28.831369842828725,28.831369842828725,10278,
2010-08-09,28.83137321472168,29.10753474598456,28.30666282884924,28.30666282884924,8494,
2010-08-10,28.803756713867188,29.2732322543242,28.66567437120281,28.66567437120281,6007,
2010-08-11,28.66567039489746,29.16276486327773,28.44474057353828,28.72090206012989,3369,
2010-08-12,28.748523712158203,29.10753272980361,27.89241701972596,27.89241701972596,5649,
2010-08-13,28.720903396606445,29.217997888118123,28.499976725396287,28.720903396606445,6871,
2010-08-16,28.96944999694824,30.90258666538698,28.361892216508178,30.90258666538698,12186,
2010-08-17,29.19038200378418,29.549391004310028,28.223812016761656,28.72090334698489,10836,
2010-08-18,29.60462951660156,29.74271186348264,28.83137343075552,28.99707161492681,7371,
2010-08-19,28.96944999694824,29.82555342383439,28.444739711847085,29.82555342383439,12121,
2010-08-20,28.858985900878903,28.997068231649013,28.61044023383641,28.7209035701088,6696,
2010-08-23,29.217998504638672,29.41131250645624,28.25142849555088,29.27323017360664,15594,
2010-08-24,29.217998504638672,29.43892834094021,28.30666016451885,28.85898633548754,5011,
2010-08-25,29.936019897460938,31.15113558605916,29.27323038379728,29.27323038379728,147334,
2010-08-26,28.941837310791016,30.5159620163238,28.7209043116825,29.96363583941193,44100,
2010-08-27,28.96944999694824,30.101714902060102,28.886599341179974,29.43892545806077,17248,
2010-08-30,28.77613639831543,29.54938917975872,28.61043824499565,29.27322769784536,12891,
2010-08-31,28.11334800720215,28.72090265827073,28.002881514007253,28.72090265827073,8175,
2010-09-01,28.389509201049805,28.85898468122548,28.03049705247805,28.03049705247805,8691,
2010-09-02,28.720903396606445,28.803754058739862,28.03049806778588,28.36189439546033,3961,
2010-09-03,28.720903396606445,29.54939105536297,28.251427899425643,28.582824227100097,21402,
2010-09-06,29.05229759216309,29.825553526368623,28.72090128880946,28.85898360861169,14410,
2010-09-07,29.521778106689453,29.68747628672072,28.88660438359451,29.24561658025728,6496,
2010-09-08,30.7921199798584,31.648226561669496,29.27322711873877,29.63223925042446,40897,
2010-09-09,31.2615966796875,32.863336937305846,30.930200399943484,31.703456279060088,127635,
2010-09-13,30.930206298828125,32.172937844233225,29.853172924896324,29.853172924896324,13206,
2010-09-14,30.43311309814453,31.48253057322334,29.88078694689216,30.543576432137268,11847,
2010-09-15,30.488344192504883,30.73688984974989,29.65985656140187,30.37787770015738,20745,
2010-09-16,31.28921890258789,31.73107859224097,29.82555749545089,30.488347029930512,46023,
2010-09-17,31.28921890258789,31.48253291186484,30.46073119438092,30.93020671958359,27426,
2010-09-20,32.918575286865234,33.360434933611145,31.48252985472628,31.48252985472628,69129,
2010-09-21,33.02903747558594,33.38804961130681,32.145318212669366,32.58717784412765,39118,
2010-09-22,32.61479949951172,33.16712571766879,32.55956782582499,32.61479949951172,29350,
2010-09-23,32.6700325012207,33.0014256851837,32.034855647729614,32.034855647729614,18988,
2010-09-24,34.57555389404297,35.56973977580985,32.863343646388415,33.41566983857664,116049,
2010-09-27,32.69764709472656,35.90113127366595,32.255787425936965,35.29357343897285,58900,
2010-09-28,32.97380828857422,33.691829453520434,31.12351896759061,32.58718029189948,20437,
2010-09-29,33.13951110839844,35.34880974200496,32.034858631165115,35.34880974200496,13588,
2010-09-30,33.05665588378906,33.69182632741065,32.587177268285004,32.587177268285004,9052,
2010-10-01,32.946189880371094,33.96799146019418,32.587177745734216,32.587177745734216,29071,
2010-10-04,32.228172302246094,33.13950749416371,32.03485513740511,32.94619348975244,12303,
2010-10-05,38.19327926635742,38.69037375086499,32.31101823623949,33.41566737887372,269248,
2010-10-06,35.10026168823242,39.159852791094885,34.85171600366387,38.66275826152793,530997,
2010-10-07,35.32119369506836,35.81828825501001,33.85753217380635,35.34880953277122,86145,
2010-10-08,33.80229949951172,35.404043322385085,33.44328729912356,35.34880848818156,38427,
2010-10-11,33.58136367797852,34.68601275934972,33.194735709391246,34.24415312680124,38229,
2010-10-12,34.078460693359375,34.79648508706784,33.05666209688642,33.58136931343037,34263,
2010-10-13,34.18893051147461,34.4927079040901,33.13951281631983,33.96800063672782,25827,
2010-10-14,33.82991027832031,34.60316623725686,33.22235247636009,33.85752611107812,26221,
2010-10-15,32.61479949951172,33.91276595415934,32.2005556260014,33.69183293855256,13752,
2010-10-18,31.979625701904297,33.13950980940546,31.592997666070577,32.03485737547199,19251,
2010-10-19,32.61479949951172,33.13950988082543,31.84154658660775,31.84154658660775,21402,
2010-10-20,32.25578689575195,34.68601503414933,32.034853904558965,33.084274551222094,12304,
2010-10-21,32.863338470458984,33.691826048040795,31.48252794810883,31.48252794810883,31867,
2010-10-22,33.44328308105469,33.66421290871394,32.58717960382136,33.13950575318429,9339,
2010-10-25,33.41566848754883,33.60898248897734,32.75287897997806,33.41566848754883,18540,
2010-10-26,33.44328308105469,35.32118819637316,33.41566724765097,34.24415489148058,53478,
2010-10-27,32.47672271728516,33.691835430412986,32.09009465202305,33.691835430412986,9538,
2010-10-28,31.731081008911133,33.66421808848041,31.48253530960552,32.58718461786938,9349,
2010-10-29,32.33863830566406,33.691833287587045,31.289220692595023,31.48253471293116,9351,
2010-11-01,32.64242172241211,33.30521135343753,32.2005588079649,32.697653401556664,15711,
2010-11-02,32.47672271728516,33.13951233183584,32.11771049090889,33.13951233183584,6778,
2010-11-03,32.20055389404297,32.86334342392429,31.8415448739592,32.31102039590474,6385,
2010-11-04,32.00724029541016,32.3110208090924,31.592996438883333,32.3110208090924,7557,
2010-11-08,32.145320892333984,32.311019058050945,31.896775223973368,32.311019058050945,3981,
2010-11-09,32.64242172241211,33.58137290959056,32.09009544967579,32.559571043265024,24481,
2010-11-10,32.6700325012207,33.47090436647841,32.58718183490763,33.13950802208565,14920,
2010-11-11,32.31101608276367,32.94618969249878,32.31101608276367,32.5043300648943,6507,
2010-11-12,32.034854888916016,33.05665973318512,31.841544046433945,32.31101955617836,9457,
2010-11-15,31.56537437438965,32.587175896219456,31.34444457186665,31.59299020465137,14520,
2010-11-16,31.316835403442383,32.53195115601755,30.985442209377247,32.03485662427506,13858,
2010-11-18,30.0741024017334,32.31101978840095,29.32846537979736,32.14532161893859,12315,
2010-11-19,29.0246810913086,30.764503742741105,28.831367112212835,30.764503742741105,25135,
2010-11-22,29.217998504638672,29.494160009908185,28.52759316125006,29.02468450282112,5898,
2010-11-23,28.61043930053711,29.27322877783949,28.555207634202624,29.27322877783949,33310,
2010-11-24,28.14096450805664,31.92439063276633,27.67148901180615,29.273229497913054,4380,
2010-11-25,27.25724601745605,28.66567254931239,27.06392885375456,27.671489858691377,5617,
2010-11-26,26.263059616088867,28.94183661064147,25.655500204097702,27.063928286656672,8323,
2010-11-29,27.53340721130371,28.44474238747295,26.511605537195653,27.06392854560079,10981,
2010-11-30,27.008695602416992,28.08573205488837,26.2630586281247,26.2630586281247,6291,
2010-12-01,27.64386940002441,28.002881552869148,27.119162247801675,27.28486040760921,3913,
2010-12-02,27.39532470703125,28.11334903805252,26.70491937064357,27.892416043561635,7249,
2010-12-03,26.89823341369629,27.67148941436722,26.59445291610572,27.67148941436722,3016,
2010-12-06,26.8706169128418,27.56102223321061,25.738348774173005,27.06392774778423,1066,
2010-12-07,26.48398780822754,28.16858054889757,25.959279060213376,26.069743976626103,2104,
2010-12-08,26.180213928222656,26.511608721194584,25.46219108667597,25.986899903935274,1359,
2010-12-09,24.799394607543945,28.44473970969369,24.7717787757664,25.351720724382925,4374,
2010-12-10,25.683115005493164,25.95927647895752,23.888057526901616,24.82701001315265,5151,
2010-12-13,26.20782470703125,26.20782470703125,25.406952926779763,25.68311599105624,567,
2010-12-14,26.456371307373047,27.588637857227035,24.8546292696513,24.8546292696513,3790,
2010-12-15,25.37933921813965,26.511605822141256,25.186025214991226,26.23544273475567,2406,
2010-12-16,26.48398780822754,27.340092885694705,25.462187726463505,27.340092885694705,1429,
2010-12-20,25.60026931762696,25.959279912704364,24.799397462173296,24.799397462173296,2223,
2010-12-21,25.683115005493164,26.45636934349386,25.683115005493164,25.683115005493164,975,
2010-12-22,25.931665420532227,26.235444361427067,25.57265480686465,25.57265480686465,937,
2010-12-23,26.263059616088867,26.29067545020193,25.95927911998588,26.263059616088867,769,
2010-12-24,25.683115005493164,26.45636934349386,25.268871215081987,25.29648704638549,705,
2010-12-27,25.876428604125977,26.26305655754219,25.738346289211822,26.26305655754219,900,
2010-12-28,26.539220809936523,27.00869630527451,25.79358223602544,25.821198069818312,1177,
2010-12-29,26.539220809936523,27.45055596681962,26.097361148391407,26.51160497614365,3288,
2010-12-30,25.821197509765625,27.008695719465404,24.93747820584296,25.95927825594985,4078,
2010-12-31,26.51160430908203,26.70491830119772,26.12497632485065,26.290674483868315,2937,
2011-01-03,27.478174209594727,27.616256551094203,26.677305478101392,26.677305478101392,4108,
2011-01-04,28.49997901916504,28.6932898720322,27.505793116556053,27.505793116556053,8103,
2011-01-05,29.0246810913086,30.2950282908354,27.6714863980676,28.55520563940288,18984,
2011-01-06,28.803756713867188,30.2950340050088,28.472360355644653,30.21218649566812,5415,
2011-01-07,28.14096450805664,29.438927661421936,27.340092684788388,28.03049801224085,4833,
2011-01-10,27.0915470123291,28.49997666112491,27.063928018060512,27.61625417612916,2143,
2011-01-11,26.06974220275879,27.61625250752237,25.8488139651808,27.06392638282593,4020,
2011-01-12,26.31829261779785,28.16858204098954,25.738350590750343,28.16858204098954,6276,
2011-01-13,26.760149002075195,27.505789110542462,26.23544029106674,27.06392631562483,7809,
2011-01-14,26.48398780822754,27.340092885694705,25.821198309751168,27.340092885694705,3163,
2011-01-17,25.876428604125977,26.78776366544329,25.68311462741787,26.29067238843917,2412,
2011-01-18,25.572650909423828,26.6496825862798,25.572650909423828,25.821196559451,435,
2011-01-19,25.959278106689453,26.649683413855666,25.57265170355369,25.959278106689453,1369,
2011-01-20,26.01451301574707,27.42294113335201,25.655500842484635,25.655500842484635,2025,
2011-01-21,26.62206649780273,26.732532985878763,25.959277050634707,25.959277050634707,1677,
2011-01-24,26.428756713867188,26.981081307921176,26.04212870792197,26.981081307921176,766,
2011-01-25,26.06974220275879,26.06974220275879,25.489801826106635,25.98689470624756,2419,
2011-01-27,25.40695571899414,25.93166449263444,24.854631109955648,24.854631109955648,471,
2011-01-28,23.94329071044922,25.9040447522224,23.74997673137395,24.35753449983489,6738,
2011-01-31,23.83282852172852,24.27468819271192,22.258702258689027,23.749979438365425,2680,
2011-02-01,24.05375862121582,24.854630468824112,23.74997969902698,23.86044461798521,720,
2011-02-02,24.10898780822754,24.71654397001186,23.33573192560545,23.33573192560545,798,
2011-02-03,24.32991981506348,24.57846546832088,23.05957097559584,24.523233803248004,1723,
2011-02-04,23.52904891967773,24.854629474352844,23.28050325702012,23.39096817155848,3007,
2011-02-07,22.94911193847656,23.749982293352968,22.78341375183178,23.335738406956025,1308,
2011-02-08,22.7005615234375,24.85462975125598,22.64532827544558,22.64532827544558,2338,
2011-02-09,22.01015281677246,23.47381401631097,21.540677358157872,22.5348630990818,3496,
2011-02-10,22.175853729248047,23.418585270091697,20.601727426889063,20.656959097034186,5049,
2011-02-11,23.17003631591797,23.473815220100143,21.12643464621898,21.12643464621898,882,
2011-02-14,24.302303314208984,24.550850557007365,23.749978741681662,23.749978741681662,3072,
2011-02-15,24.32991981506348,25.10317418758685,23.170035885956324,23.170035885956324,2392,
2011-02-16,24.937480926513672,25.32410737405328,24.3023056322534,24.3023056322534,1627,
2011-02-17,24.32991981506348,25.406953086131864,24.10898999434251,25.406953086131864,1836,
2011-02-18,24.10898780822754,24.44038250925933,22.70055835357422,24.44038250925933,4969,
2011-02-21,24.21945571899414,24.41276813346337,22.97672425049534,23.88805939655597,3210,
2011-02-22,24.21945571899414,24.21945571899414,24.21945571899414,24.21945571899414,0,
2011-02-23,25.3241024017334,25.40695147430145,23.94329031971945,25.130788425812813,1011,
2011-02-24,23.22526931762696,24.82701132081531,22.7557922596663,23.83282711959263,8043,
2011-02-25,23.55666160583496,25.379334822511314,21.899686528934485,21.899686528934485,442,
2011-02-28,23.74997901916504,26.124977079103022,23.308119355980708,25.959278915301496,1396,
2011-03-01,24.27468681335449,25.351721675444853,23.55666409869916,25.351721675444853,1392,
2011-03-03,23.94329071044922,25.3241028149966,23.335732941988272,24.302301257149967,2937,
2011-03-04,24.440385818481445,27.892415606794128,23.611898163617667,27.892415606794128,7030,
2011-03-07,23.501434326171875,25.40695538766627,23.47381691091893,25.40695538766627,2469,
2011-03-08,23.501434326171875,24.57846769480525,23.47381691091893,24.57846769480525,1048,
2011-03-09,23.17003631591797,24.081373028464483,22.97672390436091,23.473815220100143,2784,
2011-03-10,23.47381591796875,24.02614207665576,23.11480533701551,23.44620008409884,2050,
2011-03-11,23.28050422668457,23.58428156915671,23.197655142276325,23.58428156915671,5380,
2011-03-14,23.00433921813965,23.197653205547844,22.811025230731456,22.811025230731456,843,
2011-03-15,22.148237228393555,23.749979317676303,22.09300397969389,23.749979317676303,3784,
2011-03-16,22.81102561950684,23.63951324811086,22.231083647398123,23.63951324811086,4866,
2011-03-17,22.64532852172852,22.67294593613224,22.14823718546904,22.64532852172852,2968,
2011-03-18,21.927305221557617,22.50724720627328,21.7616086403637,22.286317377871534,10600,
2011-03-21,22.120620727539062,22.120620727539062,22.09300331391408,22.09300331391408,142,
2011-03-22,21.9825382232666,22.17585221601291,21.95492239007849,22.120620549636687,1560,
2011-03-23,22.120620727539062,22.3139331416253,21.76160857234725,21.76160857234725,892,
2011-03-24,22.286317825317383,22.286317825317383,22.12062124079675,22.12062124079675,147,
2011-03-25,22.672945022583008,23.335734497700088,22.672945022583008,22.921490680698223,1452,
2011-03-28,22.39678192138672,23.19765372124901,22.148236263602094,23.19765372124901,2979,
2011-03-29,22.64532852172852,23.05957235542129,22.17585301965794,22.17585301965794,1255,
2011-03-30,22.64532852172852,22.78341085310265,22.313933770817258,22.313933770817258,1705,
2011-03-31,22.2310848236084,22.89387590968765,22.093004071607016,22.28631807253785,3394,
2011-04-01,22.617713928222656,23.08719103626097,22.175854236103,22.20347007180675,2356,
2011-04-04,23.19765281677246,23.418582632903576,23.004338832604063,23.004338832604063,5737,
2011-04-05,23.47381591796875,23.58428083366319,22.258701845329888,22.258701845329888,1195,
2011-04-06,23.77759552001953,24.633698979611445,23.225269382038192,23.39096753947554,2535,
2011-04-07,23.36335182189941,24.60608326816609,22.94910800647719,23.41858348784118,17305,
2011-04-08,23.47381591796875,23.52904916592337,23.47381591796875,23.52904916592337,751,
2011-04-11,23.74997901916504,24.026142098762648,23.44620010567211,24.026142098762648,1177,
2011-04-13,25.241254806518555,25.241254806518555,23.031955029944523,23.087188274960862,24951,
2011-04-15,24.302303314208984,25.904046944860383,24.302303314208984,25.904046944860383,4411,
2011-04-18,24.468000411987305,24.854628386049782,24.440384579615618,24.440384579615618,285,
2011-04-19,24.57846641540528,26.04212771924211,24.57846641540528,26.04212771924211,409,
2011-04-20,24.385154724121094,25.62788631615956,24.385154724121094,25.406956466048044,562,
2011-04-21,25.13079071044922,26.37352217130269,24.578466143474824,26.37352217130269,1654,
2011-04-25,23.77759552001953,24.633698979611445,23.749978106970143,24.578465733727416,34155,
2011-04-26,24.27468681335449,24.30230264616804,23.74997808882345,23.74997808882345,1371,
2011-04-27,23.83282852172852,24.164223274966066,23.63951452061957,23.83282852172852,1800,
2011-04-28,23.74997901916504,23.77759643327516,23.74997901916504,23.74997901916504,3450,
2011-04-29,24.05375862121582,25.103176141426413,23.74997969902698,24.136607705488203,6874,
2011-05-02,23.28050422668457,24.026142825929053,23.22527097700745,23.22527097700745,603,
2011-05-03,23.22526931762696,24.302302597338542,23.19765348486889,23.22526931762696,9703,
2011-05-04,23.19765281677246,24.79939477383037,23.19765281677246,23.19765281677246,459,
2011-05-05,23.19765281677246,25.40695255829828,23.19765281677246,23.225268648735177,8481,
2011-05-06,23.74997901916504,23.74997901916504,23.225270274079943,23.225270274079943,4888,
2011-05-09,23.3081169128418,24.16422031557904,23.25288367062586,23.280501081841148,2020,
2011-05-10,23.25288391113281,24.30230130215811,23.22526807984653,23.25288391113281,2271,
2011-05-11,23.25288391113281,23.61189603871311,23.19765224856025,23.22526807984653,4768,
2011-05-12,23.19765281677246,23.225268648735177,23.19765281677246,23.225268648735177,531,
2011-05-13,23.28050422668457,23.28050422668457,23.22527097700745,23.22527097700745,1987,
2011-05-16,23.28050422668457,24.16422357979956,23.22527097700745,23.22527097700745,255,
2011-05-17,23.22526931762696,23.308118396115862,23.19765348486889,23.308118396115862,4725,
2011-05-18,23.47381591796875,23.47381591796875,23.225270252709954,23.225270252709954,69,
2011-05-19,23.998523712158203,24.026141125149184,23.19765350014404,23.19765350014404,3555,
2011-05-20,23.501434326171875,23.501434326171875,23.501434326171875,23.501434326171875,22,
2011-05-23,23.19765281677246,25.268871818270004,23.19765281677246,25.268871818270004,10279,
2011-05-24,23.19765281677246,23.97090717323136,23.0595704965295,23.25288448069789,7954,
2011-05-25,22.893875122070312,24.302303168631816,22.700561127790056,24.302303168631816,559,
2011-05-26,22.72817611694336,22.72817611694336,22.700560284561924,22.700560284561924,142,
2011-05-27,22.97672462463379,23.69474736791702,22.59009662897017,23.1976544563802,858,
2011-05-30,23.44619941711425,23.47381525019857,22.396781957762908,23.47381525019857,181,
2011-05-31,23.44619941711425,23.44619941711425,23.44619941711425,23.44619941711425,0,
2011-06-01,22.97672462463379,23.1976544563802,22.97672462463379,23.1976544563802,1132,
2011-06-02,22.7005615234375,23.05957210463318,22.7005615234375,22.81102643920654,2490,
2011-06-03,23.36335182189941,23.36335182189941,22.81102568119328,22.92149059329156,304,
2011-06-06,23.611900329589844,23.998526778501528,22.72817934590255,23.36335464241698,4945,
2011-06-07,24.2470703125,24.30230197660537,22.92148983117987,22.92148983117987,174,
2011-06-08,23.36335182189941,23.36335182189941,23.335734408713783,23.335734408713783,12,
2011-06-09,23.36335182189941,23.36335182189941,23.36335182189941,23.36335182189941,0,
2011-06-10,23.28050422668457,23.28050422668457,23.22527097700745,23.252886811738588,159,
2011-06-13,23.501434326171875,24.247072933703816,23.142422149817502,23.142422149817502,429,
2011-06-14,23.25288391113281,23.25288391113281,23.25288391113281,23.25288391113281,727,
2011-06-15,23.19765281677246,23.72236152513753,22.94910716867864,23.25288448069789,253,
2011-06-16,23.8880615234375,23.8880615234375,22.672947360430303,22.672947360430303,252,
2011-06-17,22.94911193847656,23.97091215540267,22.258704934409987,22.258704934409987,1311,
2011-06-20,22.037771224975582,22.728176528295226,21.816839821281377,22.728176528295226,6855,
2011-06-21,22.148237228393555,23.860444234860807,21.816840896625216,21.816840896625216,1960,
2011-06-22,22.64532852172852,23.17003727239171,22.010154854094903,22.010154854094903,4,
2011-06-23,22.09300422668457,22.09300422668457,20.988353462275143,20.988353462275143,1897,
2011-06-24,22.31393241882324,22.369165664069296,22.09300259826848,22.09300259826848,2674,
2011-06-27,22.25869941711425,22.369164320758014,21.8720714642538,22.369164320758014,363,
2011-06-28,22.01015281677246,24.82701030910401,20.988351244215835,20.988351244215835,1314,
2011-06-29,22.2310848236084,23.19765482826256,22.093004071607016,22.093004071607016,1222,
2011-06-30,22.25869941711425,22.617709958902807,22.23108200604235,22.23108200604235,678,
2011-07-01,22.01015281677246,22.921489482583613,21.402595039565025,21.402595039565025,541,
2011-07-04,22.64532852172852,22.64532852172852,21.45783026924281,21.45783026924281,1375,
2011-07-05,22.64532852172852,23.639514354677104,21.761609185965163,21.761609185965163,24,
2011-07-06,22.893875122070312,22.893875122070312,22.645327880760792,22.645327880760792,1918,
2011-07-07,23.44619941711425,23.47381525019857,22.70056086233459,23.47381525019857,3075,
2011-07-08,23.114805221557617,23.86044379382436,21.651143910756115,21.651143910756115,3217,
2011-07-11,23.19765281677246,23.19765281677246,23.19765281677246,23.19765281677246,1500,
2011-07-12,23.47381591796875,23.970908828701138,22.783410589932185,22.783410589932185,540,
2011-07-13,22.47962760925293,23.47381167061516,22.341545304458403,23.47381167061516,562,
2011-07-14,22.64532852172852,23.197654686795428,22.36916701940988,22.590096853350715,253,
2011-07-15,22.92148971557617,23.114803699399417,22.479630084102865,22.479630084102865,1284,
2011-07-18,22.75579261779785,23.17003643654704,22.75579261779785,22.75579261779785,1270,
2011-07-19,22.75579261779785,23.584280255296225,22.75579261779785,22.92149077738344,1693,
2011-07-20,23.44619941711425,23.584280162750566,22.3691661246786,22.452015204146285,1038,
2011-07-21,23.21993827819824,24.209825480482827,22.11691953783848,22.11691953783848,2118,
2011-07-22,23.38963508605957,24.0401326052642,23.38963508605957,24.0401326052642,3490,
2011-07-25,23.4744815826416,23.4744815826416,23.05024395392917,23.05024395392917,1063,
2011-07-26,23.106809616088867,23.474481470661274,22.937113918078147,23.474481470661274,213,
2011-07-27,22.993682861328125,23.191659045193354,22.541161477003545,22.541161477003545,841,
2011-07-28,23.19165802001953,23.19165802001953,22.626008337540945,22.7108561944973,2802,
2011-07-29,23.417919158935547,24.04013299112923,22.173488257871693,23.19165767101083,1591,
2011-08-01,22.993682861328125,25.454261111801245,22.739139279207112,22.739139279207112,894,
2011-08-02,22.68257141113281,24.209826180941143,22.2583337952596,22.42802787060604,4168,
2011-08-03,22.51287651062012,25.454257849195045,22.484594433455623,25.454257849195045,2463,
2011-08-04,22.399747848510746,23.757308667461924,22.17348798174192,23.19165738220164,1555,
2011-08-05,22.06035804748535,24.29467625466196,21.268446895487543,21.77753240486639,6541,
2011-08-08,21.3532943725586,21.3532943725586,20.929056725300224,21.211882362918537,1734,
2011-08-09,23.05024528503418,23.13509313934408,20.448255208451965,20.815927086010586,157,
2011-08-10,21.74924659729004,23.05024141727844,21.52298676932144,22.11691841315452,601,
2011-08-11,21.777530670166016,21.777530670166016,21.49470505007568,21.49470505007568,790,
2011-08-12,21.72096824645996,21.777532403978515,21.3250126704772,21.38157844633397,2505,
2011-08-16,21.72096824645996,21.72096824645996,21.72096824645996,21.72096824645996,0,
2011-08-17,21.72096824645996,21.72096824645996,21.72096824645996,21.72096824645996,0,
2011-08-18,20.92905616760254,22.31489900382871,20.92905616760254,21.21188179768438,7309,
2011-08-19,20.67451477050781,20.92905671135799,20.64623107392809,20.64623107392809,69,
2011-08-22,21.494705200195312,21.494705200195312,20.47653587376772,20.47653587376772,154,
2011-08-23,21.098751068115234,21.49470499318808,20.929055372842523,21.49470499318808,754,
2011-08-24,21.098751068115234,21.098751068115234,21.098751068115234,21.098751068115234,0,
2011-08-25,20.67451477050781,20.67451477050781,20.53310276096196,20.53310276096196,361,
2011-08-26,20.53310203552246,21.353293603916683,20.448254185457365,20.929055971929344,2014,
2011-08-29,20.75935745239257,21.15531295336139,19.85431815685006,19.882600230251285,3310,
2011-08-30,20.985620498657227,20.985620498657227,20.985620498657227,20.985620498657227,150,
2011-09-02,20.92905616760254,21.49470580942808,20.92905616760254,20.92905616760254,3792,
2011-09-05,21.494705200195312,21.494705200195312,20.70279572408496,20.70279572408496,1407,
2011-09-06,21.494705200195312,21.494705200195312,21.494705200195312,21.494705200195312,0,
2011-09-07,22.569440841674805,22.569440841674805,22.06035539354088,22.06035539354088,195,
2011-09-08,21.55126953125,21.55126953125,21.0704661677138,21.494703763283034,76,
2011-09-09,21.12703514099121,21.57955488002945,21.12703514099121,21.18359929920187,553,
2011-09-12,20.957338333129883,21.09875032867573,20.957338333129883,21.09875032867573,178,
2011-09-13,20.985620498657227,21.834095712250708,20.674512812450413,20.674512812450413,2055,
2011-09-14,21.438140869140625,22.62600588263211,21.211881020698257,22.62600588263211,1914,
2011-09-15,22.032072067260746,22.59772329388171,22.032072067260746,22.51287544805476,246,
2011-09-16,21.72096824645996,22.03207434948845,21.04218702786977,21.52299045846858,420,
2011-09-19,21.494705200195312,21.494705200195312,21.24016327317294,21.24016327317294,150,
2011-09-20,21.3532943725586,21.409860147417533,21.296730216037847,21.296730216037847,4,
2011-09-21,21.21187973022461,22.541156663538423,20.25027462367696,20.929054127708948,123,
2011-09-22,21.12703514099121,21.947228381751696,20.95734104802099,21.09875306188588,1930,
2011-09-23,21.240163803100582,23.1916562745288,20.47653638464338,23.1916562745288,484,
2011-09-26,21.494705200195312,22.42802829650752,20.70279572408496,21.24016327317294,363,
2011-09-27,20.985620498657227,21.466422256579914,20.844206884166287,20.929054729193243,1366,
2011-09-28,21.21187973022461,21.57955155699077,20.815924210370284,20.929054127708948,3018,
2011-09-29,20.844207763671875,20.929055612278923,20.419970138974747,20.844207763671875,3312,
2011-09-30,20.844207763671875,20.844207763671875,20.844207763671875,20.844207763671875,1,
2011-10-03,20.92905616760254,23.135092198229344,20.92905616760254,23.135092198229344,901,
2011-10-04,21.21187973022461,21.43813956490193,19.797753335984307,19.797753335984307,1270,
2011-10-05,20.985620498657227,21.494704332142884,20.985620498657227,21.494704332142884,600,
2011-10-07,20.957338333129883,21.013902484013013,20.957338333129883,21.013902484013013,849,
2011-10-10,20.39168930053711,20.92905688323012,20.080581582310817,20.36340722206332,154,
2011-10-11,21.240163803100582,21.947227066736296,21.240163803100582,21.77753136559552,163,
2011-10-12,21.46642303466797,21.6078350359466,21.013903335905887,21.579552959358487,1875,
2011-10-13,21.013904571533203,21.013904571533203,21.013904571533203,21.013904571533203,112,
2011-10-14,21.013904571533203,21.013904571533203,21.013904571533203,21.013904571533203,0,
2011-10-17,21.240163803100582,21.240163803100582,21.04218602454906,21.04218602454906,505,
2011-10-18,21.494705200195312,21.494705200195312,21.268445349878068,21.268445349878068,600,
2011-10-19,22.00379180908203,22.258335367589776,21.15531651739926,22.258335367589776,115,
2011-10-20,21.15531539916992,21.240163247520943,21.15531539916992,21.21188117084997,1216,
2011-10-21,22.00379180908203,22.032073887247943,21.211882292069262,21.211882292069262,441,
2011-10-24,21.32501220703125,22.00379179253164,21.15531650148706,21.77753193069817,15,
2011-10-25,21.74924659729004,21.74924659729004,21.01390134722313,21.01390134722313,52,
2011-10-28,21.72096824645996,23.7573086655541,21.18359904000437,23.7573086655541,916,
2011-10-31,21.60783767700196,21.862381252421223,21.21188370135802,21.21188370135802,121,
2011-11-01,21.381576538085938,21.381576538085938,21.381576538085938,21.381576538085938,63,
2011-11-02,21.805814743041992,21.805814743041992,21.04218571739344,21.381577114720848,1429,
2011-11-03,21.26844596862793,21.49470582552761,21.26844596862793,21.49470582552761,375,
2011-11-04,22.4563102722168,22.4563102722168,21.042185404924915,21.042185404924915,390,
2011-11-08,21.494705200195312,21.77753082226092,21.12703334801432,21.77753082226092,526,
2011-11-09,21.777530670166016,22.03207259541066,21.0421853526016,22.03207259541066,559,
2011-11-11,22.569440841674805,22.569440841674805,20.3916870540111,21.211880186096995,18,
2011-11-14,21.83409881591797,22.06035868926015,20.929057704210976,22.06035868926015,1821,
2011-11-15,20.08058357238769,22.456314003072123,20.08058357238769,21.49470867462001,1591,
2011-11-16,19.59977912902832,21.296729674946995,19.54321335560656,19.571495433148364,3871,
2011-11-17,19.684629440307617,19.74119360246099,19.62806365981589,19.62806365981589,757,
2011-11-18,19.543216705322266,20.30684425820413,19.401804675037013,20.30684425820413,1287,
2011-11-21,19.741191864013672,20.64623132547496,19.71290978542756,19.741191864013672,1366,
2011-11-22,20.87248992919922,20.87248992919922,19.345233621206308,19.71290706544715,435,
2011-11-23,20.25027847290039,20.36340841174308,19.26039110344232,20.36340841174308,741,
2011-11-24,20.25027847290039,20.25027847290039,20.25027847290039,20.25027847290039,3,
2011-11-25,19.79775619506836,19.79775619506836,19.51493217004679,19.51493217004679,4225,
2011-11-28,20.900774002075195,20.900774002075195,20.900774002075195,20.900774002075195,3,
2011-11-29,20.900774002075195,20.900774002075195,20.900774002075195,20.900774002075195,0,
2011-11-30,19.31695556640625,20.36340873085356,19.31695556640625,20.36340873085356,3,
2011-12-01,19.31695556640625,19.31695556640625,19.31695556640625,19.31695556640625,0,
2011-12-02,19.51493263244629,20.36340796429178,19.06241126868064,19.06241126868064,331,
2011-12-05,20.08058357238769,20.08058357238769,20.08058357238769,20.08058357238769,6,
2011-12-07,20.08058357238769,20.08058357238769,20.08058357238769,20.08058357238769,0,
2011-12-08,20.25027847290039,20.25027847290039,19.316955263694503,19.797757099191347,4,
2011-12-09,20.25027847290039,20.25027847290039,20.25027847290039,20.25027847290039,0,
2011-12-12,19.232107162475582,21.63612116466189,18.94928150976594,19.797756849556603,486,
2011-12-13,19.232107162475582,19.232107162475582,19.232107162475582,19.232107162475582,0,
2011-12-14,19.288673400878903,21.15531822198241,19.288673400878903,21.15531822198241,3798,
2011-12-15,19.062408447265625,20.90077247306127,18.751302382084603,19.062408447265625,597,
2011-12-16,19.090696334838867,21.325014760953007,18.77958858297449,18.77958858297449,3691,
2011-12-19,19.14725875854492,19.741192126788384,18.666456942828223,19.741192126788384,1698,
2011-12-20,18.18565368652344,19.76947439898168,18.18565368652344,18.694739204516846,796,
2011-12-21,18.38363075256348,18.666456388809685,18.38363075256348,18.666456388809685,1965,
2011-12-22,18.69474029541016,19.232107923999564,18.24222052782715,18.666458214520805,291,
2011-12-23,18.525043487548828,18.66645712038329,18.411915170622454,18.525043487548828,2574,
2011-12-26,19.232107162475582,19.458367037308,18.666457475394573,18.666457475394573,2055,
2011-12-27,18.89271545410156,18.89271545410156,18.666455601977223,18.666455601977223,6,
2011-12-28,18.66645622253418,19.995733302540348,18.298782736855426,18.41191428501671,2770,
2011-12-29,18.836151123046875,18.86443319971184,18.836151123046875,18.86443319971184,16,
2011-12-30,18.723018646240234,20.335121210840256,18.55332457637277,18.66645449573042,168,
2012-01-02,18.779586791992188,20.81592721650445,18.779586791992188,20.81592721650445,16,
2012-01-03,19.79775619506836,20.335123784615217,19.769474116233848,20.335123784615217,841,
2012-01-04,19.79775619506836,19.79775619506836,19.769474116233848,19.769474116233848,648,
2012-01-05,20.335124969482425,20.335124969482425,19.79775734862476,19.79775734862476,105,
2012-01-06,19.14725875854492,20.30684179773104,18.75130479805418,19.79775628471353,439,
2012-01-09,19.31695556640625,19.31695556640625,19.31695556640625,19.31695556640625,3,
2012-01-10,19.826040267944336,19.826040267944336,19.486648842145826,19.486648842145826,76,
2012-01-11,19.79775619506836,21.805816159083225,18.751304713147388,21.805816159083225,34,
2012-01-12,19.79775619506836,19.79775619506836,19.79775619506836,19.79775619506836,0,
2012-01-13,22.42803001403809,22.484595790118235,20.900775098271005,22.00379235762076,3607,
2012-01-16,22.06035804748535,22.39974784762517,20.84420924072821,22.06035804748535,7,
2012-01-17,22.59772682189941,22.62600890214452,21.43814373012868,22.62600890214452,3070,
2012-01-18,22.032072067260746,22.626005369711343,20.957338620692227,22.626005369711343,381,
2012-01-19,22.032072067260746,22.032072067260746,21.24016261566466,21.494704534807457,81,
2012-01-20,22.42803001403809,22.42803001403809,20.95734087435116,21.494706846252324,27006,
2012-01-23,22.42803001403809,23.58761304946799,20.929057177141967,22.06035813370091,4723,
2012-01-24,21.32501220703125,22.456311516198568,20.90077456150896,21.77753193069817,1314,
2012-01-25,21.07046890258789,22.908833134226608,20.22199360132024,22.880549437403,3457,
2012-01-27,20.92905616760254,22.06035706959176,20.92905616760254,21.49470580942808,555,
2012-01-30,20.957338333129883,21.94722553862693,20.929054639350284,20.929054639350284,976,
2012-01-31,20.957338333129883,20.957338333129883,20.957338333129883,20.957338333129883,0,
2012-02-01,21.805814743041992,22.626006304348245,20.84420794173182,22.626006304348245,406,
2012-02-02,21.098751068115234,21.975508384235365,20.61794767706795,21.49470499318808,2374,
2012-02-03,21.777530670166016,22.06035629025636,21.211881048323423,21.49470505007568,1765,
2012-02-06,21.46642303466797,22.06035635304677,21.32501103338934,22.06035635304677,2760,
2012-02-07,21.494705200195312,22.25833421793864,21.409858970079924,21.409858970079924,3004,
2012-02-08,21.83409881591797,23.05024603971676,21.296731212145723,21.49470738756643,3810,
2012-02-09,22.06035804748535,22.06035804748535,21.664402471486447,21.664402471486447,1041,
2012-02-10,21.890661239624023,22.90883220728297,21.52298937917605,21.52298937917605,7363,
2012-02-13,21.438140869140625,22.060356261526188,21.438140869140625,21.49470502208217,426,
2012-02-14,21.438140869140625,21.438140869140625,21.438140869140625,21.438140869140625,0,
2012-02-15,21.66440200805664,22.06035757558554,21.60783623340757,22.06035757558554,4792,
2012-02-16,22.20176887512207,22.25833464796327,20.92905597874556,21.664401315652302,1018,
2012-02-17,21.66440200805664,22.201769584700923,21.52298999894126,22.06035757558554,2476,
2012-02-21,21.60783767700196,22.116923209502204,21.55127351691209,21.57955559695702,301,
2012-02-22,22.4563102722168,23.67245898512505,21.24016317764664,21.494705103524225,1930,
2012-02-23,21.098751068115234,22.48459385171541,20.929055372842523,22.23005192714443,3861,
2012-02-24,20.702795028686523,22.08863777908332,20.702795028686523,22.08863777908332,1180,
2012-02-27,21.97550773620605,22.003789811804808,19.54321201293829,20.67451283860689,652,
2012-02-28,21.494705200195312,21.494705200195312,20.67451364737984,21.494705200195312,28,
2012-02-29,21.240163803100582,21.268445880511333,21.240163803100582,21.268445880511333,1096,
2012-03-01,21.83409881591797,22.428030578856628,20.95734140213245,22.428030578856628,55,
2012-03-02,22.032072067260746,22.032072067260746,20.92905492652454,21.777530148117943,429,
2012-03-05,22.032072067260746,22.343179756400858,20.56138308572516,22.343179756400858,10,
2012-03-06,21.72096824645996,21.777532403978515,20.92905709449444,21.777532403978515,12,
2012-03-07,20.39168930053711,21.862380037909,20.36340722206332,20.92905688323012,553,
2012-03-09,21.72096824645996,21.777532403978515,21.692684549362465,21.777532403978515,16,
2012-03-12,20.617950439453125,22.03207548894999,20.41997264122267,22.03207548894999,15928,
2012-03-13,19.769474029541016,21.15531692475185,19.59977993893986,20.13714752613026,6460,
2012-03-14,19.769474029541016,20.929057058391503,19.684627793409547,20.929057058391503,33,
2012-03-15,20.137147903442383,20.78764543600141,19.23210680270488,19.741192320723584,648,
2012-03-16,19.373517990112305,21.127034339903613,19.03412819870249,19.11897605113949,898,
2012-03-19,19.034130096435547,19.06241217728825,18.66645819033532,18.66645819033532,894,
2012-03-20,19.090696334838867,20.929059146155,18.977566390373493,20.929059146155,5181,
2012-03-21,20.306840896606445,20.87249216078632,19.260389456383813,20.87249216078632,220,
2012-03-22,19.79775619506836,20.08058183842816,19.79775619506836,19.967451904751883,478,
2012-03-23,19.79775619506836,19.79775619506836,19.79775619506836,19.79775619506836,165,
2012-03-26,19.26039123535156,21.97551140450945,19.26039123535156,21.97551140450945,192,
2012-03-27,19.826040267944336,21.38157890839332,18.72302137077569,18.72302137077569,1015,
2012-03-28,19.910886764526367,20.419972291494503,19.345237078083034,19.345237078083034,259,
2012-03-29,19.232107162475582,19.797756849556603,19.118977225059385,19.118977225059385,465,
2012-03-30,19.11897659301757,20.9856229261841,18.949280883333994,20.9856229261841,798,
2012-04-02,20.731077194213867,20.731077194213867,20.731077194213867,20.731077194213867,3,
2012-04-03,19.288673400878903,21.15531822198241,19.034129821861395,20.27856078148928,5617,
2012-04-04,19.43008613586425,20.75936338570242,18.694740688895223,20.75936338570242,910,
2012-04-09,20.47653579711914,20.47653579711914,19.486646932763964,19.514930627701325,2428,
2012-04-10,19.826040267944336,20.476537803494384,19.826040267944336,20.476537803494384,31,
2012-04-11,21.12703514099121,21.12703514099121,21.12703514099121,21.12703514099121,1,
2012-04-12,19.910886764526367,20.56138592685905,19.797756827237706,19.797756827237706,1536,
2012-04-13,20.02402114868164,20.67451878456323,19.571499717266985,19.571499717266985,151,
2012-04-16,19.656343460083008,20.90077430312083,19.656343460083008,20.36340673332507,4021,
2012-04-17,20.02402114868164,20.02402114868164,20.02402114868164,20.02402114868164,1,
2012-04-18,20.05229949951172,21.04218681092465,19.571496073869994,21.04218681092465,4,
2012-04-19,19.51493263244629,21.466425248355613,19.175542823375743,21.466425248355613,582,
2012-04-20,19.79775619506836,20.787645137658536,19.31695438152876,20.787645137658536,964,
2012-04-23,20.75935745239257,20.92905312947576,19.316950670537206,20.92905312947576,136,
2012-04-24,19.31695556640625,20.67451647213082,18.723022164421025,19.79775740943763,1090,
2012-04-25,19.20382499694824,20.674515795129548,18.723021551322777,18.723021551322777,2176,
2012-04-26,18.920997619628903,20.278558357069745,18.77958561597357,19.23210532234114,4209,
2012-04-27,20.306840896606445,20.64623068411148,19.00584590200142,19.260389456383813,799,
2012-04-30,19.656343460083008,20.08058110036061,19.2321058198054,19.2321058198054,313,
2012-05-02,19.79775619506836,19.79775619506836,19.79775619506836,19.79775619506836,526,
2012-05-03,18.75130653381348,19.79775811734012,18.525045026153744,19.79775811734012,154,
2012-05-04,18.723018646240234,18.723018646240234,18.723018646240234,18.723018646240234,300,
2012-05-07,18.723018646240234,18.723018646240234,18.723018646240234,18.723018646240234,0,
2012-05-08,18.723018646240234,18.723018646240234,18.66645449573042,18.66645449573042,465,
2012-05-09,18.723018646240234,18.723018646240234,18.723018646240234,18.723018646240234,0,
2012-05-10,19.20382499694824,19.20382499694824,17.817982056034758,18.100806089143127,304,
2012-05-11,17.704853057861328,18.10080704887477,17.591723114952007,18.10080704887477,420,
2012-05-14,17.704853057861328,17.704853057861328,17.704853057861328,17.704853057861328,0,
2012-05-15,19.79775619506836,19.967451904751883,17.67656791571545,19.967451904751883,153,
2012-05-16,18.07252311706543,20.02401726450598,18.07252311706543,19.232106126895847,327,
2012-05-17,19.910886764526367,19.910886764526367,18.21393608685809,19.910886764526367,93,
2012-05-18,19.769474029541016,19.797756108251505,19.769474029541016,19.797756108251505,4,
2012-05-21,18.32706642150879,19.741191352575164,18.270500647463813,19.232105859523056,871,
2012-05-22,19.175540924072266,19.23210507747898,17.22404688311672,18.327065676266752,390,
2012-05-23,17.563440322875977,18.66645762617848,17.563440322875977,18.66645762617848,112,
2012-05-24,17.846263885498047,19.203824727737228,17.36546044661278,18.100805835394908,2406,
2012-05-25,18.38363075256348,19.79775569711815,18.12908881277862,18.12908881277862,150,
2012-05-28,18.07252311706543,18.27050090146796,17.563439235273993,17.591721313520583,595,
2012-05-29,18.100805282592773,18.100805282592773,18.100805282592773,18.100805282592773,600,
2012-05-30,18.015958786010746,19.03412815806649,17.73313315127061,18.100805019928423,3769,
2012-05-31,18.38363075256348,18.38363075256348,17.563439158624387,17.563439158624387,457,
2012-06-01,18.32706642150879,18.32706642150879,16.969505646149216,18.10080494366705,1431,
2012-06-04,18.100805282592773,18.100805282592773,16.997788042275065,17.535155623242435,477,
2012-06-05,18.66645622253418,18.66645622253418,18.66645622253418,18.66645622253418,1291,
2012-06-06,18.89271545410156,18.94927960796359,18.1573701255284,18.185652202459416,1060,
2012-06-07,18.12908744812012,18.41191306307676,18.12908744812012,18.41191306307676,450,
2012-06-08,18.18565368652344,18.18565368652344,17.308896283408163,18.12908952804542,819,
2012-06-11,18.75130653381348,18.75130653381348,18.24222097367125,18.75130653381348,319,
2012-06-12,18.75130653381348,18.75130653381348,18.75130653381348,18.75130653381348,208,
2012-06-13,19.769474029541016,19.797756108251505,17.563439523358443,18.383631134330177,6564,
2012-06-14,18.411914825439453,19.628062011318605,18.411914825439453,19.51493207817492,31,
2012-06-15,18.411914825439453,18.411914825439453,18.411914825439453,18.411914825439453,0,
2012-06-18,18.411914825439453,18.411914825439453,18.411914825439453,18.411914825439453,0,
2012-06-19,18.100805282592773,18.100805282592773,17.563439319963603,17.987676969060907,4,
2012-06-20,18.100805282592773,18.100805282592773,18.100805282592773,18.100805282592773,0,
2012-06-21,18.100805282592773,18.100805282592773,18.100805282592773,18.100805282592773,0,
2012-06-22,18.38363075256348,18.38363075256348,17.591721236747553,18.38363075256348,1188,
2012-06-25,18.12908744812012,18.468477215065253,18.100803753787808,18.468477215065253,186,
2012-06-26,18.60989189147949,18.60989189147949,17.110918991338004,17.987678038374472,283,
2012-06-27,18.60989189147949,19.232107362922807,18.60989189147949,19.118977424327504,1621,
2012-06-28,18.38363075256348,18.38363075256348,17.76141532382473,18.12908881277862,93,
2012-06-29,18.60989189147949,19.14725950439176,17.874546481440873,18.10080635863148,5653,
2012-07-02,18.2705020904541,19.175543218285995,18.1573721517674,18.6098919065142,513,
2012-07-03,19.232107162475582,19.232107162475582,18.666457475394573,18.666457475394573,574,
2012-07-04,19.232107162475582,19.260390860583342,19.203825082706107,19.232107162475582,945,
2012-07-05,18.75130653381348,19.26039209395569,18.2987851368324,19.232108394036743,111,
2012-07-06,18.779586791992188,18.92099880450305,18.779586791992188,18.80786887082672,447,
2012-07-09,18.949281692504883,18.9775653908854,18.949281692504883,18.9775653908854,48,
2012-07-10,18.89271545410156,18.94927960796359,18.440195749852887,18.666455601977223,301,
2012-07-11,19.26039123535156,19.26039123535156,18.298784321095493,18.77958777822353,378,
2012-07-12,19.26039123535156,19.26039123535156,18.666457838606046,19.26039123535156,49,
2012-07-13,19.628063201904297,19.628063201904297,19.260391301469888,19.260391301469888,39,
2012-07-16,19.232107162475582,20.50482017216158,18.638173777286813,20.363408154975897,1758,
2012-07-17,18.66645622253418,19.74119136502288,18.49676051863042,19.48664780916724,1065,
2012-07-18,18.949281692504883,18.949281692504883,18.949281692504883,18.949281692504883,150,
2012-07-19,18.58160781860352,18.66645566803493,18.496759969172096,18.66645566803493,151,
2012-07-20,19.10667610168457,19.10667610168457,19.10667610168457,19.10667610168457,150,
2012-07-23,19.19418907165528,19.281700909363245,19.048337121574967,19.281700909363245,736,
2012-07-24,19.19418907165528,19.19418907165528,19.19418907165528,19.19418907165528,0,
2012-07-25,19.04833602905273,19.04833602905273,19.04833602905273,19.04833602905273,37,
2012-07-26,19.04833602905273,19.04833602905273,19.04833602905273,19.04833602905273,0,
2012-07-27,19.04833602905273,19.04833602905273,19.04833602905273,19.04833602905273,0,
2012-07-30,19.31087303161621,20.21515989248212,18.844145406104552,20.01096613903335,76024,
2012-07-31,19.515066146850582,19.515066146850582,19.28170234172661,19.28170234172661,1405,
2012-08-01,18.78580093383789,19.83593961032329,18.698290768421952,19.83593961032329,348,
2012-08-02,18.81497573852539,18.81497573852539,18.81497573852539,18.81497573852539,300,
2012-08-03,19.66091537475586,19.66091537475586,18.46492645703401,18.814972116061096,1665,
2012-08-06,18.58160781860352,20.069302244741184,17.99819673421877,18.90248341427033,11395,
2012-08-07,19.16501808166504,19.16501808166504,19.16501808166504,19.16501808166504,450,
2012-08-08,18.669118881225582,18.90248432774663,17.79400388150722,18.90248432774663,304,
2012-08-09,18.931655883789062,18.931655883789062,18.66912036156653,18.66912036156653,1200,
2012-08-10,18.37741470336914,18.37741470336914,18.231561092957108,18.231561092957108,75036,
2012-08-13,18.28990364074707,19.748428122208978,18.28990364074707,19.748428122208978,315,
2012-08-14,19.63174629211425,19.748428184231688,19.25253056001997,19.748428184231688,4,
2012-08-16,19.25252914428711,19.310869251481066,18.75662988739185,19.310869251481066,273,
2012-08-17,19.07750701904297,19.71925826469632,18.960825126119584,19.544234590736515,169,
2012-08-21,18.960824966430664,19.719258098619846,18.78580129394492,19.719258098619846,930,
2012-08-22,19.63174629211425,19.748428184231688,19.25253056001997,19.748428184231688,1378,
2012-08-23,19.54423141479492,20.2734943789228,18.96082204498213,20.2734943789228,456,
2012-08-24,19.10667610168457,19.544233595145275,19.10667610168457,19.544233595145275,1269,
2012-08-27,19.04833602905273,20.18598484655781,18.727460421960387,18.902484087337804,2301,
2012-08-28,19.07750701904297,19.10667707498645,19.07750701904297,19.07750701904297,2143,
2012-08-29,19.07750701904297,19.07750701904297,19.07750701904297,19.07750701904297,0,
2012-08-30,18.55243873596192,18.960824513422523,17.53147011943688,18.90248440342075,26115,
2012-08-31,18.669118881225582,19.835939437233208,18.40658504896984,19.835939437233208,2712,
2012-09-03,18.81497573852539,19.252533313839933,18.66912210065409,19.252533313839933,6,
2012-09-04,18.669118881225582,19.57340560497746,18.669118881225582,19.57340560497746,7,
2012-09-05,17.32727813720703,17.502301823097838,17.32727813720703,17.502301823097838,450,
2012-09-06,18.435754776000977,19.01916587820437,18.28990283502481,18.28990283502481,397,
2012-09-07,18.931655883789062,18.960825940986165,18.260734553358496,18.260734553358496,856,
2012-09-10,18.260730743408203,19.25252750352532,18.260730743408203,19.25252750352532,16,
2012-09-11,18.669118881225582,18.931654382630736,18.2315613813664,18.289903160284013,2932,
2012-09-12,19.223360061645508,19.281701846001354,18.8149742477528,19.25253178839821,2895,
2012-09-13,19.54423141479492,20.185982556163584,18.96082204498213,20.185982556163584,570,
2012-09-14,19.019166946411133,19.51506457507168,18.84414327209008,19.165018895579035,676,
2012-09-17,18.727458953857425,19.806767577725964,18.34824159831749,18.34824159831749,384,
2012-09-18,18.81497573852539,18.96082770724701,18.6399520407397,18.6399520407397,112,
2012-09-20,18.960824966430664,18.98999669127792,18.960824966430664,18.98999669127792,247,
2012-09-21,18.81497573852539,21.00276361509811,18.69829382971816,21.00276361509811,459,
2012-09-24,18.931655883789062,19.952622908033465,18.90248582659196,19.952622908033465,679,
2012-09-25,19.31087303161621,19.31087303161621,18.814975346797485,18.989999040939185,4990,
2012-09-26,18.46492576599121,18.93165329389355,18.260732055246613,18.260732055246613,4156,
2012-09-27,18.669118881225582,18.669118881225582,18.49409688277155,18.49409688277155,840,
2012-09-28,19.13584899902344,19.34004273104961,18.66911975332813,18.66911975332813,127,
2012-10-01,19.10667610168457,19.923450979690887,18.98999588385438,19.719257260189305,820,
2012-10-03,18.960824966430664,19.923451826803408,18.960824966430664,19.923451826803408,4,
2012-10-04,19.71925544738769,19.77759722008877,18.960822417169,18.960822417169,295,
2012-10-05,19.25252914428711,19.74842673203305,18.37741418318315,19.74842673203305,313,
2012-10-08,19.54423141479492,19.54423141479492,19.04833386774135,19.25252756446312,376,
2012-10-09,20.09847450256348,20.419350133423087,19.01916738328969,19.83594065420084,7240,
2012-10-10,19.83593940734864,19.83593940734864,19.3108700744788,19.83593940734864,240,
2012-10-11,19.39838218688965,19.690087746931024,18.90248457088367,19.135848351257003,669,
2012-10-12,20.856908798217773,21.29446634879786,19.835941736580768,19.835941736580768,6142,
2012-10-15,20.244325637817383,22.69464681875117,20.21515558472632,20.82773504538512,604,
2012-10-16,22.37377548217773,22.98635672848192,20.41935150871156,20.41935150871156,14343,
2012-10-17,22.169578552246094,23.89063847134697,21.615340841046784,23.686444751879137,22282,
2012-10-18,23.190547943115234,23.190547943115234,22.05289908903728,22.92801410575861,5440,
2012-10-19,22.46128463745117,23.161375975833,22.02372713367518,23.161375975833,234,
2012-10-22,21.469486236572266,22.05289731351452,20.798565000323045,20.798565000323045,14197,
2012-10-23,20.97359085083008,21.49866024912136,20.76939877235809,21.06110269540356,220,
2012-10-25,21.031932830810547,22.16958181330433,21.00276277206702,22.16958181330433,1912,
2012-10-29,20.856908798217773,20.856908798217773,19.835941736580768,19.835941736580768,1462,
2012-10-30,20.36100959777832,21.002760846187307,19.95262213621816,21.002760846187307,1056,
2012-10-31,20.36100959777832,20.419349709915792,19.86511196801195,20.390179653847056,61,
2012-11-01,20.36100959777832,20.36100959777832,20.36100959777832,20.36100959777832,0,
2012-11-02,20.41934967041016,20.41934967041016,19.719258311218177,19.719258311218177,414,
2012-11-05,19.7775993347168,20.39017883325463,19.719257555777794,19.719257555777794,1092,
2012-11-06,20.09847450256348,22.169580240239323,19.573406805838207,19.66091697585942,2746,
2012-11-07,20.390180587768555,20.390180587768555,18.96082607598941,19.223359930931675,1524,
2012-11-08,19.69009017944336,19.719260238306337,19.69009017944336,19.719260238306337,60,
2012-11-09,19.83593940734864,20.18598507287873,19.3108700744788,19.69008746399844,1284,
2012-11-12,19.83593940734864,19.83593940734864,19.83593940734864,19.83593940734864,82,
2012-11-15,19.281702041625977,19.281702041625977,19.25253198372688,19.281702041625977,7,
2012-11-16,19.66091537475586,20.30266825336288,19.369211493474644,19.39838154777289,2010,
2012-11-19,19.25252914428711,19.60257479489883,19.25252914428711,19.34004097422737,1968,
2012-11-20,20.94441795349121,20.94441795349121,18.84414231415286,19.165017921330183,1797,
2012-11-21,19.83593940734864,20.944418182768626,19.83593940734864,20.944418182768626,474,
2012-11-22,19.83593940734864,19.83593940734864,19.83593940734864,19.83593940734864,0,
2012-11-23,19.019166946411133,19.83594019856064,18.523267648601124,19.28170078874325,1731,
2012-11-26,20.244325637817383,20.41934762551305,18.756629562083035,18.756629562083035,267,
2012-11-27,20.244325637817383,20.94441692689867,19.019165047350487,19.019165047350487,516,
2012-11-29,20.12764358520508,20.24432546572675,19.83593804932626,20.24432546572675,145,
2012-11-30,19.573406219482425,19.573406219482425,19.456724327133383,19.456724327133383,151,
2012-12-03,20.010961532592773,20.010961532592773,18.23155994892857,18.26073167067008,3159,
2012-12-04,19.369213104248047,20.62354390402782,19.340043047523974,20.62354390402782,1194,
2012-12-05,19.369213104248047,19.369213104248047,19.369213104248047,19.369213104248047,112,
2012-12-06,19.369213104248047,19.95262258447707,18.494098049329764,19.369213104248047,3937,
2012-12-07,20.21515846252441,20.24432851976808,19.252531551137626,19.369213449261824,424,
2012-12-10,19.39838218688965,19.981791637822983,19.28170029670298,19.57340585674436,2089,
2012-12-11,19.54423141479492,20.4193463040887,18.75662834826036,18.75662834826036,2052,
2012-12-12,20.27349853515625,20.94441986527263,19.77760088643959,19.77760088643959,2688,
2012-12-13,19.31087303161621,20.21515989248212,19.106679278167448,20.21515989248212,1585,
2012-12-14,19.63174629211425,19.83594002060712,19.25253056001997,19.31087067150396,1537,
2012-12-17,20.244325637817383,22.72381687184224,19.86510994018568,22.72381687184224,6475,
2012-12-18,20.41934967041016,20.85690718719251,20.18598588401283,20.41934967041016,1495,
2012-12-19,20.477691650390625,20.65271532646256,19.835940396992843,19.86511212243781,724,
2012-12-20,20.7402286529541,22.46128713514504,20.7402286529541,22.46128713514504,5647,
2012-12-21,20.91524887084961,21.00276070762795,20.010963785488816,20.010963785488816,1348,
2012-12-24,20.010961532592773,20.97358662133084,20.010961532592773,20.711052809702142,109,
2012-12-26,20.040132522583008,21.00275932549821,20.040132522583008,20.711053778483176,2101,
2012-12-27,19.89428329467773,19.981793468473,19.835941509664657,19.981793468473,187,
2012-12-28,20.6527156829834,21.002761372020505,20.47769200389009,20.9444195892729,2467,
2012-12-31,20.41934967041016,21.294464703974864,19.981792153627804,21.00276080555293,694,
2013-01-01,20.94441795349121,20.94441795349121,19.92345102291756,20.41934862636928,2272,
2013-01-02,20.827735900878903,21.06109967349136,19.60257526008886,19.631745314378072,4629,
2013-01-03,21.09027099609375,21.46948670209437,20.27349613832422,20.27349613832422,2475,
2013-01-04,21.14861297607422,22.169579969533828,21.002761025336984,21.002761025336984,3291,
2013-01-07,21.09027099609375,21.119441049828566,21.031929219474783,21.031929219474783,310,
2013-01-08,21.00275993347168,21.52782926563836,21.00275993347168,21.52782926563836,252,
2013-01-09,20.7402286529541,21.177786205386468,20.44852306161599,21.177786205386468,640,
2013-01-10,20.711055755615234,21.11944322659216,20.06930449240849,20.06930449240849,622,
2013-01-11,20.448522567749023,20.47769262543345,20.448522567749023,20.47769262543345,148,
2013-01-14,19.7775993347168,21.29446388818868,19.719257555777794,20.711054444545645,1410,
2013-01-15,19.63174629211425,20.127645585475424,19.25253056001997,19.894281801240563,2235,
2013-01-16,19.54423141479492,20.4193463040887,19.54423141479492,19.69008500911001,2293,
2013-01-17,19.83593940734864,22.37377256887856,19.019166187778414,19.515063796658698,1200,
2013-01-18,19.515066146850582,20.273499348078303,19.25253228337351,19.25253228337351,1638,
2013-01-21,19.39838218688965,20.36100903279172,19.10667662684827,19.10667662684827,3199,
2013-01-22,20.21515846252441,20.82773801038908,19.83594104175862,20.82773801038908,81,
2013-01-23,19.281702041625977,19.74842964460977,18.435757009355665,18.75663265369442,1789,
2013-01-24,19.281702041625977,19.281702041625977,18.87331455444037,19.25253198372688,304,
2013-01-25,20.711055755615234,20.711055755615234,20.06930449240849,20.06930449240849,303,
2013-01-28,20.21515846252441,20.41935053237961,19.019167754889228,20.41935053237961,909,
2013-01-29,18.960824966430664,20.594373122749715,18.960824966430664,20.594373122749715,720,
2013-01-30,18.960824966430664,18.960824966430664,18.960824966430664,18.960824966430664,0,
2013-01-31,18.698291778564453,18.844143731286493,18.698291778564453,18.844143731286493,337,
2013-02-01,19.89428329467773,19.981793468473,18.785802732625825,18.785802732625825,2253,
2013-02-04,20.30266571044922,20.361005811738604,20.30266571044922,20.30266571044922,1596,
2013-02-05,20.36100959777832,20.5360316033402,17.82317632936058,20.5360316033402,1066,
2013-02-06,20.33183860778809,20.33183860778809,20.302668553059245,20.33183860778809,153,
2013-02-07,19.98179244995117,20.39017991677748,18.756631718621747,20.244327965403578,463,
2013-02-08,19.80677032470703,19.83594038097898,19.25253090979266,19.25253090979266,796,
2013-02-11,19.07750701904297,19.80677010167623,18.69829128432933,18.72746134027281,2977,
2013-02-12,18.78580093383789,19.719257720619293,18.78580093383789,18.8441427132646,175,
2013-02-13,18.78580093383789,18.78580093383789,18.78580093383789,18.78580093383789,0,
2013-02-14,18.698291778564453,18.698291778564453,18.1732224119558,18.1732224119558,286,
2013-02-15,18.37741470336914,19.427553354078555,17.23976588939175,17.23976588939175,1737,
2013-02-18,18.05653953552246,19.165018321981105,18.02736948039181,19.165018321981105,61,
2013-02-19,18.11488151550293,18.66911924571941,17.939857844482354,18.66911924571941,265,
2013-02-20,18.46492576599121,20.15681388921184,18.46492576599121,20.15681388921184,132,
2013-02-21,19.63174629211425,19.63174629211425,19.63174629211425,19.63174629211425,1,
2013-02-22,18.669118881225582,18.669118881225582,18.49409688277155,18.49409688277155,600,
2013-02-25,17.998197555541992,17.998197555541992,17.998197555541992,17.998197555541992,442,
2013-02-26,18.085708618164062,18.114880340875523,18.085708618164062,18.085708618164062,450,
2013-02-27,17.82317543029785,18.669118697665144,14.585249295516403,17.502299822279436,501,
2013-02-28,17.677322387695312,18.66911753545624,16.91888766218538,17.82317432075146,258,
2013-03-01,16.977230072021484,19.048335610816057,16.918888295126873,19.048335610816057,1782,
2013-03-04,16.918886184692383,18.231558475012434,16.481328754585697,16.481328754585697,1884,
2013-03-05,16.86054801940918,16.948059849304595,16.80220791224512,16.80220791224512,351,
2013-03-06,17.23976707458496,19.194189230804284,16.714697713132978,19.194189230804284,781,
2013-03-07,17.50229835510254,17.50229835510254,17.50229835510254,17.50229835510254,112,
2013-03-08,17.50229835510254,17.50229835510254,17.50229835510254,17.50229835510254,0,
2013-03-11,17.23976707458496,17.764834766887457,17.006401615712257,17.006401615712257,2775,
2013-03-12,17.268939971923828,20.244331284100284,17.268939971923828,20.244331284100284,585,
2013-03-13,16.977230072021484,16.977230072021484,16.918888295126873,16.94806001814885,751,
2013-03-14,17.00640106201172,17.00640106201172,17.00640106201172,17.00640106201172,3,
2013-03-15,17.268939971923828,17.502303800037694,17.268939971923828,17.47313206966114,201,
2013-03-18,16.918886184692383,16.918886184692383,16.918886184692383,16.918886184692383,330,
2013-03-19,17.15225601196289,17.15225601196289,17.15225601196289,17.15225601196289,300,
2013-03-20,17.414791107177734,17.502302955786604,16.97723353328307,16.97723353328307,952,
2013-03-21,17.764835357666016,17.764835357666016,16.977232123870643,17.67732518547173,5085,
2013-03-22,17.385616302490234,17.385616302490234,14.90612350407166,14.90612350407166,7351,
2013-03-25,17.123083114624023,17.15225483952698,14.99363733077831,14.99363733077831,3532,
2013-03-26,16.5396728515625,16.5396728515625,15.75206970037369,15.75206970037369,1228,
2013-03-28,16.743865966796875,17.152253389417343,14.67276046955646,14.67276046955646,37,
2013-04-01,16.043773651123047,16.043773651123047,15.4895359397056,15.4895359397056,96,
2013-04-02,16.685523986816406,16.685523986816406,14.70193034286965,14.70193034286965,1419,
2013-04-03,17.00640106201172,17.181424733180393,14.876955298256505,14.876955298256505,471,
2013-04-04,16.247968673706055,17.443959363296305,14.76027407778126,14.76027407778126,327,
2013-04-05,17.123083114624023,17.443958735360972,15.197831059351772,15.197831059351772,160,
2013-04-08,17.123083114624023,17.123083114624023,17.123083114624023,17.123083114624023,0,
2013-04-09,17.123083114624023,17.123083114624023,17.123083114624023,17.123083114624023,0,
2013-04-10,17.123083114624023,17.123083114624023,17.123083114624023,17.123083114624023,0,
2013-04-11,17.123083114624023,17.123083114624023,17.123083114624023,17.123083114624023,0,
2013-04-12,17.123083114624023,17.123083114624023,17.123083114624023,17.123083114624023,0,
2013-04-15,17.123083114624023,17.123083114624023,17.123083114624023,17.123083114624023,0,
2013-04-16,17.123083114624023,17.123083114624023,17.123083114624023,17.123083114624023,0,
2013-04-17,17.123083114624023,17.123083114624023,17.123083114624023,17.123083114624023,0,
2013-04-18,17.123083114624023,17.123083114624023,17.123083114624023,17.123083114624023,0,
2013-04-22,17.677322387695312,18.056538081301,17.677322387695312,17.677322387695312,900,
2013-04-23,17.560640335083008,17.560640335083008,17.560640335083008,17.560640335083008,12,
2013-04-25,17.910686492919922,18.4065857917071,17.794004599525785,17.910686492919922,5620,
2013-04-26,17.15225601196289,17.15225601196289,17.15225601196289,17.15225601196289,6,
2013-04-29,17.15225601196289,17.15225601196289,17.15225601196289,17.15225601196289,0,
2013-04-30,17.706493377685547,17.706493377685547,17.706493377685547,17.706493377685547,150,
2013-05-02,17.706493377685547,17.706493377685547,17.706493377685547,17.706493377685547,0,
2013-05-03,15.752071380615234,16.62718645731608,15.752071380615234,15.752071380615234,151,
2013-05-06,17.50229835510254,17.50229835510254,17.50229835510254,17.50229835510254,1125,
2013-05-07,17.50229835510254,17.50229835510254,17.50229835510254,17.50229835510254,0,
2013-05-08,17.50229835510254,17.50229835510254,17.50229835510254,17.50229835510254,0,
2013-05-09,17.881515502929688,17.91068555746734,17.531469841029722,17.881515502929688,3025,
2013-05-10,17.210594177246094,17.210594177246094,16.948060348969125,17.210594177246094,1275,
2013-05-13,17.210594177246094,17.210594177246094,17.210594177246094,17.210594177246094,0,
2013-05-14,17.210594177246094,17.210594177246094,17.210594177246094,17.210594177246094,0,
2013-05-15,17.23976707458496,17.23976707458496,17.23976707458496,17.23976707458496,75,
2013-05-16,17.23976707458496,17.23976707458496,17.23976707458496,17.23976707458496,0,
2013-05-17,17.23976707458496,17.23976707458496,17.23976707458496,17.23976707458496,0,
2013-05-20,17.23976707458496,17.23976707458496,17.23976707458496,17.23976707458496,0,
2013-05-21,15.752071380615234,15.752071380615234,15.752071380615234,15.752071380615234,7,
2013-05-22,15.752071380615234,15.752071380615234,15.752071380615234,15.752071380615234,0,
2013-05-23,15.752071380615234,15.752071380615234,15.752071380615234,15.752071380615234,0,
2013-05-24,15.752071380615234,15.752071380615234,15.752071380615234,15.752071380615234,0,
2013-05-27,15.752071380615234,15.752071380615234,15.752071380615234,15.752071380615234,0,
2013-05-28,15.781240463256836,15.781240463256836,15.781240463256836,15.781240463256836,675,
2013-05-29,15.781240463256836,15.781240463256836,15.781240463256836,15.781240463256836,0,
2013-05-30,15.781240463256836,15.781240463256836,15.781240463256836,15.781240463256836,0,
2013-05-31,15.781240463256836,15.781240463256836,15.781240463256836,15.781240463256836,0,
2013-06-03,18.58160781860352,18.58160781860352,18.58160781860352,18.58160781860352,15,
2013-06-04,18.58160781860352,18.58160781860352,18.58160781860352,18.58160781860352,0,
2013-06-05,18.58160781860352,18.58160781860352,18.58160781860352,18.58160781860352,0,
2013-06-06,18.58160781860352,18.58160781860352,18.58160781860352,18.58160781860352,0,
2013-06-07,18.58160781860352,18.58160781860352,18.58160781860352,18.58160781860352,0,
2013-06-10,18.58160781860352,18.58160781860352,18.58160781860352,18.58160781860352,0,
2013-06-11,18.58160781860352,18.58160781860352,18.58160781860352,18.58160781860352,0,
2013-06-12,18.58160781860352,18.58160781860352,18.58160781860352,18.58160781860352,0,
2013-06-13,16.27713966369629,16.27713966369629,16.27713966369629,16.27713966369629,105,
2013-06-14,16.27713966369629,16.27713966369629,16.27713966369629,16.27713966369629,0,
2013-06-17,16.27713966369629,16.27713966369629,16.27713966369629,16.27713966369629,0,
2013-06-18,16.27713966369629,16.27713966369629,16.27713966369629,16.27713966369629,0,
2013-06-19,14.643590927124023,14.643590927124023,14.643590927124023,14.643590927124023,8250,
2013-06-20,15.168658256530762,17.502299272265745,15.168658256530762,15.168658256530762,453,
2013-06-21,17.181425094604492,17.41478888163875,14.585250042836812,17.181425094604492,931,
2013-06-24,17.181425094604492,17.181425094604492,17.181425094604492,17.181425094604492,0,
2013-06-25,17.181425094604492,17.181425094604492,17.181425094604492,17.181425094604492,0,
2013-06-26,17.473129272460938,17.473129272460938,17.443959215903856,17.473129272460938,31,
2013-06-27,17.473129272460938,17.473129272460938,17.473129272460938,17.473129272460938,0,
2013-06-28,17.473129272460938,17.473129272460938,17.473129272460938,17.473129272460938,0,
2013-07-01,17.473129272460938,17.473129272460938,17.473129272460938,17.473129272460938,0,
2013-07-02,17.443958282470703,17.443958282470703,17.443958282470703,17.443958282470703,3,
2013-07-03,17.181425094604492,17.181425094604492,17.181425094604492,17.181425094604492,3,
2013-07-04,16.62718391418457,16.62718391418457,16.62718391418457,16.62718391418457,406,
2013-07-05,17.414791107177734,17.414791107177734,17.414791107177734,17.414791107177734,3,
2013-07-08,16.918886184692383,16.918886184692383,16.918886184692383,16.918886184692383,150,
2013-07-09,16.072946548461914,16.072946548461914,16.072946548461914,16.072946548461914,450,
2013-07-10,16.072946548461914,16.072946548461914,16.072946548461914,16.072946548461914,0,
2013-07-11,15.518707275390623,15.518707275390623,15.518707275390623,15.518707275390623,300,
2013-07-12,15.518707275390623,15.518707275390623,15.518707275390623,15.518707275390623,0,
2013-07-15,16.043773651123047,16.043773651123047,16.043773651123047,16.043773651123047,300,
2013-07-16,16.043773651123047,16.043773651123047,16.043773651123047,16.043773651123047,0,
2013-07-17,16.649198532104492,16.649198532104492,16.649198532104492,16.649198532104492,0,
2013-07-18,17.46652603149414,17.46652603149414,17.46652603149414,17.46652603149414,7,
2013-07-19,18.283849716186523,18.283849716186523,18.283849716186523,18.283849716186523,1,
2013-07-22,18.283849716186523,18.283849716186523,18.283849716186523,18.283849716186523,0,
2013-07-23,18.283849716186523,18.283849716186523,18.283849716186523,18.283849716186523,0,
2013-07-24,18.283849716186523,18.283849716186523,18.283849716186523,18.283849716186523,0,
2013-07-25,18.283849716186523,18.283849716186523,18.283849716186523,18.283849716186523,0,
2013-07-26,18.283849716186523,18.283849716186523,18.283849716186523,18.283849716186523,0,
2013-07-29,17.375713348388672,17.375713348388672,17.375713348388672,17.375713348388672,750,
2013-07-30,16.528118133544922,16.528118133544922,16.528118133544922,16.528118133544922,207,
2013-07-31,16.528118133544922,16.528118133544922,16.528118133544922,16.528118133544922,0,
2013-08-01,16.528118133544922,16.528118133544922,16.528118133544922,16.528118133544922,0,
2013-08-02,16.95191192626953,16.95191192626953,16.95191192626953,16.95191192626953,30,
2013-08-05,16.104320526123047,16.104320526123047,16.104320526123047,16.104320526123047,150,
2013-08-06,16.104320526123047,16.104320526123047,16.104320526123047,16.104320526123047,0,
2013-08-07,16.104320526123047,16.104320526123047,16.104320526123047,16.104320526123047,0,
2013-08-08,16.104320526123047,16.104320526123047,16.104320526123047,16.104320526123047,0,
2013-08-12,15.377806663513184,15.377806663513184,15.377806663513184,15.377806663513184,60,
2013-08-13,15.377806663513184,15.377806663513184,15.377806663513184,15.377806663513184,0,
2013-08-14,15.196179389953612,15.196179389953612,15.196179389953612,15.196179389953612,373,
2013-08-16,15.196179389953612,15.196179389953612,15.196179389953612,15.196179389953612,0,
2013-08-19,15.196179389953612,15.196179389953612,15.196179389953612,15.196179389953612,0,
2013-08-20,15.196179389953612,15.196179389953612,15.196179389953612,15.196179389953612,0,
2013-08-21,15.196179389953612,15.196179389953612,15.196179389953612,15.196179389953612,0,
2013-08-22,15.196179389953612,15.196179389953612,15.196179389953612,15.196179389953612,0,
2013-08-23,15.196179389953612,15.196179389953612,15.196179389953612,15.196179389953612,0,
2013-08-26,15.196179389953612,15.196179389953612,15.196179389953612,15.196179389953612,0,
2013-08-27,15.196179389953612,15.196179389953612,15.196179389953612,15.196179389953612,0,
2013-08-28,15.196179389953612,15.196179389953612,15.196179389953612,15.196179389953612,0,
2013-08-29,15.196179389953612,15.196179389953612,15.196179389953612,15.196179389953612,0,
2013-08-30,15.196179389953612,15.196179389953612,15.196179389953612,15.196179389953612,0,
2013-09-02,15.196179389953612,15.196179389953612,15.196179389953612,15.196179389953612,0,
2013-09-03,15.196179389953612,15.196179389953612,15.196179389953612,15.196179389953612,0,
2013-09-04,15.196179389953612,15.196179389953612,15.196179389953612,15.196179389953612,0,
2013-09-05,15.196179389953612,15.196179389953612,15.196179389953612,15.196179389953612,0,
2013-09-06,15.196179389953612,15.196179389953612,15.196179389953612,15.196179389953612,0,
2013-09-10,15.196179389953612,15.196179389953612,15.196179389953612,15.196179389953612,0,
2013-09-11,15.952961921691896,15.952961921691896,15.952961921691896,15.952961921691896,789,
2013-09-12,15.952961921691896,15.952961921691896,15.952961921691896,15.952961921691896,0,
2013-09-13,15.952961921691896,15.952961921691896,15.952961921691896,15.952961921691896,0,
2013-09-16,15.952961921691896,15.952961921691896,15.952961921691896,15.952961921691896,0,
2013-09-17,15.952961921691896,15.952961921691896,15.952961921691896,15.952961921691896,0,
2013-09-18,15.952961921691896,15.952961921691896,15.952961921691896,15.952961921691896,0,
2013-09-19,15.952961921691896,15.952961921691896,15.952961921691896,15.952961921691896,0,
2013-09-20,16.740015029907227,16.740015029907227,16.740015029907227,16.740015029907227,64,
2013-09-23,17.55733871459961,17.55733871459961,17.55733871459961,17.55733871459961,225,
2013-09-24,17.55733871459961,17.55733871459961,17.55733871459961,17.55733871459961,0,
2013-09-25,18.43520736694336,18.43520736694336,18.43520736694336,18.43520736694336,150,
2013-09-26,18.43520736694336,18.43520736694336,18.43520736694336,18.43520736694336,0,
2013-09-27,18.43520736694336,18.43520736694336,18.43520736694336,18.43520736694336,0,
2013-09-30,19.343345642089844,19.343345642089844,19.343345642089844,19.343345642089844,375,
2013-10-01,19.343345642089844,19.343345642089844,19.343345642089844,19.343345642089844,0,
2013-10-03,20.28175163269043,20.28175163269043,20.28175163269043,20.28175163269043,55,
2013-10-04,20.28175163269043,20.28175163269043,20.28175163269043,20.28175163269043,0,
2013-10-07,20.28175163269043,20.28175163269043,20.28175163269043,20.28175163269043,0,
2013-10-08,20.28175163269043,20.28175163269043,20.28175163269043,20.28175163269043,0,
2013-10-09,20.28175163269043,20.28175163269043,20.28175163269043,20.28175163269043,0,
2013-10-10,20.28175163269043,20.28175163269043,20.28175163269043,20.28175163269043,0,
2013-10-11,21.280704498291016,21.280704498291016,21.280704498291016,21.280704498291016,226,
2013-10-14,21.280704498291016,21.280704498291016,21.280704498291016,21.280704498291016,0,
2013-10-15,20.58446502685547,20.58446502685547,20.58446502685547,20.58446502685547,186,
2013-10-17,19.55524253845215,19.55524253845215,19.55524253845215,19.55524253845215,30,
2013-10-18,19.55524253845215,19.55524253845215,19.55524253845215,19.55524253845215,0,
2013-10-21,19.55524253845215,19.55524253845215,19.55524253845215,19.55524253845215,121,
2013-10-22,20.28175163269043,20.28175163269043,20.28175163269043,20.28175163269043,66,
2013-10-23,21.189891815185547,21.189891815185547,21.189891815185547,21.189891815185547,225,
2013-10-24,20.64500999450684,22.24938735515128,20.64500999450684,20.64500999450684,78,
2013-10-25,21.67423248291016,21.67423248291016,21.67423248291016,21.67423248291016,187,
2013-10-28,22.73372840881348,22.73372840881348,21.79531929016762,22.73372840881348,1357,
2013-10-29,21.94667625427246,22.70345879136339,21.825591256194286,21.94667625427246,108,
2013-10-30,21.94062042236328,21.94062042236328,21.94062042236328,21.94062042236328,0,
2013-10-31,21.795318603515625,21.795318603515625,21.06880867625296,21.795318603515625,20,
2013-11-01,21.795318603515625,21.795318603515625,21.795318603515625,21.795318603515625,0,
2013-11-05,21.795318603515625,21.795318603515625,21.795318603515625,21.795318603515625,0,
2013-11-06,21.795318603515625,21.795318603515625,21.795318603515625,21.795318603515625,0,
2013-11-07,21.795318603515625,21.795318603515625,21.795318603515625,21.795318603515625,0,
2013-11-08,21.29584312438965,21.29584312438965,21.29584312438965,21.29584312438965,150,
2013-11-11,21.29584312438965,21.29584312438965,21.29584312438965,21.29584312438965,0,
2013-11-12,20.841773986816406,20.841773986816406,20.841773986816406,20.841773986816406,300,
2013-11-13,20.841773986816406,20.841773986816406,20.841773986816406,20.841773986816406,0,
2013-11-14,21.795318603515625,21.795318603515625,21.795318603515625,21.795318603515625,57,
2013-11-18,21.795318603515625,21.795318603515625,21.795318603515625,21.795318603515625,0,
2013-11-19,21.52287673950196,21.52287673950196,21.52287673950196,21.52287673950196,7,
2013-11-20,21.52287673950196,21.52287673950196,21.52287673950196,21.52287673950196,0,
2013-11-21,20.88718032836914,20.88718032836914,20.88718032836914,20.88718032836914,7,
2013-11-22,21.886131286621094,21.886131286621094,20.16066902780483,21.886131286621094,1679,
2013-11-25,21.886131286621094,21.886131286621094,21.886131286621094,21.886131286621094,0,
2013-11-26,21.886131286621094,21.886131286621094,21.886131286621094,21.886131286621094,0,
2013-11-27,20.79636573791504,20.79636573791504,20.79636573791504,20.79636573791504,19,
2013-11-28,20.79636573791504,20.79636573791504,20.79636573791504,20.79636573791504,0,
2013-11-29,21.795318603515625,21.795318603515625,21.795318603515625,21.795318603515625,6,
2013-12-02,21.795318603515625,21.795318603515625,21.795318603515625,21.795318603515625,0,
2013-12-03,21.795318603515625,21.795318603515625,21.795318603515625,21.795318603515625,0,
2013-12-04,21.795318603515625,21.795318603515625,21.795318603515625,21.795318603515625,106,
2013-12-05,21.795318603515625,21.795318603515625,21.795318603515625,21.795318603515625,0,
2013-12-06,21.795318603515625,21.795318603515625,21.795318603515625,21.795318603515625,0,
2013-12-09,21.795318603515625,21.795318603515625,21.795318603515625,21.795318603515625,0,
2013-12-10,21.976947784423828,21.976947784423828,20.88718112008651,21.976947784423828,950,
2013-12-11,21.976947784423828,21.976947784423828,21.976947784423828,21.976947784423828,0,
2013-12-12,21.795318603515625,21.97694695139944,21.386655686845188,21.795318603515625,141,
2013-12-13,21.795318603515625,21.795318603515625,21.795318603515625,21.795318603515625,0,
2013-12-16,21.432064056396484,21.432064056396484,20.79636655858524,21.432064056396484,162,
2013-12-17,21.29584312438965,21.29584312438965,21.29584312438965,21.29584312438965,450,
2013-12-18,21.29584312438965,21.29584312438965,21.29584312438965,21.29584312438965,0,
2013-12-19,20.61473846435547,20.61473846435547,20.61473846435547,20.34229595672792,300,
2013-12-20,19.979042053222656,19.979042053222656,19.979042053222656,19.979042053222656,4,
2013-12-23,19.979042053222656,19.979042053222656,19.979042053222656,19.979042053222656,0,
2013-12-24,19.979042053222656,19.979042053222656,19.979042053222656,19.979042053222656,0,
2013-12-26,19.979042053222656,19.979042053222656,19.979042053222656,19.979042053222656,0,
2013-12-27,19.343345642089844,19.97904316285337,19.343345642089844,19.343345642089844,277,
2013-12-30,20.29688835144043,20.29688835144043,20.29688835144043,20.29688835144043,1330,
2013-12-31,20.29688835144043,20.29688835144043,20.29688835144043,20.29688835144043,0,
2014-01-01,20.29688835144043,20.29688835144043,20.29688835144043,20.29688835144043,0,
2014-01-02,21.29584312438965,21.29584312438965,21.29584312438965,21.29584312438965,537,
2014-01-03,22.34020233154297,22.34020233154297,22.34020233154297,22.34020233154297,966,
2014-01-06,22.385608673095703,23.02130617380688,22.385608673095703,22.385608673095703,160,
2014-01-07,23.42996406555176,23.42996406555176,22.70345422326182,23.42996406555176,200,
2014-01-08,23.248340606689453,23.248340606689453,23.248340606689453,23.248340606689453,100,
2014-01-09,22.748863220214844,24.51973355899692,22.748863220214844,22.748863220214844,30,
2014-01-10,23.15752601623535,23.15752601623535,22.70345687866211,23.15752601623535,538,
2014-01-13,24.06566429138184,24.292698860168457,22.47642230987549,22.47642230987549,1350,
2014-01-14,25.200834274291992,25.24624049003988,23.42996414594676,23.42996414594676,1232,
2014-01-15,26.426820755004883,26.426820755004883,26.10897205314804,26.426820755004883,3142,
2014-01-16,25.11002349853516,27.334963013095223,25.11002349853516,27.334963013095223,1761,
2014-01-17,25.382465362548828,25.65490615094327,23.92944378279381,24.65595370660317,2052,
2014-01-20,24.519731521606445,24.519731521606445,24.156476586232102,24.3381031878512,1335,
2014-01-21,25.15542984008789,25.15542984008789,23.61159414541764,23.61159414541764,23,
2014-01-22,25.29165267944336,25.29165267944336,24.06566559514995,24.06566559514995,488,
2014-01-23,24.519731521606445,24.519731521606445,24.519731521606445,24.519731521606445,100,
2014-01-24,23.793222427368164,24.746766880362507,23.38455952914989,23.38455952914989,3026,
2014-01-27,24.973800659179688,24.973800659179688,24.973800659179688,24.973800659179688,410,
2014-01-28,24.973800659179688,24.973800659179688,24.973800659179688,24.973800659179688,0,
2014-01-29,24.79217529296875,26.199790719724056,24.701362847227944,26.154382764717283,593,
2014-01-30,24.06566429138184,25.881940841674805,24.06566429138184,25.881940841674805,48,
2014-01-31,24.519731521606445,24.973800623858416,23.611593317102503,24.065662419354474,444,
2014-02-03,24.928396224975582,25.15543079266339,24.51973331028302,24.51973331028302,103,
2014-02-04,24.56513977050781,24.92839646805956,24.56513977050781,24.56513977050781,1083,
2014-02-05,24.02025604248047,24.882986291748672,23.9748480932751,24.02025604248047,1333,
2014-02-06,23.929443359375,24.792173662116028,23.929443359375,23.97484957925853,1101,
2014-02-07,23.929443359375,23.929443359375,23.838629187471664,23.884035407355203,1525,
2014-02-10,25.01920890808105,25.01920890808105,23.6115952676706,24.06566440743349,339,
2014-02-11,23.793222427368164,23.92944281606218,23.793222427368164,23.88403486507336,401,
2014-02-12,23.65699958801269,24.24729080798511,23.42996503637289,23.70240753762236,2575,
2014-02-13,23.65699958801269,23.65699958801269,23.65699958801269,23.65699958801269,0,
2014-02-14,23.33915328979492,23.38455950860764,23.33915328979492,23.38455950860764,100,
2014-02-17,23.066713333129883,24.33810665407977,23.066713333129883,23.33915587256398,646,
2014-02-18,23.293745040893555,24.156477044389543,22.93049009862963,23.066710485461577,256,
2014-02-19,23.6115951538086,23.6115951538086,23.6115951538086,23.6115951538086,10,
2014-02-20,22.839675903320312,22.88508385363533,22.794269685141497,22.794269685141497,86,
2014-02-21,23.15752601623535,23.15752601623535,22.748863099564915,22.748863099564915,210,
2014-02-24,22.61264038085937,24.11106803443307,22.47642000001379,23.248337800986945,5352,
2014-02-25,23.33915328979492,23.429965727420345,22.340200886689296,22.340200886689296,1170,
2014-02-26,22.70345687866211,24.42891925501317,22.5672364838174,22.5672364838174,3301,
2014-02-28,23.793222427368164,23.793222427368164,22.431015076155543,22.476421295008148,113,
2014-03-03,22.658048629760746,22.703454846599485,22.658048629760746,22.703454846599485,150,
2014-03-04,22.97589874267578,23.566190034831315,22.385609182656623,23.566190034831315,3,
2014-03-05,23.97484970092773,23.97484970092773,22.249387354552923,22.249387354552923,16,
2014-03-06,24.201885223388672,24.51973397317187,22.79427155852408,22.79427155852408,27,
2014-03-07,22.249385833740234,23.97484806217449,22.06775750142668,23.20293024804608,1468,
2014-03-10,22.97589874267578,23.61159625785726,22.703457940247365,23.61159625785726,1105,
2014-03-11,22.748863220214844,22.748863220214844,22.022353289099087,22.022353289099087,327,
2014-03-12,23.520782470703125,23.520782470703125,21.88613416468376,21.88613416468376,9,
2014-03-13,23.47537422180176,23.47537422180176,22.703456359162967,22.748862579026788,611,
2014-03-14,23.47537422180176,23.47537422180176,23.384560049937853,23.384560049937853,3,
2014-03-18,24.24729347229004,24.24729347229004,22.022353928888045,22.022353928888045,68,
2014-03-19,22.15857315063477,23.56618848993481,21.976946538301263,23.56618848993481,1076,
2014-03-20,21.840723037719727,22.15857175444637,21.568282270317543,22.15857175444637,676,
2014-03-21,21.886131286621094,21.886131286621094,21.886131286621094,21.886131286621094,150,
2014-03-24,21.976947784423828,22.29479480706388,21.976947784423828,22.249388584439977,80,
2014-03-25,21.886131286621094,23.611593545437355,21.840723336675083,21.840723336675083,152,
2014-03-26,22.34020233154297,22.34020233154297,21.97694736113909,22.02235358288845,24300,
2014-03-27,22.839675903320312,23.520779568819744,22.113166019642065,22.703455516647665,394,
2014-03-28,23.15752601623535,23.15752601623535,23.15752601623535,23.15752601623535,101,
2014-03-31,24.973800659179688,24.973800659179688,24.973800659179688,24.973800659179688,1,
2014-04-01,24.973800659179688,24.973800659179688,24.973800659179688,24.973800659179688,0,
2014-04-02,24.973800659179688,24.973800659179688,24.973800659179688,24.973800659179688,0,
2014-04-03,24.47432518005371,24.47432518005371,22.703454997401906,22.703454997401906,6,
2014-04-04,24.47432518005371,24.47432518005371,24.47432518005371,24.47432518005371,0,
2014-04-07,26.06356811523437,26.06356811523437,24.4743261992356,24.4743261992356,106,
2014-04-09,25.56409072875977,26.06356779260109,25.42787034121621,26.06356779260109,2200,
2014-04-10,27.51658821105957,27.92525111535834,25.427870934310032,25.427870934310032,8466,
2014-04-11,30.24100112915039,30.241001129150387,28.333912309868005,28.3793185266562,23224,
2014-04-15,31.42158317565918,31.73943365296492,30.64966702156583,31.73943365296492,15397,
2014-04-16,30.922107696533203,32.51134968424036,30.649666905780784,32.51134968424036,9119,
2014-04-17,32.19350814819336,32.465948985285166,31.28536971503853,31.28536971503853,8331,
2014-04-21,30.8767032623291,32.102688623800695,30.60426245581017,31.87565404098945,13792,
2014-04-22,29.42367935180664,30.513442430984977,29.33286345236022,30.422629995810897,5252,
2014-04-23,27.97065734863281,30.42263131135795,27.97065734863281,30.42263131135795,4935,
2014-04-24,27.97065734863281,27.97065734863281,27.97065734863281,27.97065734863281,0,
2014-04-25,26.790077209472656,27.244146314717955,26.608448874520068,27.244146314717955,2230,
2014-04-28,25.60950088500977,26.880894165143392,25.47327875359773,26.880894165143392,3678,
2014-04-29,26.790077209472656,26.880891376948952,25.42786989373676,25.42786989373676,700,
2014-04-30,25.518686294555664,27.244148699069463,25.47327834077542,25.609500469979828,2030,
2014-05-02,25.15542984008789,25.881939736323176,24.51973238177985,25.70031139619624,3232,
2014-05-05,25.15542984008789,26.24519468444082,25.01920771892458,26.24519468444082,1481,
2014-05-06,24.61054801940918,25.881941279704225,24.61054801940918,25.881941279704225,399,
2014-05-07,24.882986068725582,24.973800234186218,24.156476209312807,24.610545304479828,1988,
2014-05-08,24.24729347229004,24.79217507038849,24.156479295228177,24.20188551769093,1014,
2014-05-09,23.929443359375,24.74676744223249,23.74781501556833,24.70136122234896,7143,
2014-05-12,23.6115951538086,24.51973342895508,23.6115951538086,24.11107051228464,800,
2014-05-13,24.79217529296875,24.79217529296875,23.974851156346904,24.79217529296875,2392,
2014-05-14,25.518686294555664,26.01816166118408,24.701362180010847,26.01816166118408,4554,
2014-05-15,25.518686294555664,26.33601040910048,24.51973382916252,26.33601040910048,1046,
2014-05-16,25.518686294555664,25.518686294555664,24.33810547831419,25.4278721191315,2204,
2014-05-19,25.42787170410156,26.79007911682129,24.292698860168457,26.79007911682129,2290,
2014-05-20,26.699264526367188,26.699264526367188,25.70031209286259,26.15438122335229,3237,
2014-05-21,27.42577743530273,27.698218233267216,26.790079930537143,27.289555304184145,2504,
2014-05-22,28.697168350219727,28.78798251944378,28.60635418099568,28.60635418099568,5581,
2014-05-23,29.968563079833984,30.104785206814995,28.83339023590088,28.83339023590088,3023,
2014-05-26,30.286407470703125,31.46698989769325,30.286407470703125,30.69507035202492,3988,
2014-05-27,29.060422897338867,30.241001884688785,29.060422897338867,30.241001884688785,6752,
2014-05-28,29.060422897338867,29.968561112880707,27.65280935610349,29.060422897338867,2129,
2014-05-29,29.46908950805664,30.37722783826317,28.78798576040174,30.37722783826317,4175,
2014-05-30,28.924205780029297,29.96856449949346,28.19769408621429,29.96856449949346,3012,
2014-06-02,29.65071678161621,30.33182050433996,29.06042550287989,29.06042550287989,1945,
2014-06-03,31.058330535888672,31.103736758009333,28.878797231370186,30.785889738892035,7720,
2014-06-04,32.511348724365234,32.602164628116505,29.559899405762884,30.01396853170171,16736,
2014-06-05,34.10059356689453,34.10059356689453,32.92001443184832,34.009781119688206,18821,
2014-06-06,34.82709884643555,35.281167949853334,33.601113652916446,33.64651987040376,4423,
2014-06-09,36.46175384521485,36.55256628879471,35.23576507125068,36.28012549378245,11656,
2014-06-10,37.09744644165039,38.00558469935809,35.780648739392255,37.64233147483853,4774,
2014-06-11,36.87041473388672,38.09640355534336,35.826057735171204,38.09640355534336,3383,
2014-06-12,35.50820541381836,36.59797204425429,35.05413627315944,35.05413627315944,5370,
2014-06-13,33.73733901977539,34.963324331401175,33.73733901977539,34.690883535959074,3957,
2014-06-16,32.19350814819336,35.14495805594655,32.102692226313955,35.14495805594655,9742,
2014-06-17,32.057281494140625,32.102687716565114,31.96646904929165,31.96646904929165,1725,
2014-06-18,32.465938568115234,33.3740767098807,32.42053235388138,33.3740767098807,600,
2014-06-19,33.601112365722656,33.96436902025016,33.601112365722656,33.96436902025016,450,
2014-06-20,33.056236267089844,33.60111787393097,32.78379199939651,33.60111787393097,845,
2014-06-23,33.056236267089844,33.55571165073967,31.78484123209686,33.056236267089844,2155,
2014-06-24,34.69088363647461,34.69088363647461,33.14704783879929,33.14704783879929,9128,
2014-06-25,36.37093734741211,36.416343568465535,34.50925457004075,34.50925457004075,8899,
2014-06-26,38.09640121459961,38.18721365611762,35.46279883930629,38.09640121459961,15104,
2014-06-27,38.77750778198242,39.68564612130626,38.595879421263085,39.4586115364753,8396,
2014-06-30,38.14180374145508,39.50401101793562,37.36988767049167,38.3234320711736,2332,
2014-07-01,37.23366928100586,38.59587669372559,36.87041258523823,38.59587669372559,754,
2014-07-02,38.45965194702149,38.50506162910376,35.50820275383674,35.553612435919014,6665,
2014-07-03,39.1861686706543,39.68564403821042,36.77960081205752,36.77960081205752,4360,
2014-07-04,38.14180374145508,41.09325284049624,37.687734649294896,39.45860480157405,9437,
2014-07-07,40.00349044799805,40.412153365901005,38.141807671187465,40.36674714486125,7017,
2014-07-08,38.59587097167969,40.86621632295496,38.09639568725355,40.820810108783874,7665,
2014-07-09,38.91372680664063,39.50401811825473,37.778553872208015,38.7321019085497,13650,
2014-07-10,37.4607048034668,38.550471454240366,37.23367022890033,37.82396150848221,8109,
2014-07-11,35.78064727783203,39.54941881480948,35.68983137720737,39.54941881480948,1050,
2014-07-14,36.64337539672852,38.77750226931244,34.05518288330618,38.77750226931244,3742,
2014-07-15,36.59797286987305,38.141808675795495,36.2347196277148,38.141808675795495,1655,
2014-07-16,37.4607048034668,39.91267890163916,37.09744809845138,38.82291225086559,5394,
2014-07-17,38.09640121459961,38.959133266111046,37.869366646532,38.00558530880902,1624,
2014-07-18,38.09640121459961,38.368842003426224,37.23366916308817,38.368842003426224,4894,
2014-07-21,38.50506210327149,39.8672694399777,38.1418054277742,39.8672694399777,9763,
2014-07-22,38.50506210327149,39.00453743387595,37.3244796400415,38.550468321640544,7533,
2014-07-23,38.05099487304688,39.32238637162588,37.914772746929714,39.00453936304928,4604,
2014-07-24,38.23261642456055,40.321337033594034,37.50610656520086,37.50610656520086,5857,
2014-07-25,37.914772033691406,40.68459301036406,37.73314369037611,40.68459301036406,3669,
2014-07-28,41.68354797363281,41.68354797363281,39.95808387513391,39.95808387513391,13976,
2014-07-30,45.81557846069336,45.81557846069336,44.31714886255743,45.81557846069336,13169,
2014-07-31,46.40586471557617,50.265452405017705,45.40691399342977,50.265452405017705,38086,
2014-08-01,44.90744018554688,46.67831058539333,43.318198140810544,45.406915563895176,16089,
2014-08-04,46.36045837402344,47.67725956926725,44.816622609402174,44.816622609402174,15227,
2014-08-05,46.85992813110352,47.67725386884982,45.63394298875625,47.63184765325773,22087,
2014-08-06,46.81452178955078,48.08591660834146,46.45126860151929,47.94969449765954,2224,
2014-08-07,48.26755142211914,49.03946758167722,45.72476144276221,47.63185392727991,14412,
2014-08-08,46.40586471557617,47.94970048420731,46.31505227329836,46.58749306440441,10326,
2014-08-11,46.40586471557617,48.13132883303555,45.179879423462616,45.45232021456867,12187,
2014-08-12,46.36045837402344,48.44917571944158,45.81557679322657,48.44917571944158,3671,
2014-08-13,45.13446807861328,46.76911610395533,45.13446807861328,46.76911610395533,5999,
2014-08-14,45.40691375732422,46.678308728238335,41.00244450857281,42.682498931884766,7289,
2014-08-18,46.496681213378906,46.67830956451674,44.99825164683264,45.40691457082458,4778,
2014-08-19,50.12923049926758,51.12818115680236,45.906386385301,46.6783059518255,70631,
2014-08-20,52.899051666259766,54.26125900530508,50.08382455127507,51.44603189032039,40760,
2014-08-21,52.30876541137695,54.21585794608436,50.40167634094229,53.67097288005107,26053,
2014-08-22,50.67411422729492,52.30876240283233,49.94760431197524,51.76388083241071,11676,
2014-08-25,49.6297607421875,50.35627070779923,48.676212731532274,49.72057318878668,5869,
2014-08-26,47.81348037719727,50.356266791202536,46.81452622093885,49.40272231898462,20770,
2014-08-27,52.53579711914063,52.58120680370028,45.99720439816597,45.99720439816597,43470,
2014-08-28,50.87239456176758,55.1695192777672,50.82618963986416,54.06058352603733,9000,
2014-09-01,51.750301361083984,53.92196438311709,50.17930936472346,50.17930936472346,15981,
2014-09-02,52.85923767089844,53.13647072616696,51.28824565743072,51.28824565743072,9814,
2014-09-03,51.47306442260742,53.22887597109721,50.87238991707636,51.47306442260742,5803,
2014-09-04,50.82618713378906,51.75029962713068,49.44001839377663,51.75029962713068,4659,
2014-09-05,52.02753448486328,53.04406037812213,50.22551435494899,50.31792772263226,14137,
2014-09-08,52.628211975097656,54.06058576467532,50.964810041226514,51.75030432174047,19657,
2014-09-09,51.98133087158203,53.59852783203125,50.96480847795494,53.13647155761719,11083,
2014-09-10,51.6116828918457,53.50611638021305,50.82618865901742,53.50611638021305,10492,
2014-09-11,54.753665924072266,56.740509220008455,52.720617707925584,53.13646904023891,20569,
2014-09-12,63.48652648925781,64.41063899740082,56.41706791708939,57.47979871153765,71181,
2014-09-15,67.50642395019531,69.49326027330363,63.80997378564896,68.66156462661604,82214,
2014-09-16,59.92869567871094,69.21602935072723,58.219088922036526,68.56914635467541,39142,
2014-09-17,60.15972137451172,62.14656462771191,58.21908656573755,58.21908656573755,17550,
2014-09-18,61.40727233886719,64.2258182626473,53.55231967368088,60.0673120442025,25190,
2014-09-19,62.83964920043945,64.50305449944211,61.40727202349722,63.62514340536119,17048,
2014-09-22,63.85617065429688,64.68787329242609,61.68450774670631,64.64166484847831,20719,
2014-09-23,63.67135238647461,64.68787472202263,62.83964972996484,64.36443675849628,30640,
2014-09-24,64.27203369140625,67.18298272029276,62.83965635146244,64.13341539231176,21137,
2014-09-25,60.34455108642578,64.68787716137933,59.88249482098736,64.68787716137933,14510,
2014-09-26,71.24906921386719,72.40420978818545,67.13677158946156,72.35800839546386,318230,
2014-09-29,68.61536407470703,72.35802311713178,66.76713877976543,71.1104654027102,87325,
2014-09-30,71.24906921386719,72.08077183746005,67.50641798332713,68.61535011450525,65062,
2014-10-01,75.684814453125,84.97214076112238,70.27875778870582,71.15666183533793,211399,
2014-10-07,78.59577178955078,84.27905808527332,77.76406912053172,78.2723267707408,196122,
2014-10-08,75.82344055175781,80.3515865858255,67.22919067608986,79.9357387420175,70908,
2014-10-09,76.37789916992188,79.19643805119516,74.8531121421281,78.5495621244554,56295,
2014-10-10,76.932373046875,77.94889548485791,75.68482246160417,76.14687875618,27512,
2014-10-13,77.16339111328125,78.0412951381152,75.36137462002476,76.60892504231145,20002,
2014-10-14,73.14350128173828,77.34820866760887,72.82006333673569,75.77722033450003,40220,
2014-10-15,73.14350128173828,73.14350128173828,73.14350128173828,73.14350128173828,0,
2014-10-16,70.46358489990234,75.49999568897346,69.35465261344875,73.09730436804429,20273,
2014-10-17,70.00151824951172,72.08077126682394,67.04436122283505,70.23254636254642,39443,
2014-10-20,76.28549194335938,77.16339602406434,71.34148428232061,73.92900217874428,27721,
2014-10-21,75.40758514404297,76.70134416657513,74.02141627356269,74.85311900593476,12049,
2014-10-22,74.99173736572266,77.16340052120563,73.18971360234103,74.85311906847492,10969,
2014-10-27,75.54619598388672,76.93236471753602,75.22275802278564,75.962043783814,13838,
2014-10-28,74.80690002441406,76.65512492483609,74.06761429449634,76.51651369763921,13253,
2014-10-29,76.0544662475586,77.6254547740077,74.4834706706902,74.4834706706902,31729,
2014-10-30,77.20960235595703,77.6254501616555,75.77722515780655,77.16339391069326,16447,
2014-10-31,69.30844116210938,79.47367919921875,65.61199096679688,77.57924565395341,89888,
2014-11-03,66.3974838256836,69.03120312432542,63.94858421274962,69.03120312432542,92037,
2014-11-05,70.78701782226562,72.49662457902055,67.09056773180352,67.18297757398126,37906,
2014-11-07,68.56914520263672,72.91247821600369,67.73744958663055,71.15666304253274,19641,
2014-11-10,69.81669616699219,70.87941980989848,68.93878513754225,70.78700997796118,16452,
2014-11-11,68.10708618164062,69.35464365579426,67.50641871680354,69.35464365579426,23328,
2014-11-12,69.21603393554688,70.14014651933142,67.9222749081646,69.21603393554688,11898,
2014-11-13,77.53304290771484,79.47367781640368,67.46021489066824,69.21603011297493,114713,
2014-11-14,77.99510192871094,85.38800245180354,76.70134292708586,81.73775358827496,300701,
2014-11-17,78.64197540283203,80.72122860881395,78.2261275818033,78.54956555931666,37007,
2014-11-18,81.36811065673828,83.17012726054922,78.64197447739107,80.3515812387741,64843,
2014-11-19,85.01834869384766,88.43756207115011,80.6750228307425,81.32189875063689,234702,
2014-11-20,82.43083190917969,88.99203627797176,73.0048872602963,85.94246221781717,70866,
2014-11-21,88.11412811279297,90.47061787877428,83.17012749930687,84.23285831632627,172128,
2014-11-24,84.60250091552734,89.45409146714546,83.90941655101047,89.45409146714546,56634,
2014-11-25,79.38126373291016,86.68175376174045,77.16339236270088,85.0183484714788,51463,
2014-11-26,80.35157775878906,81.69154509242716,78.0412965460531,79.4736737181169,35776,
2014-11-27,83.95561981201172,86.4969292050856,79.56608540579319,79.56608540579319,35286,
2014-11-28,82.80048370361328,85.89625935972234,81.78396130091737,85.01835525067116,24031,
2014-12-01,81.92257690429688,86.82036906569043,80.39778982511604,83.30874569438508,41614,
2014-12-02,82.1073989868164,84.14045083522419,81.41431457153587,82.24601727995636,15041,
2014-12-03,84.69491577148438,85.94246629143754,81.36811203480288,81.83016830518696,22908,
2014-12-04,81.83016967773438,86.127287424047,80.39779239535063,86.127287424047,20062,
2014-12-05,81.2294921875,83.07771723363007,79.7047051143589,81.9687779757006,19279,
2014-12-08,78.68817901611328,82.61565705282057,76.28548798021139,80.39778569259624,16482,
2014-12-09,77.48683166503906,80.39778744824909,76.70133745062844,76.88615713034193,14671,
2014-12-10,77.53304290771484,79.42746936959858,76.70134021815703,76.70134021815703,10844,
2014-12-11,80.07435607910156,80.85985035821173,75.68482134537007,76.7937536158292,18433,
2014-12-12,76.932373046875,81.32190784534534,75.77723231043544,79.47368266704204,11385,
2014-12-15,75.17655181884766,79.47367643132274,73.46694507314136,78.36474423151839,6673,
2014-12-16,71.75733947753906,75.31517131355574,69.40084970216202,74.8531150478284,17488,
2014-12-17,71.98836517333984,72.08077501327308,66.2126620472763,71.48010047807871,19016,
2014-12-18,75.5924072265625,77.62545195766712,71.1566642945282,73.92900186444487,22438,
2014-12-19,75.03793334960938,78.54956372452021,74.85311366689574,74.85311366689574,22030,
2014-12-22,74.34484100341797,76.7013304830028,73.09729065263349,74.39104944435815,5378,
2014-12-23,73.65177154541016,76.60893610150697,73.09730539439813,76.60893610150697,9123,
2014-12-24,72.58904266357422,75.31517182988713,71.15666540983202,75.31517182988713,5684,
2014-12-26,73.32832336425781,75.77722282918722,70.41736766256506,75.31516659242389,8646,
2014-12-29,71.1104507446289,73.92899655859266,70.60219312353969,73.92899655859266,11694,
2014-12-30,70.64839935302734,72.91247925789389,70.32496138102327,71.15666405933304,2362,
2014-12-31,70.7408218383789,72.08078227851685,70.04773739339316,72.08078227851685,10412,
2015-01-01,78.04129791259766,81.78395636293334,71.15666259825838,72.08077509953446,51430,
2015-01-02,78.04129791259766,82.8928885442971,76.83995589119007,82.8928885442971,15876,
2015-01-05,76.60893249511719,79.15024203050731,75.86963962829053,77.62545489918938,3998,
2015-01-06,73.23591613769531,75.91584381654019,73.00488801107798,75.91584381654019,11518,
2015-01-07,73.14350128173828,75.5461922237241,72.6352366178639,73.00488300518904,6298,
2015-01-08,72.820068359375,74.85311305426144,72.21939381984343,73.00488804057598,10633,
2015-01-09,73.3745346069336,75.68481587887472,71.5263095893807,75.68481587887472,11101,
2015-01-12,72.45042419433594,74.853115376587,70.60219912330909,73.23591843943852,8303,
2015-01-13,73.28211975097656,75.77722053374973,71.66492297129288,75.77722053374973,2993,
2015-01-14,72.08077239990234,74.80690135639787,71.38768804990329,74.80690135639787,4873,
2015-01-15,71.572509765625,73.6979713197799,69.72428477954901,72.21939274100288,13316,
2015-01-16,73.42073822021484,73.9290029355645,71.84974972800175,73.9290029355645,6707,
2015-01-19,75.49999237060547,75.77722895524356,72.08077876230485,73.42073913707745,16188,
2015-01-20,76.74755096435547,78.54956763703743,75.77722995573022,77.6254550766017,14526,
2015-01-21,74.34484100341797,77.85647100232514,73.46693702890028,77.85647100232514,6858,
2015-01-22,73.09729766845703,75.77722534058591,72.08077532397196,74.34484813898045,18051,
2015-01-23,76.19306945800781,77.16339036055345,74.57587265404412,75.26895699859999,15088,
2015-01-27,65.75060272216797,77.67165482692332,60.99142215878512,77.25579999104411,114897,
2015-01-28,68.01467895507812,71.20287132744643,62.83965033737785,65.56577940684653,36679,
2015-01-29,66.72091674804688,68.9849965038122,66.53609707633558,67.50641797886622,6677,
2015-01-30,64.45684814453125,66.30507318093358,62.83965123767921,66.30507318093358,17735,
2015-02-02,63.902381896972656,66.53610115771508,63.30170735143727,63.80997205544851,12151,
2015-02-03,64.41064453125,66.53610630275584,63.763768540141015,65.1037289719037,3508,
2015-02-04,62.93206405639648,64.68787933412077,62.83965421028875,64.0872047587915,6329,
2015-02-05,62.56241226196289,64.87269346883625,61.45348010283117,62.885857271260136,13077,
2015-02-06,60.29833984375,62.83964918582375,58.31149658440858,62.83964918582375,9201,
2015-02-09,59.37422943115234,62.3775951222223,58.68114504090543,59.60525756123464,8730,
2015-02-10,61.08383941650391,63.301710992757386,58.45012000426138,58.958381212299976,4461,
2015-02-11,60.52936935424805,62.83965062731095,60.06731309963546,60.760397481554335,840,
2015-02-12,61.4534797668457,62.839648483391095,59.65146325550417,62.793440039338776,1939,
2015-02-13,62.10035705566406,62.839649874353405,56.786713716498014,61.03763332312404,10915,
2015-02-16,63.902381896972656,64.68787612555633,61.13004434873453,61.453482319278514,4969,
2015-02-18,61.176246643066406,64.59546723304543,60.15972427052851,63.48652796720666,7528,
2015-02-19,60.2059326171875,61.96174783070181,58.81976382500552,60.9914268560068,22816,
2015-02-20,60.15972137451172,62.70103070873042,59.83628341478582,60.06731153607843,8126,
2015-02-23,58.95838165283203,62.83965517767132,58.21909229696019,60.2983455932802,7724,
2015-02-24,58.12667846679688,60.52936959005893,55.862602105332925,58.91217269261461,11324,
2015-02-25,58.12667846679688,59.79007675963109,58.03426510038866,58.08047002098802,3680,
2015-02-26,57.618412017822266,60.02110306824462,57.38738389661975,60.02110306824462,1860,
2015-02-27,58.311500549316406,59.14320325517617,57.479801368666266,57.57221121366862,6392,
2015-03-02,58.54252243041992,60.067309386467805,58.403907677730544,60.067309386467805,6663,
2015-03-03,62.37760162353516,63.7637705485026,56.55569284371385,57.757038540310326,40615,
2015-03-04,58.72734832763672,62.60862151005469,58.26529208033005,61.915537139094674,20496,
2015-03-05,60.34455108642578,62.10035925475652,59.28182026583359,60.52937077243352,2395,
2015-03-09,60.945220947265625,62.51621654074145,59.79008023901253,60.067316829161015,2469,
2015-03-10,59.790077209472656,61.49969101139726,59.14320126579562,60.52937004546271,4058,
2015-03-11,60.29833984375,61.03763265433896,59.46663719444211,60.99142420977012,4192,
2015-03-12,58.91217803955078,62.56241997634335,58.54253159078733,61.45348768047258,4568,
2015-03-13,58.26529312133789,62.65483107438723,56.92532927516593,60.99142573419612,13897,
2015-03-16,58.12667846679688,58.21908830799562,57.01774274636459,57.75703205158296,3282,
2015-03-17,56.50948333740234,58.21909012953501,55.63157571770871,57.757033858665686,3343,
2015-03-18,56.3708610534668,58.03426280574035,56.3708610534668,56.87912221038242,1523,
2015-03-19,58.45011901855469,58.68114715696795,56.74051220438042,56.78671712702115,2909,
2015-03-20,54.060585021972656,57.941858497822885,53.59852873973357,57.75703527988532,7688,
2015-03-23,54.98469543457031,56.09363117358675,52.67441411379005,53.59852664210216,6873,
2015-03-24,53.04405975341797,54.52263836684175,52.67441333745728,54.52263836684175,4505,
2015-03-25,51.888919830322266,54.9384904660958,50.31792782849665,52.67441406863031,9564,
2015-03-26,54.24540710449219,55.44675270812634,50.04069572916786,51.75030252758458,16293,
2015-03-27,55.63157653808594,56.83292215502004,52.443387517030686,55.446753321970775,7957,
2015-03-30,54.98469543457031,58.86596875852307,53.78334985280648,54.98469543457031,5976,
2015-03-31,55.816402435302734,56.83292488494962,52.48959496105785,55.90881228519434,4706,
2015-04-01,55.58536911010742,57.29497585039842,55.03089948675207,56.83291959354037,2293,
2015-04-06,59.60525894165039,60.06731521251589,56.83292131645735,56.83292131645735,8227,
2015-04-07,64.22582244873047,71.11045815004539,57.11015508390114,60.067315959244326,16246,
2015-04-08,62.47000503540039,65.61198901818605,62.007948774708936,63.763763975420254,5329,
2015-04-09,63.39411926269531,64.45685010096715,61.961749046258674,62.8858615925091,1232,
2015-04-10,61.4534797668457,65.61198591648187,60.66798557088705,63.30170472223956,3373,
2015-04-13,63.44033050537109,64.68788108769269,61.361077184695255,63.76376850072565,5661,
2015-04-15,61.91553497314453,65.6119848222875,60.99142251085879,64.68787236000175,17418,
2015-04-16,62.00794982910156,63.53273692539487,61.08383729200492,63.255500344098216,3022,
2015-04-17,60.52936935424805,63.16308859545597,60.06731309963546,61.91553811808578,4393,
2015-04-20,63.94858551025391,72.08077875394342,62.37759699860488,62.37759699860488,33812,
2015-04-21,65.1961441040039,71.89596018207354,64.04100340088846,65.7044017831231,75794,
2015-04-22,65.70439910888672,68.80017465715103,64.87269642641088,64.87269642641088,15621,
2015-04-23,66.35128784179688,68.24571445129911,65.65820338822833,66.53610754258062,4685,
2015-04-24,63.30170822143555,70.92563658387121,62.23897740325464,70.602198608882,43409,
2015-04-27,51.103424072265625,60.15972649231617,50.64136779037315,60.15972649231617,73673,
2015-04-28,53.783348083496094,55.21572175021716,52.07373784723401,55.21572175021716,15169,
2015-04-29,54.52263641357422,56.186038175387154,54.10678509181864,54.93848773532979,5817,
2015-04-30,54.24540710449219,54.56884508520575,53.13647134528774,54.56884508520575,4274,
2015-05-04,52.81303024291992,57.29497441182576,51.75029946874585,57.29497441182576,4442,
2015-05-05,52.07373809814453,54.01437646823522,51.19583404106599,52.16615146350662,5842,
2015-05-06,50.41033935546875,52.2123595493832,47.73041505124567,51.75030327018512,14416,
2015-05-07,51.14962768554688,52.21235851676847,50.040695457570784,50.96480799769058,2237,
2015-05-08,51.65789031982422,52.258561331556,49.902075154310985,50.59515953145419,11613,
2015-05-11,51.93512344360352,52.67441274195752,50.91859757380849,51.057215859529,1976,
2015-05-12,51.70409393310547,52.72061625047249,51.05721449241312,51.93512205298064,4206,
2015-05-13,50.45654296875,52.67441446141993,50.08690007011139,50.826189392598174,1938,
2015-05-14,51.28824615478516,51.65789258220077,48.37729023321352,50.04069563137422,3458,
2015-05-15,50.918601989746094,53.09026867818592,50.8261921413911,51.01101536331083,1838,
2015-05-18,50.27172088623047,50.87239188984555,49.53242807376668,49.53242807376668,897,
2015-05-19,50.59516143798828,51.28824584124839,49.16278770962596,49.94828195657026,2104,
2015-05-20,50.64136505126953,52.58200344537796,49.994485586566725,50.410336922819205,5757,
2015-05-21,50.36413192749024,50.77998326312608,49.99448551243404,50.31792700691058,596,
2015-05-22,49.44002151489258,51.05721848033299,48.97796523905246,51.05721848033299,3328,
2015-05-25,49.53243255615234,50.36413528283348,48.885556574522255,49.024171345495965,2397,
2015-05-26,48.931758880615234,49.671048195223165,48.700730749474666,49.671048195223165,906,
2015-05-27,49.44002151489258,52.62821052323131,48.2386759027502,52.62821052323131,924,
2015-05-28,49.48622894287109,50.3641366164568,49.4400240179897,50.3179316915754,595,
2015-05-29,50.45654296875,50.96480768284363,49.763458567941846,49.99448670154457,1809,
2015-06-01,50.918601989746094,52.62821238599146,50.68757384364886,50.73378229303611,7351,
2015-06-02,49.80966567993164,52.16615187448366,48.46970183590497,52.16615187448366,3605,
2015-06-03,49.53243255615234,52.67441671782584,48.65452843102302,52.67441671782584,2739,
2015-06-04,48.931758880615234,49.717253116409374,47.22214859504928,49.02416872298765,1261,
2015-06-05,47.96144485473633,49.02417221863456,47.68420825743179,48.93176236967289,1568,
2015-06-08,48.79314041137695,49.902076141792016,47.59179483893127,47.63799975994659,3856,
2015-06-09,47.96144485473633,49.71725666147635,47.22215196220392,48.46970607444502,2257,
2015-06-10,48.79314041137695,49.34761003918924,47.86902789023266,48.515907360075566,980,
2015-06-11,48.05384826660156,49.85586828164098,47.26835408001968,49.80966336334957,5551,
2015-06-12,46.66768264770508,47.17594383288571,45.65116027734384,47.17594383288571,3612,
2015-06-15,46.80630111694336,46.99112080302196,46.20562656155927,46.25183148307893,843,
2015-06-16,46.20562744140625,48.0538525390625,46.20562744140625,47.59179626464844,1616,
2015-06-17,47.083534240722656,47.129739162310464,46.25183155130394,46.71388781760111,904,
2015-06-18,48.377288818359375,48.46970218511533,46.71388699405652,46.76009191482976,484,
2015-06-19,48.562110900878906,49.20899035233648,47.59179348629725,47.59179348629725,3030,
2015-06-22,48.469703674316406,48.977964868856965,47.86902911018055,48.74693673268312,1882,
2015-06-23,48.51591110229492,51.75030517578125,47.1759471382372,48.10005973066186,3098,
2015-06-24,48.19247055053711,49.30140278249876,47.45317769561656,49.02416972450835,2817,
2015-06-25,48.23867416381836,49.02416839434682,48.00764603422652,48.56211213516314,3364,
2015-06-26,48.05384826660156,48.79313753489203,47.63799695156027,48.00764334831016,2386,
2015-06-29,46.62147903442383,49.3014033247531,45.46633834241734,49.02417026371347,2752,
2015-06-30,46.76008987426758,49.39381254592285,45.74356756077846,47.59179251272911,4645,
2015-07-01,46.94491958618164,48.0076504910472,46.29804005822911,47.22215266238706,2771,
2015-07-02,46.66768264770508,48.93175904555644,45.46633706676646,48.93175904555644,5648,
2015-07-03,46.76008987426758,47.175941193498346,46.25182871752302,46.80629831823381,2605,
2015-07-06,46.991119384765625,47.96144033344039,45.78977383546525,47.591793922020535,4154,
2015-07-07,48.146263122558594,50.826190965361526,46.99112241880038,47.49938714862173,6037,
2015-07-08,47.54558944702149,49.39381447100514,47.12973811158327,48.192468910457656,4457,
2015-07-09,48.05384826660156,48.33108130155933,47.222145636518974,48.28487638326792,2794,
2015-07-10,47.8690299987793,49.44002205896594,47.22215050044248,48.46970457406555,6876,
2015-07-13,53.50611877441406,54.75366932360215,46.806302696842494,48.007648322951326,30080,
2015-07-14,64.17961883544922,64.17961883544922,55.53916722206276,56.18604676308648,205243,
2015-07-15,62.10035705566406,69.3084373614192,60.99142487804889,65.98163377815484,97777,
2015-07-16,60.390750885009766,63.57894326243896,59.92869463179559,61.499690122975146,16898,
2015-07-17,59.28181838989258,62.83965011109896,57.75703135211302,58.81976213907567,15505,
2015-07-20,52.53579711914063,54.98469678960169,49.16278842280344,54.98469678960169,61494,
2015-07-21,50.918601989746094,54.430232630591824,50.41034077337413,53.136473602363424,11933,
2015-07-22,51.70409393310547,51.93512205298064,50.3641301327876,50.3641301327876,3034,
2015-07-23,51.796504974365234,52.76682239534257,51.75030005435859,51.75030005435859,2489,
2015-07-24,52.53579711914063,54.52264051405882,50.82619030971585,51.38065643028345,7240,
2015-07-27,52.02753448486328,53.04406037812213,51.75030143223251,52.72061887904496,2247,
2015-07-28,49.948280334472656,51.473067382210445,48.977962906462,51.28824417563474,6750,
2015-07-29,49.07037353515625,50.36413247675298,48.51590743173452,49.2551967447,6363,
2015-07-30,49.62483978271485,50.964803554099824,47.31455863384739,49.25519338881234,4976,
2015-07-31,50.45654296875,50.826189392598174,49.62484380290595,50.68757110235272,2078,
2015-08-03,49.5786361694336,52.67441158029713,49.11657992750117,51.28824285449984,11633,
2015-08-04,50.68756866455078,50.82618694812943,49.44001821318045,49.90207445816345,4535,
2015-08-05,52.35097122192383,55.58536476722728,50.50274633889329,51.28824050409759,12124,
2015-08-06,51.56547927856445,54.38402183427521,50.82618994799911,52.67441503701726,7656,
2015-08-07,50.77997970581055,52.35097157193168,49.902072175459686,51.28824084700024,5066,
2015-08-10,52.766822814941406,54.75366611791143,49.90207544923573,49.90207544923573,12591,
2015-08-11,51.01101303100586,51.7965072817385,50.364133546468025,51.7965072817385,18872,
2015-08-12,49.948280334472656,51.19583433495161,49.9020754141311,50.45654150864877,3467,
2015-08-13,50.36413192749024,50.59516005559799,49.67104754316697,50.08689887880282,897,
2015-08-14,49.67104721069336,49.90207533725472,46.436653438834256,49.90207533725472,4816,
2015-08-17,49.90207290649414,49.90207290649414,48.6545224939155,48.97796044526277,1796,
2015-08-18,50.13310241699219,51.28824302567864,49.02416672761131,50.77998186289848,3282,
2015-08-19,49.763458251953125,49.94828146270362,47.68420506273152,49.624843487797406,1185,
2015-08-20,48.931758880615234,52.58200405767819,48.839345513033294,52.58200405767819,1188,
2015-08-21,48.51591110229492,50.41034121172353,48.05385480608259,50.41034121172353,1754,
2015-08-24,44.95807266235352,50.64136218549021,43.4332856907848,48.0538479983151,10653,
2015-08-25,43.987754821777344,50.82618892336898,39.50581048134589,50.82618892336898,6945,
2015-08-26,43.84914016723633,44.496019642005024,42.78640934974422,43.433288824512914,1636,
2015-08-27,46.0670051574707,47.684201977796086,43.43328603159595,43.43328603159595,4479,
2015-08-28,46.66768264770508,49.80966665189181,45.46633706676646,47.68420501806633,515,
2015-08-31,44.357398986816406,46.39044714542069,43.71051954655013,46.39044714542069,5542,
2015-09-01,44.12637710571289,45.28151786764255,43.52570249942553,45.28151786764255,2620,
2015-09-02,43.89534759521485,44.35740388569079,43.61811452597122,43.66431944997687,1055,
2015-09-03,43.18735504150391,45.16972399644345,42.95135856586728,44.83933037096034,11272,
2015-09-04,42.66816329956055,43.140156248447234,39.17541475759498,42.479365399801786,9782,
2015-09-07,42.38497161865234,43.281755411985706,40.5913968299442,42.054574367563625,6984,
2015-09-08,41.58257675170898,45.73611600996994,40.78019020457735,42.00737111237527,6336,
2015-09-09,42.66816329956055,44.36733719534853,41.11058512782631,42.95135834868847,7354,
2015-09-10,45.500125885009766,47.15210138373196,42.10177412702591,42.10177412702591,9684,
2015-09-11,46.53850936889648,48.0960877189806,45.3113282814773,47.199300293205525,3448,
2015-09-14,45.31132507324219,48.52087870633841,45.31132507324219,46.25531101226807,2502,
2015-09-15,45.594520568847656,48.143283348688215,45.594520568847656,48.143283348688215,236,
2015-09-16,45.68892288208008,50.83364359335256,44.83933405949194,50.83364359335256,1464,
2015-09-18,45.500125885009766,47.246498543250624,45.31132796495165,45.31132796495165,1231,
2015-09-21,44.46173858642578,45.12252949811155,43.234557522449805,45.12252949811155,2501,
2015-09-22,42.14897155761719,46.01931227802777,41.01618776595396,44.55613486426379,12116,
2015-09-23,42.47936630249024,43.32895506894824,42.33776697440707,42.66816420626096,955,
2015-09-24,43.28175735473633,44.13134620878983,41.29938816330599,42.47937068225759,2328,
2015-09-28,44.17854309082031,45.02813191220984,42.76256412251825,42.76256412251825,701,
2015-09-29,42.14897155761719,43.42335107260056,42.10176938215673,43.42335107260056,1077,
2015-09-30,44.36734008789063,45.31132604720744,43.04575830443881,43.04575830443881,2569,
2015-10-01,44.27294158935547,46.25531060337772,42.99855842232355,44.36733874201536,1555,
2015-10-05,44.60333633422852,46.25531175401476,43.47055246902811,46.20811317651071,6275,
2015-10-06,45.02812957763672,46.25531056633538,44.46173585906927,44.83933167144757,7775,
2015-10-07,45.78331756591797,47.199296459709245,45.35852317757647,45.35852317757647,1240,
2015-10-08,45.87771224975586,47.62408828540517,44.93372637135742,45.64171578015625,22384,
2015-10-09,47.4352912902832,51.6832278237414,47.15209624159007,48.09608213791412,8324,
2015-10-12,48.61527633666992,49.087269310812346,47.05769808159167,47.05769808159167,7638,
2015-10-13,49.13446807861328,49.98405687577342,47.67129057330027,48.61527652524681,7913,
2015-10-14,48.756874084472656,50.456048015949406,48.615274756424384,49.559260674024856,8247,
2015-10-15,48.756874084472656,50.97523955042557,48.37927827702426,49.70086000207313,2825,
2015-10-16,50.97523880004883,51.44723175190113,49.55925994449191,50.5976429981588,11250,
2015-10-19,56.639156341552734,58.99912118911743,51.54163083040476,51.54163083040476,111475,
2015-10-20,52.53281784057617,58.999119946280295,50.97523963358617,57.96073687563396,74547,
2015-10-21,52.674415588378906,54.562387499080806,52.01362469942911,52.39122052197775,19146,
2015-10-23,51.49443435668945,55.60077551976728,50.88084563187603,53.33520773317119,52129,
2015-10-26,49.18166732788086,52.86321403117449,48.42647927621107,52.86321403117449,5577,
2015-10-27,47.62409210205078,49.74806049866436,47.293694857520734,49.18166676562169,7894,
2015-10-28,47.4352912902832,49.04006803423816,47.293691965426426,47.6240891897521,10920,
2015-10-29,49.93685531616211,51.73042635713649,46.538503931490986,47.24649335316992,8329,
2015-10-30,49.55926132202149,51.68322966439384,48.94566902715014,49.08726835704985,2967,
2015-11-02,47.29369354248047,49.60645978579989,46.53850552044285,49.60645978579989,1851,
2015-11-03,48.14328384399414,50.03125575944489,47.199297886268766,50.03125575944489,11669,
2015-11-04,47.5768928527832,48.61527594716887,47.246495612918245,47.90728649162757,2485,
2015-11-05,47.152099609375,48.61527713297897,47.152099609375,48.61527713297897,4035,
2015-11-06,47.34089279174805,48.143279340345686,46.16091045497487,47.10489632439341,3442,
2015-11-09,46.25531005859375,47.6240903621644,45.78331709881218,47.6240903621644,2901,
2015-11-10,45.500125885009766,46.39691330452026,43.09296230707587,46.39691330452026,10251,
2015-11-13,46.96330261230469,47.19929910784391,45.31132714353015,46.53850820012994,4652,
2015-11-16,46.7273063659668,47.1049022012516,45.68892322046473,46.53850844832439,2619,
2015-11-17,48.19048309326172,50.03125645668346,45.31132660227936,47.62409295114151,14122,
2015-11-18,48.85126876831055,50.92803840233651,47.24649206924411,48.14327936587127,3079,
2015-11-19,48.898468017578125,50.64484406168256,48.19047860535155,49.040067340431584,10560,
2015-11-20,49.3232650756836,50.92804188447454,49.18166574510594,50.92804188447454,2874,
2015-11-23,51.022438049316406,51.40003385619654,46.96329932994718,50.550445091226486,14443,
2015-11-24,53.66559600830078,55.69516709716493,50.739241211400255,50.97523768215096,19439,
2015-11-26,54.37358856201172,56.63915625252078,52.9576096556987,52.9576096556987,27034,
2015-11-27,52.72161102294922,56.26155814448172,51.96642302389304,56.26155814448172,7900,
2015-11-30,52.39122009277344,53.76000043702299,51.96642569614142,52.863213066582205,4517,
2015-12-01,53.14640808105469,54.27919193734248,52.86321301723789,53.76000038684158,7585,
2015-12-02,52.39122009277344,53.94879834675062,51.63603205488353,52.91041164375896,6432,
2015-12-03,53.09920883178711,54.60958488703861,51.49443202244454,52.01362356637346,14727,
2015-12-04,52.06082534790039,54.42079016691636,51.54163020690045,54.42079016691636,2787,
2015-12-07,52.01362228393555,53.85439553158919,50.12565046091037,53.85439553158919,9549,
2015-12-08,51.022438049316406,53.71280007104126,50.26725003657664,53.71280007104126,3186,
2015-12-09,50.97523880004883,51.91922470375344,49.27606489358462,50.50324584819652,2946,
2015-12-10,50.07844924926758,51.58882878878936,49.559257745471456,50.50324360728996,3189,
2015-12-11,51.022438049316406,55.69516905461073,50.97523947371151,55.64797047900584,9393,
2015-12-14,49.98405456542969,54.56238478034434,49.60645876169591,54.56238478034434,8836,
2015-12-15,49.98405456542969,51.258434101245385,49.65365733690752,50.97523904895528,16787,
2015-12-16,50.03125,51.4472287735849,49.41765775770512,51.4472287735849,21909,
2015-12-17,51.069637298583984,51.63603101637552,49.37046334725046,51.02243872235649,13323,
2015-12-18,51.069637298583984,51.91922607476101,50.739243663971,50.975240146129,5413,
2015-12-21,52.62721633911133,53.28800721962716,51.30563457807967,52.72161349303333,18429,
2015-12-22,52.43841552734375,53.71279864086669,52.202419054582506,53.33520284404055,1740,
2015-12-23,52.86321640014648,54.279195410864695,52.86321640014648,52.86321640014648,4757,
2015-12-24,53.14640808105469,54.18479478307708,50.97524112376511,51.9192270705015,5404,
2015-12-28,55.31757354736328,57.96073700780018,53.80719751370264,53.80719751370264,6884,
2015-12-29,54.65678787231445,55.69517097551755,54.043195565226775,54.751185026779964,1612,
2015-12-30,58.385528564453125,60.792695576432,53.80719822598378,53.80719822598378,50224,
2015-12-31,59.65990829467773,61.83107509696242,58.7159224153348,59.18791535500627,36500,
2016-01-01,57.394344329833984,59.47111411434869,56.6391562993797,59.47111411434869,8177,
2016-01-04,58.95192337036133,62.20867562207934,57.96073884184384,60.3679022971065,30452,
2016-01-05,60.46230316162109,61.3590869360234,58.81032414309214,61.3590869360234,9705,
2016-01-06,61.689483642578125,65.13503398203619,59.47111798359826,59.47111798359826,37317,
2016-01-07,56.82795333862305,61.35908505311016,56.54475828165895,61.35908505311016,24605,
2016-01-08,58.4327278137207,59.943103791685736,57.205543280476185,58.479926387840784,3103,
2016-01-11,58.62152862548828,59.70711395600579,57.58314547535736,57.63034405472317,2169,
2016-01-12,56.78075408935547,59.659910402888514,56.07276465482994,59.47111250014428,8797,
2016-01-13,53.42960357666016,59.235118636414185,51.21123802431027,59.235118636414185,11508,
2016-01-14,54.37358856201172,55.69517031497877,50.975240627268704,53.38240404779672,1861,
2016-01-15,51.4000358581543,56.6391571768046,50.597645637537184,54.37358944932416,13110,
2016-01-18,45.54732131958008,55.97836517101037,44.41453747847449,54.467989116883295,17664,
2016-01-19,47.24649429321289,48.14328163205328,44.98093025937562,44.98093025937562,2220,
2016-01-20,45.83051681518555,46.72730418129328,44.556137232467606,46.72730418129328,5192,
2016-01-21,47.76568984985352,50.03125767557069,46.25531370005592,47.10490253495506,8167,
2016-01-22,47.95448303222656,50.031252733835125,47.7656851318948,50.031252733835125,6995,
2016-01-25,41.48818206787109,46.20811168649077,41.15778483395541,46.20811168649077,38616,
2016-01-27,42.9985580444336,43.42335242971095,41.48818200902576,41.53538058494092,7032,
2016-01-28,42.3377685546875,43.7065489068401,41.53538193498803,43.42335384112385,3820,
2016-01-29,42.00737380981445,44.36733863059055,40.780192823215,41.53538084565923,5405,
2016-02-01,42.85696029663086,43.28175106086525,42.007371566121385,42.007371566121385,2535,
2016-02-02,42.00737380981445,44.839331594745765,41.53538084565923,44.839331594745765,3272,
2016-02-03,41.86577606201172,42.47936837900563,40.02500631307135,41.535382415027726,1492,
2016-02-04,41.34658432006836,43.80094997622204,40.685793427987726,41.5353822322372,3295,
2016-02-05,41.62977981567383,43.14015952752733,41.53538265912954,43.14015952752733,945,
2016-02-08,41.535377502441406,42.47936335476962,41.29938103935935,41.535377502441406,2335,
2016-02-09,43.51774978637695,44.792132948207495,39.26981311564955,41.53538078044571,2527,
2016-02-10,41.81857681274414,43.4233536459508,40.59139579947574,43.23455573598167,1895,
2016-02-11,38.04263305664063,43.42335369069128,37.47624292717029,41.91297761142331,6734,
2016-02-12,37.14584732055664,38.70342564674874,35.30507751817424,37.57064173688365,1729,
2016-02-15,40.11940383911133,40.4969996685936,37.33464449948652,37.47624383579755,1829,
2016-02-16,37.2402458190918,39.17541626372216,34.597085923912246,38.79782044968769,13762,
2016-02-17,36.9570541381836,39.36421776994179,35.210677839872865,36.43785894615931,5248,
2016-02-18,37.09864807128906,37.80663755204275,36.95705233575075,37.05144949277629,896,
2016-02-19,37.38183975219727,37.99543202026182,35.87146377068197,37.57063765014177,6354,
2016-02-22,38.60902786254883,39.45861308041871,35.49387126063045,35.49387126063045,1752,
2016-02-23,37.33464050292969,38.70342073700338,36.24905891116252,38.70342073700338,4410,
2016-02-24,37.09864807128906,40.49699973951919,36.34346001202261,36.81545299919173,3917,
2016-02-25,37.75943756103516,38.56182416879892,36.62665371399999,38.56182416879892,428,
2016-02-26,36.20185852050781,37.6650395744512,35.305074779085096,36.8154508077112,1668,
2016-02-29,36.6738510131836,38.13703204851907,35.54107080663033,36.10746090990696,9711,
2016-03-01,37.47624206542969,37.52344064163015,36.20185890189408,37.004249101384026,6364,
2016-03-02,37.287445068359375,38.3258281741586,37.09864715793571,37.09864715793571,3055,
2016-03-03,40.11940383911133,41.0633898117963,37.33464449948652,37.33464449948652,8716,
2016-03-04,40.11940383911133,40.59139682545381,38.70342488008387,40.59139682545381,3551,
2016-03-08,41.063385009765625,41.62977508673359,38.70342035403197,39.1754132851787,1014,
2016-03-09,41.01618957519531,41.53538111897843,39.64740924993396,40.59139518445619,4637,
2016-03-10,40.63859558105469,41.91297881034772,40.16660259265447,40.40259908685458,2348,
2016-03-11,39.553016662597656,40.59139987002717,38.46743127217691,39.69461240850842,5230,
2016-03-14,37.80663299560547,41.44098071941031,37.24024291967186,40.59139200448963,2245,
2016-03-15,40.21379852294922,40.59139432921054,38.892220403075584,38.892220403075584,1786,
2016-03-16,41.15778732299805,42.19617406250377,39.17541820370099,39.17541820370099,2058,
2016-03-17,42.00737380981445,42.38496962154685,39.64740898903836,40.5913949173488,694,
2016-03-18,40.025001525878906,41.96017180037333,38.51462200355088,41.96017180037333,2776,
2016-03-21,41.535377502441406,41.535377502441406,38.703419945456766,39.17541287162087,3855,
2016-03-22,39.41141128540039,40.59139365921477,39.3642127106519,40.59139365921477,5407,
2016-03-23,40.87459182739258,41.34658481293064,39.93060585631644,41.34658481293064,2403,
2016-03-28,39.033817291259766,41.6297786337528,38.79782080557858,41.53538147988856,29580,
2016-03-29,38.42022705078125,39.97780163330049,37.75943619712743,38.79781925214026,2927,
2016-03-30,40.025001525878906,41.06338452165048,39.64740574504184,40.49699445141512,2551,
2016-03-31,38.98661804199219,41.34658285810577,38.939419465874025,41.06338780037624,1297,
2016-04-01,39.64741134643555,40.40259941378255,39.03381901614193,40.35540083476475,5192,
2016-04-04,40.96899032592773,41.06338747742165,39.12821706363231,39.22261421512624,2615,
2016-04-05,39.1754150390625,42.00737275272967,39.1282164640388,39.64740799134036,3604,
2016-04-06,40.591400146484375,40.78019807667223,38.56182869875176,39.128222489315306,714,
2016-04-07,39.694610595703125,41.53538401664496,39.17541901569923,40.11940501607752,522,
2016-04-08,41.48818206787109,41.53538064385319,39.175415834543344,39.64740879640532,3500,
2016-04-11,41.063385009765625,42.33776448345368,40.11939914747216,41.20498432951776,809,
2016-04-12,42.00737380981445,42.19617171568065,40.5913949173488,42.00737380981445,1893,
2016-04-13,42.14897155761719,45.35852143280585,40.5913933939527,41.53537928683532,2543,
2016-04-18,43.5649528503418,45.12252750070214,41.67698095825367,41.72417953535175,4192,
2016-04-20,44.27294158935547,45.54732115536684,43.89534577667477,44.60333522468566,4519,
2016-04-21,42.9041633605957,46.01931636345629,42.148975299450825,46.01931636345629,3517,
2016-04-22,43.32895660400391,43.94254531172132,41.72417976662957,41.91297767708902,1203,
2016-04-25,42.80976104736328,48.04888590849138,41.582580042449365,46.72730414872525,2728,
2016-04-26,42.19617462158203,43.89534868935282,41.62978086497791,41.62978086497791,2543,
2016-04-27,41.77138137817383,44.27294577117338,41.15778902486574,41.15778902486574,5189,
2016-04-28,39.50580978393555,42.47936690789653,38.46742669992853,41.72417888307137,17463,
2016-04-29,40.35539627075195,41.34658072211021,39.883403331912746,41.34658072211021,1386,
2016-05-02,42.573760986328125,43.32895255764078,40.59139211418311,40.59139211418311,12174,
2016-05-03,42.3377685546875,43.80094966275927,42.29056997723823,42.66816579887365,1923,
2016-05-04,42.85696029663086,42.9041588703213,41.6297757745571,42.9041588703213,843,
2016-05-05,41.62977981567383,42.76256369930877,41.44098550258525,41.8185777297831,2055,
2016-05-06,41.535377502441406,42.856959136109005,41.44098035761668,42.856959136109005,136,
2016-05-09,41.62977981567383,43.23455668407161,41.62977981567383,43.23455668407161,946,
2016-05-10,43.1401596069336,43.65935117092423,41.06338974995035,42.19617363567037,4300,
2016-05-11,41.72418212890625,44.17854430077451,41.20499054651344,44.17854430077451,2044,
2016-05-12,42.10177230834961,43.37615551292664,41.62977932910344,41.72418008556507,1673,
2016-05-13,40.96899032592773,42.951359315464025,40.7801924219194,42.951359315464025,2882,
2016-05-16,41.15778732299805,42.19617406250377,41.11058874416159,42.19617406250377,1110,
2016-05-17,41.96017456054688,42.47936609258549,41.535380179416926,42.29056818974768,1220,
2016-05-18,42.19617462158203,44.79213610321042,41.53538370605428,41.53538370605428,4195,
2016-05-19,42.00737380981445,43.6121506081463,41.91297665739162,43.6121506081463,4505,
2016-05-20,41.44098281860352,42.95135883161475,40.92178768817422,41.53537996903405,928,
2016-05-23,40.63859558105469,42.43217037738381,39.836208941182605,42.43217037738381,3507,
2016-05-24,40.73299789428711,42.1017747320828,40.11940554553529,40.874593635600014,2701,
2016-05-25,40.685794830322266,41.53538366385489,40.59139767149455,40.59139767149455,842,
2016-05-26,40.40259552001953,41.15778351458599,39.83620542434979,40.87458846675111,1141,
2016-05-27,41.48818206787109,41.48818206787109,40.21379891023147,41.48818206787109,3149,
2016-05-30,41.39377975463867,42.66816286424322,41.06338613419697,41.34658118043563,2101,
2016-05-31,40.025001525878906,41.72417533760522,39.88340220780994,41.440980302487546,3889,
2016-06-01,40.591400146484375,40.96899600686008,40.3082050517131,40.96899600686008,2162,
2016-06-02,40.63859558105469,41.53538297921925,39.55301386834662,39.55301386834662,1211,
2016-06-03,41.2521858215332,42.43216823289845,40.59139495096456,40.59139495096456,803,
2016-06-06,41.48818206787109,41.72417854880208,39.8834052773363,40.59139472012925,50,
2016-06-07,42.47936630249024,43.23455431655263,40.07220293221989,40.591394466824006,5984,
2016-06-08,45.54732131958008,47.01049879720704,43.23455506086879,43.3761543913897,15600,
2016-06-09,43.42335510253906,46.255313044009,43.42335510253906,46.255313044009,2547,
2016-06-10,42.62096405029297,45.31132237595729,41.2993823739194,44.36733649312484,4706,
2016-06-13,43.94254302978516,44.41453598091286,41.53537969923795,43.61214940440394,4062,
2016-06-14,44.55613708496094,44.79213356994376,42.62096662830591,43.89534620680492,2208,
2016-06-15,43.94254302978516,44.60333388156803,43.94254302978516,44.13134093044032,5747,
2016-06-16,43.1401596069336,43.281755342010655,42.47936870684519,43.23455676365164,5795,
2016-06-17,43.32895660400391,43.42335375872332,43.04575793780442,43.04575793780442,2311,
2016-06-20,43.89534759521485,43.89534759521485,42.8569644688546,43.42335461032006,1391,
2016-06-21,43.94254302978516,44.367337406004175,43.2345536030936,44.32013883109549,3517,
2016-06-22,43.42335510253906,45.16972772603723,43.32895794489836,43.89534809278405,1378,
2016-06-23,44.50893783569336,46.1609132056138,42.99855819401092,43.61215048610386,2360,
2016-06-24,42.47936630249024,45.21692690461448,42.10177049494879,42.47936630249024,3998,
2016-06-27,43.1401596069336,44.55613856382843,41.58258131394099,41.724180650038754,3381,
2016-06-28,45.21692657470703,45.68891953017988,43.23455400110878,44.17853991205448,9846,
2016-06-29,50.456050872802734,50.88084527997918,44.36734063932898,46.20811400307975,39617,
2016-06-30,51.8248291015625,58.19673414186836,50.50324735649825,51.164038229030375,246427,
2016-07-01,49.41766357421875,52.58001870138321,48.89847201633225,52.58001870138321,18938,
2016-07-04,49.51206207275391,50.69204446914451,49.370462744778834,49.60645922405696,10904,
2016-07-05,49.65365982055664,50.50324862094339,47.86008866565889,48.851273198763,4284,
2016-07-07,52.9104118347168,54.090394273497374,47.76568768142937,48.61527647775964,25439,
2016-07-08,57.96073532104492,63.483051359492215,54.98717831509921,54.98717831509921,137922,
2016-07-11,59.56550979614258,63.24705630505391,56.87515137879848,58.621523881141776,103579,
2016-07-12,57.96073532104492,61.07588444943121,56.8751501027421,61.07588444943121,29018,
2016-07-13,58.57432174682617,58.99911610297162,57.15834296035485,58.47992460146953,19758,
2016-07-14,64.94623565673828,66.36221456900402,57.58314243213998,58.52712837365047,575132,
2016-07-15,63.95504379272461,65.70141624185949,62.303068491805526,64.56863605918842,121938,
2016-07-18,73.44210052490234,74.48048349848521,61.972671239048935,64.37983078662191,1720464,
2016-07-19,75.9908676147461,78.25643529460017,73.91410144273718,77.78444232804894,899322,
2016-07-20,75.8492660522461,77.21804993618811,74.15009574389033,75.1412766232543,305374,
2016-07-21,74.33889770507812,78.11484171549479,71.27094319661458,76.4628662109375,338816,
2016-07-22,72.73411560058594,75.94366186033186,71.83732468515277,74.3388887304589,97869,
2016-07-25,69.7133560180664,73.34770022715219,68.34457936855381,72.68691298987868,88153,
2016-07-26,68.76937103271484,70.79894214803329,67.6837858127035,70.13815490213464,50153,
2016-07-27,67.63658905029297,69.9021565795179,67.40059258270789,68.34457845304821,39287,
2016-07-28,69.8549575805664,72.6869153203191,67.82538642666879,67.87258860314772,138623,
2016-07-29,69.47736358642578,70.5157466776686,68.7221791573588,70.37415454862183,29226,
2016-08-01,67.2117919921875,71.5069306408713,66.07901181334643,68.62777081675921,57509,
2016-08-02,67.07020568847656,69.6661670920102,66.55101052695329,67.21179782158167,30893,
2016-08-03,65.22942352294922,67.02299815337733,63.38865391927137,66.92860100483708,76258,
2016-08-04,65.41822814941406,66.07901542282588,63.24705761899048,65.32382379431998,40888,
2016-08-05,68.3445816040039,74.1028942381528,66.07901397032734,66.97579770767969,343674,
2016-08-08,70.70455169677734,72.68692082430462,70.27975368242339,71.27094184720778,365859,
2016-08-09,69.76056671142578,71.79013804808156,68.43898487346097,71.27094286822486,29201,
2016-08-10,66.88140869140625,70.65735280611703,65.60702899309973,70.65735280611703,50735,
2016-08-11,67.30619812011719,69.3829642368669,66.07901355892086,68.62777262966287,34610,
2016-08-12,66.83421325683594,69.71336630350434,66.17341872002875,69.71336630350434,24083,
2016-08-16,64.89904022216797,67.87259768730114,63.81345483622514,66.92861164770598,43468,
2016-08-17,64.66304016113281,66.03181696255915,63.71905417337904,65.84302264582502,17487,
2016-08-18,66.03181457519531,66.55100973050513,64.19104484644465,64.71024000175447,20418,
2016-08-19,65.98461151123047,66.97579231982546,64.47423561096164,65.89021436784624,26681,
2016-08-22,65.98461151123047,67.02299449253776,64.94622852992318,65.60701573565316,12471,
2016-08-23,65.13502502441406,66.36220953612508,64.47423779628699,65.6070179593736,15725,
2016-08-24,64.94623565673828,66.55100887648965,64.66303699346867,65.0406328104811,26883,
2016-08-25,65.93741607666016,68.43898024319911,64.89903298924052,66.07901540722672,38048,
2016-08-26,76.1796646118164,77.40684924901986,66.73980494730179,66.78700712644091,1553878,
2016-08-29,73.86690521240234,76.84046258148886,72.21492969647002,76.2268702351628,211530,
2016-08-30,70.56295013427734,74.10289746542838,69.94935782313624,74.10289746542838,83362,
2016-08-31,70.75173950195312,73.15890639979494,69.9965551119539,71.55413326926092,42514,
2016-09-01,70.75173950195312,73.66983321802407,69.98634301700916,72.13903294870467,34240,
2016-09-02,70.32120513916016,72.23470731981757,69.36445404883145,72.04336002152445,39808,
2016-09-06,72.33038330078125,75.9660404810108,69.84283184561819,70.22553375397368,169331,
2016-09-07,72.13903045654297,74.57874124852184,71.75632857757633,73.62199020082082,33111,
2016-09-08,72.71308898925781,75.58334250199168,70.60823933302585,72.09119926827904,138700,
2016-09-09,69.65148162841797,73.52631912746807,68.88607784371521,73.52631912746807,61805,
2016-09-12,67.02041625976562,68.88607795117058,66.63771436681728,67.97716734242077,35652,
2016-09-14,68.40770721435547,69.84283393913215,67.02042096684413,67.02042096684413,11178,
2016-09-15,68.98175048828125,69.84282790868556,67.30743612060728,69.55579966874033,21319,
2016-09-16,68.35986328125,70.60823420928239,68.02500185561696,69.93850405858471,26598,
2016-09-19,72.90443420410156,75.00929109914817,68.98175597622044,69.2687842390006,183414,
2016-09-20,70.36904907226562,74.57874823708406,69.93850668079654,73.09578835384227,33759,
2016-09-21,71.85200500488281,74.96144603032222,69.84282918679287,69.84282918679287,77788,
2016-09-22,72.23470306396484,74.43523336184482,71.27795203000504,74.43523336184482,49514,
2016-09-23,70.08202362060547,73.09579128397186,69.41230071738279,71.421476726483,26912,
2016-09-26,69.50796508789062,70.6082302528313,68.98174909178776,69.65147920495788,22619,
2016-09-27,69.1252670288086,71.75633255585667,68.21635640287373,71.75633255585667,21852,
2016-09-28,75.29631042480469,77.40116727407076,68.40770526222725,69.26878273240737,991056,
2016-09-29,67.78582000732422,78.45359718152822,66.49420736727087,75.87037190142154,525771,
2016-09-30,70.7995834350586,71.66066090969568,67.06825257791914,67.06825257791914,83512,
2016-10-03,71.85200500488281,73.00011068624241,70.94309439414235,70.94309439414235,66707,
2016-10-04,71.42147064208984,73.38280600554567,70.89525462050594,71.75633206517435,54517,
2016-10-05,71.85200500488281,73.00011068624241,71.23011533990864,71.23011533990864,48471,
2016-10-06,72.13903045654297,76.92278569504806,71.08660576395809,71.32579352588334,181005,
2016-10-07,71.51714324951172,72.66524162605236,70.9430940612414,72.23470655970749,22680,
2016-10-10,74.5309066772461,75.10495583520861,70.94309031569155,70.99092348752029,64178,
2016-10-13,72.33038330078125,74.62658745148245,71.85200774019482,73.6698363303096,80154,
2016-10-14,72.61741638183594,73.57416756657835,71.7563388556813,71.7563388556813,43333,
2016-10-17,76.54008483886719,79.3624975475279,73.23929659996357,73.23929659996357,362151,
2016-10-18,83.0459976196289,84.57679790536207,77.49683837198572,77.78386661906198,583503,
2016-10-19,85.67706298828125,87.54272469311603,83.71572033494702,84.09842223065023,566509,
2016-10-20,80.60627746582031,86.9686735268663,75.10495882571982,86.44245751977978,693401,
2016-10-21,73.23930358886719,76.92279406335066,72.90443484619705,76.34874483216643,292183,
2016-10-24,74.91361999511719,76.34874675901267,73.81335468291087,73.81335468291087,204644,
2016-10-25,73.2871322631836,75.96603824332954,72.33038117019314,74.67442572767871,95951,
2016-10-26,72.80876159667969,74.62659025508745,72.33038601812143,72.76092841848309,62094,
2016-10-27,70.7995834350586,72.66524521391241,68.98175483292073,72.66524521391241,76397,
2016-10-28,76.87494659423828,80.74979132632201,69.36445219569421,71.4214684448321,1040276,
2016-11-01,74.00469207763672,78.31007179216617,72.42605138908968,78.31007179216617,94350,
2016-11-02,71.46929931640625,73.66982961426719,71.08660474237053,73.66982961426719,70750,
2016-11-03,72.76092529296875,76.82711753604677,71.2779581433676,71.80417417695038,132386,
2016-11-04,70.51255798339844,76.06171766352941,69.93850874393748,74.81793822850388,91053,
2016-11-07,71.03877258300781,73.57416457952681,70.41688287828701,71.3736340241861,33956,
2016-11-08,70.84741973876953,73.52631835834353,70.1298564354036,72.47389363995977,68187,
2016-11-09,69.1252670288086,69.84283035436717,56.687502719126776,61.23207044766436,121350,
2016-11-10,73.47848510742188,76.44441196500583,71.46930202055823,72.71308133152797,243417,
2016-11-11,70.7995834350586,72.71308569006018,70.03417961328523,72.71308569006018,63785,
2016-11-15,65.20259094238281,71.42147328480728,64.580701248254,70.56039580827752,47332,
2016-11-16,64.43717956542969,67.92932223901155,64.10231816920808,66.68554299655302,37478,
2016-11-17,62.28449249267578,66.01582308336069,61.758283789786034,64.15016143773389,26537,
2016-11-18,62.28449249267578,64.5328560218605,60.51450449308063,64.5328560218605,16122,
2016-11-21,60.61017990112305,63.767461407972704,59.31856739356874,63.767461407972704,35623,
2016-11-22,60.227481842041016,61.94963307400058,58.840192031676224,61.90179259973067,21770,
2016-11-23,61.13639831542969,63.14557421699311,59.41424337155716,60.32315766977524,35818,
2016-11-24,62.23666000366211,63.14557060010316,59.46208044165009,61.47125622813073,35927,
2016-11-25,63.52827453613281,65.01123436231995,62.188821535482255,63.04989898585987,37879,
2016-11-28,65.77664184570312,67.92933194247159,64.1501678034731,64.96340482458811,42733,
2016-11-29,65.72879791259766,67.30743869378546,65.39393648614731,65.58529108657011,28639,
2016-11-30,66.97257232666016,67.45094784327915,62.71503314852349,65.39393166193123,36119,
2016-12-01,67.8814926147461,68.83824378507053,67.02042240099982,67.16392923700276,54621,
2016-12-02,66.06366729736328,66.97257793528374,65.10691618400209,66.97257793528374,34593,
2016-12-05,65.63312530517578,66.82906420395607,65.1069165693715,66.82906420395607,11422,
2016-12-06,65.96798706054688,66.97257866022294,64.43718672248528,65.68096610309071,14426,
2016-12-07,65.20259094238281,66.8769054191894,64.86772950690786,66.15934207198657,11161,
2016-12-08,65.58528900146484,67.881485738084,65.25042028622909,67.881485738084,22576,
2016-12-09,65.5374526977539,67.92933053343836,65.39393856772647,66.87690574562357,24622,
2016-12-12,66.3506851196289,68.40770137614038,65.96798323246352,66.68554653361186,50084,
2016-12-13,69.69931030273438,74.33955128689361,65.63311847032342,67.92932237674758,115899,
2016-12-14,67.83365631103516,70.36904825548491,67.59446852947258,70.36904825548491,18941,
2016-12-15,70.41687774658203,71.75633071311309,67.6422981657887,67.6422981657887,90380,
2016-12-16,68.83824157714844,70.41688241743677,68.21635917592957,69.938506847618,25254,
2016-12-19,67.59446716308594,70.60823460973913,67.16392478531739,70.60823460973913,19124,
2016-12-20,65.72879791259766,68.74256534951407,65.39393648614731,67.45095281924463,14778,
2016-12-21,66.25501251220703,66.5898739314438,65.58528967373348,65.72879649666962,17115,
2016-12-22,65.15475463867188,66.68555508418473,64.58070538403359,66.01583217034545,9866,
2016-12-23,64.81988525390625,66.54204010662393,63.91097465351334,66.54204010662393,16420,
2016-12-26,64.72421264648438,69.26878032034011,59.03154293560613,66.87690259725815,53170,
2016-12-27,64.34150695800781,66.01582126546526,62.66719265055036,65.48960527763477,26790,
2016-12-28,65.05907440185547,66.20717279505676,64.1501637821904,65.96798502152052,25789,
2016-12-29,64.91556549072266,65.48961473342082,63.28909141983913,64.58070404076807,9412,
2016-12-30,65.96798706054688,66.73339087929357,65.15475006527339,66.35068896992023,24861,
2017-01-02,61.279911041259766,69.26878128807785,54.05643729686216,66.39852798027985,509459,
2017-01-03,65.34610748291016,66.54204643904372,62.95422957064305,62.95422957064305,77639,
2017-01-04,64.81988525390625,66.54204010662393,64.10232194851245,64.58069748544165,29234,
2017-01-05,65.15475463867188,66.01583217034545,64.58070538403359,65.53745657490816,31639,
2017-01-06,66.15933990478516,66.73338910385675,65.15474833183619,66.44636085460516,35202,
2017-01-09,67.59446716308594,69.84283080443836,66.01582637679792,66.01582637679792,114591,
2017-01-10,68.35986328125,69.65148310779853,67.16392440439516,67.9293282053549,60862,
2017-01-11,68.21635437011719,69.84282827314387,67.64229788723117,69.46012638436365,46318,
2017-01-12,67.06824493408203,69.5079629509246,66.73338353750762,69.12526108365485,20113,
2017-01-13,67.92932891845703,68.8860800299846,66.30285494863286,67.92932891845703,27483,
2017-01-16,67.8814926147461,68.83824378507053,66.97258192271075,68.83824378507053,5810,
2017-01-17,67.45095825195312,68.55122356985015,66.97258266151374,67.92933384239251,14495,
2017-01-18,66.7812271118164,68.07283958687655,66.54203934608559,67.3552762896841,12922,
2017-01-19,67.73798370361328,68.16851879729712,66.54204477734491,66.5898779547365,16230,
2017-01-20,66.82906341552734,67.92932864931096,66.30285468593112,67.0204180167337,15398,
2017-01-23,65.63312530517578,67.92932945072029,60.84936971005464,67.88148897499637,28072,
2017-01-24,65.96798706054688,66.97257866022294,65.15475006527339,65.68096610309071,20935,
2017-01-25,70.75173950195312,73.19145767764729,65.58528950542907,66.82906153074983,447490,
2017-01-27,71.89984130859375,74.57873981085635,68.98174774958568,72.61740458053694,347180,
2017-01-30,73.00011444091797,75.0571235393864,72.61741252744761,72.61741252744761,160194,
2017-01-31,71.51714324951172,74.43523696408043,70.89525358745576,73.71767365388466,36908,
2017-02-01,73.52632141113281,74.24388474429175,70.12985934717285,71.27795776045448,62887,
2017-02-02,71.56498718261719,73.66983674116342,70.89525701440208,73.1914611779091,36290,
2017-02-03,71.75633239746094,73.19145904541016,71.51714462280273,71.8520060474379,37853,
2017-02-06,72.71308898925781,75.29631423094543,71.80417829666496,72.23471340380217,80957,
2017-02-07,72.37822723388672,74.00470129779927,71.89985165044983,72.23471309896922,42026,
2017-02-08,71.32579803466797,73.1914597758483,70.79958200539573,72.71308422175778,21802,
2017-02-09,72.56957244873047,73.14362167236644,71.66066178625951,72.28255148662844,36682,
2017-02-10,71.46929931640625,73.19145409729143,71.27795202938839,73.19145409729143,30098,
2017-02-13,71.08660888671875,72.90443011766071,69.84282955029701,72.33038092370896,10987,
2017-02-14,69.07742309570312,71.94767625424089,68.59904756928016,71.94767625424089,23064,
2017-02-15,68.0250015258789,70.08201784398456,67.21176455344595,68.64689119871525,17278,
2017-02-16,70.41687774658203,72.71308178928794,66.39852614642027,67.92932640841373,124308,
2017-02-17,69.84283447265625,71.85201044280515,69.3644588940764,70.03418178431536,16622,
2017-02-20,69.2687759399414,70.65606201182754,68.88607406856318,69.84282509729323,27323,
2017-02-21,73.52632141113281,74.38739887080988,69.36445553869731,69.36445553869731,223333,
2017-02-22,72.71308898925781,73.6698401601691,70.79958664743523,73.00011726030407,37304,
2017-02-23,71.37362670898438,73.00010786997125,70.9909248299621,72.61740599094897,17799,
2017-02-27,70.70391082763672,72.23471119438634,69.41229824629897,71.03877226732696,25501,
2017-02-28,71.56498718261719,73.1914611779091,70.22553414561877,70.22553414561877,26719,
2017-03-01,70.89525604248047,72.23470906111598,70.79958239102758,71.18228429627084,9653,
2017-03-02,70.22553253173828,72.23470839134636,69.74715697947771,71.27795728682521,19974,
2017-03-03,69.36445617675781,70.65606872843867,68.9817542689997,69.84283173659752,14870,
2017-03-06,69.6036376953125,70.75173601587511,68.8860744201031,68.8860744201031,10496,
2017-03-07,68.98175048828125,70.3212034423067,68.50337495466012,69.79498743555091,14533,
2017-03-08,68.88607788085938,70.1776903812392,68.74256375872129,68.9339183547159,11056,
2017-03-09,69.46012878417969,69.84283068618208,68.88607958089192,69.36445513353699,4657,
2017-03-10,68.3120346069336,70.22553693598253,67.6423044121072,69.55580674115615,14621,
2017-03-14,67.92932891845703,70.7039086017733,67.25960606016042,70.6082349505069,22839,
2017-03-15,68.50337982177734,68.98175538938672,67.54662868655858,68.98175538938672,28813,
2017-03-16,69.84283447265625,70.41688370706564,68.50338139274629,69.3644588940764,9285,
2017-03-17,70.84741973876953,71.85200398382301,69.26877901147819,69.84282819428466,30009,
2017-03-20,69.84283447265625,70.79958562981592,68.55122187037709,68.55122187037709,12666,
2017-03-21,68.83824157714844,70.79958433317816,68.12067822242028,70.79958433317816,13817,
2017-03-22,69.50796508789062,69.84282649476009,67.92932439901323,68.8382349747205,13899,
2017-03-23,68.74256134033203,69.65147921560951,68.02499805431724,69.50796509852032,9483,
2017-03-24,68.59905242919922,70.22553371392456,68.40770512484649,68.8860806851601,14382,
2017-03-27,67.25960540771484,69.31661443799992,66.49420160614484,69.0295934869849,38185,
2017-03-28,68.59905242919922,68.8860806851601,67.06825209608202,68.40770512484649,11908,
2017-03-29,68.55121612548828,69.9385022673364,68.21635470843164,69.26877943322312,33958,
2017-03-30,70.84741973876953,72.09119175161165,69.36445265870736,69.60364042649601,42220,
2017-03-31,75.15280151367188,75.96603848541909,70.79958110691972,70.79958110691972,177789,
2017-04-03,76.68360137939453,79.12331228101753,75.58333616520461,76.34873995753627,131981,
2017-04-05,74.62657928466797,77.92736737171744,74.00468966407621,76.54008131760817,47361,
2017-04-06,76.87494659423828,77.97521177860797,73.81334610675259,75.00928493771283,110637,
2017-04-07,79.17115020751953,82.66329303607584,75.77468102506793,75.77468102506793,515552,
2017-04-10,77.83170318603516,80.36709514760182,77.06630665952663,79.41034401489227,65158,
2017-04-11,78.16656494140625,79.98439356085493,76.63576458271385,76.63576458271385,35455,
2017-04-12,76.82711029052734,79.26682102662744,75.82251879367782,79.26682102662744,52662,
2017-04-13,79.31466674804688,81.51518987336708,75.82252381286762,76.10955205937663,89147,
2017-04-17,83.18950653076172,84.19409812129992,79.41034254622606,79.41034254622606,394604,
2017-04-18,82.6154556274414,86.01192493586503,82.28059420393959,85.96408446132267,209412,
2017-04-19,81.70654296875,84.57679618334708,80.41493048206759,83.04599592878158,53131,
2017-04-20,83.95491027832031,85.77273885534407,82.37626947986726,82.66329773392481,170474,
2017-04-21,82.37627410888672,85.10301347793181,81.41952294084057,85.10301347793181,118680,
2017-04-24,73.62199401855469,80.8454677230495,72.61740974603374,80.8454677230495,424747,
2017-04-25,72.42605590820312,76.34874128796908,72.13903495565086,74.9614478026223,100631,
2017-04-26,71.6128158569336,73.71767258257776,71.32579491668531,72.42605280345076,98338,
2017-04-27,72.80876159667969,74.24388833235444,71.23012072755104,72.52174062920396,67341,
2017-04-28,69.31661224365234,72.76092194224962,68.981750828353,72.76092194224962,147638,
2017-05-02,69.79499053955078,70.94309625096014,68.74256577866596,69.84283101481306,43780,
2017-05-03,69.31661224365234,72.04335863828042,69.0295913017235,70.32120378898178,62699,
2017-05-04,69.74715423583984,70.79957894952763,69.46012599600165,70.56039118280626,43602,
2017-05-05,68.12067413330078,70.27336406826447,67.45095129552911,69.89066947492722,47762,
2017-05-08,68.26419067382812,69.36445591722914,68.12067654652682,68.88608035917929,20089,
2017-05-09,71.89984130859375,74.14820476746286,68.50337223495688,68.93391457778145,321023,
2017-05-10,71.99551391601562,72.95226493151085,71.13443654218374,72.71307717763705,54654,
2017-05-11,70.27336883544922,72.23471160679729,69.3644581654676,71.42147459164028,51053,
2017-05-12,69.89067077636719,71.23011647685246,69.65148300136173,71.23011647685246,23079,
2017-05-15,69.89067077636719,70.60823410138356,69.65148300136173,69.89067077636719,19739,
2017-05-16,73.09578704833984,75.58333850114956,70.70390924767055,70.70390924767055,345858,
2017-05-17,72.23470306396484,74.43523336184482,71.75632754698493,73.19145409792463,76127,
2017-05-18,69.84283447265625,71.94768409863471,69.74716081682669,70.89525928564548,29812,
2017-05-19,69.22093963623047,71.08660863423668,68.40770267273462,70.22553119665162,33949,
2017-05-22,67.9771728515625,70.51255758653116,67.64230410594891,68.55122208779254,26691,
2017-05-23,66.15933990478516,68.8382386002631,64.77204643264459,68.8382386002631,39108,
2017-05-24,64.58069610595703,68.64688808299877,63.86313281589084,66.01582268608941,63069,
2017-05-25,67.40311431884766,67.78581623147282,65.05907696559528,66.68555096996242,18126,
2017-05-26,67.92932891845703,69.2209414591329,67.4987938380423,68.5512186008363,27875,
2017-05-29,71.08660888671875,74.77009912229332,67.8814868965777,67.8814868965777,467043,
2017-05-30,70.4647216796875,72.71308535919738,69.26878277575334,71.56498693119329,81584,
2017-05-31,69.69931030273438,72.13902832195333,69.46012254788667,72.13902832195333,20002,
2017-06-01,68.88607788085938,70.70390639593502,66.97257571750217,70.70390639593502,44334,
2017-06-02,69.1252670288086,70.27336542992965,68.93391972843229,68.98175290381056,12725,
2017-06-05,69.93850708007812,71.46930744869985,69.02959641417421,69.17311054548323,21247,
2017-06-06,69.07742309570312,70.512549674972,68.98174945030478,70.46471650198846,10051,
2017-06-07,68.88607788085938,70.60823274765345,68.79040423257781,70.60823274765345,4456,
2017-06-08,68.50337982177734,71.66066148777202,68.21635886087084,69.36445730336061,11303,
2017-06-09,68.55121612548828,69.0774248381683,67.06824903639703,67.92932646556513,12633,
2017-06-12,67.59446716308594,69.84283080443836,67.40311256204491,68.55121826999604,16174,
2017-06-13,71.08660888671875,72.7130828194873,67.5944659493176,67.78581324749099,86929,
2017-06-14,73.8611831665039,74.24388507243313,70.79958251793353,71.56498632979198,154290,
2017-06-15,74.62657928466797,76.25305309289476,72.09118763113601,73.76550190995869,226721,
2017-06-16,77.44900512695312,80.36709914669531,75.72685738204042,75.72685738204042,551968,
2017-06-19,74.43523406982422,78.54925917532262,73.62198984367845,78.54925917532262,76896,
2017-06-20,76.68360137939453,78.26224213893386,73.71767445811459,73.71767445811459,86599,
2017-06-21,75.67900848388672,77.49683698414175,75.20063294694756,75.77468213138826,43603,
2017-06-22,74.43523406982422,78.45358553090287,73.76550396002365,76.49224297285782,44241,
2017-06-23,71.75633239746094,76.34874059067107,70.56039352416992,76.34874059067107,76926,
2017-06-27,69.89067077636719,74.43523850147086,68.98175285168747,71.7563325016371,33422,
2017-06-28,69.84283447265625,70.32121005123608,68.55122187037709,69.84283447265625,17914,
2017-06-29,70.99092864990234,73.14361862337631,69.46012835087384,69.46012835087384,38413,
2017-06-30,72.56957244873047,73.57416406466734,69.65148585381768,70.32120873148766,35610,
2017-07-03,72.28255462646484,72.71308973803558,70.89526103469825,72.66524925922451,22958,
2017-07-04,72.13903045654297,73.76550431786221,71.23011258156828,71.23011258156828,31911,
2017-07-05,72.71308898925781,73.6698401601691,71.13444809736777,71.75633781834652,30175,
2017-07-06,74.19605255126953,76.25306162736199,72.76092586594078,73.57416286107404,62292,
2017-07-07,72.66524505615234,74.96144921705543,71.85200805942861,73.66983665761988,35099,
2017-07-10,72.52173614501953,74.14821009177618,71.03876902341138,72.42605519567842,9237,
2017-07-11,72.13903045654297,74.62658172067937,71.94767586734405,73.66983067297835,14322,
2017-07-12,72.85659790039062,74.24388407895981,71.94767997354217,74.24388407895981,18367,
2017-07-13,72.13903045654297,74.53090807579551,71.5649812878086,72.71307962527733,29741,
2017-07-14,74.05253601074219,75.58333629867718,72.90443032021727,73.95686236138967,78983,
2017-07-17,74.62657928466797,78.26223606702675,72.33037538525353,73.00010547644119,247769,
2017-07-18,75.10496520996094,77.01846750830389,73.66983848620372,75.05712473272956,76858,
2017-07-19,74.33955383300781,76.34873688208741,74.05253289701876,74.6265820684281,49107,
2017-07-20,73.90901947021484,75.48766018092124,73.57415805871503,75.39198653469718,34907,
2017-07-21,73.81334686279297,76.06171042814104,73.47848544658052,73.71767321522246,71741,
2017-07-24,66.3506851196289,70.6082317527678,66.11149735257946,70.6082317527678,333067,
2017-07-25,67.21176147460938,70.03417416124395,66.30285089401349,66.30285089401349,220677,
2017-07-26,66.58987426757812,68.40770279473716,66.30285332082555,67.21176393468932,47834,
2017-07-27,65.872314453125,67.59446942291113,65.34610570639117,67.59446942291113,25480,
2017-07-28,65.15475463867188,66.11150582954645,65.05908097947088,66.11150582954645,28853,
2017-07-31,64.86772155761719,65.96797938228367,64.29366511065788,65.82447256997477,19249,
2017-08-01,66.3028564453125,66.97257931872703,64.62854196234431,65.77664040232118,25517,
2017-08-02,64.9634017944336,66.35068798342517,64.72421401706045,66.0158265549891,21983,
2017-08-03,63.71962356567383,65.72879947145829,63.14557434965425,65.72879947145829,23631,
2017-08-04,64.05448150634766,64.91555893312727,63.48043232163839,64.91555893312727,17658,
2017-08-07,63.384761810302734,64.91556214508029,61.61477369510894,63.76746371885507,29677,
2017-08-08,61.99747467041016,64.00665053577596,61.37558499080292,63.38476085616873,32171,
2017-08-09,61.32774353027344,62.57152286950328,60.56234338670446,61.85395955058565,31197,
2017-08-10,59.36640167236328,61.18423011958848,59.17505073322658,60.56234047982312,24043,
2017-08-11,56.87885284423828,59.31856738580821,56.25696317788786,57.69208980818967,30123,
2017-08-14,58.60100555419922,59.31856888751594,57.40506666533801,57.40506666533801,9495,
2017-08-16,61.75828552246094,62.09314694268217,60.323155243712925,61.23206950537651,41439,
2017-08-17,61.75828552246094,62.09314694268217,60.94504490951321,61.85395917117679,7677,
2017-08-18,60.89720916748047,61.66260567024216,59.46208251294172,60.8015318673484,11873,
2017-08-21,60.89720916748047,62.47584994735941,60.37099314104361,62.47584994735941,5757,
2017-08-22,61.32774353027344,61.99747367425549,59.94045736680532,61.90179272552123,7176,
2017-08-23,62.61935806274414,64.15016569865362,60.3231575580276,60.3231575580276,25889,
2017-08-24,63.48043441772461,64.5806996494158,61.75828680673252,62.18882188462263,9777,
2017-08-28,64.91556549072266,66.97258196820393,63.7674670053263,64.48503038355706,22837,
2017-08-29,63.67178726196289,65.96798401327058,63.33691854458503,65.96798401327058,9646,
2017-08-30,64.10232543945312,65.48961165232528,63.81529718189181,65.39393799961545,7319,
2017-08-31,63.09773254394531,65.77663856149523,62.33233603852509,65.77663856149523,24010,
2017-09-01,64.5328598022461,66.06366742615367,63.19341408047456,65.05907583539329,39511,
2017-09-04,67.30743408203125,68.88607475505414,63.71961768853885,63.71961768853885,79060,
2017-09-05,66.7812271118164,68.83823605755637,66.58987251957296,68.55121511833818,25558,
2017-09-06,66.54203796386719,67.40310806306682,65.15474457178667,66.972573013467,22038,
2017-09-07,68.16851806640625,71.42147337086499,66.78123184658195,66.97257915296052,219010,
2017-09-08,69.62406921386719,72.00147349398115,68.31407078598116,68.6536989112349,143449,
2017-09-11,68.16851806640625,70.83703656722642,67.97444695495467,69.67259509184024,24625,
2017-09-12,67.68333435058594,68.89629733177924,67.44074175434729,68.16851954306325,12778,
2017-09-13,66.8585205078125,68.3140760744412,66.66444199025894,67.73185532845741,16039,
2017-09-14,66.32481384277344,67.48926273815076,65.50000050230105,66.13074272854645,17221,
2017-09-15,67.68333435058594,69.28444696642879,65.40296542661024,66.37333581156489,32696,
2017-09-18,66.32481384277344,69.43000349377449,66.13074272854645,66.85852051190535,21014,
2017-09-19,66.42184448242188,68.41110657099885,65.9851808060698,66.27629485919645,31027,
2017-09-20,69.2844467163086,70.64296673100847,66.4703711294314,67.00407780056514,43058,
2017-09-21,68.45963287353516,70.35185214223225,66.08222101431184,69.4785173246265,19559,
2017-09-22,65.35443878173828,67.92592157933795,65.01481065450918,67.92592157933795,21935,
2017-09-25,64.09296417236328,65.79111227409378,62.58888717806671,65.0148130376817,11437,
2017-09-26,63.413700103759766,65.79111187371747,63.07407196614814,65.79111187371747,8843,
2017-09-27,62.73444366455078,65.45147616167974,62.346294049721465,64.14147768955165,14490,
2017-09-28,63.510738372802734,65.01481542226514,62.10370428395477,62.73444651125638,8349,
2017-09-29,63.21963119506836,64.91777934549354,62.588888972814175,63.70481638090413,9317,
2017-10-03,63.02555084228516,64.43259228221339,62.58888714909189,64.23851377153112,7189,
2017-10-04,62.73444366455078,64.04444213667885,62.24925849684867,63.55925696897675,7845,
2017-10-05,61.95814514160156,63.75332880190805,61.42444219137551,62.78295845543555,22609,
2017-10-06,63.55925750732422,65.9851833663824,63.07407233551259,63.17110788920728,33938,
2017-10-09,68.26555633544922,69.86666898024762,63.6077828454359,63.6077828454359,84843,
2017-10-10,67.9259262084961,69.67259584376423,66.27629953333941,69.13888917650495,30434,
2017-10-11,65.54852294921875,69.28444747822314,65.01481627221588,67.97444892952531,17589,
2017-10-12,66.42184448242188,67.78036439144972,65.59703120301359,67.29517923846392,93991,
2017-10-13,67.00407409667969,69.8666636023867,66.08221784325646,66.47036745504845,89821,
2017-10-16,66.08222198486328,68.41111239823692,65.79111531027816,66.51889310174877,20357,
2017-10-17,66.27629852294922,68.16851776286055,65.35444223931324,65.49999927392295,37028,
2017-10-18,66.90703582763672,67.1496284265815,65.305930597272,66.27630099305114,13858,
2017-10-19,66.61592864990234,67.68333459656395,65.98518641672186,66.95555680520306,5291,
2017-10-23,66.1307373046875,67.73184977742599,65.98518027928621,66.6159224537999,10070,
2017-10-24,65.64555358886719,67.3437016478376,65.5970321115614,66.80999501082599,15339,
2017-10-25,66.76148223876953,67.97444516168804,65.54851931585104,66.80999631368338,25947,
2017-10-26,66.22777557373047,67.58629552770539,65.64555485155212,66.27629705196956,22241,
2017-10-27,64.67518615722656,66.71296243831094,64.0444439407785,66.66444095883865,33687,
2017-10-30,60.01740646362305,61.61851906972453,57.20333458537733,60.21148127976705,196061,
2017-10-31,60.16296005249024,60.84222001922312,59.289625280738086,60.50258818502217,37038,
2017-11-01,60.89073944091797,61.61851720316002,60.06592612437797,61.084814251183005,36115,
2017-11-02,59.62925720214844,61.52148007593283,59.19258981563373,60.64814530290341,25810,
2017-11-03,60.2599983215332,61.13333313266756,59.82333461763521,60.16296276548236,23035,
2017-11-06,60.114444732666016,61.03629731791858,59.19259214741345,60.21148028830558,23346,
2017-11-07,65.40296173095703,67.8288875562645,59.38666494386069,60.16296046762528,334835,
2017-11-08,66.17925262451172,71.03110420705183,65.0148112060373,67.44073699730734,204565,
2017-11-09,65.98518371582031,68.50814514193404,64.52962819267722,67.73185330492731,41943,
2017-11-10,67.14962768554688,69.86666772507982,65.7911150691189,65.98518618479761,173306,
2017-11-13,66.61592864990234,69.86666797064667,66.13074345566174,67.68333459656395,65036,
2017-11-14,64.72370147705078,67.82889113948619,64.33555924716752,66.17925704912842,18281,
2017-11-15,62.49185180664063,65.01481322733214,62.00666663330232,64.3355569459938,22262,
2017-11-16,63.21963119506836,63.51073786456677,62.15222526689735,62.15222526689735,13761,
2017-11-17,63.413700103759766,65.01481264202963,63.17110751927458,63.99592082585658,14536,
2017-11-20,63.413700103759766,65.01481264202963,62.88000085989525,63.268143072401024,20831,
2017-11-21,64.67518615722656,65.79111355504416,63.46222320380273,64.7722217128328,22705,
2017-11-22,64.23851776123047,65.59703780702799,64.0444466418331,65.45148076581064,8773,
2017-11-23,63.75333023071289,65.01481467073413,63.55925911840426,64.52962948662417,7199,
2017-11-24,65.98518371582031,67.00407554335577,63.4622222897066,63.4622222897066,48573,
2017-11-27,66.1307373046875,66.66443652670843,65.01480998106142,66.42184395215223,15625,
2017-11-28,65.3059310913086,66.81000077414134,65.11185256868141,66.08222297180137,18667,
2017-11-29,68.26555633544922,71.71037422567188,65.50000216898215,65.6455592100254,243207,
2017-11-30,70.6429672241211,73.55407838879633,66.22777899636158,67.92592717575546,207247,
2017-12-01,67.78036499023438,72.2925884335318,67.44073686081155,71.80740327625978,35124,
2017-12-04,66.08222198486328,68.6537049953938,65.25740863519763,67.44074200960945,46283,
2017-12-05,66.17925262451172,67.92592215556135,65.4029608133081,66.13073855068912,27110,
2017-12-06,66.27629852294922,67.73185406236972,65.98518445372979,67.73185406236972,16170,
2017-12-07,66.17925262451172,67.73185105359494,65.6940674662577,66.08221707352851,15947,
2017-12-08,65.7911148071289,67.2466703789385,65.20888665573429,66.47037111263799,12738,
2017-12-11,66.47036743164062,67.87740144513575,65.98518226790601,66.47036743164062,36042,
2017-12-12,66.08222198486328,68.50814795643197,65.98518642666824,66.13074346563008,33683,
2017-12-13,66.17925262451172,67.14962294101974,66.17925262451172,66.27629557883292,14079,
2017-12-14,65.7911148071289,68.26555483720213,65.64555776928026,66.17925703694068,39043,
2017-12-15,65.88814544677734,66.90702982899278,65.74258841979287,66.42184467460316,16386,
2017-12-18,66.5674057006836,68.89629606233149,64.2385153390357,65.40296422152883,27517,
2017-12-19,66.90703582763672,67.44074250665068,66.37333655196134,66.56740766978173,11513,
2017-12-20,67.68333435058594,68.89629733177924,66.47037136939264,66.47037136939264,24760,
2017-12-21,67.68333435058594,68.79926177395147,66.80999952345907,66.80999952345907,9726,
2017-12-22,70.98258972167969,72.1470311334028,67.97444323861335,67.97444323861335,122732,
2017-12-26,69.2844467163086,71.80740822741494,68.31407633485703,71.80740822741494,34503,
2017-12-27,68.65370178222656,70.351849882847,67.9259240248178,69.4300010181312,17856,
2017-12-28,71.27369689941406,74.13629377966343,68.45962889974038,68.60517852477743,186709,
2017-12-29,79.47333526611328,84.22815158864523,69.866667064128,71.85592929603924,891325,
2018-01-01,79.57036590576172,83.11221903955163,78.5999955898378,80.78332880066662,289029,
2018-01-02,77.43555450439453,80.5407365673424,76.95036934435029,79.57036624725394,86767,
2018-01-03,78.5999984741211,79.57036882565345,77.43555701361757,77.43555701361757,228690,
2018-01-04,93.34962463378906,94.31999498301072,83.06370041270704,92.08814762180384,3817290,
2018-01-05,86.07184600830078,94.99925755876647,84.61629050148619,94.3685153584792,964710,
2018-01-08,86.36296081542969,91.9425903063142,82.67555053837943,86.79962450990276,1731669,
2018-01-09,84.131103515625,87.33332852279605,83.25777615306743,87.13925742074726,197814,
2018-01-10,83.69444274902344,84.85888420854411,81.99629463527513,84.42222051205843,156656,
2018-01-11,81.89926147460938,84.08259482752844,80.92889109553424,84.08259482752844,159688,
2018-01-12,83.40332794189453,86.3629604466254,81.99629390718928,81.99629390718928,266782,
2018-01-15,79.81295776367188,85.39258702982522,79.2792511334003,83.83999601904144,252610,
2018-01-16,76.41666412353516,81.36555136705837,75.93147895449684,80.39518102898174,166580,
2018-01-17,76.95037078857422,79.9585173566385,72.7777753725463,76.41666414117361,205376,
2018-01-18,74.18480682373047,79.18221537297997,73.06888689613491,79.18221537297997,86460,
2018-01-19,73.5540771484375,75.8829601182344,72.8748134461314,74.71851863333595,63053,
2018-01-22,70.30332946777344,72.68074128660619,69.81814428882859,70.93407168106941,134032,
2018-01-23,72.68074035644531,76.0770365655938,69.96370042779124,70.15777893888837,351470,
2018-01-24,70.35185241699219,73.55407762627343,68.70222573544638,72.77777836240571,115690,
2018-01-25,70.06073760986328,73.16592722953716,69.62407390558867,69.86666649759421,110022,
2018-01-29,68.60517883300781,72.48666012264533,68.21703662671449,68.99332844263917,158077,
2018-01-30,66.08222198486328,69.3814827868644,65.98518642666824,68.6537049953938,77784,
2018-01-31,64.86925506591797,67.34370236822244,64.62666248347001,65.74258984339826,48190,
2018-02-01,67.00407409667969,68.50814366278378,64.62666235154008,64.86925493349281,97768,
2018-02-02,62.34629440307617,66.6644394587633,60.16296113604238,65.20888394740743,95775,
2018-02-05,61.86111068725586,63.65629437947326,59.14407440916904,59.532220333656205,60680,
2018-02-06,59.53221893310547,63.07407215803182,56.47555458029461,60.16296113535343,215349,
2018-02-07,62.83148193359375,63.99592342508173,60.16296339587355,60.745184141617536,76359,
2018-02-08,64.09296417236328,65.0148130376817,63.17110790370667,64.82074193024778,38840,
2018-02-09,65.93666076660156,66.85851701937027,61.86110835402459,63.17110681497161,30473,
2018-02-12,70.69147491455078,72.19555184174163,65.49999528726478,65.49999528726478,253855,
2018-02-14,68.5566635131836,72.77777285829725,68.11999243403108,71.61333145389965,43360,
2018-02-15,67.0525894165039,69.3329582485476,66.61592572221362,68.89629455425731,21192,
2018-02-16,63.898887634277344,67.68333357277776,62.78296022373591,67.10111282916348,54931,
2018-02-19,66.17925262451172,71.80740342159343,62.68592096575045,64.8692541778935,308443,
2018-02-20,65.64555358886719,67.44073719911118,64.82074029803486,67.44073719911118,23479,
2018-02-21,64.82073974609375,67.1496225701812,64.14147608628663,67.1496225701812,19177,
2018-02-22,63.12259292602539,64.72369804780901,62.637407761039306,64.57814842098365,32225,
2018-02-23,63.46222305297852,65.01481414900347,62.20073862308043,62.24926010243741,25757,
2018-02-26,65.59703063964844,68.89629113228456,63.219626371770936,63.219626371770936,162918,
2018-02-27,64.33555603027344,65.9851826348084,63.65629235526519,65.49999746837598,25725,
2018-02-28,63.31666564941406,64.57815007196375,62.44333084944414,63.17110861552936,34872,
2018-03-01,63.12259292602539,64.77221952564285,62.637407761039306,63.41369958301419,13936,
2018-03-05,62.20073699951172,63.89888508594407,61.81259108647147,63.26814288745872,29330,
2018-03-06,59.67777633666992,63.753328832473066,58.75592376674526,63.753328832473066,37578,
2018-03-07,57.34888458251953,59.96888519376037,56.37851425996138,59.28962522763585,80424,
2018-03-08,57.30036926269531,58.61037147529867,54.680368539157776,58.61037147529867,66133,
2018-03-09,56.76666641235352,58.61037158846515,56.32999900730926,58.61037158846515,24631,
2018-03-12,55.796295166015625,58.70740621815557,55.31110999065897,58.70740621815557,34283,
2018-03-13,56.42703628540039,57.25184958691717,54.82592375696305,55.7962940889447,33526,
2018-03-14,57.20333480834961,57.834073336189626,55.69926145529203,56.62111035764816,27415,
2018-03-15,59.28962707519531,62.103702578972666,57.251850814990426,57.97962857958776,78184,
2018-03-16,59.24110794067383,60.55111010793833,58.61036944680785,59.28962571686828,32372,
2018-03-19,57.34888458251953,59.04703264699631,57.05777422608589,58.51332970992313,26801,
2018-03-20,56.71814727783203,58.99851610277809,56.47555469212845,56.71814727783203,22396,
2018-03-21,56.66963195800781,59.38666829535465,56.330000102296175,57.73703790071467,67671,
2018-03-22,55.796295166015625,57.542961056965765,55.31110999065897,57.542961056965765,18653,
2018-03-23,52.88518524169922,54.77740820627734,52.40000005599556,54.3407407988102,44974,
2018-03-26,53.61296081542969,54.24370301157296,52.88518306680395,53.37036823255444,50882,
2018-03-27,54.77740859985352,55.40814712479862,54.001113037483805,54.34074118924892,18850,
2018-03-28,53.32184982299805,54.48629494730268,53.12777501866911,53.37036759866303,21386,
2018-04-02,55.26259231567383,55.31111009296541,53.46740494253224,54.82592491671132,63287,
2018-04-03,57.737037658691406,58.028148032603056,54.3407413258272,54.38925910453428,49824,
2018-04-04,58.17370223999024,62.10370135075915,57.83407040222684,58.22222001633671,114559,
2018-04-05,59.58074188232422,60.4055552117772,58.75592485120206,60.35703743386864,25704,
2018-04-06,59.09555435180664,60.40555281163226,56.76666408803995,60.40555281163226,24648,
2018-04-09,58.70740509033203,60.357035395187566,58.46481250731413,59.968885781691306,31279,
2018-04-10,58.804443359375,59.87185299496477,58.319258170925806,58.319258170925806,21008,
2018-04-11,57.785552978515625,59.28962626444909,57.44592484034871,58.90148034963963,13712,
2018-04-12,59.28962707519531,60.25999742799176,57.251850814990426,57.251850814990426,33748,
2018-04-13,59.09555435180664,60.30851725967074,58.61036918866101,59.38666470936022,15815,
2018-04-16,58.51333236694336,59.67777754722301,56.81518422535571,58.27073977528798,17164,
2018-04-17,58.07666397094727,59.04703432101602,57.785553606260464,58.31925655846446,9206,
2018-04-18,58.85296249389648,60.16296096983,58.36777732478495,59.14407285502959,41116,
2018-04-19,58.75592422485352,59.9688871679829,58.51333163622764,58.80444200224487,18499,
2018-04-20,59.28962707519531,60.114444096073775,58.46481375598599,58.75592412149109,38120,
2018-04-23,56.57258987426758,60.30851789057288,56.32999729015693,59.19259052299631,82176,
2018-04-24,56.96073913574219,57.834070212115,56.572589522908245,56.572589522908245,15435,
2018-04-25,55.69926071166992,58.22222219268527,55.35962886121108,56.86370219418827,36840,
2018-04-26,57.34888458251953,58.12518380190127,56.18444315678496,57.05777422608589,43851,
2018-04-27,55.99037170410156,57.59148061118004,55.45666873507541,57.59148061118004,15485,
2018-04-30,55.69926071166992,57.73703700774623,54.34074071317292,56.91222367401753,25465,
2018-05-02,55.31111145019531,58.17370480067084,55.02000107763339,58.17370480067084,7139,
2018-05-03,54.389259338378906,56.28148232944407,53.46740673230416,54.87444453087412,19476,
2018-05-04,54.0011100769043,54.5348130154192,53.515924914314574,54.5348130154192,7914,
2018-05-07,53.75851821899414,55.262591502927584,52.69110862593206,54.292221164690645,11374,
2018-05-08,54.82592391967773,55.74777647813002,52.982218802773154,53.70999655391932,16877,
2018-05-09,65.7911148071289,65.7911148071289,58.70740806298684,61.715554764058965,649644,
2018-05-10,62.24925994873047,71.22518576057118,61.521482180202845,71.22518576057118,702271,
2018-05-11,60.21147918701172,63.46222206484811,58.61037033822881,63.46222206484811,126451,
2018-05-14,61.47296142578125,62.88000290352779,60.40555550002282,62.58888883134895,49125,
2018-05-15,60.16296005249024,62.8314784419152,59.72629266661416,61.181848151755055,48659,
2018-05-16,61.27888870239258,62.34629460009228,59.24110875905348,60.93925686100151,39468,
2018-05-17,59.87185287475586,62.49185362745501,59.67777805943199,61.71555436615954,31580,
2018-05-18,59.58074188232422,61.13333298541307,59.192592255717415,61.13333298541307,30657,
2018-05-21,58.65888977050781,62.00666829668285,57.49444458292486,62.00666829668285,65710,
2018-05-22,57.882591247558594,61.13333034893768,56.76666389544213,59.19258970293966,79488,
2018-05-23,57.154815673828125,60.55111193318401,56.62110901459402,60.55111193318401,32793,
2018-05-24,58.41629409790039,59.144071839066086,57.49444155209004,57.97962671286717,19169,
2018-05-25,58.61037063598633,59.6292587634188,58.22222101521723,58.949998777907446,15623,
2018-05-28,60.06592559814453,61.71555221677228,58.56184860801945,60.16296115159237,27734,
2018-05-29,60.59962844848633,61.37592397983421,59.38666552398368,60.55111067184004,20000,
2018-05-30,59.92036819458008,61.95814441769574,59.43518302701263,60.50258891499339,22350,
2018-05-31,60.2599983215332,61.27889016841301,59.87185239566063,60.114444987456935,14558,
2018-06-01,58.95000076293945,60.98777708642275,58.46481557147494,59.67777855013624,15244,
2018-06-04,56.96073913574219,60.50258862075849,56.766664329325216,60.40555306838453,30356,
2018-06-05,56.23296356201172,58.222222075939136,56.0874065261542,58.17370429787636,41942,
2018-06-06,57.494441986083984,58.125184180522986,56.42703610498464,56.81518201553484,10270,
2018-06-07,58.31925582885742,59.19259061366103,56.57258996091928,59.19259061366103,11978,
2018-06-08,58.65888977050781,61.08481570227679,56.86370235999724,58.70740754880935,66166,
2018-06-11,58.41629409790039,59.87184958023178,58.22221929325573,59.87184958023178,14239,
2018-06-12,58.70740509033203,59.677775422403634,58.22221992429623,58.31925547683577,10685,
2018-06-13,59.67777633666992,60.64814668360764,58.07666378355504,58.22222081626334,20470,
2018-06-14,59.67777633666992,60.64814668360764,58.36777784897164,60.64814668360764,10555,
2018-06-15,59.24110794067383,61.133330825609846,58.31925538630305,59.24110794067383,25179,
2018-06-18,60.30851745605469,60.842220396919,58.80444048407022,59.7262930373826,14384,
2018-06-19,58.61037063598633,61.90962760584716,58.22222101521723,61.90962760584716,10224,
2018-06-20,58.51333236694336,60.11444495253652,58.46481458894612,58.94999977225688,10523,
2018-06-21,58.46481323242188,59.48370135339997,58.17370286952372,58.51333100929339,10280,
2018-06-22,57.785552978515625,59.28962626444909,56.863700415630895,58.90148034963963,13114,
2018-06-25,58.17370223999024,58.99851554288738,57.39740671343956,57.39740671343956,5827,
2018-06-26,57.25185012817383,59.1925908104848,57.15481457472591,57.34888568162174,11411,
2018-06-27,55.16555404663086,58.65888959917635,54.34074071290621,58.22222219239952,24959,
2018-06-28,53.85555267333984,58.22221910631334,53.37036751412057,58.22221910631334,25298,
2018-06-29,55.117034912109375,56.08740525810309,53.46740458358623,54.48629640821492,33400,
2018-07-02,53.90407180786133,56.28147988830456,53.370368859599154,54.34073920250096,11010,
2018-07-03,55.31111145019531,57.68851961251124,52.69111069379958,53.85555588571648,18189,
2018-07-04,53.85555267333984,56.32999624502436,53.27333196294431,56.13592144100285,13137,
2018-07-05,52.83666610717773,54.2922216269255,52.69110907453532,53.85555423066735,10446,
2018-07-06,54.0011100769043,54.63184856726953,52.39999755969059,52.44851533561575,10263,
2018-07-09,56.13592529296875,56.281482331390045,54.340741561342114,55.11703712902744,14014,
2018-07-10,55.84481430053711,57.203334305222505,55.11703651981333,56.7666668964544,13087,
2018-07-11,55.55370330810547,56.76666626243092,55.40814627291875,56.71814848459173,5384,
2018-07-12,54.97148132324219,57.251850144958496,54.4862961525222,55.456666493962175,5235,
2018-07-13,54.72888946533203,55.7962953744362,54.34073984292917,54.34073984292917,6179,
2018-07-16,52.49703598022461,55.6992611896366,52.4000004230718,55.55370415223816,22196,
2018-07-17,53.807037353515625,54.14666549980222,52.35148180942595,54.14666549980222,5531,
2018-07-18,53.515926361083984,55.50518484114641,52.399998976291606,55.50518484114641,4860,
2018-07-19,50.6533317565918,54.34073825498942,50.556292502992186,54.34073825498942,11912,
2018-07-20,49.05221939086914,50.65333191439502,48.5185164502502,50.65333191439502,12144,
2018-07-23,53.32184982299805,58.85296138719329,51.04147735005377,51.04147735005377,161424,
2018-07-24,53.27333450317383,55.02000041931561,51.76925747654005,53.370370058977024,21620,
2018-07-25,54.09814834594727,54.87444390474809,52.88518537854935,52.88518537854935,7999,
2018-07-26,53.61296081542969,55.31110889555642,53.37036823255444,55.31110889555642,11136,
2018-07-27,54.534812927246094,54.922958835688895,53.37036779857964,54.58333070309282,10929,
2018-07-30,56.42703628540039,59.53221838640642,54.00111045544627,54.00111045544627,76218,
2018-07-31,55.84481430053711,57.59148023394032,55.55370392858144,55.55370392858144,12635,
2018-08-01,56.23296356201172,57.20333392994404,55.893331712233895,55.893331712233895,10807,
2018-08-02,55.69926071166992,56.76666663786814,55.31111108305101,56.76666663786814,3929,
2018-08-03,55.99037170410156,57.25185245861864,55.79629688763681,56.76666726829136,17404,
2018-08-06,57.54296112060547,59.095555904465336,55.60222041703247,55.60222041703247,11135,
2018-08-07,58.51333236694336,62.58888864708754,57.30036940866647,62.58888864708754,22118,
2018-08-08,58.02814483642578,59.871849939097466,57.25184931486314,59.871849939097466,5626,
2018-08-09,56.91222381591797,57.97962974477757,56.62110974289334,57.97962974477757,7602,
2018-08-10,56.76666641235352,58.173704183420895,55.55370345482459,57.834072334311294,9245,
2018-08-13,55.505184173583984,58.51333074611697,55.31110936530174,58.17370260787486,7131,
2018-08-14,55.06851577758789,58.222219324322,54.34073803603387,56.66962828967435,12656,
2018-08-16,54.9229621887207,56.28148220538034,54.34074143967757,56.28148220538034,3682,
2018-08-17,55.117034912109375,56.76666524063251,54.63184973911251,56.66962968670079,6579,
2018-08-20,55.26259231567383,56.18444489089041,54.340739740457245,56.18444489089041,15875,
2018-08-21,57.154815673828125,58.12518603364409,55.31111050951012,56.76666604923408,21128,
2018-08-23,55.74777603149414,58.65888701275578,55.50518344972234,57.93110926744036,21965,
2018-08-24,56.378517150878906,57.49444455970973,55.40814677856313,57.49444455970973,22195,
2018-08-27,59.726295471191406,60.16296287757214,57.30036954870866,58.02814732545348,64254,
2018-08-28,59.24110794067383,60.065924942655705,58.61036944680785,59.67777532976199,11956,
2018-08-29,60.06592559814453,62.1037018339018,58.901480448425055,60.16296115159237,17747,
2018-08-30,61.03629684448242,61.327407210812254,59.920369454937386,59.920369454937386,21268,
2018-08-31,59.87185287475586,61.47296177242202,59.19259287195693,60.939258806533296,14966,
2018-09-03,59.62925720214844,61.23036601714367,59.19258981563373,61.13333046532664,15217,
2018-09-04,57.737037658691406,60.59963102243936,57.3003702469893,60.59963102243936,12051,
2018-09-05,60.114444732666016,61.13333287355815,56.57259142678426,59.14407436959366,13049,
2018-09-06,58.75592422485352,60.01740494537425,58.70740644746217,59.19259162471393,7491,
2018-09-07,57.68851852416992,60.065926641634086,57.10629408836101,60.065926641634086,7146,
2018-09-10,58.02814483642578,60.16296029697483,57.25184931486314,58.2222196422337,9803,
2018-09-11,56.81518173217773,59.8718497335697,55.844811408138256,59.8718497335697,8018,
2018-09-12,57.00925827026367,58.222221212184174,56.37851605979736,56.71814790453657,7411,
2018-09-14,60.50259017944336,61.08481461369371,57.251850969471526,58.2222213248863,66011,
2018-09-17,57.39740753173828,59.87185117737623,56.912222358018326,59.87185117737623,40459,
2018-09-18,57.59148025512695,58.65888988824936,56.86370247413545,57.39740914153126,15632,
2018-09-19,57.154815673828125,58.27073936661499,57.00925863918807,58.27073936661499,7837,
2018-09-21,56.62110900878906,58.99851713042828,55.06851791391036,58.99851713042828,35163,
2018-09-24,54.34074020385742,58.2222216469901,53.85555502346584,58.2222216469901,21720,
2018-09-25,52.01184844970703,56.18444384948652,51.42962772966151,54.340738733227255,28326,
2018-09-26,52.01184844970703,53.37036839870534,51.76925586607656,52.35148028779114,10425,
2018-09-27,52.15740585327149,54.82592429227608,51.62370290580439,52.01184882138542,8831,
2018-09-28,49.58592224121094,53.90407093775531,49.003701525535554,53.90407093775531,16046,
2018-10-01,49.68296432495117,51.28407323509452,48.51851912560286,50.45925989062697,8955,
2018-10-03,51.72073745727539,53.37036774612581,49.53740423129752,51.235552295946974,5547,
2018-10-04,50.6533317565918,53.85555309199844,50.265182145531405,52.2544405734606,9289,
2018-10-05,50.41073989868164,52.30296280184084,49.77999769707222,50.45925767534335,4457,
2018-10-08,48.80962753295898,52.10888818120506,48.56703494710763,49.53740529051305,14221,
2018-10-09,48.27592468261719,50.41074018278533,46.62629435513866,50.41074018278533,10661,
2018-10-10,51.28407287597656,51.42962991300181,48.51851878585076,48.51851878585076,7157,
2018-10-11,50.750370025634766,51.33259447339694,47.548148518785126,50.89592706299262,9140,
2018-10-12,52.49703598022461,52.88518561217431,50.36222410950892,52.060372271367726,7117,
2018-10-15,51.67222213745117,53.32185250470833,51.09000139685179,53.32185250470833,3091,
2018-10-16,53.95259094238281,54.34074056997891,50.556294656759135,53.27333464659343,7903,
2018-10-17,52.30296325683594,54.583332094795296,51.52666401681911,54.583332094795296,3070,
2018-10-19,50.70185089111328,53.855554535058126,49.00370277514298,51.52666420963121,8440,
2018-10-22,49.34333038330078,54.29222134582119,49.003702244452406,51.23555328950949,8105,
2018-10-23,50.99296188354492,52.39999965155952,49.14926041310266,52.39999965155952,6185,
2018-10-24,50.21666717529297,52.59407534711412,49.4888893901438,51.62370496691522,5131,
2018-10-25,50.84740829467773,52.15740679872216,49.00370313182269,51.42962902943767,3935,
2018-10-26,48.80962753295898,52.64259112974423,48.033331998568464,51.04147858245764,7443,
2018-10-29,50.07110977172852,51.8177794046591,48.51851865542267,49.10073939862006,7441,
2018-10-30,50.459259033203125,52.108889395776295,49.97407385019155,52.108889395776295,6487,
2018-10-31,50.41073989868164,51.4296280152538,49.14925919713188,50.07110805871153,6339,
2018-11-01,50.459259033203125,51.04147977214933,49.97407385019155,50.459259033203125,2413,
2018-11-02,50.21666717529297,51.96333311931714,49.97407458024325,51.91481534064104,8295,
2018-11-05,49.87703704833984,51.52666366803653,49.58592298446952,50.45925777274231,4769,
2018-11-06,50.750370025634766,51.62370484644341,49.731481869137504,51.62370484644341,11633,
2018-11-07,50.55629348754883,53.37036896836671,49.97407276128883,53.37036896836671,2207,
2018-11-09,50.94444274902344,52.25444122475926,50.21666499546596,52.25444122475926,5186,
2018-11-12,50.41073989868164,51.817777631885605,49.97407250538812,51.04147839862198,5096,
2018-11-13,51.1870346069336,51.86629457427884,49.68296134459921,50.41073908782575,2677,
2018-11-14,50.6533317565918,51.67221985853904,50.50777472702689,51.67221985853904,4251,
2018-11-15,51.23555374145508,51.91481372681262,49.77999821640426,51.91481372681262,6960,
2018-11-16,54.63185119628906,54.92296156751805,50.07110970813768,51.23555489472281,74984,
2018-11-19,54.77740859985352,56.18444638883756,53.90407377864432,56.18444638883756,102330,
2018-11-20,53.03074264526367,54.437776732211255,52.54555745620058,54.437776732211255,9223,
2018-11-21,51.72073745727539,52.98221813639547,50.94444193948373,52.54555445253511,5702,
2018-11-22,53.32184982299805,53.95258830998084,52.10888692302843,53.22481056999907,8209,
2018-11-26,51.91481399536133,54.72888950568409,50.944443640307846,54.72888950568409,6899,
2018-11-27,50.84740829467773,54.14666529443262,50.70185126015318,51.91481420896066,5715,
2018-11-28,50.07110977172852,52.594074962812016,50.02259199340693,52.545557184490434,8130,
2018-11-29,50.21666717529297,51.23555533416797,49.4888893901438,50.119631617940776,8701,
2018-11-30,49.87703704833984,50.99296072038942,49.488887430958805,49.63444446289397,3845,
2018-12-03,49.73147964477539,51.42962773020675,49.48888706114234,50.41073961928175,3233,
2018-12-04,50.11962890625,50.84740665202322,49.48888671257893,49.63444374240119,3136,
2018-12-05,49.97407150268555,50.8474062717496,48.518516022024805,50.21666408279568,5984,
2018-12-06,49.44036865234375,50.701849330765846,47.74222058863389,50.31369972125027,5944,
2018-12-07,49.10073852539063,50.45925850424962,48.03333261462223,49.92555554886543,6970,
2018-12-10,48.61555480957031,49.68296445411002,47.69370590512276,48.71259406907533,6526,
2018-12-11,49.87703704833984,50.2651829640518,47.83925710959303,48.46999931241994,7647,
2018-12-12,50.41073989868164,50.84740729197516,48.51851699552245,49.14925919713188,6290,
2018-12-13,49.73147964477539,50.94444256294064,47.98481378295124,50.45925739567454,9140,
2018-12-14,50.36222457885742,50.8474097724816,49.44037197063763,49.44037197063763,6750,
2018-12-17,51.76925659179688,52.982219526953024,49.634444787257344,51.09000030944472,27070,
2018-12-18,50.99296188354492,52.39999965155952,50.50777670158603,50.94444410568287,2761,
2018-12-19,51.138519287109375,51.866297065289295,50.60481632344461,51.52666521447048,6672,
2018-12-20,51.09000015258789,51.81777791144715,50.65333275693851,51.57518532516073,5865,
2018-12-21,50.70185089111328,52.39999900708359,49.58592350566515,51.28407162163545,18465,
2018-12-24,51.96333312988281,52.59407535780804,50.75037015438756,52.011850908568775,25422,
2018-12-26,50.84740829467773,51.81777865372373,49.19777794396572,51.81777865372373,8196,
2018-12-27,49.73147964477539,51.91481289747285,49.29481225390209,51.38110995381395,7456,
2018-12-28,50.459259033203125,50.65333384674159,49.34333163160884,50.31370199763198,3954,
2018-12-31,51.429630279541016,53.22481400674409,49.97407470559174,50.750370271364176,37901,
2019-01-01,50.55629348754883,52.25444159108777,50.50777571063868,51.47814605551808,5837,
2019-01-02,50.55629348754883,51.91481345104762,50.16814757059853,51.23555346929823,7094,
2019-01-03,50.459259033203125,51.91481458223783,50.21666644169734,50.21666644169734,7776,
2019-01-04,52.739627838134766,53.661480424887415,50.4592589618717,50.50777673977044,39986,
2019-01-07,53.90407180786133,54.534814011415136,51.76925631314354,54.243703648878416,27757,
2019-01-08,52.39999771118164,53.90407097922434,52.01184809932009,53.90407097922434,8543,
2019-01-09,51.38111114501953,53.758519260074415,51.1870363332799,53.515926670817166,9349,
2019-01-10,50.94444274902344,53.17629378626589,50.653332387934256,51.1870353335426,3229,
2019-01-11,51.76925659179688,52.78814841866333,51.18703586358957,51.23555364066199,6214,
2019-01-14,51.23555374145508,53.17629444152284,50.944443376778736,51.86629594964475,5620,
2019-01-15,51.478145599365234,52.399998159165854,50.94444265474458,51.1870352388148,7188,
2019-01-16,53.27333450317383,58.2222218825204,50.556294520654205,51.57518636493365,54883,
2019-01-17,53.418888092041016,54.0981480909155,52.39999994456389,53.32185253577432,12332,
2019-01-18,51.62370300292969,53.51592591266317,51.57518522609941,53.41888665733352,6011,
2019-01-21,53.61296081542969,56.08740442042341,52.6425904839287,55.31110889555642,92736,
2019-01-22,51.86629486083984,53.807035520166544,50.70184972491001,53.17629332521775,15709,
2019-01-23,51.09000015258789,52.20592382850396,50.89592534322493,52.06037049773357,8592,
2019-01-24,51.28407287597656,51.3811121345498,50.5077773157368,50.60481657431003,6553,
2019-01-25,50.99296188354492,51.86629669173858,50.65333373684137,51.42962928764175,10185,
2019-01-28,49.149261474609375,52.40000078327444,48.0333340513349,52.108890408145655,23670,
2019-01-29,49.24629592895508,50.26518406990997,48.712592969566245,50.07110925694971,9760,
2019-01-30,48.32444381713867,49.63444604120421,47.83925863081867,48.85814678175684,20495,
2019-01-31,48.03333282470703,49.44037058717875,45.70444247981115,48.13036838004888,16219,
2019-02-01,48.85814666748047,50.31370222303602,47.79074074074074,47.936297776963976,8613,
2019-02-04,48.56703567504883,49.05222085402368,47.98481494094667,49.00370307646003,4655,
2019-02-05,47.59666442871094,49.39185177841234,47.25703629043534,49.39185177841234,3466,
2019-02-06,46.67481231689453,48.46999968395608,46.1896271422837,47.887775253421616,8789,
2019-02-07,46.2381477355957,48.227406173070975,45.947033675068894,46.43221884038818,6362,
2019-02-08,44.7825927734375,48.13036749271016,44.24888612388937,46.14110903152332,8521,
2019-02-11,45.510372161865234,49.48888922688859,44.63703734189952,47.54814847289296,7552,
2019-02-12,44.345924377441406,46.044072437943335,43.66666441290683,45.60740505348047,9222,
2019-02-14,43.81222152709961,44.15184965919504,42.9874045322451,43.909257078650015,5197,
2019-02-15,43.56962966918945,44.8796281451923,43.18148005321205,43.71518299892917,4647,
2019-02-18,42.79333114624024,44.151851123000206,42.40518522550106,44.10333334561645,5064,
2019-02-19,42.11407470703125,43.61814801049612,39.88221993876885,42.89037024736772,9007,
2019-02-20,42.25962829589844,43.6181482760087,41.38629719582968,42.162592740891625,2266,
2019-02-21,43.52111053466797,44.58852018525413,42.21111198811822,42.793332741769376,8238,
2019-02-22,45.21925735473633,46.52925956345876,42.8903707086784,43.61814847963447,18095,
2019-02-25,46.432220458984375,48.03333304101936,44.73407232117056,47.45111230300801,34641,
2019-02-26,44.7825927734375,46.33518384029818,43.90925798478519,46.33518384029818,6194,
2019-02-27,44.63703536987305,45.99555531831942,44.15185020280921,44.92814572977754,8842,
2019-02-28,44.29740905761719,45.510372025222594,43.8607416489454,45.46185054518301,2494,
2019-03-01,45.26778030395508,45.51037290215061,44.05481731297739,44.29740991117293,11688,
2019-03-05,46.67481231689453,47.499629334734415,45.2677782718584,45.2677782718584,9264,
2019-03-06,50.16814804077149,51.33259320587369,46.67481254546487,47.01444439035713,43996,
2019-03-07,48.42148208618164,50.45925834642741,48.32444282989857,50.45925834642741,13509,
2019-03-08,48.95518493652344,50.31370120659561,48.2759249506528,50.31370120659561,5140,
2019-03-11,48.27592468261719,50.21666537337567,47.88777506379785,50.21666537337567,14507,
2019-03-12,51.478145599365234,52.20592335157587,48.51851681404246,49.63444418143306,67834,
2019-03-13,50.99296188354492,51.91481446960064,50.55629447944809,51.86629669173858,11557,
2019-03-14,49.97407150268555,52.30296175241034,49.73147892257543,52.20592249936489,6876,
2019-03-15,48.37295913696289,51.42962713609661,48.03333100446759,51.38110936026429,20048,
2019-03-18,49.34333038330078,51.23555328950949,48.66407410560404,50.07110813940651,37813,
2019-03-19,48.7611083984375,51.33259121753016,48.13036621211848,51.33259121753016,16954,
2019-03-20,48.95518493652344,49.82851603121217,48.80962790324075,49.77999825400765,1015,
2019-03-22,48.6640739440918,50.45925758919356,48.03333174355925,49.5374050275187,15001,
2019-03-25,49.63444519042969,50.89592591290506,47.742222255882055,48.47000002288736,111799,
2019-03-26,49.10073852539063,50.45925850424962,48.76111038151045,50.4107407267909,6148,
2019-03-27,48.130367279052734,49.48888723277699,47.93629617280848,49.052219840389256,94440,
2019-03-28,47.98481369018555,50.26518249126012,46.577775967500166,50.16814693866212,11309,
2019-04-01,49.488887786865234,49.97407296124626,47.8392574536359,49.925555184141984,9539,
2019-04-02,48.42148208618164,50.70185093463138,48.03333246438762,49.82851613642941,6817,
2019-04-03,47.74222183227539,49.39185216318442,47.54814702246213,48.08184997319676,9584,
2019-04-04,46.72333526611328,49.14926121551336,46.38370341219573,49.100739735189975,9482,
2019-04-05,47.54814910888672,47.93629874554534,46.0925935239208,46.72333575807374,4483,
2019-04-08,48.42148208618164,49.19777762810054,47.742222098876674,48.2759250525916,12225,
2019-04-09,47.93629837036133,48.51851911912311,47.30555614114503,48.32444430231277,2637,
2019-04-10,48.17889022827149,49.10073911608465,47.54814800871272,49.05222133804225,4280,
2019-04-11,47.83925628662109,48.80962661171146,47.54814592942779,48.76110883579074,2865,
2019-04-12,48.17889022827149,48.51851837623747,47.06296282495035,47.83925837863631,7099,
2019-04-15,50.6533317565918,55.26259080500608,48.081848912072005,48.1303666880373,226546,
2019-04-16,49.87703704833984,51.28407108259066,49.14925929200221,51.28407108259066,16051,
2019-04-18,48.2274055480957,50.21666395979232,47.64518113625613,49.92555360470704,8576,
2019-04-22,47.69370269775391,49.14925817742083,47.54814566911961,48.95518337313145,4384,
2019-04-23,47.11148071289063,49.29481404491442,47.11148071289063,48.95518589615617,4438,
2019-04-24,48.71259307861328,49.24629603919685,47.3055553085881,47.3055553085881,6449,
2019-04-25,49.44036865234375,50.41073897446367,47.15999617436053,49.24629384758597,12222,
2019-04-26,49.39185333251953,51.33259407326027,49.24629629629629,49.440371110704206,6266,
2019-04-30,50.02259063720703,50.94444320700087,49.19777732309466,50.94444320700087,13817,
2019-05-02,49.2948112487793,50.94444152418184,49.0037008946892,50.94444152418184,7707,
2019-05-03,49.1977767944336,50.26518268377602,49.05221976331005,50.2166649072912,3101,
2019-05-06,50.11962890625,51.42962736797418,48.17888825085475,49.19777635460345,7392,
2019-05-07,48.37295913696289,50.0711072027774,48.08184878029992,49.29481168445314,4446,
2019-05-08,49.05221939086914,49.92555416764126,47.59666389736164,49.77999713762289,5351,
2019-05-09,48.08185195922852,50.65333496671439,47.06296379270989,50.60481718767432,5200,
2019-05-10,48.470001220703125,49.48888937935602,47.54814861938127,47.7422234357126,2443,
2019-05-13,48.518516540527344,52.399997863769535,48.17888840541127,51.42962753295899,24986,
2019-05-14,47.54814910888672,49.39185433051126,47.1599994722281,49.00370469385264,6298,
2019-05-15,47.3055534362793,49.19777631406427,46.9659253025326,49.149258538053175,6167,
2019-05-16,47.69370269775391,49.00370114878654,46.62629312499676,49.00370114878654,4099,
2019-05-17,49.488887786865234,49.82851592826431,47.20851894794203,47.69370412232306,13319,
2019-05-20,49.92555618286133,52.39999988136996,48.32444359470735,50.75036951514114,62201,
2019-05-21,49.24629592895508,50.55629443851577,49.05222111599482,50.41074110504746,11408,
2019-05-22,48.17889022827149,49.9255561494822,47.30555541683154,49.9255561494822,12503,
2019-05-23,47.59666442871094,49.9740725016474,47.1599970354501,49.44036955507041,11123,
2019-05-24,48.130367279052734,49.19777687174152,47.40258952562954,47.49962878042075,6470,
2019-05-27,49.488887786865234,50.362222581418735,48.17888929670409,48.17888929670409,15483,
2019-05-28,51.429630279541016,52.88518585349029,49.92555692679395,50.022592484389534,67688,
2019-05-29,53.85555267333984,56.66962807747925,51.91481203646273,53.03073938333467,139190,
2019-05-30,51.76925659179688,55.01999947901683,51.4296284506208,54.7774068919856,18840,
2019-05-31,52.49703598022461,54.24370562232905,50.99296263434065,53.32185302270042,26959,
2019-06-03,51.817779541015625,54.72889066800146,51.52666546698167,54.72889066800146,6707,
2019-06-04,50.11962890625,52.88518285952063,49.68296151845227,52.83666508346955,10971,
2019-06-06,48.71259307861328,51.672221952457775,48.56703604314996,51.6237041745264,8411,
2019-06-07,49.2948112487793,49.925553434032,48.51851573731604,48.712590540599095,6362,
2019-06-10,48.90666580200195,51.18703458234894,48.51851619179995,50.071107229269934,8509,
2019-06-11,49.05221939086914,49.4888867792552,48.5185164502502,49.4888867792552,4695,
2019-06-12,48.90666580200195,49.48888651563594,48.56703396765794,49.14925838296095,5878,
2019-06-13,48.37295913696289,48.955183551957845,47.74222064780462,48.955183551957845,7890,
2019-06-14,46.72333526611328,49.48888936776168,46.18962859590987,48.32444417171579,11542,
2019-06-17,45.510372161865234,47.54814847289296,45.02518697336632,46.723335133112506,5463,
2019-06-18,44.92814636230469,46.52925891682446,44.54000044419048,46.52925891682446,4119,
2019-06-19,43.37555694580078,46.33518587944175,43.18148212848498,46.28666810053011,5464,
2019-06-20,43.763702392578125,47.11148092365915,42.69629646170323,43.66666683583284,7988,
2019-06-21,43.03592300415039,46.09259104912866,40.90111122215759,43.763700757557686,10790,
2019-06-24,43.763702392578125,44.58851943158982,43.03592461198091,43.22999942714068,8079,
2019-06-25,43.9577751159668,44.63703508586816,42.98740478801314,43.90925733990292,3767,
2019-06-26,43.81222152709961,44.637034820285095,43.035922308020304,43.035922308020304,6184,
2019-06-27,44.345924377441406,45.12221989333706,43.66666441290683,43.860739217298,4815,
2019-06-28,43.71518325805664,44.63703582521556,43.56962992745414,44.588518048348064,4475,
2019-07-01,43.61814880371094,44.10333398795318,43.56963102562055,43.81222361774167,3538,
2019-07-02,43.763702392578125,44.63703720996247,42.74481424007587,44.103334244525016,3147,
2019-07-03,43.66666412353516,45.07370181896064,43.229996741966005,44.58851666203247,4601,
2019-07-04,43.22999954223633,44.58851955030241,42.987406948058045,44.5400017718006,3106,
2019-07-05,43.18148040771485,44.345925563537605,43.03592337511108,43.27851596167128,10130,
2019-07-08,42.356666564941406,43.95777539523554,41.82295991984097,43.18147986827453,9912,
2019-07-09,42.59925842285156,44.15184945032734,41.87148068465935,41.87148068465935,9042,
2019-07-10,41.91999816894531,42.8903684797928,41.14370266060112,42.59925812687235,10029,
2019-07-11,41.62889099121094,43.327039164717945,41.33777691441719,41.87148358742623,13350,
2019-07-12,41.774444580078125,42.211111996235104,41.337777163921146,41.337777163921146,2947,
2019-07-15,40.9011116027832,41.82296047100924,40.75555457007956,41.82296047100924,2316,
2019-07-16,41.24074172973633,43.42407511542825,40.51296393450568,40.94963135197793,3277,
2019-07-17,40.46444320678711,43.56962898051781,39.44555510803756,43.56962898051781,4853,
2019-07-18,39.59111022949219,41.19222281555724,38.9118502323231,40.12481319095748,5921,
2019-07-19,39.008888244628906,40.56147930144566,38.96037046816633,40.56147930144566,5476,
2019-07-22,37.40777587890625,40.65851873997136,34.933332251430414,39.688148399653855,17325,
2019-07-23,37.69888687133789,39.54259202945241,36.92259132643093,37.89296168298191,4773,
2019-07-24,36.049259185791016,38.18407094723564,35.85518437974995,37.3592576486474,5498,
2019-07-25,35.5640754699707,36.67999917223518,34.98185102813476,36.09777843206842,6860,
2019-07-26,36.58296203613281,38.52370268842984,35.03036729329377,38.42666343481358,3167,
2019-07-29,35.70962905883789,38.2325942547809,35.07889053610405,38.18407277469665,4198,
2019-07-30,35.467037200927734,37.16518539236981,34.98185200337286,35.758147579126806,3214,
2019-07-31,33.08962631225586,37.55333198919415,30.90629495094732,37.45629273654195,32214,
2019-08-01,32.07073974609375,34.69074046565162,31.148887161218124,34.64222268785168,5140,
2019-08-02,31.148887634277344,34.254073582331564,30.275556515607523,31.682594303189664,9773,
2019-08-05,30.1299991607666,31.876665081366124,28.57740805393796,31.77962952531528,11625,
2019-08-06,31.73111152648925,33.0896278100938,30.663703759846165,32.94407447703037,5102,
2019-08-07,31.585554122924805,32.8955563152135,31.14888672549524,31.14888672549524,3957,
2019-08-08,33.671852111816406,34.44814765670408,31.63407214210848,32.555924721142844,9751,
2019-08-09,36.049259185791016,36.631479902245175,33.96296149877036,33.96296149877036,9299,
2019-08-13,34.05999755859375,35.952220467775426,33.5748123870943,34.5451827300932,9293,
2019-08-14,34.88481521606445,35.806667799289635,33.914444855126185,33.914444855126185,2923,
2019-08-16,35.75814437866211,36.5829613616833,33.18666528277818,36.5829613616833,10340,
2019-08-19,35.661109924316406,35.903702508835565,34.93333217075893,35.85518473226555,3511,
2019-08-20,34.2055549621582,35.85518530350392,33.962962373774104,35.418517904078705,5430,
2019-08-21,35.467037200927734,35.90370461906098,33.57481419012985,34.25407420704054,5197,
2019-08-22,32.75,35.903703703703705,32.02222222222222,35.855185925519024,7376,
2019-08-23,33.5,33.79999923706055,30.049999237060547,33.04999923706055,12840,
2019-08-26,33.79999923706055,35.95000076293945,32.5,34.0,4745,
2019-08-27,40.54999923706055,40.54999923706055,33.29999923706055,35.0,64686,
2019-08-28,41.20000076293945,43.95000076293945,40.400001525878906,43.95000076293945,77631,
2019-08-29,39.54999923706055,41.5,38.25,40.29999923706055,13920,
2019-08-30,40.04999923706055,41.0,38.0,39.70000076293945,11959,
2019-09-03,40.59999847412109,42.75,39.20000076293945,40.0,11248,
2019-09-04,40.09999847412109,42.400001525878906,39.5,40.95000076293945,6509,
2019-09-05,40.34999847412109,41.0,40.0,40.150001525878906,3406,
2019-09-06,40.900001525878906,41.900001525878906,40.0,40.400001525878906,3241,
2019-09-09,41.34999847412109,42.34999847412109,40.650001525878906,41.0,5736,
2019-09-11,42.5,42.79999923706055,40.45000076293945,41.79999923706055,5823,
2019-09-12,44.5,45.09999847412109,42.79999923706055,43.54999923706055,15074,
2019-09-13,46.54999923706055,48.900001525878906,45.45000076293945,45.95000076293945,24433,
2019-09-16,46.25,47.70000076293945,44.650001525878906,44.650001525878906,5407,
2019-09-17,45.09999847412109,47.0,44.650001525878906,46.5,6572,
2019-09-18,44.0,46.59999847412109,42.650001525878906,46.59999847412109,4356,
2019-09-19,41.5,44.75,40.70000076293945,43.54999923706055,11679,
2019-09-20,43.04999923706055,44.900001525878906,41.34999847412109,43.54999923706055,10469,
2019-09-23,43.0,43.900001525878906,41.59999847412109,43.04999923706055,7253,
2019-09-24,43.04999923706055,43.70000076293945,43.0,43.09999847412109,7842,
2019-09-25,42.20000076293945,44.09999847412109,41.900001525878906,44.04999923706055,5911,
2019-09-26,42.25,43.79999923706055,41.70000076293945,43.79999923706055,4052,
2019-09-27,41.79999923706055,43.29999923706055,41.20000076293945,42.0,3413,
2019-09-30,40.5,42.650001525878906,40.20000076293945,41.25,11139,
2019-10-01,41.20000076293945,46.79999923706055,40.0,40.0,45901,
2019-10-03,40.400001525878906,41.25,40.25,41.150001525878906,5376,
2019-10-04,41.09999847412109,42.25,40.09999847412109,41.95000076293945,7760,
2019-10-07,37.29999923706055,41.900001525878906,35.599998474121094,40.95000076293945,22161,
2019-10-09,38.5,40.5,36.95000076293945,38.04999923706055,9329,
2019-10-10,38.400001525878906,39.5,37.5,38.54999923706055,5622,
2019-10-11,38.70000076293945,40.04999923706055,37.59999847412109,39.84999847412109,15811,
2019-10-14,38.54999923706055,40.20000076293945,38.20000076293945,38.70000076293945,16885,
2019-10-15,38.650001525878906,39.900001525878906,38.25,38.54999923706055,7111,
2019-10-16,39.650001525878906,40.29999923706055,38.75,39.84999847412109,9381,
2019-10-17,40.400001525878906,41.400001525878906,39.20000076293945,40.0,4948,
2019-10-18,42.0,42.650001525878906,40.04999923706055,40.95000076293945,10939,
2019-10-22,39.79999923706055,40.29999923706055,38.95000076293945,40.0,31099,
2019-10-23,39.75,40.84999847412109,39.150001525878906,40.79999923706055,7047,
2019-10-24,40.09999847412109,44.79999923706055,39.0,40.0,7506,
2019-10-25,39.45000076293945,43.45000076293945,38.150001525878906,43.45000076293945,6436,
2019-10-27,40.5,41.84999847412109,39.45000076293945,39.45000076293945,4152,
2019-10-29,40.20000076293945,41.0,39.20000076293945,40.95000076293945,6500,
2019-10-30,41.0,42.900001525878906,40.25,41.0,1928,
2019-10-31,40.84999847412109,42.70000076293945,40.400001525878906,41.900001525878906,10115,
2019-11-01,41.95000076293945,42.59999847412109,40.900001525878906,42.34999847412109,4530,
2019-11-04,42.04999923706055,42.59999847412109,41.5,41.5,6576,
2019-11-05,41.0,42.54999923706055,40.79999923706055,42.54999923706055,2587,
2019-11-06,41.04999923706055,42.5,40.45000076293945,41.0,5365,
2019-11-07,39.70000076293945,41.650001525878906,39.5,41.45000076293945,11086,
2019-11-08,39.650001525878906,40.84999847412109,39.09999847412109,40.45000076293945,1938,
2019-11-11,39.54999923706055,40.900001525878906,39.5,39.650001525878906,1990,
2019-11-13,38.84999847412109,40.34999847412109,38.5,39.54999923706055,7551,
2019-11-14,38.400001525878906,40.79999923706055,37.54999923706055,40.34999847412109,7270,
2019-11-15,38.70000076293945,40.0,37.650001525878906,38.04999923706055,5109,
2019-11-18,38.04999923706055,40.0,38.0,39.95000076293945,5126,
2019-11-19,38.04999923706055,41.0,37.59999847412109,40.95000076293945,1789,
2019-11-20,37.54999923706055,40.0,36.29999923706055,39.95000076293945,6027,
2019-11-21,37.150001525878906,38.95000076293945,36.25,36.25,5103,
2019-11-22,37.45000076293945,38.0,35.79999923706055,36.59999847412109,12726,
2019-11-25,38.25,39.0,36.59999847412109,37.5,2271,
2019-11-26,38.29999923706055,39.0,37.54999923706055,37.54999923706055,4837,
2019-11-27,37.84999847412109,39.900001525878906,37.75,38.0,3496,
2019-11-28,37.79999923706055,39.0,37.650001525878906,38.95000076293945,4892,
2019-11-29,38.25,39.20000076293945,37.5,37.70000076293945,2386,
2019-12-02,38.150001525878906,40.0,37.25,39.84999847412109,4201,
2019-12-03,37.79999923706055,39.45000076293945,37.5,39.45000076293945,4494,
2019-12-04,39.20000076293945,40.0,36.59999847412109,37.0,7678,
2019-12-05,38.20000076293945,39.5,37.900001525878906,38.900001525878906,2906,
2019-12-06,38.09999847412109,39.0,38.04999923706055,38.04999923706055,5921,
2019-12-09,38.04999923706055,40.0,37.59999847412109,38.95000076293945,6108,
2019-12-10,37.5,38.34999847412109,37.09999847412109,38.0,2269,
2019-12-11,36.650001525878906,37.34999847412109,36.5,37.04999923706055,3708,
2019-12-12,36.34999847412109,37.75,36.09999847412109,37.09999847412109,5694,
2019-12-13,36.54999923706055,37.79999923706055,35.75,36.29999923706055,3710,
2019-12-16,37.400001525878906,37.70000076293945,36.0,36.0,3573,
2019-12-17,37.5,37.79999923706055,37.04999923706055,37.79999923706055,1194,
2019-12-18,38.0,39.79999923706055,37.0,37.75,3112,
2019-12-19,37.59999847412109,39.54999923706055,37.0,39.5,2809,
2019-12-20,37.400001525878906,37.900001525878906,37.29999923706055,37.5,1163,
2019-12-23,37.0,39.45000076293945,36.70000076293945,37.59999847412109,2685,
2019-12-24,36.25,37.20000076293945,36.0,36.95000076293945,6587,
2019-12-26,35.95000076293945,36.75,35.79999923706055,36.0,5027,
2019-12-27,35.54999923706055,36.75,35.400001525878906,36.70000076293945,3994,
2019-12-30,35.650001525878906,36.75,35.150001525878906,35.900001525878906,6771,
2019-12-31,37.5,38.5,35.0,35.04999923706055,3984,
2020-01-01,36.650001525878906,39.45000076293945,36.0,38.84999847412109,9622,
2020-01-02,38.29999923706055,39.400001525878906,36.650001525878906,37.650001525878906,12306,
2020-01-03,39.34999847412109,39.900001525878906,37.79999923706055,38.79999923706055,19565,
2020-01-06,37.400001525878906,40.0,37.04999923706055,39.95000076293945,7458,
2020-01-07,40.0,40.79999923706055,37.25,38.75,13715,
2020-01-08,39.79999923706055,42.0,33.95000076293945,40.95000076293945,91509,
2020-01-09,39.400001525878906,40.34999847412109,37.09999847412109,40.34999847412109,22828,
2020-01-10,40.34999847412109,41.0,39.09999847412109,41.0,15572,
2020-01-13,43.0,46.0,40.84999847412109,40.95000076293945,112447,
2020-01-14,42.59999847412109,44.5,42.09999847412109,42.09999847412109,10606,
2020-01-15,41.70000076293945,43.09999847412109,41.29999923706055,42.95000076293945,10040,
2020-01-16,40.70000076293945,42.20000076293945,40.5,41.70000076293945,7774,
2020-01-17,40.95000076293945,41.95000076293945,40.79999923706055,41.0,4898,
2020-01-20,41.34999847412109,41.900001525878906,40.5,41.5,2752,
2020-01-21,39.79999923706055,42.70000076293945,39.54999923706055,42.54999923706055,8769,
2020-01-22,40.400001525878906,41.09999847412109,39.34999847412109,40.20000076293945,3438,
2020-01-23,41.0,41.45000076293945,39.84999847412109,40.09999847412109,2494,
2020-01-24,41.29999923706055,42.0,40.25,41.900001525878906,11103,
2020-01-27,38.650001525878906,41.84999847412109,37.5,41.84999847412109,17781,
2020-01-28,36.25,39.59999847412109,35.70000076293945,39.59999847412109,27021,
2020-01-29,36.650001525878906,38.20000076293945,36.20000076293945,36.650001525878906,6514,
2020-01-30,36.400001525878906,37.95000076293945,35.79999923706055,36.0,2091,
2020-01-31,37.900001525878906,39.900001525878906,37.54999923706055,38.0,11300,
2020-02-03,34.900001525878906,37.0,34.20000076293945,35.150001525878906,4979,
2020-02-04,35.849998474121094,36.95000076293945,34.150001525878906,35.0,10106,
2020-02-05,35.849998474121094,36.59999847412109,35.400001525878906,36.59999847412109,6844,
2020-02-06,35.599998474121094,36.84999847412109,35.150001525878906,36.84999847412109,2669,
2020-02-07,35.849998474121094,36.75,35.5,36.0,7021,
2020-02-10,35.400001525878906,36.45000076293945,35.099998474121094,35.20000076293945,2481,
2020-02-11,35.400001525878906,37.75,35.349998474121094,35.75,4411,
2020-02-12,35.29999923706055,36.75,35.150001525878906,36.75,4312,
2020-02-13,32.95000076293945,36.45000076293945,30.299999237060547,35.25,44070,
2020-02-14,31.850000381469727,33.79999923706055,31.100000381469727,33.0,7843,
2020-02-17,33.79999923706055,34.599998474121094,31.299999237060547,31.299999237060547,4823,
2020-02-18,32.099998474121094,35.0,31.64999961853028,34.45000076293945,10272,
2020-02-19,32.599998474121094,33.599998474121094,31.799999237060547,31.799999237060547,4630,
2020-02-20,32.45000076293945,33.95000076293945,32.349998474121094,33.95000076293945,4025,
2020-02-24,31.39999961853028,32.400001525878906,31.14999961853028,32.0,8555,
2020-02-25,32.29999923706055,32.70000076293945,31.14999961853028,32.54999923706055,3203,
2020-02-26,31.39999961853028,32.849998474121094,31.0,32.849998474121094,2682,
2020-02-27,30.350000381469727,32.099998474121094,30.200000762939453,30.600000381469727,6333,
2020-02-28,28.39999961853028,30.200000762939453,28.0,30.200000762939453,17362,
2020-03-02,28.450000762939453,31.200000762939453,27.549999237060547,28.549999237060547,6977,
2020-03-03,28.950000762939453,31.0,28.25,29.0,3785,
2020-03-04,27.75,30.89999961853028,27.0,30.850000381469727,9926,
2020-03-05,27.0,28.799999237060547,26.049999237060547,27.700000762939453,13246,
2020-03-06,25.850000381469727,27.5,24.799999237060547,26.100000381469727,13357,
2020-03-09,22.799999237060547,28.200000762939453,21.299999237060547,23.75,28170,
2020-03-11,22.600000381469727,25.299999237060547,21.100000381469727,25.299999237060547,12379,
2020-03-12,20.39999961853028,23.39999961853028,19.450000762939453,23.39999961853028,29695,
2020-03-13,22.39999961853028,22.89999961853028,16.350000381469727,19.049999237060547,20313,
2020-03-16,20.799999237060547,22.700000762939453,20.25,20.600000381469727,12625,
2020-03-17,19.299999237060547,21.600000381469727,18.799999237060547,21.0,14355,
2020-03-18,18.0,22.350000381469727,17.25,19.299999237060547,15024,
2020-03-19,16.549999237060547,19.64999961853028,16.299999237060547,19.64999961853028,24301,
2020-03-20,17.649999618530273,17.75,16.0,17.549999237060547,13190,
2020-03-23,15.899999618530272,17.600000381469727,15.899999618530272,17.600000381469727,10729,
2020-03-24,16.950000762939453,17.149999618530273,14.649999618530272,16.0,15645,
2020-03-25,17.100000381469727,17.350000381469727,15.550000190734863,15.550000190734863,9437,
2020-03-26,17.200000762939453,18.450000762939453,15.5,15.5,9598,
2020-03-27,18.299999237060547,18.89999961853028,17.200000762939453,18.700000762939453,9436,
2020-03-30,17.899999618530273,19.850000381469727,17.5,18.450000762939453,7585,
2020-03-31,18.799999237060547,19.39999961853028,17.549999237060547,18.0,11587,
2020-04-01,19.89999961853028,20.5,19.200000762939453,19.799999237060547,4467,
2020-04-03,20.64999961853028,20.850000381469727,19.39999961853028,19.89999961853028,4528,
2020-04-07,22.350000381469727,22.700000762939453,20.25,20.64999961853028,7615,
2020-04-08,24.200000762939453,24.5,20.850000381469727,21.950000762939453,26052,
2020-04-09,24.049999237060547,25.350000381469727,23.75,24.200000762939453,21010,
2020-04-13,23.549999237060547,25.200000762939453,23.049999237060547,25.200000762939453,5450,
2020-04-15,23.75,24.5,22.850000381469727,23.39999961853028,3144,
2020-04-16,23.450000762939453,24.049999237060547,23.0,23.700000762939453,4218,
2020-04-17,24.549999237060547,24.600000381469727,23.14999961853028,23.450000762939453,10438,
2020-04-20,25.75,25.75,23.39999961853028,24.5,11827,
2020-04-21,25.049999237060547,26.700000762939453,24.75,25.0,6232,
2020-04-22,25.049999237060547,25.549999237060547,24.5,24.64999961853028,3765,
2020-04-23,24.850000381469727,25.5,24.64999961853028,24.700000762939453,5207,
2020-04-24,24.25,24.700000762939453,23.75,24.0,2862,
2020-04-27,23.600000381469727,24.75,23.299999237060547,24.0,4593,
2020-04-28,22.850000381469727,24.5,22.64999961853028,23.600000381469727,2994,
2020-04-29,23.950000762939453,23.950000762939453,23.950000762939453,23.950000762939453,1091,
2020-04-30,24.200000762939453,25.100000381469727,24.0,24.25,5439,
2020-05-04,23.450000762939453,23.799999237060547,23.0,23.799999237060547,3126,
2020-05-05,23.64999961853028,24.549999237060547,23.0,23.0,2419,
2020-05-06,22.89999961853028,23.950000762939453,22.700000762939453,23.64999961853028,1485,
2020-05-07,23.25,23.950000762939453,22.75,23.049999237060547,2530,
2020-05-08,23.39999961853028,24.0,23.049999237060547,23.200000762939453,2497,
2020-05-11,23.850000381469727,24.049999237060547,23.200000762939453,23.950000762939453,3953,
2020-05-12,23.0,24.799999237060547,22.700000762939453,24.799999237060547,4410,
2020-05-13,23.049999237060547,23.950000762939453,22.799999237060547,22.799999237060547,4132,
2020-05-14,22.600000381469727,23.799999237060547,22.600000381469727,23.450000762939453,3764,
2020-05-15,22.14999961853028,22.799999237060547,21.75,22.450000762939453,8539,
2020-05-18,21.5,22.14999961853028,21.350000381469727,22.14999961853028,2903,
2020-05-19,20.5,21.850000381469727,20.450000762939453,21.299999237060547,8902,
2020-05-20,20.39999961853028,20.950000762939453,19.64999961853028,20.350000381469727,3226,
2020-05-21,20.549999237060547,21.0,20.299999237060547,21.0,5000,
2020-05-22,20.75,21.0,20.14999961853028,20.549999237060547,13415,
2020-05-26,20.100000381469727,21.25,20.0,20.14999961853028,4748,
2020-05-27,20.299999237060547,20.600000381469727,19.75,20.100000381469727,4144,
2020-05-28,20.100000381469727,21.299999237060547,20.0,20.0,7340,
2020-05-29,21.049999237060547,21.100000381469727,19.5,20.5,4691,
2020-06-01,21.89999961853028,22.100000381469727,20.299999237060547,21.0,10376,
2020-06-02,22.850000381469727,22.950000762939453,22.200000762939453,22.950000762939453,12006,
2020-06-03,23.549999237060547,23.950000762939453,22.549999237060547,22.89999961853028,17330,
2020-06-04,24.549999237060547,24.700000762939453,23.75,24.64999961853028,17089,
2020-06-05,25.200000762939453,25.5,24.299999237060547,24.799999237060547,10839,
2020-06-08,26.049999237060547,27.5,23.299999237060547,27.5,14578,
2020-06-09,24.850000381469727,26.299999237060547,23.549999237060547,26.25,16546,
2020-06-10,24.850000381469727,25.549999237060547,24.049999237060547,24.549999237060547,3671,
2020-06-11,24.299999237060547,25.5,24.0,25.5,3327,
2020-06-12,24.350000381469727,25.049999237060547,22.64999961853028,24.350000381469727,15645,
2020-06-15,23.25,25.450000762939453,23.100000381469727,25.450000762939453,7407,
2020-06-16,23.25,24.799999237060547,22.450000762939453,24.799999237060547,5240,
2020-06-17,23.5,24.39999961853028,22.549999237060547,22.549999237060547,1351,
2020-06-18,23.450000762939453,24.299999237060547,22.950000762939453,23.5,4658,
2020-06-19,24.5,25.0,23.14999961853028,23.450000762939453,10688,
2020-06-22,25.600000381469727,26.700000762939453,23.200000762939453,23.200000762939453,36795,
2020-06-23,27.200000762939453,27.89999961853028,26.049999237060547,27.89999961853028,16268,
2020-06-24,26.950000762939453,28.0,25.350000381469727,25.350000381469727,11978,
2020-06-25,26.850000381469727,27.0,25.600000381469727,25.600000381469727,8775,
2020-06-26,26.549999237060547,28.5,25.5,25.5,19538,
2020-06-29,25.850000381469727,28.0,25.049999237060547,28.0,15617,
2020-06-30,25.75,27.200000762939453,25.200000762939453,25.200000762939453,3350,
2020-07-01,26.450000762939453,27.700000762939453,25.200000762939453,25.200000762939453,4513,
2020-07-02,27.100000381469727,28.0,25.39999961853028,28.0,10055,
2020-07-03,26.14999961853028,28.0,25.75,28.0,7995,
2020-07-06,25.950000762939453,26.850000381469727,25.299999237060547,26.049999237060547,8977,
2020-07-07,25.600000381469727,27.299999237060547,25.299999237060547,25.299999237060547,9156,
2020-07-08,25.700000762939453,26.850000381469727,25.549999237060547,26.850000381469727,12380,
2020-07-09,25.5,27.14999961853028,25.14999961853028,25.549999237060547,8374,
2020-07-10,24.799999237060547,26.549999237060547,24.600000381469727,25.0,11004,
2020-07-13,24.850000381469727,26.100000381469727,24.14999961853028,26.049999237060547,7944,
2020-07-14,23.600000381469727,26.350000381469727,23.299999237060547,24.850000381469727,10342,
2020-07-15,24.39999961853028,25.25,23.5,23.5,5213,
2020-07-16,23.049999237060547,24.799999237060547,23.0,23.700000762939453,14195,
2020-07-17,23.14999961853028,23.850000381469727,23.100000381469727,23.850000381469727,5420,
2020-07-20,22.950000762939453,23.75,22.25,23.25,12353,
2020-07-21,23.950000762939453,24.5,23.049999237060547,23.200000762939453,10943,
2020-07-22,23.799999237060547,25.350000381469727,23.200000762939453,23.299999237060547,13841,
2020-07-23,23.75,24.450000762939453,23.350000381469727,24.25,3691,
2020-07-24,23.89999961853028,24.850000381469727,23.100000381469727,24.850000381469727,7191,
2020-07-27,23.700000762939453,24.5,23.450000762939453,23.950000762939453,6178,
2020-07-28,23.5,24.950000762939453,23.25,23.25,4203,
2020-07-29,22.75,24.0,22.5,23.450000762939453,8435,
2020-07-30,23.39999961853028,24.5,22.700000762939453,23.100000381469727,14496,
2020-07-31,23.600000381469727,23.950000762939453,22.89999961853028,22.89999961853028,10243,
2020-08-03,23.450000762939453,24.100000381469727,22.799999237060547,24.100000381469727,9409,
2020-08-04,23.350000381469727,24.450000762939453,22.450000762939453,24.450000762939453,1707,
2020-08-05,23.25,23.89999961853028,23.049999237060547,23.39999961853028,5712,
2020-08-06,25.5,25.549999237060547,22.950000762939453,23.799999237060547,31844,
2020-08-07,25.299999237060547,27.0,25.200000762939453,25.89999961853028,24880,
2020-08-10,25.89999961853028,27.350000381469727,25.049999237060547,25.350000381469727,15195,
2020-08-11,27.5,29.89999961853028,24.950000762939453,26.25,43023,
2020-08-12,28.75,31.0,26.25,29.200000762939453,56252,
2020-08-13,30.64999961853028,33.650001525878906,27.89999961853028,29.950000762939453,128526,
2020-08-14,29.350000381469727,31.950000762939453,29.200000762939453,30.600000381469727,18881,
2020-08-17,29.299999237060547,31.0,28.89999961853028,29.350000381469727,8103,
2020-08-18,30.350000381469727,30.64999961853028,29.0,29.450000762939453,13221,
2020-08-19,32.45000076293945,33.0,29.14999961853028,31.350000381469727,42778,
2020-08-20,33.099998474121094,35.0,32.0,33.5,190458,
2020-08-21,30.299999237060547,32.5,30.049999237060547,32.5,128725,
2020-08-24,30.299999237060547,32.0,29.0,29.850000381469727,71888,
2020-08-25,29.75,31.14999961853028,29.75,30.5,26676,
2020-08-26,29.25,30.350000381469727,28.350000381469727,30.350000381469727,27491,
2020-08-27,30.39999961853028,31.0,28.5,29.25,52357,
2020-08-28,29.64999961853028,30.950000762939453,29.39999961853028,30.299999237060547,38852,
2020-08-31,27.64999961853028,30.0,26.200000762939453,29.600000381469727,20191,
2020-09-01,27.0,29.0,26.5,27.850000381469727,12936,
2020-09-02,27.549999237060547,28.299999237060547,26.89999961853028,26.89999961853028,6211,
2020-09-03,27.700000762939453,28.450000762939453,27.0,27.549999237060547,6776,
2020-09-04,27.450000762939453,27.89999961853028,26.299999237060547,26.299999237060547,6788,
2020-09-07,26.600000381469727,27.950000762939453,25.450000762939453,27.0,6502,
2020-09-08,26.25,27.700000762939453,25.450000762939453,26.700000762939453,13683,
2020-09-09,25.950000762939453,27.39999961853028,24.299999237060547,26.39999961853028,17979,
2020-09-10,26.5,27.39999961853028,26.0,26.0,11520,
2020-09-11,27.0,28.0,26.200000762939453,28.0,10892,
2020-09-14,27.14999961853028,28.5,27.0,27.549999237060547,5973,
2020-09-15,27.350000381469727,27.5,26.89999961853028,27.25,4767,
2020-09-16,26.14999961853028,27.700000762939453,25.39999961853028,27.299999237060547,18956,
2020-09-17,27.049999237060547,28.350000381469727,26.600000381469727,28.350000381469727,11789,
2020-09-18,27.799999237060547,28.5,27.049999237060547,27.049999237060547,7310,
2020-09-21,26.850000381469727,27.5,26.5,27.5,11342,
2020-09-22,25.950000762939453,26.850000381469727,25.0,26.5,12943,
2020-09-23,26.049999237060547,26.75,25.049999237060547,26.75,12203,
2020-09-24,25.200000762939453,26.350000381469727,25.200000762939453,26.0,8929,
2020-09-25,25.700000762939453,26.299999237060547,25.14999961853028,25.350000381469727,10698,
2020-09-28,26.25,26.600000381469727,25.39999961853028,25.950000762939453,10549,
2020-09-29,26.850000381469727,27.0,25.600000381469727,25.950000762939453,12559,
2020-09-30,25.549999237060547,26.89999961853028,24.75,26.700000762939453,7080,
2020-10-01,25.5,26.64999961853028,25.14999961853028,26.549999237060547,5039,
2020-10-05,24.89999961853028,26.350000381469727,24.64999961853028,25.5,10552,
2020-10-06,25.350000381469727,26.0,25.0,25.100000381469727,9058,
2020-10-07,25.700000762939453,26.0,25.049999237060547,26.0,8731,
2020-10-08,25.64999961853028,26.950000762939453,25.25,25.950000762939453,10453,
2020-10-09,25.350000381469727,26.549999237060547,25.25,26.549999237060547,9584,
2020-10-12,25.200000762939453,25.850000381469727,25.100000381469727,25.5,3989,
2020-10-13,25.299999237060547,25.75,24.600000381469727,25.350000381469727,13912,
2020-10-14,24.600000381469727,25.700000762939453,24.39999961853028,25.64999961853028,5325,
2020-10-15,24.25,25.700000762939453,23.64999961853028,25.0,16881,
2020-10-16,24.549999237060547,25.049999237060547,23.350000381469727,24.5,2888,
2020-10-19,25.5,25.850000381469727,24.200000762939453,24.549999237060547,24908,
2020-10-20,24.89999961853028,26.049999237060547,24.549999237060547,25.5,6389,
2020-10-21,24.5,26.14999961853028,24.450000762939453,24.64999961853028,6267,
2020-10-22,24.549999237060547,25.64999961853028,24.39999961853028,24.549999237060547,9727,
2020-10-23,25.100000381469727,25.75,24.200000762939453,24.200000762939453,9574,
2020-10-26,27.850000381469727,28.350000381469727,25.39999961853028,25.5,77419,
2020-10-27,30.25,30.75,26.700000762939453,28.5,192907,
2020-10-28,30.14999961853028,31.049999237060547,29.799999237060547,30.700000762939453,131983,
2020-10-29,29.450000762939453,30.049999237060547,29.0,30.049999237060547,20101,
2020-10-30,30.75,32.45000076293945,28.049999237060547,29.299999237060547,103765,
2020-11-02,30.25,32.0,29.299999237060547,31.89999961853028,40501,
2020-11-03,29.5,30.75,29.299999237060547,30.600000381469727,10223,
2020-11-04,29.049999237060547,30.049999237060547,28.799999237060547,30.0,12253,
2020-11-05,30.200000762939453,31.0,28.200000762939453,29.100000381469727,51269,
2020-11-06,29.799999237060547,31.549999237060547,29.5,30.049999237060547,44742,
2020-11-09,30.100000381469727,31.0,29.200000762939453,29.200000762939453,23404,
2020-11-10,29.89999961853028,30.700000762939453,29.100000381469727,29.450000762939453,13442,
2020-11-11,29.299999237060547,30.39999961853028,28.549999237060547,30.39999961853028,8785,
2020-11-12,29.200000762939453,30.100000381469727,28.549999237060547,29.75,16619,
2020-11-13,29.600000381469727,30.049999237060547,28.700000762939453,29.600000381469727,9160,
2020-11-14,29.39999961853028,30.200000762939453,29.0,30.200000762939453,1282,
2020-11-17,30.25,31.0,29.100000381469727,29.5,26536,
2020-11-18,36.29999923706055,36.29999923706055,30.049999237060547,30.049999237060547,454537,
2020-11-19,37.04999923706055,42.400001525878906,36.400001525878906,39.900001525878906,440760,
2020-11-20,38.0,39.5,37.5,38.0,56102,
2020-11-23,36.09999847412109,38.0,33.349998474121094,38.0,98392,
2020-11-24,35.599998474121094,37.5,35.0,36.84999847412109,33570,
2020-11-25,34.75,36.0,34.349998474121094,36.0,24412,
2020-11-26,36.650001525878906,37.0,34.70000076293945,34.75,18585,
2020-11-27,37.95000076293945,40.900001525878906,36.900001525878906,37.45000076293945,214668,
2020-12-01,37.400001525878906,39.70000076293945,37.09999847412109,37.95000076293945,20827,
2020-12-02,39.04999923706055,40.20000076293945,37.0,38.0,78797,
2020-12-03,39.70000076293945,40.0,37.5,40.0,41208,
2020-12-04,38.59999847412109,40.0,37.900001525878906,39.70000076293945,36100,
2020-12-07,40.20000076293945,41.400001525878906,37.54999923706055,39.0,95639,
2020-12-08,38.95000076293945,42.0,37.150001525878906,42.0,57530,
2020-12-09,39.79999923706055,40.5,38.25,40.20000076293945,44278,
2020-12-10,38.84999847412109,39.29999923706055,38.0,39.29999923706055,12357,
2020-12-11,39.20000076293945,40.25,38.45000076293945,39.0,41355,
2020-12-14,39.650001525878906,39.95000076293945,39.45000076293945,39.5,24183,
2020-12-15,40.900001525878906,42.09999847412109,38.150001525878906,40.0,119132,
2020-12-16,48.34999847412109,49.04999923706055,41.0,41.650001525878906,1132628,
2020-12-17,42.45000076293945,47.95000076293945,42.0,47.95000076293945,288082,
2020-12-18,41.84999847412109,43.75,40.0,43.09999847412109,71945,
2020-12-21,37.79999923706055,43.0,36.0,41.900001525878906,81793,
2020-12-22,39.09999847412109,40.650001525878906,35.150001525878906,37.25,291104,
2020-12-23,41.95000076293945,42.400001525878906,39.0,39.79999923706055,72296,
2020-12-24,43.5,43.75,41.20000076293945,42.400001525878906,112802,
2020-12-28,47.54999923706055,48.45000076293945,42.79999923706055,43.900001525878906,476219,
2020-12-29,50.45000076293945,51.79999923706055,47.59999847412109,50.0,854880,
2020-12-30,50.150001525878906,52.400001525878906,47.900001525878906,51.54999923706055,205655,
2020-12-31,48.34999847412109,50.59999847412109,47.75,50.150001525878906,73973,
2021-01-01,49.29999923706055,50.20000076293945,48.29999923706055,48.45000076293945,34831,
2021-01-04,49.09999847412109,52.0,48.04999923706055,52.0,89296,
2021-01-05,49.79999923706055,50.0,48.25,49.150001525878906,30576,
2021-01-06,49.0,50.900001525878906,48.34999847412109,49.84999847412109,67191,
2021-01-07,49.84999847412109,50.84999847412109,49.400001525878906,50.84999847412109,20848,
2021-01-08,58.04999923706055,59.400001525878906,50.70000076293945,50.79999923706055,2539908,
2021-01-11,60.0,65.5,58.0,60.900001525878906,2238781,
2021-01-12,58.34999847412109,60.25,56.75,59.0,207225,
2021-01-13,54.45000076293945,59.400001525878906,52.54999923706055,59.400001525878906,211277,
2021-01-14,51.900001525878906,55.5,50.400001525878906,55.5,129922,
2021-01-15,53.54999923706055,56.34999847412109,51.79999923706055,51.84999847412109,86895,
2021-01-18,51.25,54.5,51.0,54.5,39274,
2021-01-19,52.650001525878906,54.5,51.5,51.95000076293945,35870,
2021-01-20,51.900001525878906,54.0,51.0,52.45000076293945,43870,
2021-01-21,50.54999923706055,53.25,50.29999923706055,52.59999847412109,98552,
2021-01-22,48.70000076293945,51.0,46.650001525878906,50.400001525878906,65533,
2021-01-25,47.150001525878906,50.20000076293945,47.0,49.04999923706055,30853,
2021-01-27,46.0,49.0,45.0,47.20000076293945,25398,
2021-01-28,47.09999847412109,47.150001525878906,45.900001525878906,46.0,21045,
2021-01-29,44.20000076293945,51.0,43.70000076293945,49.0,67373,
2021-02-01,42.95000076293945,46.45000076293945,40.84999847412109,46.45000076293945,93109,
2021-02-02,45.5,46.79999923706055,43.5,45.0,34718,
2021-02-03,45.20000076293945,47.400001525878906,44.5,46.45000076293945,47649,
2021-02-04,45.95000076293945,46.79999923706055,45.04999923706055,45.150001525878906,34287,
2021-02-05,45.150001525878906,48.59999847412109,44.95000076293945,46.45000076293945,32118,
2021-02-08,44.54999923706055,45.650001525878906,44.20000076293945,45.650001525878906,19285,
2021-02-09,43.70000076293945,45.0,42.59999847412109,44.54999923706055,30097,
2021-02-10,43.59999847412109,45.54999923706055,43.20000076293945,45.0,18290,
2021-02-11,42.84999847412109,44.400001525878906,42.20000076293945,44.25,27037,
2021-02-12,43.09999847412109,43.84999847412109,42.84999847412109,42.84999847412109,14263,
2021-02-15,42.75,45.54999923706055,42.25,44.45000076293945,21019,
2021-02-16,44.25,45.34999847412109,42.75,44.70000076293945,26979,
2021-02-17,44.95000076293945,45.5,43.34999847412109,44.150001525878906,31428,
2021-02-18,46.25,46.900001525878906,44.70000076293945,45.400001525878906,32147,
2021-02-19,44.900001525878906,46.29999923706055,44.59999847412109,46.29999923706055,25036,
2021-02-22,44.0,45.79999923706055,43.25,44.59999847412109,18373,
2021-02-23,43.150001525878906,44.900001525878906,42.5,43.34999847412109,19494,
2021-02-24,46.5,51.70000076293945,42.29999923706055,44.70000076293945,48081,
2021-02-25,46.29999923706055,47.45000076293945,45.0,47.400001525878906,29852,
2021-02-26,45.400001525878906,46.400001525878906,45.150001525878906,46.04999923706055,15105,
2021-03-01,46.75,47.5,45.0,45.0,72790,
2021-03-02,51.20000076293945,51.95000076293945,46.79999923706055,47.150001525878906,406674,
2021-03-03,49.400001525878906,53.5,48.09999847412109,51.59999847412109,112169,
2021-03-04,50.20000076293945,52.0,49.400001525878906,49.400001525878906,64568,
2021-03-05,49.25,52.09999847412109,49.0,50.150001525878906,39400,
2021-03-08,47.400001525878906,49.54999923706055,46.75,49.5,71157,
2021-03-09,45.5,48.09999847412109,45.04999923706055,47.54999923706055,35182,
2021-03-10,46.54999923706055,47.0,45.70000076293945,47.0,10040,
2021-03-12,45.400001525878906,47.5,45.0,47.5,40350,
2021-03-15,45.84999847412109,47.0,45.5,47.0,12375,
2021-03-16,45.54999923706055,46.45000076293945,45.0,45.95000076293945,14293,
2021-03-17,45.09999847412109,45.79999923706055,44.84999847412109,45.34999847412109,17716,
2021-03-18,43.70000076293945,48.79999923706055,43.20000076293945,45.5,248337,
2021-03-19,43.09999847412109,45.0,41.09999847412109,43.0,16478,
2021-03-22,42.5,43.5,39.650001525878906,43.0,63132,
2021-03-23,42.95000076293945,43.650001525878906,42.34999847412109,43.650001525878906,15551,
2021-03-24,40.75,43.650001525878906,40.29999923706055,43.650001525878906,42569,
2021-03-25,40.59999847412109,43.29999923706055,40.400001525878906,43.29999923706055,80523,
2021-03-26,40.20000076293945,41.84999847412109,39.79999923706055,41.84999847412109,23273,
2021-03-30,40.650001525878906,41.84999847412109,40.0,41.0,24506,
2021-03-31,41.04999923706055,41.70000076293945,40.04999923706055,40.54999923706055,26087,
2021-04-01,41.84999847412109,42.900001525878906,40.84999847412109,40.84999847412109,14601,
2021-04-05,40.70000076293945,42.0,40.04999923706055,42.0,13814,
2021-04-06,40.29999923706055,41.400001525878906,39.45000076293945,40.29999923706055,15461,
2021-04-07,40.70000076293945,41.75,39.900001525878906,39.900001525878906,21448,
2021-04-08,41.09999847412109,42.400001525878906,40.59999847412109,41.75,18665,
2021-04-09,41.29999923706055,41.79999923706055,40.95000076293945,41.75,9800,
2021-04-12,38.20000076293945,40.29999923706055,37.84999847412109,40.150001525878906,39965,
2021-04-13,39.79999923706055,40.150001525878906,37.54999923706055,37.54999923706055,24485,
2021-04-15,39.04999923706055,39.900001525878906,38.59999847412109,39.900001525878906,8613,
2021-04-16,39.20000076293945,39.54999923706055,39.0,39.54999923706055,9108,
2021-04-19,37.59999847412109,38.75,36.29999923706055,38.75,20125,
2021-04-20,38.900001525878906,39.70000076293945,37.59999847412109,37.59999847412109,13325,
2021-04-22,40.09999847412109,40.45000076293945,37.5,39.5,20287,
2021-04-23,40.150001525878906,40.34999847412109,38.650001525878906,40.09999847412109,13339,
2021-04-26,45.0,45.70000076293945,39.09999847412109,39.29999923706055,137762,
2021-04-27,46.95000076293945,48.45000076293945,45.5,45.59999847412109,284642,
2021-04-28,45.34999847412109,47.0,44.70000076293945,46.84999847412109,39525,
2021-04-29,44.20000076293945,46.79999923706055,43.650001525878906,46.79999923706055,30825,
2021-04-30,44.400001525878906,45.95000076293945,44.0,45.95000076293945,11038,
2021-05-03,43.0,45.84999847412109,41.84999847412109,45.84999847412109,20341,
2021-05-04,43.59999847412109,44.150001525878906,43.34999847412109,43.34999847412109,15839,
2021-05-05,42.900001525878906,44.75,42.150001525878906,44.75,24896,
2021-05-06,42.54999923706055,43.150001525878906,42.04999923706055,42.650001525878906,17787,
2021-05-07,43.400001525878906,43.95000076293945,42.5,43.900001525878906,36358,
2021-05-10,45.70000076293945,46.79999923706055,43.400001525878906,43.400001525878906,74555,
2021-05-11,49.29999923706055,49.70000076293945,45.45000076293945,45.75,171512,
2021-05-12,50.0,52.84999847412109,49.45000076293945,52.0,473568,
2021-05-14,48.20000076293945,51.25,48.04999923706055,50.70000076293945,38347,
2021-05-17,46.70000076293945,48.54999923706055,46.29999923706055,47.400001525878906,44260,
2021-05-18,50.59999847412109,52.5,46.70000076293945,46.70000076293945,280491,
2021-05-19,49.900001525878906,52.5,49.59999847412109,51.70000076293945,47654,
2021-05-20,50.0,51.150001525878906,49.0,49.70000076293945,43299,
2021-05-21,48.900001525878906,50.70000076293945,48.150001525878906,50.09999847412109,29604,
2021-05-24,52.34999847412109,53.04999923706055,48.900001525878906,50.75,488329,
2021-05-25,53.70000076293945,55.5,53.0,54.0,570515,
2021-05-26,52.650001525878906,54.84999847412109,52.25,54.34999847412109,84125,
2021-05-27,51.45000076293945,53.34999847412109,51.0,52.09999847412109,52215,
2021-05-28,51.54999923706055,55.400001525878906,51.09999847412109,51.45000076293945,366111,
2021-05-31,53.84999847412109,54.54999923706055,51.150001525878906,52.79999923706055,107633,
2021-06-01,54.04999923706055,62.400001525878906,52.84999847412109,61.0,767233,
2021-06-02,54.34999847412109,54.70000076293945,52.59999847412109,54.400001525878906,84220,
2021-06-03,56.5,58.0,53.400001525878906,54.34999847412109,247070,
2021-06-04,55.150001525878906,57.5,54.900001525878906,57.400001525878906,75949,
2021-06-07,54.04999923706055,57.400001525878906,53.25,57.400001525878906,59154,
2021-06-08,53.84999847412109,55.25,53.5,54.34999847412109,34943,
2021-06-09,51.84999847412109,54.95000076293945,51.20000076293945,54.95000076293945,53815,
2021-06-10,53.84999847412109,55.79999923706055,52.0,52.45000076293945,114839,
2021-06-11,53.84999847412109,57.0,53.20000076293945,54.900001525878906,163619,
2021-06-14,53.59999847412109,54.0,52.20000076293945,53.150001525878906,42034,
2021-06-15,53.75,54.34999847412109,53.20000076293945,54.34999847412109,31604,
2021-06-16,54.95000076293945,56.20000076293945,53.400001525878906,53.75,90118,
2021-06-17,59.0,59.5,54.09999847412109,54.09999847412109,678683,
2021-06-18,56.34999847412109,61.45000076293945,54.45000076293945,60.95000076293945,570862,
2021-06-21,56.400001525878906,57.5,54.0,54.150001525878906,104868,
2021-06-22,55.79999923706055,58.0,55.20000076293945,58.0,54742,
2021-06-23,55.5,57.5,54.95000076293945,54.95000076293945,86657,
2021-06-24,54.5,56.20000076293945,54.25,55.54999923706055,47256,
2021-06-25,59.45000076293945,60.95000076293945,54.34999847412109,56.70000076293945,1001128,
2021-06-28,60.45000076293945,62.25,60.0,61.400001525878906,680838,
2021-06-29,60.29999923706055,61.5,59.0,61.5,241854,
2021-06-30,67.3499984741211,70.30000305175781,62.0,62.0,2589506,
2021-07-01,69.94999694824219,72.44999694824219,68.5,68.5,882692,
2021-07-02,67.1500015258789,70.25,66.0999984741211,70.0,267896,
2021-07-05,67.55000305175781,70.9000015258789,65.80000305175781,67.3499984741211,335648,
2021-07-06,65.69999694824219,71.0,64.9000015258789,67.9000015258789,454681,
2021-07-07,69.30000305175781,70.30000305175781,65.0,66.0,336553,
2021-07-08,72.4000015258789,75.30000305175781,71.0,72.0,1210396,
2021-07-09,72.9000015258789,73.69999694824219,71.0999984741211,72.80000305175781,247262,
2021-07-12,72.9000015258789,75.19999694824219,72.44999694824219,73.0,263316,
2021-07-13,74.0,74.75,72.5,74.0,485364,
2021-07-14,73.19999694824219,76.5,72.5,75.8499984741211,513364,
2021-07-15,71.19999694824219,74.0999984741211,70.80000305175781,73.25,164023,
2021-07-16,70.1500015258789,72.80000305175781,69.80000305175781,72.0,159093,
2021-07-19,69.5,72.3499984741211,68.30000305175781,69.75,118419,
2021-07-20,68.0,70.0999984741211,67.19999694824219,69.5,117062,
2021-07-22,67.9000015258789,69.6500015258789,67.55000305175781,69.25,74385,
2021-07-23,67.5,69.25,67.0,68.5,75348,
2021-07-26,67.75,70.8499984741211,66.80000305175781,67.5,169899,
2021-07-27,72.6500015258789,74.80000305175781,67.75,69.0,506870,
2021-07-28,73.0999984741211,73.75,71.19999694824219,73.19999694824219,171451,
2021-07-29,75.75,77.4000015258789,72.4000015258789,73.1500015258789,631711,
2021-07-30,76.94999694824219,78.0,75.5,75.69999694824219,395408,
2021-08-02,76.05000305175781,78.30000305175781,75.4000015258789,77.94999694824219,213954,
2021-08-03,75.4000015258789,76.5999984741211,73.4000015258789,73.4000015258789,92447,
2021-08-04,72.94999694824219,77.44999694824219,72.0,75.94999694824219,142252,
2021-08-05,70.9000015258789,73.0,69.30000305175781,72.9000015258789,153368,
2021-08-06,72.55000305175781,73.30000305175781,70.94999694824219,71.0,57996,
2021-08-09,73.8499984741211,75.55000305175781,72.4000015258789,74.0,167009,
2021-08-10,68.8499984741211,75.0,66.80000305175781,75.0,158202,
2021-08-11,68.05000305175781,69.69999694824219,62.0,69.69999694824219,193694,
2021-08-12,70.1500015258789,72.4000015258789,68.69999694824219,68.80000305175781,73623,
2021-08-13,74.75,77.4000015258789,68.80000305175781,69.44999694824219,1095115,
2021-08-16,75.5999984741211,77.0,73.0999984741211,76.5,711883,
2021-08-17,71.94999694824219,76.0,71.0,75.5999984741211,132866,
2021-08-18,74.4000015258789,77.0,69.44999694824219,72.44999694824219,892227,
2021-08-20,70.5,74.69999694824219,69.69999694824219,74.0,144823,
2021-08-23,67.4000015258789,73.30000305175781,67.0,70.9000015258789,110558,
2021-08-24,71.6500015258789,72.8499984741211,67.19999694824219,69.8499984741211,59111,
2021-08-25,71.0,74.0,70.0,72.55000305175781,238316,
2021-08-26,70.3499984741211,72.30000305175781,70.05000305175781,71.5999984741211,41749,
2021-08-27,70.6500015258789,71.80000305175781,70.19999694824219,70.94999694824219,40596,
2021-08-30,70.30000305175781,71.94999694824219,70.0,71.94999694824219,38253,
2021-08-31,69.6500015258789,71.0999984741211,69.30000305175781,70.80000305175781,38237,
2021-09-01,69.5,71.44999694824219,68.3499984741211,70.5999984741211,64048,
2021-09-02,69.80000305175781,71.0999984741211,69.5,70.8499984741211,43186,
2021-09-03,70.5,72.0,70.0,71.5999984741211,60734,
2021-09-06,69.5999984741211,71.0,69.19999694824219,70.0,54931,
2021-09-07,68.94999694824219,70.55000305175781,68.5999984741211,70.55000305175781,28978,
2021-09-08,69.0,71.94999694824219,68.30000305175781,68.5,59667,
2021-09-09,69.0999984741211,70.44999694824219,68.5,70.44999694824219,30563,
2021-09-13,70.69999694824219,72.05000305175781,67.1500015258789,68.5999984741211,95994,
2021-09-14,69.8499984741211,72.44999694824219,69.69999694824219,72.0,133387,
2021-09-15,70.0,71.55000305175781,69.6500015258789,71.5,66131,
2021-09-16,68.8499984741211,70.80000305175781,68.5999984741211,69.69999694824219,41873,
2021-09-17,66.9000015258789,70.25,66.05000305175781,68.8499984741211,74987,
2021-09-20,65.19999694824219,68.5,65.0,67.0,44915,
2021-09-21,65.94999694824219,67.4000015258789,65.0999984741211,65.19999694824219,32225,
2021-09-22,66.05000305175781,67.30000305175781,65.80000305175781,67.30000305175781,20239,
2021-09-23,66.1500015258789,67.19999694824219,66.0,66.80000305175781,30373,
2021-09-24,65.0999984741211,67.4000015258789,64.9000015258789,67.19999694824219,43489,
2021-09-27,63.75,66.8499984741211,63.150001525878906,66.8499984741211,47416,
2021-09-28,63.0,64.6500015258789,62.0,64.6500015258789,52974,
2021-09-29,63.79999923706055,66.69999694824219,62.45000076293945,63.0,78390,
2021-09-30,63.45000076293945,65.19999694824219,63.04999923706055,63.75,44099,
2021-10-01,63.75,67.9000015258789,62.900001525878906,63.25,34195,
2021-10-04,63.650001525878906,64.75,63.0,63.0,25663,
2021-10-05,63.75,65.0,63.09999847412109,63.09999847412109,42169,
2021-10-06,63.59999847412109,65.0,63.5,65.0,40329,
2021-10-07,63.900001525878906,64.75,63.650001525878906,63.650001525878906,52558,
2021-10-08,63.900001525878906,64.5,63.34999847412109,64.5,32042,
2021-10-11,64.80000305175781,66.4000015258789,63.84999847412109,64.94999694824219,49180,
2021-10-12,66.05000305175781,67.5999984741211,64.44999694824219,65.5,94097,
2021-10-13,64.25,67.4000015258789,63.84999847412109,66.1500015258789,56483,
2021-10-14,63.70000076293945,64.94999694824219,63.54999923706055,64.25,25183,
2021-10-18,63.400001525878906,64.05000305175781,63.29999923706055,63.79999923706055,38679,
2021-10-19,63.20000076293945,63.75,62.70000076293945,63.04999923706055,52328,
2021-10-20,62.25,64.30000305175781,61.79999923706055,63.0,48063,
2021-10-21,62.70000076293945,63.900001525878906,62.34999847412109,62.34999847412109,19641,
2021-10-22,65.5999984741211,66.6500015258789,63.04999923706055,63.5,102421,
2021-10-25,63.29999923706055,68.4000015258789,60.34999847412109,66.3499984741211,203386,
2021-10-26,65.44999694824219,65.80000305175781,63.84999847412109,64.0,31955,
2021-10-27,65.55000305175781,67.0,64.6500015258789,65.44999694824219,28963,
2021-10-28,63.34999847412109,66.05000305175781,62.79999923706055,65.6500015258789,42812,
2021-10-29,66.80000305175781,68.0,62.04999923706055,64.6500015258789,132810,
2021-11-01,69.5999984741211,73.80000305175781,67.05000305175781,68.4000015258789,650376,
2021-11-02,69.8499984741211,71.5,68.30000305175781,69.5999984741211,129628,
2021-11-03,68.94999694824219,71.80000305175781,68.5,68.5999984741211,121989,
2021-11-04,70.05000305175781,70.80000305175781,68.94999694824219,69.94999694824219,32227,
2021-11-08,70.05000305175781,71.9000015258789,68.5999984741211,70.05000305175781,84785,
2021-11-09,69.3499984741211,71.0,69.0,71.0,36528,
2021-11-10,68.94999694824219,69.69999694824219,68.19999694824219,69.44999694824219,57779,
2021-11-11,67.30000305175781,69.5999984741211,67.0,69.5999984741211,52663,
2021-11-12,67.3499984741211,67.9000015258789,66.75,67.19999694824219,27799,
2021-11-15,66.9000015258789,69.94999694824219,66.5,67.19999694824219,59228,
2021-11-16,66.55000305175781,67.94999694824219,66.3499984741211,67.1500015258789,40204,
2021-11-17,67.44999694824219,68.75,66.0,67.0,71282,
2021-11-18,65.69999694824219,67.4000015258789,65.05000305175781,67.0,31120,
2021-11-22,61.75,66.55000305175781,61.04999923706055,65.69999694824219,48803,
2021-11-23,62.45000076293945,63.400001525878906,60.25,62.29999923706055,31852,
2021-11-24,62.75,63.75,61.650001525878906,61.650001525878906,16944,
2021-11-25,75.25,75.30000305175781,62.54999923706055,63.0,611371,
2021-11-26,76.9000015258789,80.55000305175781,72.19999694824219,77.9000015258789,1105779,
2021-11-29,75.69999694824219,81.3499984741211,74.05000305175781,79.0999984741211,526505,
2021-11-30,72.80000305175781,78.1500015258789,71.19999694824219,75.5,231489,
2021-12-01,75.5999984741211,77.0999984741211,73.0,73.0,183212,
2021-12-02,76.30000305175781,78.4000015258789,74.0999984741211,74.6500015258789,111001,
2021-12-03,75.44999694824219,77.80000305175781,74.69999694824219,77.80000305175781,50330,
2021-12-06,78.8499984741211,81.9000015258789,76.4000015258789,77.19999694824219,531921,
2021-12-07,81.25,84.0,79.3499984741211,80.9000015258789,480946,
2021-12-08,80.30000305175781,83.44999694824219,79.69999694824219,82.0,174567,
2021-12-09,81.55000305175781,84.80000305175781,80.0999984741211,80.0999984741211,374069,
2021-12-10,80.5999984741211,83.44999694824219,79.05000305175781,82.44999694824219,170129,
2021-12-13,78.0,81.8499984741211,77.0,81.0,131915,
2021-12-14,78.94999694824219,79.80000305175781,77.0,77.5,71716,
2021-12-15,76.0,80.0,75.30000305175781,78.9000015258789,149708,
2021-12-16,74.69999694824219,77.8499984741211,74.25,77.8499984741211,99792,
2021-12-17,73.0,75.0,71.9000015258789,75.0,119534,
2021-12-20,68.44999694824219,72.80000305175781,67.30000305175781,72.80000305175781,120436,
2021-12-21,73.0999984741211,74.9000015258789,69.0,69.0,86259,
2021-12-22,76.55000305175781,78.0999984741211,74.94999694824219,75.0,177632,
2021-12-23,74.5,77.0,74.0999984741211,76.5999984741211,54160,
2021-12-24,73.44999694824219,76.4000015258789,73.05000305175781,76.4000015258789,42148,
2021-12-27,74.3499984741211,75.9000015258789,73.5999984741211,75.9000015258789,40736,
2021-12-28,83.0,84.5999984741211,74.30000305175781,75.5,515846,
2021-12-29,81.5,86.8499984741211,80.5999984741211,83.0,294065,
2021-12-30,79.6500015258789,82.05000305175781,78.6500015258789,82.0,89624,
2021-12-31,81.44999694824219,85.0,79.5999984741211,82.0,249379,
2022-01-03,80.44999694824219,82.3499984741211,79.69999694824219,82.3499984741211,96780,
2022-01-04,79.6500015258789,81.0,78.0,79.69999694824219,172948,
2022-01-05,80.05000305175781,80.75,78.4000015258789,80.0,93653,
2022-01-06,82.05000305175781,83.0,78.05000305175781,78.8499984741211,132066,
2022-01-07,80.0999984741211,83.55000305175781,78.0,81.19999694824219,197095,
2022-01-10,79.75,82.0,79.1500015258789,81.25,101759,
2022-01-11,79.5999984741211,80.9000015258789,79.0,79.4000015258789,68814,
2022-01-12,80.8499984741211,84.80000305175781,80.0999984741211,81.0,205852,
2022-01-13,80.55000305175781,81.80000305175781,79.19999694824219,80.0,74618,
2022-01-14,81.4000015258789,82.9000015258789,79.6500015258789,80.05000305175781,81288,
2022-01-17,83.75,86.69999694824219,80.5,80.5,377618,
2022-01-18,81.25,87.4000015258789,80.0999984741211,84.44999694824219,155854,
2022-01-19,80.5999984741211,82.1500015258789,80.0999984741211,81.5,66513,
2022-01-20,81.19999694824219,83.69999694824219,80.25,80.9000015258789,82282,
2022-01-21,79.6500015258789,83.55000305175781,79.1500015258789,81.5999984741211,85507,
2022-01-24,73.1500015258789,78.44999694824219,71.0999984741211,78.0,120609,
2022-01-25,75.75,77.1500015258789,70.05000305175781,72.5,91598,
2022-01-27,75.0,75.94999694824219,73.25,75.94999694824219,39218,
2022-01-28,69.0999984741211,79.0999984741211,68.3499984741211,75.9000015258789,316630,
2022-01-31,66.8499984741211,69.69999694824219,63.34999847412109,68.25,180301,
2022-02-01,67.19999694824219,69.0999984741211,66.44999694824219,67.9000015258789,72635,
2022-02-02,65.94999694824219,69.69999694824219,65.6500015258789,68.05000305175781,141160,
2022-02-03,66.25,67.5,65.9000015258789,66.5,51266,
2022-02-04,68.5999984741211,75.55000305175781,65.69999694824219,66.25,824859,
2022-02-07,66.6500015258789,70.0,66.1500015258789,69.9000015258789,140697,
2022-02-08,65.05000305175781,67.8499984741211,64.19999694824219,66.19999694824219,108861,
2022-02-09,64.55000305175781,66.5,64.19999694824219,66.5,80655,
2022-02-10,63.84999847412109,65.55000305175781,63.45000076293945,64.5,96524,
2022-02-11,62.25,63.900001525878906,62.04999923706055,63.5,96616,
2022-02-14,58.59999847412109,62.0,57.900001525878906,60.0,100707,
2022-02-15,60.20000076293945,62.34999847412109,56.0,59.79999923706055,121932,
2022-02-16,60.04999923706055,62.04999923706055,58.84999847412109,61.79999923706055,65526,
2022-02-17,60.84999847412109,63.45000076293945,58.59999847412109,60.5,146707,
2022-02-18,59.650001525878906,61.25,59.25,61.0,38179,
2022-02-21,56.75,60.45000076293945,55.54999923706055,59.650001525878906,144169,
2022-02-22,54.95000076293945,56.09999847412109,53.09999847412109,53.09999847412109,50608,
2022-02-23,58.04999923706055,62.5,56.5,56.95000076293945,292476,
2022-02-24,51.84999847412109,56.54999923706055,51.400001525878906,56.0,80604,
2022-02-25,55.59999847412109,57.900001525878906,53.20000076293945,53.20000076293945,58270,
2022-02-28,56.59999847412109,57.25,53.5,55.0,86614,
2022-03-02,57.650001525878906,61.84999847412109,55.84999847412109,56.59999847412109,165016,
2022-03-03,56.400001525878906,58.75,56.04999923706055,58.29999923706055,39425,
2022-03-04,57.79999923706055,58.5,55.84999847412109,56.5,25714,
2022-03-07,54.84999847412109,56.900001525878906,54.0,56.900001525878906,29839,
2022-03-08,56.29999923706055,58.0,54.70000076293945,56.09999847412109,27828,
2022-03-09,58.20000076293945,58.84999847412109,56.0,56.650001525878906,41798,
2022-03-10,58.5,61.84999847412109,58.150001525878906,59.0,73633,
2022-03-11,59.45000076293945,60.84999847412109,58.25,59.0,40898,
2022-03-14,58.5,60.59999847412109,58.04999923706055,60.0,55223,
2022-03-15,57.45000076293945,60.79999923706055,57.04999923706055,60.400001525878906,37273,
2022-03-16,58.09999847412109,59.0,57.150001525878906,58.900001525878906,27433,
2022-03-17,61.84999847412109,66.0,58.25,59.29999923706055,440893,
2022-03-21,60.70000076293945,63.0,60.20000076293945,62.0,31509,
2022-03-22,60.25,61.75,59.45000076293945,61.25,26586,
2022-03-23,59.59999847412109,62.79999923706055,55.34999847412109,62.79999923706055,80633,
2022-03-24,59.34999847412109,60.79999923706055,59.0,60.79999923706055,21111,
2022-03-25,59.20000076293945,63.5,58.5,60.0,85169,
2022-03-28,57.400001525878906,60.400001525878906,56.54999923706055,58.79999923706055,63082,
2022-03-29,54.900001525878906,57.84999847412109,54.34999847412109,56.84999847412109,136741,
2022-03-30,55.34999847412109,56.84999847412109,55.04999923706055,55.5,40879,
2022-03-31,54.54999923706055,55.900001525878906,53.75,55.0,96045,
2022-04-01,57.75,58.09999847412109,54.20000076293945,54.20000076293945,68123,
2022-04-04,59.45000076293945,59.75,58.0,58.0,76891,
2022-04-05,60.400001525878906,62.0,58.650001525878906,59.0,74874,
2022-04-06,60.5,61.84999847412109,59.650001525878906,60.45000076293945,55681,
2022-04-07,60.20000076293945,62.29999923706055,60.0,60.45000076293945,63857,
2022-04-08,61.34999847412109,62.20000076293945,60.70000076293945,61.20000076293945,32859,
2022-04-11,62.150001525878906,64.94999694824219,60.45000076293945,61.84999847412109,273179,
2022-04-12,61.54999923706055,64.1500015258789,61.0,63.54999923706055,59638,
2022-04-13,60.45000076293945,65.0,53.34999847412109,62.75,179416,
2022-04-18,60.04999923706055,61.400001525878906,58.34999847412109,60.45000076293945,61437,
2022-04-19,58.95000076293945,62.25,57.5,60.95000076293945,97754,
2022-04-20,59.900001525878906,61.95000076293945,59.09999847412109,59.900001525878906,42920,
2022-04-21,61.25,62.59999847412109,59.95000076293945,60.0,58864,
2022-04-22,59.400001525878906,62.150001525878906,59.0,61.25,138621,
2022-04-25,58.900001525878906,60.45000076293945,58.5,59.0,32411,
2022-04-26,58.5,61.84999847412109,57.650001525878906,60.0,128315,
2022-04-27,57.79999923706055,59.54999923706055,55.25,59.54999923706055,61510,
2022-04-28,57.95000076293945,59.400001525878906,57.70000076293945,59.400001525878906,41608,
2022-04-29,56.70000076293945,60.59999847412109,55.79999923706055,58.95000076293945,137888,
2022-05-02,54.29999923706055,55.75,53.70000076293945,55.0,62124,
2022-05-04,52.59999847412109,56.95000076293945,52.29999923706055,54.29999923706055,87564,
2022-05-05,52.34999847412109,54.0,51.59999847412109,53.04999923706055,30590,
2022-05-06,51.75,52.400001525878906,50.25,52.0,29836,
2022-05-09,49.54999923706055,52.900001525878906,49.29999923706055,52.900001525878906,78743,
2022-05-10,47.45000076293945,51.84999847412109,46.400001525878906,48.59999847412109,86162,
2022-05-11,45.400001525878906,47.70000076293945,44.84999847412109,47.400001525878906,57789,
2022-05-12,41.650001525878906,45.400001525878906,40.95000076293945,44.34999847412109,114761,
2022-05-13,43.20000076293945,44.0,42.20000076293945,42.45000076293945,31947,
2022-05-16,45.34999847412109,45.84999847412109,43.20000076293945,45.59999847412109,26666,
2022-05-17,46.79999923706055,48.45000076293945,45.29999923706055,46.0,50862,
2022-05-18,47.34999847412109,48.0,46.79999923706055,46.79999923706055,19596,
2022-05-19,44.59999847412109,46.5,44.400001525878906,46.5,20949,
2022-05-20,46.75,49.45000076293945,44.70000076293945,45.45000076293945,133843,
2022-05-23,45.900001525878906,47.400001525878906,45.70000076293945,46.5,25020,
2022-05-24,45.20000076293945,46.5,45.04999923706055,46.400001525878906,7840,
2022-05-25,42.400001525878906,46.0,42.0,46.0,33995,
2022-05-26,42.25,43.150001525878906,40.59999847412109,41.95000076293945,45605,
2022-05-27,43.04999923706055,44.70000076293945,42.5,43.0,37692,
2022-05-30,43.95000076293945,44.45000076293945,43.29999923706055,43.84999847412109,12853,
2022-05-31,44.25,44.59999847412109,43.5,44.59999847412109,8092,
2022-06-01,45.09999847412109,46.34999847412109,44.0,44.79999923706055,23368,
2022-06-02,44.84999847412109,45.84999847412109,44.54999923706055,45.45000076293945,8369,
2022-06-03,44.54999923706055,45.70000076293945,44.25,45.400001525878906,13021,
2022-06-06,43.900001525878906,44.79999923706055,43.59999847412109,44.0,15470,
2022-06-07,43.650001525878906,45.150001525878906,43.0,44.0,38470,
2022-06-08,44.150001525878906,44.95000076293945,43.34999847412109,43.79999923706055,21303,
2022-06-09,43.54999923706055,44.34999847412109,43.0,43.900001525878906,6144,
2022-06-10,43.5,44.29999923706055,43.0,44.29999923706055,6433,
2022-06-13,41.75,43.20000076293945,41.09999847412109,42.59999847412109,23127,
2022-06-14,41.650001525878906,42.45000076293945,41.5,42.400001525878906,5644,
2022-06-15,41.34999847412109,42.400001525878906,41.0,41.70000076293945,14436,
2022-06-16,39.25,42.29999923706055,38.5,42.20000076293945,34525,
2022-06-17,37.150001525878906,40.400001525878906,35.900001525878906,39.09999847412109,50372,
2022-06-20,35.25,38.400001525878906,35.0,37.150001525878906,35597,
2022-06-21,37.400001525878906,37.70000076293945,35.099998474121094,35.099998474121094,24716,
2022-06-22,37.04999923706055,37.34999847412109,36.04999923706055,37.20000076293945,7644,
2022-06-23,36.900001525878906,39.0,36.29999923706055,39.0,20299,
2022-06-24,38.900001525878906,41.0,37.400001525878906,38.75,29065,
2022-06-27,39.400001525878906,39.650001525878906,38.25,38.900001525878906,7421,
2022-06-28,38.650001525878906,39.650001525878906,38.20000076293945,39.650001525878906,17235,
2022-06-29,38.59999847412109,39.25,37.95000076293945,38.45000076293945,9280,
2022-06-30,38.29999923706055,39.400001525878906,38.0,38.84999847412109,8041,
2022-07-01,37.79999923706055,38.5,37.04999923706055,38.5,16209,
2022-07-04,38.400001525878906,39.84999847412109,37.59999847412109,38.25,6048,
2022-07-05,38.900001525878906,40.34999847412109,38.70000076293945,39.04999923706055,24609,
2022-07-06,40.09999847412109,40.95000076293945,38.59999847412109,38.650001525878906,20041,
2022-07-07,40.59999847412109,41.59999847412109,40.04999923706055,40.09999847412109,12423,
2022-07-08,41.59999847412109,44.70000076293945,40.04999923706055,41.34999847412109,76822,
2022-07-11,44.29999923706055,44.75,42.29999923706055,42.29999923706055,45563,
2022-07-12,44.59999847412109,45.5,43.54999923706055,45.150001525878906,40292,
2022-07-13,44.34999847412109,46.20000076293945,44.04999923706055,45.400001525878906,19420,
2022-07-14,43.34999847412109,44.400001525878906,42.54999923706055,44.34999847412109,9769,
2022-07-15,43.29999923706055,44.09999847412109,42.29999923706055,44.09999847412109,8319,
2022-07-18,44.0,45.400001525878906,43.650001525878906,44.09999847412109,11939,
2022-07-19,50.0,52.79999923706055,44.75,44.75,630602,
2022-07-20,48.400001525878906,50.70000076293945,47.650001525878906,50.34999847412109,61979,
2022-07-21,47.95000076293945,49.29999923706055,47.20000076293945,49.29999923706055,35625,
2022-07-22,47.900001525878906,48.79999923706055,47.0,47.25,24134,
2022-07-25,47.09999847412109,48.45000076293945,46.79999923706055,47.900001525878906,35756,
2022-07-26,45.75,47.59999847412109,45.0,47.09999847412109,31957,
2022-07-27,45.650001525878906,46.25,45.150001525878906,45.150001525878906,22104,
2022-07-28,46.20000076293945,47.5,45.20000076293945,45.75,28179,
2022-07-29,46.34999847412109,48.59999847412109,45.09999847412109,45.70000076293945,55537,
2022-08-01,45.34999847412109,46.0,44.29999923706055,46.0,51149,
2022-08-02,46.150001525878906,46.70000076293945,44.5,45.5,18812,
2022-08-03,45.20000076293945,46.34999847412109,44.5,46.150001525878906,42910,
2022-08-04,44.5,46.0,43.70000076293945,45.900001525878906,59272,
2022-08-05,44.150001525878906,45.29999923706055,43.650001525878906,44.04999923706055,38324,
2022-08-08,45.54999923706055,46.150001525878906,43.75,44.900001525878906,59330,
2022-08-10,45.09999847412109,46.29999923706055,44.54999923706055,45.150001525878906,21684,
2022-08-11,44.79999923706055,45.900001525878906,44.09999847412109,44.09999847412109,55523,
2022-08-12,44.84999847412109,46.95000076293945,44.5,44.79999923706055,38925,
2022-08-16,44.95000076293945,46.0,44.0,45.650001525878906,27105,
2022-08-17,45.70000076293945,46.5,44.59999847412109,45.20000076293945,41804,
2022-08-18,45.34999847412109,46.0,45.0,45.70000076293945,32208,
2022-08-19,48.75,49.5,44.5,46.25,129688,
2022-08-22,48.09999847412109,48.95000076293945,47.54999923706055,48.95000076293945,34429,
2022-08-23,48.45000076293945,50.20000076293945,47.59999847412109,48.900001525878906,78416,
2022-08-24,48.70000076293945,49.5,48.09999847412109,48.45000076293945,28224,
2022-08-25,48.59999847412109,49.650001525878906,48.29999923706055,49.04999923706055,30486,
2022-08-26,48.34999847412109,50.0,48.150001525878906,48.29999923706055,34199,
2022-08-29,47.650001525878906,48.25,46.54999923706055,46.54999923706055,27624,
2022-08-30,50.59999847412109,51.95000076293945,47.5,47.5,138475,
2022-09-01,51.29999923706055,52.0,49.34999847412109,50.34999847412109,61808,
2022-09-02,52.400001525878906,54.5,51.95000076293945,52.70000076293945,155840,
2022-09-05,52.54999923706055,53.70000076293945,51.150001525878906,51.59999847412109,34473,
2022-09-06,52.04999923706055,53.400001525878906,51.70000076293945,53.400001525878906,26456,
2022-09-07,52.70000076293945,53.95000076293945,51.04999923706055,52.04999923706055,47739,
2022-09-08,52.150001525878906,53.70000076293945,51.29999923706055,52.59999847412109,38849,
2022-09-09,51.25,53.04999923706055,51.0,51.59999847412109,19706,
2022-09-12,50.900001525878906,52.09999847412109,50.650001525878906,50.650001525878906,14005,
2022-09-13,52.400001525878906,53.5,50.84999847412109,51.79999923706055,60501,
2022-09-14,52.150001525878906,53.0,51.0,51.20000076293945,21041,
2022-09-15,54.900001525878906,56.70000076293945,52.04999923706055,52.150001525878906,135048,
2022-09-16,52.29999923706055,55.400001525878906,51.5,54.150001525878906,51277,
2022-09-19,49.150001525878906,53.25,48.5,52.75,158242,
2022-09-20,48.29999923706055,50.04999923706055,47.79999923706055,49.04999923706055,62632,
2022-09-21,47.25,49.900001525878906,45.54999923706055,48.29999923706055,47157,
2022-09-22,47.79999923706055,48.70000076293945,47.0,47.0,31691,
2022-09-23,47.45000076293945,48.79999923706055,47.0,47.84999847412109,23217,
2022-09-26,45.59999847412109,47.45000076293945,45.04999923706055,47.400001525878906,21968,
2022-09-27,46.0,47.150001525878906,45.0,45.0,11928,
2022-09-28,46.45000076293945,47.59999847412109,45.650001525878906,46.0,12660,
2022-09-29,46.650001525878906,51.75,45.75,48.0,37010,
2022-09-30,46.5,47.54999923706055,46.0,47.5,10296,
2022-10-03,46.45000076293945,47.29999923706055,45.900001525878906,46.04999923706055,8008,
2022-10-04,47.650001525878906,48.79999923706055,46.0,46.75,17844,
2022-10-06,46.95000076293945,48.400001525878906,46.79999923706055,47.0,12893,
2022-10-07,50.59999847412109,54.0,47.04999923706055,47.04999923706055,37331,
2022-10-10,50.75,52.20000076293945,49.04999923706055,50.34999847412109,61134,
2022-10-11,50.150001525878906,52.400001525878906,49.650001525878906,51.95000076293945,24155,
2022-10-12,49.20000076293945,49.95000076293945,48.45000076293945,49.59999847412109,8089,
2022-10-13,49.09999847412109,49.45000076293945,48.0,49.09999847412109,9014,
2022-10-14,47.84999847412109,49.900001525878906,46.400001525878906,49.25,14911,
2022-10-17,47.79999923706055,48.70000076293945,46.70000076293945,47.84999847412109,14051,
2022-10-18,48.650001525878906,50.70000076293945,47.5,47.59999847412109,30018,
2022-10-19,48.29999923706055,49.84999847412109,48.0,49.25,9169,
2022-10-20,48.20000076293945,49.20000076293945,47.54999923706055,49.20000076293945,6514,
2022-10-21,46.54999923706055,48.79999923706055,46.20000076293945,48.79999923706055,14659,
2022-10-24,47.650001525878906,48.900001525878906,46.84999847412109,47.29999923706055,8616,
2022-10-25,48.34999847412109,48.5,47.54999923706055,48.34999847412109,7443,
2022-10-27,47.34999847412109,49.20000076293945,47.09999847412109,48.45000076293945,32896,
2022-10-28,46.70000076293945,48.20000076293945,46.0,48.0,12206,
2022-10-31,47.150001525878906,47.75,46.79999923706055,46.79999923706055,11439,
2022-11-01,47.29999923706055,47.900001525878906,46.59999847412109,46.84999847412109,11767,
2022-11-02,46.5,47.70000076293945,46.25,47.04999923706055,19536,
2022-11-03,48.70000076293945,49.70000076293945,46.25,46.84999847412109,56005,
2022-11-04,48.25,50.45000076293945,46.25,48.84999847412109,61157,
2022-11-07,48.20000076293945,49.84999847412109,47.59999847412109,48.45000076293945,16925,
2022-11-09,47.59999847412109,49.04999923706055,47.5,48.20000076293945,13306,
2022-11-10,46.95000076293945,48.59999847412109,46.09999847412109,46.84999847412109,38017,
2022-11-11,45.84999847412109,47.400001525878906,45.34999847412109,47.400001525878906,37079,
2022-11-14,46.84999847412109,47.900001525878906,45.59999847412109,46.0,35946,
2022-11-15,46.54999923706055,47.0,46.20000076293945,47.0,12834,
2022-11-16,46.150001525878906,46.84999847412109,46.0,46.84999847412109,14731,
2022-11-17,45.900001525878906,46.04999923706055,45.29999923706055,46.04999923706055,9280,
2022-11-18,45.5,46.34999847412109,45.25,45.900001525878906,10454,
2022-11-21,45.09999847412109,45.59999847412109,44.54999923706055,45.5,15527,
2022-11-22,43.95000076293945,45.84999847412109,43.650001525878906,45.150001525878906,33193,
2022-11-23,44.59999847412109,46.70000076293945,43.59999847412109,43.59999847412109,22392,
2022-11-24,44.0,44.900001525878906,43.650001525878906,44.70000076293945,17346,
2022-11-25,43.900001525878906,44.79999923706055,43.75,44.79999923706055,25236,
2022-11-28,44.34999847412109,45.5,43.95000076293945,44.0,30584,
2022-11-29,44.400001525878906,45.45000076293945,44.04999923706055,44.95000076293945,15038,
2022-11-30,45.0,45.5,44.54999923706055,44.84999847412109,14210,
2022-12-01,44.84999847412109,45.29999923706055,44.150001525878906,44.150001525878906,18476,
2022-12-02,45.0,46.29999923706055,44.79999923706055,45.5,30364,
2022-12-05,45.70000076293945,46.20000076293945,45.0,45.79999923706055,16880,
2022-12-06,45.5,46.0,44.900001525878906,45.150001525878906,20190,
2022-12-07,45.29999923706055,45.95000076293945,45.04999923706055,45.900001525878906,14128,
2022-12-08,45.09999847412109,45.75,44.70000076293945,45.70000076293945,17568,
2022-12-09,43.75,45.29999923706055,43.5,45.20000076293945,23058,
2022-12-12,43.400001525878906,44.45000076293945,43.09999847412109,44.45000076293945,32581,
2022-12-13,43.04999923706055,44.20000076293945,42.900001525878906,43.09999847412109,34036,
2022-12-14,45.45000076293945,45.79999923706055,43.04999923706055,43.84999847412109,36857,
2022-12-15,44.04999923706055,45.84999847412109,43.900001525878906,45.75,24102,
2022-12-16,48.900001525878906,50.95000076293945,42.650001525878906,44.04999923706055,338111,
2022-12-19,53.5,54.29999923706055,47.54999923706055,49.0,578435,
2022-12-20,52.45000076293945,53.75,51.59999847412109,53.75,97091,
2022-12-21,51.04999923706055,57.70000076293945,50.04999923706055,52.95000076293945,359136,
2022-12-22,48.150001525878906,52.79999923706055,47.09999847412109,52.79999923706055,84657,
2022-12-23,44.34999847412109,48.0,44.0,47.150001525878906,51879,
2022-12-26,46.70000076293945,47.54999923706055,43.900001525878906,45.150001525878906,39091,
2022-12-27,47.34999847412109,48.25,46.20000076293945,47.5,39706,
2022-12-28,47.75,48.400001525878906,46.84999847412109,48.0,11555,
2022-12-29,48.5,49.900001525878906,47.75,47.75,21340,
2022-12-30,48.95000076293945,49.84999847412109,47.5,48.95000076293945,15214,
2023-01-02,48.150001525878906,49.150001525878906,47.54999923706055,48.95000076293945,11012,
2023-01-03,50.400001525878906,51.400001525878906,47.54999923706055,48.150001525878906,64957,
2023-01-04,49.5,51.5,48.79999923706055,51.5,67685,
2023-01-05,49.0,50.25,48.150001525878906,50.20000076293945,34548,
2023-01-06,50.70000076293945,53.45000076293945,49.09999847412109,49.84999847412109,98779,
2023-01-09,49.54999923706055,52.400001525878906,48.70000076293945,52.400001525878906,32401,
2023-01-10,48.54999923706055,50.400001525878906,47.70000076293945,50.400001525878906,24075,
2023-01-11,50.79999923706055,51.5,49.29999923706055,49.84999847412109,38190,
2023-01-12,49.34999847412109,50.84999847412109,49.09999847412109,50.79999923706055,17618,
2023-01-13,49.04999923706055,50.25,48.5,50.150001525878906,15297,
2023-01-16,48.45000076293945,50.25,48.25,49.95000076293945,22100,
2023-01-17,48.59999847412109,49.0,48.150001525878906,49.0,8874,
2023-01-18,50.0,52.0,48.59999847412109,49.5,60703,
2023-01-19,49.25,50.45000076293945,49.0,49.0,18921,
2023-01-20,48.84999847412109,49.79999923706055,48.25,49.5,9830,
2023-01-23,47.34999847412109,49.75,46.75,49.75,28454,
2023-01-24,48.29999923706055,51.45000076293945,47.09999847412109,47.95000076293945,55745,
2023-01-25,48.20000076293945,49.25,47.54999923706055,49.25,10906,
2023-01-27,46.5,48.25,45.79999923706055,48.20000076293945,14087,
2023-01-30,46.95000076293945,47.25,46.0,46.0,6946,
2023-01-31,48.0,50.79999923706055,45.20000076293945,46.95000076293945,96473,
2023-02-01,46.59999847412109,48.84999847412109,45.5,48.29999923706055,24486,
2023-02-02,44.34999847412109,45.0,43.5,44.84999847412109,41738,
2023-02-03,44.20000076293945,44.84999847412109,42.79999923706055,43.59999847412109,22161,
2023-02-06,44.54999923706055,49.900001525878906,43.25,43.25,95973,
2023-02-07,44.150001525878906,45.34999847412109,44.0,44.54999923706055,15823,
2023-02-08,44.54999923706055,45.34999847412109,44.09999847412109,45.34999847412109,10953,
2023-02-09,44.900001525878906,45.34999847412109,44.150001525878906,45.150001525878906,8575,
2023-02-10,43.84999847412109,45.0,42.900001525878906,45.0,17495,
2023-02-13,42.5,44.5,42.150001525878906,44.0,25472,
2023-02-14,43.45000076293945,43.79999923706055,42.25,42.25,10522,
2023-02-15,43.59999847412109,43.95000076293945,43.20000076293945,43.29999923706055,12682,
2023-02-16,43.400001525878906,44.400001525878906,43.29999923706055,44.400001525878906,9768,
2023-02-17,43.84999847412109,44.09999847412109,43.25,43.25,13350,
2023-02-20,44.75,45.0,43.34999847412109,44.0,30697,
2023-02-21,43.59999847412109,45.04999923706055,43.29999923706055,44.70000076293945,17238,
2023-02-22,43.5,43.95000076293945,43.29999923706055,43.900001525878906,8451,
2023-02-23,43.5,43.95000076293945,43.25,43.25,5686,
2023-02-24,43.34999847412109,44.900001525878906,43.29999923706055,43.900001525878906,32365,
2023-02-27,42.54999923706055,44.09999847412109,42.5,44.09999847412109,5287,
2023-02-28,41.95000076293945,43.20000076293945,41.5,42.650001525878906,16017,
2023-03-01,42.5,43.20000076293945,41.650001525878906,42.04999923706055,9849,
2023-03-02,42.75,43.29999923706055,42.34999847412109,43.0,14875,
2023-03-03,42.75,43.400001525878906,42.04999923706055,42.5,8743,
2023-03-06,41.70000076293945,42.900001525878906,41.54999923706055,42.75,20128,
2023-03-08,42.54999923706055,42.95000076293945,41.5,41.5,18091,
2023-03-09,42.650001525878906,43.0,42.04999923706055,42.79999923706055,8885,
2023-03-10,42.54999923706055,43.0,41.79999923706055,42.45000076293945,10640,
2023-03-13,40.75,42.400001525878906,40.59999847412109,41.34999847412109,25696,
2023-03-14,40.04999923706055,41.400001525878906,40.04999923706055,40.75,7338,
2023-03-15,43.20000076293945,47.45000076293945,40.0,40.0,364604,
2023-03-16,42.04999923706055,43.20000076293945,41.20000076293945,42.900001525878906,41680,
2023-03-17,41.25,42.900001525878906,41.04999923706055,42.79999923706055,31116,
2023-03-20,40.04999923706055,42.0,39.59999847412109,41.150001525878906,27381,
2023-03-21,40.84999847412109,41.79999923706055,40.0,41.04999923706055,29112,
2023-03-22,40.95000076293945,41.45000076293945,40.45000076293945,40.59999847412109,10587,
2023-03-23,41.25,42.04999923706055,40.95000076293945,41.0,16001,
2023-03-24,40.650001525878906,41.5,40.09999847412109,41.29999923706055,10583,
2023-03-27,39.54999923706055,40.5,39.0,40.20000076293945,24964,
2023-03-28,37.5,39.900001525878906,37.09999847412109,39.0,34981,
2023-03-29,36.900001525878906,38.20000076293945,36.59999847412109,38.20000076293945,40037,
2023-03-31,37.59999847412109,38.84999847412109,36.75,37.54999923706055,76730,
2023-04-03,39.34999847412109,39.59999847412109,37.650001525878906,38.29999923706055,16255,
2023-04-05,38.59999847412109,40.5,38.5,39.34999847412109,26983,
2023-04-06,39.0,39.29999923706055,38.25,39.0,12099,
2023-04-10,39.95000076293945,40.400001525878906,38.900001525878906,39.0,14009,
2023-04-11,40.04999923706055,40.650001525878906,39.75,40.5,3671,
2023-04-12,39.650001525878906,40.54999923706055,39.29999923706055,39.95000076293945,9970,
2023-04-13,38.59999847412109,40.20000076293945,38.0,40.0,20683,
2023-04-17,39.0,40.59999847412109,37.79999923706055,38.59999847412109,81714,
2023-04-18,40.70000076293945,41.75,38.650001525878906,39.0,135095,
2023-04-19,43.20000076293945,44.70000076293945,40.75,41.29999923706055,183280,
2023-04-20,41.29999923706055,43.900001525878906,41.04999923706055,43.900001525878906,39436,
2023-04-21,41.25,41.95000076293945,41.0,41.900001525878906,7831,
2023-04-24,42.20000076293945,45.400001525878906,40.54999923706055,41.0,65570,
2023-04-25,41.25,44.0,40.70000076293945,42.900001525878906,177600,
2023-04-26,41.34999847412109,42.59999847412109,41.0,41.84999847412109,27599,
2023-04-27,41.79999923706055,42.150001525878906,41.34999847412109,41.34999847412109,12143,
2023-04-28,42.70000076293945,43.0,41.900001525878906,42.20000076293945,46457,
2023-05-02,41.5,43.400001525878906,40.84999847412109,42.900001525878906,36221,
2023-05-03,40.0,42.20000076293945,39.20000076293945,41.59999847412109,47790,
2023-05-04,40.95000076293945,41.5,40.20000076293945,41.0,26098,
2023-05-05,40.79999923706055,41.75,40.20000076293945,40.95000076293945,8844,
2023-05-08,40.79999923706055,41.400001525878906,40.400001525878906,40.70000076293945,9809,
2023-05-09,40.59999847412109,41.5,40.5,41.5,8657,
2023-05-10,41.900001525878906,42.25,40.70000076293945,40.70000076293945,22277,
2023-05-11,41.70000076293945,42.29999923706055,41.0,42.25,16741,
2023-05-12,41.04999923706055,42.09999847412109,40.59999847412109,41.79999923706055,11678,
2023-05-15,40.04999923706055,41.0,38.70000076293945,40.400001525878906,49786,
2023-05-16,41.650001525878906,42.5,39.650001525878906,41.5,21466,
2023-05-17,40.900001525878906,42.25,40.59999847412109,42.25,12644,
2023-05-18,41.59999847412109,41.79999923706055,40.5,41.20000076293945,8705,
2023-05-19,41.900001525878906,42.45000076293945,41.0,41.150001525878906,13484,
2023-05-22,40.400001525878906,42.900001525878906,39.59999847412109,42.0,29721,
2023-05-23,40.25,41.25,40.04999923706055,41.25,21153,
2023-05-24,40.29999923706055,40.79999923706055,39.150001525878906,40.79999923706055,18601,
2023-05-25,40.25,40.650001525878906,39.650001525878906,40.5,12906,
2023-05-26,39.70000076293945,40.5,39.25,40.400001525878906,17936,
2023-05-29,40.04999923706055,41.20000076293945,39.84999847412109,41.20000076293945,10564,
2023-05-30,39.59999847412109,40.54999923706055,39.20000076293945,40.54999923706055,11564,
2023-05-31,39.84999847412109,42.75,39.150001525878906,39.59999847412109,131372,
2023-06-01,40.0,40.5,39.54999923706055,40.0,14867,
2023-06-02,40.29999923706055,41.04999923706055,39.95000076293945,40.45000076293945,40363,
2023-06-05,40.20000076293945,41.09999847412109,40.0,40.29999923706055,11272,
2023-06-06,40.0,40.5,39.75,40.34999847412109,14941,
2023-06-07,40.45000076293945,40.95000076293945,39.54999923706055,40.45000076293945,27117,
2023-06-08,40.29999923706055,41.70000076293945,40.0,40.59999847412109,25411,
2023-06-09,39.84999847412109,40.84999847412109,39.79999923706055,40.79999923706055,14043,
2023-06-12,39.84999847412109,40.650001525878906,39.5,40.04999923706055,16125,
2023-06-13,39.34999847412109,40.09999847412109,39.20000076293945,39.84999847412109,32116,
2023-06-14,40.150001525878906,41.59999847412109,39.5,39.84999847412109,65814,
2023-06-15,40.400001525878906,41.0,40.20000076293945,40.25,23023,
2023-06-16,40.84999847412109,41.75,40.04999923706055,40.400001525878906,53684,
2023-06-19,41.20000076293945,41.5,40.75,41.0,24278,
2023-06-20,41.20000076293945,41.70000076293945,40.84999847412109,41.0,17967,
2023-06-21,44.0,44.45000076293945,41.04999923706055,41.04999923706055,110062,
2023-06-22,43.34999847412109,45.95000076293945,42.79999923706055,44.04999923706055,126210,
2023-06-23,43.650001525878906,44.900001525878906,42.29999923706055,43.95000076293945,132841,
2023-06-26,43.79999923706055,44.70000076293945,43.20000076293945,43.75,20704,
2023-06-27,43.75,44.45000076293945,42.79999923706055,43.34999847412109,13627,
2023-06-28,43.29999923706055,44.5,42.79999923706055,44.45000076293945,7062,
2023-06-30,43.150001525878906,43.84999847412109,42.95000076293945,43.79999923706055,21943,
2023-07-03,42.900001525878906,43.95000076293945,42.79999923706055,43.95000076293945,7182,
2023-07-04,41.650001525878906,43.0,41.09999847412109,43.0,26018,
2023-07-05,42.09999847412109,42.29999923706055,41.59999847412109,41.650001525878906,9317,
2023-07-06,42.29999923706055,42.70000076293945,41.84999847412109,42.70000076293945,5947,
2023-07-07,41.75,42.75,41.54999923706055,42.5,10077,
2023-07-10,40.400001525878906,42.29999923706055,40.150001525878906,41.75,22056,
2023-07-11,40.5,42.09999847412109,39.5,40.95000076293945,58629,
2023-07-12,41.45000076293945,41.900001525878906,40.70000076293945,40.95000076293945,15327,
2023-07-13,44.150001525878906,47.59999847412109,41.0,41.45000076293945,465190,
2023-07-14,43.79999923706055,45.400001525878906,42.5,44.150001525878906,60793,
2023-07-17,42.70000076293945,44.650001525878906,42.400001525878906,44.59999847412109,22044,
2023-07-18,42.09999847412109,43.54999923706055,41.54999923706055,43.54999923706055,29207,
2023-07-19,43.650001525878906,44.95000076293945,42.0,42.09999847412109,54652,
2023-07-20,43.59999847412109,44.25,43.0,43.70000076293945,24124,
2023-07-21,43.09999847412109,43.900001525878906,42.900001525878906,43.59999847412109,12113,
2023-07-24,42.650001525878906,43.34999847412109,42.150001525878906,42.54999923706055,26465,
2023-07-25,42.650001525878906,43.45000076293945,41.09999847412109,43.400001525878906,17285,
2023-07-26,43.20000076293945,43.79999923706055,42.79999923706055,42.79999923706055,13799,
2023-07-27,42.75,43.75,42.400001525878906,43.75,33369,
2023-07-28,42.25,43.45000076293945,42.0,43.45000076293945,19575,
2023-07-31,43.0,45.900001525878906,41.59999847412109,43.400001525878906,272013,
2023-08-01,42.75,43.54999923706055,42.29999923706055,42.29999923706055,28126,
2023-08-02,43.79999923706055,44.45000076293945,42.75,42.84999847412109,24357,
2023-08-03,43.25,43.900001525878906,42.54999923706055,43.900001525878906,15320,
2023-08-04,49.400001525878906,50.70000076293945,42.70000076293945,43.900001525878906,622114,
2023-08-07,49.900001525878906,51.95000076293945,49.5,51.95000076293945,423725,
2023-08-08,48.5,51.75,47.400001525878906,50.84999847412109,136022,
2023-08-09,48.29999923706055,49.59999847412109,48.0,48.900001525878906,104568,
2023-08-10,48.59999847412109,49.70000076293945,48.400001525878906,48.900001525878906,55983,
2023-08-11,46.95000076293945,49.75,46.54999923706055,48.95000076293945,50965,
2023-08-14,46.75,47.900001525878906,46.34999847412109,47.900001525878906,25838,
2023-08-16,47.95000076293945,48.5,46.400001525878906,46.84999847412109,34191,
2023-08-17,47.84999847412109,48.900001525878906,47.09999847412109,48.45000076293945,29685,
2023-08-18,46.45000076293945,48.0,45.79999923706055,47.650001525878906,67822,
2023-08-21,46.04999923706055,46.84999847412109,45.79999923706055,46.84999847412109,25978,
2023-08-22,47.59999847412109,48.95000076293945,45.900001525878906,45.900001525878906,88514,
2023-08-23,48.54999923706055,50.29999923706055,47.5,47.84999847412109,205571,
2023-08-24,48.400001525878906,49.45000076293945,48.04999923706055,48.95000076293945,39379,
2023-08-25,48.150001525878906,49.0,47.75,48.79999923706055,21539,
2023-08-28,51.150001525878906,52.5,47.79999923706055,48.95000076293945,364887,
2023-08-29,50.20000076293945,52.400001525878906,50.04999923706055,52.0,115946,
2023-08-30,52.0,54.04999923706055,50.29999923706055,50.79999923706055,417428,
2023-08-31,51.400001525878906,53.650001525878906,51.04999923706055,52.84999847412109,97453,
2023-09-01,51.29999923706055,52.09999847412109,51.0,51.900001525878906,56433,
2023-09-04,52.04999923706055,52.84999847412109,49.400001525878906,49.400001525878906,52920,
2023-09-05,57.0,57.84999847412109,51.54999923706055,51.54999923706055,876211,
2023-09-06,55.0,57.70000076293945,54.0,57.650001525878906,98623,
2023-09-07,57.54999923706055,59.29999923706055,55.5,56.650001525878906,420143,
2023-09-08,57.04999923706055,60.0,56.650001525878906,58.400001525878906,384657,
2023-09-11,55.34999847412109,58.70000076293945,54.5,57.84999847412109,159890,
2023-09-12,50.95000076293945,56.54999923706055,50.20000076293945,55.900001525878906,135647,
2023-09-13,51.400001525878906,54.0,49.0,50.95000076293945,220681,
2023-09-14,51.59999847412109,52.84999847412109,51.20000076293945,51.900001525878906,42585,
2023-09-15,53.84999847412109,54.79999923706055,51.900001525878906,51.900001525878906,64374,
2023-09-18,57.59999847412109,60.650001525878906,53.84999847412109,53.84999847412109,487526,
2023-09-20,57.84999847412109,59.75,56.04999923706055,57.54999923706055,253274,
2023-09-21,56.400001525878906,60.45000076293945,55.70000076293945,58.70000076293945,357669,
2023-09-22,56.45000076293945,59.70000076293945,55.29999923706055,56.84999847412109,235131,
2023-09-25,57.79999923706055,59.59999847412109,56.09999847412109,57.0,169850,
2023-09-26,59.150001525878906,61.650001525878906,58.09999847412109,58.400001525878906,444531,
2023-09-27,59.79999923706055,60.70000076293945,58.54999923706055,59.0,146934,
2023-09-28,58.34999847412109,60.84999847412109,58.09999847412109,60.84999847412109,63785,
2023-09-29,58.650001525878906,61.5,58.0,59.84999847412109,142221,
2023-10-03,57.45000076293945,60.5,57.04999923706055,59.45000076293945,133993,
2023-10-04,56.45000076293945,57.70000076293945,56.0,57.5,60484,
2023-10-05,57.09999847412109,58.95000076293945,56.45000076293945,57.04999923706055,94408,
2023-10-06,62.5,64.69999694824219,57.09999847412109,57.84999847412109,831971,
2023-10-09,61.400001525878906,63.70000076293945,60.09999847412109,62.34999847412109,340385,
2023-10-10,63.20000076293945,64.4000015258789,61.0,61.5,255838,
2023-10-11,64.0,66.0,62.150001525878906,63.54999923706055,494803,
2023-10-12,61.84999847412109,63.5,61.29999923706055,63.5,238590,
2023-10-13,60.34999847412109,61.79999923706055,59.29999923706055,61.79999923706055,61686,
2023-10-16,60.09999847412109,61.5,59.70000076293945,61.5,37983,
2023-10-17,58.29999923706055,61.54999923706055,58.04999923706055,61.0,32682,
2023-10-18,56.25,59.400001525878906,56.04999923706055,58.29999923706055,30709,
2023-10-19,57.25,58.70000076293945,55.0,56.95000076293945,21245,
2023-10-20,57.0,58.95000076293945,55.95000076293945,57.25,14258,
2023-10-23,54.150001525878906,57.0,54.150001525878906,57.0,40511,
2023-10-25,51.45000076293945,54.150001525878906,51.45000076293945,54.150001525878906,26359,
2023-10-26,51.45000076293945,51.59999847412109,48.900001525878906,51.45000076293945,29072,
2023-10-27,52.0,53.95000076293945,51.79999923706055,52.70000076293945,9505,
2023-10-30,52.54999923706055,53.45000076293945,51.400001525878906,52.0,4027,
2023-10-31,50.04999923706055,52.900001525878906,49.95000076293945,52.54999923706055,20171,
2023-11-01,48.650001525878906,52.0,47.54999923706055,47.54999923706055,34624,
2023-11-02,49.0,49.900001525878906,48.25,49.45000076293945,19627,
2023-11-03,49.20000076293945,50.59999847412109,48.59999847412109,49.84999847412109,13132,
2023-11-06,48.25,50.5,47.5,50.5,39004,
2023-11-07,49.0,49.45000076293945,47.5,48.25,22701,
2023-11-08,47.54999923706055,49.45000076293945,47.400001525878906,49.45000076293945,24602,
2023-11-09,47.34999847412109,48.29999923706055,47.0,48.150001525878906,19736,
2023-11-10,47.54999923706055,48.0,46.0,47.34999847412109,21210,
2023-11-13,48.59999847412109,49.0,47.04999923706055,47.59999847412109,12646,
2023-11-15,49.150001525878906,49.400001525878906,47.70000076293945,48.900001525878906,23006,
2023-11-16,50.650001525878906,51.09999847412109,48.70000076293945,49.25,25879,
2023-11-17,49.95000076293945,51.95000076293945,48.20000076293945,50.75,20952,
2023-11-20,48.84999847412109,49.650001525878906,48.09999847412109,49.650001525878906,21310,
2023-11-21,48.75,49.150001525878906,48.25,48.84999847412109,20149,
2023-11-22,48.25,49.09999847412109,48.04999923706055,49.09999847412109,15577,
2023-11-23,48.59999847412109,49.34999847412109,47.59999847412109,48.900001525878906,6749,
2023-11-24,48.45000076293945,49.0,47.54999923706055,49.0,25744,
2023-11-28,48.5,49.29999923706055,48.150001525878906,48.900001525878906,13048,
2023-11-29,48.45000076293945,48.95000076293945,48.0,48.5,10873,
2023-11-30,48.95000076293945,49.25,48.25,48.75,24179,
2023-12-01,49.0,49.09999847412109,48.0,48.75,15389,
2023-12-04,48.900001525878906,49.650001525878906,48.20000076293945,48.95000076293945,32364,
2023-12-05,51.29999923706055,51.29999923706055,48.25,49.95000076293945,55331,
2023-12-06,51.650001525878906,53.400001525878906,50.5,52.5,15503,
2023-12-07,51.95000076293945,53.0,50.20000076293945,51.95000076293945,36541,
2023-12-08,51.34999847412109,52.45000076293945,50.79999923706055,51.54999923706055,18908,
2023-12-11,50.34999847412109,52.0,50.0,51.20000076293945,25423,
2023-12-12,50.70000076293945,50.79999923706055,49.20000076293945,49.20000076293945,20728,
2023-12-13,51.29999923706055,51.95000076293945,50.29999923706055,51.0,24278,
2023-12-14,50.75,52.45000076293945,50.29999923706055,51.29999923706055,22609,
2023-12-15,50.59999847412109,51.45000076293945,50.09999847412109,50.54999923706055,19396,
2023-12-18,50.84999847412109,51.400001525878906,49.400001525878906,51.25,19210,
2023-12-19,51.650001525878906,51.95000076293945,50.400001525878906,50.400001525878906,74249,
2023-12-20,49.5,51.84999847412109,49.150001525878906,51.84999847412109,31165,
2023-12-21,49.25,50.54999923706055,47.09999847412109,49.29999923706055,8609,
2023-12-22,48.79999923706055,49.900001525878906,48.29999923706055,49.400001525878906,10028,
2023-12-26,49.150001525878906,49.900001525878906,47.5,49.0,16103,
2023-12-27,49.400001525878906,50.150001525878906,49.29999923706055,50.150001525878906,13323,
2023-12-28,49.0,49.900001525878906,48.70000076293945,49.5,13469,
2023-12-29,48.79999923706055,49.29999923706055,47.75,49.0,36610,
2024-01-01,51.20000076293945,51.20000076293945,50.0,50.400001525878906,23308,
2024-01-02,53.150001525878906,53.75,51.75,51.75,43775,
2024-01-03,55.04999923706055,55.5,53.34999847412109,53.34999847412109,41911,
2024-01-04,55.09999847412109,55.400001525878906,54.04999923706055,55.0,31281,
2024-01-05,55.0,56.900001525878906,54.09999847412109,55.09999847412109,43363,
2024-01-08,55.84999847412109,56.400001525878906,54.79999923706055,55.34999847412109,78891,
2024-01-09,57.900001525878906,58.59999847412109,56.5,56.70000076293945,93949,
2024-01-10,58.09999847412109,58.5,57.04999923706055,57.900001525878906,78434,
2024-01-11,59.95000076293945,60.5,58.20000076293945,59.45000076293945,94727,
2024-01-12,62.29999923706055,62.650001525878906,60.34999847412109,60.34999847412109,145116,
2024-01-15,65.0,69.30000305175781,63.04999923706055,67.30000305175781,802008,
2024-01-16,60.75,64.80000305175781,59.5,64.80000305175781,225490,
2024-01-17,60.34999847412109,62.09999847412109,56.09999847412109,58.79999923706055,162752,
2024-01-18,60.34999847412109,62.95000076293945,58.29999923706055,61.29999923706055,98534,
2024-01-19,58.84999847412109,61.54999923706055,58.04999923706055,60.900001525878906,82839,
2024-01-23,56.75,62.0,55.20000076293945,61.95000076293945,54335,
2024-01-24,60.29999923706055,62.5,56.75,56.84999847412109,145970,
2024-01-25,61.400001525878906,62.25,59.0,60.0,71595,
2024-01-29,62.29999923706055,64.30000305175781,61.0,62.04999923706055,105386,
2024-01-30,63.25,66.19999694824219,59.59999847412109,63.0,327704,
2024-01-31,62.34999847412109,64.0,61.70000076293945,63.95000076293945,71472,
2024-02-01,63.59999847412109,65.30000305175781,62.29999923706055,63.59999847412109,157340,
2024-02-02,58.400001525878906,65.4000015258789,57.0,64.25,269158,
2024-02-05,60.25,61.5,58.0,58.400001525878906,85830,
2024-02-06,59.400001525878906,61.84999847412109,59.0,61.84999847412109,33602,
2024-02-07,59.25,60.79999923706055,58.09999847412109,60.79999923706055,39711,
2024-02-08,58.25,60.20000076293945,58.0,59.25,30687,
2024-02-09,56.34999847412109,59.79999923706055,55.0,59.79999923706055,59423,
2024-02-12,53.20000076293945,58.04999923706055,52.09999847412109,56.5,40291,
2024-02-13,52.34999847412109,55.34999847412109,51.20000076293945,54.95000076293945,39976,
2024-02-14,52.45000076293945,54.45000076293945,51.5,52.75,86182,
2024-02-15,57.45000076293945,58.0,52.34999847412109,53.5,101389,
2024-02-16,55.25,57.75,53.54999923706055,56.09999847412109,51106,
2024-02-19,56.09999847412109,59.34999847412109,55.0,56.400001525878906,71729,
2024-02-20,57.04999923706055,57.95000076293945,55.95000076293945,56.79999923706055,35989,
2024-02-21,54.20000076293945,57.95000076293945,53.45000076293945,56.95000076293945,49096,
2024-02-22,57.54999923706055,59.25,53.70000076293945,54.900001525878906,214493,
2024-02-23,56.20000076293945,58.59999847412109,55.79999923706055,57.54999923706055,51548,
2024-02-26,55.150001525878906,57.25,54.70000076293945,56.25,29981,
2024-02-27,53.79999923706055,55.900001525878906,53.400001525878906,55.150001525878906,47768,
2024-02-28,54.04999923706055,54.79999923706055,52.09999847412109,54.75,41497,
2024-02-29,54.09999847412109,54.900001525878906,54.0,54.5,20394,
2024-03-01,55.34999847412109,56.5,53.54999923706055,53.54999923706055,34518,
2024-03-04,55.400001525878906,56.75,55.04999923706055,55.650001525878906,20011,
2024-03-05,54.04999923706055,55.900001525878906,53.150001525878906,55.25,35187,
2024-03-06,51.5,54.29999923706055,48.95000076293945,53.70000076293945,52609,
2024-03-07,50.900001525878906,53.09999847412109,50.25,51.70000076293945,20753,
2024-03-11,50.150001525878906,52.75,49.650001525878906,52.75,19502,
2024-03-12,48.70000076293945,51.79999923706055,46.45000076293945,50.150001525878906,42493,
2024-03-13,42.25,48.400001525878906,41.900001525878906,48.150001525878906,65129,
2024-03-14,46.25,47.29999923706055,41.09999847412109,42.75,48301,
2024-03-15,49.04999923706055,53.0,45.70000076293945,46.0,213231,
2024-03-18,47.84999847412109,51.150001525878906,47.45000076293945,51.150001525878906,23238,
2024-03-19,47.25,48.59999847412109,47.0,48.59999847412109,26479,
2024-03-20,48.09999847412109,49.29999923706055,47.0,47.25,39126,
2024-03-21,46.900001525878906,50.04999923706055,46.0,48.150001525878906,52660,
2024-03-22,47.09999847412109,48.75,46.5,47.84999847412109,37601,
2024-03-26,45.650001525878906,47.900001525878906,45.29999923706055,47.900001525878906,112950,
2024-03-27,45.79999923706055,49.84999847412109,45.29999923706055,46.79999923706055,176722,
2024-03-28,44.900001525878906,47.5,44.45000076293945,46.5,82047,
2024-04-01,46.84999847412109,47.75,45.0,45.0,23312,
2024-04-02,47.75,48.0,47.0,47.0,27642,
2024-04-03,49.84999847412109,51.25,47.75,47.75,57012,
2024-04-04,50.25,50.79999923706055,49.79999923706055,50.70000076293945,21831,
2024-04-05,50.45000076293945,50.79999923706055,50.09999847412109,50.79999923706055,10333,
2024-04-08,50.150001525878906,51.54999923706055,49.79999923706055,51.54999923706055,9234,
2024-04-09,50.150001525878906,50.900001525878906,49.34999847412109,50.09999847412109,15889,
2024-04-10,49.95000076293945,51.09999847412109,49.59999847412109,51.09999847412109,7342,
2024-04-12,52.79999923706055,53.79999923706055,49.29999923706055,50.400001525878906,72072,
2024-04-15,50.09999847412109,51.45000076293945,48.84999847412109,51.04999923706055,20574,
2024-04-16,49.84999847412109,51.0,49.650001525878906,50.79999923706055,11382,
2024-04-18,52.20000076293945,52.5,50.59999847412109,50.59999847412109,36197,
2024-04-19,50.34999847412109,51.900001525878906,49.84999847412109,50.400001525878906,43199,
2024-04-22,52.95000076293945,53.45000076293945,51.09999847412109,51.09999847412109,84512,
2024-04-23,53.09999847412109,55.75,51.900001525878906,54.0,218530,
2024-04-24,52.04999923706055,53.75,51.09999847412109,53.5,57557,
2024-04-25,54.650001525878906,58.900001525878906,52.20000076293945,52.20000076293945,302996,
2024-04-26,54.25,56.0,54.0,55.400001525878906,52577,
2024-04-29,53.70000076293945,55.20000076293945,53.29999923706055,54.25,28020,
2024-04-30,55.650001525878906,56.650001525878906,53.900001525878906,54.79999923706055,82217,
2024-05-02,55.29999923706055,56.20000076293945,55.150001525878906,56.20000076293945,31835,
2024-05-03,54.95000076293945,56.09999847412109,53.75,56.09999847412109,40866,
2024-05-06,54.20000076293945,55.70000076293945,54.09999847412109,55.70000076293945,26095,
2024-05-07,51.04999923706055,55.0,50.5,55.0,38071,
2024-05-08,53.29999923706055,54.79999923706055,51.25,53.0,27223,
2024-05-09,51.900001525878906,53.900001525878906,51.75,53.900001525878906,13831,
2024-05-10,51.29999923706055,52.5,50.79999923706055,51.54999923706055,16456,
2024-05-13,51.34999847412109,53.0,51.09999847412109,53.0,12464,
2024-05-14,52.20000076293945,52.54999923706055,51.34999847412109,51.400001525878906,3835,
2024-05-15,52.150001525878906,53.84999847412109,51.84999847412109,52.20000076293945,20037,
2024-05-16,51.650001525878906,52.95000076293945,51.29999923706055,51.54999923706055,6676,
2024-05-17,51.84999847412109,52.900001525878906,51.5,52.900001525878906,9914,
2024-05-21,51.84999847412109,52.79999923706055,51.25,52.54999923706055,12099,
2024-05-22,52.09999847412109,52.95000076293945,51.45000076293945,52.650001525878906,13984,
2024-05-23,51.95000076293945,52.84999847412109,51.09999847412109,52.04999923706055,27312,
2024-05-24,54.95000076293945,57.25,51.5,51.75,173624,
2024-05-27,54.34999847412109,55.34999847412109,54.0,54.95000076293945,24473,
2024-05-28,53.75,55.400001525878906,53.45000076293945,55.400001525878906,16615,
2024-05-29,52.70000076293945,54.5,52.5,54.0,14499,
2024-05-30,51.29999923706055,53.79999923706055,50.900001525878906,53.75,22809,
2024-05-31,51.79999923706055,52.45000076293945,51.09999847412109,51.650001525878906,11309,
2024-06-03,51.29999923706055,52.95000076293945,51.0,52.04999923706055,95152,
2024-06-04,50.09999847412109,52.0,49.25,52.0,30799,
2024-06-05,50.400001525878906,51.0,49.150001525878906,50.04999923706055,30933,
2024-06-06,53.45000076293945,54.54999923706055,51.0,52.400001525878906,45387,
2024-06-07,52.84999847412109,54.5,51.0,53.75,68755,
2024-06-10,52.81999969482422,53.650001525878906,52.09999847412109,53.650001525878906,10400,
2024-06-11,53.130001068115234,53.880001068115234,53.04999923706055,53.4900016784668,13304,
2024-06-12,55.70000076293945,57.84000015258789,53.209999084472656,53.43000030517578,157741,
2024-06-13,57.0,58.70000076293945,55.09999847412109,55.68000030517578,104707,
2024-06-14,56.25,58.4900016784668,55.810001373291016,57.95000076293945,58852,
2024-06-18,59.81999969482422,61.0,56.11000061035156,57.459999084472656,462263,
2024-06-19,58.220001220703125,61.790000915527344,57.25,60.0,141474,
2024-06-20,57.43999862670898,59.2599983215332,57.29999923706055,57.70000076293945,32871,
2024-06-21,57.43000030517578,59.18999862670898,56.75,57.59999847412109,53029,
2024-06-24,56.81999969482422,58.47999954223633,56.560001373291016,57.29999923706055,41978,
2024-06-25,56.84000015258789,58.09000015258789,56.15999984741211,57.29999923706055,43719,
2024-06-26,59.869998931884766,60.70000076293945,57.02999877929688,57.9900016784668,149411,
2024-06-27,58.52999877929688,61.5,58.5,60.0,92789,
2024-06-28,57.02000045776367,59.619998931884766,56.04999923706055,59.619998931884766,33347,
2024-07-01,60.09000015258789,61.5,56.5099983215332,57.0,239453,
2024-07-02,59.540000915527344,61.09000015258789,58.59999847412109,60.97999954223633,79183,
2024-07-03,59.08000183105469,60.40999984741211,58.66999816894531,59.540000915527344,59096,
2024-07-04,60.130001068115234,60.79999923706055,58.130001068115234,58.7599983215332,54691,
2024-07-05,60.27000045776367,62.0,59.13999938964844,59.13999938964844,166933,
2024-07-08,60.91999816894531,62.400001525878906,59.209999084472656,60.20000076293945,148667,
2024-07-09,61.04999923706055,62.400001525878906,60.16999816894531,62.400001525878906,64411,
2024-07-10,60.40999984741211,61.59999847412109,57.5099983215332,61.04999923706055,112481,
2024-07-11,60.97999954223633,61.75,60.2400016784668,61.5,116255,
2024-07-12,61.130001068115234,62.5,60.709999084472656,62.0,147937,
2024-07-15,59.81999969482422,62.0,59.369998931884766,62.0,53098,
2024-07-16,60.54999923706055,62.25,60.369998931884766,60.97999954223633,39356,
2024-07-18,58.54999923706055,60.70000076293945,58.04999923706055,60.70000076293945,94860,
2024-07-19,58.08000183105469,62.400001525878906,57.20000076293945,59.95000076293945,142296,
2024-07-22,57.18999862670898,58.77000045776367,56.209999084472656,58.5,39259,
2024-07-23,57.77999877929688,59.369998931884766,56.369998931884766,57.369998931884766,40855,
2024-07-24,59.16999816894531,59.79999923706055,56.79999923706055,56.79999923706055,81293,
2024-07-25,60.380001068115234,62.02999877929688,57.16999816894531,57.16999816894531,88514,
2024-07-26,61.13999938964844,64.0,60.5,60.5,239347,
2024-07-29,61.290000915527344,62.97999954223633,60.61000061035156,61.0099983215332,53654,
2024-07-30,61.27999877929688,62.0,60.65999984741211,61.5099983215332,49881,
2024-07-31,61.52000045776367,64.0,60.25,60.25,80499,
2024-08-01,59.58000183105469,62.38999938964844,58.959999084472656,61.52000045776367,27888,
2024-08-02,58.7599983215332,59.900001525878906,57.90999984741211,59.900001525878906,48510,
2024-08-05,54.91999816894531,58.61000061035156,53.5,58.0,53211,
2024-08-06,54.650001525878906,56.63999938964844,53.720001220703125,54.91999816894531,87195,
2024-08-07,55.72999954223633,57.20000076293945,55.0,55.09999847412109,24171,
2024-08-08,55.150001525878906,56.0,54.70000076293945,55.72999954223633,16445,
2024-08-09,56.060001373291016,56.75,55.220001220703125,56.0,12132,
2024-08-12,56.93000030517578,58.5,55.119998931884766,56.79999923706055,34945,
2024-08-13,57.040000915527344,57.84999847412109,56.34000015258789,57.84999847412109,27166,
2024-08-14,55.43999862670898,57.5,54.84999847412109,57.5,11620,
2024-08-16,57.22999954223633,58.0,55.83000183105469,57.34999847412109,31354,
2024-08-19,56.31999969482422,57.79999923706055,55.369998931884766,57.79999923706055,32591,
2024-08-20,62.09000015258789,63.29999923706055,55.5099983215332,56.95000076293945,606238,
2024-08-21,60.77000045776367,63.95000076293945,59.959999084472656,62.4900016784668,138397,
2024-08-22,59.97999954223633,61.93999862670898,59.5,60.79999923706055,61988,
2024-08-23,60.400001525878906,61.5,59.400001525878906,59.7599983215332,40282,
2024-08-26,59.09000015258789,61.75,58.61000061035156,61.75,27211,
2024-08-27,60.34999847412109,62.9900016784668,58.90999984741211,60.5,136191,
2024-08-28,60.83000183105469,64.98999786376953,59.56999969482422,60.34999847412109,608419,
2024-08-29,61.34000015258789,62.5,60.02000045776367,61.900001525878906,44845,
2024-08-30,60.119998931884766,62.29999923706055,60.0,62.29999923706055,47494,
2024-09-02,59.97999954223633,61.77999877929688,59.5099983215332,60.119998931884766,82207,
2024-09-03,59.18000030517578,61.0,59.06999969482422,61.0,22888,
2024-09-04,58.900001525878906,60.290000915527344,58.70000076293945,59.15999984741211,55222,
2024-09-05,58.77999877929688,60.0,58.65999984741211,59.11000061035156,72238,
2024-09-06,57.86000061035156,60.0,57.52000045776367,58.95000076293945,60246,
2024-09-09,58.310001373291016,59.84999847412109,57.369998931884766,57.84999847412109,33936,
2024-09-10,58.540000915527344,60.70000076293945,58.130001068115234,60.70000076293945,63713,
2024-09-11,57.7400016784668,59.459999084472656,57.150001525878906,58.150001525878906,47992,
2024-09-12,60.22999954223633,62.0,58.09000015258789,58.130001068115234,188068,
2024-09-13,60.52000045776367,64.0,60.02000045776367,60.95000076293945,227741,
2024-09-16,61.369998931884766,64.5,60.9900016784668,60.9900016784668,205608,
2024-09-17,60.27000045776367,61.900001525878906,60.04999923706055,61.900001525878906,32575,
2024-09-18,59.209999084472656,60.83000183105469,58.84999847412109,59.650001525878906,57453,
2024-09-19,56.130001068115234,59.869998931884766,54.41999816894531,59.38999938964844,104129,
2024-09-20,57.470001220703125,58.400001525878906,56.2599983215332,56.29999923706055,79203,
2024-09-23,61.45000076293945,62.0,56.720001220703125,57.470001220703125,137195,
2024-09-24,61.0,62.0,59.5099983215332,61.43999862670898,62302,
2024-09-25,59.630001068115234,62.380001068115234,59.0,60.900001525878906,37162,
2024-09-26,59.34000015258789,61.2599983215332,59.08000183105469,59.630001068115234,52493,
2024-09-27,59.0,60.75,58.5,59.34000015258789,30860,
2024-09-30,57.38999938964844,59.02999877929688,56.09999847412109,58.11000061035156,35443,
2024-10-01,58.790000915527344,59.0,57.4900016784668,57.560001373291016,15869,
2024-10-03,57.36000061035156,58.5,56.5,57.5,39345,
2024-10-04,57.04999923706055,59.70000076293945,56.5099983215332,57.29999923706055,26217,
2024-10-07,54.90999984741211,58.5,54.060001373291016,58.5,41861,
2024-10-08,55.58000183105469,56.5,53.5099983215332,54.90999984741211,35438,
2024-10-09,56.470001220703125,58.95000076293945,55.5,55.5,23914,
2024-10-10,56.2400016784668,58.0,55.61000061035156,58.0,23397,
2024-10-11,57.2400016784668,58.900001525878906,56.0,56.459999084472656,76301,
2024-10-14,55.79999923706055,58.0,55.31999969482422,56.220001220703125,14902,
2024-10-15,56.04999923706055,56.75,55.5099983215332,56.119998931884766,14658,
2024-10-16,56.43000030517578,57.400001525878906,55.59999847412109,57.400001525878906,11095,
2024-10-17,55.68000030517578,57.560001373291016,55.59999847412109,57.560001373291016,15846,
2024-10-18,54.650001525878906,56.22999954223633,53.70000076293945,56.22999954223633,24625,
2024-10-21,53.5099983215332,55.470001220703125,53.0,54.40999984741211,15849,
2024-10-22,51.5099983215332,54.54999923706055,51.369998931884766,53.84999847412109,19995,
2024-10-23,52.2400016784668,53.0,51.59999847412109,52.95000076293945,5516,
2024-10-24,51.709999084472656,53.0,51.25,51.61000061035156,8103,
2024-10-25,50.56999969482422,53.18999862670898,49.900001525878906,52.7400016784668,17590,
2024-10-28,51.5,53.58000183105469,50.119998931884766,50.119998931884766,21015,
2024-10-29,51.66999816894531,52.31999969482422,50.27000045776367,50.27000045776367,7057,
2024-10-30,52.900001525878906,54.790000915527344,50.33000183105469,52.900001525878906,39140,
2024-10-31,51.790000915527344,53.880001068115234,51.0,53.54999923706055,14227,
2024-11-01,53.9900016784668,54.95000076293945,52.34999847412109,53.790000915527344,4283,
2024-11-04,52.27999877929688,55.43999862670898,51.790000915527344,55.43999862670898,8423,
2024-11-05,52.41999816894531,53.310001373291016,52.04999923706055,53.29999923706055,7962,
2024-11-06,53.09999847412109,53.470001220703125,52.02000045776367,53.470001220703125,7380,
2024-11-07,52.77000045776367,54.09000015258789,52.5099983215332,53.11000061035156,12362,
2024-11-08,52.02000045776367,52.790000915527344,51.52000045776367,52.75,6638,
2024-11-11,52.02000045776367,53.5,51.209999084472656,53.5,8860,
2024-11-12,51.220001220703125,52.880001068115234,51.04999923706055,51.90999984741211,10066,
2024-11-13,50.5,51.209999084472656,48.09999847412109,50.709999084472656,29530,
2024-11-14,48.97999954223633,53.91999816894531,48.68000030517578,51.59999847412109,98151,
2024-11-18,46.59000015258789,48.97999954223633,46.310001373291016,48.02000045776367,57915,
2024-11-19,48.27000045776367,48.880001068115234,46.95000076293945,47.209999084472656,27894,
2024-11-21,46.08000183105469,48.27000045776367,45.11000061035156,48.27000045776367,16653,
2024-11-22,47.91999816894531,48.27999877929688,45.720001220703125,46.08000183105469,18440,
2024-11-25,47.61000061035156,49.5,47.0,48.93999862670898,10265,
2024-11-26,47.91999816894531,48.79999923706055,47.709999084472656,48.79999923706055,3805,
2024-11-27,48.81999969482422,49.290000915527344,47.88999938964844,47.88999938964844,10984,
2024-11-28,48.95000076293945,52.97999954223633,48.150001525878906,49.75,58678,
2024-11-29,49.18000030517578,49.869998931884766,48.75,49.5,13882,
2024-12-02,49.02999877929688,50.380001068115234,48.04999923706055,50.25,5430,
2024-12-03,50.68999862670898,51.70000076293945,48.5099983215332,50.20000076293945,17808,
2024-12-04,50.75,53.70000076293945,50.0,51.18999862670898,44747,
2024-12-05,49.66999816894531,51.650001525878906,49.06999969482422,51.36000061035156,29890,
2024-12-06,50.88999938964844,51.95000076293945,48.9900016784668,49.02000045776367,45591,
2024-12-09,50.880001068115234,52.22999954223633,50.75,51.29999923706055,12792,
2024-12-10,50.880001068115234,51.790000915527344,50.08000183105469,51.0,9145,
2024-12-11,50.70000076293945,51.68000030517578,50.11000061035156,51.68000030517578,10455,
2024-12-12,50.27000045776367,51.04999923706055,50.0099983215332,51.04999923706055,5626,
2024-12-13,48.83000183105469,49.81999969482422,48.04999923706055,49.81999969482422,21942,
2024-12-16,49.040000915527344,49.84999847412109,48.11000061035156,49.400001525878906,22142,
2024-12-17,48.66999816894531,51.470001220703125,48.5,49.75,11328,
2024-12-18,48.150001525878906,49.47999954223633,48.0,48.83000183105469,6579,
2024-12-19,47.630001068115234,48.880001068115234,47.15999984741211,47.18000030517578,7024,
2024-12-20,47.130001068115234,48.790000915527344,47.0,47.630001068115234,11510,
2024-12-23,46.02999877929688,48.47999954223633,45.47999954223633,48.06999969482422,23921,
2024-12-24,47.13999938964844,48.7400016784668,45.709999084472656,45.709999084472656,7057,
2024-12-26,46.75,48.43000030517578,46.060001373291016,48.0,14563,
2024-12-27,46.70000076293945,48.380001068115234,46.34000015258789,47.41999816894531,6679,
2024-12-30,45.90999984741211,47.470001220703125,45.09999847412109,46.7400016784668,8141,
2024-12-31,47.150001525878906,47.97999954223633,45.27999877929688,46.0,10514,
2025-01-01,48.72999954223633,50.880001068115234,46.2599983215332,47.7400016784668,32447,
2025-01-02,49.59999847412109,50.4900016784668,49.34999847412109,49.93999862670898,21298,
2025-01-03,49.869998931884766,50.5099983215332,48.52000045776367,49.95000076293945,13797,
2025-01-06,47.70000076293945,50.9900016784668,47.41999816894531,50.52999877929688,22738,
2025-01-07,48.20000076293945,49.25,46.119998931884766,49.25,17141,
2025-01-08,46.880001068115234,48.09999847412109,46.25,48.0099983215332,3132,
2025-01-09,46.630001068115234,47.310001373291016,46.02999877929688,46.619998931884766,10745,
2025-01-10,45.09000015258789,47.290000915527344,44.54999923706055,47.09999847412109,10478,
2025-01-13,42.68000030517578,45.790000915527344,42.0,45.09000015258789,20631,
2025-01-14,44.959999084472656,46.0,41.2599983215332,45.0,4885,
2025-01-15,44.65999984741211,46.25,42.70000076293945,44.0099983215332,6967,
2025-01-16,45.06999969482422,47.45000076293945,45.0,47.45000076293945,5670,
2025-01-17,46.81999969482422,48.369998931884766,45.5,47.810001373291016,14414,
2025-01-20,46.66999816894531,49.5,46.52999877929688,47.95000076293945,5766,
2025-01-21,45.36000061035156,48.02000045776367,44.59999847412109,48.02000045776367,8934,
2025-01-22,45.54999923706055,46.119998931884766,45.0099983215332,46.119998931884766,1839,
2025-01-23,44.9900016784668,46.70000076293945,44.220001220703125,46.400001525878906,6061,
2025-01-24,44.619998931884766,46.380001068115234,44.2599983215332,44.2599983215332,6674,
2025-01-27,43.29999923706055,45.650001525878906,43.02999877929688,45.540000915527344,4021,
2025-01-28,42.97999954223633,45.34999847412109,42.59999847412109,43.75,8795,
2025-01-29,44.33000183105469,45.86000061035156,43.59999847412109,44.2400016784668,4721,
2025-01-30,44.369998931884766,45.58000183105469,44.0,45.0,8264,
2025-01-31,47.130001068115234,47.54999923706055,44.20000076293945,44.22999954223633,24614,
2025-02-01,46.0,48.2400016784668,45.7599983215332,48.2400016784668,4615,
2025-02-03,42.2599983215332,46.02000045776367,41.959999084472656,44.810001373291016,28977,
2025-02-04,42.90999984741211,45.4900016784668,42.25,43.2599983215332,6128,
2025-02-05,43.16999816894531,43.97999954223633,42.54999923706055,43.130001068115234,6837,
2025-02-06,43.84000015258789,47.70000076293945,42.209999084472656,43.79999923706055,23725,
2025-02-07,43.2400016784668,43.79999923706055,43.0,43.68999862670898,3243,
2025-02-10,42.08000183105469,44.45000076293945,41.0099983215332,44.45000076293945,5950,
2025-02-11,41.5,43.25,41.29999923706055,43.25,7683,
2025-02-12,40.65999984741211,41.09000015258789,40.5099983215332,40.54999923706055,9800,
2025-02-13,40.56999969482422,42.38999938964844,40.5,40.630001068115234,9371,
2025-02-14,39.4900016784668,41.59000015258789,39.09999847412109,40.58000183105469,14781,
2025-02-17,38.93000030517578,40.59000015258789,38.619998931884766,39.84999847412109,5733,
2025-02-18,37.75,38.68000030517578,37.369998931884766,38.54999923706055,10189,
2025-02-19,38.0099983215332,39.5,37.400001525878906,37.7599983215332,9263,
2025-02-20,40.02999877929688,40.79999923706055,37.02999877929688,39.150001525878906,12332,
2025-02-21,39.5,41.790000915527344,39.25,40.7400016784668,7551,
2025-02-24,39.75,40.34000015258789,38.5099983215332,40.0,9495,
2025-02-25,38.560001373291016,40.7400016784668,38.11000061035156,40.68999862670898,11175,
2025-02-27,37.63999938964844,39.4900016784668,36.810001373291016,39.4900016784668,8988,
2025-02-28,35.810001373291016,38.16999816894531,35.41999816894531,37.68999862670898,21548,
2025-03-03,34.349998474121094,35.810001373291016,33.209999084472656,35.810001373291016,18344,
2025-03-04,34.52000045776367,35.34000015258789,33.0,35.34000015258789,10419,
2025-03-05,36.66999816894531,39.0,35.310001373291016,35.4900016784668,10613,
2025-03-06,36.25,37.9900016784668,35.20000076293945,36.08000183105469,26983,
2025-03-07,36.61000061035156,37.790000915527344,36.209999084472656,36.59999847412109,18048,
2025-03-10,35.25,37.59999847412109,35.15999984741211,37.59999847412109,13621,
2025-03-11,35.47999954223633,36.220001220703125,35.15999984741211,35.15999984741211,6774,
2025-03-12,34.529998779296875,36.400001525878906,33.54999923706055,36.400001525878906,14781,
2025-03-13,34.880001068115234,36.38999938964844,34.36000061035156,35.0,28485,
2025-03-17,34.41999816894531,35.880001068115234,34.0099983215332,34.29999923706055,15463,
2025-03-18,34.41999816894531,34.41999816894531,34.41999816894531,34.41999816894531,0,
2025-03-19,35.349998474121094,36.09000015258789,34.77000045776367,35.9900016784668,72272,
2025-03-20,35.25,36.29999923706055,34.83000183105469,36.29999923706055,119675,
2025-03-21,39.41999816894531,42.29999923706055,35.970001220703125,35.9900016784668,185536,
2025-03-24,39.15999984741211,40.27999877929688,38.29999923706055,39.45000076293945,45676,
2025-03-25,37.20000076293945,40.0,36.900001525878906,40.0,16476,
2025-03-26,34.84000015258789,38.0,34.310001373291016,37.810001373291016,40988,
2025-03-27,34.72999954223633,35.84000015258789,34.25,35.79999923706055,60699,
2025-03-28,34.22999954223633,37.79999923706055,34.0099983215332,35.72999954223633,48287,
2025-04-01,36.02999877929688,36.79999923706055,34.91999816894531,34.91999816894531,22022,
2025-04-02,35.18000030517578,37.0,35.11000061035156,37.0,15148,
2025-04-03,35.880001068115234,37.13999938964844,35.11000061035156,36.130001068115234,19620,
2025-04-04,33.939998626708984,36.34000015258789,33.599998474121094,35.20000076293945,23893,
2025-04-07,34.63999938964844,35.5,32.099998474121094,33.0,9686,
2025-04-08,35.5,36.47999954223633,34.75,36.47999954223633,4274,
2025-04-09,36.290000915527344,36.75,34.15999984741211,36.4900016784668,9166,
2025-04-11,35.25,36.5,34.5,36.29999923706055,18242,
2025-04-15,35.900001525878906,36.7400016784668,35.400001525878906,36.25,12714,
2025-04-16,35.7400016784668,36.4900016784668,35.20000076293945,35.9900016784668,9686,
2025-04-17,36.18999862670898,36.290000915527344,35.40999984741211,35.40999984741211,5333,
2025-04-21,36.540000915527344,36.95000076293945,35.810001373291016,36.68000030517578,9211,
2025-04-22,36.18999862670898,37.38999938964844,35.81999969482422,37.20000076293945,19711,
2025-04-23,36.540000915527344,38.97999954223633,35.959999084472656,36.54999923706055,20706,
2025-04-24,36.2400016784668,37.209999084472656,36.06999969482422,36.900001525878906,33711,
2025-04-25,34.939998626708984,36.59000015258789,34.630001068115234,36.290000915527344,24715,
2025-04-28,35.0099983215332,35.880001068115234,34.5099983215332,35.720001220703125,14411,
2025-04-29,34.91999816894531,35.689998626708984,34.77000045776367,35.310001373291016,10335,
2025-04-30,34.68000030517578,35.59000015258789,34.599998474121094,35.2400016784668,23921,
2025-05-02,34.790000915527344,34.97999954223633,34.209999084472656,34.68000030517578,23412,
2025-05-05,34.31999969482422,35.689998626708984,34.11000061035156,34.119998931884766,19830,
2025-05-06,34.029998779296875,34.900001525878906,33.79999923706055,34.52000045776367,2796,
2025-05-07,32.720001220703125,34.04999923706055,32.0,34.029998779296875,32908,
2025-05-08,32.29999923706055,33.5099983215332,32.20000076293945,33.5099983215332,19419,
2025-05-09,33.290000915527344,33.5,31.07999992370605,31.07999992370605,18446,
2025-05-12,35.90999984741211,37.0,33.119998931884766,33.310001373291016,28647,
2025-05-13,35.91999816894531,37.84000015258789,34.709999084472656,35.689998626708984,17951,
2025-05-14,37.0099983215332,37.34000015258789,35.91999816894531,35.91999816894531,9636,
2025-05-15,37.02999877929688,37.959999084472656,36.869998931884766,37.0099983215332,11641,
2025-05-16,37.91999816894531,38.470001220703125,37.0,37.5,13369,
2025-05-19,37.34999847412109,38.77999877929688,36.119998931884766,37.91999816894531,32114,
2025-05-20,37.4900016784668,37.65999984741211,36.45000076293945,36.45000076293945,6844,
2025-05-21,37.09999847412109,37.63999938964844,36.5,37.400001525878906,4996,
2025-05-22,37.0,37.97999954223633,36.119998931884766,37.619998931884766,5208,
2025-05-23,37.0,37.68000030517578,36.52000045776367,36.93000030517578,6374,
2025-05-26,38.459999084472656,39.38999938964844,36.790000915527344,36.790000915527344,9007,
2025-05-27,38.68000030517578,39.27999877929688,37.810001373291016,38.06999969482422,15749,
2025-05-28,37.84000015258789,39.790000915527344,36.75,39.290000915527344,13374,
2025-05-29,36.470001220703125,38.70000076293945,35.40999984741211,38.68999862670898,55542,
2025-05-30,41.75,42.59999847412109,36.61000061035156,36.84999847412109,222835,
2025-06-02,41.810001373291016,42.41999816894531,41.0,42.41999816894531,45624,
2025-06-03,41.25,42.95000076293945,40.650001525878906,41.970001220703125,14680,
2025-06-04,39.54999923706055,41.79999923706055,39.4900016784668,41.79999923706055,8833,
2025-06-05,39.0,40.59000015258789,38.34000015258789,39.88999938964844,13699,
2025-06-06,39.04999923706055,39.77000045776367,38.09999847412109,39.400001525878906,14149,
2025-06-09,39.75,40.9900016784668,38.709999084472656,39.04999923706055,7635,
2025-06-10,39.470001220703125,40.4900016784668,39.220001220703125,39.9900016784668,5333,
2025-06-11,40.59999847412109,40.790000915527344,39.27000045776367,39.650001525878906,15005,
2025-06-12,39.970001220703125,41.150001525878906,39.619998931884766,41.150001525878906,5650,
2025-06-13,40.2599983215332,40.59999847412109,38.09999847412109,39.970001220703125,12879,
2025-06-16,39.20000076293945,40.5,39.04999923706055,39.34999847412109,3334,
2025-06-17,40.65999984741211,40.72999954223633,39.0,39.02000045776367,3618,
2025-06-18,40.5,41.2599983215332,38.70000076293945,40.65999984741211,15680,
2025-06-19,41.810001373291016,42.790000915527344,40.0,40.470001220703125,32724,
2025-06-20,40.93999862670898,42.18000030517578,40.900001525878906,41.25,22461,
2025-06-23,40.290000915527344,42.150001525878906,40.09999847412109,42.150001525878906,3616,
2025-06-24,40.790000915527344,41.20000076293945,40.09999847412109,40.290000915527344,13603,
2025-06-25,39.88999938964844,41.959999084472656,38.86000061035156,41.33000183105469,27023,
2025-06-26,40.34000015258789,40.59999847412109,39.900001525878906,40.4900016784668,3256,
2025-06-27,39.81999969482422,40.869998931884766,39.11000061035156,40.56999969482422,6372,
2025-06-30,39.2599983215332,40.97999954223633,39.15999984741211,40.20000076293945,6812,
2025-07-01,40.59999847412109,42.650001525878906,38.5,39.5,29561,
2025-07-02,40.709999084472656,41.369998931884766,40.5099983215332,40.59999847412109,26723,
2025-07-03,39.93000030517578,41.52000045776367,39.70000076293945,41.52000045776367,16056,
2025-07-04,40.45000076293945,41.470001220703125,40.209999084472656,40.34999847412109,7883,
2025-07-07,40.22999954223633,42.68000030517578,40.0,40.04999923706055,40251,
2025-07-08,39.72999954223633,40.95000076293945,39.630001068115234,39.84999847412109,4345,
2025-07-09,39.83000183105469,40.650001525878906,39.09999847412109,39.09999847412109,5600,
2025-07-10,40.27999877929688,41.88999938964844,39.209999084472656,39.209999084472656,8201,
2025-07-11,39.9900016784668,41.0099983215332,39.70000076293945,41.0099983215332,19919,
2025-07-14,39.5099983215332,40.900001525878906,39.2599983215332,40.0099983215332,17019,
2025-07-15,40.380001068115234,44.34999847412109,40.08000183105469,40.08000183105469,49422,
2025-07-16,40.9900016784668,41.43999862670898,40.0099983215332,40.0099983215332,15214,
2025-07-17,40.02999877929688,41.650001525878906,39.20000076293945,41.0,16180,
2025-07-18,38.75,40.0,38.59999847412109,39.54999923706055,33918,
2025-07-21,39.02999877929688,39.65999984741211,38.650001525878906,38.75,10407,
2025-07-22,39.150001525878906,39.7400016784668,38.79999923706055,39.7400016784668,6689,
2025-07-23,39.22999954223633,40.2400016784668,39.11000061035156,39.5,10579,
2025-07-24,38.209999084472656,40.290000915527344,38.04999923706055,40.290000915527344,22297,
2025-07-25,37.61000061035156,39.20000076293945,37.29999923706055,38.20000076293945,18995,
2025-07-28,37.63999938964844,38.7400016784668,37.41999816894531,38.0099983215332,10240,
2025-07-29,37.75,38.29999923706055,37.31999969482422,38.29999923706055,1812,
2025-07-30,37.310001373291016,38.15999984741211,36.70000076293945,36.70000076293945,9407,
2025-07-31,37.0099983215332,38.0,36.52000045776367,36.560001373291016,4008,
2025-08-01,36.15999984741211,38.0,36.0,38.0,25648,
2025-08-04,35.25,37.25,35.04999923706055,37.2400016784668,18594,
2025-08-05,37.310001373291016,39.79999923706055,35.5,35.5,199354,
2025-08-06,41.290000915527344,42.900001525878906,36.61000061035156,37.400001525878906,279642,
2025-08-07,38.18999862670898,43.70000076293945,37.25,40.0,337167,
2025-08-08,37.619998931884766,38.59000015258789,37.310001373291016,38.56999969482422,23988,
2025-08-11,37.68000030517578,38.88999938964844,36.59999847412109,36.630001068115234,23251,
2025-08-12,37.61000061035156,40.5,37.220001220703125,37.68000030517578,39521,
2025-08-13,36.4900016784668,37.59999847412109,36.25,37.59999847412109,38427,
2025-08-14,35.75,37.18000030517578,35.61000061035156,36.97999954223633,15142,
2025-08-18,35.86000061035156,36.68000030517578,35.75,35.75,11088,
2025-08-19,36.02000045776367,36.630001068115234,35.810001373291016,36.150001525878906,17176,
2025-08-20,36.02000045776367,36.900001525878906,36.02000045776367,36.09999847412109,8219,
2025-08-21,36.13999938964844,36.58000183105469,36.0,36.0,3740,
2025-08-22,35.65999984741211,36.43999862670898,35.5099983215332,36.41999816894531,6040,
2025-08-25,36.650001525878906,37.70000076293945,35.2599983215332,35.2599983215332,5958,
2025-08-26,35.81999969482422,36.41999816894531,35.5,36.41999816894531,4546,
2025-08-28,35.439998626708984,36.900001525878906,35.0,36.900001525878906,1768,
2025-08-29,35.33000183105469,36.84999847412109,34.349998474121094,34.599998474121094,8480,
2025-09-01,35.540000915527344,37.540000915527344,35.099998474121094,36.11000061035156,7860,
2025-09-02,35.849998474121094,36.61000061035156,35.70000076293945,36.400001525878906,6448,
2025-09-03,39.59999847412109,41.900001525878906,35.52000045776367,35.900001525878906,201013,
2025-09-04,37.72999954223633,40.70000076293945,37.5,40.13999938964844,31196,
2025-09-05,37.0099983215332,38.310001373291016,37.0,38.310001373291016,18552,
2025-09-08,37.16999816894531,38.40999984741211,36.5,38.02000045776367,12013,
2025-09-09,37.54999923706055,38.84999847412109,37.18000030517578,37.18000030517578,9223,
2025-09-10,37.04999923706055,38.400001525878906,36.79999923706055,37.9900016784668,8684,
2025-09-11,36.83000183105469,38.150001525878906,36.70000076293945,37.150001525878906,5748,
2025-09-12,36.68000030517578,37.59999847412109,36.5099983215332,37.0099983215332,5252,
2025-09-15,37.75,38.0,36.68000030517578,37.5099983215332,9554,
2025-09-16,37.86000061035156,39.95000076293945,36.79999923706055,38.0,31307,
2025-09-17,38.380001068115234,39.0,37.40999984741211,38.13999938964844,5835,
2025-09-18,39.83000183105469,41.900001525878906,37.5099983215332,38.20000076293945,123967,
2025-09-19,42.0,45.630001068115234,39.09999847412109,39.650001525878906,1088365,
2025-09-22,38.810001373291016,42.79999923706055,38.34999847412109,41.75,336934,
2025-09-23,39.040000915527344,40.41999816894531,37.54999923706055,39.0,100495,
2025-09-24,38.709999084472656,43.0,38.150001525878906,39.040000915527344,177771,
2025-09-25,38.84999847412109,39.72999954223633,38.2599983215332,38.90999984741211,14090,
2025-09-26,37.040000915527344,39.09999847412109,36.79999923706055,39.04999923706055,19363,
2025-09-29,37.25,38.20000076293945,36.84999847412109,37.70000076293945,16142,
2025-09-30,37.619998931884766,38.20000076293945,37.04999923706055,37.25,4459,
2025-10-01,37.310001373291016,38.70000076293945,36.0,37.75,20329,
2025-10-03,38.650001525878906,40.0,37.31999969482422,37.31999969482422,33247,
2025-10-06,38.34999847412109,39.9900016784668,37.880001068115234,38.11000061035156,9975,
2025-10-07,38.18999862670898,39.5,37.04999923706055,37.84999847412109,23711,
2025-10-08,36.93000030517578,38.68999862670898,36.79999923706055,38.02000045776367,30986,
2025-10-09,36.84999847412109,37.97999954223633,36.400001525878906,36.79999923706055,8713,
2025-10-10,36.720001220703125,37.52000045776367,36.5,37.09999847412109,9238,
2025-10-13,35.130001068115234,37.79999923706055,34.75,37.0,48427,
2025-10-14,34.45000076293945,35.9900016784668,33.709999084472656,35.91999816894531,20731,
2025-10-15,34.38999938964844,35.5099983215332,34.25,35.45000076293945,9717,
2025-10-16,35.2599983215332,36.040000915527344,34.0,35.400001525878906,20236,
2025-10-17,34.59000015258789,35.84000015258789,34.0,35.84000015258789,35677,
2025-10-20,35.13999938964844,35.59000015258789,34.459999084472656,35.59000015258789,7259,
2025-10-21,35.66999816894531,36.45000076293945,35.02000045776367,36.45000076293945,5470,
2025-10-23,35.38999938964844,36.400001525878906,35.04999923706055,35.5,7056,
2025-10-24,38.0099983215332,39.70000076293945,34.0,35.5,559866,
2025-10-27,36.79999923706055,37.18999862670898,36.400001525878906,37.0,68597,
2025-10-28,36.310001373291016,37.720001220703125,35.79999923706055,36.77000045776367,57827,
2025-10-29,36.43000030517578,36.9900016784668,36.16999816894531,36.9900016784668,8033,
2025-10-30,35.7400016784668,36.7400016784668,35.04999923706055,36.68999862670898,20852,
2025-10-31,36.25,37.22999954223633,35.470001220703125,35.470001220703125,13234,
2025-11-03,35.720001220703125,37.09999847412109,35.599998474121094,35.79999923706055,9603,
2025-11-04,36.18000030517578,36.77000045776367,35.4900016784668,36.0,10994,
2025-11-06,35.43000030517578,36.88999938964844,35.310001373291016,36.88999938964844,8129,
2025-11-07,36.09000015258789,36.47999954223633,35.27000045776367,36.400001525878906,3680,
2025-11-10,34.689998626708984,37.880001068115234,34.58000183105469,36.75,93822,
2025-11-11,34.880001068115234,35.45000076293945,34.11000061035156,35.45000076293945,3936,
2025-11-12,33.16999816894531,35.790000915527344,32.81999969482422,34.970001220703125,52933,
2025-11-13,32.970001220703125,34.189998626708984,32.25,33.88999938964844,31083,
2025-11-14,33.09000015258789,34.0,32.5,32.75,48791,
2025-11-17,33.15999984741211,33.4900016784668,32.25,32.79999923706055,6882,
2025-11-18,33.849998474121094,34.79999923706055,33.0099983215332,33.29999923706055,9421,
2025-11-19,33.4900016784668,34.790000915527344,33.29999923706055,34.0,2324,
2025-11-20,32.869998931884766,34.290000915527344,32.5,33.790000915527344,11310,
2025-11-21,32.869998931884766,33.54999923706055,32.119998931884766,32.119998931884766,3138,
2025-11-24,32.20000076293945,33.150001525878906,31.799999237060547,32.58000183105469,34549,
2025-11-25,35.06999969482422,36.70000076293945,30.809999465942383,32.0099983215332,209520,
2025-11-26,33.31999969482422,36.0099983215332,33.0,36.0,201262,
2025-11-27,32.40999984741211,36.45000076293945,31.61000061035156,33.11000061035156,294411,
2025-11-28,32.060001373291016,32.9900016784668,32.0,32.9900016784668,14055,
2025-12-01,31.709999084472656,32.70000076293945,31.39999961853028,32.61000061035156,22827,
2025-12-02,32.0,32.349998474121094,31.61000061035156,31.61000061035156,8911,
2025-12-03,31.01000022888184,32.0099983215332,30.100000381469727,31.600000381469727,27205,
2025-12-04,30.34000015258789,32.0,30.200000762939453,31.5,15033,
2025-12-05,30.549999237060547,31.09000015258789,30.0,30.309999465942383,12161,
2025-12-08,29.059999465942383,31.09000015258789,27.61000061035156,30.989999771118164,32751,
2025-12-09,30.46999931335449,32.470001220703125,28.14999961853028,29.690000534057617,41494,
2025-12-10,29.950000762939453,31.3799991607666,29.799999237060547,31.3799991607666,6990,
2025-12-11,30.459999084472656,30.799999237060547,29.600000381469727,30.770000457763672,5968,
2025-12-12,29.88999938964844,30.799999237060547,29.559999465942383,29.559999465942383,12940,
2025-12-15,30.88999938964844,31.89999961853028,29.920000076293945,30.479999542236328,9180,
2025-12-16,30.64999961853028,31.5,29.920000076293945,31.01000022888184,7813,
2025-12-17,30.030000686645508,32.0,29.799999237060547,30.979999542236328,24832,
2025-12-18,30.25,31.38999938964844,29.89999961853028,29.89999961853028,4013,
2025-12-19,30.290000915527344,31.420000076293945,30.200000762939453,31.01000022888184,6684,
2025-12-22,31.520000457763672,31.75,29.700000762939453,29.700000762939453,17090,
2025-12-23,30.89999961853028,33.0,30.809999465942383,32.45000076293945,38150,
2025-12-24,31.790000915527344,31.8799991607666,30.6299991607666,31.5,5614,
2025-12-26,31.3799991607666,31.64999961853028,30.89999961853028,31.51000022888184,6981,
2025-12-29,30.670000076293945,31.799999237060547,30.299999237060547,31.059999465942383,14025,
2025-12-30,30.8799991607666,31.5,30.600000381469727,31.5,2674,
2025-12-31,31.209999084472656,31.799999237060547,31.0,31.799999237060547,2749,
2026-01-01,33.040000915527344,36.400001525878906,30.38999938964844,31.549999237060547,201262,
2026-01-02,32.869998931884766,36.20000076293945,32.04999923706055,33.47999954223633,209880,
2026-01-05,33.18000030517578,33.900001525878906,32.08000183105469,32.08000183105469,8849,
2026-01-06,31.61000061035156,33.79999923706055,31.0,32.599998474121094,30597,
2026-01-07,30.170000076293945,33.20000076293945,29.15999984741211,32.849998474121094,71909,
2026-01-08,29.18000030517578,30.780000686645508,28.82999992370605,30.100000381469727,40633,
2026-01-09,28.809999465942383,30.38999938964844,28.11000061035156,29.18000030517578,49592,
2026-01-12,28.6299991607666,29.63999938964844,28.100000381469727,29.25,7827,
2026-01-13,28.64999961853028,29.489999771118164,28.450000762939453,28.63999938964844,25131,
2026-01-14,28.71999931335449,29.39999961853028,28.549999237060547,29.39999961853028,6484,
2026-01-16,28.799999237060547,29.5,28.799999237060547,29.5,5887,
2026-01-19,29.0,30.700000762939453,28.049999237060547,30.700000762939453,48436,
2026-01-20,28.40999984741211,28.979999542236328,28.25,28.6200008392334,4378,
2026-01-21,28.09000015258789,28.89999961853028,26.450000762939453,28.420000076293945,12831,
2026-01-22,28.209999084472656,28.979999542236328,28.200000762939453,28.26000022888184,2073,
2026-01-23,27.43000030517578,28.950000762939453,27.0,28.25,10696,
2026-01-27,27.100000381469727,28.489999771118164,26.809999465942383,27.43000030517578,15647,
2026-01-28,27.46999931335449,27.950000762939453,27.01000022888184,27.1299991607666,702,
2026-01-29,27.34000015258789,28.170000076293945,27.100000381469727,28.14999961853028,2505,
2026-01-30,27.350000381469727,27.75,26.799999237060547,27.0,16685,
2026-02-02,27.200000762939453,27.600000381469727,26.14999961853028,27.0,17481,
2026-02-03,28.850000381469727,29.479999542236328,27.200000762939453,27.520000457763672,22255,
2026-02-04,30.350000381469727,31.5,28.1200008392334,28.850000381469727,20216,
2026-02-05,30.420000076293945,31.850000381469727,29.5,31.0,7978,
2026-02-06,29.690000534057617,31.0,29.600000381469727,30.420000076293945,1553,
2026-02-09,29.07999992370605,29.81999969482422,28.270000457763672,29.75,22657,
2026-02-10,29.920000076293945,30.0,28.809999465942383,29.89999961853028,11924,
2026-02-11,29.040000915527344,29.96999931335449,28.39999961853028,29.96999931335449,14545,
2026-02-12,29.100000381469727,29.68000030517578,29.0,29.040000915527344,22638,
2026-02-13,29.21999931335449,29.5,28.440000534057617,29.5,4464,
2026-02-16,28.770000457763672,29.8799991607666,28.1200008392334,28.309999465942383,8929,
2026-02-17,28.43000030517578,30.75,28.030000686645508,28.51000022888184,55937,
2026-02-18,28.68000030517578,29.75,28.11000061035156,29.239999771118164,15459,
2026-02-19,28.61000061035156,29.299999237060547,27.89999961853028,29.25,9070,
2026-02-20,28.700000762939453,31.0,27.89999961853028,28.61000061035156,65905,
2026-02-23,28.229999542236328,29.39999961853028,27.559999465942383,28.350000381469727,104135,
2026-02-24,26.790000915527344,28.600000381469727,26.020000457763672,28.030000686645508,90318,
2026-02-25,26.979999542236328,28.64999961853028,26.549999237060547,28.64999961853028,50224,
2026-02-26,26.68000030517578,28.39999961853028,26.25,27.0,12879,
2026-02-27,26.63999938964844,27.780000686645508,26.209999084472656,27.15999984741211,14875,
2026-03-02,25.520000457763672,26.32999992370605,25.14999961853028,26.049999237060547,8555,
2026-03-04,25.670000076293945,26.200000762939453,25.0,25.01000022888184,6920,
2026-03-05,25.31999969482422,25.89999961853028,24.75,25.61000061035156,8973,
2026-03-06,24.90999984741211,26.299999237060547,24.600000381469727,26.290000915527344,9481,
2026-03-09,24.450000762939453,26.0,24.020000457763672,24.700000762939453,24118,
2026-03-10,24.440000534057617,26.43000030517578,24.0,24.76000022888184,76354,
2026-03-11,24.450000762939453,25.600000381469727,24.15999984741211,24.809999465942383,14357,
2026-03-12,24.049999237060547,24.799999237060547,23.709999084472656,24.450000762939453,20501,
2026-03-13,23.940000534057617,24.38999938964844,23.76000022888184,24.38999938964844,5810,
2026-03-16,23.350000381469727,24.34000015258789,23.14999961853028,23.26000022888184,9889,
2026-03-17,23.86000061035156,23.989999771118164,22.15999984741211,23.40999984741211,11038,
2026-03-18,23.670000076293945,24.46999931335449,23.51000022888184,23.8700008392334,15142,
2026-03-19,23.239999771118164,24.200000762939453,22.549999237060547,23.68000030517578,8620,
2026-03-20,22.809999465942383,24.89999961853028,22.600000381469727,23.01000022888184,36676,
2026-03-23,22.549999237060547,22.88999938964844,22.13999938964844,22.13999938964844,11205,
2026-03-24,22.239999771118164,23.3799991607666,22.1200008392334,22.450000762939453,9742,
2026-03-25,21.780000686645508,23.229999542236328,21.299999237060547,22.309999465942383,21864,
2026-03-27,20.1200008392334,22.489999771118164,19.209999084472656,22.489999771118164,76098,
2026-03-30,19.040000915527344,19.799999237060547,18.670000076293945,19.799999237060547,51610,
2026-04-01,21.170000076293945,21.690000534057617,19.0,19.040000915527344,22778,
2026-04-02,21.280000686645508,21.690000534057617,20.209999084472656,20.5,6467,
2026-04-06,22.07999992370605,22.46999931335449,21.0,21.280000686645508,3452,
2026-04-07,22.440000534057617,22.5,21.520000457763672,22.09000015258789,5145,
2026-04-08,24.200000762939453,25.5,22.989999771118164,23.100000381469727,14079,
2026-04-09,24.280000686645508,25.989999771118164,24.15999984741211,24.809999465942383,29389,
2026-04-10,24.450000762939453,25.299999237060547,24.11000061035156,25.299999237060547,4221,
2026-04-13,24.920000076293945,24.96999931335449,23.61000061035156,24.39999961853028,3419,
2026-04-15,25.489999771118164,25.5,24.920000076293945,24.920000076293945,5719,
2026-04-16,29.209999084472656,30.489999771118164,24.770000457763672,24.770000457763672,143063,
2026-04-17,28.600000381469727,33.79999923706055,28.200000762939453,33.79999923706055,95463,
2026-04-20,27.34000015258789,29.299999237060547,26.700000762939453,29.290000915527344,36709,
2026-04-21,27.309999465942383,28.600000381469727,26.200000762939453,27.350000381469727,17482,
2026-04-22,27.84000015258789,28.690000534057617,26.86000061035156,26.86000061035156,4465,
2026-04-23,27.989999771118164,28.5,26.90999984741211,27.15999984741211,10377,
2026-04-24,26.489999771118164,28.01000022888184,26.020000457763672,28.0,10564,
2026-04-27,26.90999984741211,27.299999237060547,26.489999771118164,26.989999771118164,5348,
2026-04-28,26.61000061035156,27.729999542236328,26.11000061035156,26.90999984741211,5177,
2026-04-29,26.520000457763672,27.46999931335449,26.26000022888184,26.6200008392334,8730,
2026-04-30,26.76000022888184,27.0,26.01000022888184,26.61000061035156,3909,
2026-05-04,27.049999237060547,27.64999961853028,26.76000022888184,26.76000022888184,5279,
2026-05-05,26.21999931335449,27.049999237060547,26.0,27.049999237060547,8110,
2026-05-06,26.489999771118164,27.38999938964844,25.959999084472656,27.299999237060547,6475,
2026-05-07,27.989999771118164,29.0,27.270000457763672,27.350000381469727,25871,
2026-05-08,27.65999984741211,28.790000915527344,27.26000022888184,28.700000762939453,7270,
2026-05-11,27.170000076293945,28.0,26.709999084472656,27.65999984741211,6094,
2026-05-12,25.84000015258789,27.8799991607666,25.709999084472656,26.799999237060547,12640,
2026-05-13,26.209999084472656,26.5,25.5,25.84000015258789,11816,
2026-05-14,26.21999931335449,27.790000915527344,25.89999961853028,26.39999961853028,11869,
2026-05-15,26.270000457763672,26.89999961853028,25.5,26.030000686645508,4617,
2026-05-18,25.200000762939453,27.39999961853028,25.01000022888184,26.270000457763672,6444,
2026-05-19,25.170000076293945,26.739999771118164,25.07999992370605,25.200000762939453,4595,
2026-05-20,25.299999237060547,25.709999084472656,25.14999961853028,25.170000076293945,2309,
2026-05-21,25.239999771118164,26.46999931335449,25.01000022888184,26.46999931335449,3687,
2026-05-22,25.530000686645508,25.88999938964844,25.14999961853028,25.239999771118164,3450,
2026-05-25,25.32999992370605,26.38999938964844,25.020000457763672,25.020000457763672,3218,
2026-05-26,25.979999542236328,27.21999931335449,25.39999961853028,26.09000015258789,11197,
2026-05-27,26.700000762939453,26.89999961853028,25.600000381469727,26.89999961853028,1533,
2026-05-28,26.700000762939453,26.700000762939453,26.700000762939453,26.700000762939453,0,
2026-05-29,25.709999084472656,26.89999961853028,25.5,26.89999961853028,2710,
2026-06-01,25.46999931335449,26.690000534057617,25.059999465942383,25.75,2097,
2026-06-02,25.0,26.190000534057617,24.26000022888184,26.190000534057617,23860,
2026-06-03,24.86000061035156,24.89999961853028,24.850000381469727,24.86000061035156,594,
2026-06-04,24.809999465942383,25.86000061035156,24.700000762939453,25.25,5754,
2026-06-05,25.07999992370605,25.5,25.0,25.489999771118164,1889,
2026-06-08,25.059999465942383,25.790000915527344,24.700000762939453,25.0,1859,
2026-06-09,24.76000022888184,25.57999992370605,24.600000381469727,25.059999465942383,1380,
2026-06-10,24.82999992370605,25.5,24.780000686645508,25.5,1860,
2026-06-11,24.56999969482422,25.290000915527344,24.549999237060547,24.82999992370605,641,
2026-06-12,24.690000534057617,25.239999771118164,24.56999969482422,24.56999969482422,744,
2026-06-15,25.540000915527344,26.0,24.89999961853028,24.89999961853028,16081,
2026-06-16,25.1200008392334,25.3799991607666,24.63999938964844,25.200000762939453,9454,
2026-06-17,25.1200008392334,26.14999961853028,25.0,25.64999961853028,3450,
2026-06-18,25.290000915527344,26.989999771118164,24.5,25.1200008392334,17071,
2026-06-19,26.670000076293945,26.989999771118164,24.64999961853028,25.200000762939453,14306,
2026-06-22,26.40999984741211,27.489999771118164,25.700000762939453,26.670000076293945,5285,
2026-06-23,26.14999961853028,26.40999984741211,25.709999084472656,26.36000061035156,1251,
2026-06-24,25.540000915527344,27.5,25.5,26.979999542236328,2584,
2026-06-25,25.709999084472656,26.39999961853028,25.100000381469727,26.39999961853028,8863,
2026-06-26,25.709999084472656,25.709999084472656,25.709999084472656,25.709999084472656,0,
2026-06-29,25.790000915527344,26.489999771118164,25.11000061035156,26.3700008392334,20491,
2026-06-30,25.75,26.479999542236328,25.25,25.700000762939453,8397,
2026-07-01,25.799999237060547,26.38999938964844,25.520000457763672,25.75,6580,
2026-07-02,25.57999992370605,26.34000015258789,25.1200008392334,25.700000762939453,1742,
2026-07-03,25.520000457763672,26.0,25.229999542236328,25.989999771118164,20788,
2026-07-06,25.170000076293945,25.940000534057617,24.780000686645508,25.520000457763672,1072,
2026-07-07,25.299999237060547,25.89999961853028,24.63999938964844,25.5,4688,
2026-07-08,25.31999969482422,25.89999961853028,25.299999237060547,25.420000076293945,8725,
2026-07-09,25.07999992370605,25.850000381469727,24.799999237060547,25.39999961853028,6575,
2026-07-10,25.290000915527344,25.89999961853028,24.600000381469727,25.11000061035156,8407,
2026-07-13,25.700000762939453,25.700000762939453,25.0,25.200000762939453,1059,25.700000762939453
2026-07-14,25.86000061035156,25.950000762939453,25.049999237060547,25.5,3232,25.86000061035156
2026-07-15,25.709999084472656,25.86000061035156,25.14999961853028,25.86000061035156,2450,25.709999084472656
2026-07-16,25.11000061035156,25.88999938964844,24.75,25.700000762939453,6434,25.11000061035156
2026-07-17,25.0,25.5,24.700000762939453,24.700000762939453,935,25.0
2026-07-20,25.07999992370605,25.26000022888184,24.700000762939453,25.26000022888184,1523,25.07999992370605
2026-07-21,25.280000686645508,25.43000030517578,24.11000061035156,24.11000061035156,2540,25.280000686645508
2026-07-23,26.479999542236328,26.959999084472656,24.0,24.739999771118164,17016,26.479999542236328
2026-07-24,25.01000022888184,25.799999237060547,24.51000022888184,25.799999237060547,2877,25.01000022888184
2026-07-27,25.25,25.739999771118164,24.100000381469727,25.489999771118164,14513,25.25
2026-07-28,25.420000076293945,25.8700008392334,25.100000381469727,25.25,3654,25.420000076293945
2026-07-29,25.31999969482422,25.88999938964844,24.61000061035156,25.450000762939453,7891,25.31999969482422
2026-07-30,25.07999992370605,25.93000030517578,24.81999969482422,25.93000030517578,12985,25.07999992370605
2026-07-31,25.440000534057617,25.989999771118164,25.07999992370605,25.989999771118164,18129,25.440000534057617
2026-08-03,25.15999984741211,25.790000915527344,24.899999618530277,25.5,20710,25.15999984741211
2026-08-04,25.040000915527344,25.729999542236328,24.989999771118164,25.200000762939453,20369,25.040000915527344
2026-08-05,26.1200008392334,26.75,25.440000534057617,25.450000762939453,29687,26.1200008392334
2026-08-06,26.049999237060547,26.899999618530273,25.510000228881836,25.600000381469727,4150,26.049999237060547
2026-08-07,25.329999923706055,26.299999237060547,25.100000381469727,25.110000610351562,9557,25.329999923706055
2026-08-10,24.770000457763672,25.899999618530273,24.75,25.010000228881836,11624,24.770000457763672
2026-08-11,25.489999771118164,25.799999237060547,24.770000457763672,24.770000457763672,12188,25.489999771118164
2026-08-12,25.100000381469727,25.700000762939453,25.0,25.700000762939453,6757,25.100000381469727
2026-08-13,24.90999984741211,25.450000762939453,24.799999237060547,25.0,4681,24.90999984741211
2026-08-14,,25.579999923706055,24.90999984741211,24.950000762939453,4944,
