Date,Close,High,Low,Open,Volume,Adj Close
2010-01-08,5.533558368682861,5.533558368682861,4.723768925617967,4.723768925617967,3559,
2010-01-11,6.640270709991455,6.640270709991455,6.633523190607605,6.633523190607605,9143,
2010-01-12,7.9696760177612305,7.9696760177612305,7.9696760177612305,7.9696760177612305,10222,
2010-01-13,8.77271556854248,8.77271556854248,8.77271556854248,8.77271556854248,4234,
2010-01-14,9.64998722076416,9.64998722076416,9.64998722076416,9.64998722076416,648,
2010-01-15,10.614986419677734,10.614986419677734,10.614986419677734,10.614986419677734,2891,
2010-01-18,11.681207656860352,11.681207656860352,11.681207656860352,11.681207656860352,1606,
2010-01-19,12.268304824829102,12.268304824829102,12.268304824829102,12.268304824829102,481,
2010-01-20,12.882396697998049,12.882396697998049,12.882396697998049,12.882396697998049,160,
2010-01-21,12.24806022644043,13.530226941825054,12.241311880459072,13.530226941825054,61251,
2010-01-22,11.640717506408691,12.113094220972254,11.640717506408691,11.64746502451406,13261,
2010-01-25,11.16159439086914,11.16834273715302,11.067118369898084,11.087363408749717,5930,
2010-01-27,10.608237266540527,11.472012277474995,10.608237266540527,11.472012277474995,571,
2010-01-28,10.115615844726562,10.122364190620038,10.081874942262358,10.081874942262358,1638,
2010-01-29,9.616247177124023,9.616247177124023,9.616247177124023,9.616247177124023,372,
2010-02-01,9.177610397338867,9.987399550045238,9.137121146454357,9.137121146454357,4189,
2010-02-02,8.88068675994873,9.177608990249366,8.725476472515332,9.177608990249366,3598,
2010-02-03,9.326069831848145,9.326069831848145,8.738972906744436,9.265335553112854,1702,
2010-02-04,9.79844856262207,9.79844856262207,9.79844856262207,9.79844856262207,6752,
2010-02-05,9.440791130065918,10.257327675329575,9.312574223998135,10.257327675329575,4484,
2010-02-08,8.7592191696167,8.779463380697022,8.7592191696167,8.772715034669185,4613,
2010-02-09,8.320585250854492,8.320585250854492,8.320585250854492,8.320585250854492,2197,
2010-02-10,8.496037483215332,8.496037483215332,7.908940498378847,7.908940498378847,2158,
2010-02-11,8.48254108428955,8.489289430290974,8.097891151230694,8.205863033247104,346,
2010-02-15,8.097890853881836,8.097890853881836,8.097890853881836,8.097890853881836,642,
2010-02-16,8.502788543701172,8.502788543701172,8.475795152008352,8.475795152008352,1285,
2010-02-17,8.077645301818848,8.111387028436576,8.077645301818848,8.111387028436576,1734,
2010-02-18,7.895445823669434,8.097892940429324,7.726740444371771,8.097892940429324,1028,
2010-02-19,7.895445823669434,7.895445823669434,7.895445823669434,7.895445823669434,0,
2010-02-22,7.510793685913086,7.510793685913086,7.510793685913086,7.510793685913086,1927,
2010-02-23,7.510793685913086,7.510793685913086,7.510793685913086,7.510793685913086,0,
2010-02-24,7.88869571685791,7.88869571685791,7.186878485205061,7.558031725492228,3912,
2010-02-25,7.88869571685791,7.88869571685791,7.88869571685791,7.88869571685791,0,
2010-02-26,7.524290561676025,7.524290561676025,7.524290561676025,7.524290561676025,963,
2010-03-02,7.895445823669434,7.895445823669434,7.423068942228565,7.423068942228565,3405,
2010-03-03,7.558032989501953,7.558032989501953,7.558032989501953,7.558032989501953,6,
2010-03-04,7.827962398529053,7.827962398529053,7.827962398529053,7.827962398529053,6,
2010-03-05,7.827962398529053,7.827962398529053,7.827962398529053,7.827962398529053,0,
2010-03-08,8.084395408630371,8.084395408630371,8.084395408630371,8.084395408630371,642,
2010-03-09,7.679498672485352,7.679498672485352,7.679498672485352,7.679498672485352,128,
2010-03-10,7.679498672485352,7.679498672485352,7.679498672485352,7.679498672485352,0,
2010-03-11,7.821213722229004,7.821213722229004,7.2948501909404815,7.760479436810975,2255,
2010-03-12,8.151876449584961,8.192365695398344,7.429815062400992,7.429815062400992,2582,
2010-03-15,8.232856750488281,8.327332780819331,8.232856750488281,8.327332780819331,12,
2010-03-16,8.502788543701172,8.502788543701172,8.502788543701172,8.502788543701172,321,
2010-03-17,8.745722770690918,8.806457059973896,8.732226078182874,8.806457059973896,713,
2010-03-18,8.745722770690918,8.745722770690918,8.745722770690918,8.745722770690918,0,
2010-03-19,8.61750602722168,8.61750602722168,8.570267606982789,8.570267606982789,6746,
2010-03-22,8.840197563171387,8.840197563171387,8.840197563171387,8.840197563171387,6,
2010-03-23,8.840197563171387,8.840197563171387,8.840197563171387,8.840197563171387,0,
2010-03-25,8.40156078338623,8.40156078338623,8.40156078338623,8.40156078338623,417,
2010-03-26,8.556770324707031,8.799706596381704,8.556770324707031,8.799706596381704,19,
2010-03-29,8.556770324707031,8.9751610757597,8.165372125172428,8.9751610757597,334,
2010-03-30,8.90768051147461,8.90768051147461,8.502785566860704,8.772714427265797,109,
2010-03-31,9.042643547058104,9.042643547058104,9.042643547058104,9.042643547058104,6,
2010-04-01,9.042643547058104,9.042643547058104,9.042643547058104,9.042643547058104,0,
2010-04-05,9.042643547058104,9.042643547058104,9.042643547058104,9.042643547058104,0,
2010-04-06,8.5905122756958,8.637749866905047,8.5905122756958,8.637749866905047,404,
2010-04-07,8.178868293762207,8.178868293762207,8.178868293762207,8.178868293762207,642,
2010-04-08,8.232856750488281,8.232856750488281,8.232856750488281,8.232856750488281,1285,
2010-04-09,7.821213722229004,8.421806576578378,7.821213722229004,7.84145793269957,1227,
2010-04-12,8.03040885925293,8.165374131006704,8.03040885925293,8.165374131006704,327,
2010-04-13,8.03040885925293,8.03040885925293,8.03040885925293,8.03040885925293,96,
2010-04-15,8.091140747070312,8.091140747070312,8.091140747070312,8.091140747070312,642,
2010-04-16,8.340829849243164,8.340829849243164,8.340829849243164,8.340829849243164,6,
2010-04-19,8.340829849243164,8.340829849243164,8.340829849243164,8.340829849243164,0,
2010-04-20,8.657997131347656,8.718730602100873,7.929186385272403,8.718730602100873,2441,
2010-04-21,8.657997131347656,8.657997131347656,8.657997131347656,8.657997131347656,0,
2010-04-22,8.657997131347656,8.657997131347656,8.657997131347656,8.657997131347656,0,
2010-04-23,8.894184112548828,8.90768080411342,8.226106977136213,8.226106977136213,167,
2010-04-26,8.894184112548828,8.894184112548828,8.894184112548828,8.894184112548828,0,
2010-04-27,8.894184112548828,8.894184112548828,8.894184112548828,8.894184112548828,0,
2010-04-28,8.610757827758789,8.75921895573657,8.448800008054892,8.732225572284335,5146,
2010-04-29,8.47579288482666,8.597261460945996,8.185618136764516,8.597261460945996,1432,
2010-04-30,8.47579288482666,8.47579288482666,8.47579288482666,8.47579288482666,0,
2010-05-03,8.47579288482666,8.47579288482666,8.47579288482666,8.47579288482666,0,
2010-05-04,8.631003379821777,8.631003379821777,8.631003379821777,8.631003379821777,642,
2010-05-05,8.631003379821777,8.631003379821777,8.631003379821777,8.631003379821777,0,
2010-05-06,8.631003379821777,8.631003379821777,8.631003379821777,8.631003379821777,0,
2010-05-07,8.36782169342041,8.502786132602965,8.36782169342041,8.502786132602965,12,
2010-05-10,8.36782169342041,8.36782169342041,8.36782169342041,8.36782169342041,0,
2010-05-11,8.36782169342041,8.36782169342041,8.36782169342041,8.36782169342041,0,
2010-05-12,8.36782169342041,8.36782169342041,8.36782169342041,8.36782169342041,0,
2010-05-13,8.698485374450684,8.698485374450684,7.949430501030622,7.949430501030622,648,
2010-05-14,8.266597747802734,8.300339479554966,8.266597747802734,8.300339479554966,12,
2010-05-17,8.36782169342041,8.36782169342041,7.854954839719052,7.854954839719052,6431,
2010-05-18,8.36782169342041,8.36782169342041,8.36782169342041,8.36782169342041,0,
2010-05-19,7.9764227867126465,8.367821903056234,7.976422786712646,8.367821903056234,674,
2010-05-20,8.232856750488281,8.232856750488281,8.232856750488281,8.232856750488281,6,
2010-05-21,8.232856750488281,8.232856750488281,8.232856750488281,8.232856750488281,0,
2010-05-24,8.232856750488281,8.232856750488281,8.232856750488281,8.232856750488281,0,
2010-05-25,8.232856750488281,8.232856750488281,8.232856750488281,8.232856750488281,0,
2010-05-26,8.340829849243164,8.340829849243164,8.340829849243164,8.340829849243164,128,
2010-05-27,8.340829849243164,8.340829849243164,8.340829849243164,8.340829849243164,0,
2010-05-28,8.340829849243164,8.340829849243164,8.340829849243164,8.340829849243164,0,
2010-05-31,7.962926864624023,7.962926864624023,7.962926864624023,7.962926864624023,57,
2010-06-01,8.03040885925293,8.03040885925293,7.962927050379264,7.962927050379264,96,
2010-06-02,7.692996025085449,8.435303319236576,7.692996025085449,8.435303319236576,578,
2010-06-03,7.746983051300049,7.827961550388678,7.746983051300049,7.827961550388678,546,
2010-06-04,7.746983051300049,7.746983051300049,7.746983051300049,7.746983051300049,0,
2010-06-07,7.746983051300049,7.746983051300049,7.746983051300049,7.746983051300049,0,
2010-06-08,7.423067092895508,7.423067092895508,7.423067092895508,7.423067092895508,321,
2010-06-09,7.423067092895508,7.423067092895508,7.423067092895508,7.423067092895508,128,
2010-06-10,7.051912307739258,7.787471174230851,7.051912307739258,7.787471174230851,488,
2010-06-11,6.701004505157471,6.721249956323868,6.701004505157471,6.721249956323868,1606,
2010-06-14,6.721250057220459,7.038416529708128,6.721250057220459,6.721250057220459,3341,
2010-06-15,7.00467586517334,7.0586618079242,7.00467586517334,7.0586618079242,661,
2010-06-16,7.355585098266602,7.355585098266602,7.355585098266602,7.355585098266602,6,
2010-06-17,7.726737022399902,7.726737022399902,7.726737022399902,7.726737022399902,2499,
2010-06-18,7.49055004119873,7.49055004119873,7.348837238525919,7.355585585367951,1162,
2010-06-21,7.49055004119873,7.827962421280614,7.15988683496217,7.423068226784986,4497,
2010-06-22,7.186878681182861,7.186878681182861,7.186878681182861,7.186878681182861,308,
2010-06-23,7.186878681182861,7.186878681182861,7.186878681182861,7.186878681182861,417,
2010-06-24,7.186878681182861,7.186878681182861,7.186878681182861,7.186878681182861,0,
2010-06-25,7.5310378074646,7.544534498482346,7.456807660873249,7.456807660873249,1150,
2010-06-28,7.7807230949401855,7.868450757428872,7.261108773366012,7.288101327744997,494,
2010-06-29,7.692996025085449,7.834709634252191,7.463556400678214,7.834709634252191,983,
2010-06-30,7.692996025085449,7.692996025085449,7.692996025085449,7.692996025085449,0,
2010-07-01,7.369081497192383,7.96292685924805,7.315095555187321,7.787472340980802,6502,
2010-07-02,7.423067092895508,7.423067092895508,7.423067092895508,7.423067092895508,321,
2010-07-05,7.692996025085449,7.746982792008528,7.15313662588636,7.746982792008528,1323,
2010-07-06,7.814466953277588,7.814466953277588,7.814466953277588,7.814466953277588,32,
2010-07-07,7.49055004119873,8.077647119419366,7.49055004119873,8.077647119419366,1285,
2010-07-08,7.558032989501953,7.692997450812827,7.227369769839151,7.686249103696785,1631,
2010-07-09,7.558032989501953,7.558032989501953,7.558032989501953,7.558032989501953,0,
2010-07-12,7.207122802734375,7.28810129248263,7.207122802734375,7.28810129248263,321,
2010-07-13,7.018172740936279,7.564780528942298,7.018172740936279,7.564780528942298,250,
2010-07-14,7.355585098266602,7.355585098266602,7.355585098266602,7.355585098266602,192,
2010-07-15,7.49055004119873,7.672752924923738,7.038417418808876,7.058662459334973,3276,
2010-07-16,7.49055004119873,7.49055004119873,7.49055004119873,7.49055004119873,0,
2010-07-19,7.288102626800537,7.787472828350647,7.119396444101044,7.787472828350647,4240,
2010-07-20,6.923696994781494,7.247612633987609,6.923696994781494,7.247612633987609,4471,
2010-07-21,7.153136730194092,7.153136730194092,6.61327773662431,6.61327773662431,4330,
2010-07-22,6.930446147918701,7.146389105539933,6.795480869026758,6.8832085484075005,5795,
2010-07-23,6.950689792633057,7.193626943977198,6.660515459140975,6.660515459140975,3880,
2010-07-26,6.748242378234863,6.748242378234863,6.748242378234863,6.748242378234863,160,
2010-07-27,6.613277435302734,6.748242280921157,6.613277435302734,6.748242280921157,179,
2010-07-28,6.916949272155762,6.916949272155762,6.350096438968726,6.350096438968726,57,
2010-07-29,6.754991054534912,6.754991054534912,6.572788604782133,6.572788604782133,289,
2010-07-30,6.491809368133545,6.552543656720961,6.478313502783281,6.478313502783281,642,
2010-08-02,6.282613277435303,6.734745777475215,6.282613277435303,6.350095073588042,2615,
2010-08-03,6.599781513214111,6.599781513214111,6.005936123278618,6.282614605921044,7645,
2010-08-04,6.748242378234863,6.748242378234863,6.748242378234863,6.748242378234863,1509,
2010-08-05,6.997926712036133,6.997926712036133,6.485061142043749,6.748242065730281,2589,
2010-08-06,7.261110305786133,7.348837159786017,6.768488434625622,7.348837159786017,4234,
2010-08-09,7.288102626800537,7.288102626800537,7.261110067610311,7.261110067610311,2666,
2010-08-10,7.288102626800537,7.625514992199523,7.288102626800537,7.625514992199523,2377,
2010-08-11,7.051912307739258,7.051912307739258,7.051912307739258,7.051912307739258,128,
2010-08-12,6.883207321166992,7.409569995590628,6.883207321166992,7.018171748992206,546,
2010-08-13,7.02492094039917,7.227368847021144,7.018172594144782,7.018172594144782,10967,
2010-08-16,7.213871479034424,7.355584256097495,7.153136368431928,7.153136368431928,1497,
2010-08-17,7.173382759094238,7.504045929857647,7.173382759094239,7.504045929857647,141,
2010-08-18,7.173382759094238,7.173382759094239,7.173382759094239,7.173382759094239,0,
2010-08-19,7.173382759094238,7.173382759094239,7.173382759094239,7.173382759094239,0,
2010-08-20,7.173382759094238,7.173382759094239,7.173382759094239,7.173382759094239,0,
2010-08-23,7.173382759094238,7.173382759094239,7.173382759094239,7.173382759094239,0,
2010-08-24,7.173382759094238,7.173382759094239,7.173382759094239,7.173382759094239,0,
2010-08-25,7.537786483764648,7.537786483764648,7.531038137959629,7.531038137959629,25,
2010-08-26,7.335339069366455,7.861702574139371,7.294849823461806,7.861702574139371,6592,
2010-08-27,7.294849872589111,7.666003087721356,6.970934249164265,7.024920186401739,3411,
2010-08-30,6.937192440032959,6.937192440032959,6.937192440032959,6.937192440032959,6,
2010-08-31,6.889955520629883,7.288102152024064,6.889955520629883,7.281354632918508,5885,
2010-09-01,6.754991054534912,6.754991054534912,6.54579522044673,6.54579522044673,77,
2010-09-02,6.613277435302734,7.0856537747148565,6.478313003185883,6.478313003185883,3090,
2010-09-03,6.943941593170166,6.943941593170166,6.754991206582076,6.9371932469344175,1901,
2010-09-06,6.647018909454346,6.647018909454346,6.647018909454346,6.647018909454346,25,
2010-09-07,6.647018909454346,6.647018909454346,6.647018909454346,6.647018909454346,0,
2010-09-08,6.451319694519043,6.478313077453754,6.316354847353372,6.410830033618553,9573,
2010-09-09,6.748242378234863,6.748242378234863,6.478313096607047,6.748242378234863,1978,
2010-09-13,6.849466800689697,7.085654797745937,6.431076339117478,6.431076339117478,6707,
2010-09-14,6.957437515258789,7.1868779538558965,6.754990458615753,6.849465641448753,1477,
2010-09-15,7.078906536102295,7.078906536102295,7.078906536102295,7.078906536102295,6,
2010-09-16,7.112646579742432,7.274605208335487,6.768486768240652,7.274605208335487,3919,
2010-09-17,7.112646579742432,7.112646579742432,7.112646579742432,7.112646579742432,0,
2010-09-20,6.815726280212402,7.42306841430139,6.768488678128182,7.42306841430139,1291,
2010-09-21,7.011423587799072,7.011423587799072,7.011423587799072,7.011423587799072,70,
2010-09-22,7.058661460876465,7.355584544909217,7.011423866667357,7.011423866667357,10004,
2010-09-23,6.822474002838135,7.409571042159008,6.775236405077057,7.409571042159008,1773,
2010-09-24,7.153136730194092,7.153136730194092,6.63352277451568,6.63352277451568,1130,
2010-09-27,7.429815292358398,7.477052885103232,6.802228241312701,7.1868781559528,11642,
2010-09-28,7.058661460876465,7.065409806763933,7.058661460876465,7.058661460876465,1439,
2010-09-29,6.822474002838135,6.822474002838135,6.802228963653429,6.802228963653429,1188,
2010-09-30,7.1666340827941895,7.1666340827941895,7.139639872562358,7.139639872562358,2280,
2010-10-01,7.517542839050293,7.531038704672738,7.240864775240169,7.240864775240169,2505,
2010-10-04,7.76723051071167,7.895446645402355,7.153139095020137,7.888698297207563,5082,
2010-10-05,7.76723051071167,7.76723051071167,7.76723051071167,7.76723051071167,0,
2010-10-06,7.382578372955322,7.490550271744444,7.382578372955322,7.490550271744444,2904,
2010-10-07,7.423067092895508,7.679499271702435,7.423067092895508,7.679499271702435,83,
2010-10-08,7.423067092895508,7.692995963324851,7.06540972692046,7.692995963324851,11494,
2010-10-11,7.692996025085449,7.692996025085449,7.159885798754914,7.159885798754914,2377,
2010-10-12,7.692996025085449,7.692996025085449,7.692996025085449,7.692996025085449,0,
2010-10-13,7.88869571685791,7.88869571685791,7.355584653881625,7.355584653881625,1028,
2010-10-14,8.097890853881836,8.280092881217206,7.497297178843539,7.88869544353195,1105,
2010-10-15,8.097890853881836,8.097890853881836,7.692995897686166,7.699744243439796,1188,
2010-10-18,8.165374755859375,8.165374755859375,7.692997095575838,8.165374755859375,3276,
2010-10-19,8.165374755859375,8.165374755859375,8.165374755859375,8.165374755859375,0,
2010-10-20,8.11138916015625,8.11138916015625,7.767229247229935,7.767229247229935,12895,
2010-10-21,8.361075401306152,8.50278822131002,7.706494774611936,8.50278822131002,2004,
2010-10-22,7.942681789398193,7.942681789398193,7.942681789398193,7.942681789398193,2409,
2010-10-25,7.564780235290527,8.320584251209425,7.551283543023375,7.551283543023375,1278,
2010-10-26,7.558032989501953,7.558032989501953,7.558032989501953,7.558032989501953,321,
2010-10-27,7.213871479034424,7.213871479034424,7.213871479034424,7.213871479034424,642,
2010-10-28,7.011423587799072,7.558031312911838,7.004675242180008,7.558031312911838,668,
2010-10-29,7.011423587799072,7.011423587799072,7.011423587799072,7.011423587799072,0,
2010-11-01,7.153136730194092,7.153136730194092,6.680760369259027,6.754990934355943,1291,
2010-11-02,7.504046440124512,7.504046440124512,7.504046440124512,7.504046440124512,1285,
2010-11-03,7.153136730194092,7.153136730194092,7.139640038266512,7.139640038266512,1709,
2010-11-04,7.477053165435791,7.510794068089085,7.153136695749543,7.153136695749543,6817,
2010-11-08,7.477053165435791,7.477053165435791,7.477053165435791,7.477053165435791,0,
2010-11-09,7.7942214012146,7.7942214012146,7.787473054470283,7.787473054470283,1285,
2010-11-10,7.5310378074646,7.5310378074646,7.5310378074646,7.5310378074646,642,
2010-11-11,7.814466953277588,7.895445465506752,7.31509670451997,7.895445465506752,2383,
2010-11-12,7.517542839050293,7.962927079671625,7.517542839050293,7.55803208992408,3109,
2010-11-15,7.517542839050293,7.517542839050293,7.517542839050293,7.517542839050293,0,
2010-11-16,7.362331867218018,7.558030562734094,7.1463873098511295,7.423066144758228,8352,
2010-11-18,7.018172740936279,7.018172740936279,7.018172740936279,7.018172740936279,970,
2010-11-19,6.768487930297852,7.018172607157039,6.768487930297852,7.018172607157039,1387,
2010-11-22,7.099152088165283,7.099152088165283,7.099152088165283,7.099152088165283,314,
2010-11-23,7.456809043884277,7.456809043884277,6.748243385075898,6.748243385075898,5654,
2010-11-24,7.456809043884277,7.456809043884277,7.456809043884277,7.456809043884277,12,
2010-11-25,7.821213722229004,7.827961241050415,7.153136582630694,7.827961241050415,764,
2010-11-26,7.827962398529053,7.827962398529053,7.429816552032647,7.429816552032647,4754,
2010-11-29,7.827962398529053,7.827962398529053,7.827962398529053,7.827962398529053,0,
2010-11-30,7.827962398529053,7.827962398529053,7.827962398529053,7.827962398529053,0,
2010-12-01,7.436563014984131,7.456808052574208,7.436563014984131,7.456808052574208,1285,
2010-12-02,7.787473201751709,7.814466589239494,7.787473201751709,7.814466589239494,3225,
2010-12-03,7.558032989501953,7.558032989501953,7.402823486842954,7.4365643954198415,1946,
2010-12-06,7.692996025085449,7.935933168226625,7.193626701078668,7.193626701078668,7517,
2010-12-07,7.692996025085449,7.692996025085449,7.692996025085449,7.692996025085449,0,
2010-12-08,7.3150954246521,8.043905215213472,7.3150954246521,7.989919274171771,83,
2010-12-09,7.3150954246521,7.3150954246521,7.3150954246521,7.3150954246521,0,
2010-12-10,7.666003227233887,7.672751572886774,7.018171968594404,7.018171968594404,250,
2010-12-13,7.956179141998291,7.96292748865773,7.692996930293239,7.96292748865773,1824,
2010-12-14,7.956179141998291,7.956179141998291,7.956179141998291,7.956179141998291,0,
2010-12-15,8.232856750488281,8.232856750488281,8.232856750488281,8.232856750488281,32,
2010-12-16,8.354324340820312,8.354324340820312,7.827960836719584,7.827960836719584,648,
2010-12-20,7.93593168258667,8.35432325889367,7.93593168258667,8.35432325889367,12,
2010-12-21,7.93593168258667,7.93593168258667,7.93593168258667,7.93593168258667,0,
2010-12-22,7.551283359527588,7.929184944802446,7.544535013557995,7.929184944802446,796,
2010-12-23,7.558032989501953,7.558032989501953,7.294851586992926,7.294851586992926,2287,
2010-12-24,7.558032989501953,7.558032989501953,7.558032989501953,7.558032989501953,0,
2010-12-27,7.558032989501953,7.558032989501953,7.558032989501953,7.558032989501953,0,
2010-12-28,7.558032989501953,7.558032989501953,7.558032989501953,7.558032989501953,0,
2010-12-29,7.558032989501953,7.558032989501953,7.558032989501953,7.558032989501953,0,
2010-12-30,7.827962398529053,7.827962398529053,7.193627721261141,7.193627721261141,4298,
2010-12-31,7.807717323303223,7.807717323303223,7.436563251055338,7.436563251055338,173,
2011-01-03,7.962926864624023,7.962926864624023,7.807717384630088,7.807717384630088,5153,
2011-01-04,7.962926864624023,7.962926864624023,7.962926864624023,7.962926864624023,0,
2011-01-05,7.956179141998291,7.956179141998291,7.726739490593701,7.726739490593701,3212,
2011-01-06,8.091140747070312,8.091140747070312,8.091140747070312,8.091140747070312,321,
2011-01-07,8.091140747070312,8.091140747070312,8.091140747070312,8.091140747070312,0,
2011-01-10,8.091140747070312,8.091140747070312,8.091140747070312,8.091140747070312,0,
2011-01-11,8.091140747070312,8.091140747070312,8.091140747070312,8.091140747070312,0,
2011-01-12,7.6862473487854,7.6862473487854,7.6862473487854,7.6862473487854,1085,
2011-01-13,7.99666690826416,8.064149535309358,7.962926008243118,8.064149535309358,4658,
2011-01-14,7.99666690826416,7.99666690826416,7.99666690826416,7.99666690826416,0,
2011-01-17,7.962926864624023,7.962926864624023,7.962926864624023,7.962926864624023,642,
2011-01-18,7.962926864624023,7.962926864624023,7.962926864624023,7.962926864624023,0,
2011-01-19,7.564780235290527,7.564780235290527,7.564780235290527,7.564780235290527,160,
2011-01-20,7.186878681182861,7.564780277762408,7.186878681182861,7.564780277762408,4253,
2011-01-21,7.504046440124512,7.504046440124512,6.883208479083464,6.896704345234124,2023,
2011-01-24,7.517542839050293,7.881947750920826,7.132892888241254,7.821214288111758,9753,
2011-01-25,7.517542839050293,7.517542839050293,7.517542839050293,7.517542839050293,0,
2011-01-27,7.180130958557129,7.180130958557129,7.180130958557129,7.180130958557129,2313,
2011-01-28,6.835970401763916,6.883207997494349,6.835970401763916,6.883207997494349,257,
2011-01-31,6.5390472412109375,7.180131471608745,6.505306335901977,6.505306335901977,179,
2011-02-01,6.221879959106445,6.221879959106445,6.221879959106445,6.221879959106445,771,
2011-02-02,6.221879959106445,6.539046848260594,6.221879959106445,6.539046848260594,19,
2011-02-03,6.5390472412109375,6.5390472412109375,6.5390472412109375,6.5390472412109375,154,
2011-02-04,6.5390472412109375,6.5390472412109375,6.5390472412109375,6.5390472412109375,0,
2011-02-07,6.5390472412109375,6.5390472412109375,6.5390472412109375,6.5390472412109375,0,
2011-02-08,6.727998733520508,7.018172663299129,6.525551238405304,7.018172663299129,738,
2011-02-09,6.883207321166992,7.05191264919773,6.754990411780388,6.869710630283535,8307,
2011-02-10,6.883207321166992,6.883207321166992,6.883207321166992,6.883207321166992,2994,
2011-02-11,6.883207321166992,6.883207321166992,6.883207321166992,6.883207321166992,0,
2011-02-14,6.883207321166992,6.883207321166992,6.883207321166992,6.883207321166992,0,
2011-02-15,6.620026588439941,6.620026588439941,6.620026588439941,6.620026588439941,19,
2011-02-16,6.620026588439941,6.620026588439941,6.620026588439941,6.620026588439941,0,
2011-02-17,6.289362907409668,6.289362907409668,6.289362907409668,6.289362907409668,128,
2011-02-18,6.289362907409668,6.289362907409668,6.289362907409668,6.289362907409668,0,
2011-02-21,6.208383083343506,6.208383083343506,6.208383083343506,6.208383083343506,64,
2011-02-22,6.208383083343506,6.208383083343506,6.208383083343506,6.208383083343506,0,
2011-02-23,6.208383083343506,6.208383083343506,6.208383083343506,6.208383083343506,0,
2011-02-24,6.208383083343506,6.208383083343506,6.208383083343506,6.208383083343506,0,
2011-02-25,6.208383083343506,6.208383083343506,6.208383083343506,6.208383083343506,963,
2011-02-28,6.208383083343506,6.208383083343506,6.208383083343506,6.208383083343506,0,
2011-03-01,6.208383083343506,6.208383083343506,6.208383083343506,6.208383083343506,0,
2011-03-03,6.208383083343506,6.208383083343506,6.208383083343506,6.208383083343506,0,
2011-03-04,6.208383083343506,6.208383083343506,6.208383083343506,6.208383083343506,0,
2011-03-07,6.208383083343506,6.208383083343506,6.208383083343506,6.208383083343506,0,
2011-03-08,6.208383083343506,6.208383083343506,6.208383083343506,6.208383083343506,0,
2011-03-09,6.208383083343506,6.208383083343506,6.208383083343506,6.208383083343506,0,
2011-03-10,6.208383083343506,6.208383083343506,6.208383083343506,6.208383083343506,0,
2011-03-11,6.208383083343506,6.208383083343506,6.208383083343506,6.208383083343506,0,
2011-03-14,6.208383083343506,6.208383083343506,6.208383083343506,6.208383083343506,0,
2011-03-15,6.208383083343506,6.208383083343506,6.208383083343506,6.208383083343506,0,
2011-03-16,6.208383083343506,6.208383083343506,6.208383083343506,6.208383083343506,0,
2011-03-17,6.208383083343506,6.208383083343506,6.208383083343506,6.208383083343506,0,
2011-03-18,6.208383083343506,6.208383083343506,6.208383083343506,6.208383083343506,0,
2011-03-21,6.208383083343506,6.208383083343506,6.208383083343506,6.208383083343506,0,
2011-03-22,6.208383083343506,6.208383083343506,6.208383083343506,6.208383083343506,0,
2011-03-23,6.208383083343506,6.208383083343506,6.208383083343506,6.208383083343506,0,
2011-03-24,6.208383083343506,6.208383083343506,6.208383083343506,6.208383083343506,0,
2011-03-25,6.613277435302734,6.613277435302734,6.613277435302734,6.613277435302734,353,
2011-03-28,6.613277435302734,6.613277435302734,6.613277435302734,6.613277435302734,0,
2011-03-29,6.937192440032959,6.937192440032959,6.937192440032959,6.937192440032959,4818,
2011-03-30,6.937192440032959,6.937192440032959,6.937192440032959,6.937192440032959,0,
2011-03-31,6.937192440032959,6.937192440032959,6.937192440032959,6.937192440032959,0,
2011-04-01,6.937192440032959,6.937192440032959,6.937192440032959,6.937192440032959,0,
2011-04-04,6.937192440032959,6.937192440032959,6.937192440032959,6.937192440032959,0,
2011-04-05,7.288102626800537,7.288102626800537,7.288102626800537,7.288102626800537,51,
2011-04-06,7.288102626800537,7.288102626800537,7.288102626800537,7.288102626800537,0,
2011-04-07,7.288102626800537,7.288102626800537,7.288102626800537,7.288102626800537,0,
2011-04-08,7.288102626800537,7.288102626800537,7.288102626800537,7.288102626800537,0,
2011-04-11,7.288102626800537,7.288102626800537,7.288102626800537,7.288102626800537,0,
2011-04-13,7.288102626800537,7.288102626800537,7.288102626800537,7.288102626800537,0,
2011-04-15,7.288102626800537,7.288102626800537,7.288102626800537,7.288102626800537,0,
2011-04-18,7.652507305145264,7.652507305145264,7.652507305145264,7.652507305145264,1034,
2011-04-19,7.652507305145264,7.652507305145264,7.652507305145264,7.652507305145264,0,
2011-04-20,7.652507305145264,7.652507305145264,7.652507305145264,7.652507305145264,0,
2011-04-21,7.652507305145264,7.652507305145264,7.652507305145264,7.652507305145264,0,
2011-04-25,7.652507305145264,7.652507305145264,7.652507305145264,7.652507305145264,0,
2011-04-26,7.652507305145264,7.652507305145264,7.652507305145264,7.652507305145264,0,
2011-04-27,7.652507305145264,7.652507305145264,7.652507305145264,7.652507305145264,0,
2011-04-28,7.652507305145264,7.652507305145264,7.652507305145264,7.652507305145264,0,
2011-04-29,7.652507305145264,7.652507305145264,7.652507305145264,7.652507305145264,0,
2011-05-02,7.652507305145264,7.652507305145264,7.652507305145264,7.652507305145264,0,
2011-05-03,7.652507305145264,7.652507305145264,7.652507305145264,7.652507305145264,0,
2011-05-04,7.652507305145264,7.652507305145264,7.652507305145264,7.652507305145264,0,
2011-05-05,7.652507305145264,7.652507305145264,7.652507305145264,7.652507305145264,0,
2011-05-06,7.652507305145264,7.652507305145264,7.652507305145264,7.652507305145264,0,
2011-05-09,7.652507305145264,7.652507305145264,7.652507305145264,7.652507305145264,0,
2011-05-10,7.652507305145264,7.652507305145264,7.652507305145264,7.652507305145264,0,
2011-05-11,7.652507305145264,7.652507305145264,7.652507305145264,7.652507305145264,642,
2011-05-12,7.652507305145264,7.652507305145264,7.652507305145264,7.652507305145264,0,
2011-05-13,7.423067092895508,7.423067092895508,7.423067092895508,7.423067092895508,12,
2011-05-16,7.423067092895508,7.423067092895508,7.423067092895508,7.423067092895508,0,
2011-05-17,7.423067092895508,7.423067092895508,7.423067092895508,7.423067092895508,0,
2011-05-18,7.423067092895508,7.423067092895508,7.423067092895508,7.423067092895508,0,
2011-05-19,7.423067092895508,7.423067092895508,7.423067092895508,7.423067092895508,0,
2011-05-20,7.423067092895508,7.423067092895508,7.423067092895508,7.423067092895508,0,
2011-05-23,7.0856547355651855,7.0856547355651855,7.0856547355651855,7.0856547355651855,642,
2011-05-24,6.748242378234863,7.153136507427377,6.748242378234863,7.153136507427377,648,
2011-05-25,6.451319694519043,6.727998148085638,6.424326725085908,6.431075484321164,4433,
2011-05-26,6.775235652923584,6.775235652923584,6.140900672760777,6.147648191403368,2004,
2011-05-27,6.458067417144775,7.085653172284644,6.437823208900162,7.085653172284644,5114,
2011-05-30,6.458067417144775,6.458067417144775,6.458067417144775,6.458067417144775,0,
2011-05-31,6.748242378234863,6.748242378234863,6.748242378234863,6.748242378234863,289,
2011-06-01,7.018172740936279,7.018172740936279,6.417579008769213,6.417579008769213,186,
2011-06-02,7.186878681182861,7.355584854459845,6.667263882510583,6.667263882510583,1285,
2011-06-03,6.829222202301025,6.829222202301025,6.829222202301025,6.829222202301025,57,
2011-06-06,6.532298564910889,7.099150056831744,6.532298564910889,7.099150056831744,2313,
2011-06-07,6.829222202301025,6.829222202301025,6.829222202301025,6.829222202301025,70,
2011-06-08,6.896703720092773,7.099150791037974,6.694256235645983,7.099150791037974,3855,
2011-06-09,6.5525431632995605,6.5525431632995605,6.5525431632995605,6.5525431632995605,314,
2011-06-10,6.748242378234863,6.748242378234863,6.748242378234863,6.748242378234863,6,
2011-06-13,6.586285591125488,6.721250451322699,6.451320317426661,6.721250451322699,3855,
2011-06-14,6.343347072601318,6.61327716636257,6.343347072601318,6.61327716636257,1445,
2011-06-15,6.343347072601318,6.343347072601318,6.343347072601318,6.343347072601318,0,
2011-06-16,6.073417663574219,6.073417663574219,6.073417663574219,6.073417663574219,19,
2011-06-17,6.208383083343506,6.248872331484084,5.823733158500088,5.823733158500088,13891,
2011-06-20,6.228628635406494,6.478313731236255,5.958698500332599,6.478313731236255,3437,
2011-06-21,6.518802165985107,6.545794721258838,6.00593534575289,6.208382818318404,7093,
2011-06-22,6.788731575012207,6.788731575012207,6.235376324385279,6.235376324385279,12850,
2011-06-23,7.132891654968262,7.132891654968262,7.132891654968262,7.132891654968262,32,
2011-06-24,7.132891654968262,7.132891654968262,7.132891654968262,7.132891654968262,0,
2011-06-27,7.132891654968262,7.132891654968262,7.132891654968262,7.132891654968262,0,
2011-06-28,7.132891654968262,7.132891654968262,7.132891654968262,7.132891654968262,0,
2011-06-29,7.132891654968262,7.132891654968262,7.132891654968262,7.132891654968262,0,
2011-06-30,7.132891654968262,7.132891654968262,7.132891654968262,7.132891654968262,0,
2011-07-01,7.423067092895508,7.423067092895508,7.423067092895508,7.423067092895508,83,
2011-07-04,7.423067092895508,7.423067092895508,7.423067092895508,7.423067092895508,0,
2011-07-05,7.051912307739258,7.051912307739258,7.051912307739258,7.051912307739258,160,
2011-07-06,7.09240198135376,7.382576703871864,6.802228085838782,7.018171834595569,578,
2011-07-07,6.741494178771973,6.741494178771973,6.741494178771973,6.741494178771973,469,
2011-07-08,6.741494178771973,6.741494178771973,6.741494178771973,6.741494178771973,0,
2011-07-11,6.73474645614624,6.73474645614624,6.410829997757413,6.410829997757413,835,
2011-07-12,6.73474645614624,6.73474645614624,6.73474645614624,6.73474645614624,0,
2011-07-13,7.018172740936279,7.018172740936279,6.721250461552131,6.721250461552131,629,
2011-07-14,7.018172740936279,7.018172740936279,7.018172740936279,7.018172740936279,0,
2011-07-15,7.018172740936279,7.018172740936279,7.018172740936279,7.018172740936279,0,
2011-07-18,7.018172740936279,7.018172740936279,7.018172740936279,7.018172740936279,0,
2011-07-19,7.018172740936279,7.018172740936279,7.018172740936279,7.018172740936279,0,
2011-07-20,7.018172740936279,7.018172740936279,7.018172740936279,7.018172740936279,0,
2011-07-21,7.018172740936279,7.018172740936279,7.018172740936279,7.018172740936279,0,
2011-07-22,7.018172740936279,7.018172740936279,7.018172740936279,7.018172740936279,0,
2011-07-25,7.018172740936279,7.018172740936279,7.018172740936279,7.018172740936279,0,
2011-07-26,7.018172740936279,7.018172740936279,7.018172740936279,7.018172740936279,0,
2011-07-27,7.018172740936279,7.018172740936279,7.018172740936279,7.018172740936279,0,
2011-07-28,7.018172740936279,7.018172740936279,7.018172740936279,7.018172740936279,0,
2011-07-29,7.018172740936279,7.018172740936279,7.018172740936279,7.018172740936279,0,
2011-08-01,7.018172740936279,7.018172740936279,7.018172740936279,7.018172740936279,0,
2011-08-02,7.018172740936279,7.018172740936279,7.018172740936279,7.018172740936279,0,
2011-08-03,7.018172740936279,7.018172740936279,7.018172740936279,7.018172740936279,0,
2011-08-04,7.018172740936279,7.018172740936279,7.018172740936279,7.018172740936279,0,
2011-08-05,7.018172740936279,7.018172740936279,7.018172740936279,7.018172740936279,0,
2011-08-08,7.018172740936279,7.018172740936279,7.018172740936279,7.018172740936279,0,
2011-08-09,7.018172740936279,7.018172740936279,7.018172740936279,7.018172740936279,0,
2011-08-10,7.018172740936279,7.018172740936279,7.018172740936279,7.018172740936279,0,
2011-08-11,7.018172740936279,7.018172740936279,7.018172740936279,7.018172740936279,0,
2011-08-12,7.018172740936279,7.018172740936279,7.018172740936279,7.018172740936279,0,
2011-08-16,7.018172740936279,7.018172740936279,7.018172740936279,7.018172740936279,0,
2011-08-17,6.795479774475098,6.815724811148989,6.795479774475098,6.815724811148989,803,
2011-08-18,6.795479774475098,6.795479774475098,6.795479774475098,6.795479774475098,0,
2011-08-19,6.795479774475098,6.795479774475098,6.795479774475098,6.795479774475098,0,
2011-08-22,6.795479774475098,6.795479774475098,6.795479774475098,6.795479774475098,128,
2011-08-23,6.795479774475098,6.795479774475098,6.795479774475098,6.795479774475098,0,
2011-08-24,6.795479774475098,6.795479774475098,6.795479774475098,6.795479774475098,0,
2011-08-25,6.795479774475098,6.795479774475098,6.795479774475098,6.795479774475098,0,
2011-08-26,6.464816570281982,6.478313262134095,6.464816570281982,6.478313262134095,289,
2011-08-29,6.140901565551758,6.140901565551758,6.140901565551758,6.140901565551758,160,
2011-08-30,6.140901565551758,6.140901565551758,6.140901565551758,6.140901565551758,321,
2011-09-02,6.073417663574219,6.073417663574219,5.843977647478854,6.073417663574219,353,
2011-09-05,5.776496410369873,5.776496410369873,5.769748063524403,5.769748063524403,1028,
2011-09-06,5.776496410369873,5.776496410369873,5.776496410369873,5.776496410369873,0,
2011-09-07,5.540307521820068,5.823733516743656,5.540307521820068,5.823733516743656,2313,
2011-09-08,5.803488731384277,5.803488731384277,5.2636292760460535,5.2636292760460535,379,
2011-09-09,5.803488731384277,5.803488731384277,5.803488731384277,5.803488731384277,128,
2011-09-12,6.073417663574219,6.073417663574219,6.073417663574219,6.073417663574219,2248,
2011-09-13,6.073417663574219,6.073417663574219,6.073417663574219,6.073417663574219,0,
2011-09-14,5.803488731384277,6.073418872555017,5.803488731384277,6.073418872555017,269,
2011-09-15,5.803488731384277,5.803488731384277,5.803488731384277,5.803488731384277,327,
2011-09-16,5.682020664215088,6.073418541232608,5.628034721626354,5.628034721626354,321,
2011-09-19,5.938453674316406,5.938453674316406,5.938453674316406,5.938453674316406,3051,
2011-09-20,5.803488731384277,5.803488731384277,5.803488731384277,5.803488731384277,64,
2011-09-21,5.695517539978027,5.695517539978027,5.695517539978027,5.695517539978027,70,
2011-09-22,5.668523788452148,5.668523788452148,5.668523788452148,5.668523788452148,321,
2011-09-23,5.668523788452148,5.668523788452148,5.668523788452148,5.668523788452148,0,
2011-09-26,5.668523788452148,5.668523788452148,5.668523788452148,5.668523788452148,0,
2011-09-27,5.668523788452148,5.668523788452148,5.668523788452148,5.668523788452148,642,
2011-09-28,5.668523788452148,5.668523788452148,5.668523788452148,5.668523788452148,0,
2011-09-29,5.493070602416992,5.493070602416992,5.493070602416992,5.493070602416992,269,
2011-09-30,5.493070602416992,5.493070602416992,5.493070602416992,5.493070602416992,0,
2011-10-03,5.493070602416992,5.493070602416992,5.493070602416992,5.493070602416992,0,
2011-10-04,5.398594856262207,5.6010415276133,5.398594856262207,5.6010415276133,1207,
2011-10-05,5.398594856262207,5.398594856262207,5.398594856262207,5.398594856262207,0,
2011-10-07,5.128663539886475,5.601040238125257,5.128663539886475,5.601040238125257,9213,
2011-10-10,5.128663539886475,5.128663539886475,5.128663539886475,5.128663539886475,0,
2011-10-11,5.128663539886475,5.128663539886475,5.128663539886475,5.128663539886475,0,
2011-10-12,5.128663539886475,5.128663539886475,5.128663539886475,5.128663539886475,0,
2011-10-13,5.128663539886475,5.128663539886475,5.128663539886475,5.128663539886475,0,
2011-10-14,5.128663539886475,5.128663539886475,5.128663539886475,5.128663539886475,0,
2011-10-17,5.128663539886475,5.128663539886475,5.128663539886475,5.128663539886475,0,
2011-10-18,5.128663539886475,5.128663539886475,5.128663539886475,5.128663539886475,0,
2011-10-19,5.128663539886475,5.128663539886475,5.128663539886475,5.128663539886475,713,
2011-10-20,5.128663539886475,5.128663539886475,5.128663539886475,5.128663539886475,0,
2011-10-21,5.128663539886475,5.128663539886475,5.128663539886475,5.128663539886475,0,
2011-10-24,5.128663539886475,5.128663539886475,5.128663539886475,5.128663539886475,0,
2011-10-25,5.128663539886475,5.128663539886475,5.128663539886475,5.128663539886475,0,
2011-10-28,4.99370002746582,4.99370002746582,4.99370002746582,4.99370002746582,199,
2011-10-31,4.99370002746582,4.99370002746582,4.99370002746582,4.99370002746582,0,
2011-11-01,4.99370002746582,4.99370002746582,4.99370002746582,4.99370002746582,0,
2011-11-02,4.99370002746582,4.99370002746582,4.99370002746582,4.99370002746582,0,
2011-11-03,4.99370002746582,4.99370002746582,4.99370002746582,4.99370002746582,0,
2011-11-04,5.128663539886475,5.128663539886475,5.128663539886475,5.128663539886475,32,
2011-11-08,5.128663539886475,5.128663539886475,5.128663539886475,5.128663539886475,0,
2011-11-09,4.99370002746582,4.99370002746582,4.99370002746582,4.99370002746582,1927,
2011-11-11,4.99370002746582,4.99370002746582,4.99370002746582,4.99370002746582,0,
2011-11-14,4.99370002746582,4.99370002746582,4.99370002746582,4.99370002746582,19,
2011-11-15,5.142160892486572,5.142160892486572,4.99369935360168,4.99369935360168,25,
2011-11-16,5.385097503662109,5.385097503662109,5.142160783500696,5.142160783500696,321,
2011-11-17,5.398594856262207,5.398594856262207,5.398594856262207,5.398594856262207,321,
2011-11-18,5.398594856262207,5.398594856262207,5.398594856262207,5.398594856262207,0,
2011-11-21,5.668523788452148,5.668523788452148,5.668523788452148,5.668523788452148,12,
2011-11-22,5.668523788452148,5.668523788452148,5.668523788452148,5.668523788452148,0,
2011-11-23,5.668523788452148,5.668523788452148,5.668523788452148,5.668523788452148,0,
2011-11-24,5.668523788452148,5.668523788452148,5.668523788452148,5.668523788452148,0,
2011-11-25,5.668523788452148,5.668523788452148,5.668523788452148,5.668523788452148,0,
2011-11-28,5.398594856262207,5.398594856262207,5.398594856262207,5.398594856262207,64,
2011-11-29,5.263628959655762,5.270377305817261,5.236636402012968,5.270377305817261,128,
2011-11-30,5.263628959655762,5.263628959655762,5.263628959655762,5.263628959655762,0,
2011-12-01,5.263628959655762,5.263628959655762,5.263628959655762,5.263628959655762,0,
2011-12-02,5.263628959655762,5.263628959655762,5.263628959655762,5.263628959655762,0,
2011-12-05,5.263628959655762,5.263628959655762,5.263628959655762,5.263628959655762,0,
2011-12-07,5.263628959655762,5.263628959655762,5.263628959655762,5.263628959655762,0,
2011-12-08,5.263628959655762,5.263628959655762,5.263628959655762,5.263628959655762,0,
2011-12-09,5.263628959655762,5.263628959655762,5.263628959655762,5.263628959655762,0,
2011-12-12,5.128663539886475,5.128663539886475,5.128663539886475,5.128663539886475,642,
2011-12-13,5.128663539886475,5.128663539886475,5.128663539886475,5.128663539886475,0,
2011-12-14,5.128663539886475,5.128663539886475,5.128663539886475,5.128663539886475,0,
2011-12-15,5.128663539886475,5.128663539886475,5.128663539886475,5.128663539886475,0,
2011-12-16,5.128663539886475,5.128663539886475,5.128663539886475,5.128663539886475,0,
2011-12-19,5.128663539886475,5.128663539886475,5.128663539886475,5.128663539886475,0,
2011-12-20,4.95320987701416,4.9936991226088585,4.912719804416345,4.9936991226088585,1285,
2011-12-21,4.95320987701416,4.95320987701416,4.95320987701416,4.95320987701416,0,
2011-12-22,4.95320987701416,4.95320987701416,4.95320987701416,4.95320987701416,0,
2011-12-23,4.9127197265625,4.9127197265625,4.9127197265625,4.9127197265625,12,
2011-12-26,4.9127197265625,4.9127197265625,4.9127197265625,4.9127197265625,0,
2011-12-27,4.9127197265625,4.9127197265625,4.9127197265625,4.9127197265625,0,
2011-12-28,5.155656814575195,5.155656814575195,5.155656814575195,5.155656814575195,3546,
2011-12-29,5.155656814575195,5.155656814575195,5.155656814575195,5.155656814575195,0,
2011-12-30,5.155656814575195,5.155656814575195,5.155656814575195,5.155656814575195,0,
2012-01-02,5.155656814575195,5.155656814575195,5.155656814575195,5.155656814575195,0,
2012-01-03,5.128663539886475,5.128663539886475,5.128663539886475,5.128663539886475,674,
2012-01-04,5.128663539886475,5.128663539886475,5.128663539886475,5.128663539886475,0,
2012-01-05,5.128663539886475,5.128663539886475,5.128663539886475,5.128663539886475,0,
2012-01-06,5.128663539886475,5.128663539886475,5.128663539886475,5.128663539886475,0,
2012-01-09,5.128663539886475,5.128663539886475,5.128663539886475,5.128663539886475,12,
2012-01-10,5.256880760192871,5.277125799242329,4.993699801067674,4.993699801067674,96,
2012-01-11,5.256880760192871,5.256880760192871,5.256880760192871,5.256880760192871,0,
2012-01-12,5.061182498931885,5.263629600408367,5.061182498931885,5.263629600408367,648,
2012-01-13,5.290622234344482,5.290622234344482,5.290622234344482,5.290622234344482,19,
2012-01-16,5.290622234344482,5.290622234344482,5.290622234344482,5.290622234344482,0,
2012-01-17,5.290622234344482,5.290622234344482,5.290622234344482,5.290622234344482,6,
2012-01-18,5.061182498931885,5.061182498931885,5.061182498931885,5.061182498931885,1413,
2012-01-19,5.061182498931885,5.061182498931885,5.061182498931885,5.061182498931885,0,
2012-01-20,5.061182498931885,5.061182498931885,5.061182498931885,5.061182498931885,0,
2012-01-23,4.811497211456299,5.061182319458011,4.811497211456299,5.061182319458011,841,
2012-01-24,4.818244934082031,4.818244934082031,4.818244934082031,4.818244934082031,1927,
2012-01-25,4.818244934082031,4.818244934082031,4.818244934082031,4.818244934082031,0,
2012-01-27,5.054433345794678,5.054433345794678,5.054433345794678,5.054433345794678,584,
2012-01-30,5.054433345794678,5.061181691701345,5.054433345794678,5.054433345794678,89,
2012-01-31,5.054433345794678,5.054433345794678,5.054433345794678,5.054433345794678,0,
2012-02-01,5.304117679595947,5.304117679595947,4.858733906970154,4.858733906970154,1959,
2012-02-02,5.304117679595947,5.304117679595947,5.304117679595947,5.304117679595947,0,
2012-02-03,5.385097503662109,5.567299526906209,5.304117769938501,5.567299526906209,192,
2012-02-06,5.385097503662109,5.385097503662109,5.385097503662109,5.385097503662109,0,
2012-02-07,5.385097503662109,5.385097503662109,5.385097503662109,5.385097503662109,0,
2012-02-08,5.209642887115479,5.499817216287404,5.209642887115479,5.263628828054515,1696,
2012-02-09,5.209642887115479,5.209642887115479,5.209642887115479,5.209642887115479,0,
2012-02-10,5.209642887115479,5.209642887115479,5.209642887115479,5.209642887115479,0,
2012-02-13,5.452579975128174,5.452579975128174,5.452579975128174,5.452579975128174,6,
2012-02-14,5.452579975128174,5.452579975128174,5.452579975128174,5.452579975128174,0,
2012-02-15,5.452579975128174,5.452579975128174,5.452579975128174,5.452579975128174,0,
2012-02-16,5.209642887115479,5.520062254265738,5.209642887115479,5.520062254265738,115,
2012-02-17,5.216391086578369,5.2231394323815845,5.216391086578369,5.2231394323815845,963,
2012-02-21,5.128663539886475,5.128663539886475,5.128663539886475,5.128663539886475,533,
2012-02-22,5.128663539886475,5.142160229636938,5.128663539886475,5.142160229636938,828,
2012-02-23,4.872230529785156,5.12866393319572,4.872230529785156,5.12866393319572,963,
2012-02-24,4.872230529785156,4.872230529785156,4.872230529785156,4.872230529785156,0,
2012-02-27,4.872230529785156,4.872230529785156,4.872230529785156,4.872230529785156,0,
2012-02-28,4.872230529785156,4.878978875177908,4.872230529785156,4.872230529785156,539,
2012-02-29,4.959956645965576,4.959956645965576,4.959956645965576,4.959956645965576,6,
2012-03-01,4.959956645965576,4.959956645965576,4.959956645965576,4.959956645965576,0,
2012-03-02,4.959956645965576,4.959956645965576,4.959956645965576,4.959956645965576,0,
2012-03-05,4.959956645965576,4.959956645965576,4.959956645965576,4.959956645965576,0,
2012-03-06,4.959956645965576,4.959956645965576,4.959956645965576,4.959956645965576,0,
2012-03-07,4.959956645965576,4.959956645965576,4.959956645965576,4.959956645965576,0,
2012-03-09,4.959956645965576,4.959956645965576,4.959956645965576,4.959956645965576,0,
2012-03-12,4.959956645965576,4.959956645965576,4.959956645965576,4.959956645965576,0,
2012-03-13,4.959956645965576,4.959956645965576,4.959956645965576,4.959956645965576,0,
2012-03-14,4.959956645965576,4.959956645965576,4.959956645965576,4.959956645965576,552,
2012-03-15,4.858734130859375,4.858734130859375,4.858734130859375,4.858734130859375,96,
2012-03-16,4.959956645965576,4.959956645965576,4.959956645965576,4.959956645965576,411,
2012-03-19,4.959956645965576,4.959956645965576,4.959956645965576,4.959956645965576,0,
2012-03-20,4.858734130859375,4.858734130859375,4.858734130859375,4.858734130859375,321,
2012-03-21,4.92621660232544,4.92621660232544,4.858733973532516,4.92621660232544,1098,
2012-03-22,4.92621660232544,4.92621660232544,4.92621660232544,4.92621660232544,0,
2012-03-23,4.92621660232544,4.92621660232544,4.92621660232544,4.92621660232544,0,
2012-03-26,4.92621660232544,4.92621660232544,4.92621660232544,4.92621660232544,0,
2012-03-27,4.92621660232544,4.92621660232544,4.92621660232544,4.92621660232544,0,
2012-03-28,4.92621660232544,4.92621660232544,4.92621660232544,4.92621660232544,0,
2012-03-29,4.92621660232544,4.92621660232544,4.92621660232544,4.92621660232544,0,
2012-03-30,4.92621660232544,4.92621660232544,4.92621660232544,4.92621660232544,0,
2012-04-02,5.169152736663818,5.169152736663818,5.169152736663818,5.169152736663818,1927,
2012-04-03,5.425586700439453,5.425586700439453,5.425586700439453,5.425586700439453,2049,
2012-04-04,5.695517539978027,5.695517539978027,5.695517539978027,5.695517539978027,64,
2012-04-09,5.978942394256592,5.978942394256592,5.978942394256592,5.978942394256592,295,
2012-04-10,6.2758660316467285,6.2758660316467285,6.2758660316467285,6.2758660316467285,385,
2012-04-11,6.586285591125488,6.586285591125488,6.586285591125488,6.586285591125488,4317,
2012-04-12,6.910200119018555,6.910200119018555,6.910200119018555,6.910200119018555,1028,
2012-04-13,7.254360675811768,7.254360675811768,7.018171888663271,7.254360675811768,6553,
2012-04-16,7.031668663024902,7.612017292396549,7.031668663024902,7.612017292396549,2248,
2012-04-17,6.896703720092773,7.382577186563163,6.761739281797035,6.761739281797035,3418,
2012-04-18,7.018172740936279,7.018172740936279,6.896704159823112,6.896704159823112,128,
2012-04-19,6.903451919555664,6.910200265377718,6.903451919555664,6.910200265377718,963,
2012-04-20,6.903451919555664,6.903451919555664,6.903451919555664,6.903451919555664,0,
2012-04-23,6.903451919555664,6.903451919555664,6.903451919555664,6.903451919555664,0,
2012-04-24,6.903451919555664,6.903451919555664,6.903451919555664,6.903451919555664,0,
2012-04-25,6.903451919555664,6.903451919555664,6.903451919555664,6.903451919555664,0,
2012-04-26,6.829222202301025,6.829222202301025,6.829222202301025,6.829222202301025,3212,
2012-04-27,6.84271764755249,6.84271764755249,6.835970128720395,6.835970128720395,1458,
2012-04-30,6.87645959854126,7.1801310359076345,6.869711252488319,6.869711252488319,771,
2012-05-02,6.748242378234863,6.748242378234863,6.748242378234863,6.748242378234863,218,
2012-05-03,6.748242378234863,6.748242378234863,6.748242378234863,6.748242378234863,0,
2012-05-04,6.680760860443115,6.950690170323001,6.485062121117738,6.950690170323001,1946,
2012-05-07,7.011423587799072,7.011423587799072,7.011423587799072,7.011423587799072,289,
2012-05-08,7.011423587799072,7.011423587799072,7.011423587799072,7.011423587799072,0,
2012-05-09,7.355585098266602,7.355585098266602,7.355585098266602,7.355585098266602,642,
2012-05-10,7.719991683959961,7.719991683959961,7.719991683959961,7.719991683959961,642,
2012-05-11,7.348836898803711,8.097891785595928,7.348836898803711,8.097891785595928,3919,
2012-05-14,7.09240198135376,7.092401981353759,7.092401981353759,7.092401981353759,642,
2012-05-15,6.950689792633057,7.092402579581674,6.950689792633057,7.092402579581674,578,
2012-05-16,6.829222202301025,7.288102304252342,6.829222202301025,7.288102304252342,424,
2012-05-17,7.078906536102295,7.078906536102295,6.761739239727297,6.761739239727297,880,
2012-05-18,6.768487930297852,6.768487930297852,6.768487930297852,6.768487930297852,32,
2012-05-21,6.781983852386475,6.781983852386475,6.781983852386475,6.781983852386475,321,
2012-05-22,6.781983852386475,6.781983852386475,6.781983852386475,6.781983852386475,321,
2012-05-23,6.781983852386475,6.781983852386475,6.781983852386475,6.781983852386475,0,
2012-05-24,6.781983852386475,6.781983852386475,6.781983852386475,6.781983852386475,0,
2012-05-25,6.781983852386475,6.781983852386475,6.781983852386475,6.781983852386475,0,
2012-05-28,6.883207321166992,7.078906030964644,6.883207321166992,7.078906030964644,64,
2012-05-29,6.883207321166992,6.883207321166992,6.883207321166992,6.883207321166992,0,
2012-05-30,7.09240198135376,7.092401981353759,7.092401981353759,7.092401981353759,642,
2012-05-31,7.396074771881103,7.396074771881103,7.0856549549985965,7.0856549549985965,3482,
2012-06-01,7.7537312507629395,7.7537312507629395,7.389325530745678,7.389325530745678,6489,
2012-06-04,7.369081497192383,7.753731437353839,7.369081497192383,7.753731437353839,957,
2012-06-05,7.375829696655273,7.375829696655273,7.375829696655273,7.375829696655273,32,
2012-06-06,7.57827615737915,7.57827615737915,7.497296839009349,7.497296839009349,64,
2012-06-07,7.591771602630615,7.794219473889767,7.591771602630615,7.787471128814155,22552,
2012-06-08,7.652507305145264,7.827961828747303,7.558032110514637,7.827961828747303,26407,
2012-06-11,7.652507305145264,7.692996556129357,7.497297820536884,7.497297820536884,1574,
2012-06-12,7.558032989501953,7.821215219014304,7.288103239876884,7.288103239876884,134,
2012-06-13,7.3150954246521,7.692996184940821,7.220620234579919,7.220620234579919,5120,
2012-06-14,7.0856547355651855,7.423067929120095,6.964186978289325,6.964186978289325,192,
2012-06-15,6.741494178771973,6.741494178771973,6.741494178771973,6.741494178771973,64,
2012-06-18,7.0721588134765625,7.0721588134765625,7.0721588134765625,7.0721588134765625,706,
2012-06-19,7.0721588134765625,7.0721588134765625,7.0721588134765625,7.0721588134765625,0,
2012-06-20,7.423067092895508,7.423067092895508,7.423067092895508,7.423067092895508,321,
2012-06-21,7.423067092895508,7.423067092895508,7.423067092895508,7.423067092895508,0,
2012-06-22,7.288102626800537,7.288102626800537,7.288102626800537,7.288102626800537,257,
2012-06-25,7.652507305145264,7.652507305145264,7.652507305145264,7.652507305145264,321,
2012-06-26,7.692996025085449,7.692996025085449,7.692996025085449,7.692996025085449,25,
2012-06-27,7.692996025085449,7.692996025085449,7.692996025085449,7.692996025085449,0,
2012-06-28,7.308346748352051,7.55803140425944,7.308346748352051,7.55803140425944,1060,
2012-06-29,7.308346748352051,7.308346748352051,7.308346748352051,7.308346748352051,0,
2012-07-02,7.558032989501953,7.558032989501953,7.558032989501953,7.558032989501953,12,
2012-07-03,7.558032989501953,7.558032989501953,7.558032989501953,7.558032989501953,0,
2012-07-04,7.93593168258667,7.93593168258667,7.93593168258667,7.93593168258667,64,
2012-07-05,7.841458320617676,7.841458320617676,7.841458320617676,7.841458320617676,642,
2012-07-06,7.841458320617676,7.841458320617676,7.841458320617676,7.841458320617676,0,
2012-07-09,7.942681789398193,7.942681789398193,7.942681789398193,7.942681789398193,3212,
2012-07-10,7.558032989501953,7.558032989501953,7.558032989501953,7.558032989501953,64,
2012-07-11,7.558032989501953,7.558032989501953,7.558032989501953,7.558032989501953,0,
2012-07-12,7.558032989501953,7.558032989501953,7.558032989501953,7.558032989501953,0,
2012-07-13,7.423067092895508,7.423067092895508,7.423067092895508,7.423067092895508,64,
2012-07-16,7.423067092895508,7.423067092895508,7.423067092895508,7.423067092895508,0,
2012-07-17,7.423067092895508,7.423067092895508,7.423067092895508,7.423067092895508,0,
2012-07-18,7.423067092895508,7.423067092895508,7.423067092895508,7.423067092895508,0,
2012-07-19,7.423067092895508,7.423067092895508,7.423067092895508,7.423067092895508,0,
2012-07-20,7.423067092895508,7.423067092895508,7.423067092895508,7.423067092895508,0,
2012-07-23,7.423067092895508,7.423067092895508,7.423067092895508,7.423067092895508,0,
2012-07-24,7.423067092895508,7.423067092895508,7.423067092895508,7.423067092895508,0,
2012-07-25,7.423067092895508,7.423067092895508,7.423067092895508,7.423067092895508,0,
2012-07-26,7.139639377593994,7.153136068272646,7.139639377593994,7.153136068272646,120151,
2012-07-27,7.018172740936279,7.018172740936279,6.815725657083156,6.815725657083156,184634,
2012-07-30,6.748242378234863,7.0181720733642585,6.748242378234863,7.0181720733642585,642,
2012-07-31,6.417579174041748,6.417579174041748,6.417579174041748,6.417579174041748,321,
2012-08-01,6.100410461425781,6.100410461425781,6.100410461425781,6.100410461425781,128,
2012-08-02,6.073417663574219,6.073417663574219,6.073417663574219,6.073417663574219,301,
2012-08-03,5.783243179321289,5.783243179321289,5.783243179321289,5.783243179321289,64,
2012-08-06,5.533558368682861,6.066669376436677,5.533558368682861,6.066669376436677,912,
2012-08-07,5.533558368682861,5.533558368682861,5.533558368682861,5.533558368682861,0,
2012-08-08,5.290622234344482,5.290622234344482,5.290622234344482,5.290622234344482,514,
2012-08-09,5.290622234344482,5.290622234344482,5.290622234344482,5.290622234344482,0,
2012-08-10,5.108418941497803,5.108418941497803,5.108418941497803,5.108418941497803,38,
2012-08-13,5.108418941497803,5.108418941497803,5.108418941497803,5.108418941497803,0,
2012-08-14,4.878978729248047,4.885727074438956,4.878978729248047,4.885727074438956,1285,
2012-08-16,4.878978729248047,4.878978729248047,4.878978729248047,4.878978729248047,0,
2012-08-17,4.878978729248047,4.878978729248047,4.878978729248047,4.878978729248047,0,
2012-08-21,5.1219162940979,5.1219162940979,5.1219162940979,5.1219162940979,2447,
2012-08-22,5.371601581573486,5.371601581573486,5.358104888436809,5.371601581573486,4658,
2012-08-23,5.371601581573486,5.371601581573486,5.371601581573486,5.371601581573486,0,
2012-08-24,5.634781837463379,5.634781837463379,5.634781837463379,5.634781837463379,32,
2012-08-27,5.634781837463379,5.634781837463379,5.634781837463379,5.634781837463379,0,
2012-08-28,5.904712200164795,5.911460546172811,5.904712200164795,5.911460546172811,83,
2012-08-29,6.140901565551758,6.140901565551758,6.140901565551758,6.140901565551758,64,
2012-08-30,6.2758660316467285,6.2758660316467285,6.2758660316467285,6.2758660316467285,64,
2012-08-31,6.579536437988281,6.579536437988281,6.579536437988281,6.579536437988281,237,
2012-09-03,6.748242378234863,6.748242378234863,6.748242378234863,6.748242378234863,77,
2012-09-04,6.748242378234863,6.748242378234863,6.748242378234863,6.748242378234863,0,
2012-09-05,7.018172740936279,7.018172740936279,7.018172740936279,7.018172740936279,64,
2012-09-06,7.369081497192383,7.369081497192383,7.369081497192383,7.369081497192383,321,
2012-09-07,7.726737022399902,7.733483712897675,7.726737022399902,7.733483712897675,713,
2012-09-10,7.726737022399902,7.726737022399902,7.726737022399902,7.726737022399902,0,
2012-09-11,7.726737022399902,7.726737022399902,7.726737022399902,7.726737022399902,0,
2012-09-12,7.740234375,7.760479412410076,7.740234375,7.760479412410076,192,
2012-09-13,7.355585098266602,7.355585098266602,7.355585098266602,7.355585098266602,32,
2012-09-14,7.355585098266602,7.355585098266602,7.355585098266602,7.355585098266602,0,
2012-09-17,7.554940223693848,7.56181470562365,6.991241130060194,7.56181470562365,681,
2012-09-18,7.651183128356934,7.926158259463826,7.424328539886094,7.926158259463826,2325,
2012-09-20,7.527443885803223,7.527443885803223,7.527443885803223,7.527443885803223,2255,
2012-09-21,7.561816215515137,7.561816215515137,7.156227597898748,7.156227597898748,648,
2012-09-24,7.183724403381348,7.183724403381348,7.183724403381348,7.183724403381348,160,
2012-09-25,7.541192054748535,7.541192054748534,7.541192054748534,7.541192054748534,25,
2012-09-26,7.541192054748535,7.541192054748534,7.541192054748534,7.541192054748534,0,
2012-09-27,7.541192054748535,7.541192054748534,7.541192054748534,7.541192054748534,0,
2012-09-28,7.541192054748535,7.541192054748534,7.541192054748534,7.541192054748534,0,
2012-10-01,7.836791038513184,7.836791038513184,7.699303890274618,7.836791038513184,44,
2012-10-03,7.527443885803223,7.926158024714806,7.527443885803223,7.926158024714806,12,
2012-10-04,7.527443885803223,7.527443885803223,7.527443885803223,7.527443885803223,0,
2012-10-05,7.527443885803223,7.527443885803223,7.527443885803223,7.527443885803223,0,
2012-10-08,7.527443885803223,7.527443885803223,7.527443885803223,7.527443885803223,681,
2012-10-09,7.527443885803223,7.527443885803223,7.527443885803223,7.527443885803223,0,
2012-10-10,7.527443885803223,7.527443885803223,7.527443885803223,7.527443885803223,0,
2012-10-11,7.527443885803223,7.527443885803223,7.527443885803223,7.527443885803223,0,
2012-10-12,7.527443885803223,7.527443885803223,7.527443885803223,7.527443885803223,0,
2012-10-15,7.836791038513184,7.836791038513184,7.836791038513184,7.836791038513184,6,
2012-10-16,7.8642897605896,7.8642897605896,7.8642897605896,7.8642897605896,12,
2012-10-17,7.8642897605896,7.8642897605896,7.8642897605896,7.8642897605896,0,
2012-10-18,7.8642897605896,7.8642897605896,7.8642897605896,7.8642897605896,0,
2012-10-19,7.8642897605896,7.8642897605896,7.8642897605896,7.8642897605896,64,
2012-10-22,7.8642897605896,7.8642897605896,7.8642897605896,7.8642897605896,6,
2012-10-23,7.8642897605896,7.8642897605896,7.8642897605896,7.8642897605896,0,
2012-10-25,7.8642897605896,7.8642897605896,7.8642897605896,7.8642897605896,0,
2012-10-29,7.135603427886963,7.83678970198,7.135603427886963,7.83678970198,2043,
2012-10-30,7.135603427886963,7.135603427886963,7.135603427886963,7.135603427886963,0,
2012-10-31,7.135603427886963,7.135603427886963,7.135603427886963,7.135603427886963,0,
2012-11-01,7.135603427886963,7.135603427886963,7.135603427886963,7.135603427886963,0,
2012-11-02,6.785009860992432,6.785009860992432,6.785009860992432,6.785009860992432,931,
2012-11-05,7.121854305267334,7.121854305267334,7.121854305267334,7.121854305267334,57,
2012-11-06,7.121854305267334,7.121854305267334,7.121854305267334,7.121854305267334,0,
2012-11-07,7.156227111816406,7.156227111816407,7.156227111816407,7.156227111816407,192,
2012-11-08,7.156227111816406,7.156227111816407,7.156227111816407,7.156227111816407,0,
2012-11-09,6.798760414123535,7.135604643328958,6.798760414123535,7.135604643328958,674,
2012-11-12,6.798760414123535,6.798760414123535,6.798760414123535,6.798760414123535,0,
2012-11-15,6.860629081726074,6.860629081726074,6.860629081726074,6.860629081726074,642,
2012-11-16,6.860629081726074,6.860629081726074,6.860629081726074,6.860629081726074,0,
2012-11-19,6.874378204345703,6.881252687857701,6.874378204345703,6.881252687857701,963,
2012-11-20,7.218096733093262,7.218096733093262,7.218096733093262,7.218096733093262,83,
2012-11-21,7.218096733093262,7.218096733093262,7.218096733093262,7.218096733093262,0,
2012-11-22,7.527443885803223,7.527443885803223,7.527443885803223,7.527443885803223,32,
2012-11-23,7.836791038513184,7.836791038513184,7.836791038513184,7.836791038513184,96,
2012-11-26,7.836791038513184,7.836791038513184,7.836791038513184,7.836791038513184,0,
2012-11-27,7.829916000366211,7.829916000366211,7.829916000366211,7.829916000366211,6,
2012-11-29,7.829916000366211,7.829916000366211,7.829916000366211,7.829916000366211,0,
2012-11-30,7.829916000366211,7.829916000366211,7.829916000366211,7.829916000366211,0,
2012-12-03,7.829916000366211,7.829916000366211,7.829916000366211,7.829916000366211,0,
2012-12-04,7.829916000366211,7.829916000366211,7.829916000366211,7.829916000366211,0,
2012-12-05,7.829916000366211,7.829916000366211,7.829916000366211,7.829916000366211,0,
2012-12-06,7.829916000366211,7.829916000366211,7.829916000366211,7.829916000366211,0,
2012-12-07,7.829916000366211,7.829916000366211,7.829916000366211,7.829916000366211,0,
2012-12-10,7.829916000366211,7.829916000366211,7.829916000366211,7.829916000366211,0,
2012-12-11,7.829916000366211,7.829916000366211,7.829916000366211,7.829916000366211,0,
2012-12-12,7.829916000366211,7.829916000366211,7.829916000366211,7.829916000366211,0,
2012-12-13,7.829916000366211,7.829916000366211,7.829916000366211,7.829916000366211,0,
2012-12-14,7.699303150177002,7.699303150177002,7.699303150177002,7.699303150177002,128,
2012-12-17,7.314339160919189,7.314339160919189,7.314339160919189,7.314339160919189,160,
2012-12-18,7.135603427886963,7.135603427886963,6.949995767296482,7.135603427886963,1959,
2012-12-19,7.135603427886963,7.135603427886963,7.135603427886963,7.135603427886963,0,
2012-12-20,7.135603427886963,7.135603427886963,7.135603427886963,7.135603427886963,0,
2012-12-21,6.791884899139404,6.791884899139404,6.785010416403486,6.785010416403486,160,
2012-12-24,6.7368903160095215,6.7368903160095215,6.7368903160095215,6.7368903160095215,6,
2012-12-26,6.7368903160095215,6.7368903160095215,6.7368903160095215,6.7368903160095215,1285,
2012-12-27,6.7368903160095215,6.7368903160095215,6.7368903160095215,6.7368903160095215,0,
2012-12-28,6.7368903160095215,6.7368903160095215,6.7368903160095215,6.7368903160095215,0,
2012-12-31,6.7368903160095215,6.7368903160095215,6.7368903160095215,6.7368903160095215,0,
2013-01-01,6.7368903160095215,6.7368903160095215,6.7368903160095215,6.7368903160095215,0,
2013-01-02,6.7368903160095215,6.7368903160095215,6.7368903160095215,6.7368903160095215,0,
2013-01-03,6.7368903160095215,6.7368903160095215,6.7368903160095215,6.7368903160095215,0,
2013-01-04,6.7368903160095215,6.7368903160095215,6.7368903160095215,6.7368903160095215,0,
2013-01-07,6.7368903160095215,6.7368903160095215,6.7368903160095215,6.7368903160095215,0,
2013-01-08,6.7368903160095215,6.7368903160095215,6.7368903160095215,6.7368903160095215,0,
2013-01-09,6.7368903160095215,6.7368903160095215,6.7368903160095215,6.7368903160095215,0,
2013-01-10,6.7368903160095215,6.7368903160095215,6.7368903160095215,6.7368903160095215,0,
2013-01-11,6.7368903160095215,6.874377873479103,6.7368903160095215,6.874377873479103,6168,
2013-01-14,6.7368903160095215,6.7368903160095215,6.7368903160095215,6.7368903160095215,0,
2013-01-15,6.7368903160095215,6.7368903160095215,6.7368903160095215,6.7368903160095215,0,
2013-01-16,6.7368903160095215,6.7368903160095215,6.7368903160095215,6.7368903160095215,0,
2013-01-17,6.7368903160095215,6.7368903160095215,6.7368903160095215,6.7368903160095215,0,
2013-01-18,6.7368903160095215,6.7368903160095215,6.7368903160095215,6.7368903160095215,0,
2013-01-21,6.7368903160095215,6.7368903160095215,6.7368903160095215,6.7368903160095215,0,
2013-01-22,6.406920909881592,6.413794550934735,6.406920909881592,6.413794550934735,321,
2013-01-23,6.406920909881592,6.406920909881592,6.406920909881592,6.406920909881592,0,
2013-01-24,6.090699195861816,6.406920798487658,6.090699195861816,6.406920798487658,4844,
2013-01-25,6.393171787261963,6.393171787261963,6.393171787261963,6.393171787261963,160,
2013-01-28,6.70939302444458,6.70939302444458,6.70939302444458,6.70939302444458,64,
2013-01-29,6.7368903160095215,6.7368903160095215,6.7368903160095215,6.7368903160095215,12,
2013-01-30,6.874378204345703,7.059986731785993,6.874378204345703,7.059986731785993,96,
2013-01-31,7.218096733093262,7.218096733093262,7.218096733093262,7.218096733093262,32,
2013-02-01,7.561816215515137,7.561816215515137,6.87437799480413,6.87437799480413,668,
2013-02-04,7.561816215515137,7.561816215515137,7.561816215515137,7.561816215515137,0,
2013-02-05,7.561816215515137,7.561816215515137,7.561816215515137,7.561816215515137,0,
2013-02-06,7.905535697937012,7.905535697937012,7.905535697937012,7.905535697937012,6,
2013-02-07,7.905535697937012,7.905535697937012,7.905535697937012,7.905535697937012,0,
2013-02-08,7.905535697937012,7.905535697937012,7.905535697937012,7.905535697937012,0,
2013-02-11,7.905535697937012,7.905535697937012,7.905535697937012,7.905535697937012,0,
2013-02-12,7.905535697937012,7.905535697937012,7.905535697937012,7.905535697937012,0,
2013-02-13,7.905535697937012,7.905535697937012,7.905535697937012,7.905535697937012,0,
2013-02-14,8.297371864318848,8.297371864318848,8.297371864318848,8.297371864318848,32,
2013-02-15,8.297371864318848,8.297371864318848,8.297371864318848,8.297371864318848,0,
2013-02-18,8.297371864318848,8.297371864318848,8.297371864318848,8.297371864318848,0,
2013-02-19,8.297371864318848,8.297371864318848,8.297371864318848,8.297371864318848,0,
2013-02-20,8.297371864318848,8.297371864318848,8.297371864318848,8.297371864318848,0,
2013-02-21,8.297371864318848,8.297371864318848,8.297371864318848,8.297371864318848,0,
2013-02-22,8.297371864318848,8.297371864318848,8.297371864318848,8.297371864318848,12,
2013-02-25,8.297371864318848,8.297371864318848,8.297371864318848,8.297371864318848,0,
2013-02-26,8.249255180358887,8.249255180358887,8.249255180358887,8.249255180358887,32,
2013-02-27,8.249255180358887,8.249255180358887,8.249255180358887,8.249255180358887,0,
2013-02-28,8.249255180358887,8.249255180358887,8.249255180358887,8.249255180358887,0,
2013-03-01,8.249255180358887,8.249255180358887,8.249255180358887,8.249255180358887,0,
2013-03-04,8.249255180358887,8.249255180358887,8.249255180358887,8.249255180358887,5975,
2013-03-05,8.249255180358887,8.249255180358887,8.249255180358887,8.249255180358887,0,
2013-03-06,8.249255180358887,8.249255180358887,8.249255180358887,8.249255180358887,0,
2013-03-07,8.249255180358887,8.249255180358887,8.249255180358887,8.249255180358887,7690,
2013-03-08,8.249255180358887,8.249255180358887,8.249255180358887,8.249255180358887,0,
2013-03-11,8.647966384887695,8.647966384887695,8.647966384887695,8.647966384887695,25,
2013-03-12,8.647966384887695,8.647966384887695,8.647966384887695,8.647966384887695,0,
2013-03-13,8.647966384887695,8.647966384887695,8.647966384887695,8.647966384887695,0,
2013-03-14,8.647966384887695,8.647966384887695,8.647966384887695,8.647966384887695,0,
2013-03-15,8.647966384887695,8.647966384887695,8.647966384887695,8.647966384887695,0,
2013-03-18,8.647966384887695,8.647966384887695,8.647966384887695,8.647966384887695,0,
2013-03-19,9.074179649353027,9.074179649353027,9.074179649353027,9.074179649353027,32,
2013-03-20,9.074179649353027,9.074179649353027,9.074179649353027,9.074179649353027,0,
2013-03-21,9.074179649353027,9.074179649353027,9.074179649353027,9.074179649353027,0,
2013-03-22,9.074179649353027,9.074179649353027,9.074179649353027,9.074179649353027,0,
2013-03-25,9.074179649353027,9.074179649353027,9.074179649353027,9.074179649353027,0,
2013-03-26,9.074179649353027,9.074179649353027,9.074179649353027,9.074179649353027,0,
2013-03-28,9.074179649353027,9.074179649353027,9.074179649353027,9.074179649353027,0,
2013-04-01,9.074179649353027,9.074179649353027,9.074179649353027,9.074179649353027,0,
2013-04-02,9.074179649353027,9.074179649353027,9.074179649353027,9.074179649353027,0,
2013-04-03,9.074179649353027,9.074179649353027,9.074179649353027,9.074179649353027,0,
2013-04-04,9.074179649353027,9.074179649353027,9.074179649353027,9.074179649353027,0,
2013-04-05,9.074179649353027,9.074179649353027,9.074179649353027,9.074179649353027,0,
2013-04-08,9.074179649353027,9.074179649353027,9.074179649353027,9.074179649353027,0,
2013-04-09,9.074179649353027,9.074179649353027,9.074179649353027,9.074179649353027,0,
2013-04-10,9.074179649353027,9.074179649353027,9.074179649353027,9.074179649353027,0,
2013-04-11,9.074179649353027,9.074179649353027,9.074179649353027,9.074179649353027,0,
2013-04-12,9.074179649353027,9.074179649353027,9.074179649353027,9.074179649353027,0,
2013-04-15,9.074179649353027,9.074179649353027,9.074179649353027,9.074179649353027,0,
2013-04-16,9.074179649353027,9.074179649353027,9.074179649353027,9.074179649353027,0,
2013-04-17,9.074179649353027,9.074179649353027,9.074179649353027,9.074179649353027,0,
2013-04-18,9.074179649353027,9.074179649353027,9.074179649353027,9.074179649353027,0,
2013-04-22,9.074179649353027,9.074179649353027,9.074179649353027,9.074179649353027,0,
2013-04-23,9.074179649353027,9.074179649353027,9.074179649353027,9.074179649353027,0,
2013-04-25,9.074179649353027,9.074179649353027,9.074179649353027,9.074179649353027,0,
2013-04-26,9.074179649353027,9.074179649353027,9.074179649353027,9.074179649353027,0,
2013-04-29,9.074179649353027,9.074179649353027,9.074179649353027,9.074179649353027,0,
2013-04-30,9.074179649353027,9.074179649353027,9.074179649353027,9.074179649353027,0,
2013-05-02,9.074179649353027,9.074179649353027,9.074179649353027,9.074179649353027,0,
2013-05-03,9.074179649353027,9.074179649353027,9.074179649353027,9.074179649353027,0,
2013-05-06,9.074179649353027,9.074179649353027,9.074179649353027,9.074179649353027,0,
2013-05-07,9.074179649353027,9.074179649353027,9.074179649353027,9.074179649353027,0,
2013-05-08,9.074179649353027,9.074179649353027,9.074179649353027,9.074179649353027,0,
2013-05-09,9.074179649353027,9.074179649353027,9.074179649353027,9.074179649353027,0,
2013-05-10,9.074179649353027,9.074179649353027,9.074179649353027,9.074179649353027,0,
2013-05-13,9.074179649353027,9.074179649353027,9.074179649353027,9.074179649353027,0,
2013-05-14,9.074179649353027,9.074179649353027,9.074179649353027,9.074179649353027,0,
2013-05-15,9.074179649353027,9.074179649353027,9.074179649353027,9.074179649353027,0,
2013-05-16,9.074179649353027,9.074179649353027,9.074179649353027,9.074179649353027,0,
2013-05-17,9.074179649353027,9.074179649353027,9.074179649353027,9.074179649353027,0,
2013-05-20,9.074179649353027,9.074179649353027,9.074179649353027,9.074179649353027,0,
2013-05-21,9.074179649353027,9.074179649353027,9.074179649353027,9.074179649353027,0,
2013-05-22,9.074179649353027,9.074179649353027,9.074179649353027,9.074179649353027,12,
2013-05-23,9.074179649353027,9.074179649353027,9.074179649353027,9.074179649353027,0,
2013-05-24,9.074179649353027,9.074179649353027,9.074179649353027,9.074179649353027,0,
2013-05-27,9.074179649353027,9.074179649353027,9.074179649353027,9.074179649353027,0,
2013-05-28,9.074179649353027,9.074179649353027,9.074179649353027,9.074179649353027,0,
2013-05-29,9.074179649353027,9.074179649353027,9.074179649353027,9.074179649353027,0,
2013-05-30,9.074179649353027,9.074179649353027,9.074179649353027,9.074179649353027,0,
2013-05-31,9.074179649353027,9.074179649353027,9.074179649353027,9.074179649353027,0,
2013-06-03,9.074179649353027,9.074179649353027,9.074179649353027,9.074179649353027,0,
2013-06-04,9.074179649353027,9.074179649353027,9.074179649353027,9.074179649353027,0,
2013-06-05,9.074179649353027,9.074179649353027,9.074179649353027,9.074179649353027,0,
2013-06-06,9.074179649353027,9.074179649353027,9.074179649353027,9.074179649353027,0,
2013-06-07,9.074179649353027,9.074179649353027,9.074179649353027,9.074179649353027,0,
2013-06-10,9.074179649353027,9.074179649353027,9.074179649353027,9.074179649353027,0,
2013-06-11,9.074179649353027,9.074179649353027,9.074179649353027,9.074179649353027,0,
2013-06-12,9.074179649353027,9.074179649353027,9.074179649353027,9.074179649353027,0,
2013-06-13,9.074179649353027,9.074179649353027,9.074179649353027,9.074179649353027,0,
2013-06-14,9.074179649353027,9.074179649353027,9.074179649353027,9.074179649353027,0,
2013-06-17,9.074179649353027,9.074179649353027,9.074179649353027,9.074179649353027,0,
2013-06-18,9.074179649353027,9.074179649353027,9.074179649353027,9.074179649353027,0,
2013-06-19,9.074179649353027,9.074179649353027,9.074179649353027,9.074179649353027,0,
2013-06-20,9.074179649353027,9.074179649353027,9.074179649353027,9.074179649353027,0,
2013-06-21,9.074179649353027,9.074179649353027,9.074179649353027,9.074179649353027,0,
2013-06-24,9.074179649353027,9.074179649353027,9.074179649353027,9.074179649353027,0,
2013-06-25,9.074179649353027,9.074179649353027,9.074179649353027,9.074179649353027,0,
2013-06-26,8.936688423156738,8.936688423156738,8.936688423156738,8.936688423156738,6,
2013-06-27,8.936688423156738,8.936688423156738,8.936688423156738,8.936688423156738,0,
2013-06-28,8.936688423156738,8.936688423156738,8.936688423156738,8.936688423156738,0,
2013-07-01,8.936688423156738,8.936688423156738,8.936688423156738,8.936688423156738,0,
2013-07-02,8.936688423156738,8.936688423156738,8.936688423156738,8.936688423156738,0,
2013-07-03,8.936688423156738,8.936688423156738,8.936688423156738,8.936688423156738,0,
2013-07-04,8.936688423156738,8.936688423156738,8.936688423156738,8.936688423156738,0,
2013-07-05,8.936688423156738,8.936688423156738,8.936688423156738,8.936688423156738,0,
2013-07-08,8.936688423156738,8.936688423156738,8.936688423156738,8.936688423156738,0,
2013-07-09,8.936688423156738,8.936688423156738,8.936688423156738,8.936688423156738,0,
2013-07-10,8.936688423156738,8.936688423156738,8.936688423156738,8.936688423156738,0,
2013-07-11,8.936688423156738,8.936688423156738,8.936688423156738,8.936688423156738,0,
2013-07-12,8.936688423156738,8.936688423156738,8.936688423156738,8.936688423156738,0,
2013-07-15,8.936688423156738,8.936688423156738,8.936688423156738,8.936688423156738,0,
2013-07-16,8.936688423156738,8.936688423156738,8.936688423156738,8.936688423156738,0,
2013-07-17,8.936688423156738,8.936688423156738,8.936688423156738,8.936688423156738,0,
2013-07-18,8.936688423156738,8.936688423156738,8.936688423156738,8.936688423156738,0,
2013-07-19,8.936688423156738,8.936688423156738,8.936688423156738,8.936688423156738,0,
2013-07-22,8.936688423156738,8.936688423156738,8.936688423156738,8.936688423156738,0,
2013-07-23,8.936688423156738,8.936688423156738,8.936688423156738,8.936688423156738,0,
2013-07-24,8.936688423156738,8.936688423156738,8.936688423156738,8.936688423156738,0,
2013-07-25,8.936688423156738,8.936688423156738,8.936688423156738,8.936688423156738,0,
2013-07-26,8.936688423156738,8.936688423156738,8.936688423156738,8.936688423156738,0,
2013-07-29,8.936688423156738,8.936688423156738,8.936688423156738,8.936688423156738,0,
2013-07-30,8.936688423156738,8.936688423156738,8.936688423156738,8.936688423156738,0,
2013-07-31,8.936688423156738,8.936688423156738,8.936688423156738,8.936688423156738,0,
2013-08-01,8.936688423156738,8.936688423156738,8.936688423156738,8.936688423156738,0,
2013-08-02,9.076324462890623,9.076324462890623,9.076324462890623,9.076324462890623,0,
2013-08-05,9.076324462890623,9.076324462890623,9.076324462890623,9.076324462890623,0,
2013-08-06,9.076324462890623,9.076324462890623,9.076324462890623,9.076324462890623,0,
2013-08-07,9.076324462890623,9.076324462890623,9.076324462890623,9.076324462890623,0,
2013-08-08,9.076324462890623,9.076324462890623,9.076324462890623,9.076324462890623,0,
2013-08-12,9.076324462890623,9.076324462890623,9.076324462890623,9.076324462890623,0,
2013-08-13,9.076324462890623,9.076324462890623,9.076324462890623,9.076324462890623,0,
2013-08-14,9.076324462890623,9.076324462890623,9.076324462890623,9.076324462890623,0,
2013-08-16,9.076324462890623,9.076324462890623,9.076324462890623,9.076324462890623,0,
2013-08-19,8.622511863708496,8.622511863708496,8.622511863708496,8.622511863708496,963,
2013-08-20,8.622511863708496,8.622511863708496,8.622511863708496,8.622511863708496,0,
2013-08-21,8.622511863708496,8.622511863708496,8.622511863708496,8.622511863708496,0,
2013-08-22,8.622511863708496,8.622511863708496,8.622511863708496,8.622511863708496,0,
2013-08-23,8.622511863708496,8.622511863708496,8.622511863708496,8.622511863708496,0,
2013-08-26,8.622511863708496,8.622511863708496,8.622511863708496,8.622511863708496,0,
2013-08-27,8.622511863708496,8.622511863708496,8.622511863708496,8.622511863708496,0,
2013-08-28,8.622511863708496,8.622511863708496,8.622511863708496,8.622511863708496,0,
2013-08-29,8.622511863708496,8.622511863708496,8.622511863708496,8.622511863708496,0,
2013-08-30,8.622511863708496,8.622511863708496,8.622511863708496,8.622511863708496,0,
2013-09-02,8.622511863708496,8.622511863708496,8.622511863708496,8.622511863708496,0,
2013-09-03,8.622511863708496,8.622511863708496,8.622511863708496,8.622511863708496,0,
2013-09-04,8.622511863708496,8.622511863708496,8.622511863708496,8.622511863708496,0,
2013-09-05,8.622511863708496,8.622511863708496,8.622511863708496,8.622511863708496,0,
2013-09-06,8.622511863708496,8.622511863708496,8.622511863708496,8.622511863708496,0,
2013-09-10,8.622511863708496,8.622511863708496,8.622511863708496,8.622511863708496,0,
2013-09-11,8.622511863708496,8.622511863708496,8.622511863708496,8.622511863708496,0,
2013-09-12,8.622511863708496,8.622511863708496,8.622511863708496,8.622511863708496,0,
2013-09-13,8.622511863708496,8.622511863708496,8.622511863708496,8.622511863708496,0,
2013-09-16,8.622511863708496,8.622511863708496,8.622511863708496,8.622511863708496,0,
2013-09-17,8.622511863708496,8.622511863708496,8.622511863708496,8.622511863708496,0,
2013-09-18,8.622511863708496,8.622511863708496,8.622511863708496,8.622511863708496,0,
2013-09-19,8.622511863708496,8.622511863708496,8.622511863708496,8.622511863708496,0,
2013-09-20,8.622511863708496,8.622511863708496,8.622511863708496,8.622511863708496,0,
2013-09-23,8.622511863708496,8.622511863708496,8.622511863708496,8.622511863708496,0,
2013-09-24,8.622511863708496,8.622511863708496,8.622511863708496,8.622511863708496,0,
2013-09-25,8.622511863708496,8.622511863708496,8.622511863708496,8.622511863708496,0,
2013-09-26,8.622511863708496,8.622511863708496,8.622511863708496,8.622511863708496,0,
2013-09-27,8.622511863708496,8.622511863708496,8.622511863708496,8.622511863708496,0,
2013-09-30,8.622511863708496,8.622511863708496,8.622511863708496,8.622511863708496,0,
2013-10-01,8.622511863708496,8.622511863708496,8.622511863708496,8.622511863708496,0,
2013-10-03,8.622511863708496,8.622511863708496,8.622511863708496,8.622511863708496,0,
2013-10-04,8.622511863708496,8.622511863708496,8.622511863708496,8.622511863708496,0,
2013-10-07,8.622511863708496,8.622511863708496,8.622511863708496,8.622511863708496,0,
2013-10-08,8.622511863708496,8.622511863708496,8.622511863708496,8.622511863708496,0,
2013-10-09,8.622511863708496,8.622511863708496,8.622511863708496,8.622511863708496,0,
2013-10-10,8.622511863708496,8.622511863708496,8.622511863708496,8.622511863708496,0,
2013-10-11,8.622511863708496,8.622511863708496,8.622511863708496,8.622511863708496,0,
2013-10-14,8.622511863708496,8.622511863708496,8.622511863708496,8.622511863708496,0,
2013-10-15,8.622511863708496,8.622511863708496,8.622511863708496,8.622511863708496,0,
2013-10-17,8.622511863708496,8.622511863708496,8.622511863708496,8.622511863708496,0,
2013-10-18,8.622511863708496,8.622511863708496,8.622511863708496,8.622511863708496,0,
2013-10-21,8.622511863708496,8.622511863708496,8.622511863708496,8.622511863708496,0,
2013-10-22,8.622511863708496,8.622511863708496,8.622511863708496,8.622511863708496,0,
2013-10-23,8.622511863708496,8.622511863708496,8.622511863708496,8.622511863708496,0,
2013-10-24,8.622511863708496,8.622511863708496,8.622511863708496,8.622511863708496,0,
2013-10-25,8.622511863708496,8.622511863708496,8.622511863708496,8.622511863708496,0,
2013-10-28,8.622511863708496,8.622511863708496,8.622511863708496,8.622511863708496,0,
2013-10-29,8.622511863708496,8.622511863708496,8.622511863708496,8.622511863708496,0,
2013-10-30,8.622511863708496,8.622511863708496,8.622511863708496,8.622511863708496,0,
2013-10-31,8.622511863708496,8.622511863708496,8.622511863708496,8.622511863708496,0,
2013-11-01,8.622511863708496,8.622511863708496,8.622511863708496,8.622511863708496,0,
2013-11-05,8.622511863708496,8.622511863708496,8.622511863708496,8.622511863708496,0,
2013-11-06,8.622511863708496,8.622511863708496,8.622511863708496,8.622511863708496,0,
2013-11-07,8.622511863708496,8.622511863708496,8.622511863708496,8.622511863708496,0,
2013-11-08,8.622511863708496,8.622511863708496,8.622511863708496,8.622511863708496,0,
2013-11-11,8.622511863708496,8.622511863708496,8.622511863708496,8.622511863708496,0,
2013-11-12,8.622511863708496,8.622511863708496,8.622511863708496,8.622511863708496,0,
2013-11-13,8.622511863708496,8.622511863708496,8.622511863708496,8.622511863708496,0,
2013-11-14,8.622511863708496,8.622511863708496,8.622511863708496,8.622511863708496,0,
2013-11-18,8.622511863708496,8.622511863708496,8.622511863708496,8.622511863708496,0,
2013-11-19,8.622511863708496,8.622511863708496,8.622511863708496,8.622511863708496,0,
2013-11-20,8.622511863708496,8.622511863708496,8.622511863708496,8.622511863708496,0,
2013-11-21,8.622511863708496,8.622511863708496,8.622511863708496,8.622511863708496,0,
2013-11-22,8.622511863708496,8.622511863708496,8.622511863708496,8.622511863708496,0,
2013-11-25,8.622511863708496,8.622511863708496,8.622511863708496,8.622511863708496,0,
2013-11-26,8.622511863708496,8.622511863708496,8.622511863708496,8.622511863708496,0,
2013-11-27,8.622511863708496,8.622511863708496,8.622511863708496,8.622511863708496,0,
2013-11-28,8.622511863708496,8.622511863708496,8.622511863708496,8.622511863708496,0,
2013-11-29,8.622511863708496,8.622511863708496,8.622511863708496,8.622511863708496,0,
2013-12-02,8.622511863708496,8.622511863708496,8.622511863708496,8.622511863708496,0,
2013-12-03,8.622511863708496,8.622511863708496,8.622511863708496,8.622511863708496,0,
2013-12-04,8.622511863708496,8.622511863708496,8.622511863708496,8.622511863708496,0,
2013-12-05,8.622511863708496,8.622511863708496,8.622511863708496,8.622511863708496,0,
2013-12-06,9.006507873535156,9.006507873535156,9.006507873535156,9.006507873535156,64,
2013-12-09,9.006507873535156,9.006507873535156,9.006507873535156,9.006507873535156,0,
2013-12-10,8.559673309326172,9.07632594768362,8.559673309326172,8.559673309326172,3790,
2013-12-11,8.971599578857422,8.971599578857422,8.971599578857422,8.971599578857422,6,
2013-12-12,8.971599578857422,8.971599578857422,8.971599578857422,8.971599578857422,0,
2013-12-13,8.971599578857422,8.971599578857422,8.971599578857422,8.971599578857422,0,
2013-12-16,8.971599578857422,8.971599578857422,8.971599578857422,8.971599578857422,0,
2013-12-17,8.971599578857422,8.971599578857422,8.971599578857422,8.971599578857422,0,
2013-12-18,8.971599578857422,8.971599578857422,8.971599578857422,8.971599578857422,0,
2013-12-19,9.355598449707031,9.355598449707031,9.355598449707031,9.355598449707031,6,
2013-12-20,9.355598449707031,9.355598449707031,9.355598449707031,9.355598449707031,0,
2013-12-23,9.355598449707031,9.355598449707031,9.355598449707031,9.355598449707031,0,
2013-12-24,9.355598449707031,9.355598449707031,9.355598449707031,9.355598449707031,0,
2013-12-26,9.774507522583008,9.774507522583008,9.774507522583008,9.774507522583008,6,
2013-12-27,10.26323127746582,10.26323127746582,10.26323127746582,10.26323127746582,19,
2013-12-30,10.249267578125,10.249267578125,10.249267578125,10.249267578125,12,
2013-12-31,10.249267578125,10.249267578125,10.249267578125,10.249267578125,0,
2014-01-01,10.249267578125,10.249267578125,10.249267578125,10.249267578125,0,
2014-01-02,10.249267578125,10.249267578125,10.249267578125,10.249267578125,0,
2014-01-03,10.249267578125,10.249267578125,10.249267578125,10.249267578125,0,
2014-01-06,10.249267578125,10.249267578125,10.249267578125,10.249267578125,0,
2014-01-07,10.249267578125,10.249267578125,10.249267578125,10.249267578125,0,
2014-01-08,10.333049774169922,10.333049774169922,10.333049774169922,10.333049774169922,321,
2014-01-09,10.333049774169922,10.333049774169922,10.333049774169922,10.333049774169922,0,
2014-01-10,10.333049774169922,10.333049774169922,10.333049774169922,10.333049774169922,0,
2014-01-13,10.333049774169922,10.333049774169922,10.333049774169922,10.333049774169922,0,
2014-01-14,10.333049774169922,10.333049774169922,10.333049774169922,10.333049774169922,0,
2014-01-15,10.333049774169922,10.333049774169922,10.333049774169922,10.333049774169922,0,
2014-01-16,10.333049774169922,10.333049774169922,10.333049774169922,10.333049774169922,0,
2014-01-17,10.333049774169922,10.333049774169922,10.333049774169922,10.333049774169922,0,
2014-01-20,10.333049774169922,10.333049774169922,10.333049774169922,10.333049774169922,0,
2014-01-21,10.333049774169922,10.333049774169922,10.333049774169922,10.333049774169922,0,
2014-01-22,10.333049774169922,10.333049774169922,9.816397927179931,9.816397927179931,340,
2014-01-23,10.737993240356444,10.737993240356444,10.737993240356444,10.737993240356444,411,
2014-01-24,10.737993240356444,10.737993240356444,10.737993240356444,10.737993240356444,0,
2014-01-27,11.17086696624756,11.17086696624756,11.17086696624756,11.17086696624756,12,
2014-01-28,11.17086696624756,11.17086696624756,11.17086696624756,11.17086696624756,0,
2014-01-29,11.17086696624756,11.17086696624756,11.17086696624756,11.17086696624756,0,
2014-01-30,11.17086696624756,11.17086696624756,11.17086696624756,11.17086696624756,0,
2014-01-31,11.17086696624756,11.17086696624756,11.17086696624756,11.17086696624756,0,
2014-02-03,11.17086696624756,11.17086696624756,11.17086696624756,11.17086696624756,0,
2014-02-04,11.17086696624756,11.17086696624756,11.17086696624756,11.17086696624756,0,
2014-02-05,11.17086696624756,11.17086696624756,11.17086696624756,11.17086696624756,0,
2014-02-06,10.612319946289062,10.612319946289062,10.612319946289062,10.612319946289062,32,
2014-02-07,10.612319946289062,10.612319946289062,10.612319946289062,10.612319946289062,0,
2014-02-10,10.612319946289062,10.612319946289062,10.612319946289062,10.612319946289062,0,
2014-02-11,10.612319946289062,10.612319946289062,10.612319946289062,10.612319946289062,0,
2014-02-12,10.612319946289062,10.612319946289062,10.612319946289062,10.612319946289062,0,
2014-02-13,10.612319946289062,10.612319946289062,10.612319946289062,10.612319946289062,0,
2014-02-14,10.612319946289062,10.612319946289062,10.612319946289062,10.612319946289062,0,
2014-02-17,10.612319946289062,10.612319946289062,10.612319946289062,10.612319946289062,0,
2014-02-18,10.612319946289062,10.612319946289062,10.612319946289062,10.612319946289062,0,
2014-02-19,10.612319946289062,10.612319946289062,10.612319946289062,10.612319946289062,0,
2014-02-20,10.612319946289062,10.612319946289062,10.612319946289062,10.612319946289062,0,
2014-02-21,10.612319946289062,10.612319946289062,10.612319946289062,10.612319946289062,0,
2014-02-24,10.612319946289062,10.612319946289062,10.612319946289062,10.612319946289062,0,
2014-02-25,10.612319946289062,10.612319946289062,10.612319946289062,10.612319946289062,0,
2014-02-26,10.612319946289062,10.612319946289062,10.612319946289062,10.612319946289062,0,
2014-02-28,10.612319946289062,10.612319946289062,10.612319946289062,10.612319946289062,0,
2014-03-03,10.612319946289062,10.612319946289062,10.612319946289062,10.612319946289062,0,
2014-03-04,10.081705093383787,10.081705093383787,10.081705093383787,10.081705093383787,6,
2014-03-05,10.081705093383787,10.081705093383787,10.081705093383787,10.081705093383787,0,
2014-03-06,10.395885467529297,10.395885467529297,10.395885467529297,10.395885467529297,6,
2014-03-07,10.395885467529297,10.395885467529297,10.395885467529297,10.395885467529297,0,
2014-03-10,10.395885467529297,10.395885467529297,10.395885467529297,10.395885467529297,0,
2014-03-11,10.395885467529297,10.395885467529297,10.395885467529297,10.395885467529297,0,
2014-03-12,10.472684860229492,10.472684860229492,10.472684860229492,10.472684860229492,1285,
2014-03-13,10.472684860229492,10.472684860229492,10.472684860229492,10.472684860229492,0,
2014-03-14,10.01886749267578,10.4726838826728,10.01886749267578,10.4726838826728,12,
2014-03-18,10.01886749267578,10.01886749267578,10.01886749267578,10.01886749267578,0,
2014-03-19,10.395885467529297,10.395885467529297,10.395885467529297,10.395885467529297,25,
2014-03-20,9.879232406616213,9.879232406616213,9.879232406616213,9.879232406616213,32,
2014-03-21,10.333049774169922,10.333049774169922,10.333049774169922,10.333049774169922,25,
2014-03-24,10.333049774169922,10.333049774169922,10.333049774169922,10.333049774169922,0,
2014-03-25,10.612319946289062,10.612319946289062,10.612319946289062,10.612319946289062,25,
2014-03-26,10.612319946289062,10.612319946289062,10.612319946289062,10.612319946289062,0,
2014-03-27,10.612319946289062,10.612319946289062,10.612319946289062,10.612319946289062,0,
2014-03-28,10.612319946289062,10.612319946289062,10.612319946289062,10.612319946289062,0,
2014-03-31,10.612319946289062,10.612319946289062,10.612319946289062,10.612319946289062,0,
2014-04-01,10.612319946289062,10.612319946289062,10.612319946289062,10.612319946289062,0,
2014-04-02,10.333049774169922,10.333049774169922,10.333049774169922,10.333049774169922,141,
2014-04-03,10.333049774169922,10.333049774169922,10.333049774169922,10.333049774169922,0,
2014-04-04,10.333049774169922,10.333049774169922,10.333049774169922,10.333049774169922,0,
2014-04-07,10.333049774169922,10.333049774169922,10.333049774169922,10.333049774169922,0,
2014-04-09,10.333049774169922,10.333049774169922,10.333049774169922,10.333049774169922,32,
2014-04-10,10.333049774169922,10.333049774169922,10.333049774169922,10.333049774169922,0,
2014-04-11,10.333049774169922,10.333049774169922,10.333049774169922,10.333049774169922,0,
2014-04-15,10.333049774169922,10.333049774169922,10.333049774169922,10.333049774169922,44,
2014-04-16,10.26323127746582,10.26323127746582,10.26323127746582,10.26323127746582,32,
2014-04-17,10.26323127746582,10.26323127746582,10.26323127746582,10.26323127746582,0,
2014-04-21,10.26323127746582,10.26323127746582,10.26323127746582,10.26323127746582,0,
2014-04-22,10.26323127746582,10.26323127746582,10.26323127746582,10.26323127746582,0,
2014-04-23,10.26323127746582,10.26323127746582,10.26323127746582,10.26323127746582,0,
2014-04-24,10.26323127746582,10.26323127746582,10.26323127746582,10.26323127746582,0,
2014-04-25,10.26323127746582,10.26323127746582,10.26323127746582,10.26323127746582,0,
2014-04-28,10.26323127746582,10.26323127746582,10.26323127746582,10.26323127746582,0,
2014-04-29,10.26323127746582,10.26323127746582,10.26323127746582,10.26323127746582,0,
2014-04-30,10.26323127746582,10.26323127746582,10.26323127746582,10.26323127746582,0,
2014-05-02,10.612319946289062,10.612319946289062,10.612319946289062,10.612319946289062,6,
2014-05-05,10.081705093383787,10.081705093383787,10.081705093383787,10.081705093383787,6,
2014-05-06,10.081705093383787,10.081705093383787,10.081705093383787,10.081705093383787,0,
2014-05-07,10.081705093383787,10.081705093383787,10.081705093383787,10.081705093383787,0,
2014-05-08,10.081705093383787,10.081705093383787,10.081705093383787,10.081705093383787,0,
2014-05-09,9.57901668548584,9.57901668548584,9.57901668548584,9.57901668548584,6,
2014-05-12,9.57901668548584,9.57901668548584,9.57901668548584,9.57901668548584,0,
2014-05-13,9.57901668548584,9.57901668548584,9.57901668548584,9.57901668548584,0,
2014-05-14,9.57901668548584,9.57901668548584,9.57901668548584,9.57901668548584,0,
2014-05-15,9.57901668548584,9.57901668548584,9.57901668548584,9.57901668548584,0,
2014-05-16,9.57901668548584,9.57901668548584,9.57901668548584,9.57901668548584,0,
2014-05-19,9.57901668548584,9.57901668548584,9.57901668548584,9.57901668548584,0,
2014-05-20,9.57901668548584,9.57901668548584,9.57901668548584,9.57901668548584,0,
2014-05-21,9.57901668548584,9.57901668548584,9.57901668548584,9.57901668548584,0,
2014-05-22,9.57901668548584,9.57901668548584,9.57901668548584,9.57901668548584,0,
2014-05-23,10.053776741027832,10.053776741027832,9.10425338215298,9.2159628682334,1991,
2014-05-26,10.053776741027832,10.053776741027832,10.053776741027832,10.053776741027832,0,
2014-05-27,10.053776741027832,10.053776741027832,10.053776741027832,10.053776741027832,0,
2014-05-28,10.053776741027832,10.053776741027832,10.053776741027832,10.053776741027832,0,
2014-05-29,10.053776741027832,10.053776741027832,10.053776741027832,10.053776741027832,0,
2014-05-30,9.774507522583008,9.774507522583008,9.774507522583008,9.774507522583008,128,
2014-06-02,10.053776741027832,10.053776741027832,9.2857801205499,9.2857801205499,738,
2014-06-03,10.053776741027832,10.053776741027832,10.053776741027832,10.053776741027832,0,
2014-06-04,9.551088333129885,10.472685003612606,9.551088333129885,10.472685003612606,616,
2014-06-05,9.551088333129885,9.551088333129885,9.076326204547971,9.551088333129885,2582,
2014-06-06,9.551088333129885,9.551088333129885,9.551088333129885,9.551088333129885,0,
2014-06-09,9.551088333129885,9.551088333129885,9.551088333129885,9.551088333129885,0,
2014-06-10,9.551088333129885,9.551088333129885,9.551088333129885,9.551088333129885,0,
2014-06-11,9.551088333129885,9.551088333129885,9.551088333129885,9.551088333129885,0,
2014-06-12,9.076324462890623,9.076324462890623,9.076324462890623,9.076324462890623,1015,
2014-06-13,8.908763885498047,9.495233779351596,8.629492303752412,9.495233779351596,2660,
2014-06-16,8.908763885498047,8.908763885498047,8.475892292073885,8.908763885498047,469,
2014-06-17,8.587604522705078,8.587604522705078,8.587604522705078,8.587604522705078,77,
2014-06-18,8.936689376831055,8.971597998850132,8.161710951887043,8.161710951887043,8526,
2014-06-19,8.727237701416016,8.936691187210096,8.51778335999731,8.936691187210096,3199,
2014-06-20,8.727237701416016,8.727237701416016,8.727237701416016,8.727237701416016,0,
2014-06-23,8.727237701416016,8.727237701416016,8.727237701416016,8.727237701416016,424,
2014-06-24,8.727237701416016,8.727237701416016,8.727237701416016,8.727237701416016,12,
2014-06-25,8.7970552444458,8.7970552444458,8.7970552444458,8.7970552444458,70,
2014-06-26,8.7970552444458,8.7970552444458,8.7970552444458,8.7970552444458,0,
2014-06-27,8.7970552444458,8.7970552444458,8.7970552444458,8.7970552444458,257,
2014-06-30,8.657422065734863,8.657422065734863,8.657422065734863,8.657422065734863,237,
2014-07-01,8.657422065734863,8.657422065734863,8.657422065734863,8.657422065734863,0,
2014-07-02,8.657422065734863,8.657422065734863,8.657422065734863,8.657422065734863,0,
2014-07-03,8.657422065734863,8.797057463891989,8.378149558171042,8.378149558171042,713,
2014-07-04,8.657422065734863,8.657422065734863,8.657422065734863,8.657422065734863,0,
2014-07-07,8.657422065734863,8.657422065734863,8.657422065734863,8.657422065734863,642,
2014-07-08,8.657422065734863,8.657422065734863,8.657422065734863,8.657422065734863,0,
2014-07-09,8.657422065734863,8.657422065734863,8.657422065734863,8.657422065734863,160,
2014-07-10,8.657422065734863,8.657422065734863,8.657422065734863,8.657422065734863,12,
2014-07-11,8.657422065734863,8.657422065734863,8.657422065734863,8.657422065734863,6,
2014-07-14,8.657422065734863,8.657422065734863,8.657422065734863,8.657422065734863,0,
2014-07-15,8.657422065734863,8.657422065734863,8.657422065734863,8.657422065734863,0,
2014-07-16,8.657422065734863,8.657422065734863,8.657422065734863,8.657422065734863,0,
2014-07-17,8.238512992858887,8.378148371233785,8.238512992858887,8.378148371233785,1195,
2014-07-18,8.168695449829102,8.224549776228574,8.168695449829102,8.224549776228574,128,
2014-07-21,7.76375150680542,8.168695594268003,7.76375150680542,8.168695594268003,1432,
2014-07-22,7.819604873657227,7.819604873657227,7.819604873657227,7.819604873657227,3855,
2014-07-23,8.21058464050293,8.21058464050293,7.819604419526599,7.819604419526599,192,
2014-07-24,8.21058464050293,8.21058464050293,8.21058464050293,8.21058464050293,0,
2014-07-25,8.21058464050293,8.21058464050293,8.21058464050293,8.21058464050293,0,
2014-07-28,8.168695449829102,8.168695449829102,8.168695449829102,8.168695449829102,642,
2014-07-30,8.168695449829102,8.168695449829102,8.168695449829102,8.168695449829102,0,
2014-07-31,7.819604873657227,7.819604873657227,7.819604873657227,7.819604873657227,321,
2014-08-01,7.961779594421387,8.103953794445326,7.961779594421387,8.103953794445326,803,
2014-08-04,7.961779594421387,7.961779594421387,7.961779594421387,7.961779594421387,57,
2014-08-05,8.359868049621582,8.359868049621582,7.563691011315213,8.359868049621582,2872,
2014-08-06,8.359868049621582,8.359868049621582,8.359868049621582,8.359868049621582,1040,
2014-08-07,8.772173881530762,8.772173881530762,7.975996044951858,7.997321692514752,9637,
2014-08-08,8.530478477478027,9.205807914714018,8.338543256223204,8.352760066966216,3932,
2014-08-11,8.139497756958008,8.957001255562323,8.139497756958008,8.921457928207818,3270,
2014-08-12,8.530478477478027,8.530478477478027,8.530478477478027,8.530478477478027,57,
2014-08-13,8.957001686096191,8.957001686096191,8.530477381433812,8.530477381433812,1028,
2014-08-14,9.09917449951172,9.09917449951172,8.530476093292236,8.530476093292236,1297,
2014-08-18,9.525700569152832,9.554135059333952,8.64421743463548,9.554135059333952,655,
2014-08-19,10.001986503601074,10.001986503601074,10.001986503601074,10.001986503601074,218,
2014-08-20,9.994876861572266,9.994876861572266,9.994876861572266,9.994876861572266,250,
2014-08-21,9.994876861572266,9.994876861572266,9.980659181176367,9.980659181176367,1285,
2014-08-22,9.994876861572266,9.994876861572266,9.994876861572266,9.994876861572266,6,
2014-08-25,9.916681289672852,9.994878545021148,9.916681289672852,9.994878545021148,25,
2014-08-26,9.916681289672852,9.916681289672852,9.916681289672852,9.916681289672852,0,
2014-08-27,9.42617893218994,9.632331825772397,9.42617893218994,9.539918639928148,6489,
2014-08-28,9.028087615966797,9.42617739950297,9.028087615966797,9.42617739950297,867,
2014-09-01,9.383526802062988,9.383526802062988,8.615782464582319,8.615782464582319,1908,
2014-09-02,9.383526802062988,9.383526802062988,9.383526802062988,9.383526802062988,0,
2014-09-03,9.383526802062988,9.383526802062988,9.383526802062988,9.383526802062988,32,
2014-09-04,9.028087615966797,9.028087615966797,9.028087615966797,9.028087615966797,642,
2014-09-05,8.615781784057617,8.615781784057617,8.615781784057617,8.615781784057617,1413,
2014-09-08,8.957001686096191,8.957001686096191,8.203475966274194,8.61578171965746,1670,
2014-09-09,8.672653198242188,8.672653198242188,8.672653198242188,8.672653198242188,1818,
2014-09-10,8.260345458984375,8.75084843173609,8.246127779500247,8.75084843173609,1150,
2014-09-11,8.24612808227539,8.260345762281554,8.24612808227539,8.260345762281554,122,
2014-09-12,8.10395336151123,8.246128425121267,8.10395336151123,8.246128425121267,250,
2014-09-15,8.388304710388184,8.388304710388184,8.388304710388184,8.388304710388184,12850,
2014-09-16,8.388304710388184,8.388304710388184,8.388304710388184,8.388304710388184,0,
2014-09-17,8.388304710388184,8.388304710388184,8.388304710388184,8.388304710388184,0,
2014-09-18,8.516261100769043,8.530478783203096,7.968889038873248,7.968889038873248,2955,
2014-09-19,8.92145824432373,8.935675053060478,8.814827387300605,8.935675053060478,5101,
2014-09-22,9.362199783325195,9.362199783325195,8.814827793093064,8.971219665847759,3392,
2014-09-23,9.525700569152832,9.525700569152832,9.525700569152832,9.525700569152832,6,
2014-09-24,9.525700569152832,9.525700569152832,9.525700569152832,9.525700569152832,12,
2014-09-25,9.241348266601562,9.241348266601562,9.241348266601562,9.241348266601562,321,
2014-09-26,9.241348266601562,9.241348266601562,9.241348266601562,9.241348266601562,0,
2014-09-29,9.241348266601562,9.241348266601562,9.241348266601562,9.241348266601562,0,
2014-09-30,9.667874336242676,9.667874336242676,9.667874336242676,9.667874336242676,3244,
2014-10-01,9.369308471679688,9.795831912490826,9.241350219782394,9.667874531774926,944,
2014-10-07,9.369308471679688,9.369308471679688,9.369308471679688,9.369308471679688,0,
2014-10-08,9.525700569152832,9.525700569152832,9.525700569152832,9.525700569152832,12,
2014-10-09,9.525700569152832,9.525700569152832,9.525700569152832,9.525700569152832,0,
2014-10-10,9.09917449951172,9.09917449951172,9.09917449951172,9.09917449951172,6,
2014-10-13,8.672653198242188,8.672653198242188,8.672653198242188,8.672653198242188,1252,
2014-10-14,9.056524276733398,9.099176448540574,8.459390386707206,9.099176448540574,1021,
2014-10-15,9.056524276733398,9.056524276733398,9.056524276733398,9.056524276733398,0,
2014-10-16,8.672653198242188,8.672653198242188,8.672653198242188,8.672653198242188,32,
2014-10-17,8.530478477478027,8.530478477478027,8.530478477478027,8.530478477478027,6,
2014-10-20,8.530478477478027,8.530478477478027,8.530478477478027,8.530478477478027,0,
2014-10-21,8.10395336151123,8.10395336151123,8.10395336151123,8.10395336151123,2505,
2014-10-22,8.10395336151123,8.10395336151123,8.10395336151123,8.10395336151123,0,
2014-10-27,8.388304710388184,8.388304710388184,8.388304710388184,8.388304710388184,6,
2014-10-28,8.388304710388184,8.388304710388184,8.388304710388184,8.388304710388184,0,
2014-10-29,8.530478477478027,8.672652683178583,8.530478477478027,8.672652683178583,199,
2014-10-30,8.530478477478027,8.530478477478027,8.530478477478027,8.530478477478027,0,
2014-10-31,8.530478477478027,8.530478477478027,8.530478477478027,8.530478477478027,0,
2014-11-03,8.530478477478027,8.530478477478027,8.530478477478027,8.530478477478027,32,
2014-11-05,8.957001686096191,8.957001686096191,8.957001686096191,8.957001686096191,6,
2014-11-07,9.241348266601562,9.241348266601562,9.241348266601562,9.241348266601562,160,
2014-11-10,8.814828872680664,9.703420078396784,8.814828872680664,9.703420078396784,1619,
2014-11-11,8.814828872680664,8.814828872680664,8.53047871112821,8.814828872680664,719,
2014-11-12,8.53758716583252,9.255568764826744,8.374086440167755,9.255568764826744,2801,
2014-11-13,8.53758716583252,8.53758716583252,8.53758716583252,8.53758716583252,6,
2014-11-14,8.743741035461426,8.743741035461426,8.743741035461426,8.743741035461426,160,
2014-11-17,8.743741035461426,8.743741035461426,8.743741035461426,8.743741035461426,0,
2014-11-18,8.743741035461426,8.743741035461426,8.743741035461426,8.743741035461426,0,
2014-11-19,8.743741035461426,8.743741035461426,8.743741035461426,8.743741035461426,154,
2014-11-20,8.743741035461426,8.743741035461426,8.743741035461426,8.743741035461426,0,
2014-11-21,8.743741035461426,8.743741035461426,8.743741035461426,8.743741035461426,6,
2014-11-24,9.09917449951172,9.177370857059866,9.09917449951172,9.177370857059866,12,
2014-11-25,8.658434867858887,9.084958306655558,8.658434867858887,9.084958306655558,12,
2014-11-26,8.658434867858887,8.658434867858887,8.658434867858887,8.658434867858887,0,
2014-11-27,8.658434867858887,8.658434867858887,8.658434867858887,8.658434867858887,0,
2014-11-28,8.658434867858887,8.658434867858887,8.658434867858887,8.658434867858887,0,
2014-12-01,8.23190975189209,9.0636308107995,8.23190975189209,9.0636308107995,128,
2014-12-02,8.23190975189209,8.23190975189209,8.23190975189209,8.23190975189209,0,
2014-12-03,8.23190975189209,8.23190975189209,8.23190975189209,8.23190975189209,0,
2014-12-04,8.23190975189209,8.23190975189209,8.23190975189209,8.23190975189209,0,
2014-12-05,8.23190975189209,8.23190975189209,8.23190975189209,8.23190975189209,0,
2014-12-08,8.23190975189209,8.23190975189209,8.23190975189209,8.23190975189209,0,
2014-12-09,8.23190975189209,8.23190975189209,8.23190975189209,8.23190975189209,0,
2014-12-10,8.637109756469727,8.637109756469727,8.388304666976406,8.388304666976406,12,
2014-12-11,8.637109756469727,8.637109756469727,8.637109756469727,8.637109756469727,0,
2014-12-12,8.637109756469727,8.637109756469727,8.637109756469727,8.637109756469727,0,
2014-12-15,8.658434867858887,8.658434867858887,8.658434867858887,8.658434867858887,6,
2014-12-16,8.658434867858887,8.658434867858887,8.658434867858887,8.658434867858887,0,
2014-12-17,8.658434867858887,8.658434867858887,8.658434867858887,8.658434867858887,0,
2014-12-18,8.658434867858887,8.658434867858887,8.658434867858887,8.658434867858887,6,
2014-12-19,9.070741653442385,9.070741653442385,9.070741653442385,9.070741653442385,6,
2014-12-22,9.04230785369873,9.04230785369873,9.04230785369873,9.04230785369873,160,
2014-12-23,9.04230785369873,9.04230785369873,9.04230785369873,9.04230785369873,0,
2014-12-24,9.04230785369873,9.04230785369873,9.04230785369873,9.04230785369873,0,
2014-12-26,9.04230785369873,9.04230785369873,9.04230785369873,9.04230785369873,0,
2014-12-29,9.04230785369873,9.04230785369873,9.04230785369873,9.04230785369873,0,
2014-12-30,9.04230785369873,9.04230785369873,9.04230785369873,9.04230785369873,0,
2014-12-31,8.80060863494873,8.80060863494873,8.80060863494873,8.80060863494873,70,
2015-01-01,8.530478477478027,8.60156601591905,8.37408658985297,8.60156601591905,764,
2015-01-02,8.516261100769043,8.516261100769043,8.516261100769043,8.516261100769043,19,
2015-01-05,8.928565979003906,8.928565979003906,8.103952761912872,8.103952761912872,3565,
2015-01-06,9.241348266601562,9.241348266601562,8.494932402938831,8.494932402938831,2248,
2015-01-07,9.70341968536377,9.70341968536377,9.70341968536377,9.70341968536377,6,
2015-01-08,9.220023155212402,9.38352471168663,9.220023155212402,9.220023155212402,1574,
2015-01-09,8.814828872680664,9.241351501464804,8.814828872680664,9.241351501464804,257,
2015-01-12,8.374085426330566,8.814827406481605,8.374085426330566,8.814827406481605,1227,
2015-01-13,8.374085426330566,8.374085426330566,8.374085426330566,8.374085426330566,0,
2015-01-14,8.77928352355957,8.77928352355957,8.77928352355957,8.77928352355957,64,
2015-01-15,8.77928352355957,8.77928352355957,8.77928352355957,8.77928352355957,0,
2015-01-16,8.77928352355957,8.77928352355957,8.77928352355957,8.77928352355957,0,
2015-01-19,8.77928352355957,8.77928352355957,8.77928352355957,8.77928352355957,0,
2015-01-20,8.77928352355957,8.77928352355957,8.77928352355957,8.77928352355957,0,
2015-01-21,9.205805778503418,9.205805778503418,8.77928238919517,8.77928238919517,546,
2015-01-22,9.205805778503418,9.205805778503418,9.205805778503418,9.205805778503418,0,
2015-01-23,9.205805778503418,9.205805778503418,9.205805778503418,9.205805778503418,0,
2015-01-27,9.205805778503418,9.205805778503418,9.205805778503418,9.205805778503418,0,
2015-01-28,9.205805778503418,9.205805778503418,9.205805778503418,9.205805778503418,0,
2015-01-29,9.205805778503418,9.205805778503418,9.205805778503418,9.205805778503418,0,
2015-01-30,9.205805778503418,9.205805778503418,9.205805778503418,9.205805778503418,0,
2015-02-02,8.814828872680664,8.814828872680664,8.814828872680664,8.814828872680664,32,
2015-02-03,8.814828872680664,8.814828872680664,8.814828872680664,8.814828872680664,0,
2015-02-04,8.814828872680664,8.814828872680664,8.814828872680664,8.814828872680664,0,
2015-02-05,8.530478477478027,8.530478477478027,8.530478477478027,8.530478477478027,1285,
2015-02-06,8.10395336151123,8.10395336151123,8.10395336151123,8.10395336151123,1285,
2015-02-09,8.509151458740234,8.509151458740234,8.103953645774304,8.103953645774304,1927,
2015-02-10,8.509151458740234,8.509151458740234,8.509151458740234,8.509151458740234,0,
2015-02-11,8.509151458740234,8.509151458740234,8.509151458740234,8.509151458740234,0,
2015-02-12,8.530478477478027,8.530478477478027,8.530478477478027,8.530478477478027,6,
2015-02-13,8.530478477478027,8.530478477478027,8.530478477478027,8.530478477478027,0,
2015-02-16,8.530478477478027,8.530478477478027,8.530478477478027,8.530478477478027,0,
2015-02-18,8.530478477478027,8.530478477478027,8.530478477478027,8.530478477478027,379,
2015-02-19,8.530478477478027,8.530478477478027,8.530478477478027,8.530478477478027,32,
2015-02-20,8.530478477478027,8.530478477478027,8.530478477478027,8.530478477478027,0,
2015-02-23,8.530478477478027,8.530478477478027,8.530478477478027,8.530478477478027,0,
2015-02-24,8.10395336151123,8.10395336151123,8.10395336151123,8.10395336151123,12,
2015-02-25,8.388304710388184,8.388304710388184,8.388304710388184,8.388304710388184,642,
2015-02-26,8.530478477478027,8.530478477478027,8.530478477478027,8.530478477478027,6,
2015-02-27,8.530478477478027,8.530478477478027,8.530478477478027,8.530478477478027,0,
2015-03-02,8.10395336151123,8.10395336151123,8.10395336151123,8.10395336151123,96,
2015-03-03,8.10395336151123,8.10395336151123,8.10395336151123,8.10395336151123,0,
2015-03-04,7.819604873657227,8.24612831650652,7.819604873657227,8.24612831650652,443,
2015-03-05,7.428622722625732,7.464166046886437,7.428622722625732,7.464166046886437,2512,
2015-03-09,7.073187351226807,7.073187351226807,7.066078511213432,7.066078511213432,771,
2015-03-10,7.023426055908203,7.073187062791262,7.023426055908203,7.023426055908203,5153,
2015-03-11,7.023426055908203,7.023426055908203,7.023426055908203,7.023426055908203,257,
2015-03-12,7.023426055908203,7.023426055908203,7.023426055908203,7.023426055908203,0,
2015-03-13,7.371754169464111,7.371754169464111,7.371754169464111,7.371754169464111,128,
2015-03-16,7.108731746673584,7.393081016540528,7.108731746673584,7.393081016540528,848,
2015-03-17,7.023426055908203,7.2509058779250495,7.023426055908203,7.10873082581802,507,
2015-03-18,6.6750993728637695,7.023426898420319,6.6750993728637695,7.023426898420319,244,
2015-03-19,6.959447860717773,6.959447860717773,6.817273669758618,6.817273669758618,12,
2015-03-20,6.959447860717773,6.959447860717773,6.959447860717773,6.959447860717773,205,
2015-03-23,6.959447860717773,6.959447860717773,6.959447860717773,6.959447860717773,0,
2015-03-24,6.959447860717773,6.959447860717773,6.959447860717773,6.959447860717773,0,
2015-03-25,6.959447860717773,6.959447860717773,6.959447860717773,6.959447860717773,0,
2015-03-26,6.959447860717773,6.959447860717773,6.959447860717773,6.959447860717773,0,
2015-03-27,6.959447860717773,6.959447860717773,6.959447860717773,6.959447860717773,0,
2015-03-30,6.959447860717773,6.959447860717773,6.959447860717773,6.959447860717773,0,
2015-03-31,6.959447860717773,6.959447860717773,6.959447860717773,6.959447860717773,0,
2015-04-01,6.959447860717773,6.959447860717773,6.959447860717773,6.959447860717773,0,
2015-04-06,6.959447860717773,6.959447860717773,6.959447860717773,6.959447860717773,0,
2015-04-07,6.959447860717773,6.959447860717773,6.959447860717773,6.959447860717773,0,
2015-04-08,6.959447860717773,6.959447860717773,6.959447860717773,6.959447860717773,0,
2015-04-09,6.959447860717773,6.959447860717773,6.959447860717773,6.959447860717773,0,
2015-04-10,6.959447860717773,6.959447860717773,6.959447860717773,6.959447860717773,0,
2015-04-13,6.682206630706787,6.824382120319998,6.682206630706787,6.824382120319998,321,
2015-04-15,6.433400630950928,6.682206083951098,6.397857305944218,6.611119433937677,950,
2015-04-16,6.433400630950928,6.433400630950928,6.433400630950928,6.433400630950928,0,
2015-04-17,6.433400630950928,6.433400630950928,6.433400630950928,6.433400630950928,0,
2015-04-20,6.433400630950928,6.433400630950928,6.433400630950928,6.433400630950928,0,
2015-04-21,6.433400630950928,6.433400630950928,6.433400630950928,6.433400630950928,0,
2015-04-22,6.433400630950928,6.433400630950928,6.433400630950928,6.433400630950928,0,
2015-04-23,6.753294467926025,6.753294467926025,6.753294467926025,6.753294467926025,128,
2015-04-24,6.753294467926025,6.753294467926025,6.753294467926025,6.753294467926025,0,
2015-04-27,7.087406158447266,7.087406158447266,7.087406158447266,7.087406158447266,642,
2015-04-28,7.435732841491699,7.435732841491699,7.435732841491699,7.435732841491699,32,
2015-04-29,7.435732841491699,7.435732841491699,7.435732841491699,7.435732841491699,0,
2015-04-30,7.435732841491699,7.435732841491699,7.435732841491699,7.435732841491699,0,
2015-05-04,7.435732841491699,7.435732841491699,7.435732841491699,7.435732841491699,0,
2015-05-05,7.435732841491699,7.435732841491699,7.435732841491699,7.435732841491699,0,
2015-05-06,7.7911696434021,7.7911696434021,7.7911696434021,7.7911696434021,6,
2015-05-07,7.7911696434021,7.7911696434021,7.7911696434021,7.7911696434021,0,
2015-05-08,7.7911696434021,7.7911696434021,7.7911696434021,7.7911696434021,0,
2015-05-11,7.7911696434021,7.7911696434021,7.7911696434021,7.7911696434021,0,
2015-05-12,7.7911696434021,7.7911696434021,7.53525487645877,7.53525487645877,321,
2015-05-13,7.7911696434021,7.7911696434021,7.7911696434021,7.7911696434021,0,
2015-05-14,8.175041198730469,8.175041198730469,8.103952800663832,8.103952800663832,642,
2015-05-15,8.10395336151123,8.10395336151123,8.10395336151123,8.10395336151123,6,
2015-05-18,8.032866477966309,8.032866477966309,8.032866477966309,8.032866477966309,32,
2015-05-19,7.99021577835083,7.99021577835083,7.96178128079595,7.96178128079595,38,
2015-05-20,7.961779594421387,7.961779594421387,7.961779594421387,7.961779594421387,6,
2015-05-21,8.10395336151123,8.317215956926287,8.10395336151123,8.10395336151123,96,
2015-05-22,8.10395336151123,8.10395336151123,8.10395336151123,8.10395336151123,0,
2015-05-25,8.10395336151123,8.10395336151123,8.10395336151123,8.10395336151123,0,
2015-05-26,8.032866477966309,8.032866477966309,8.032866477966309,8.032866477966309,6,
2015-05-27,8.032866477966309,8.032866477966309,8.032866477966309,8.032866477966309,0,
2015-05-28,8.004429817199707,8.004429817199707,8.004429817199707,8.004429817199707,38,
2015-05-29,7.677430629730225,7.677430629730225,7.677430629730225,7.677430629730225,6,
2015-06-01,7.677430629730225,7.677430629730225,7.677430629730225,7.677430629730225,0,
2015-06-02,8.032866477966309,8.032866477966309,8.032866477966309,8.032866477966309,51,
2015-06-03,8.23190975189209,8.317214073798958,8.23190975189209,8.317214073798958,70,
2015-06-04,8.10395336151123,8.175041764497658,8.10395336151123,8.175041764497658,70,
2015-06-05,8.10395336151123,8.10395336151123,8.10395336151123,8.10395336151123,0,
2015-06-08,8.388304710388184,8.388304710388184,8.388304710388184,8.388304710388184,19,
2015-06-09,8.77928352355957,8.77928352355957,8.77928352355957,8.77928352355957,25,
2015-06-10,8.77928352355957,8.77928352355957,8.77928352355957,8.77928352355957,0,
2015-06-11,8.601566314697266,8.601566314697266,8.601566314697266,8.601566314697266,6,
2015-06-12,8.530478477478027,8.530478477478027,8.530478477478027,8.530478477478027,12,
2015-06-15,8.743741035461426,8.743741035461426,8.53047842153689,8.53047842153689,3212,
2015-06-16,8.743741035461426,8.743741035461426,8.743741035461426,8.743741035461426,0,
2015-06-17,8.743741035461426,8.743741035461426,8.743741035461426,8.743741035461426,12,
2015-06-18,8.459390640258789,8.459390640258789,8.459390640258789,8.459390640258789,12,
2015-06-19,8.459390640258789,8.459390640258789,8.03997513656978,8.03997513656978,44,
2015-06-22,8.459390640258789,8.459390640258789,8.459390640258789,8.459390640258789,0,
2015-06-23,8.459390640258789,8.459390640258789,8.459390640258789,8.459390640258789,0,
2015-06-24,8.459390640258789,8.459390640258789,8.459390640258789,8.459390640258789,19,
2015-06-25,8.459390640258789,8.459390640258789,8.459390640258789,8.459390640258789,12,
2015-06-26,8.459390640258789,8.459390640258789,8.459390640258789,8.459390640258789,0,
2015-06-29,8.459390640258789,8.459390640258789,8.459390640258789,8.459390640258789,0,
2015-06-30,8.10395336151123,8.10395336151123,8.039974670004856,8.039974670004856,250,
2015-07-01,7.819604873657227,7.819604873657227,7.819604873657227,7.819604873657227,6,
2015-07-02,7.819604873657227,7.819604873657227,7.819604873657227,7.819604873657227,0,
2015-07-03,7.819604873657227,7.819604873657227,7.819604873657227,7.819604873657227,0,
2015-07-06,7.677430629730225,7.677430629730225,7.677430629730225,7.677430629730225,12,
2015-07-07,7.293558597564697,7.293558597564697,7.293558597564697,7.293558597564697,128,
2015-07-08,7.108731746673584,7.108731746673584,7.108731746673584,7.108731746673584,160,
2015-07-09,7.108731746673584,7.108731746673584,7.108731746673584,7.108731746673584,0,
2015-07-10,6.966556549072266,6.966556549072266,6.966556549072266,6.966556549072266,19,
2015-07-13,6.618229866027832,6.824383204399963,6.618229866027832,6.824383204399963,96,
2015-07-14,6.540032863616943,6.540032863616943,6.540032863616943,6.540032863616943,115,
2015-07-15,6.397857666015625,6.540032280815971,6.397857666015625,6.540032280815971,1715,
2015-07-16,6.397857666015625,6.397857666015625,6.397857666015625,6.397857666015625,334,
2015-07-17,6.7177510261535645,6.7177510261535645,6.397858016434183,6.397858016434183,1766,
2015-07-20,7.051860809326172,7.051860809326172,7.051860809326172,7.051860809326172,64,
2015-07-21,7.051860809326172,7.051860809326172,7.044752840516206,7.044752840516206,1060,
2015-07-22,7.051860809326172,7.051860809326172,7.051860809326172,7.051860809326172,0,
2015-07-23,7.051860809326172,7.051860809326172,7.051860809326172,7.051860809326172,64,
2015-07-24,7.051860809326172,7.051860809326172,6.966556471792863,6.966556471792863,385,
2015-07-27,7.051860809326172,7.051860809326172,7.051860809326172,7.051860809326172,6,
2015-07-28,6.710642814636231,6.710642814636231,6.710642814636231,6.710642814636231,835,
2015-07-29,6.710642814636231,6.710642814636231,6.710642814636231,6.710642814636231,0,
2015-07-30,7.009208679199219,7.044752879351851,6.966556510197435,6.966556510197435,128,
2015-07-31,6.660881519317627,7.357537423581665,6.660881519317627,7.357537423581665,2306,
2015-08-03,6.966556549072266,6.987883069282852,6.333879365820071,6.987883069282852,2473,
2015-08-04,7.307775974273682,7.314884815087576,6.625338581498943,7.009209451588207,1355,
2015-08-05,7.394773006439209,7.452770334146696,7.075782817481309,7.452770334146696,237,
2015-08-06,7.394773006439209,7.394773006439209,7.025033600920573,7.025033600920573,77,
2015-08-07,7.394773006439209,7.394773006439209,7.394773006439209,7.394773006439209,257,
2015-08-10,7.380273818969727,7.380273818969727,7.025034161275457,7.10478204805106,1156,
2015-08-11,7.249777317047119,7.249777317047119,7.025033887043641,7.025033887043641,3398,
2015-08-12,6.92353630065918,7.539767885014523,6.887287749771604,7.539767885014523,629,
2015-08-13,6.597296714782715,7.264276140414888,6.582796939934932,7.264276140414888,494,
2015-08-14,6.92353630065918,6.92353630065918,6.92353630065918,6.92353630065918,64,
2015-08-17,6.92353630065918,6.92353630065918,6.92353630065918,6.92353630065918,0,
2015-08-18,7.242527484893799,7.242527484893799,7.242527484893799,7.242527484893799,32,
2015-08-19,7.597766876220703,7.597766876220703,7.394773548951994,7.394773548951994,1670,
2015-08-20,7.445521354675293,7.974755189754584,7.445521354675293,7.974755189754584,366,
2015-08-21,7.141030311584473,7.141030311584473,7.141030311584473,7.141030311584473,64,
2015-08-24,7.141030311584473,7.141030311584473,7.141030311584473,7.141030311584473,0,
2015-08-25,6.785791397094727,7.496269778308924,6.785791397094727,7.496269778308924,289,
2015-08-26,7.119280815124512,7.119280815124512,7.119280815124512,7.119280815124512,25,
2015-08-27,7.119280815124512,7.119280815124512,7.119280815124512,7.119280815124512,0,
2015-08-28,7.474520206451416,7.474520206451416,6.764041816424017,6.764041816424017,1959,
2015-08-31,7.474520206451416,7.474520206451416,7.474520206451416,7.474520206451416,0,
2015-09-01,7.394773006439209,7.829759183512098,7.394773006439209,7.829759183512098,12,
2015-09-02,7.394773006439209,7.655764534989607,7.394773006439209,7.655764534989607,346,
2015-09-03,7.394773006439209,7.394773006439209,7.394773006439209,7.394773006439209,0,
2015-09-04,7.394773006439209,7.655764534989607,7.380273230278998,7.655764534989607,77,
2015-09-07,7.394773006439209,7.394773006439209,7.394773006439209,7.394773006439209,0,
2015-09-08,7.989253520965576,8.13424949592633,6.669794413462479,8.13424949592633,32,
2015-09-09,7.989253520965576,7.989253520965576,7.989253520965576,7.989253520965576,0,
2015-09-10,7.989253520965576,7.989253520965576,7.989253520965576,7.989253520965576,0,
2015-09-11,7.989253520965576,7.989253520965576,7.989253520965576,7.989253520965576,0,
2015-09-14,7.989253520965576,7.989253520965576,7.989253520965576,7.989253520965576,0,
2015-09-15,8.192248344421387,8.192248344421387,8.192248344421387,8.192248344421387,6,
2015-09-16,7.97475528717041,7.97475528717041,7.97475528717041,7.97475528717041,12,
2015-09-18,7.97475528717041,7.97475528717041,7.97475528717041,7.97475528717041,0,
2015-09-21,7.97475528717041,7.97475528717041,7.97475528717041,7.97475528717041,0,
2015-09-22,7.9602556228637695,7.9602556228637695,7.9602556228637695,7.9602556228637695,6,
2015-09-23,7.9602556228637695,7.9602556228637695,7.9602556228637695,7.9602556228637695,0,
2015-09-24,7.9602556228637695,7.9602556228637695,7.9602556228637695,7.9602556228637695,0,
2015-09-28,7.9602556228637695,7.9602556228637695,7.9602556228637695,7.9602556228637695,0,
2015-09-29,7.9602556228637695,7.9602556228637695,7.9602556228637695,7.9602556228637695,0,
2015-09-30,7.9602556228637695,7.9602556228637695,7.9602556228637695,7.9602556228637695,0,
2015-10-01,7.9602556228637695,7.9602556228637695,7.9602556228637695,7.9602556228637695,0,
2015-10-05,7.9602556228637695,7.9602556228637695,7.568766985985198,7.684763421697359,3328,
2015-10-06,7.97475528717041,7.97475528717041,7.97475528717041,7.97475528717041,25,
2015-10-07,7.822510242462158,7.822510242462158,7.576016711293234,7.576016711293234,186,
2015-10-08,8.1197509765625,8.192248975255639,7.547018652666882,8.192248975255639,1895,
2015-10-09,8.1197509765625,8.1197509765625,8.1197509765625,8.1197509765625,0,
2015-10-12,7.757262229919434,8.119750421680134,7.757262229919434,8.119750421680134,102,
2015-10-13,7.757262229919434,7.757262229919434,7.757262229919434,7.757262229919434,0,
2015-10-14,7.757262229919434,7.757262229919434,7.757262229919434,7.757262229919434,0,
2015-10-15,7.431022644042969,7.43827253318228,7.394774086813218,7.394774086813218,4401,
2015-10-16,7.757262229919434,7.800760670776047,7.757262229919434,7.800760670776047,1342,
2015-10-19,7.757262229919434,7.757262229919434,7.757262229919434,7.757262229919434,0,
2015-10-20,7.394773006439209,7.394773006439209,7.394773006439209,7.394773006439209,6,
2015-10-21,7.394773006439209,7.394773006439209,7.394773006439209,7.394773006439209,0,
2015-10-23,7.394773006439209,7.394773006439209,7.394773006439209,7.394773006439209,0,
2015-10-26,7.764512538909912,7.764512538909912,7.075783338001323,7.075783338001323,3328,
2015-10-27,7.684762954711914,8.148748669365212,7.684762954711914,8.148748669365212,186,
2015-10-28,7.322275638580322,7.322275638580322,7.322275638580322,7.322275638580322,12,
2015-10-29,6.959786415100098,6.959786415100098,6.959786415100098,6.959786415100098,32,
2015-10-30,6.611795425415039,6.611795425415039,6.611795425415039,6.611795425415039,6,
2015-11-02,6.611795425415039,6.611795425415039,6.611795425415039,6.611795425415039,0,
2015-11-03,6.930787563323975,6.930787563323975,6.307306895852945,6.307306895852945,1092,
2015-11-04,7.27152681350708,7.27152681350708,7.27152681350708,7.27152681350708,642,
2015-11-05,7.634015083312988,7.634015083312988,7.634015083312988,7.634015083312988,3855,
2015-11-06,7.626765727996826,7.974755947515918,7.264277507834056,7.539768839467126,7125,
2015-11-09,8.003754615783691,8.003754615783691,8.003754615783691,8.003754615783691,417,
2015-11-10,8.003754615783691,8.003754615783691,8.003754615783691,8.003754615783691,0,
2015-11-13,7.837008476257324,7.837008476257324,7.837008476257324,7.837008476257324,642,
2015-11-16,7.837008476257324,7.837008476257324,7.837008476257324,7.837008476257324,0,
2015-11-17,8.228498458862305,8.228498458862305,7.974756767504553,7.974756767504553,3039,
2015-11-18,8.634485244750977,8.634485244750977,8.634485244750977,8.634485244750977,6,
2015-11-19,8.634485244750977,8.634485244750977,8.634485244750977,8.634485244750977,0,
2015-11-20,9.06222152709961,9.06222152709961,9.06222152709961,9.06222152709961,623,
2015-11-23,9.06222152709961,9.06222152709961,9.06222152709961,9.06222152709961,0,
2015-11-24,9.511707305908203,9.511707305908203,9.511707305908203,9.511707305908203,160,
2015-11-26,9.98294448852539,9.98294448852539,9.98294448852539,9.98294448852539,2711,
2015-11-27,10.475929260253906,10.475929260253906,10.475929260253906,10.475929260253906,501,
2015-11-30,10.99791145324707,10.99791145324707,10.99791145324707,10.99791145324707,179,
2015-12-01,11.541646003723145,11.541646003723145,11.541646003723145,11.541646003723145,218,
2015-12-02,12.1143798828125,12.1143798828125,12.1143798828125,12.1143798828125,64,
2015-12-03,12.716111183166504,12.716111183166504,12.716111183166504,12.716111183166504,1349,
2015-12-04,13.346841812133787,13.346841812133787,13.346841812133787,13.346841812133787,64,
2015-12-07,14.013821601867676,14.013821601867676,14.013821601867676,14.013821601867676,30262,
2015-12-08,14.013821601867676,14.013821601867676,14.013821601867676,14.013821601867676,0,
2015-12-09,14.709798812866213,14.709798812866213,14.709798812866213,14.709798812866213,2377,
2015-12-10,15.442025184631348,15.442025184631348,14.709798043058,14.717047931094042,3957,
2015-12-11,16.210500717163086,16.210500717163086,16.210500717163086,16.210500717163086,3411,
2015-12-14,15.4130277633667,16.210503027111034,15.4130277633667,16.210503027111034,1233,
2015-12-15,14.644551277160645,14.644551277160645,14.644551277160645,14.644551277160645,160,
2015-12-16,15.376778602600098,15.376778602600098,13.912323370666748,13.912323370666748,681,
2015-12-17,15.007039070129396,16.145253726999496,15.007039070129396,16.094506287477905,706,
2015-12-18,15.753765106201172,15.753765106201172,14.260312153042458,14.267561152642577,1188,
2015-12-21,14.97079086303711,16.53674371393844,14.97079086303711,15.927761950980504,1445,
2015-12-22,14.934542655944824,14.934542655944824,14.934542655944824,14.934542655944824,160,
2015-12-23,14.195063591003418,15.659517833121257,14.195063591003418,15.659517833121257,289,
2015-12-24,14.195063591003418,14.195063591003418,14.195063591003418,14.195063591003418,0,
2015-12-28,14.898293495178224,14.898293495178224,14.898293495178224,14.898293495178224,205,
2015-12-29,15.637771606445312,15.637771606445312,15.637771606445312,15.637771606445312,1285,
2015-12-30,15.645020484924316,15.645020484924316,15.645020484924316,15.645020484924316,417,
2015-12-31,16.420743942260742,16.420743942260742,16.420743942260742,16.420743942260742,64,
2016-01-01,17.109477996826172,17.109477996826172,17.109477996826172,17.109477996826172,64,
2016-01-04,17.964948654174805,17.964948654174805,17.964948654174805,17.964948654174805,494,
2016-01-05,17.254470825195312,17.3994668113824,17.254470825195312,17.3994668113824,10890,
2016-01-06,16.68899154663086,18.117196679631565,16.68899154663086,18.117196679631565,334,
2016-01-07,16.68899154663086,16.68899154663086,16.68899154663086,16.68899154663086,0,
2016-01-08,16.68899154663086,16.68899154663086,16.68899154663086,16.68899154663086,0,
2016-01-11,15.855265617370604,15.862513729454095,15.855265617370604,15.862513729454095,353,
2016-01-12,16.645484924316406,16.645484924316406,15.224528525803304,15.253528071144286,6617,
2016-01-13,17.399465560913086,17.399465560913086,15.87701048076495,15.94950935711481,1458,
2016-01-14,17.47921371459961,18.1171932074603,16.529492586494083,16.529492586494083,353,
2016-01-15,18.037443161010746,18.037443161010746,18.037443161010746,18.037443161010746,96,
2016-01-18,17.138471603393555,17.138471603393555,17.138471603393555,17.138471603393555,70,
2016-01-19,17.906951904296875,17.906951904296875,17.906951904296875,17.906951904296875,96,
2016-01-20,17.015230178833008,17.81995542535805,17.015230178833008,17.81995542535805,417,
2016-01-21,16.957229614257812,17.01522872172781,16.1670042135132,17.01522872172781,295,
2016-01-22,17.6894588470459,17.6894588470459,17.6894588470459,17.6894588470459,6,
2016-01-25,18.55217933654785,18.55217933654785,18.55217933654785,18.55217933654785,12,
2016-01-27,17.631458282470703,17.631458282470703,17.631458282470703,17.631458282470703,385,
2016-01-28,17.37047004699707,17.37047004699707,17.37047004699707,17.37047004699707,64,
2016-01-29,17.174720764160156,17.355966177500022,17.174720764160156,17.355966177500022,1285,
2016-02-01,17.392215728759766,17.392215728759766,16.319248347758233,16.319248347758233,417,
2016-02-02,17.392215728759766,17.392215728759766,17.392215728759766,17.392215728759766,0,
2016-02-03,17.392215728759766,17.392215728759766,17.392215728759766,17.392215728759766,0,
2016-02-04,17.392215728759766,17.392215728759766,17.392215728759766,17.392215728759766,0,
2016-02-05,17.392215728759766,17.392215728759766,17.392215728759766,17.392215728759766,0,
2016-02-08,17.392215728759766,17.392215728759766,17.392215728759766,17.392215728759766,0,
2016-02-09,16.529491424560547,17.90694874711839,16.529491424560547,17.90694874711839,51,
2016-02-10,15.703018188476562,15.703018188476562,15.703018188476562,15.703018188476562,385,
2016-02-11,15.703018188476562,15.703018188476562,15.703018188476562,15.703018188476562,0,
2016-02-12,14.920042991638184,14.920042991638184,14.920042991638184,14.920042991638184,257,
2016-02-15,14.180563926696776,14.180563926696776,14.180563926696776,14.180563926696776,44,
2016-02-16,13.491836547851562,14.876543945970509,13.47733677066496,13.47733677066496,7221,
2016-02-17,14.166065216064451,14.166065216064451,14.166065216064451,14.166065216064451,25,
2016-02-18,14.166065216064451,14.166065216064451,14.166065216064451,14.166065216064451,0,
2016-02-19,14.166065216064451,14.166065216064451,14.166065216064451,14.166065216064451,0,
2016-02-22,14.86929416656494,14.86929416656494,13.600583199688993,13.600583199688993,77,
2016-02-23,14.470556259155272,14.869292995579682,14.470556259155272,14.869292995579682,417,
2016-02-24,15.18828296661377,15.18828296661377,15.18828296661377,15.18828296661377,212,
2016-02-25,15.442025184631348,15.94226035138476,14.434305851555154,14.434305851555154,96,
2016-02-26,15.659520149230955,15.659520149230955,14.673551250523932,14.673551250523932,167,
2016-02-29,15.630522727966309,15.630522727966309,15.630522727966309,15.630522727966309,12,
2016-03-01,16.312000274658203,16.312000274658203,16.312000274658203,16.312000274658203,6,
2016-03-02,16.312000274658203,16.312000274658203,16.312000274658203,16.312000274658203,0,
2016-03-03,15.674016952514648,16.2539990701982,15.674016952514648,16.23949929513946,3739,
2016-03-04,15.674016952514648,15.674016952514648,15.674016952514648,15.674016952514648,0,
2016-03-08,15.94951057434082,15.94951057434082,15.94951057434082,15.94951057434082,64,
2016-03-09,15.94951057434082,15.94951057434082,15.94951057434082,15.94951057434082,0,
2016-03-10,15.94951057434082,15.94951057434082,15.94951057434082,15.94951057434082,0,
2016-03-11,16.674488067626953,16.674488067626953,16.674488067626953,16.674488067626953,64,
2016-03-14,17.508214950561523,17.508214950561523,17.508214950561523,17.508214950561523,12,
2016-03-15,18.37093734741211,18.37093734741211,18.37093734741211,18.37093734741211,12,
2016-03-16,19.277156829833984,19.277156829833984,19.269906941981123,19.269906941981123,128,
2016-03-17,18.3201847076416,20.21237688844992,18.3201847076416,18.486930340938315,411,
2016-03-18,17.406715393066406,18.84942185190735,17.406715393066406,18.84942185190735,199,
2016-03-21,17.406715393066406,17.406715393066406,17.406715393066406,17.406715393066406,0,
2016-03-22,16.549930572509766,17.56050264876823,16.549930572509766,17.56050264876823,38698,
2016-03-23,15.72243309020996,16.549929663109165,15.72243309020996,16.549929663109165,1844,
2016-03-28,14.938873291015623,14.938873291015623,14.938873291015623,14.938873291015623,417,
2016-03-29,14.938873291015623,14.938873291015623,14.938873291015623,14.938873291015623,0,
2016-03-30,14.938873291015623,14.938873291015623,14.938873291015623,14.938873291015623,0,
2016-03-31,14.645954132080078,14.645954132080078,14.645954132080078,14.645954132080078,642,
2016-04-01,14.938873291015623,15.378251442108072,13.91365610940432,13.91365610940432,629,
2016-04-04,14.938873291015623,14.938873291015623,14.938873291015623,14.938873291015623,0,
2016-04-05,14.243189811706545,14.243189811706545,14.243189811706545,14.243189811706545,32,
2016-04-06,13.554829597473145,14.93887269230802,13.554829597473145,14.93887269230802,12,
2016-04-07,13.034899711608888,13.034899711608888,12.888440618047929,12.888440618047929,2248,
2016-04-08,12.390478134155272,12.390478134155272,12.390478134155272,12.390478134155272,642,
2016-04-11,12.390478134155272,12.390478134155272,12.390478134155272,12.390478134155272,0,
2016-04-12,11.775346755981444,11.775346755981444,11.775346755981444,11.775346755981444,2094,
2016-04-13,11.277383804321287,11.77534573753834,11.277383804321287,11.77534573753834,385,
2016-04-18,10.984464645385742,10.984464645385742,10.984464645385742,10.984464645385742,1285,
2016-04-20,10.984464645385742,10.984464645385742,10.984464645385742,10.984464645385742,0,
2016-04-21,10.625638008117676,10.625638008117676,10.625638008117676,10.625638008117676,12,
2016-04-22,10.625638008117676,10.625638008117676,10.625638008117676,10.625638008117676,0,
2016-04-25,10.698869705200195,10.698869705200195,10.698869705200195,10.698869705200195,25,
2016-04-26,11.16021728515625,11.16021728515625,11.13092492873037,11.13092492873037,738,
2016-04-27,11.71676254272461,11.71676254272461,11.71676254272461,11.71676254272461,970,
2016-04-28,12.302603721618652,12.302603721618652,12.302603721618652,12.302603721618652,642,
2016-04-29,12.888440132141112,12.888440132141112,12.888440132141112,12.888440132141112,12,
2016-05-02,12.990962982177734,13.532863550885114,12.449062413470353,13.181359727384065,346,
2016-05-03,12.990962982177734,12.990962982177734,12.990962982177734,12.990962982177734,0,
2016-05-04,13.532861709594728,13.532861709594728,13.532861709594728,13.532861709594728,19,
2016-05-05,14.133345603942873,14.133345603942873,14.133345603942873,14.133345603942873,12,
2016-05-06,14.792413711547852,14.792413711547852,14.792413711547852,14.792413711547852,6,
2016-05-09,14.792413711547852,14.792413711547852,14.792413711547852,14.792413711547852,0,
2016-05-10,14.0601167678833,14.0601167678833,14.0601167678833,14.0601167678833,134,
2016-05-11,14.0601167678833,14.0601167678833,14.0601167678833,14.0601167678833,0,
2016-05-12,14.0601167678833,14.0601167678833,14.0601167678833,14.0601167678833,0,
2016-05-13,14.0601167678833,14.0601167678833,14.0601167678833,14.0601167678833,0,
2016-05-16,14.0601167678833,14.0601167678833,14.0601167678833,14.0601167678833,0,
2016-05-17,14.587369918823242,14.763121352815844,13.693966571668188,14.763121352815844,3495,
2016-05-18,14.587369918823242,14.587369918823242,14.587369918823242,14.587369918823242,0,
2016-05-19,14.038147926330566,14.10405483365312,13.913657201103238,14.089408654817568,1940,
2016-05-20,14.038147926330566,14.038147926330566,14.038147926330566,14.038147926330566,0,
2016-05-23,14.038147926330566,14.038147926330566,14.038147926330566,14.038147926330566,0,
2016-05-24,13.913657188415527,13.913657188415527,13.913657188415527,13.913657188415527,481,
2016-05-25,13.349785804748535,13.401046523691443,13.327816540585603,13.401046523691443,1445,
2016-05-26,14.0161771774292,14.0161771774292,14.0161771774292,14.0161771774292,3212,
2016-05-27,14.71186065673828,14.71186065673828,14.71186065673828,14.71186065673828,3238,
2016-05-30,14.799738883972168,15.444160041176168,13.986888449956318,13.986888449956318,4465,
2016-05-31,14.645954132080078,14.645954132080078,14.06011600269437,14.06011600269437,1162,
2016-06-01,14.645954132080078,14.645954132080078,14.645954132080078,14.645954132080078,642,
2016-06-02,14.645954132080078,14.645954132080078,14.645954132080078,14.645954132080078,0,
2016-06-03,14.645954132080078,14.645954132080078,14.645954132080078,14.645954132080078,0,
2016-06-06,13.986886978149414,14.060116973739508,13.986886978149414,14.060116973739508,4561,
2016-06-07,13.327818870544434,13.335141062441542,13.327818870544434,13.327818870544434,7729,
2016-06-08,13.327818870544434,13.327818870544434,13.327818870544434,13.327818870544434,0,
2016-06-09,13.99420928955078,13.99420928955078,13.188681177711777,13.188681177711777,578,
2016-06-10,13.99420928955078,13.99420928955078,13.99420928955078,13.99420928955078,0,
2016-06-13,14.689891815185549,14.689891815185549,14.689891815185549,14.689891815185549,102,
2016-06-14,15.422189712524414,15.422189712524414,15.422189712524414,15.422189712524414,642,
2016-06-15,16.191099166870117,16.191099166870117,16.191099166870117,16.191099166870117,642,
2016-06-16,15.52471160888672,16.98930606158608,15.52471160888672,16.98930606158608,160,
2016-06-17,15.52471160888672,16.30094647138116,14.792413485099669,14.792413485099669,436,
2016-06-20,16.22771644592285,16.22771644592285,14.748475002793633,15.524710718190626,15433,
2016-06-21,16.22771644592285,16.22771644592285,16.22771644592285,16.22771644592285,0,
2016-06-22,16.22771644592285,16.22771644592285,16.22771644592285,16.22771644592285,0,
2016-06-23,16.22771644592285,16.22771644592285,16.22771644592285,16.22771644592285,0,
2016-06-24,16.22771644592285,16.22771644592285,16.22771644592285,16.22771644592285,0,
2016-06-27,16.22771644592285,16.22771644592285,16.22771644592285,16.22771644592285,0,
2016-06-28,16.22771644592285,16.22771644592285,16.22771644592285,16.22771644592285,0,
2016-06-29,16.989309310913086,17.033247852898775,16.989309310913086,17.033247852898775,1606,
2016-06-30,16.84284782409668,16.84284782409668,16.139842058060896,16.84284782409668,1940,
2016-07-01,17.575145721435547,17.575145721435547,17.575145721435547,17.575145721435547,44,
2016-07-04,18.453901290893555,18.453901290893555,17.121118922732617,18.307441315242706,950,
2016-07-05,18.893280029296875,19.36195053052052,18.3806727903802,19.36195053052052,2621,
2016-07-07,18.307445526123047,18.307445526123047,18.307445526123047,18.307445526123047,6,
2016-07-08,17.575145721435547,17.575145721435547,17.575145721435547,17.575145721435547,950,
2016-07-11,17.575145721435547,18.45390202032624,16.69638762767015,18.45390202032624,5988,
2016-07-12,18.014522552490234,18.1609825232116,16.696386405747127,16.84284637646849,108386,
2016-07-13,17.13576316833496,18.01452112831661,17.13576316833496,18.01452112831661,83,
2016-07-14,16.278980255126953,17.853419368349613,16.278980255126953,16.278980255126953,443,
2016-07-15,17.091829299926758,17.091829299926758,17.091829299926758,17.091829299926758,1413,
2016-07-18,17.216318130493164,17.941293161215338,16.98930596469629,17.941293161215338,4902,
2016-07-19,17.575145721435547,18.073106786532072,17.575145721435547,18.073106786532072,5891,
2016-07-20,18.453901290893555,18.453901290893555,16.8428469433581,16.8428469433581,790,
2016-07-21,18.46854782104492,19.37659645666677,18.45390164371236,18.45390164371236,983,
2016-07-22,17.816801071166992,18.46854695762319,17.721602717830585,18.46854695762319,115,
2016-07-25,17.626407623291016,18.68823947270161,16.930724873146993,18.68823947270161,5705,
2016-07-26,16.916074752807617,18.160981759259613,16.747645524331936,16.84284566796465,796,
2016-07-27,16.66709327697754,17.545851265535642,16.62315474934356,17.545851265535642,488,
2016-07-28,16.33024024963379,16.33024024963379,16.33024024963379,16.33024024963379,6,
2016-07-29,16.447406768798828,17.13576637213216,16.330239138553267,17.13576637213216,167,
2016-08-01,16.447406768798828,16.447406768798828,16.447406768798828,16.447406768798828,0,
2016-08-02,16.586544036865234,16.586544036865234,15.685818420124972,15.685818420124972,411,
2016-08-03,16.34488296508789,16.41811205037756,16.271653879798222,16.41811205037756,64,
2016-08-04,16.886781692504883,17.121116908021214,16.21306839661404,17.121116908021214,1985,
2016-08-05,16.095905303955078,17.113798620987463,16.095905303955078,17.113798620987463,507,
2016-08-08,16.095905303955078,16.095905303955078,16.095905303955078,16.095905303955078,0,
2016-08-09,15.685818672180176,16.828202662238166,15.539358680028554,15.539358680028554,9991,
2016-08-10,15.290375709533691,16.110549071102078,15.290375709533691,16.110549071102078,38,
2016-08-11,16.051965713500977,16.051965713500977,16.051965713500977,16.051965713500977,32,
2016-08-12,16.850168228149414,16.850168228149414,16.850168228149414,16.850168228149414,745,
2016-08-16,17.692312240600586,17.692312240600586,16.98930645620586,17.692312240600586,5454,
2016-08-17,17.428686141967773,18.5710700748233,16.94536944848088,18.49783918497695,5660,
2016-08-18,17.44333267211914,18.29279665248951,16.696388349854033,18.23421373430439,2306,
2016-08-19,18.31476402282715,18.31476402282715,17.575144661179763,18.160982756723268,308,
2016-08-22,19.230138778686523,19.230138778686523,19.230138778686523,19.230138778686523,835,
2016-08-23,20.1894474029541,20.1894474029541,20.1894474029541,20.1894474029541,64,
2016-08-24,21.19269561767578,21.19269561767578,21.19269561767578,21.19269561767578,938,
2016-08-25,22.247203826904297,22.247203826904297,22.247203826904297,22.247203826904297,38,
2016-08-26,23.35297393798828,23.35297393798828,23.35297393798828,23.35297393798828,186,
2016-08-29,24.5173282623291,24.5173282623291,24.5173282623291,24.5173282623291,231,
2016-08-30,25.740264892578125,25.740264892578125,25.740264892578125,25.740264892578125,64,
2016-08-31,27.021785736083984,27.021785736083984,27.021785736083984,27.021785736083984,1207,
2016-09-01,28.36921501159668,28.36921501159668,28.36921501159668,28.36921501159668,334,
2016-09-02,29.782546997070312,29.782546997070312,29.782546997070312,29.782546997070312,12464,
2016-09-06,28.84520721435547,31.26911192953067,28.295982730513494,31.26911192953067,6926,
2016-09-07,29.518922805786133,30.280511537919896,27.717469739683903,30.280511537919896,8802,
2016-09-08,28.76465606689453,29.14545133964884,28.105588775295647,28.12023495442561,886,
2016-09-09,28.266691207885746,29.27726128016328,27.329350226686408,29.27726128016328,6804,
2016-09-12,28.706069946289062,29.29190807182813,28.04700272813562,28.559609966185626,20676,
2016-09-14,29.13812255859375,29.145445646728326,27.402577593817234,27.402577593817234,44,
2016-09-15,29.13812255859375,29.13812255859375,29.13812255859375,29.13812255859375,0,
2016-09-16,27.82731437683105,29.14545072720525,27.68817747289505,28.99899073385816,1419,
2016-09-19,28.8378849029541,29.14544925809248,26.50917669022869,26.50917669022869,539,
2016-09-20,29.013633728027344,30.02420559683557,28.134877454150264,28.852529368416363,8931,
2016-09-21,28.19346046447754,30.44893945548534,28.120231373029096,30.44893945548534,3733,
2016-09-22,29.284582138061523,29.577500274936508,27.095011122601264,29.13812217218677,867,
2016-09-23,29.26261711120605,30.01688451903638,28.0470040645848,28.0470040645848,13203,
2016-09-26,29.36513328552246,30.610040259646528,27.841954360321715,27.841954360321715,15362,
2016-09-27,29.57018280029297,29.701996615115394,28.369215877785606,28.369215877785606,10601,
2016-09-28,31.04210090637207,31.04210090637207,28.63284228030879,29.731287698628005,25854,
2016-09-29,31.09336471557617,32.58724987153862,30.024209783691376,32.58724987153862,20014,
2016-09-30,31.488800048828125,32.506695008309435,29.76790114574321,29.76790114574321,21640,
2016-10-03,33.063236236572266,33.063236236572266,30.053493728829647,33.063236236572266,2499,
2016-10-04,34.71091079711914,34.71091079711914,34.71091079711914,34.71091079711914,1779,
2016-10-05,36.44645690917969,36.44645690917969,36.44645690917969,36.44645690917969,134,
2016-10-06,38.26255798339844,38.26255798339844,38.26255798339844,38.26255798339844,2839,
2016-10-07,40.1738510131836,40.1738510131836,40.1738510131836,40.1738510131836,1458,
2016-10-10,42.18035507202149,42.18035507202149,42.18035507202149,42.18035507202149,12,
2016-10-13,44.28936004638672,44.28936004638672,44.28936004638672,44.28936004638672,14218,
2016-10-14,46.50090026855469,46.50090026855469,46.50090026855469,46.50090026855469,3141,
2016-10-17,48.8222885131836,48.8222885131836,48.8222885131836,48.8222885131836,4176,
2016-10-18,51.26083755493164,51.26083755493164,51.26083755493164,51.26083755493164,70,
2016-10-19,53.82388305664063,53.82388305664063,53.82388305664063,53.82388305664063,2133,
2016-10-20,56.511417388916016,56.511417388916016,56.511417388916016,56.511417388916016,199,
2016-10-21,59.33076095581055,59.33076095581055,59.33076095581055,59.33076095581055,6309,
2016-10-24,62.296573638916016,62.296573638916016,62.296573638916016,62.296573638916016,122,
2016-10-25,65.40882873535156,65.40882873535156,65.40882873535156,65.40882873535156,70,
2016-10-26,68.67488098144531,68.67488098144531,68.67488098144531,68.67488098144531,70,
2016-10-27,70.13215637207031,72.10203867272179,65.24772761152923,72.10203867272179,62652,
2016-10-28,73.63253784179688,73.63253784179688,67.66430662705626,73.63253784179688,53875,
2016-11-01,81.1678695678711,81.1678695678711,77.47708360651808,79.82043578384663,48150,
2016-11-02,83.6576919555664,85.2028422176864,77.11095081096215,85.2028422176864,15536,
2016-11-03,87.58280181884766,87.72926358674992,84.6536095377929,86.33789833017367,21884,
2016-11-04,84.54377746582031,87.14343838689234,83.20367360207037,87.14343838689234,14051,
2016-11-07,80.31842041015625,84.11172345174667,80.31842041015625,84.09707727229652,1175,
2016-11-08,76.305419921875,76.31274301045472,76.305419921875,76.31274301045472,1117,
2016-11-09,72.49015045166016,72.49015045166016,72.49015045166016,72.49015045166016,289,
2016-11-10,68.87261962890625,68.87261962890625,68.87261962890625,68.87261962890625,873,
2016-11-11,68.83599853515625,68.87261398555103,65.43081190494318,65.43081190494318,10338,
2016-11-15,65.39418029785156,68.98243611400139,65.39418029785156,68.98243611400139,2216,
2016-11-16,62.12814331054688,62.12814331054688,62.12814331054688,62.12814331054688,134,
2016-11-17,59.023193359375,59.023193359375,59.023193359375,59.023193359375,1754,
2016-11-18,56.07204055786133,58.876740690177336,56.07204055786133,56.07204055786133,3919,
2016-11-21,53.31127548217773,53.31127548217773,53.31127548217773,53.31127548217773,64,
2016-11-22,50.64570999145508,50.67500234645078,50.64570999145508,50.64570999145508,912,
2016-11-23,48.14125061035156,48.331647332320046,48.11928134361488,48.11928134361488,5769,
2016-11-24,50.52853775024414,50.54318392692423,45.78324830087789,45.78324830087789,6855,
2016-11-25,53.032997131347656,53.054966395981005,48.00211091504272,48.00211091504272,10068,
2016-11-28,55.68392181396485,55.68392181396485,54.19003668349798,54.19003668349798,1336,
2016-11-29,58.46665573120117,58.46665573120117,58.46665573120117,58.46665573120117,719,
2016-11-30,61.38853073120117,61.38853073120117,61.38853073120117,61.38853073120117,3437,
2016-12-01,63.72455596923828,64.45685056452184,58.730280696026,64.45685056452184,8294,
2016-12-02,60.83929443359375,64.44219661842163,60.55369397584603,63.56344033819526,4638,
2016-12-05,62.831146240234375,62.831146240234375,59.75549205991935,62.60413049029025,301,
2016-12-06,64.47149658203125,65.90680059032951,62.9776078575372,65.60656109932562,2820,
2016-12-07,63.45359420776367,65.46741487765395,62.24530611352873,62.24530611352873,1085,
2016-12-08,61.85719680786133,65.89947761700263,61.073633406860544,65.89947761700263,1721,
2016-12-09,59.82872772216797,61.5862404343371,59.60903863314682,61.5862404343371,1792,
2016-12-12,62.684688568115234,62.684688568115234,58.144441477360495,59.82872686214449,1580,
2016-12-13,61.73270034790039,62.68468756803585,60.32668878490799,62.68468756803585,51,
2016-12-14,59.46989822387695,60.04109199273151,59.02319696940717,59.02319696940717,1201,
2016-12-15,59.50651550292969,60.86859216530426,59.48454623500835,60.86859216530426,963,
2016-12-16,58.02726745605469,59.53580217065974,56.8995297592792,59.53580217065974,983,
2016-12-19,56.09400177001953,58.58381229378513,55.87431271173872,58.58381229378513,436,
2016-12-20,55.947547912597656,56.09400969865267,55.80841280559505,56.09400969865267,552,
2016-12-21,57.375526428222656,58.43735997444861,55.65462564110621,55.830379777143285,8378,
2016-12-22,60.23881149291992,60.23881149291992,56.39424718126837,58.43003721726269,8301,
2016-12-23,59.50651550292969,63.24856029261912,58.73027880562478,63.24856029261912,5429,
2016-12-26,59.46257781982422,60.78071596525918,56.53338872171819,57.85884636681558,6508,
2016-12-27,59.030521392822266,60.77339150535827,57.851521972805166,57.851521972805166,2730,
2016-12-28,57.045989990234375,58.70098653641717,56.5333845385643,58.58381711449296,7080,
2016-12-29,58.58381652832031,58.58381652832031,55.94754404864727,55.95486713744426,693,
2016-12-30,58.43003845214844,58.57649664635685,56.460156175909965,56.460156175909965,1034,
2017-01-02,56.24778747558594,59.9239206402592,55.54478171562356,57.11922068925561,23599,
2017-01-03,58.58381652832031,58.58381652832031,55.81573204005085,55.81573204005085,8204,
2017-01-04,57.26567840576172,58.57648967774636,56.167229515753085,56.167229515753085,1317,
2017-01-05,57.419464111328125,60.12164083586024,57.26568283432409,60.12164083586024,546,
2017-01-06,58.40074157714844,59.601710163942485,56.394244010154345,58.43003393167382,1747,
2017-01-09,58.10049819946289,59.16233168591481,55.48619506032357,55.74249957119992,21588,
2017-01-10,59.6895866394043,60.83929725334424,58.312867445975634,60.02644514363661,5204,
2017-01-11,57.89545822143555,59.68958629808338,57.70506149828407,59.68958629808338,2499,
2017-01-12,56.137943267822266,58.58381913745438,55.65462656519436,57.85152099438937,7665,
2017-01-13,55.12736892700195,58.29089282792974,54.62940610024034,55.98415590230548,6778,
2017-01-16,56.82630157470703,56.972763353815495,55.07611203235682,55.07611203235682,610,
2017-01-17,55.08343124389648,56.21849200334078,54.99555418261722,54.99555418261722,2499,
2017-01-18,56.37960052490234,56.37960052490234,53.45773468822356,53.45773468822356,192,
2017-01-19,54.70263671875,55.64729715966037,54.409716776822826,54.56349804120374,2364,
2017-01-20,53.52364349365234,57.43411205716588,52.06637029757675,57.43411205716588,1734,
2017-01-23,53.23072052001953,54.153415337968745,52.74008075622122,53.552929243581545,1760,
2017-01-24,50.62373733520508,54.10947350003186,50.601768070429465,52.74007753418017,3302,
2017-01-25,48.11927795410156,52.967090677528645,48.097312278661605,52.967090677528645,2929,
2017-01-27,50.52122116088867,50.52122116088867,45.739319244433695,50.49192880376036,9849,
2017-01-30,49.642459869384766,49.81088731637381,48.00943625012336,49.79624113926612,6926,
2017-01-31,48.14125061035156,49.649785387773896,47.23320194423306,48.917487265799416,6341,
2017-02-01,46.7205924987793,49.766954383119845,45.86380546240192,49.75963129427048,1728,
2017-02-02,47.46753692626953,49.05662567257349,46.8743774970439,48.91016389517251,4176,
2017-02-03,49.84018325805664,49.84018325805664,49.41545127086051,49.79624472357092,2981,
2017-02-06,52.31535339355469,52.31535339355469,51.88329471164129,51.88329471164129,1458,
2017-02-07,51.297454833984375,53.95569659955545,51.297454833984375,52.72543562138004,1638,
2017-02-08,51.42194366455078,53.31127186673142,49.80356615962271,50.52854118532571,205,
2017-02-09,53.9117546081543,53.99230858034501,53.88978534301138,53.897108431392354,1445,
2017-02-10,55.65462875366211,56.60661601810598,55.65462875366211,55.94754874035631,3803,
2017-02-13,56.62126159667969,57.11922449185596,53.06961711619429,55.94754814724993,5043,
2017-02-14,55.50084686279297,56.97276627993378,54.6294135913388,56.82630449330305,122,
2017-02-15,52.73276138305664,54.20468077816276,52.73276138305664,54.20468077816276,5583,
2017-02-16,50.09648513793945,53.94104926621521,50.09648513793945,53.94104926621521,11970,
2017-02-17,48.8881950378418,50.382083641341566,48.63189051499381,50.23562545246392,1503,
2017-02-20,49.14450073242188,51.15099842945772,49.0639503420059,51.14367534035176,796,
2017-02-21,51.59769821166992,51.59769821166992,50.52854159173602,50.52854159173602,3103,
2017-02-22,53.76529693603516,54.17538632685845,53.30394951238974,54.17538632685845,3533,
2017-02-23,51.136356353759766,56.07936651210287,51.077771636212034,51.077771636212034,989,
2017-02-27,52.190860748291016,53.692072522955215,51.26816585139487,51.26816585139487,4343,
2017-02-28,54.79783630371094,54.79783630371094,52.7327575990647,53.216074273529706,7080,
2017-03-01,57.53662490844727,57.53662490844727,57.53662490844727,57.53662490844727,481,
2017-03-02,60.40724563598633,60.40724563598633,60.40724563598633,60.40724563598633,1137,
2017-03-03,63.4243049621582,63.4243049621582,62.60413334842944,63.4243049621582,15272,
2017-03-06,61.38853073120117,66.49264553627198,60.780721434798174,66.49264553627198,4311,
2017-03-07,58.320194244384766,62.24531276183489,58.320194244384766,58.320194244384766,8738,
2017-03-08,56.56267547607422,59.53580281612485,56.24046316360964,58.32018804288268,8185,
2017-03-09,57.07529067993164,59.30879707353091,55.65462926975327,55.65462926975327,8198,
2017-03-10,57.74168014526367,58.58382106310738,56.386926561700335,58.58382106310738,2974,
2017-03-14,58.14444351196289,59.46257807326632,57.41214533687775,57.85152352397889,6579,
2017-03-15,61.05165863037109,61.05165863037109,58.87673713147928,58.87673713147928,9490,
2017-03-16,64.09801483154297,64.09801483154297,63.7098983350564,64.09801483154297,15812,
2017-03-17,67.29815673828125,67.29815673828125,67.29815673828125,67.29815673828125,3829,
2017-03-20,70.65941619873047,70.65941619873047,67.45195313901175,70.63744692944131,27281,
2017-03-21,74.18907165527344,74.18907165527344,70.73995457408097,74.09387868886225,27249,
2017-03-22,77.89817810058594,77.89817810058594,74.47553336528026,75.5992793854866,21762,
2017-03-23,81.79087829589844,81.79087829589844,80.35865634705064,81.77618861844905,11211,
2017-03-24,77.70719909667969,84.30276291037151,77.70719909667969,84.30276291037151,16711,
2017-03-27,73.82184600830078,73.82184600830078,73.82184600830078,73.82184600830078,5159,
2017-03-28,70.1347885131836,70.1347885131836,70.1347885131836,70.1347885131836,2190,
2017-03-29,68.48957061767578,71.44215230542143,66.63135539646755,66.63135539646755,21151,
2017-03-30,65.06692504882812,68.4528449048873,65.06692504882812,65.36806340183068,11738,
2017-03-31,62.25390625,65.99237177816659,61.84260245760876,61.84260245760876,1818,
2017-04-03,64.65562438964844,65.22116973221776,61.69569778955814,65.22116973221776,9123,
2017-04-05,61.475364685058594,63.16464880675745,61.42395081342851,61.76915103640811,18928,
2017-04-06,58.4052619934082,58.77250031261072,58.4052619934082,58.77250031261072,5660,
2017-04-07,59.42618560791016,61.3211252845582,55.48941307363481,58.75781605381694,16075,
2017-04-10,60.3809928894043,62.39344974466457,59.05159878312116,61.51942840409228,7838,
2017-04-11,58.912052154541016,60.20472578660694,58.32447584935555,59.051604092315536,1998,
2017-04-12,60.36630630493164,60.51320307585307,57.52389699253463,58.31712875427719,1856,
2017-04-13,60.21207046508789,61.68835786315592,57.766275145243895,61.68835786315592,1606,
2017-04-17,58.39791488647461,61.10812414383091,57.79564896293719,60.07985761009038,8314,
2017-04-18,57.501861572265625,60.2120673486069,56.57642633166397,56.57642633166397,9991,
2017-04-19,54.67414093017578,57.25948440348737,54.630071900440015,56.77473227721576,23162,
2017-04-20,56.04026412963867,56.70128878953727,54.94589760118702,55.81991897592813,9926,
2017-04-21,53.58712387084961,57.05383360227743,53.28598909574937,57.05383360227743,10100,
2017-04-24,53.322715759277344,53.61650570956701,50.97240335778236,53.61650570956701,5448,
2017-04-25,55.98884963989258,55.98884963989258,54.732900279717725,54.732900279717725,1619,
2017-04-26,58.78719329833984,58.78719329833984,58.78719329833984,58.78719329833984,1413,
2017-04-27,61.7250862121582,61.7250862121582,61.7250862121582,61.7250862121582,835,
2017-04-28,64.80986785888672,64.80986785888672,64.80986785888672,64.80986785888672,16217,
2017-05-02,68.04888916015625,68.04888916015625,66.54321892818112,68.04154432193947,25803,
2017-05-03,71.44950103759766,71.44950103759766,71.44950103759766,71.44950103759766,6341,
2017-05-04,75.00433349609375,75.00433349609375,75.00433349609375,75.00433349609375,267,
2017-05-05,78.75015258789062,78.75015258789062,75.00434271509393,78.75015258789062,16507,
2017-05-08,74.82807159423828,82.67223614121403,74.82807159423828,82.67223614121403,7398,
2017-05-09,71.12633514404297,71.12633514404297,71.12633514404297,71.12633514404297,1822,
2017-05-10,67.6008529663086,67.6008529663086,67.6008529663086,67.6008529663086,2438,
2017-05-11,64.25166320800781,64.25166320800781,64.25166320800781,64.25166320800781,10365,
2017-05-12,67.4245834350586,67.4245834350586,61.07874418514477,61.07874418514477,9497,
2017-05-15,70.7737808227539,70.7737808227539,70.42123578972253,70.42123578972253,5170,
2017-05-16,74.29925537109375,74.29925537109375,67.29238028810381,74.25518634031074,10204,
2017-05-17,72.18396759033203,78.00099299348682,70.95005638397573,77.56030990544373,16031,
2017-05-18,73.32975006103516,75.70944168563672,70.50937533564235,75.70944168563672,10948,
2017-05-19,69.67208099365234,74.8721480922678,69.67208099365234,74.8721480922678,1945,
2017-05-22,66.85169219970703,69.62799772723069,66.1906711888613,69.62799772723069,4598,
2017-05-23,63.590633392333984,65.88218677573052,63.54656436565123,63.72284047238225,4090,
2017-05-24,63.01775741577149,65.22117298946205,60.41772055807669,60.90247270437083,9416,
2017-05-25,64.03133392333984,66.10254993908279,59.88890909267728,60.28552324018004,3221,
2017-05-26,60.85840606689453,61.25502016567883,60.85840606689453,61.25502016567883,4149,
2017-05-29,57.81769180297852,61.651636639908624,57.81769180297852,60.46179429771095,2989,
2017-05-30,56.407501220703125,59.932969821971376,54.95324474760288,54.95324474760288,3759,
2017-05-31,53.58712387084961,59.22787337300104,53.58712387084961,56.84818172672953,14140,
2017-06-01,50.94302749633789,51.031165567592566,50.94302749633789,51.031165567592566,974,
2017-06-02,53.23458099365234,53.454922569924015,48.4311317506009,48.47519718552613,7372,
2017-06-05,51.075225830078125,55.87867427973468,50.59047372226563,55.83460525167703,29788,
2017-06-06,50.634544372558594,52.61762203640866,48.9158809043271,52.61762203640866,5436,
2017-06-07,53.01424026489258,53.14644737301594,48.82774664839216,48.82774664839216,17410,
2017-06-08,53.27864456176758,55.4820636987904,50.810818440680144,55.4820636987904,4907,
2017-06-09,54.29221725463867,54.55662783612297,51.29556999850158,51.29556999850158,2114,
2017-06-12,51.60404968261719,55.96681918699556,51.60404968261719,53.67526545158678,11517,
2017-06-13,50.06165313720703,52.88202775899837,49.3565594817592,49.3565594817592,7722,
2017-06-14,49.3565673828125,51.912531842921126,47.593831161806754,47.593831161806754,6411,
2017-06-15,51.82438659667969,51.82438659667969,48.03451126702496,49.18028803186163,1575,
2017-06-16,51.95659255981445,52.88202775753851,51.11929181876217,51.82438547419054,8686,
2017-06-19,49.40063095092773,52.88203037162207,49.40063095092773,52.0006641588713,12272,
2017-06-20,48.607398986816406,50.67861101789499,47.32941870399411,49.79724480899534,5752,
2017-06-21,48.607398986816406,50.19385888291798,47.81416723856013,48.47519189523487,2542,
2017-06-22,48.73960876464844,49.75317852058085,47.59382830943678,49.75317852058085,6763,
2017-06-23,48.82773971557617,49.35656087216195,46.71245868964398,47.59382488367966,6806,
2017-06-27,46.756534576416016,49.57690969127552,46.71246554016919,49.57690969127552,1976,
2017-06-28,48.03451156616211,48.03451156616211,45.91922694047718,46.75652770487928,625,
2017-06-29,47.06501007080078,48.03451438091426,45.74295710227734,47.681965722504295,5510,
2017-06-30,47.020938873291016,47.417552945379725,44.72938170017264,47.417552945379725,3917,
2017-07-03,46.49212265014648,47.15314737400034,45.4344838120626,47.15314737400034,799,
2017-07-04,45.831092834472656,46.93280058516302,45.831092834472656,46.09550341472054,1092,
2017-07-05,47.020938873291016,47.99044313876206,44.20056413752468,47.06500790361442,5746,
2017-07-06,49.3565673828125,49.3565673828125,44.72938705292955,47.37348958423247,7073,
2017-07-07,48.82773971557617,50.23792706619763,47.59382488367966,50.23792706619763,3873,
2017-07-10,49.488765716552734,50.94302213678885,48.25485445127151,48.25485445127151,610,
2017-07-11,50.590476989746094,51.95659534530161,47.153142984994325,51.78032282209693,10004,
2017-07-12,49.92945098876953,51.5599800031991,49.66504039177944,51.5599800031991,1067,
2017-07-13,51.38370895385742,52.265078836045824,49.3565657856878,49.88538699491858,2845,
2017-07-14,51.91252136230469,53.76339168042118,49.665033404298455,53.76339168042118,7651,
2017-07-17,51.075225830078125,52.88202717715519,50.28199412627291,52.88202717715519,2269,
2017-07-18,50.85488510131836,50.85488510131836,50.06165692911347,50.50234004709643,2166,
2017-07-19,50.8989486694336,50.98708672373342,49.53283043025062,49.620968484550446,1322,
2017-07-20,51.55997848510742,52.39727928432508,49.57690446668661,52.39727928432508,989,
2017-07-21,49.40063095092773,50.54640774758593,49.00401327486109,49.57690347339569,2747,
2017-07-24,48.47519302368164,50.19386005137335,47.770099320065945,49.35656285350956,1819,
2017-07-25,50.0175895690918,50.67861426816127,48.47519500418514,50.67861426816127,2006,
2017-07-26,48.47519302368164,50.06165655712525,47.63789582581785,47.63789582581785,2180,
2017-07-27,46.93279647827149,50.45826457239274,46.27177188570075,48.47518719426988,2638,
2017-07-28,45.17007064819336,48.38705961595021,44.597180426335264,47.02094121048695,9146,
2017-07-31,44.81752395629883,45.8310973469764,42.92258427829015,44.94973105964529,8538,
2017-08-01,45.831092834472656,46.13957244483034,44.06835683295712,44.06835683295712,3131,
2017-08-02,44.332763671875,45.831088966696015,43.75987713002743,44.06835311394125,3208,
2017-08-03,46.44805145263672,46.53618951854496,44.68531893776149,45.610754228153226,18033,
2017-08-04,46.58026123046875,47.32942403254179,45.43448430982057,46.71246473652334,5071,
2017-08-07,48.43112564086914,51.07522782297911,47.37348332786078,51.07522782297911,1538,
2017-08-08,48.210784912109375,51.11929412151312,47.1531425811182,47.2853496726976,4202,
2017-08-09,47.50569152832031,48.47519220403941,46.27177666775372,48.47519220403941,4386,
2017-08-10,45.17007064819336,48.47519408056681,44.72938392346574,47.50569336731729,5214,
2017-08-11,44.509037017822266,46.7124559752866,41.51238997198293,44.2886954821169,7657,
2017-08-14,46.13957214355469,47.593824924805816,42.349693185433296,44.0683565452058,2987,
2017-08-16,47.28535079956055,47.28535079956055,44.15649636296038,45.25820415032196,564,
2017-08-17,47.06501007080078,47.10907550274228,44.33276966945975,44.33276966945975,414,
2017-08-18,46.58026123046875,48.387062882212646,45.08193562632268,48.387062882212646,161,
2017-08-21,46.93279647827149,48.47518719426988,44.99378812640214,48.47518719426988,4759,
2017-08-22,46.05143737792969,46.93280363577032,44.9497295556289,44.9497295556289,4192,
2017-08-23,46.71245956420898,46.71245956420898,45.61075180103788,45.8310933536721,4415,
2017-08-24,46.66838836669922,46.66838836669922,45.12599756987576,45.39040814084195,757,
2017-08-28,47.06501007080078,49.26842568432129,45.87516419933525,45.87516419933525,1595,
2017-08-29,45.87516021728516,47.59382352656572,45.17006656207982,46.05143273098378,1086,
2017-08-30,46.00736618041992,47.37348453588257,45.83109365722724,47.15314298178895,679,
2017-08-31,46.71245956420898,46.71245956420898,45.8310933536721,46.09550393691536,1414,
2017-09-01,45.91923141479492,47.59382950635914,44.949730667436846,45.83109694707761,5858,
2017-09-04,49.2684211730957,50.5023359639314,46.75652616351763,47.59382329990672,19460,
2017-09-05,49.2243537902832,50.23792339927834,48.9158742047226,50.193854372711016,3464,
2017-09-06,48.47519302368164,50.59047773493979,47.59382679426479,50.59047773493979,5217,
2017-09-07,52.57355117797852,53.322713904980006,46.27177694569136,47.63789530647647,126096,
2017-09-08,57.81769180297852,57.81769180297852,54.55663361965343,55.349865448196574,51428,
2017-09-11,59.22787857055664,60.68213150386442,59.09567506767823,59.712630748463006,42406,
2017-09-12,59.00753021240234,60.72619355421594,56.27529359691649,59.0515992417639,13516,
2017-09-13,56.31936264038086,60.59399755580805,56.099021079842686,60.54992852361819,10071,
2017-09-14,53.543060302734375,58.83126530070797,53.543060302734375,56.3193663064854,12378,
2017-09-15,51.11929321289063,56.187156024724175,50.898951664585766,56.187156024724175,18907,
2017-09-18,53.67526245117188,53.67526245117188,50.237928439792384,50.237928439792384,17428,
2017-09-19,56.31936264038086,56.31936264038086,53.67526391392282,53.67526391392282,9606,
2017-09-20,59.09567260742188,59.09567260742188,58.6109204496966,58.6109204496966,9394,
2017-09-21,62.04825973510742,62.04825973510742,62.04825973510742,62.04825973510742,9363,
2017-09-22,64.78048706054688,65.13303209685776,59.05159961700211,65.13303209685776,48125,
2017-09-25,67.0279769897461,67.9974813186362,65.26524446479041,67.9974813186362,104406,
2017-09-26,65.44151306152344,68.70257109631339,64.33980883948158,67.20425277827069,18013,
2017-09-27,64.51607513427734,66.76356692114751,64.33980621038111,65.66185554330221,11435,
2017-09-28,62.40079116821289,64.33979953567027,61.29907990466084,64.29573050906247,5962,
2017-09-29,61.96011352539063,65.13303331307989,61.695699342603696,62.1363824464266,6868,
2017-10-03,60.417724609375,64.2516730052567,59.31601674865493,64.2516730052567,13996,
2017-10-04,62.00418472290039,62.75334386533583,59.09567181552359,59.09567181552359,8360,
2017-10-05,62.00418472290039,62.57706773731703,61.034680420441454,61.69570149886749,5563,
2017-10-06,61.475364685058594,62.57706890323605,59.93297013862331,61.69570264836514,16412,
2017-10-09,63.590633392333984,67.24831220125324,60.81432791624849,60.902465969614,27727,
2017-10-10,63.45844268798828,65.9262653340946,61.69570296828354,62.57706922772472,24047,
2017-10-11,61.871978759765625,63.50251137132796,61.78384069414241,63.45844233851636,2713,
2017-10-12,63.50249862670898,64.78047871929456,61.69569024651721,61.69569024651721,7395,
2017-10-13,63.23808670043945,65.13302599419343,62.57705851857272,63.81097683128113,8015,
2017-10-16,59.93296813964844,66.93983611290868,59.13973997688603,66.93983611290868,21026,
2017-10-17,55.92274475097656,62.40079483153624,54.68882993557317,62.09231162717178,67908,
2017-10-18,58.96346282958984,59.932967100973855,56.40749865976428,56.40749865976428,15254,
2017-10-19,59.71263122558594,62.57707168107067,59.49228965208711,61.255022240077714,11192,
2017-10-23,58.87532806396485,62.13638230473587,58.61091748219185,62.13638230473587,5190,
2017-10-24,59.536354064941406,61.475362641530985,59.09567095215488,61.475362641530985,11938,
2017-10-25,59.316017150878906,60.81433913153612,58.61092339515453,60.77027009672622,8020,
2017-10-26,62.00418472290039,65.22117365348787,59.09567181552359,59.13974084752829,6311,
2017-10-27,62.75334548950195,63.54657368447222,61.60757223019184,62.57706935692082,18518,
2017-10-30,61.03468322753906,62.66520868341491,60.90247612544452,61.7397733703982,12274,
2017-10-31,60.2855110168457,61.38722235939138,60.10923849818633,60.9024702327699,5415,
2017-11-01,61.43129348754883,63.41437109154091,57.55327634211048,62.18045261754392,10510,
2017-11-02,60.50586318969727,63.45844532195349,60.02111100680181,63.45844532195349,7671,
2017-11-03,60.329586029052734,61.69570080291019,59.93296834589559,59.93296834589559,7893,
2017-11-06,61.07875061035156,62.35673096024858,60.85840544615085,61.695702668468826,10827,
2017-11-07,60.2855110168457,63.19402377657455,59.05159978581916,61.69569836694255,14181,
2017-11-08,60.1973762512207,61.56349816500517,59.93296567437245,60.28551070989618,3634,
2017-11-09,58.17023468017578,60.06517059192763,57.2447994393903,60.06517059192763,18141,
2017-11-10,54.42441940307617,59.05159906432929,52.52947994951013,59.05159906432929,23293,
2017-11-13,54.29221725463867,56.14308772461779,53.36678201964912,54.64476229634376,7938,
2017-11-14,54.33628845214844,56.14308996387565,53.763398236014325,55.30579275612239,1418,
2017-11-15,52.30913925170898,54.64476183460523,49.44469551031259,52.88202944015264,6327,
2017-11-16,52.22101211547852,54.64476949774792,52.00067053527221,54.64476949774792,2574,
2017-11-17,57.42107391357422,57.42107391357422,52.9701700802795,53.63119476039852,18789,
2017-11-20,60.0211067199707,63.14995756746913,57.50920791513147,61.69570112264875,35026,
2017-11-21,59.40415191650391,62.00418897914834,59.05160683708825,60.02111120609835,24138,
2017-11-22,59.93296813964844,61.56350069735129,59.71262658327987,59.7566956146358,17398,
2017-11-23,59.00753021240234,60.63806269631462,57.37700132890097,59.93296542735148,14183,
2017-11-24,58.52277374267578,59.93296097501952,58.17022873479516,59.0075258288196,4275,
2017-11-27,58.08209991455078,60.81433676134155,57.37700618630692,60.81433676134155,12102,
2017-11-28,59.00753021240234,59.75669291031614,58.21429848512698,58.61091614897011,6489,
2017-11-29,58.91939163208008,59.93296489677941,58.21429796976986,58.21429796976986,2161,
2017-11-30,57.81769180297852,61.82791277985911,56.93632550487149,59.139744850550414,19749,
2017-12-01,57.42107391357422,59.49228601811158,57.42107391357422,58.610919777952894,5125,
2017-12-04,57.37700271606445,59.05160066941297,56.93631961261658,56.98038864304356,1955,
2017-12-05,56.58377456665039,56.848185165609934,55.5702048044519,55.70240830372606,7071,
2017-12-06,55.9668197631836,57.77362135004055,55.65834012625268,57.77362135004055,1276,
2017-12-07,57.11259460449219,59.095672256202654,54.732902862604085,54.732902862604085,4188,
2017-12-08,56.451568603515625,60.37365118267636,56.05495452259237,60.37365118267636,3273,
2017-12-11,56.054954528808594,60.770265270338754,51.38370561776625,60.72619623902882,11299,
2017-12-12,54.90917205810547,56.62783901189046,53.939667807273466,53.939667807273466,5887,
2017-12-13,56.451568603515625,57.20073133446816,53.19051069269735,53.19051069269735,12476,
2017-12-14,57.64141845703125,59.0075369200673,53.98374261040011,56.40750349669717,13514,
2017-12-15,55.129512786865234,56.231224110301866,53.58712197462916,54.64476066865173,31254,
2017-12-18,54.73290252685547,55.96681742256362,54.2481503749848,54.90917505469631,3081,
2017-12-19,55.21765899658203,56.36343591776054,54.24815461702836,54.7329068068052,6326,
2017-12-20,55.6142692565918,57.06852572501995,54.204081820615,54.99731360350613,4030,
2017-12-21,56.89225387573242,59.05160408796249,56.27529821527149,57.28886797171365,7535,
2017-12-22,57.24480056762695,57.641414649948736,55.746475100438566,56.93632094781498,6398,
2017-12-26,58.56685256958008,59.13974280376917,55.79054666638196,59.13974280376917,7823,
2017-12-27,57.94989776611328,59.93297189778017,56.84818631477595,58.83126404685412,10557,
2017-12-28,58.30244064331055,59.49228651768061,57.2888672983702,57.2888672983702,6710,
2017-12-29,58.91939163208008,61.695697252349525,58.170232541209295,61.695697252349525,6141,
2018-01-01,58.65498352050781,60.81432989408346,57.64141027548318,60.726191837851474,14797,
2018-01-02,57.46514129638672,59.97703644891081,57.2888651730853,59.97703644891081,2226,
2018-01-03,59.62449264526367,61.69570485857465,54.7769744694032,54.7769744694032,9398,
2018-01-04,61.651634216308594,61.695703249563806,59.97703975590011,61.563503350620586,13327,
2018-01-05,62.97369384765625,63.149962788350855,60.417725799768064,61.65163718792142,18811,
2018-01-08,61.96011352539063,64.33980516636306,61.12281634820931,63.45843895871727,6808,
2018-01-09,61.25502014160156,62.136386405403,59.536356647271006,61.51943434123545,5782,
2018-01-10,60.7261962890625,62.35672884640695,59.88889909512822,62.35672884640695,8365,
2018-01-11,60.8143310546875,63.458436788000185,60.8143310546875,60.90246911260154,5715,
2018-01-12,58.34650802612305,64.29573722976906,57.7295487899458,64.29573722976906,11087,
2018-01-15,57.90582656860352,59.75669712917434,57.8176885036578,59.40414846980263,6027,
2018-01-16,59.09567260742188,65.22117452746956,55.526134973375136,58.87533104485686,22518,
2018-01-17,58.74311828613281,59.71262250815449,56.49563384447223,56.49563384447223,9622,
2018-01-18,58.74311828613281,59.932964049485705,57.46513806649392,57.905821149156345,4907,
2018-01-19,58.83125686645508,59.05159840974744,57.59734206377136,57.72954554958243,3498,
2018-01-22,60.638065338134766,61.34315543699479,58.17023559048047,58.91939472062201,6292,
2018-01-23,59.18381118774414,61.34316153136788,58.78719706762946,61.29909249570816,2084,
2018-01-24,58.34650802612305,62.13638350355975,57.50920723428565,62.13638350355975,3876,
2018-01-25,56.89225387573242,59.05160408796249,56.45157074677301,58.17023783004367,3815,
2018-01-29,57.59734344482422,59.051599825670046,57.59734344482422,59.051599825670046,1177,
2018-01-30,56.760047912597656,56.98038946750978,55.834609061473486,56.45156829555626,1275,
2018-01-31,53.05830764770508,58.126171025885455,51.11929892560436,56.40750387671334,15951,
2018-02-01,55.08544921875,55.526132322844106,53.67526184548447,54.2040794101508,1955,
2018-02-02,52.57355117797852,54.33628721800619,50.237928535239845,54.33628721800619,2869,
2018-02-05,52.57355117797852,54.20408012478833,50.237928535239845,52.088799037001735,1938,
2018-02-06,49.0921516418457,52.000664482518765,46.71245997227884,52.000664482518765,21281,
2018-02-07,51.95659255981445,54.600694667773546,48.519262339755215,48.519262339755215,6250,
2018-02-08,53.19050979614258,54.64476260181934,52.17693649485518,53.67526193150516,7886,
2018-02-09,51.031158447265625,52.88202888207241,49.92944711194851,52.88202888207241,9604,
2018-02-12,55.9668197631836,60.63806894940835,50.23793176527054,50.23793176527054,7757,
2018-02-14,52.48542022705078,55.87868184045617,51.20743624251416,55.52613676911513,6941,
2018-02-15,54.55662536621094,56.93631689142419,53.36677960360431,53.71932462934882,8846,
2018-02-16,51.91252136230469,56.31935562450637,50.32606160397778,53.366777640942125,13966,
2018-02-19,52.00066757202149,52.837964809009904,50.017589862758655,51.9565985384092,4864,
2018-02-20,50.8989486694336,52.000659946538526,49.797240992739376,51.207428259072266,5341,
2018-02-21,49.2243537902832,53.63118803921302,48.475187539460016,51.25149660868415,9554,
2018-02-22,49.488765716552734,51.11929466034173,48.12264735829857,49.79724533307855,5218,
2018-02-23,48.25485229492188,50.85488180227055,47.59382406041842,48.87180789999279,1779,
2018-02-26,50.45826721191406,52.00066160900725,48.03451024569892,48.47518973005448,10924,
2018-02-27,50.76675033569336,52.00066521894535,48.12264804312797,49.53283545244136,3833,
2018-02-28,49.79724884033203,52.44135128149532,48.21078881579857,49.40063473430149,6319,
2018-03-01,49.0040168762207,50.10572832353617,48.38706120203661,50.017590255619325,833,
2018-03-05,49.0040168762207,49.0040168762207,48.12265059869736,49.0040168762207,1719,
2018-03-06,48.47519302368164,50.0175875255722,47.59382679426479,49.04808323304923,1696,
2018-03-07,47.41754913330078,51.07522434992436,46.315841465841,48.03450830740681,4273,
2018-03-08,46.44805145263672,47.59382830738786,46.00736832391792,46.75653108290436,24487,
2018-03-09,46.71245956420898,48.29891946325758,46.53618704218381,46.53618704218381,1842,
2018-03-12,46.31584930419922,50.23793214444637,45.17007241605099,50.23793214444637,15545,
2018-03-13,46.71245956420898,47.54976034454783,45.91922781447919,46.75652859481803,414,
2018-03-14,46.18363952636719,47.46162344320609,46.13957409509226,47.46162344320609,2076,
2018-03-15,47.50569152832031,47.50569152832031,46.403980159766455,46.44804919057437,1030,
2018-03-16,46.40397644042969,48.0345088471673,45.96329336849384,46.93279756691698,9339,
2018-03-19,44.77345657348633,46.448054741436046,44.55311499352543,46.40398570536158,4319,
2018-03-20,45.17007064819336,46.49212002114274,43.40733455051636,43.53954164805799,5342,
2018-03-21,45.56668472290039,45.8310953174733,44.94972906917104,45.74295725247861,3841,
2018-03-22,44.46497344970703,48.47519028725935,43.231058637931234,47.32941713402514,7047,
2018-03-23,43.098854064941406,44.06835835929271,41.77680471832295,44.06835835929271,13376,
2018-03-26,42.65817260742188,44.06836007212324,41.42425767570538,44.06836007212324,3105,
2018-03-27,42.78217697143555,43.80079764812226,42.51644873714893,42.82646199518906,2065,
2018-03-28,42.56074142456055,44.28796968406312,41.63069070698157,42.56074142456055,8402,
2018-04-02,45.12944412231445,47.65385721712892,42.206436820058265,43.40221220567639,3537,
2018-04-03,45.12944412231445,45.48374606409206,44.02224241296397,45.085155475003866,6272,
2018-04-04,44.90800476074219,47.65385748944723,44.86371611317851,45.21801805698078,3319,
2018-04-05,46.67951965332031,46.81238559013893,44.28796897411924,44.28796897411924,1471,
2018-04-06,46.28092956542969,46.54665782350314,46.05948995342738,46.05948995342738,701,
2018-04-09,47.432411193847656,49.60252205384147,46.28092461103223,49.60252205384147,2926,
2018-04-10,48.00815582275391,49.15964609939634,47.38812565855307,48.71676327542056,2391,
2018-04-11,48.49532699584961,49.60252500316812,47.83100457310524,49.55823635920472,1459,
2018-04-12,47.34383773803711,50.26684488185179,47.29955271148053,48.53961305883827,244,
2018-04-13,46.768096923828125,47.91958361731268,46.14806312232255,47.91958361731268,1658,
2018-04-16,46.50236892700195,47.83100659186064,46.19235202452689,46.50236892700195,210,
2018-04-17,47.520992279052734,48.052445162479806,46.369505604097405,46.369505604097405,3678,
2018-04-18,47.91958618164063,49.51395217960391,47.83100888572738,48.18531445102677,3345,
2018-04-19,48.1853141784668,49.248223631645445,46.36950856934508,47.34384072711152,738,
2018-04-20,47.21097946166992,48.628194509943405,46.635234265279095,47.65385871196119,443,
2018-04-23,48.09673309326172,48.53961229871886,47.83100484631678,48.05244444904535,490,
2018-04-24,47.12239837646485,49.51394903048229,46.14806265680193,47.38812662895049,2199,
2018-04-25,46.63522720336914,47.87529108741564,46.23663666213577,46.54665353773567,3340,
2018-04-26,45.48374557495117,46.50236997872601,42.69360424463245,46.50236997872601,1384,
2018-04-27,47.69814300537109,47.83100532098543,45.61660927172437,45.61660927172437,1059,
2018-04-30,46.05948638916016,47.29955029142402,46.05948638916016,46.502365578893006,237,
2018-05-02,44.95228576660156,46.10377602678136,43.889376411974446,45.66089682749062,4569,
2018-05-03,43.84508895874024,44.7751360261716,42.693602285651565,43.84508895874024,329,
2018-05-04,43.13648223876953,45.17373098787463,41.63068999972258,44.06652932219459,3661,
2018-05-07,42.516448974609375,44.287965721943486,42.16214345413068,44.287965721943486,7031,
2018-05-08,42.516448974609375,45.70518056715203,42.516448974609375,45.70518056715203,1816,
2018-05-09,42.95933151245117,43.40221073383114,41.14352236276921,41.71926752157522,2188,
2018-05-10,41.27638626098633,42.959329390098524,41.23209761736568,42.959329390098524,2521,
2018-05-11,40.96636962890625,42.516450455155024,40.74493002777832,40.74493002777832,4748,
2018-05-14,40.83351135253906,42.33930006540678,40.74493405598948,42.33930006540678,1515,
2018-05-15,37.86621475219727,41.3206786072051,37.64477513260482,41.3206786072051,4351,
2018-05-16,41.01066207885742,41.63069229588779,36.670439704584034,38.97341683574026,4148,
2018-05-17,39.77059173583984,40.92207831010796,39.01769569387719,40.92207831010796,815,
2018-05-18,38.840553283691406,39.9477514602723,38.08765707627487,38.9734192358934,2502,
2018-05-21,39.54915618896485,40.61206920815548,36.84758861381648,36.84758861381648,2071,
2018-05-22,38.08765411376953,39.8591746768617,37.29047293597856,39.8591746768617,1468,
2018-05-23,38.97341537475586,39.54915692219708,38.44195885530746,38.44195885530746,835,
2018-05-24,37.73334884643555,39.416291966618765,37.55619789124606,38.973412769468425,282,
2018-05-25,38.26480484008789,38.92912362730178,37.29046917149957,37.600486052874,3212,
2018-05-28,38.61910629272461,38.75196860126695,36.93616321385383,38.22051574874444,2337,
2018-05-29,37.73334884643555,39.63773156519394,37.24618100589953,39.63773156519394,2247,
2018-05-30,37.290470123291016,38.08765124095345,37.06903052190109,37.06903052190109,2441,
2018-05-31,36.53757095336914,37.64476886705055,36.53757095336914,37.64476886705055,2628,
2018-06-01,36.0504035949707,36.5375714067056,35.87325265025429,36.5375714067056,1348,
2018-06-04,33.747432708740234,35.43037584164054,33.65885542129955,35.43037584164054,5481,
2018-06-05,30.16010856628418,33.74743463734213,28.610027657607475,33.74743463734213,7338,
2018-06-06,32.28593063354492,32.33021927926455,31.09015529088202,32.197353342105664,1084,
2018-06-07,34.10173034667969,34.10173034667969,30.6915594830234,32.3302137667757,1982,
2018-06-08,37.113319396972656,38.70768526057969,34.63319150393657,36.67043657308149,5232,
2018-06-11,35.25321960449219,38.08764924870557,34.63318947670292,36.13898158207368,5370,
2018-06-12,36.2275619506836,39.859176961223554,34.810346866329525,34.810346866329525,3692,
2018-06-13,37.467620849609375,39.59344318085128,35.25322123101659,38.97341302445486,5774,
2018-06-14,36.40471649169922,38.53053549647256,34.544618530403504,36.49329017285843,4251,
2018-06-15,37.20189666748047,38.530534412680126,36.050409897970034,36.09469854648075,767,
2018-06-18,37.467620849609375,40.65635615564886,36.09469460579021,37.20189260590998,6550,
2018-06-19,36.2275619506836,38.70769015748009,35.51895440850656,36.58186753094898,703,
2018-06-20,35.96182632446289,38.5305276878741,34.67747745193379,36.53757141790904,5951,
2018-06-21,35.25321960449219,36.62614940331992,34.63318947670292,36.0504042988096,1819,
2018-06-22,35.96182632446289,36.13898088758664,34.58890017037192,36.13898088758664,268,
2018-06-25,33.70314407348633,35.961828720258744,33.21597622914667,35.961828720258744,1370,
2018-06-26,34.45603942871094,35.07606957269884,32.153062568856214,33.70314335635573,2473,
2018-06-27,32.10877990722656,34.0131627404714,31.44445745321053,33.03882700082489,3712,
2018-06-28,30.691564559936523,33.21597755122219,29.805802505111448,31.00157784168958,1176,
2018-06-29,32.72880935668945,32.817386646782694,29.49578711605646,30.292970062658885,2560,
2018-07-02,33.39312744140625,33.39312744140625,31.488744693197468,32.77309727947794,114,
2018-07-03,33.26026916503906,33.61457112390617,32.064493721743595,32.330222000070776,301,
2018-07-04,32.595951080322266,33.21598133277051,32.24164549438484,32.41879647817665,384,
2018-07-05,32.77309799194336,34.36746388467181,32.24164148824943,32.24164148824943,1498,
2018-07-06,33.43741989135742,34.54461802737797,31.975916180798087,33.52599718958054,2315,
2018-07-09,34.013160705566406,34.013160705566406,33.21597597945239,33.65885517673133,148,
2018-07-10,34.58890151977539,35.430374872382224,33.12739802710547,33.83600545218606,7742,
2018-07-11,38.043365478515625,39.68202371861221,35.341801413263845,35.341801413263845,6232,
2018-07-12,37.20189666748047,38.97341727943365,35.69610794659158,38.08765516428024,9521,
2018-07-13,34.810340881347656,37.20189137730735,34.54461264642401,37.20189137730735,2196,
2018-07-16,31.975914001464844,35.0317835432903,31.44445748505517,34.19031374093618,4308,
2018-07-17,33.43741989135742,34.54461802737797,32.46308408431786,32.817389658856655,4416,
2018-07-18,32.95024871826172,35.43037663887489,32.28592990256819,34.72176917846446,2842,
2018-07-19,32.41879653930664,33.92458895026093,31.26730971495787,32.95025311003801,1108,
2018-07-20,31.88734245300293,32.7731009604881,31.66589920777796,32.7731009604881,999,
2018-07-23,30.647275924682617,31.843051261660303,30.47012134264637,31.444457070432147,883,
2018-07-24,36.75901794433594,36.75901794433594,30.55870114143296,30.868718067084213,31891,
2018-07-25,35.60752868652344,37.37904558245907,34.19031372243355,37.201894616536194,13756,
2018-07-26,34.987491607666016,36.1389818244081,34.54461242508203,35.4303744086031,2345,
2018-07-27,35.7846794128418,37.02474340270568,35.12036058131403,35.12036058131403,4088,
2018-07-30,35.8289680480957,36.316135914743725,34.19031348346692,36.27184726898419,1380,
2018-07-31,35.43037796020508,35.43037796020508,34.013162986531015,34.98749511487266,1136,
2018-08-01,34.32318115234375,38.08765873501817,33.26027158020642,38.08765873501817,5513,
2018-08-02,34.766056060791016,35.518952206111216,33.70314662260931,33.70314662260931,6168,
2018-08-03,34.987491607666016,35.56323671603705,33.880293651206046,35.56323671603705,2259,
2018-08-06,34.013160705566406,38.92912413738646,32.773096782173454,38.92912413738646,6938,
2018-08-07,34.41175079345703,35.78467701010077,32.994535934014486,34.32317350785943,3194,
2018-08-08,35.120357513427734,35.51894805385543,33.92458227379155,35.2975084626897,14500,
2018-08-09,33.57027816772461,34.36746290043524,33.39312721101778,34.19031194372841,5007,
2018-08-10,33.968875885009766,34.23460415695271,32.95025144562075,34.23460415695271,2418,
2018-08-13,34.32318115234375,34.36746980500655,32.50737534000074,33.65886221746367,535,
2018-08-14,33.52599334716797,34.146023508607115,32.90595956737556,34.146023508607115,1564,
2018-08-16,33.48170852661133,33.65885950463056,33.48170852661133,33.65885950463056,158,
2018-08-17,32.46308135986328,32.81738690466708,31.88733982479301,32.81738690466708,4659,
2018-08-20,32.95024871826172,33.92458442862023,31.48874515272396,32.46308086308247,3585,
2018-08-21,31.75447463989257,32.77309903465572,31.53303502603365,32.77309903465572,2243,
2018-08-23,31.62160873413086,31.975910628798275,31.09015227377668,31.975910628798275,2848,
2018-08-24,31.444456100463867,31.57732203289253,30.16010713043981,31.2673051422456,5590,
2018-08-27,31.31159400939941,31.887339150651027,30.558697908667806,31.887339150651027,1495,
2018-08-28,31.79876136779785,31.79876136779785,30.24868235513065,31.00157663499075,1312,
2018-08-29,30.602989196777344,34.23460408077888,30.38154957370988,31.00157979462806,3574,
2018-08-30,31.09015274047852,32.59594486130148,30.51440763006,32.46307893504193,3619,
2018-08-31,31.045867919921875,31.88734136808591,30.11582079503512,30.11582079503512,1122,
2018-09-03,31.045867919921875,31.754475425471483,30.16010944257325,30.470122738633137,1075,
2018-09-04,33.61457061767578,37.15760824475776,31.00158014155572,33.39313099213026,56813,
2018-09-05,32.197349548339844,33.65885297476033,31.090151627575683,33.65885297476033,27529,
2018-09-06,32.1530647277832,33.48170600890239,31.44445725063744,32.68452124023088,4655,
2018-09-07,30.824424743652344,32.285928233641975,30.425834198510856,31.577320809860925,7193,
2018-09-10,31.31159400939941,31.400171298316064,30.7358488681478,30.82442615706445,557,
2018-09-11,31.444456100463867,31.444456100463867,31.444456100463867,31.444456100463867,10,
2018-09-12,30.204395294189453,32.2416422583841,30.204395294189453,32.2416422583841,853,
2018-09-14,30.558698654174805,31.754473991955063,30.29297039929548,31.754473991955063,1320,
2018-09-17,30.470117568969727,30.95728537252764,30.204391156355253,30.24867979637924,988,
2018-09-18,29.407211303710938,31.26730542787828,29.318634014615995,30.20439424132885,1124,
2018-09-19,29.00861549377441,30.470117071406,28.477160868047413,30.425832050458112,679,
2018-09-21,29.58436584472656,30.957290388635165,29.49578855032614,30.86871671258827,1629,
2018-09-24,28.432876586914062,30.64727632619781,27.989997362728,30.60298768010852,1268,
2018-09-25,28.920042037963867,29.672938103440128,27.01565936225757,29.672938103440128,826,
2018-09-26,27.72426986694336,30.51441122705452,27.54711889606809,30.51441122705452,1120,
2018-09-27,26.661357879638672,29.230059550799403,26.572782396641305,29.230059550799403,1326,
2018-09-28,25.90846061706543,28.742890422316623,24.80126260512458,28.742890422316623,7237,
2018-10-01,24.57982444763184,28.34430152787425,22.7640170684615,28.34430152787425,5716,
2018-10-03,24.04836654663086,25.81988517763605,23.251183614972685,23.959791067374763,2265,
2018-10-04,23.915502548217773,25.819885312653867,22.586864924898627,25.819885312653867,2283,
2018-10-05,23.33975982666016,24.26980691097686,22.58686551559157,23.11832021698253,802,
2018-10-08,23.20689582824707,23.56119956753957,20.948209264110297,23.07403169986529,3206,
2018-10-09,22.98545455932617,23.738348820278755,22.14398301305728,23.02974139280775,366,
2018-10-10,22.85259246826172,23.118320729435823,21.391090650157608,22.18827362450319,2529,
2018-10-11,20.23959922790528,22.852589201138507,19.84100689312892,22.852589201138507,14436,
2018-10-12,21.745391845703125,21.92254461684589,20.815344772439463,21.701105009799942,7543,
2018-10-15,22.45400047302246,23.11832113768917,21.3025137331692,22.985457004755823,2306,
2018-10-16,22.63115119934082,22.852590797739783,21.47966456399556,22.14398335919245,2703,
2018-10-17,21.21393775939941,22.49828860262864,21.08107362952374,22.409713119103763,1666,
2018-10-19,22.188270568847656,22.94116479292056,19.929584278275986,21.61252728837668,1782,
2018-10-22,22.188270568847656,22.542574265227987,20.94820672692825,21.7896782319786,230,
2018-10-23,21.52395439147949,22.40971471743357,21.25822611277558,22.40971471743357,754,
2018-10-24,22.321138381958008,22.94116859654156,21.30251395524241,21.391091250905887,531,
2018-10-25,21.966833114624023,22.58686509570098,21.258223843981312,22.58686509570098,1582,
2018-10-26,21.789682388305664,23.029744657587333,21.346803135646272,22.98545781782749,1016,
2018-10-29,20.59390640258789,22.896881710736764,20.151027161889687,22.896881710736764,7840,
2018-10-30,22.055408477783203,22.055408477783203,21.081072771152066,21.878257517946626,4531,
2018-10-31,22.143983840942383,22.896879939219662,21.39108955184175,22.143983840942383,2997,
2018-11-01,21.966833114624023,23.251183912384143,20.90392192242496,23.251183912384143,4947,
2018-11-02,22.85259246826172,23.339760344022004,22.011120847328204,23.339760344022004,1155,
2018-11-05,22.365421295166016,23.29547007215825,21.39108749646828,23.16260596115936,1291,
2018-11-06,21.789682388305664,22.58686721410477,21.701106899609155,22.143986152268543,1172,
2018-11-07,22.98545455932617,23.074030035465903,22.852590440528285,23.074030035465903,1499,
2018-11-09,23.11831855773925,23.9155014571988,22.143982897746167,22.18827154017369,3648,
2018-11-12,21.56824111938477,22.89688058535344,21.52395247382102,22.498288202809825,2705,
2018-11-13,21.87825965881348,22.40971439950464,21.169650322597214,21.30251446006421,3407,
2018-11-14,21.21393775939941,21.479666019150766,20.992498145998866,21.479666019150766,6087,
2018-11-15,21.56824111938477,21.96683350192837,20.81534499986129,21.30251286435569,2984,
2018-11-16,20.99249839782715,21.61253040829269,20.3724663873616,21.258224851589453,8677,
2018-11-19,21.92254447937012,22.143984085027423,21.258223853221526,21.61252939328521,2822,
2018-11-20,21.70110511779785,21.92254472594582,21.25822409232523,21.92254472594582,162,
2018-11-21,21.3468017578125,21.74539233580811,20.90392253373884,21.74539233580811,5313,
2018-11-22,21.25822257995605,21.65681493177144,20.815343395167776,21.302511222105505,2726,
2018-11-26,21.3468017578125,21.612530015927383,20.416754663587124,21.2582244656564,5098,
2018-11-27,22.71972846984864,23.02974357023747,20.903922896007685,20.94820973367652,1248,
2018-11-28,23.029741287231445,23.782639163085644,21.52395096305276,23.782639163085644,8523,
2018-11-29,22.232561111450195,23.561200646960884,21.878259165102588,22.586866676151384,812,
2018-11-30,23.384048461914062,23.42833529832396,21.70110525809712,21.74539209450702,324,
2018-12-03,22.143983840942383,22.852591294905714,22.143983840942383,22.852591294905714,457,
2018-12-04,21.70110511779785,22.188272979394057,21.70110511779785,22.14398433409379,3633,
2018-12-05,22.055408477783203,22.54257633109877,21.479665144549344,22.54257633109877,2563,
2018-12-06,22.055408477783203,22.055408477783203,22.055408477783203,22.055408477783203,0,
2018-12-07,21.612529754638672,22.09969761890068,21.258224208651125,21.74539207291313,746,
2018-12-10,21.92254447937012,22.05540860459984,20.46104091101989,21.92254447937012,5909,
2018-12-11,22.188270568847656,22.23255740015989,20.815342614638567,21.87825551295605,5549,
2018-12-12,22.45400047302246,22.67544190069588,22.05540988339921,22.4982891203925,6533,
2018-12-13,21.92254447937012,22.143984085027423,21.346801142825782,21.878257643744657,6810,
2018-12-14,22.188270568847656,22.80830248980736,20.77105578332633,21.25822178281986,33526,
2018-12-17,21.83397102355957,23.738352170636905,21.25822582445096,23.738352170636905,1499,
2018-12-18,21.1253604888916,22.09969615277687,20.81534360901361,21.70110379686656,4783,
2018-12-19,21.52395439147949,22.011122299377707,20.815346854386974,20.815346854386974,14170,
2018-12-20,21.612529754638672,21.612529754638672,21.612529754638672,21.612529754638672,4,
2018-12-21,21.25822257995605,21.612528098798546,21.081071629711367,21.612528098798546,691,
2018-12-24,21.56824111938477,21.61252976494851,20.50532990844517,20.81534499986129,8834,
2018-12-26,21.03678321838379,21.612528335937668,20.81534362355995,21.56823969330227,696,
2018-12-27,21.56824111938477,21.701105246899303,21.036784609326617,21.258224218791945,907,
2018-12-28,20.726770401000977,21.568242038327217,20.37246664892555,21.568242038327217,9016,
2018-12-31,23.516908645629883,24.358380171155808,20.90392040427237,21.479663698752944,41790,
2019-01-01,22.40970993041992,24.756971669485296,21.701102544695413,22.542574041390328,12195,
2019-01-02,22.011119842529297,23.02974238496133,21.65681611352989,23.02974238496133,3127,
2019-01-03,21.08107566833496,22.14398700096084,20.54961909743357,22.14398700096084,9243,
2019-01-04,21.21393775939941,21.701105632551315,20.59390575637184,21.258224596573488,1136,
2019-01-07,21.391088485717773,22.09969590436437,20.372464190677945,20.372464190677945,5066,
2019-01-08,21.21393775939941,22.14398485935241,20.46104162649616,21.701105632551315,4194,
2019-01-09,21.03678321838379,21.96683204949113,20.72676814746573,21.213935979748808,1388,
2019-01-10,21.3025131225586,22.49828847550645,21.03678486430869,21.9225451220828,1512,
2019-01-11,21.612529754638672,21.656816591004592,21.612529754638672,21.656816591004592,36,
2019-01-14,21.87825965881348,21.87825965881348,20.99249934542577,21.25822581118293,784,
2019-01-15,20.28388977050781,22.941166824036344,19.6195691502432,22.764015864750213,17418,
2019-01-16,20.28388977050781,21.47966507780748,20.28388977050781,20.992497226005643,6517,
2019-01-17,19.39813041687012,20.68248114165132,19.04382489709265,20.372464264140177,12244,
2019-01-18,18.822389602661133,20.28389342110074,18.68952545469599,20.28389342110074,2049,
2019-01-21,17.538034439086914,19.265264336013,17.405170322526978,19.265264336013,13266,
2019-01-22,18.15806770324707,19.663858118700205,17.272307464689725,18.6009469179374,20634,
2019-01-23,18.423791885375977,18.86667285488755,16.91800165473071,16.91800165473071,4767,
2019-01-24,17.405170440673828,18.60094568865368,17.272306323212003,18.60094568865368,5663,
2019-01-25,15.456500053405762,17.936626172760946,15.057909486387668,17.715188375999414,7412,
2019-01-28,15.412212371826172,17.626610118847818,15.146484135614134,17.626610118847818,4183,
2019-01-29,15.722228050231934,16.740852392105225,15.190773366400483,16.475124145601182,3117,
2019-01-30,15.190773010253906,16.430835116238548,14.437876932536254,16.430835116238548,3340,
2019-01-31,14.92504596710205,15.943668557619816,14.747894094239609,15.943668557619816,1262,
2019-02-01,14.969334602355955,15.899382668818864,14.836471368222764,15.899382668818864,1292,
2019-02-04,15.367924690246582,15.855092550702295,14.349302133315248,14.349302133315248,3979,
2019-02-05,15.057909965515137,16.297973969238647,15.057909965515137,15.057909965515137,920,
2019-02-06,15.677940368652344,16.740851488094375,15.057908430017024,15.677940368652344,8610,
2019-02-07,15.456500053405762,16.032245199857087,15.057909486387668,15.412213217724124,158,
2019-02-08,15.367924690246582,15.943668031918785,15.057909601400528,15.412213335443168,563,
2019-02-11,15.102197647094728,15.94366835400365,14.836470293488846,15.94366835400365,948,
2019-02-12,14.615029335021973,15.899381036490816,14.393589729612572,15.102197190593316,3416,
2019-02-14,13.817845344543455,15.85509222584082,13.286389754368708,14.349301839306529,15923,
2019-02-15,13.906423568725586,14.083576360147548,13.463544303936006,13.862135823164316,3617,
2019-02-18,13.15352725982666,13.950710236707346,12.622071640376747,13.950710236707346,2686,
2019-02-19,13.242101669311523,13.906421365851465,12.489206495680016,12.754933831543012,16661,
2019-02-20,13.286389350891112,13.552117590203084,12.666358300143676,12.799221515211366,10145,
2019-02-21,13.507831573486328,14.17215135184876,12.57778352194356,14.17215135184876,3866,
2019-02-22,13.374966621398926,13.374966621398926,12.577782755052148,13.286390234210016,15568,
2019-02-25,13.33067798614502,14.172150499051728,13.0206628922074,14.172150499051728,5457,
2019-02-26,13.33067798614502,13.33067798614502,12.932087409536184,13.28639024480941,522,
2019-02-27,13.286389350891112,13.33067708924701,12.88779880109975,13.33067708924701,810,
2019-02-28,13.286389350891112,13.773557186570862,13.064949754523337,13.064949754523337,381,
2019-03-01,13.33067798614502,13.72927037193057,13.28639024480941,13.72927037193057,10025,
2019-03-05,14.083574295043944,14.083574295043944,13.330677303370551,13.374965947026128,2332,
2019-03-06,13.95071029663086,14.349302691371678,13.817846165050588,14.08357533279951,12183,
2019-03-07,14.127862930297852,14.216438414051082,13.552118667548392,14.172150672174467,15913,
2019-03-08,13.95071029663086,14.172150817460771,13.729270680389323,14.127863075130142,3676,
2019-03-11,13.994997024536133,13.994997024536133,13.552117824155092,13.95070928541569,6746,
2019-03-12,14.039284706115724,14.526452548208828,13.020662187578894,14.526452548208828,1674,
2019-03-13,13.729269981384276,14.482165181026009,13.729269981384276,14.482165181026009,16880,
2019-03-14,13.729269981384276,14.127862355831368,13.2863898668614,13.2863898668614,6888,
2019-03-15,13.906423568725586,14.172151851270089,13.729271681892063,13.729271681892063,5649,
2019-03-18,13.95071029663086,14.172150817460771,13.729270680389323,14.172150817460771,3970,
2019-03-19,13.640694618225098,14.039285186914125,13.640694618225098,14.039285186914125,4438,
2019-03-20,13.773558616638184,14.127863274036631,13.729270873684024,13.950710493043214,1495,
2019-03-22,13.596406936645508,14.127862538179452,13.596406936645508,14.083574797532044,9605,
2019-03-25,13.507831573486328,14.127863607848171,13.507831573486328,14.083575863847589,8917,
2019-03-26,13.374966621398926,14.172150487745704,12.932087399219435,13.463543008587838,2672,
2019-03-27,13.906423568725586,14.172151851270089,13.374967908225024,13.950711314286854,4619,
2019-03-28,13.994997024536133,14.17214979019452,12.932086762703978,14.12786205107408,860,
2019-04-01,13.684982299804688,13.950709645983595,12.93208709694472,12.93208709694472,2489,
2019-04-02,13.86213493347168,13.994998161628128,13.374967049799556,13.994998161628128,185,
2019-04-03,13.197813987731934,13.8621336871393,12.976374389458911,13.8621336871393,489,
2019-04-04,13.33067798614502,13.906422241861362,12.976375150871792,13.68498263059496,6127,
2019-04-05,13.374966621398926,13.72927036097786,13.374966621398926,13.72927036097786,1700,
2019-04-08,13.729269981384276,13.729269981384276,13.419253991677095,13.729269981384276,1156,
2019-04-09,13.684982299804688,13.684982299804688,13.330677663918918,13.330677663918918,777,
2019-04-10,13.729269981384276,13.729269981384276,13.330677606937188,13.729269981384276,1010,
2019-04-11,13.684982299804688,13.729270040069782,13.374966308772349,13.729270040069782,1702,
2019-04-12,13.906423568725586,13.994999059848125,13.197816021391503,13.729271681892063,155,
2019-04-15,14.92504596710205,15.766517589345744,13.99499795613295,14.083575249446728,10181,
2019-04-16,14.880757331848145,15.235060151718397,14.880757331848145,15.235060151718397,4045,
2019-04-18,14.17215061187744,14.836470355553708,13.773558222918664,14.659317579624233,1779,
2019-04-22,14.039284706115724,14.792181695607304,13.552117768610923,14.792181695607304,6470,
2019-04-23,13.994997024536133,14.039284763656577,13.95070928541569,14.039284763656577,426,
2019-04-24,14.039284706115724,14.039284706115724,13.950709228237873,13.950709228237873,129,
2019-04-25,13.640694618225098,14.615029431190695,13.46354275181423,13.72927009913636,3272,
2019-04-26,13.197813987731934,14.2607251449484,12.400631072113736,14.083574190000624,8047,
2019-04-30,13.374966621398926,13.817845843578416,12.799222366141892,13.817845843578416,521,
2019-05-02,13.640694618225098,13.72927009913636,12.622071160215528,13.68498235868073,418,
2019-05-03,13.064949035644531,13.242100883908904,12.843509451461127,13.109237676151809,138,
2019-05-06,15.367924690246582,15.677941588269318,12.622071203710297,13.064950418969424,12367,
2019-05-07,14.039284706115724,18.42379347577705,13.640694151077083,16.032244718015374,38389,
2019-05-08,14.79218292236328,15.766517782765424,12.75493500257019,13.729270767560717,22091,
2019-05-09,13.95071029663086,15.0579101870153,13.773558422719956,14.437878176032942,5098,
2019-05-10,13.640694618225098,14.172150217457698,13.552118232725494,13.994997446458491,2625,
2019-05-13,12.799221992492676,14.172150074016434,12.754934252485295,13.862134084788112,2858,
2019-05-14,13.109238624572754,13.153526363695894,12.48920665849555,12.533494397618693,2767,
2019-05-15,12.887799263000488,13.552118075913112,12.843510618468985,13.153526607247873,885,
2019-05-16,12.444918632507324,13.41925339369878,11.82488668072234,13.41925339369878,1136,
2019-05-17,12.887799263000488,13.197814347191049,11.957751296663824,12.444919149803743,1290,
2019-05-20,14.039284706115724,14.615028930674988,12.97637444863997,13.197814047922906,2879,
2019-05-21,12.887799263000488,14.482165137661449,12.887799263000488,14.216437793414066,4027,
2019-05-22,13.552119255065918,15.057910685445869,11.869175944911175,13.374967375291124,28213,
2019-05-23,13.773558616638184,14.172151016990792,13.197815244468933,13.552118997278994,2220,
2019-05-24,13.33067798614502,13.99499772453258,12.887799668200577,13.640694889259352,6063,
2019-05-27,13.242101669311523,13.817844984171598,12.843510213222878,13.109238453674177,744,
2019-05-28,13.109238624572754,13.729269686061649,13.064949980861304,13.729269686061649,464,
2019-05-29,13.419254302978516,13.817845782083849,12.932087341666824,13.15352695177108,2053,
2019-05-30,13.552119255065918,13.729271134840712,12.932088128148344,13.41925511908772,1751,
2019-05-31,13.286389350891112,13.286389350891112,13.109238397467529,13.109238397467529,11,
2019-06-03,12.843510627746582,13.286389836674916,12.666358763257584,12.887799272310078,1460,
2019-06-04,13.15352725982666,13.15352725982666,12.622071640376747,12.754934866797946,1126,
2019-06-06,12.53349494934082,13.153526942711718,12.53349494934082,12.75493455929256,1312,
2019-06-07,13.15352725982666,13.28639048624786,12.400632025086376,13.28639048624786,16,
2019-06-10,13.02066135406494,13.197813203068623,12.134902109046518,13.197813203068623,301,
2019-06-11,13.02066135406494,13.02066135406494,13.02066135406494,13.02066135406494,0,
2019-06-12,12.843510627746582,13.286389836674916,12.179190909765754,13.286389836674916,129,
2019-06-13,13.109238624572754,13.286389581065317,12.17919067545695,13.286389581065317,2462,
2019-06-14,13.197813987731934,13.242101726468878,12.400631072113736,12.84351026865978,387,
2019-06-17,12.754934310913086,15.500788677362152,12.134903234204533,12.843510695921928,10694,
2019-06-18,11.957751274108888,12.976374718410556,11.957751274108888,12.400631386470264,780,
2019-06-19,12.35634422302246,13.596408324429929,11.293432911463292,11.692025331739304,4163,
2019-06-20,12.754934310913086,12.976374821141022,11.337719387478298,11.69202402292533,2459,
2019-06-21,12.223478317260742,13.46354124318404,11.957750095125917,12.799220687846978,300,
2019-06-24,12.48920726776123,13.242102487936624,11.38200740355161,12.002039399876066,518,
2019-06-25,12.66635799407959,13.197813555273385,11.736310988137516,13.197813555273385,1038,
2019-06-26,13.286389350891112,14.969332454298137,12.22347910740812,13.153526135823425,5897,
2019-06-27,12.40063190460205,14.17215061888972,12.090614998866254,13.64069500460342,583,
2019-06-28,13.684982299804688,14.880757619080612,11.116279795604116,11.957751383582606,38023,
2019-07-01,12.754934310913086,14.349302004365557,12.489206965063229,14.349302004365557,2348,
2019-07-02,12.843510627746582,14.039285034606078,12.754934243207918,12.754934243207918,919,
2019-07-03,12.71064567565918,13.640693582113464,12.66635793856753,13.640693582113464,572,
2019-07-04,12.71064567565918,13.906420909251636,11.957750526748038,12.400630611429357,1842,
2019-07-05,13.197813987731934,13.4635422293302,12.799221625334532,13.4635422293302,389,
2019-07-08,12.35634422302246,13.330679139657484,12.134904592594744,12.84351213363419,22,
2019-07-09,12.754934310913086,14.61502935021541,12.267767359423628,12.40063148464272,7601,
2019-07-10,12.267766952514648,13.81784504516573,11.29343127267676,12.843510269916145,1386,
2019-07-11,11.957751274108888,12.799221949795346,11.957751274108888,12.444919126329902,73,
2019-07-12,12.71064567565918,13.109238023248846,11.692023199609864,12.75493341275083,499,
2019-07-15,12.976375579833984,13.46354346439514,12.400632209673557,13.10923971282128,3057,
2019-07-16,12.932086944580078,14.172149989510794,12.444919093638788,14.172149989510794,893,
2019-07-17,13.242101669311523,13.286389407857303,13.242101669311523,13.286389407857303,2,
2019-07-18,13.552119255065918,15.412214444995454,12.312056096642362,12.932088128148344,1720,
2019-07-19,12.6220703125,13.463541847584322,12.046326106891197,13.463541847584322,646,
2019-07-22,12.6220703125,13.24210135100173,12.13490248644189,13.24210135100173,624,
2019-07-23,12.267766952514648,13.46354223064722,11.160568056452933,13.46354223064722,539,
2019-07-24,12.932086944580078,13.020662424066682,12.932086944580078,13.020662424066682,18,
2019-07-25,13.242101669311523,15.01362025702583,10.850551123603058,12.312054636908586,8121,
2019-07-26,13.729269981384276,14.659317045917494,12.48920692714388,14.34930196079864,971,
2019-07-29,12.57778263092041,15.2350606515374,12.400631667467623,14.88075782004348,1322,
2019-07-30,12.66635799407959,13.197813555273385,12.090613791011773,13.197813555273385,747,
2019-07-31,13.286389350891112,13.33067708924701,12.22347910740812,12.754933776855468,569,
2019-08-01,12.48920726776123,13.552118486098852,12.223479915471003,13.28639022922027,360,
2019-08-02,12.932086944580078,13.242102027371516,11.692023899649362,13.197814287628214,691,
2019-08-05,12.267766952514648,15.412212685734696,11.514870870971444,14.482164744638082,1172,
2019-08-06,12.134902954101562,14.17214981180864,11.204855908212307,12.223479337065848,481,
2019-08-07,12.71064567565918,13.552117203341892,11.869174147976468,11.869174147976468,232,
2019-08-08,13.15352725982666,13.950710236707346,11.559159496888546,12.666359382517149,655,
2019-08-09,12.267766952514648,13.286389466505511,11.95775097214911,12.75493388784529,1358,
2019-08-13,11.47058391571045,12.312055532211607,11.16056881875812,11.957751788904632,5609,
2019-08-14,11.33772087097168,12.400633107213729,10.894840697155123,12.400633107213729,311,
2019-08-16,11.20485496520996,12.002037821855916,10.230519357544644,12.002037821855916,795,
2019-08-19,11.249144554138184,11.736312438239151,10.629112537175423,10.98341719300299,209,
2019-08-20,11.780599594116213,11.780599594116213,11.692024113013224,11.692024113013224,72,
2019-08-21,10.894840240478516,12.400632587419157,10.09765722744789,12.400632587419157,938,
2019-08-22,10.186232566833496,10.62911177169322,9.743353361973773,10.62911177169322,1278,
2019-08-23,10.584823608398438,11.071991437912724,9.211896500034662,10.009080303293342,1223,
2019-08-26,11.293432235717772,11.382007720753547,10.274808730276067,10.89483983929164,1312,
2019-08-27,11.249144554138184,11.514871915273377,10.45196156614422,11.514871915273377,232,
2019-08-28,10.67340087890625,11.64773661920968,10.496249008359111,10.983416878510829,6263,
2019-08-29,10.717689514160156,11.51487254580638,10.05336971806268,11.337720660486283,1038,
2019-08-30,11.293432235717772,11.382007720753547,9.876217238438317,10.45196150952438,6530,
2019-09-03,10.363385200500488,11.071992704651349,10.141944677012054,11.071992704651349,1258,
2019-09-04,10.629111289978027,11.514870564142862,9.521912423419051,10.097655725479123,325,
2019-09-05,10.67340087890625,11.426296102584493,10.009081138207398,10.629112232828197,975,
2019-09-06,11.20485496520996,11.33771817159213,9.964792040192073,10.31909482846609,8439,
2019-09-09,10.717689514160156,11.51487254580638,10.009081972879764,10.540537628840058,4600,
2019-09-11,10.54053783416748,11.470585024068008,10.363385945396502,10.363385945396502,3650,
2019-09-12,10.584823608398438,11.514870625043327,9.96479256549794,10.717687726372931,10568,
2019-09-13,10.629111289978027,10.629111289978027,10.053367987917952,10.629111289978027,575,
2019-09-16,10.319095611572266,10.629111592500609,9.654775910893902,10.629111592500609,7622,
2019-09-17,10.496249198913574,10.717688814970536,9.787641703860592,10.363385067444046,4266,
2019-09-18,10.54053783416748,11.51487277011364,10.14194540599144,11.51487277011364,1265,
2019-09-19,10.407671928405762,10.540536048624224,10.009080472338674,10.186232331100523,224,
2019-09-20,10.186232566833496,10.40767216926336,9.743353361973773,10.40767216926336,1614,
2019-09-23,10.222418785095217,10.674738641859896,9.860562345361997,10.448578251542992,4511,
2019-09-24,9.996259689331056,10.67473903770304,9.815331000820644,9.951027979138033,7762,
2019-09-25,9.951026916503906,9.951026916503906,9.679634836588423,9.951026916503906,335,
2019-09-26,9.951026916503906,9.951026916503906,9.770098247314213,9.951026916503906,1449,
2019-09-27,9.36301326751709,9.95102927189319,9.13685283943277,9.95102927189319,2520,
2019-09-30,9.49870777130127,10.76520207921683,9.227315671956228,9.36301172162875,2446,
2019-10-01,10.08672332763672,10.358114518527316,9.04638842750621,10.041491616466482,8312,
2019-10-03,10.31288242340088,10.85566570884303,9.99625953312815,10.358114132887104,2333,
2019-10-04,9.951026916503906,10.67473789778644,9.589170501993578,9.951026916503906,512,
2019-10-07,9.770098686218262,10.403346285222517,9.317779764531595,9.498707517980083,469,
2019-10-09,9.81533145904541,9.81533145904541,9.363012488260532,9.679636322131469,422,
2019-10-10,9.49870777130127,10.177187095794745,8.910691864010056,9.40824343022988,2169,
2019-10-11,9.996259689331056,10.900898512537315,9.091619942255631,9.589171525986368,6340,
2019-10-14,9.36301326751709,10.674740424476749,9.046389407294464,10.49381171246158,7765,
2019-10-15,9.679635047912598,9.770098460613363,9.272547843020975,9.589170711342748,1029,
2019-10-16,9.046387672424316,10.131954193115234,8.684533089396446,9.996259070930696,4935,
2019-10-17,9.31778049468994,9.408243916568512,9.091620092255162,9.408243916568512,717,
2019-10-18,9.408243179321287,9.453475810585235,8.910691626370676,9.453475810585235,1094,
2019-10-22,9.13685131072998,10.855665472472724,8.141749104354544,10.855665472472724,3716,
2019-10-23,9.63440227508545,9.77009831599712,8.59406750121108,8.865459583034424,1824,
2019-10-24,9.227314949035645,10.44857745266939,9.136850615051747,10.312881413628071,1717,
2019-10-25,9.13685131072998,9.815330633726807,8.594068037106345,9.543939458849552,4433,
2019-10-27,9.679635047912598,10.855664956237073,9.227315212801512,9.81533016696375,603,
2019-10-29,9.951026916503906,9.951026916503906,9.272547640584266,9.951026916503906,67,
2019-10-30,9.589170455932615,10.40334576789916,9.272547596044182,10.312881433738852,2114,
2019-10-31,9.81533145904541,10.403347414482637,8.820229168997157,9.90579673139311,2376,
2019-11-01,9.951026916503906,11.217521133748342,9.634402207356471,11.217521133748342,1968,
2019-11-04,10.358114242553713,10.4485785863531,9.54393976770498,10.22241911265836,1881,
2019-11-05,10.31288242340088,10.85566570884303,10.086722952100605,10.719970580384352,1086,
2019-11-06,10.629505157470703,10.991360644330394,9.90579510762037,10.76520119601035,4695,
2019-11-07,10.719970703125,11.036593597022971,9.543939775933875,10.991361887018856,4509,
2019-11-08,10.31288242340088,11.03659347065708,9.951027823641924,11.03659347065708,3075,
2019-11-11,10.041491508483888,10.493810463060532,9.770099396642564,10.493810463060532,1444,
2019-11-13,10.31288242340088,10.403346766242477,9.951027823641924,10.403346766242477,215,
2019-11-14,9.543940544128418,10.900899344427172,8.82022943033421,10.312883371567455,5830,
2019-11-15,9.046387672424316,9.54393922537493,8.59406782686855,9.54393922537493,8999,
2019-11-18,9.001155853271484,9.272547942009172,8.413139968962858,8.684532981569637,212,
2019-11-19,9.046387672424316,9.136851087214009,8.684533089396446,9.046387672424316,56292,
2019-11-20,8.91069221496582,9.046388269982854,8.729765373435326,9.046388269982854,653,
2019-11-21,9.001155853271484,9.498707400044518,8.322676555296356,9.498707400044518,3235,
2019-11-22,9.001155853271484,9.091619266937986,8.684532981569637,9.091619266937986,2587,
2019-11-25,8.955924034118652,9.22731519558363,8.77499628518564,8.865459697717606,6995,
2019-11-26,8.820228576660156,8.955924628330408,7.870357138837529,8.729765158126082,5111,
2019-11-27,8.955924034118652,9.046387446650618,8.684532872653673,9.046387446650618,1082,
2019-11-28,8.820228576660156,9.136851465398555,8.684533448859044,9.136851465398555,3829,
2019-11-29,8.4583740234375,9.046389082855816,7.734662896809034,8.684534443410831,38517,
2019-12-02,8.820228576660156,8.820228576660156,8.322677003115324,8.820228576660156,1338,
2019-12-03,8.051285743713379,8.548836388449546,8.006054034895387,8.548836388449546,38481,
2019-12-04,7.644197940826416,8.322677299467706,7.282342868001537,8.051286110332695,7674,
2019-12-05,7.191878795623779,7.644197249284372,7.010950582677361,7.644197249284372,3036,
2019-12-06,7.598965644836426,7.960821151733398,7.237110599874004,7.960821151733398,3859,
2019-12-09,7.101414203643799,8.05128561709871,7.0109507874304455,8.05128561709871,3800,
2019-12-10,7.191878795623779,7.237110502409475,7.010950582677361,7.237110502409475,1130,
2019-12-11,7.010951519012451,7.237111468948953,6.739559856249413,7.010951519012451,1183,
2019-12-12,7.146646022796631,7.146646022796631,7.056182605177637,7.056182605177637,2363,
2019-12-13,6.9204864501953125,7.237110716745112,6.151543254654412,7.237110716745112,36060,
2019-12-16,7.146646022796631,7.4632702941359375,6.468167619046784,7.237110826219322,1124,
2019-12-17,7.146646022796631,7.191879117409825,6.965719187558643,7.191879117409825,1156,
2019-12-18,6.784791469573975,7.14664655268332,6.649095409215195,7.01095141619374,1039,
2019-12-19,7.056182861328125,7.101414571779603,6.468167853851406,6.784791212815505,2683,
2019-12-20,6.9204864501953125,7.191879008619826,6.649094815639916,7.191879008619826,3235,
2019-12-23,6.8752546310424805,7.418037927856459,6.784791210174733,7.1918793756870905,869,
2019-12-24,6.8752546310424805,7.96082168660502,6.332471796163084,7.96082168660502,7382,
2019-12-26,7.101414203643799,7.237110713767504,6.64909481290424,6.87525427730674,2156,
2019-12-27,7.056182861328125,7.689430503125488,6.649095157591903,7.463270565064347,1400,
2019-12-30,6.830022811889648,7.779893797161543,6.558631629737193,6.784791102175764,1434,
2019-12-31,7.056182861328125,7.734662213576967,6.513399564302885,6.603863447140425,3325,
2020-01-01,7.372806072235107,7.5085025866683,6.422935090548494,7.191879234062477,711,
2020-01-02,8.4583740234375,8.820229586751733,6.649095744931714,7.46327122432336,8272,
2020-01-03,9.31778049468994,10.131954987073785,8.006054410366433,9.046388381315875,79509,
2020-01-06,11.172289848327637,11.172289848327637,8.63929947089102,9.905795583478424,152724,
2020-01-07,11.53414535522461,12.167393000451751,10.49381046599097,12.031696944493198,107207,
2020-01-08,10.40334701538086,11.217522424976456,10.40334701538086,10.493810436519722,59308,
2020-01-09,9.860563278198242,11.21752297686438,9.363012589717302,10.855666502898549,132382,
2020-01-10,9.679635047912598,9.860561873314134,9.272547843020975,9.679635047912598,8082,
2020-01-13,9.49870777130127,9.679635529574922,8.729765029605533,9.182083963355096,6998,
2020-01-14,9.49870777130127,9.815330655378316,9.31778001302762,9.49870777130127,5478,
2020-01-15,9.36301326751709,10.448579996392429,8.639301191064254,10.448579996392429,6137,
2020-01-16,8.955924034118652,9.724866736116685,8.91069140398359,9.724866736116685,7119,
2020-01-17,9.046387672424316,9.317779764531595,8.59406782686855,8.955924257634624,2492,
2020-01-20,8.639299392700195,9.046387524190587,8.594067686046515,8.639299392700195,4528,
2020-01-21,8.77499771118164,8.77499771118164,8.23221437617667,8.63930072259386,2157,
2020-01-22,8.77499771118164,8.95592548951663,8.367909517025991,8.367909517025991,62,
2020-01-23,8.77499771118164,8.77499771118164,8.59406900897742,8.77499771118164,677,
2020-01-24,8.955924034118652,8.955924034118652,8.413139863450535,8.413139863450535,406,
2020-01-27,8.594067573547363,8.774996245531847,8.54883586748578,8.54883586748578,391,
2020-01-28,8.186980247497559,8.59406647382911,8.186980247497559,8.59406647382911,460,
2020-01-29,8.141749382019043,8.367908856107839,7.779893853929308,7.779893853929308,7023,
2020-01-30,8.413140296936035,8.413140296936035,7.779893604977113,8.141749121487676,2142,
2020-01-31,8.413140296936035,8.413140296936035,8.413140296936035,8.413140296936035,0,
2020-02-03,8.865460395812988,8.865460395812988,8.594068289108627,8.594068289108627,862,
2020-02-04,8.77499771118164,8.77499771118164,8.4583738681281,8.77499771118164,10,
2020-02-05,8.77499771118164,8.77499771118164,8.77499771118164,8.77499771118164,0,
2020-02-06,8.367908477783203,8.458372817650199,8.367908477783203,8.458372817650199,422,
2020-02-07,8.367908477783203,8.367908477783203,7.960821258054512,8.051285597921508,3578,
2020-02-10,8.503604888916016,8.503604888916016,7.960821598134142,7.960821598134142,208,
2020-02-11,8.141749382019043,8.141749382019043,8.141749382019043,8.141749382019043,123,
2020-02-12,8.277445793151855,8.5488369889938,7.73466247759877,7.870357613585144,4042,
2020-02-13,7.870356559753418,8.684532809869573,7.870356559753418,8.684532809869573,439,
2020-02-14,7.508502006530762,8.232212998781,7.508502006530762,7.508502006530762,2601,
2020-02-17,7.146646022796631,7.870357059225106,7.146646022796631,7.237110826219322,2687,
2020-02-18,7.101414203643799,7.237110713767504,6.830022569200064,6.830022569200064,5836,
2020-02-19,7.237110614776611,7.418037444728558,6.78479076828943,6.78479076828943,8727,
2020-02-20,6.8752546310424805,7.237111086120964,6.8752546310424805,7.237111086120964,4323,
2020-02-24,6.784791469573975,6.920487067998154,6.558631984888809,6.875254893900361,5254,
2020-02-25,6.468167304992676,6.965718849346517,6.468167304992676,6.468167304992676,7077,
2020-02-26,6.151543140411377,6.603862984871364,6.151543140411377,6.151543140411377,2025,
2020-02-27,6.422934532165527,6.422934532165527,6.422934532165527,6.422934532165527,214,
2020-02-28,6.332472324371338,6.422935752784879,6.106312367533622,6.422935752784879,701,
2020-03-02,6.2872395515441895,6.2872395515441895,6.015847926195546,6.015847926195546,674,
2020-03-03,6.242008686065674,6.287240398751495,6.015848736832753,6.287240398751495,3866,
2020-03-04,6.332472324371338,6.332472324371338,6.332472324371338,6.332472324371338,53,
2020-03-05,6.015848636627197,6.287240294025388,6.015848636627197,6.015848636627197,24451,
2020-03-06,5.7444562911987305,6.28723954098438,5.7444562911987305,6.28723954098438,4047,
2020-03-09,5.8349199295043945,5.970616440091622,5.473064877611254,5.473064877611254,1212,
2020-03-11,6.061079978942871,6.061079978942871,6.061079978942871,6.061079978942871,5,
2020-03-12,6.106311321258545,6.33247123934529,5.789687990258551,6.061079614801921,1940,
2020-03-13,6.106311321258545,6.106311321258545,6.106311321258545,6.106311321258545,0,
2020-03-16,6.106311321258545,6.287239532888666,5.834919696715176,6.287239532888666,624,
2020-03-17,6.242008686065674,6.242008686065674,5.834920500285652,5.880152212971474,1283,
2020-03-18,5.970616340637207,6.196775802045031,5.970616340637207,6.196775802045031,1179,
2020-03-19,6.242008686065674,6.242008686065674,6.242008686065674,6.242008686065674,149,
2020-03-20,6.242008686065674,6.332472111437316,5.970617024146931,6.242008686065674,2660,
2020-03-23,6.242008686065674,6.242008686065674,6.242008686065674,6.242008686065674,4,
2020-03-24,5.970616340637207,6.513399140402896,5.970616340637207,6.242007971487327,428,
2020-03-25,6.242008686065674,6.242008686065674,6.242008686065674,6.242008686065674,96,
2020-03-26,5.970616340637207,6.332471386502816,5.970616340637207,6.332471386502816,386,
2020-03-27,6.196775436401367,6.242007603174718,5.970615988338189,6.242007603174718,296,
2020-03-30,6.151543140411377,6.196775771565746,6.151543140411377,6.196775771565746,126,
2020-03-31,6.151543140411377,6.151543140411377,6.151543140411377,6.151543140411377,1275,
2020-04-01,6.196775436401367,6.33247101285237,5.970615988338189,6.151542807693492,2686,
2020-04-03,6.422934532165527,6.468167161645497,6.151542912696511,6.332471120943722,2615,
2020-04-07,6.3777031898498535,6.739559165022264,6.3777031898498535,6.422934898037305,953,
2020-04-08,6.60386323928833,6.60386323928833,6.061079959346824,6.061079959346824,1338,
2020-04-09,6.332472324371338,6.603863995415823,5.970617224913311,6.332472324371338,1529,
2020-04-13,6.3777031898498535,6.9657190917632015,5.6992247954307205,6.9657190917632015,858,
2020-04-15,5.789688587188721,7.010951254516136,5.744456876068603,7.010951254516136,21562,
2020-04-16,6.151543140411377,6.332471355356102,5.608760343315405,6.332471355356102,1613,
2020-04-17,5.7444562911987305,6.694327209290889,5.563528079335638,6.694327209290889,32921,
2020-04-20,5.970616340637207,6.242007971487327,5.2469048631023325,6.242007971487327,26344,
2020-04-21,5.699225425720215,6.1063122302315564,5.51829718715749,5.699225425720215,7772,
2020-04-22,5.699225425720215,5.8349205652893845,5.51829718715749,5.8349205652893845,327,
2020-04-23,5.9253830909729,6.106311302033386,5.699224559401819,5.699224559401819,2215,
2020-04-24,6.151543140411377,6.242007940785565,5.608760343315405,5.74445638904031,4418,
2020-04-27,6.2872395515441895,6.694327220534428,5.608760257205308,6.694327220534428,1808,
2020-04-28,5.7444562911987305,6.558631165877205,5.699224584683864,6.106311329121288,18130,
2020-04-29,6.061079978942871,6.106311688116952,5.563528406420574,6.106311688116952,8971,
2020-04-30,5.699225425720215,5.925383991668832,5.65399278866127,5.925383991668832,2728,
2020-05-04,6.242008686065674,6.242008686065674,5.246905463762348,5.69922536222819,14229,
2020-05-05,6.830022811889648,6.830022811889648,6.015848341563132,6.784791102175764,3252,
2020-05-06,7.508502006530762,7.508502006530762,7.508502006530762,7.508502006530762,5287,
2020-05-07,7.870356559753418,7.870356559753418,7.870356559753418,7.870356559753418,810,
2020-05-08,8.232213973999023,8.232213973999023,8.232213973999023,8.232213973999023,3761,
2020-05-11,8.232213973999023,8.232213973999023,8.232213973999023,8.232213973999023,0,
2020-05-12,8.322676658630371,9.046387672424316,8.232213243840679,9.046387672424316,40584,
2020-05-13,8.141749382019043,8.72976530806673,7.915588984061091,8.72976530806673,8968,
2020-05-14,8.277445793151855,8.5488369889938,7.73466247759877,7.73466247759877,7896,
2020-05-15,8.594067573547363,8.684532833408682,8.277444707247206,8.639299279608947,7157,
2020-05-18,9.001155853271484,9.001155853271484,8.594067720164952,8.955924146438234,5070,
2020-05-19,9.001155853271484,9.408243062508925,8.955924146438234,9.408243062508925,8547,
2020-05-20,8.684532165527344,9.4082421784632,8.594066912623228,9.4082421784632,13364,
2020-05-21,8.594067573547363,9.091619111832006,8.277444707247206,8.277444707247206,19654,
2020-05-22,8.186980247497559,9.001154547898578,8.186980247497559,8.23221194777118,5174,
2020-05-26,7.779893398284912,8.548836119473703,7.779893398284912,8.277444951235525,7588,
2020-05-27,7.46327018737793,8.05128562703211,7.41803755534633,7.915588654806426,7835,
2020-05-28,7.825125217437744,7.825125217437744,7.463270167307329,7.825125217437744,1499,
2020-05-29,8.186980247497559,8.186980247497559,7.463268885709304,7.508501047917404,4370,
2020-06-01,7.960821628570557,8.594068341635907,7.960821628570557,8.594068341635907,5358,
2020-06-02,8.322676658630371,8.322676658630371,7.960821151733398,8.322676658630371,2850,
2020-06-03,7.960821628570557,8.684533609582491,7.915588994597264,7.915588994597264,9149,
2020-06-04,8.232213973999023,8.277445685405707,7.960821857820548,7.960821857820548,1033,
2020-06-05,8.096518516540527,8.548837511900492,7.825126380229144,8.232214584696218,2411,
2020-06-08,8.141749382019043,8.322677146063912,8.096517671975116,8.096517671975116,3061,
2020-06-09,7.960821628570557,8.548836631531774,7.779893864284862,8.548836631531774,4118,
2020-06-10,7.870356559753418,8.23221297887251,7.644197106189423,7.96082089550046,1554,
2020-06-11,8.096518516540527,8.232214584696218,7.508503453024869,8.232214584696218,2526,
2020-06-12,8.322676658630371,8.458372704684011,7.779893398284912,8.141748905181885,4233,
2020-06-15,8.322676658630371,8.684533089396446,7.91558852046945,8.413140073420063,2499,
2020-06-16,8.096518516540527,8.639300941424786,7.9155898097534365,7.9155898097534365,3340,
2020-06-17,7.870356559753418,8.367908096689465,7.779893147875449,8.096516937186486,3405,
2020-06-18,8.00605297088623,8.141748079306245,7.91558771753487,8.141748079306245,2641,
2020-06-19,8.277445793151855,8.277445793151855,7.825125901589685,8.00605459730991,1188,
2020-06-22,8.277445793151855,8.277445793151855,7.870357613585144,8.232214081156398,5904,
2020-06-23,8.367908477783203,8.639299649645958,7.915588626186457,8.639299649645958,2035,
2020-06-24,8.141749382019043,8.774997018110659,8.00605425188726,8.774997018110659,2333,
2020-06-25,8.141749382019043,8.503604910108779,8.141749382019043,8.141749382019043,1459,
2020-06-26,8.4583740234375,8.503605737884467,7.779894611256002,8.141750174570234,7702,
2020-06-29,8.594067573547363,8.684532833408682,8.186981295124038,8.503604161424198,3606,
2020-06-30,8.322676658630371,8.59406782686855,8.186981536445833,8.59406782686855,7665,
2020-07-01,8.186980247497559,8.54883477355549,8.006052522534114,8.54883477355549,2933,
2020-07-02,7.779893398284912,8.503604412078857,7.779893398284912,8.141748905181885,6645,
2020-07-03,7.418037414550781,7.960821135740355,7.418037414550781,7.960821135740355,16465,
2020-07-06,7.056182861328125,7.689430503125488,7.056182861328125,7.689430503125488,9453,
2020-07-07,7.101414203643799,7.237110713767504,6.73955915298671,6.73955915298671,6925,
2020-07-08,7.237110614776611,7.372805737240571,6.78479076828943,6.830022475777417,2389,
2020-07-09,7.598965644836426,7.598965644836426,6.920486338437327,7.418037429453388,10503,
2020-07-10,7.598965644836426,7.960821151733398,7.237110599874004,7.960821151733398,7015,
2020-07-13,7.327574729919434,7.870357581312203,7.237111306299469,7.418038153539398,1444,
2020-07-14,7.101414203643799,7.689430104507063,7.056182495537122,7.689430104507063,1709,
2020-07-15,7.237110614776611,7.418037444728558,6.920486352687942,7.418037444728558,3800,
2020-07-16,7.010951519012451,7.598966557365063,7.010951519012451,7.598966557365063,2580,
2020-07-17,6.830022811889648,7.191879261208173,6.694327682747996,7.010951036548911,2407,
2020-07-20,7.146646022796631,7.146646022796631,6.784790966516959,6.784790966516959,3479,
2020-07-21,7.372806072235107,7.372806072235107,6.920486667130666,7.1466461387156,815,
2020-07-22,7.101414203643799,7.372805838087534,7.0109507874304455,7.372805838087534,554,
2020-07-23,7.327574729919434,7.327574729919434,6.8300231284020505,7.010951361445769,245,
2020-07-24,7.146646022796631,7.146646022796631,6.965719187558643,6.965719187558643,652,
2020-07-27,6.830022811889648,7.146646165690564,6.830022811889648,7.146646165690564,11593,
2020-07-28,6.830022811889648,6.830022811889648,6.558631629737193,6.739559392461881,257,
2020-07-29,6.694327831268311,7.101414613528619,6.513399602594976,6.694327831268311,13380,
2020-07-30,6.694327831268311,6.965719481376435,6.5586317752469565,6.5586317752469565,2047,
2020-07-31,6.694327831268311,6.694327831268311,6.694327831268311,6.694327831268311,535,
2020-08-03,6.694327831268311,6.694327831268311,6.694327831268311,6.694327831268311,214,
2020-08-04,6.694327831268311,6.694327831268311,6.694327831268311,6.694327831268311,435,
2020-08-05,6.739558696746826,6.739558696746826,6.739558696746826,6.739558696746826,21,
2020-08-06,7.056182861328125,7.056182861328125,6.739559502364026,6.739559502364026,2495,
2020-08-07,7.056182861328125,7.056182861328125,6.965719440425167,7.010951150876646,3760,
2020-08-10,6.830022811889648,7.056182746262795,6.830022811889648,7.056182746262795,2965,
2020-08-11,7.010951519012451,7.010951519012451,6.513399906312912,6.784791569075949,3016,
2020-08-12,7.056182861328125,7.327574509840745,6.784791212815505,6.965719440425167,2775,
2020-08-13,6.830022811889648,7.37280610006371,6.830022811889648,7.37280610006371,8921,
2020-08-14,6.784791469573975,7.056183128356934,6.739559757410781,6.875254893900361,4053,
2020-08-17,7.056182861328125,7.056182861328125,6.694327791912548,7.056182861328125,16255,
2020-08-18,7.056182861328125,7.372806220292224,6.965719440425167,7.372806220292224,18579,
2020-08-19,7.010951519012451,7.327574894602026,6.9204871694901655,7.282343181775489,15158,
2020-08-20,6.694327831268311,7.327574552919348,6.694327831268311,7.237111131484559,14071,
2020-08-21,6.830022811889648,6.920486693251992,6.6038633394510775,6.920486693251992,10729,
2020-08-24,6.9204864501953125,7.05618249844029,6.60386310751463,7.010950790315003,105223,
2020-08-25,7.237110614776611,7.237110614776611,7.191878907288625,7.191878907288625,13987,
2020-08-26,7.598965644836426,7.598965644836426,7.598965644836426,7.598965644836426,6125,
2020-08-27,7.960821628570557,7.960821628570557,7.960821628570557,7.960821628570557,9126,
2020-08-28,8.322676658630371,8.322676658630371,7.644197352231272,8.322676658630371,214944,
2020-08-31,7.960821628570557,8.729765319686626,7.915588994597264,8.729765319686626,35026,
2020-09-01,8.277445793151855,8.322677505147313,7.825125901589685,8.277445793151855,20863,
2020-09-02,8.684532165527344,8.684532165527344,7.91558767840142,8.006052931305534,29857,
2020-09-03,8.4583740234375,8.684534443410831,8.277446241780384,8.277446241780384,15409,
2020-09-04,8.729765892028809,8.865461031237675,8.0512865005076,8.413141128933797,8873,
2020-09-07,9.001155853271484,9.136850973771235,8.639299426998203,9.136850973771235,36867,
2020-09-08,8.594067573547363,8.955923993647255,8.594067573547363,8.639299279608947,9262,
2020-09-09,8.186980247497559,8.186980247497559,8.186980247497559,8.186980247497559,2677,
2020-09-10,8.4583740234375,8.594069166778402,7.779894611256002,7.779894611256002,1882,
2020-09-11,8.367908477783203,8.458372817650199,8.096517305920447,8.096517305920447,1684,
2020-09-14,8.684532165527344,8.774995570693449,8.18698066550675,8.729763868110396,6091,
2020-09-15,8.684532165527344,8.684532165527344,8.684532165527344,8.684532165527344,21,
2020-09-16,8.277445793151855,8.322677505147313,8.277445793151855,8.322677505147313,2696,
2020-09-17,7.960821628570557,8.141749392856251,7.87035728449313,7.87035728449313,3299,
2020-09-18,7.960821628570557,7.960821628570557,7.734662154180728,7.960821628570557,600,
2020-09-21,7.779893398284912,8.322676658630371,7.598965644836426,8.322676658630371,7004,
2020-09-22,7.413780689239502,7.871421472525891,7.413780689239502,7.505308378527709,12803,
2020-09-23,7.734128952026367,7.779893731101926,7.230723860100296,7.45954448389462,2464,
2020-09-24,7.368016719818115,7.688365029008957,7.368016719818115,7.642601185139863,2452,
2020-09-25,7.596837520599365,7.596837520599365,7.368016893745241,7.368016893745241,322,
2020-09-28,7.368016719818115,7.962949026961643,7.322252875949021,7.962949026961643,681,
2020-09-29,7.734128952026367,7.734128952026367,7.596837419014094,7.596837419014094,20752,
2020-09-30,8.100242614746094,8.100242614746094,8.100242614746094,8.100242614746094,13216,
2020-10-01,7.871421337127685,8.10024242588848,7.825657493270777,7.825657493270777,815,
2020-10-05,8.146005630493164,8.237533311024409,7.962948399954571,7.962948399954571,20422,
2020-10-06,8.283297538757324,8.51211672496754,7.779892524880881,8.51211672496754,8085,
2020-10-07,7.917184829711914,8.008712513364797,7.871420987885473,7.871420987885473,750,
2020-10-08,7.962949275970459,8.191770371947625,7.917185430670288,8.191770371947625,538,
2020-10-09,7.962949275970459,7.962949275970459,7.596837578830934,7.642601424131105,896,
2020-10-12,7.825657367706299,8.32906244626942,7.779893524583682,8.32906244626942,998,
2020-10-13,7.642601013183594,8.191769931470951,7.459544239718755,7.596837170344173,9451,
2020-10-14,7.322253227233887,7.917185562919275,7.322253227233887,7.459544765427724,13914,
2020-10-15,7.001904010772705,7.047668791855469,7.001904010772705,7.047668791855469,2799,
2020-10-16,7.2764892578125,7.322253103101288,6.681555530105642,7.322253103101288,14584,
2020-10-19,7.2764892578125,7.2764892578125,6.956139536576523,7.2764892578125,14514,
2020-10-20,7.505307674407959,7.551072449496725,7.047667868793757,7.230723230196606,3177,
2020-10-21,7.68836498260498,7.68836498260498,7.139196055276053,7.68836498260498,1488,
2020-10-22,7.322253227233887,7.688365397858042,7.322253227233887,7.688365397858042,3769,
2020-10-23,7.322253227233887,7.551073392295119,7.322253227233887,7.322253227233887,576,
2020-10-26,7.596837520599365,7.596837520599365,7.001903797304828,7.322253048795861,111,
2020-10-27,7.68836498260498,7.871421291714623,7.276488988161875,7.871421291714623,2223,
2020-10-28,7.413780689239502,7.962949161814098,7.368016844595398,7.962949161814098,769,
2020-10-29,7.734128952026367,7.779893731101926,7.734128952026367,7.734128952026367,2723,
2020-10-30,8.100242614746094,8.100242614746094,7.551073204075835,7.73412905114049,6668,
2020-11-02,8.05447769165039,8.420590313998135,8.05447769165039,8.420590313998135,4,
2020-11-03,8.05447769165039,8.05447769165039,8.05447769165039,8.05447769165039,0,
2020-11-04,8.374825477600098,8.374825477600098,7.68836415834874,7.68836415834874,8010,
2020-11-05,8.603647232055664,8.786704490880151,8.008713477721573,8.374827060632349,1406,
2020-11-06,8.19176959991455,8.78670327169989,8.19176959991455,8.78670327169989,6017,
2020-11-09,8.557882308959961,8.557882308959961,8.329062166300217,8.329062166300217,4069,
2020-11-10,8.146005630493164,8.512117287356197,8.146005630493164,8.512117287356197,2095,
2020-11-11,8.4205904006958,8.512118089856033,7.779893772359755,7.871421461519987,9082,
2020-11-12,8.64941120147705,8.786704614902378,8.054478373483821,8.786704614902378,3334,
2020-11-13,8.4205904006958,9.01552318445173,8.329062711535569,9.01552318445173,6298,
2020-11-14,8.557882308959961,8.832467227942116,8.420589849468884,8.420589849468884,702,
2020-11-17,8.146005630493164,8.878230813695334,8.146005630493164,8.420589606824953,24191,
2020-11-18,8.008712768554688,8.283298632476999,7.779893552131378,8.1460061678849,4149,
2020-11-19,7.962949275970459,8.374826687886465,7.642601424131105,8.374826687886465,8200,
2020-11-20,8.19176959991455,8.19176959991455,7.825657002541141,7.96294852550262,2184,
2020-11-23,7.825657367706299,8.466353975637272,7.825657367706299,8.466353975637272,12195,
2020-11-24,8.146005630493164,8.146005630493164,7.825656879157703,7.825656879157703,2232,
2020-11-25,7.779893398284912,8.191769849178288,7.779893398284912,7.917184925423974,71779,
2020-11-26,7.68836498260498,8.146006222748147,7.413780518940516,8.146006222748147,28719,
2020-11-27,7.551072597503662,8.054477188073754,7.322252456526994,8.054477188073754,1252,
2020-12-01,7.505307674407959,7.779893053357365,7.3222523130051105,7.368016153355822,3069,
2020-12-02,7.505307674407959,7.871420734058789,7.505307674407959,7.596836757216463,911,
2020-12-03,7.825657367706299,7.871421210828916,7.36801659963485,7.413780442757467,76943,
2020-12-04,8.05447769165039,8.191770158715327,7.688365069302645,8.191770158715327,16399,
2020-12-07,8.740939140319824,8.832468708305433,8.10024338127938,8.23753492904309,93136,
2020-12-08,9.518928527832031,9.610457154122576,8.46635446655068,9.473164682055842,137325,
2020-12-09,9.701983451843262,10.434208618020111,8.740937220182623,10.434208618020111,149878,
2020-12-10,9.107051849365234,10.068098198304746,8.832467845909763,10.068098198304746,54068,
2020-12-11,8.923995018005371,9.930804218610986,8.786703491607849,9.701984073210358,19595,
2020-12-14,8.786703109741211,9.610455971278732,8.146005608778205,9.564692131135104,32271,
2020-12-15,8.695174217224121,9.473164232162365,8.329062533663581,9.473164232162365,39153,
2020-12-16,8.969758987426758,9.15281529329261,8.740937904040866,9.107051450510673,27011,
2020-12-17,8.786703109741211,9.152814765628294,8.603645879690596,9.152814765628294,8306,
2020-12-18,9.656220436096191,9.656220436096191,8.42059012911728,8.878231364373145,57873,
2020-12-21,9.518928527832031,10.617266434889574,9.061288200593804,10.251153799203726,146404,
2020-12-22,9.976568222045898,10.205389305884225,8.740937921323741,10.068097777266956,21346,
2020-12-23,9.518928527832031,10.93761522479923,9.244343583698564,10.525738743337191,84721,
2020-12-24,9.885040283203123,10.43420918782552,9.656220139961649,10.296917662723482,32273,
2020-12-28,9.656220436096191,10.0680978282479,9.610456592992035,10.0680978282479,77294,
2020-12-29,9.610455513000488,10.068096696828134,9.152814329172845,9.701983188923217,20388,
2020-12-30,9.01552391052246,10.525739315935672,8.786704669193783,10.068098963801884,95543,
2020-12-31,8.786703109741211,9.518927356253425,8.603645879690596,9.061287085341036,102059,
2021-01-01,9.107051849365234,9.152815694151457,8.740938286861033,9.152815694151457,29203,
2021-01-04,9.198579788208008,9.656221052686176,9.015523469364377,9.656221052686176,25761,
2021-01-05,9.15281581878662,9.610457077095033,8.8782318115921,9.610457077095033,49389,
2021-01-06,8.969758987426758,9.564692682544354,8.832467459080947,9.42740021946044,52345,
2021-01-07,9.15281581878662,9.381636915309905,8.923995657001495,9.381636915309905,16559,
2021-01-08,8.923995018005371,9.33587146667412,8.878231175872864,9.33587146667412,18820,
2021-01-11,8.8782320022583,9.564693437094071,8.603647054428722,8.923995848650506,20605,
2021-01-12,8.969758987426758,9.061287607728737,8.374826227047265,8.969758987426758,19137,
2021-01-13,8.557882308959961,9.015522594279448,8.237533548393474,8.969758752695116,37990,
2021-01-14,8.283297538757324,8.649409171431659,8.100241255051163,8.649409171431659,38394,
2021-01-15,8.603647232055664,8.695174926729711,8.237534583883082,8.466354755306396,18984,
2021-01-18,8.4205904006958,8.512118089856033,8.237534087637195,8.512118089856033,2785,
2021-01-19,8.374825477600098,8.786702829993724,8.191769188115604,8.374825477600098,8992,
2021-01-20,8.64941120147705,8.786704614902378,8.237534700153908,8.237534700153908,20803,
2021-01-21,8.695174217224121,9.152815457466506,8.374826377266382,8.649410373621318,10429,
2021-01-22,8.466354370117188,9.152815787893758,8.283298989097466,8.603646840620133,15692,
2021-01-25,8.557882308959961,9.290107513261605,8.237533548393474,8.832467227942116,43149,
2021-01-27,8.329063415527344,8.740938986299208,8.237534783892759,8.329063415527344,2914,
2021-01-28,8.64941120147705,8.69517504946002,8.191770852170938,8.191770852170938,2919,
2021-01-29,8.557882308959961,8.87823106952645,8.51211753263755,8.87823106952645,6551,
2021-02-01,8.64941120147705,8.878232310868317,8.512118722789934,8.512118722789934,13333,
2021-02-02,8.64941120147705,8.878232310868317,8.512118722789934,8.557883505511112,4483,
2021-02-03,8.512117385864258,8.87823091644031,8.512117385864258,8.87823091644031,18089,
2021-02-04,8.740939140319824,9.015524105323712,8.512118959308742,8.512118959308742,772,
2021-02-05,9.15281581878662,9.518928451538086,9.015523347820285,9.015523347820285,44750,
2021-02-08,9.381636619567873,9.930804616645212,8.374826443870445,9.564692930173027,10581,
2021-02-09,9.107051849365234,9.656220791014322,8.923995535482206,9.6104569462281,17322,
2021-02-10,9.290108680725098,9.335872528060452,8.878232185230509,9.335872528060452,1270,
2021-02-11,9.15281581878662,9.518928451538086,9.061288127967831,9.518928451538086,5241,
2021-02-12,8.8782320022583,9.335872335656695,8.237534413814734,9.152816015349703,16544,
2021-02-15,9.107051849365234,9.152815694151457,8.78670400112354,9.107051849365234,4505,
2021-02-16,8.832467079162598,9.107051058781412,8.832467079162598,8.878230919976057,2787,
2021-02-17,8.64941120147705,9.107052485521374,8.466354874806964,9.107052485521374,13511,
2021-02-18,8.786703109741211,9.107050925484664,8.740937400121483,9.107050925484664,3646,
2021-02-19,8.8782320022583,9.152816015349703,8.557883208036518,9.152816015349703,27060,
2021-02-22,8.740939140319824,9.107052738571085,8.557883743301545,8.878232557560002,11206,
2021-02-23,8.466354370117188,8.878231781626022,8.374826679607327,8.557882995365201,11140,
2021-02-24,9.061286926269531,9.061286926269531,8.74093724667374,9.015522152191256,8065,
2021-02-25,8.923995018005371,9.061287479140985,8.420589950333518,8.923995018005371,10227,
2021-02-26,8.740939140319824,9.061288889316517,8.603647592556115,8.695175291065254,23614,
2021-03-01,9.061286926269531,9.244342283630498,8.786702955490046,9.244342283630498,11978,
2021-03-02,9.15281581878662,9.15281581878662,8.466354398693085,8.832467966182707,8606,
2021-03-03,9.15281581878662,9.29010828975296,8.695174560478211,9.107051973377226,7766,
2021-03-04,9.15281581878662,9.518928451538086,8.969759502410888,9.107051973377226,4454,
2021-03-05,9.198579788208008,9.335872261025274,8.96975962333801,9.152815942181642,4558,
2021-03-08,9.15281581878662,9.427400760719298,8.695174560478211,9.107051973377226,12026,
2021-03-09,9.15281581878662,9.381636915309905,8.695174560478211,8.923995657001495,5946,
2021-03-10,9.061286926269531,9.335870897049016,9.015522152191256,9.335870897049016,1978,
2021-03-12,9.15281581878662,9.24434350960541,8.923995657001495,8.923995657001495,28996,
2021-03-15,9.107051849365234,10.068098198304746,8.283298904260675,10.022334353518524,134389,
2021-03-16,9.107051849365234,9.56469310144188,8.878231690695984,9.56469310144188,29214,
2021-03-17,8.832467079162598,9.15281489959487,8.512117389254199,8.786703238349139,17428,
2021-03-18,8.969758987426758,9.107051450510673,8.466353912611138,8.695174061258928,5661,
2021-03-19,8.8782320022583,9.1070521689575,8.237534413814734,8.649410900820927,18957,
2021-03-22,8.466354370117188,9.107051942638828,8.237534209104382,8.649410685875063,64231,
2021-03-23,8.695174217224121,8.878231461111572,8.283298690060779,8.329062533663581,30311,
2021-03-24,8.740939140319824,9.2901090703276,8.512118959308742,8.923996406814572,29370,
2021-03-25,8.969758987426758,9.15281529329261,8.557882532913116,9.15281529329261,36188,
2021-03-26,8.695174217224121,9.335871766615837,8.557882686415713,8.649410373621318,26749,
2021-03-30,8.923995018005371,9.51892776994224,8.695173937866654,9.51892776994224,14505,
2021-03-31,8.969758987426758,9.518927905024317,8.740937904040866,8.969758987426758,25469,
2021-04-01,9.061286926269531,9.244342283630498,8.695173407333497,8.74093724667374,7506,
2021-04-05,8.923995018005371,9.656220231077851,8.695173937866654,9.656220231077851,5274,
2021-04-06,9.01552391052246,9.381637500862992,8.695175103185882,8.786704669193783,27041,
2021-04-07,9.244342803955078,9.83927648781663,9.015522659636527,9.015522659636527,23628,
2021-04-08,9.290108680725098,9.74774902355504,9.198580051316192,9.74774902355504,17596,
2021-04-09,9.107051849365234,9.701984635800542,9.015523225054649,9.198579538937675,43966,
2021-04-12,8.740939140319824,9.427401552829542,8.557883743301545,8.969760256069142,15970,
2021-04-13,9.290108680725098,10.47997431987351,7.322253430553768,8.7867044905598,59270,
2021-04-15,9.290108680725098,9.51892885214007,8.7867044905598,9.290108680725098,5559,
2021-04-16,9.15281581878662,10.022334489994046,8.969759502410888,9.518928451538086,9723,
2021-04-19,8.786703109741211,10.068097176929172,8.329061904090771,9.152814765628294,23146,
2021-04-20,9.244342803955078,10.022333724957171,8.466353752429153,9.198578962038985,28452,
2021-04-22,8.786703109741211,9.74774749170962,8.512117264665289,9.74774749170962,23161,
2021-04-23,8.832467079162598,9.15281489959487,8.512117389254199,8.695173687246097,4903,
2021-04-26,8.923995018005371,9.107051321273492,8.466353792466027,8.466353792466027,20042,
2021-04-27,8.923995018005371,9.152815163405998,8.695173937866654,9.152815163405998,16882,
2021-04-28,9.107051849365234,9.244343383723898,8.78670400112354,8.832467845909763,1389,
2021-04-29,9.381636619567873,9.610456774139784,8.923995375685916,9.15281553025783,29961,
2021-04-30,9.244342803955078,9.793512645900536,8.740937738663797,9.61045634349808,13095,
2021-05-03,9.198579788208008,9.427400887816177,8.923995777311644,9.244343634234374,13038,
2021-05-04,9.701983451843262,10.068096969669716,8.46635325023532,8.46635325023532,24713,
2021-05-05,11.62407684326172,11.62407684326172,9.244343737080952,9.79351363445973,612261,
2021-05-06,13.912280082702637,13.912280082702637,11.25796226420752,12.264772406758212,741180,
2021-05-07,12.859705924987791,14.141100039828212,12.539357162593166,13.91227989586266,248106,
2021-05-10,12.035954475402832,12.76817883690677,11.898661063934687,12.630887294915016,83906,
2021-05-11,11.807132720947266,12.264773038600604,11.16643515454682,11.16643515454682,44280,
2021-05-12,12.035954475402832,12.813943618975552,11.486784568483037,12.35630234145512,64748,
2021-05-14,11.62407684326172,12.8139433963521,11.53254915019071,12.8139433963521,27644,
2021-05-17,12.035954475402832,12.539358665515651,11.532549350551816,12.539358665515651,45065,
2021-05-18,11.807132720947266,12.493593197427272,11.715604096573712,11.99018903495623,22854,
2021-05-19,11.852895736694336,12.310536957075335,11.166434373491873,11.166434373491873,20267,
2021-05-20,11.669839859008787,12.127481095998403,11.441019707883038,11.441019707883038,8224,
2021-05-21,11.212198257446287,12.081716859874955,11.120670573867324,12.035953018085472,33933,
2021-05-24,11.715603828430176,11.76136767220045,10.708794591793518,11.212198742742784,19836,
2021-05-25,11.94442367553711,12.12748091539738,11.34949185231268,11.807132147749057,33409,
2021-05-26,11.669839859008787,12.081717252720876,11.532548329176208,11.89866001013454,30595,
2021-05-27,11.76136875152588,12.12748233950021,11.669841055585952,12.12748233950021,15153,
2021-05-28,12.264772415161133,12.31053719239068,11.944423648244788,12.173244730178231,48897,
2021-05-31,12.813941955566406,12.859705796956275,11.898659519340594,12.813941955566406,82625,
2021-06-01,13.08852767944336,13.454640328732149,12.356302380865776,12.813943659845863,45004,
2021-06-02,13.225818634033203,13.729223738115303,12.539358148181057,13.729223738115303,28734,
2021-06-03,12.813941955566406,13.225817462813296,12.585120879140916,13.225817462813296,17741,
2021-06-04,12.630885124206545,13.088525388340008,12.356300217936036,13.088525388340008,14559,
2021-06-07,13.13429069519043,13.225818384347532,12.676650379928631,12.90547053755953,18736,
2021-06-08,13.363112449645996,13.59193261861398,12.722414854849816,13.59193261861398,11431,
2021-06-09,13.180054664611816,14.00380854851913,12.722414345015205,13.63769591894658,22380,
2021-06-10,12.722413063049316,13.088525655730765,12.630885382247982,12.630885382247982,8257,
2021-06-11,12.630885124206545,13.271581680941,12.53935651053703,13.271581680941,20028,
2021-06-14,13.042762756347656,13.180054287455055,12.356301361858176,13.180054287455055,12611,
2021-06-15,12.676650047302246,13.4546391236763,12.630886203924506,12.813942512173584,9915,
2021-06-16,12.722413063049316,13.180053336532096,12.173244174027143,13.180053336532096,13319,
2021-06-17,12.53935718536377,13.225817618506996,12.173244580458814,13.225817618506996,14081,
2021-06-18,12.264772415161133,12.768177486781374,12.219008572669685,12.768177486781374,3681,
2021-06-21,12.813941955566406,12.859705796956275,11.761367060432914,12.447828420233236,21521,
2021-06-22,12.951233863830566,13.363111252768649,12.310537261157055,13.04276248406284,17433,
2021-06-23,12.630885124206545,12.951232935204754,12.310536378470298,12.402064057401777,7440,
2021-06-24,12.264772415161133,13.08852625369772,12.081717045195331,12.813942264010922,12828,
2021-06-25,12.081716537475586,12.768176950213949,11.944423146294632,12.768176950213949,4742,
2021-06-28,12.447830200195312,12.63088746140698,11.898661220774931,11.898661220774931,17445,
2021-06-29,12.173245429992676,12.447829435464737,11.852896644660149,12.08171773974804,4281,
2021-06-30,12.310538291931152,12.310538291931152,11.89866086850615,11.89866086850615,11224,
2021-07-01,11.715603828430176,12.58512153375601,11.715603828430176,12.58512153375601,22282,
2021-07-02,11.807132720947266,12.081717659329785,11.16643515454682,11.898660410582677,9559,
2021-07-05,12.356301307678224,12.356301307678224,11.349492076948016,11.898660068445862,24121,
2021-07-06,12.951233863830566,12.951233863830566,12.26477248367187,12.859706178336396,40964,
2021-07-07,12.676650047302246,13.27158281542722,12.493592804315051,13.042762663800405,11825,
2021-07-08,12.676650047302246,13.27158281542722,12.53935758243091,12.951234042306806,38012,
2021-07-09,12.630885124206545,13.271581680941,12.53935651053703,13.04276154887427,23374,
2021-07-12,13.180054664611816,13.22581850962385,12.035953865620282,13.180054664611816,28896,
2021-07-13,13.08852767944336,13.774988195806191,12.63088733520147,13.637696653376544,38217,
2021-07-14,12.676650047302246,13.27158281542722,12.676650047302246,12.676650047302246,2839,
2021-07-15,12.676650047302246,13.225818037311363,12.58512142580865,12.951234042306806,16246,
2021-07-16,12.90546989440918,13.271582502268474,12.539357286549883,12.539357286549883,6207,
2021-07-19,12.722413063049316,12.996997040191374,12.356300470367868,12.996997040191374,12169,
2021-07-20,12.447830200195312,12.813943787880442,12.173246177854226,12.310538656393874,14224,
2021-07-22,12.630885124206545,12.722412803138022,12.081716246403564,12.356300217936036,13609,
2021-07-23,12.630885124206545,12.951232935204754,12.219007764800782,12.813941416807536,13885,
2021-07-26,12.813941955566406,13.042762097253824,12.173244437155953,12.264772119935689,13654,
2021-07-27,13.454639434814451,13.454639434814451,12.493593093229038,13.134290654285982,36610,
2021-07-28,14.095337867736816,14.095337867736816,13.4546402670496,13.4546402670496,88384,
2021-07-29,14.781798362731934,14.781798362731934,14.64450682110093,14.781798362731934,51944,
2021-07-30,15.514022827148438,15.514022827148438,14.232628630638146,15.514022827148438,63861,
2021-08-02,16.246248245239258,16.246248245239258,15.834372703509857,15.971663304435454,106507,
2021-08-03,17.02423667907715,17.02423667907715,17.02423667907715,17.02423667907715,39798,
2021-08-04,16.200485229492188,16.9327104872271,16.200485229492188,16.886945707565058,66215,
2021-08-05,15.422494888305664,16.429305065228277,15.422494888305664,15.651315043156028,11653,
2021-08-06,14.690269470214844,14.690269470214844,14.690269470214844,14.690269470214844,4182,
2021-08-09,14.186863899230955,14.873325266715248,13.95804375498222,14.003807596884352,14064,
2021-08-10,13.500402450561523,14.873325177273989,13.500402450561523,14.827561335647058,20673,
2021-08-11,12.90546989440918,13.59193126782988,12.859706052111292,13.50040264849601,26448,
2021-08-12,13.31734848022461,13.500403865923571,12.264773469288336,12.493593636150216,31130,
2021-08-13,13.95804500579834,13.95804500579834,12.813943247290691,13.820752533050737,19310,
2021-08-16,13.454639434814451,14.59874208888212,13.408875590378424,14.552978244446091,18863,
2021-08-17,13.729223251342772,14.095336806116704,12.905470323631269,14.04957296229676,35747,
2021-08-18,13.729223251342772,13.866515717540732,13.18005432128906,13.225818165109006,19757,
2021-08-20,13.271583557128906,13.683460040023116,13.04276339271414,13.683460040023116,6374,
2021-08-23,12.676650047302246,13.820751740174456,12.630886203924506,12.996997885684548,14847,
2021-08-24,12.447830200195312,12.95123533168188,12.310538656393874,12.310538656393874,4834,
2021-08-25,12.722413063049316,13.042761815330095,12.3105366299672,12.3105366299672,10339,
2021-08-26,12.722413063049316,13.317346727210207,12.447828151169205,12.539356766708591,54914,
2021-08-27,12.630885124206545,13.180053067271489,12.585120350002768,12.722412803138022,9224,
2021-08-30,12.813941955566406,13.225817462813296,12.402064578843367,13.225817462813296,11793,
2021-08-31,12.676650047302246,13.363111436920818,12.356301274181831,13.363111436920818,11255,
2021-09-01,12.310538291931152,13.225818962462675,12.219009664035092,13.225818962462675,37267,
2021-09-02,12.173245429992676,12.58512190556984,11.715604174555043,12.58512190556984,12537,
2021-09-03,12.40206527709961,12.676650210374545,12.127481278562804,12.127481278562804,7807,
2021-09-06,12.53935718536377,12.99699747412592,12.173244580458814,12.81394210641153,41382,
2021-09-07,12.539356231689451,12.908161768350263,12.308853595186177,12.631557851257435,16870,
2021-09-08,12.631558418273926,12.862061065124204,12.12445278352554,12.862061065124204,24593,
2021-09-09,12.447155952453612,12.81596055931726,12.216653308566624,12.769860218862092,14090,
2021-09-13,12.401056289672852,12.815961259664771,12.354955005087255,12.354955005087255,28115,
2021-09-14,12.815960884094238,13.000363192199112,12.308854301403043,12.67765891761279,8934,
2021-09-15,12.815960884094238,13.276966183550831,12.631558575989366,12.67765891761279,4660,
2021-09-16,12.677659034729004,13.184765622104848,12.631558692679704,13.13866528005555,5887,
2021-09-17,12.401056289672852,12.908162887224757,12.354955005087255,12.908162887224757,7202,
2021-09-20,12.493256568908691,12.862061183919936,12.216653578455846,12.216653578455846,4129,
2021-09-21,12.170554161071776,12.58545820744842,11.893950208005688,12.21665450604571,14687,
2021-09-22,11.94005012512207,12.447156726497504,11.94005012512207,12.35495509824233,5224,
2021-09-23,11.847848892211914,12.493257486700829,11.801748547351632,12.493257486700829,8257,
2021-09-24,11.94005012512207,12.35495509824233,11.386844122035864,12.308854754920349,23091,
2021-09-27,12.078351974487305,12.493256943409447,11.617346662709634,12.30885463037614,16835,
2021-09-28,12.078351974487305,12.216653944665088,11.709547348420688,11.709547348420688,7971,
2021-09-29,11.893948554992676,12.354953823884292,11.755646597680744,12.078350850871546,13598,
2021-09-30,11.755647659301758,12.216653911436728,11.70954731657162,12.216653911436728,10046,
2021-10-01,11.755647659301758,12.170553568706593,11.617346631111346,12.170553568706593,22096,
2021-10-04,12.03225040435791,12.216653654624428,11.755647412180496,11.755647412180496,13390,
2021-10-05,12.631558418273926,12.631558418273926,11.663446548213814,12.539356794567114,42935,
2021-10-06,13.18476676940918,13.23086711547001,12.262755140136203,13.092565135676248,37658,
2021-10-07,13.50747013092041,13.7379727867243,12.908162849185818,13.184765847828244,45027,
2021-10-08,13.000362396240234,14.1528774575403,12.862060438226449,13.784071922299828,26431,
2021-10-11,13.138665199279783,13.323066566343291,12.67765895678748,13.276966224577414,17081,
2021-10-12,13.64577293395996,13.784073970917213,12.769861658507736,13.737973625264797,35011,
2021-10-13,13.553569793701172,14.198978327501775,13.41526877212489,14.198978327501775,10035,
2021-10-14,13.230865478515623,14.106776653357938,13.046463175475724,14.106776653357938,9902,
2021-10-18,13.138665199279783,13.507469816629158,12.9542628906051,12.9542628906051,12988,
2021-10-19,13.046463966369627,13.507470222721764,12.908162936914076,13.507470222721764,4481,
2021-10-20,12.954262733459473,13.36916768754159,12.954262733459473,13.046463415872758,4584,
2021-10-21,13.461369514465332,13.55357019826833,12.954262928715291,13.323066605538468,6406,
2021-10-22,13.784071922302246,13.784071922302246,13.138664354256326,13.415268270283947,9321,
2021-10-25,13.784071922302246,14.106776177130763,13.691871244700453,13.922373880316057,52575,
2021-10-26,13.922374725341797,14.106777033348898,13.599670450926574,13.87627344213164,10748,
2021-10-27,13.83017349243164,14.383380432128906,13.507470150483304,14.106777433085876,16554,
2021-10-28,13.553569793701172,13.922374401126902,13.369167489988309,13.922374401126902,7630,
2021-10-29,13.784071922302246,13.968474219116954,13.092563073844309,13.968474219116954,22054,
2021-11-01,14.383379936218262,14.429481219145288,13.461369343456466,14.106776946711957,82530,
2021-11-02,14.982688903808594,15.074889591142062,14.383380669696171,14.93658856014186,34441,
2021-11-03,14.521682739257812,15.58199630033892,14.291180077774031,15.58199630033892,12019,
2021-11-04,14.521682739257812,15.028789347811111,13.876274157169757,15.028789347811111,2775,
2021-11-08,14.752185821533203,15.120989501920064,14.198978888536129,15.120989501920064,6847,
2021-11-09,15.16709041595459,15.48979468773496,14.291179224669795,15.213190757177166,23992,
2021-11-10,14.567781448364258,15.44369353524816,14.521681109563351,14.79828502559102,14462,
2021-11-11,14.521682739257812,14.890487374276352,14.291180077774031,14.4755823952833,15371,
2021-11-12,13.96847438812256,14.613881963977311,13.83017242843542,13.83017242843542,11582,
2021-11-15,13.876273155212402,14.29117904585777,13.46136914778935,14.245078705212004,15555,
2021-11-16,13.461369514465332,14.291179435137051,13.36916788905115,13.415269172563832,19960,
2021-11-17,13.36916732788086,13.83017261076754,13.2308653663704,13.83017261076754,3963,
2021-11-18,13.09256362915039,13.691871825425505,13.0464632883942,13.691871825425505,5467,
2021-11-22,12.585457801818848,13.645772293324068,12.539357458330729,13.18476603360924,14136,
2021-11-23,12.631558418273926,12.815960724076383,12.170553124573363,12.170553124573363,7629,
2021-11-24,12.585457801818848,13.000363718045554,12.493257114842612,12.63155908691818,12369,
2021-11-25,12.308855056762695,12.86206201502606,12.216654367857751,12.86206201502606,23858,
2021-11-26,11.80174732208252,12.585456869786777,11.709546641934324,12.585456869786777,144970,
2021-11-29,11.571245193481444,12.078351781628726,11.38684382500373,12.078351781628726,13696,
2021-11-30,11.20244026184082,12.124452728261696,11.018037956878878,11.801747517564344,73852,
2021-12-01,11.248540878295898,11.525144813321882,10.78753557540084,10.92583754291383,23116,
2021-12-02,11.110239028930664,11.617345577818694,11.018037410218698,11.617345577818694,16724,
2021-12-03,11.018037796020508,11.340741118784214,10.695333531645652,11.20244009829026,9114,
2021-12-06,10.833635330200195,11.340740947578109,10.603132691245587,11.340740947578109,27413,
2021-12-07,11.15634059906006,11.340741973618336,10.74143468147028,11.064138970169704,112250,
2021-12-08,11.110239028930664,11.479043620556302,10.87973639456742,11.432943282005876,63657,
2021-12-09,11.663446426391602,11.663446426391602,11.064138232584886,11.663446426391602,259027,
2021-12-10,12.21665382385254,12.21665382385254,11.755647575022635,12.21665382385254,404756,
2021-12-13,12.76986026763916,12.815960608270418,12.539356681260562,12.815960608270418,380067,
2021-12-14,12.815960884094238,13.369167808408855,12.67765891761279,12.954262850575688,472845,
2021-12-15,12.539356231689451,13.41526832194637,12.354953934164609,12.72375947082542,941244,
2021-12-16,11.94694709777832,12.489989377268122,11.94694709777832,12.489989377268122,473414,
2021-12-17,11.749475479125977,11.848210946995422,11.354535490870612,11.502637751063572,210184,
2021-12-20,11.403903007507324,11.650740730866309,11.206433017142372,11.354535274513289,93396,
2021-12-21,11.94694709777832,11.94694709777832,11.30516840316388,11.30516840316388,28079,
2021-12-22,12.539355278015137,12.539355278015137,12.34188530151315,12.34188530151315,22840,
2021-12-23,13.13176727294922,13.13176727294922,13.13176727294922,13.13176727294922,20191,
2021-12-24,13.773544311523438,13.773544311523438,13.329236612753872,13.773544311523438,94687,
2021-12-27,13.230501174926758,14.41532296268475,13.131766653687698,14.119117515745252,223380,
2021-12-28,13.52670669555664,13.872279875803851,12.884929008367436,13.279868978697538,163832,
2021-12-29,13.13176727294922,14.02038271406145,12.884929545794575,14.02038271406145,90846,
2021-12-30,12.983664512634276,13.477339983709516,12.489989041559038,13.13176771892359,99701,
2021-12-31,13.625442504882812,13.625442504882812,12.638091612378425,13.2798693158618,152649,
2022-01-03,14.267219543457031,14.267219543457031,13.8229118508588,14.267219543457031,93066,
2022-01-04,14.958364486694336,14.958364486694336,14.958364486694336,14.958364486694336,44112,
2022-01-05,15.698878288269045,15.698878288269045,15.698878288269045,15.698878288269045,66547,
2022-01-06,16.43939208984375,16.43939208984375,16.43939208984375,16.43939208984375,15589,
2022-01-07,17.22927474975586,17.22927474975586,17.22927474975586,17.22927474975586,48901,
2022-01-10,18.06852149963379,18.06852149963379,18.06852149963379,18.06852149963379,47479,
2022-01-11,18.95713806152344,18.95713806152344,18.95713806152344,18.95713806152344,29183,
2022-01-12,18.019153594970703,19.895119893967017,18.019153594970703,19.895119893967017,534510,
2022-01-13,17.130538940429688,17.130538940429688,17.130538940429688,17.130538940429688,48065,
2022-01-14,16.291290283203125,17.37737667872782,16.291290283203125,16.291290283203125,529528,
2022-01-17,16.538127899169922,17.08117015152534,15.797614709654852,16.63686336774975,301251,
2022-01-18,15.846981048583984,17.22927380267728,15.748246524442454,17.22927380267728,159080,
2022-01-19,15.846981048583984,16.19255423710731,15.25457107890124,16.143187445842138,95236,
2022-01-20,16.43939208984375,16.48876076472159,15.79761438221091,16.14318757346625,146866,
2022-01-21,15.945716857910156,16.6862300421774,15.649512337492224,15.896350065581306,163324,
2022-01-24,15.15583610534668,16.43939147240387,15.15583610534668,16.43939147240387,62728,
2022-01-25,14.415323257446287,14.958365489393032,14.415323257446287,14.464690048269684,192172,
2022-01-27,14.36595630645752,14.711528569074792,13.8229131033604,14.41532404157748,81014,
2022-01-28,15.057101249694824,15.057101249694824,14.020382614672284,14.316588073480323,160402,
2022-01-31,15.797614097595217,15.797614097595217,14.810263216495514,15.797614097595217,175576,
2022-02-01,16.587493896484375,16.587493896484375,15.797613952165056,16.587493896484375,169510,
2022-02-02,17.377376556396484,17.377376556396484,16.340656961193734,16.88370109674444,233911,
2022-02-03,18.21662330627441,18.21662330627441,17.82168147334464,18.16725463554708,240519,
2022-02-04,19.10523796081543,19.10523796081543,18.41409166184596,18.41409166184596,82249,
2022-02-07,20.04322052001953,20.04322052001953,20.04322052001953,20.04322052001953,58606,
2022-02-08,21.03057289123535,21.03057289123535,20.14195748008302,21.03057289123535,303763,
2022-02-09,22.06729316711425,22.06729316711425,22.06729316711425,22.06729316711425,29940,
2022-02-10,20.981204986572266,23.153377550235703,20.981204986572266,23.153377550235703,288652,
2022-02-11,19.94449043273925,19.94449043273925,19.94449043273925,19.94449043273925,48581,
2022-02-14,18.95713806152344,18.95713806152344,18.95713806152344,18.95713806152344,10831,
2022-02-15,18.019153594970703,18.019153594970703,18.019153594970703,18.019153594970703,7355,
2022-02-16,17.130538940429688,18.90776985370056,17.130538940429688,17.624214403362977,1057641,
2022-02-17,16.291290283203125,16.73559895330673,16.291290283203125,16.291290283203125,120853,
2022-02-18,15.501408576965332,15.501408576965332,15.501408576965332,15.501408576965332,39978,
2022-02-21,14.760896682739258,16.24192406626304,14.760896682739258,14.760896682739258,319349,
2022-02-22,14.06974983215332,14.06974983215332,14.06974983215332,14.06974983215332,15492,
2022-02-23,13.378604888916016,13.921648072465308,13.378604888916016,13.378604888916016,637339,
2022-02-24,12.736825942993164,12.736825942993164,12.736825942993164,12.736825942993164,24124,
2022-02-25,13.329236030578612,13.329236030578612,12.144415238404958,12.144415238404958,1710782,
2022-02-28,13.971014976501465,13.971014976501465,13.378604996458463,13.822912716893514,128253,
2022-03-02,14.662160873413086,14.662160873413086,14.662160873413086,14.662160873413086,23174,
2022-03-03,15.35330581665039,15.35330581665039,15.35330581665039,15.35330581665039,7969,
2022-03-04,16.093820571899414,16.093820571899414,14.9090004999786,16.093820571899414,829957,
2022-03-07,15.501408576965332,16.241922676153937,15.303938589933583,16.241922676153937,159459,
2022-03-08,16.24192237854004,16.24192237854004,14.90899834268044,14.90899834268044,89681,
2022-03-09,17.031803131103516,17.031803131103516,16.439392210768478,16.439392210768478,20315,
2022-03-10,17.871051788330078,17.871051788330078,17.871051788330078,17.871051788330078,11383,
2022-03-11,17.96978759765625,18.759667584779024,17.278641196506996,17.67358119006838,340759,
2022-03-14,17.871051788330078,18.216624982327595,17.08116993301827,17.772316321013303,141510,
2022-03-15,17.426740646362305,18.019151482712346,17.031800716536324,17.772313791168337,69769,
2022-03-16,17.426740646362305,17.67357833790631,17.081167501556273,17.57484288464428,55008,
2022-03-17,17.426740646362305,17.72294700614839,17.328005193100278,17.72294700614839,35595,
2022-03-21,17.031803131103516,17.673580843457138,16.883700871825358,17.673580843457138,40263,
2022-03-22,16.192554473876953,17.574845364959913,16.192554473876953,17.574845364959913,46690,
2022-03-23,16.587493896484375,16.98243575186637,15.698878488319558,16.291289388170213,116549,
2022-03-24,16.340656280517578,16.784964928985545,15.99508497973399,16.587494000061483,26668,
2022-03-25,16.291290283203125,16.63686348403677,16.04445255163944,16.58749480779057,48665,
2022-03-28,15.797614097595217,16.63686272317443,15.748246365217994,16.63686272317443,17110,
2022-03-29,15.846981048583984,16.48876063436546,15.3039388117776,16.48876063436546,34197,
2022-03-30,15.797614097595217,16.390025002899506,15.452040912565849,15.452040912565849,46757,
2022-03-31,15.600144386291504,16.43939208513959,15.550776653038984,15.797614377690396,45330,
2022-04-01,16.340656280517578,16.340656280517578,15.846980841429769,16.143187234815862,16689,
2022-04-04,17.130538940429688,17.130538940429688,17.130538940429688,17.130538940429688,16012,
2022-04-05,17.920419692993164,17.96978837132788,17.32800873553419,17.96978837132788,221966,
2022-04-06,17.130538940429688,17.772316665598478,17.031803471198543,17.772316665598478,167262,
2022-04-07,16.933067321777344,17.920418207982696,15.452040992469312,17.920418207982696,111341,
2022-04-08,18.117889404296875,18.611564854641628,16.933067570180516,17.525478487238694,161313,
2022-04-11,17.82168197631836,18.51282832022916,17.27863976554722,18.315357398191136,112096,
2022-04-12,17.377376556396484,18.31535879980192,17.031803357995567,17.525478817647613,33105,
2022-04-13,16.686229705810547,17.62421380692981,16.43939198269731,17.2292738265931,110088,
2022-04-18,16.390024185180664,16.68622868144362,15.797613309432494,15.896348769260898,30106,
2022-04-19,17.62421417236328,18.019154160888966,16.340656855626783,16.340656855626783,196870,
2022-04-20,16.933067321777344,18.51282911635038,16.784965065491015,17.624213695410038,102847,
2022-04-21,17.574844360351562,18.414092958714807,16.93306668509342,16.93306668509342,98926,
2022-04-22,16.982437133789062,17.871052614263753,16.58749524626921,17.871052614263753,55475,
2022-04-25,16.587493896484375,17.22927346986895,16.390024852015713,17.22927346986895,50342,
2022-04-26,17.08116912841797,18.01915319891045,16.1431869411478,16.8343314133644,57611,
2022-04-27,16.488759994506836,17.22927313408249,16.29128907066441,17.22927313408249,72058,
2022-04-28,16.43939208984375,16.883700747632385,16.291289831655,16.48876076472159,25065,
2022-04-29,15.99508285522461,16.439389561456235,15.84697873659197,16.24192054198288,29567,
2022-05-02,15.797614097595217,16.24192274737902,15.64951184207473,16.24192274737902,22389,
2022-05-04,15.600144386291504,16.636863018149675,15.501408919786462,16.241923035351892,25735,
2022-05-05,15.254570960998535,16.291289576944514,15.057100972630534,15.30393869349333,26504,
2022-05-06,14.612793922424316,15.205203914245509,14.51405845298184,14.76089618497681,46476,
2022-05-09,13.872279167175291,14.908997713347746,13.82291143800306,14.908997713347746,55056,
2022-05-10,15.254570960998535,15.254570960998535,13.921647833306146,14.464690065915354,16437,
2022-05-11,14.46469020843506,16.587494252126486,14.168485693770162,16.538127460756463,72558,
2022-05-12,13.82291316986084,14.760896375207722,13.329237699508669,14.217853169498085,62815,
2022-05-13,14.119117736816406,14.810263162756124,13.724176820842873,14.810263162756124,35761,
2022-05-16,14.168485641479492,14.859631075832135,13.872280186296594,13.872280186296594,14629,
2022-05-17,14.859631538391112,15.353306998526293,13.971015145181063,15.353306998526293,19489,
2022-05-18,15.20520305633545,15.303938520207058,14.267219915999831,14.267219915999831,27591,
2022-05-19,14.711527824401855,15.10646874375907,14.267220114034773,14.563425568149889,21785,
2022-05-20,14.662160873413086,15.106468578932326,14.36595542252987,15.007733114767529,19259,
2022-05-23,15.007733345031738,15.797614245635764,14.56342563269547,15.797614245635764,17143,
2022-05-24,14.810262680053713,15.05710039138794,14.514057238130407,14.810262680053713,7710,
2022-05-25,14.36595630645752,15.106469508423254,14.36595630645752,15.106469508423254,15689,
2022-05-26,13.971014976501465,15.205203611938384,13.822912716893514,15.007733618590718,25172,
2022-05-27,14.02038288116455,14.810263805795907,13.872280619751075,14.217852876919586,13489,
2022-05-30,15.402674674987791,15.402674674987791,15.353306940837529,15.402674674987791,19706,
2022-05-31,15.402674674987791,15.501409201677111,15.007733743396878,15.501409201677111,24965,
2022-06-01,14.859631538391112,15.74824698998995,14.662161542659286,15.74824698998995,33603,
2022-06-02,15.057101249694824,15.402674441906068,14.612793532288364,14.908998991096402,36192,
2022-06-03,15.057101249694824,15.303938975099657,14.859631257693197,15.303938975099657,15305,
2022-06-06,14.415323257446287,15.402674139692987,14.168485536884614,15.402674139692987,43718,
2022-06-07,14.514058113098145,15.057101299092574,14.217852653318346,14.464690379532977,40915,
2022-06-08,14.908998489379885,15.00773301125249,14.56342530879784,15.00773301125249,13592,
2022-06-09,14.958364486694336,15.55077535297596,14.612792266039316,15.15583540319562,52586,
2022-06-10,14.859631538391112,15.057101534122944,14.711528335383832,15.057101534122944,5969,
2022-06-13,15.945716857910156,16.488760989639584,14.11911823501768,14.711528217464751,108547,
2022-06-14,17.27863883972168,17.96978514659942,15.995083564916944,15.995083564916944,384682,
2022-06-15,16.291290283203125,17.673581203315265,16.093819344663203,17.673581203315265,49225,
2022-06-16,16.093820571899414,18.06852257499002,15.99508697832295,16.73560022948193,112638,
2022-06-17,16.044452667236328,16.98243680722528,15.303939467210036,16.98243680722528,23271,
2022-06-20,14.662160873413086,16.834331668926882,14.119117703729051,16.0444517220532,34501,
2022-06-21,14.810262680053713,15.353305833311245,13.674809584560718,14.859630410642785,26073,
2022-06-22,14.810262680053713,15.303938102722167,14.563424968719485,14.563424968719485,6762,
2022-06-23,15.35330581665039,16.093818008238358,14.168484991854047,14.958364913977515,16910,
2022-06-24,14.711527824401855,15.501408721505102,14.316587846655825,15.501408721505102,73265,
2022-06-27,15.945716857910156,17.031803238146598,14.563425957255786,14.563425957255786,105283,
2022-06-28,15.698878288269045,16.093818255395988,15.40267378372941,15.89634921344367,21297,
2022-06-29,15.402674674987791,15.945716925807082,15.007733743396878,15.64951240412791,16614,
2022-06-30,15.698878288269045,16.636862358015062,15.353306052435752,16.636862358015062,29676,
2022-07-01,14.958364486694336,15.55077535297596,14.810262240929488,15.55077535297596,20314,
2022-07-04,15.35330581665039,15.550775797181258,14.51405722238028,15.10646810558402,16233,
2022-07-05,15.896349906921388,16.686229875633767,15.303938988775906,15.698878973132096,121349,
2022-07-06,15.452041625976562,15.748247092304323,15.057101631947033,15.600144829946052,21062,
2022-07-07,15.402674674987791,16.09381918664667,15.10646921169741,15.501409201677111,22718,
2022-07-08,15.402674674987791,16.29129012324773,15.30393920668726,15.402674674987791,15514,
2022-07-11,15.452041625976562,15.550777095289556,15.155837101260024,15.155837101260024,11540,
2022-07-12,15.254570960998535,15.60014414685092,15.155836437620124,15.155836437620124,16966,
2022-07-13,15.501408576965332,16.291289466703493,15.205203125612126,15.501408576965332,23174,
2022-07-14,15.550776481628418,15.995085134392465,15.30393875969781,15.995085134392465,10017,
2022-07-15,15.35330581665039,15.846980297171989,15.303938086114888,15.846980297171989,8707,
2022-07-18,14.958364486694336,15.84697984450566,14.711526782678844,15.205202190709828,46170,
2022-07-19,15.106468200683594,15.353305913303878,14.711527295524451,15.007732738991022,18851,
2022-07-20,15.007733345031738,15.303938800459646,14.908998820963228,15.303938800459646,15582,
2022-07-21,15.30393886566162,15.550776589301323,14.908998884482571,15.254571132611444,48077,
2022-07-22,16.43939208984375,17.27864073054318,15.10646894131142,15.748246648944262,142032,
2022-07-25,16.686229705810547,17.57484513237374,15.945716536470828,17.03180289481356,58361,
2022-07-26,17.08116912841797,17.574844558525104,16.291289193535476,16.291289193535476,89268,
2022-07-27,16.538127899169922,17.47611202584465,16.48876110649122,16.78496562900828,43911,
2022-07-28,19.845752716064453,19.845752716064453,16.538126949516656,16.538126949516656,299553,
2022-07-29,21.67235374450684,23.30148240820446,21.03057413112744,22.166029211277174,1260624,
2022-08-01,20.783735275268555,22.511599315647445,19.1052399088339,21.52424843543093,268522,
2022-08-02,23.64705467224121,24.58503689191132,20.73436878070971,20.83310424678613,625239,
2022-08-03,24.19009590148925,26.16479760773328,23.696420474928253,24.63440453868308,505076,
2022-08-04,22.31413078308105,24.53567031469532,22.06729305734613,23.69642167055212,220597,
2022-08-05,22.264760971069336,23.202745034253613,21.968556468601825,22.314129643628785,86714,
2022-08-08,20.7343692779541,22.560968852894543,20.388796080010383,22.560968852894543,109294,
2022-08-10,21.129308700561523,21.474881889216377,20.38879553196785,20.734368720622708,104527,
2022-08-11,21.326778411865234,22.21539378668832,21.22804295172439,21.672351580747065,83302,
2022-08-12,19.99385643005371,21.47488283227991,19.747018696349343,21.326780568701786,127576,
2022-08-16,19.895118713378903,21.277409489391164,19.54954554857028,20.438162796141672,122521,
2022-08-17,19.203977584838867,20.388797647597347,19.05587342917431,19.747019878200348,134087,
2022-08-18,21.03057289123535,21.079941564935247,19.30270885940824,19.697650716118023,385198,
2022-08-19,21.22804450988769,21.919190898382304,20.19132681036819,20.833104523557523,218399,
2022-08-22,20.09259033203125,21.42551436664977,19.84575261759161,21.42551436664977,106684,
2022-08-23,19.845752716064453,20.586265863057736,19.74701725315422,20.19132589463912,58148,
2022-08-24,19.895118713378903,20.38879412504201,19.500178760692865,19.796383254401835,76484,
2022-08-25,20.29006004333496,21.07994188554571,19.99385552951991,20.09259099519905,49804,
2022-08-26,21.47488212585449,22.31413076948639,20.240693497931822,20.78373574092884,490990,
2022-08-29,21.42551612854004,21.62298518639689,20.635634247445232,21.178678393802123,110074,
2022-08-30,22.363496780395508,23.25211218482548,21.425514585861443,21.425514585861443,242641,
2022-09-01,24.58503532409668,24.58503532409668,22.511598201606592,22.610333661386548,292107,
2022-09-02,26.95467758178711,27.004046254458725,24.97997587225773,26.16479765126428,639420,
2022-09-05,28.23823547363281,28.28760226421973,27.053413667323383,27.053413667323383,464999,
2022-09-06,26.855945587158203,29.32432286968295,26.855945587158203,29.32432286968295,286276,
2022-09-07,25.52301979064941,26.55973742748449,25.52301979064941,25.67112204116553,39574,
2022-09-08,24.288833618164062,25.226815885768936,24.288833618164062,24.48630267718602,251522,
2022-09-09,24.3875675201416,25.473651982937724,23.202745709353746,23.69642114997829,172711,
2022-09-12,25.424287796020508,25.57239006673145,23.400219035451585,24.239465863887816,118656,
2022-09-13,24.19009590148925,25.81922443249612,24.19009590148925,25.81922443249612,111420,
2022-09-14,23.696422576904297,24.091362576541545,23.005276165122268,23.202747106552124,108836,
2022-09-15,22.70907020568848,24.288831987946057,22.56096795055672,23.94325880382372,144607,
2022-09-16,21.771085739135746,23.30148070413753,21.57361669680224,22.7090698106924,163229,
2022-09-19,21.524248123168945,21.96855676610953,20.931839110211268,21.771085839642087,54469,
2022-09-20,22.56096839904785,22.56096839904785,21.77108655060577,22.116659741597783,34159,
2022-09-21,23.449583053588867,23.64705397996065,22.75843669450995,23.301480800421192,111801,
2022-09-22,22.511598587036133,23.35084718470148,22.36349633644161,23.252111723231035,53056,
2022-09-23,21.51990127563477,23.00745200275648,21.42073084885628,23.00745200275648,94118,
2022-09-26,20.47861289978028,21.37114288226476,20.47861289978028,20.77612415495404,60856,
2022-09-27,21.470314025878903,21.470314025878903,20.47861359150557,20.47861359150557,48767,
2022-09-28,22.51160049438477,22.51160049438477,21.073634115760765,22.06533454473774,40160,
2022-09-29,21.42072868347168,23.30495903571519,21.42072868347168,23.30495903571519,68884,
2022-09-30,21.024049758911133,21.817409342013327,20.676954231984503,21.817409342013327,30513,
2022-10-03,20.47861289978028,22.06533391948513,20.329858217952594,21.51989945561084,79377,
2022-10-04,21.470314025878903,21.470314025878903,20.52819974813532,20.52819974813532,39026,
2022-10-06,22.214088439941406,22.511599692953936,21.123217628598905,22.214088439941406,37519,
2022-10-07,21.966163635253903,22.709938940453373,21.470313431787595,22.709938940453373,38989,
2022-10-10,20.974464416503903,21.81741018845236,20.429029918400005,21.81741018845236,88225,
2022-10-11,21.12321853637696,21.519900224107868,20.77612489689011,20.875293427304367,29730,
2022-10-12,21.222387313842773,21.56948281795257,21.02404837686455,21.56948281795257,13720,
2022-10-13,20.92487907409668,22.11491843373309,20.429028868035235,22.11491843373309,20172,
2022-10-14,20.825708389282227,22.313258988516672,20.726537971029583,21.42072900727969,34067,
2022-10-17,20.528200149536133,21.32155975594047,20.0323499226538,20.429029725855965,67924,
2022-10-18,22.561185836791992,22.561185836791992,20.7761257359829,20.97446469634028,107729,
2022-10-19,23.106618881225582,24.34624439827671,22.908279933408465,23.106618881225582,187460,
2022-10-20,22.46201515197754,23.205790500662346,22.26367619390604,23.106620075867333,34290,
2022-10-21,22.610769271850582,22.95786480409991,21.42072987894809,22.561185006465745,48630,
2022-10-24,22.95786476135254,23.99915135616164,22.660355386560497,23.652055824558605,42471,
2022-10-25,22.46201515197754,23.205790500662346,22.114919610954257,22.858694959639063,44937,
2022-10-27,22.015748977661133,22.858692779216533,21.91657856232569,22.858692779216533,21865,
2022-10-28,22.610769271850582,23.304960336349232,21.51990030123625,21.51990030123625,40323,
2022-10-31,21.866992950439453,23.20578886182763,21.668654006375007,23.20578886182763,34580,
2022-11-01,21.56948471069336,22.11491919964373,21.470314287742795,22.11491919964373,36838,
2022-11-02,22.610769271850582,23.45371502402224,21.12321861208361,21.96616436425526,155483,
2022-11-03,22.412429809570312,22.75952533393344,21.96616386517223,22.61076875812179,27801,
2022-11-04,22.362842559814453,23.106617836413847,22.015748943949408,22.809108482381426,21795,
2022-11-07,22.51160049438477,23.05703497371472,22.313259651981987,22.313259651981987,50499,
2022-11-09,22.908279418945312,24.4454142689611,22.709938584064005,24.4454142689611,59854,
2022-11-10,22.412429809570312,23.10661896677813,22.263675125277096,22.61076875812179,21481,
2022-11-11,22.46201515197754,23.30496092545736,22.114919610954257,22.70994026820581,49167,
2022-11-14,21.81740951538086,22.80910994789817,21.51990014223305,22.75952568287969,53213,
2022-11-15,21.916582107543945,22.511602804288582,21.817411676166728,22.511602804288582,25203,
2022-11-16,21.470314025878903,22.11491892991788,21.3215593390266,22.0653346648066,36759,
2022-11-17,21.767826080322266,22.660356125314383,21.222389686730363,21.71823992189471,41986,
2022-11-18,22.16450500488281,22.61076906379548,21.222388839091977,22.2140892698114,66437,
2022-11-21,21.916582107543945,22.21409151015694,21.02405200818631,21.569486543483016,40483,
2022-11-22,21.42072868347168,22.263674388599096,21.371142529335728,21.42072868347168,33430,
2022-11-23,22.610769271850582,23.15620564867623,21.222389034371776,22.114919051928265,217654,
2022-11-24,22.66035461425781,23.106618661236453,22.6107684591368,23.106618661236453,77822,
2022-11-25,22.263675689697266,23.30496039766646,21.61906888888745,22.9578648645039,59782,
2022-11-28,21.81740951538086,23.10661932104598,21.47031398569611,22.263675466621034,92103,
2022-11-29,21.718238830566406,22.412429881521227,21.47031372544232,21.81740925091973,61963,
2022-11-30,21.61906814575196,22.2140887690747,21.37114304366068,21.718238564892147,41136,
2022-12-01,21.866992950439453,22.313258884741643,21.569483588583587,22.015749522885777,33598,
2022-12-02,21.966163635253903,22.214088736987065,21.56948385078454,22.214088736987065,38790,
2022-12-05,21.81740951538086,22.16450504506561,21.718239093825435,22.16450504506561,14386,
2022-12-06,21.767826080322266,22.16450589015004,21.619069496558133,22.16450589015004,27861,
2022-12-07,21.718238830566406,22.51160030187455,21.56948414579564,21.81740925091973,33013,
2022-12-08,21.916582107543945,22.01575253892116,21.172806709492807,21.569486543483016,51706,
2022-12-09,22.214088439941406,22.511599692953936,21.86699292385265,21.96616334152349,78391,
2022-12-12,22.561185836791992,22.809110955877617,21.96616517268278,22.214090291768404,43434,
2022-12-13,23.899980545043945,24.79251054641105,19.63566759615017,22.957864387672945,347921,
2022-12-14,25.98255157470703,27.470102194063884,24.29666011616189,24.29666011616189,762230,
2022-12-15,24.693340301513672,26.28006136607069,24.296660508254032,25.98255199400557,211490,
2022-12-16,25.040433883666992,25.28835897162409,23.3049582679673,24.44541329426629,124154,
2022-12-19,25.23877716064453,26.280061874537683,24.79251120239404,24.79251120239404,107104,
2022-12-20,25.88338279724121,27.123008392017912,25.38753255933053,25.78421237135537,245430,
2022-12-21,22.610769271850582,26.180891233595016,22.06533478654342,26.03213654592201,232096,
2022-12-22,23.00745010375977,23.45371415015125,22.462013747256748,22.462013747256748,92343,
2022-12-23,20.42902946472168,22.908280567442308,19.88359308721205,22.908280567442308,134052,
2022-12-26,21.767826080322266,22.313260582395632,19.933179831910472,19.933179831910472,66197,
2022-12-27,23.00745010375977,23.70163925087488,21.76782460014164,21.76782460014164,47455,
2022-12-28,24.39583206176757,26.726328556174543,22.313260686095003,23.30496116103256,393868,
2022-12-29,24.197490692138672,25.288361569519694,23.80081088895971,24.395831539487403,79148,
2022-12-30,24.544586181640625,25.6850413228879,24.098320221730667,24.64375660512267,52163,
2023-01-02,24.693340301513672,25.43711562319492,24.59416988031915,25.28836093716236,36860,
2023-01-03,24.197490692138672,25.288361569519694,23.999151736308445,24.59417049531764,40566,
2023-01-04,23.45371437072754,24.69333988600404,23.007450320139057,24.69333988600404,43761,
2023-01-05,23.9991512298584,24.14790591647155,23.156205483692585,23.751226121663656,47549,
2023-01-06,24.544586181640625,25.6850413228879,23.404131040393345,24.14790637923094,66362,
2023-01-09,25.288360595703125,25.78421080346201,23.354544028836106,24.79251038794424,140559,
2023-01-10,24.84209442138672,25.2883603608323,24.29665995452515,25.2883603608323,58677,
2023-01-11,24.544586181640625,25.6850413228879,24.29666106869476,24.29666106869476,87820,
2023-01-12,24.79251289367676,25.387533581428723,24.395833065681654,25.387533581428723,39129,
2023-01-13,24.941267013549805,25.2387782962763,24.395832499162427,25.2387782962763,41338,
2023-01-16,23.94956398010254,25.040434784669024,23.255374843755416,25.040434784669024,103234,
2023-01-17,24.39583206176757,27.02383794204839,23.94956609143826,24.19749121017265,414175,
2023-01-18,24.44541549682617,24.891681451965347,24.296660808952605,24.891681451965347,35191,
2023-01-19,24.59417152404785,25.23877835913473,23.75122761635316,24.39583255992146,84955,
2023-01-20,23.9991512298584,25.13960634925052,23.85039465172678,25.13960634925052,52691,
2023-01-23,23.552885055541992,24.39583079372824,23.255375685132,24.04873526723761,30860,
2023-01-24,23.602468490600582,24.197489102027152,23.15620445066945,24.197489102027152,17698,
2023-01-25,23.2553768157959,23.999152169501286,23.057035964867048,23.800811318572435,54481,
2023-01-27,22.114919662475582,23.80081121336287,21.81741027891596,23.00745159619152,75200,
2023-01-30,22.015748977661133,23.156204025222863,21.61906731631936,22.6107676866371,56956,
2023-01-31,22.561185836791992,22.957865649025283,22.06533559862073,22.46201541085404,26861,
2023-02-01,21.66865539550781,23.40413119780105,20.924880051667856,23.40413119780105,60252,
2023-02-02,21.42072868347168,22.31325865121667,20.82570807446889,21.66865377959631,36218,
2023-02-03,22.214088439941406,22.31325885761225,21.3215584639406,21.3215584639406,44556,
2023-02-06,24.247074127197266,24.69333814634623,21.42072777318067,22.56118278858574,220333,
2023-02-07,23.552885055541992,25.139606111271668,23.05703484384637,24.64375589957605,61930,
2023-02-08,23.9991512298584,24.594169976311008,23.3545444353373,23.80081038669522,33810,
2023-02-09,23.7512264251709,24.048735802198955,23.05703535674745,23.70164026798723,32446,
2023-02-10,24.247074127197266,24.59416773380703,22.908278286713795,24.19748797516852,68995,
2023-02-13,23.2553768157959,24.544586672277823,23.057035964867048,24.544586672277823,40394,
2023-02-14,22.362842559814453,23.65205417416441,21.66865343656602,23.65205417416441,41903,
2023-02-15,22.114919662475582,22.759526479385656,21.866994545669723,22.660356054359603,40766,
2023-02-16,22.362842559814453,23.5032994971482,22.114917467614653,22.114917467614653,36457,
2023-02-17,22.51160049438477,23.00745070887325,21.61906859509072,22.26367538714052,10308,
2023-02-20,21.916582107543945,22.660357505595083,21.817411676166728,22.660357505595083,17805,
2023-02-21,22.362842559814453,23.057033574581222,21.817408113582232,22.46201297499804,17108,
2023-02-22,21.42072868347168,22.511599484723725,20.87529233708647,22.511599484723725,45545,
2023-02-23,22.114919662475582,22.80911074613941,21.172805353524424,21.81741027891596,15968,
2023-02-24,21.767826080322266,22.75952655065096,21.470314804312537,22.660356125314383,23556,
2023-02-27,21.470314025878903,21.767825291101985,21.3215593390266,21.767825291101985,14323,
2023-02-28,21.27197456359864,22.01574987153539,20.97446330551288,20.97446330551288,12844,
2023-03-01,21.966163635253903,22.61076852145643,21.321558749051384,21.51989958704528,27278,
2023-03-02,22.214088439941406,22.31325885761225,21.86699292385265,21.86699292385265,8161,
2023-03-03,22.214088439941406,22.709938636777235,22.06533375919433,22.214088439941406,15358,
2023-03-06,22.263675689697266,22.51160080031073,22.214089532663483,22.51160080031073,6085,
2023-03-08,22.114919662475582,22.36284477928145,21.222389620278182,22.26367624577393,8184,
2023-03-09,21.767826080322266,22.36284484930465,21.420730537403514,22.11491973172248,21827,
2023-03-10,21.51990127563477,22.1149200532686,21.42073084885628,21.76782639682172,12202,
2023-03-13,21.27197456359864,22.214088818740805,21.024049460953044,21.519899666244218,29614,
2023-03-14,21.073633193969727,22.16450399643184,20.87529236024266,22.16450399643184,16096,
2023-03-15,20.974464416503903,22.1149195707784,20.37944376033332,22.1149195707784,20062,
2023-03-16,20.974464416503903,21.37114422344479,20.181104802622137,20.82570972534089,9317,
2023-03-17,20.577783584594727,21.271974630802884,20.4290289008411,20.974463371777205,33225,
2023-03-20,20.032350540161133,20.5777850499376,19.635668833212545,20.5777850499376,18070,
2023-03-21,20.379444122314453,20.97446478905384,19.834009614522508,20.97446478905384,35387,
2023-03-22,20.329858779907227,20.87529325885833,20.181104093967694,20.23068835877472,11513,
2023-03-23,20.13151741027832,20.57778334792502,20.03234888326208,20.57778334792502,10701,
2023-03-24,19.734838485717773,20.577784242635456,19.437329108696705,20.577784242635456,13221,
2023-03-27,18.99106216430664,20.280273811248662,18.84230748352982,19.68525319662299,20206,
2023-03-28,18.8423080444336,19.189403570924217,16.85890719765111,18.8423080444336,119261,
2023-03-29,19.685253143310547,19.933178241106603,18.445627654330263,18.445627654330263,40530,
2023-03-31,19.189403533935547,20.08193353496357,18.891892272580577,19.040648849017284,36876,
2023-04-03,18.941478729248047,21.569484509583223,18.445628510636936,19.883593009698068,110434,
2023-04-05,19.93317985534668,20.230689240187665,18.34645872265149,19.23898876869299,35210,
2023-04-06,22.80910873413086,23.899979530153832,19.685252916238348,19.685252916238348,303617,
2023-04-10,23.9991512298584,24.792510819474188,22.065334629332025,23.751226121663656,447451,
2023-04-11,22.80910873413086,24.247075041368195,22.11491771170214,23.85039337625557,92147,
2023-04-12,22.51160049438477,23.45371476700182,22.313259651981987,22.809109866470475,35606,
2023-04-13,22.561185836791992,23.255376926839165,22.313260717706367,22.36284498491608,59619,
2023-04-17,22.214088439941406,23.05703415286599,22.11491802227056,22.561183956030163,21432,
2023-04-18,22.362842559814453,22.759524220548805,21.47031260619885,22.214087882798243,43168,
2023-04-19,22.06533432006836,23.304959843667703,21.86699347968509,23.304959843667703,27905,
2023-04-20,22.015748977661133,22.6107676866371,21.569483054410814,22.51159916282,16564,
2023-04-21,21.718238830566406,22.46201414593867,21.321559040671552,21.81740925091973,32933,
2023-04-24,21.81740951538086,22.31325973163952,21.22238887756678,22.31325973163952,13342,
2023-04-25,21.51990127563477,22.26367663919562,21.42073084885628,21.96616535886013,18673,
2023-04-26,21.470314025878903,22.164505086547624,21.3215593390266,22.164505086547624,21592,
2023-04-27,21.51990127563477,21.81741066445168,21.32156042207778,21.76782639682172,16056,
2023-04-28,21.470314025878903,21.91657997795429,20.62736827835788,21.66865486936096,25721,
2023-05-02,21.66865539550781,22.26367604888348,21.42073028089449,21.42073028089449,28184,
2023-05-03,21.56948471069336,21.817409822310523,21.470314287742795,21.817409822310523,10068,
2023-05-04,21.81740951538086,22.114918888528667,21.47031398569611,21.47031398569611,28043,
2023-05-05,22.31326103210449,23.20579109508496,21.817410786946617,22.412431459439784,71059,
2023-05-08,22.51160049438477,23.60246945304468,22.2140892307806,23.20578965975757,37400,
2023-05-09,22.46201515197754,22.80911069300082,22.21409003574927,22.759526426362577,24479,
2023-05-10,23.20578956604004,23.75122593468568,22.51160040347074,22.51160040347074,87715,
2023-05-11,23.7512264251709,24.544586024924705,22.66035555687055,23.5528855794732,151942,
2023-05-12,23.5033016204834,24.048736115991257,23.10661992391203,23.70164057725057,26144,
2023-05-15,23.057035446166992,24.29666100778888,23.00745118030952,23.99915162960702,13071,
2023-05-16,23.35454559326172,23.899981993244108,23.00745193779486,23.057036205284824,61168,
2023-05-17,23.15620422363281,24.24707501863293,22.95786339126248,24.24707501863293,59508,
2023-05-18,22.908279418945312,23.65205471247264,22.75952473854352,23.552884295031983,41647,
2023-05-19,22.85869598388672,23.60247136589846,22.66035701692809,23.55288709703845,44714,
2023-05-22,22.759525299072266,23.304959771151417,22.660354879189214,22.809109563254577,33177,
2023-05-23,22.16450500488281,23.404130543282093,22.065334583507177,23.404130543282093,61595,
2023-05-24,22.214088439941406,22.660354373701008,21.817408660776422,22.16450417686518,39538,
2023-05-25,24.7429256439209,26.280060501555464,22.660354433418487,22.709938696625382,703026,
2023-05-26,24.84209442138672,25.734626300277885,23.751225487663586,25.3875307797667,399831,
2023-05-29,28.114707946777344,29.255163078305912,25.833795792201727,25.883381949279435,1219139,
2023-05-30,27.172592163085938,28.560972425583167,26.081721281295792,28.560972425583167,283799,
2023-05-31,27.073421478271484,28.01553766063474,26.280061876347634,28.01553766063474,100857,
2023-06-01,32.1310920715332,32.47818567237451,27.07341813975373,27.07341813975373,2256175,
2023-06-02,33.12279510498047,35.70121464980738,30.494787513377137,33.6682295721896,1781260,
2023-06-05,35.552459716796875,36.29623505633687,32.8748715208825,34.06490903771689,1310818,
2023-06-06,36.39540481567383,37.38710519875466,33.91615385797175,36.69291417399073,864180,
2023-06-07,34.610347747802734,37.18876744404145,34.610347747802734,36.69291721145424,94514,
2023-06-08,32.87487030029297,32.87487030029297,32.87487030029297,32.87487030029297,33083,
2023-06-09,31.23856544494629,34.1640826479852,31.23856544494629,31.23856544494629,303551,
2023-06-12,29.70142936706543,32.1310962370492,29.70142936706543,31.238564314838992,170509,
2023-06-13,31.139392852783203,31.139392852783203,28.213877744646297,29.701428376704587,249291,
2023-06-14,30.34603309631348,32.42860434742176,29.89976715267655,32.42860434742176,98940,
2023-06-15,28.858482360839844,31.238562970786564,28.858482360839844,31.238562970786564,114638,
2023-06-16,27.91636657714844,30.1476925327352,27.51968678557004,29.552671899608374,85880,
2023-06-19,29.106407165527344,29.304746110938098,27.51968614464929,28.36263186432061,78070,
2023-06-20,29.35433387756348,30.246863909710243,28.75931322562613,30.246863909710243,67406,
2023-06-21,28.759313583374023,30.09810959400721,28.26346334917792,30.09810959400721,56885,
2023-06-22,27.76761245727539,28.709728636540344,27.76761245727539,28.66014247938412,61634,
2023-06-23,27.618858337402344,27.7676130288963,27.17259237140196,27.7676130288963,27339,
2023-06-26,28.808895111083984,28.95765168041412,27.66844005916924,27.7180262127854,39559,
2023-06-27,28.51138687133789,29.255162181024968,28.263461768108865,28.80889623860535,22137,
2023-06-28,27.86678123474121,28.51138610756509,27.668440400863844,28.461801844854943,56757,
2023-06-30,27.37093162536621,28.263461613814567,27.123006523490645,27.123006523490645,57881,
2023-07-03,26.62715530395508,28.56096988990144,26.28005979626675,27.470100996478624,90836,
2023-07-04,26.87508201599121,27.767612024178987,25.982552007803434,26.62715690863247,57764,
2023-07-05,26.52798652648925,27.2221775847244,25.982552046103407,27.2221775847244,49210,
2023-07-06,26.62715530395508,26.82549424297816,26.13130511911985,26.13130511911985,35156,
2023-07-07,26.825496673583984,27.271762636978305,26.032137062570204,26.13130748682656,28303,
2023-07-10,27.718027114868164,27.916366061232683,26.329645032724446,26.87508139114331,38103,
2023-07-11,27.86678123474121,28.362631427916256,27.1725902076888,28.065120177100205,25409,
2023-07-12,29.25516128540039,29.25516128540039,29.25516128540039,29.25516128540039,53627,
2023-07-13,28.164291381835938,30.693128572675025,27.866782014216483,30.693128572675025,142275,
2023-07-14,29.55267333984375,29.55267333984375,28.362633907112546,28.95765456923742,54089,
2023-07-17,30.99063873291016,30.99063873291016,30.742713623046875,30.841884045295885,92210,
2023-07-18,30.54437065124512,32.52777139201476,29.998936204140804,32.52777139201476,156917,
2023-07-19,32.031925201416016,32.031925201416016,30.84188574345942,31.238565562778287,108154,
2023-07-20,33.56905746459961,33.618645511675794,31.83358174196519,33.42030467248163,203722,
2023-07-21,32.18067932128906,33.22196400360051,31.88316995249106,33.02362316338955,133281,
2023-07-24,31.536073684692383,31.536073684692383,31.536073684692383,31.536073684692383,5678,
2023-07-25,30.94105339050293,30.94105339050293,30.94105339050293,30.94105339050293,5736,
2023-07-26,30.34603309631348,30.34603309631348,30.34603309631348,30.34603309631348,6826,
2023-07-27,29.75101089477539,29.75101089477539,29.75101089477539,29.75101089477539,7288,
2023-07-28,29.155994415283203,29.155994415283203,29.155994415283203,29.155994415283203,10270,
2023-07-31,28.610557556152344,28.610557556152344,28.610557556152344,28.610557556152344,21347,
2023-08-01,28.065120697021484,28.61055705452956,28.065120697021484,28.065120697021484,28134,
2023-08-02,27.51968574523925,28.01553593884717,27.51968574523925,27.51968574523925,16528,
2023-08-03,28.065120697021484,28.065120697021484,26.97425176504216,28.065120697021484,31683,
2023-08-04,28.56097221374512,28.61055837117419,28.11470814599446,28.56097221374512,17540,
2023-08-07,28.01553726196289,28.511387478988784,28.01553726196289,28.01553726196289,7864,
2023-08-08,27.470102310180664,27.470102310180664,27.470102310180664,27.470102310180664,15675,
2023-08-09,26.974252700805664,26.974252700805664,26.924666543938333,26.974252700805664,28844,
2023-08-10,27.470102310180664,27.470102310180664,27.470102310180664,27.470102310180664,19576,
2023-08-11,28.01553726196289,28.01553726196289,28.01553726196289,28.01553726196289,19864,
2023-08-14,27.51968574523925,27.76761084204321,27.51968574523925,27.51968574523925,30254,
2023-08-16,27.073421478271484,27.51968743655271,26.974252946669875,27.073421478271484,9999,
2023-08-17,27.470102310180664,27.470102310180664,27.023836365879863,27.470102310180664,10333,
2023-08-18,26.924665451049805,28.01553626811182,26.924665451049805,26.924665451049805,30486,
2023-08-21,26.825496673583984,26.92466709784033,26.726328140846142,26.825496673583984,33096,
2023-08-22,26.72632598876953,26.825494513522045,26.52798515622777,26.72632598876953,15013,
2023-08-23,26.478403091430664,26.62715778242372,26.478403091430664,26.478403091430664,28493,
2023-08-24,26.974252700805664,26.974252700805664,26.32964590215968,26.974252700805664,18451,
2023-08-25,27.470102310180664,27.470102310180664,27.222177205906537,27.470102310180664,10749,
2023-08-28,28.808895111083984,28.808895111083984,26.28005991372875,26.974250932208168,60900,
2023-08-29,30.246864318847656,30.246864318847656,28.313047646772933,29.8501845093632,38333,
2023-08-30,31.734413146972656,31.734413146972656,30.74271273612976,30.74271273612976,36294,
2023-08-31,32.57735824584961,33.321133582814554,31.734414377170808,32.62694629474353,85693,
2023-09-01,30.99063873291016,33.17238045631442,30.94105446754489,31.783998327865262,77922,
2023-09-04,32.527774810791016,32.527774810791016,31.040224098867306,31.040224098867306,77233,
2023-09-05,34.114498138427734,34.114498138427734,33.221966190250924,34.114498138427734,163584,
2023-09-06,34.41200637817383,35.80038473861656,33.71781530643396,35.80038473861656,135871,
2023-09-07,34.90785598754883,35.701215577099205,34.213664928053404,34.213664928053404,41928,
2023-09-08,33.96574020385742,36.09789767147494,33.32113340210227,35.800384511872885,78976,
2023-09-11,35.651634216308594,35.651634216308594,35.651634216308594,35.651634216308594,79648,
2023-09-12,33.91615676879883,37.28793609083188,33.8665725019966,35.94914197198651,105826,
2023-09-13,33.66823196411133,34.31283500459474,32.23026551528356,33.46989111202524,62218,
2023-09-14,34.41200637817383,35.30453451352194,32.47818974369742,32.47818974369742,67947,
2023-09-15,34.80868148803711,35.701213334617215,34.65992870229822,35.65162907270425,50240,
2023-09-18,33.86387634277344,35.80321808092603,33.41633535799276,34.80868424534475,31793,
2023-09-20,34.162235260009766,35.15676908177244,33.117975505928044,35.15676908177244,23146,
2023-09-21,32.47153091430664,34.858409818772536,32.47153091430664,34.858409818772536,48631,
2023-09-22,33.714698791503906,33.814150658254675,32.32234989391991,33.51579126415683,17322,
2023-09-25,32.47153091430664,33.81415006095337,32.2228974579761,32.42180118796416,41287,
2023-09-26,34.013057708740234,34.06278364141846,31.02945622190066,33.167701677828404,131450,
2023-09-27,33.56551742553711,34.80868473759404,33.01852456700117,34.112510284073046,33292,
2023-09-28,34.41086959838867,35.20649971129001,32.819616960277095,33.56551734573794,77630,
2023-09-29,34.46059799194336,35.4551318007285,33.81414949869486,34.410868266427784,48044,
2023-10-03,34.8584098815918,35.8032177761196,33.814150121890734,35.8032177761196,52561,
2023-10-04,35.2562255859375,35.80321844225845,33.91360261804548,34.90813646366377,52965,
2023-10-05,36.69829940795898,36.99665879464048,34.311416726816205,35.30595054498479,93630,
2023-10-06,38.48846054077149,38.48846054077149,36.151303729898125,36.99665977402721,114514,
2023-10-09,40.27861785888672,40.37806971877796,37.792283423152966,40.37806971877796,218808,
2023-10-10,42.2676887512207,42.2676887512207,39.284087192311006,39.78135411879596,120599,
2023-10-11,43.660037994384766,44.35620866167258,42.31741500637484,43.36167480115216,230866,
2023-10-12,45.798282623291016,45.798282623291016,41.47206193210042,45.59937509630449,213890,
2023-10-13,47.687896728515625,48.0857079743752,44.2567543410578,46.74308885460037,169585,
2023-10-16,45.30101776123047,49.22942737080089,45.30101776123047,48.632708556571885,156639,
2023-10-17,43.70976257324219,45.15183738504851,43.06331406641144,43.11303999912639,201782,
2023-10-18,41.72069549560547,44.256756037883626,41.52178796812677,43.70976318270136,90751,
2023-10-19,40.27861785888672,41.72069259038135,39.63216938805783,41.72069259038135,111430,
2023-10-20,40.72616195678711,41.77042174155692,39.63217244439138,40.27862096507275,51596,
2023-10-23,41.322879791259766,42.71522866788437,40.47752755506692,41.77042077259235,108213,
2023-10-25,39.284088134765625,43.16277177193897,39.284088134765625,42.41687136431684,90212,
2023-10-26,41.02452087402344,41.2234284006666,37.34474490958436,39.7316276416112,99102,
2023-10-27,43.01358795166016,43.06331388416466,41.17370189207531,41.67096880481127,83900,
2023-10-30,41.322879791259766,44.25675534238951,40.87533880992718,44.25675534238951,48843,
2023-10-31,42.665504455566406,43.36167512810342,39.78135472077217,42.76495632483009,63887,
2023-11-01,42.0190544128418,43.75948861929087,41.12397244627265,42.66550292134679,43591,
2023-11-02,42.76495742797852,44.107576666900016,41.7704235343046,42.66550555614941,35806,
2023-11-03,44.0578498840332,44.75402435499109,40.97479639044986,43.361675413075325,110005,
2023-11-06,45.10210800170898,46.14637156589696,44.05784823136652,45.2015636617412,89356,
2023-11-07,46.39500427246094,47.24035650286883,45.10210726993764,45.10210726993764,62371,
2023-11-08,45.897735595703125,47.58843999145853,44.80374615826958,45.25128711931761,55431,
2023-11-09,45.45019912719727,46.44473300834449,44.75402465162507,46.44473300834449,19714,
2023-11-10,45.49992370605469,46.39500568994153,44.356208259293226,45.45019777224888,37187,
2023-11-13,47.339805603027344,49.52778064047799,46.74308686274318,47.240353744261725,58779,
2023-11-15,49.47806167602539,49.67696921540168,47.33981226696036,47.33981226696036,171855,
2023-11-16,49.87587356567383,51.01958520472755,48.73215813277458,49.52778444556098,97334,
2023-11-17,50.87041091918945,51.66603728693684,48.8316133724142,49.22942845321078,69626,
2023-11-20,51.01958465576172,51.71575909465112,49.42833204731065,49.42833204731065,64313,
2023-11-21,49.129974365234375,51.467127426483295,48.83161117116378,51.467127426483295,59067,
2023-11-22,46.69336700439453,50.42286910069049,46.69336700439453,50.42286910069049,68240,
2023-11-23,45.64910507202149,46.64363891852439,44.95293062070034,46.196097928828976,29968,
2023-11-24,47.88680648803711,47.88680648803711,45.10210866755262,45.64910532119136,56403,
2023-11-28,48.035980224609375,49.378603087408464,46.99172052721802,47.98625429498984,61204,
2023-11-29,46.59390640258789,48.234888668647,46.34527295584229,48.035981152481455,30683,
2023-11-30,45.94746398925781,48.68243203869167,44.80374856013818,48.68243203869167,42259,
2023-12-01,45.798282623291016,47.33980931820689,45.0523822424757,46.6933645978076,47141,
2023-12-04,46.04691696166992,47.63817341406157,45.74855756242324,47.63817341406157,57750,
2023-12-05,46.1463737487793,47.38954110414678,45.30101767082199,47.38954110414678,24657,
2023-12-06,44.95293045043945,46.59390901464665,44.55511539580681,46.59390901464665,22193,
2023-12-07,43.95839691162109,45.25129015734763,42.96386306200906,45.25129015734763,112892,
2023-12-08,46.1463737487793,46.1463737487793,42.9638645602694,43.958398444563386,90401,
2023-12-11,46.1463737487793,46.69336662637185,45.00265826430293,46.544185026189474,77720,
2023-12-12,45.30101776123047,47.63817467029308,44.85347675363587,46.64364078401427,41842,
2023-12-13,45.45019912719727,46.24582547334591,45.00265812191188,45.30101752748691,16539,
2023-12-14,47.488990783691406,47.68789831014089,46.693364471738974,46.693364471738974,120366,
2023-12-15,47.78734970092773,49.0305169865598,47.24035685401872,48.68243166412101,50347,
2023-12-18,46.792816162109375,49.08024322306441,46.49445677047968,48.43379850684098,28001,
2023-12-19,45.40047073364258,47.58844211861943,44.80374816095715,46.79281581555099,47122,
2023-12-20,43.51085662841797,46.7430916922433,43.311949096490366,45.9474653583785,43575,
2023-12-21,43.90867233276367,44.455665208159296,41.47206356726063,41.77042297258136,46089,
2023-12-22,44.95293045043945,45.99719022654322,43.858940947122456,44.3064819351228,22390,
2023-12-26,44.90320587158203,46.046917548921385,43.0633159307125,45.151839339766106,29821,
2023-12-27,46.39500427246094,47.14090463829571,44.555114427094566,45.94746329419098,53554,
2023-12-28,46.24582290649414,48.13543869332994,45.35074094560445,46.44473043045245,24222,
2023-12-29,45.15183639526367,46.89227055905265,43.95839506703929,46.89227055905265,59176,
2024-01-01,44.70429992675781,45.94746731185205,44.25675890935473,45.15184094416089,39543,
2024-01-02,44.654571533203125,45.59937565881446,43.41140421650867,45.59937565881446,59644,
2024-01-03,44.00812530517578,45.30101862316886,43.01359139997407,44.6048441307585,54816,
2024-01-04,43.85894012451172,44.7540220837244,42.76495443555886,44.70429615128935,40327,
2024-01-05,43.90867233276367,44.65457274298834,43.560583198351424,44.65457274298834,34250,
2024-01-08,43.56058120727539,44.50538910914363,42.96386242390887,44.45566317617067,39520,
2024-01-09,44.654571533203125,45.00265686433934,43.16277075316978,44.157304606525344,43011,
2024-01-10,44.15730285644531,45.450196055797385,43.75948781333141,45.450196055797385,24706,
2024-01-11,46.096641540527344,46.34527499822996,44.25675547106616,44.85347425201424,72945,
2024-01-12,47.0911750793457,47.68789765043926,46.29554877839976,47.68789765043926,80919,
2024-01-15,46.54418182373047,48.6824310453792,45.79828146183144,48.384071659388674,63812,
2024-01-16,46.096641540527344,48.1354389287652,45.25128930187663,48.1354389287652,66106,
2024-01-17,44.85347366333008,46.0469150034083,44.256754890213685,46.0469150034083,29504,
2024-01-18,44.30648040771485,44.85347324359371,43.759487571835976,44.7540213802868,42674,
2024-01-19,44.654571533203125,45.45019785711847,43.75948954764489,45.45019785711847,29482,
2024-01-23,43.80921173095703,45.649101478455854,43.75948580131549,45.649101478455854,43878,
2024-01-24,45.9971923828125,45.9971923828125,43.01359071473818,43.01359071473818,37962,
2024-01-25,48.28461837768555,48.28461837768555,48.135440574271634,48.28461837768555,37801,
2024-01-29,50.6714973449707,50.6714973449707,49.5277819692553,50.52231575897466,63011,
2024-01-30,53.157833099365234,53.157833099365234,51.11903954011333,52.01411769610797,135236,
2024-01-31,55.7933464050293,55.7933464050293,54.6993607083995,55.494987014479854,113324,
2024-02-01,53.70483016967773,58.57804775816826,53.00865568648684,57.68296573780201,90899,
2024-02-02,51.46712493896485,54.20209293089052,51.0195839633352,52.71029220802197,83588,
2024-02-05,49.92559814453125,52.21302515443255,48.980790263920056,51.5168507269377,55289,
2024-02-06,49.67696762084961,50.62177555717582,47.78735174819718,50.62177555717582,44770,
2024-02-07,51.86494064331055,52.11357410028932,49.32887634705067,50.27368424233911,46031,
2024-02-08,52.0638427734375,53.55564346945399,50.7212236645608,52.80974312144574,56603,
2024-02-09,49.92559814453125,53.65509994127643,49.478057170152745,53.20755896689793,42376,
2024-02-12,47.439266204833984,47.439266204833984,47.439266204833984,47.439266204833984,28850,
2024-02-13,45.5993766784668,48.48352643522894,45.10210974066958,45.10210974066958,108373,
2024-02-14,46.792816162109375,47.687898130843976,43.36167367375408,44.75402255982001,46354,
2024-02-15,46.34527587890625,48.68243270202999,45.3010160954808,47.68789885232088,36272,
2024-02-16,46.096641540527344,48.23489079430806,45.748556217281866,46.991723505794965,22032,
2024-02-19,46.29555130004883,47.638174312755886,44.95293208118744,46.14637349453404,20837,
2024-02-20,45.698829650878906,47.638171352838725,45.05238115227716,47.638171352838725,16764,
2024-02-21,44.55511474609375,46.693363994334064,44.25675535639278,46.64363806169148,59937,
2024-02-22,44.25675582885742,46.04691598001963,43.80921484260549,45.649104720786646,54800,
2024-02-23,45.15183639526367,45.79828109407806,43.75948754669433,43.75948754669433,22900,
2024-02-26,44.25675582885742,46.19609757338544,43.75948890943206,45.25128966770815,28280,
2024-02-27,42.06878280639648,45.59937735865188,42.06878280639648,45.59937735865188,75303,
2024-02-28,41.57151412963867,43.461129960286335,40.02998742245008,42.51632204496251,38851,
2024-02-29,42.76495742797852,43.510857848233954,39.93053734854614,42.71523149206397,57662,
2024-03-01,42.06878280639648,44.15730625260575,40.92507110871004,42.26769034325152,29964,
2024-03-04,40.27861785888672,42.01905196390034,39.98025848536772,41.77041852032697,49239,
2024-03-05,39.284088134765625,40.775888950009886,38.3890061280808,40.27862201159513,65090,
2024-03-06,39.93053436279297,40.67643472727469,38.289552043395005,39.23435993050761,25836,
2024-03-07,40.92506790161133,41.77042012469192,38.78681868721393,41.27315321844559,30678,
2024-03-11,38.88627243041992,41.47206274418741,38.88627243041992,40.77588828302518,45096,
2024-03-12,36.94693374633789,38.88627170308271,36.94693374633789,38.88627170308271,116407,
2024-03-13,35.40540313720703,36.797752028808254,35.107043744391206,35.85294412335353,93253,
2024-03-14,37.14583969116211,37.14583969116211,33.664971037067026,35.405405364114564,54349,
2024-03-15,38.98572540283203,38.98572540283203,36.05184995783884,38.786817885674886,54327,
2024-03-18,40.02998733520508,40.6764358531876,38.98572755479492,40.179168929768906,73590,
2024-03-19,38.04092025756836,40.72616244628348,38.04092025756836,40.72616244628348,64318,
2024-03-20,36.69829940795898,39.73162679460408,36.35021029529272,38.0409185449484,49231,
2024-03-21,38.48846054077149,38.48846054077149,36.30048532411077,37.19556730169555,43798,
2024-03-22,38.5879135131836,39.28408798304466,37.792287173561945,39.28408798304466,30337,
2024-03-26,36.99666213989258,40.0299898008123,36.69830272623332,38.78682241569391,55532,
2024-03-27,36.94693374633789,38.190101048787405,36.15130363769377,36.79775215250574,39168,
2024-03-28,35.35567855834961,37.295020376707534,35.10704508917156,36.94693503739653,95906,
2024-04-01,36.748023986816406,37.09610929281865,35.852942065888776,35.852942065888776,30214,
2024-04-02,37.59337615966797,38.53818401030251,37.096109269212455,38.488458080026014,36490,
2024-04-03,37.99119186401367,38.33927717597384,36.79775054696466,37.79228434553127,75056,
2024-04-04,39.88080596923828,39.88080596923828,38.33927925657339,38.38900519043119,92406,
2024-04-05,43.85894012451172,43.85894012451172,40.27861987535195,40.72616085495829,160956,
2024-04-08,42.11850738525391,46.64363947600226,41.670970184055136,44.70429769337377,212106,
2024-04-09,40.52725601196289,43.66003928257315,39.43327025065064,43.66003928257315,61104,
2024-04-10,39.78135681152344,41.91960625768115,39.2840898513794,41.91960625768115,71074,
2024-04-12,40.328346252441406,41.96932859780938,39.78135340193391,39.78135340193391,79461,
2024-04-15,38.43873596191406,40.5272555914182,37.991194957350125,40.5272555914182,70651,
2024-04-16,38.836544036865234,40.37807066435053,37.5933767898859,37.99119182645743,56255,
2024-04-18,39.085182189941406,40.726164670975216,38.886274647718245,39.28408973216457,49518,
2024-04-19,38.389007568359375,39.781356565697095,38.140374089823766,39.781356565697095,54264,
2024-04-22,38.637638092041016,39.48299413072007,38.28955276624968,39.43326819758495,64482,
2024-04-23,39.33381271362305,39.7316277681766,37.99119354373448,37.99119354373448,39808,
2024-04-24,43.26222229003906,43.26222229003906,39.28408690704696,39.731627896402685,143039,
2024-04-25,42.36713790893555,44.555113004283065,41.96932666950121,44.45566114288581,124084,
2024-04-26,42.217960357666016,44.10757229191015,41.77041939113479,43.51085353243207,73883,
2024-04-29,41.91960525512695,43.70976551006266,41.67097178100128,43.70976551006266,52516,
2024-04-30,41.12397003173828,42.76495227615199,40.97479224196584,42.76495227615199,21196,
2024-05-02,45.20156097412109,45.20156097412109,40.87533676301125,41.72069275071664,225791,
2024-05-03,44.00812530517578,45.74855963927878,43.46113241608399,45.74855963927878,122435,
2024-05-06,41.57151412963867,44.00812281846997,41.07424720513619,43.660037488856446,53356,
2024-05-07,40.17916870117188,43.06331456428381,39.73162771387219,43.06331456428381,62787,
2024-05-08,40.62670516967773,41.82014651656578,39.78135293729833,40.17916798420949,68043,
2024-05-09,39.980262756347656,41.72069704728702,39.781355221471166,41.72069704728702,29790,
2024-05-10,39.2343635559082,40.72616442271958,38.98573007810631,40.07971586289633,39243,
2024-05-13,42.4168701171875,43.11304077542301,37.14583768989204,38.78682005595128,91081,
2024-05-14,41.72069549560547,43.75948911610965,41.22342857383149,43.11304060026527,74813,
2024-05-15,41.969329833984375,44.75402389537172,39.28408764149295,42.56604863505108,166456,
2024-05-16,44.20703125,46.14637305394123,41.47206310937267,41.47206310937267,406468,
2024-05-17,42.963863372802734,45.74855741309136,42.46659644439957,45.64910554494895,94526,
2024-05-21,44.15730285644531,44.75402162727076,43.26222090636173,44.15730285644531,69229,
2024-05-22,42.81468200683594,44.65457192812284,42.36714101009882,43.41140460043396,57852,
2024-05-23,43.31195068359375,45.74855950284026,42.76495779613329,43.36167661993638,111366,
2024-05-24,42.06878280639648,44.35620999561507,41.91960499913949,44.35620999561507,43264,
2024-05-27,39.38353729248047,43.01358721043702,39.13490384039702,42.31741278583427,169993,
2024-05-28,36.99666213989258,39.482996910129366,36.5491211224808,38.83654835232949,137829,
2024-05-29,38.53818893432617,39.18463749205318,37.04638807235226,37.1458399456122,56465,
2024-05-30,38.33927536010742,39.78135005849697,37.64310097531469,38.53818286916894,53694,
2024-05-31,39.13490676879883,39.38354023948712,37.84201347998885,38.78682142737349,52515,
2024-06-03,38.19010162353516,41.27315506247063,37.941468159303405,41.27315506247063,86023,
2024-06-04,35.20650100708008,38.5879139359829,34.41087086489524,38.190102658736166,143264,
2024-06-05,37.14583969116211,37.69283637188222,34.65950493823705,36.49939493170905,46939,
2024-06-06,37.24529266357422,39.482993779350224,36.54911822434148,37.295018596266814,79080,
2024-06-07,38.23982620239258,39.38353782101813,37.64310363307688,38.28955213470753,60410,
2024-06-10,38.32933807373047,39.28408972357798,37.891740722166,38.28955580652537,50910,
2024-06-11,38.39895248413086,39.48299453036943,38.00113742733218,38.78682007789452,66288,
2024-06-12,38.59786224365234,39.78135622557884,38.209990833622506,39.78135622557884,72405,
2024-06-13,38.51829528808594,39.11501787025456,38.209988430939866,38.59785981657996,51498,
2024-06-14,38.60780334472656,39.23436072586955,38.2994964887064,38.49840401536955,56526,
2024-06-18,39.51283264160156,40.27862422408644,38.78682332689805,38.78682332689805,80621,
2024-06-19,39.59239196777344,40.0797114055153,39.02550800493759,40.0797114055153,40303,
2024-06-20,40.2288932800293,41.45216940823262,39.04539562081127,39.04539562081127,77117,
2024-06-21,39.124961853027344,42.05883747246643,38.836546125692784,41.720695811347255,79916,
2024-06-24,39.7614631652832,40.30845602810737,38.88627230845718,39.58244676743593,48446,
2024-06-25,40.36812973022461,42.16823739157523,39.58244706638824,39.92058873222632,137966,
2024-06-26,40.12944030761719,41.521789249076576,39.88080683905984,40.29851303903592,49792,
2024-06-27,38.01108551025391,40.44769044288404,37.7922868460619,39.18463577371821,73013,
2024-06-28,37.9713020324707,38.88627133742398,37.79228563909367,38.63763787927204,38796,
2024-07-01,38.33927536010742,39.72167666762496,37.304959348063655,39.72167666762496,65809,
2024-07-02,38.637638092041016,38.88627155156212,38.28955276624968,38.33927869938479,29122,
2024-07-03,38.25971984863281,39.53272201001916,37.89173957885744,39.53272201001916,93094,
2024-07-04,38.31938934326172,38.98572901845924,38.140372940602425,38.259719738272416,77834,
2024-07-05,38.180152893066406,39.18463417977362,38.09064469716027,39.18463417977362,58177,
2024-07-08,38.31938934326172,38.7370955474153,38.20999000898707,38.7370955474153,65110,
2024-07-09,38.03097534179688,39.18463443324666,37.79228555322136,39.18463443324666,70830,
2024-07-10,37.59337615966797,38.7271440628913,37.33479904592303,38.040917119847,99287,
2024-07-11,37.47403717041016,38.36911918636172,37.39447263839415,37.643106110175616,50545,
2024-07-12,36.85742568969727,38.219935996113456,36.59884476524583,38.219935996113456,118865,
2024-07-15,37.15578842163086,37.981249614948,36.3004886304461,36.89720747395618,63586,
2024-07-16,36.56900787353516,37.33479934625841,36.320374426307296,37.2154525600204,75069,
2024-07-18,36.19108581542969,37.235345588223296,35.97228715669074,36.30048514479916,98021,
2024-07-19,35.72365188598633,36.99665771594038,35.60430889356247,36.99665771594038,78374,
2024-07-22,35.64409255981445,37.13589330233931,35.36562430190703,35.7236532932828,42236,
2024-07-23,33.80420684814453,36.718187505321744,31.357652618438514,35.31589494444885,264447,
2024-07-24,36.15130233764648,36.32037505749922,33.5655159590779,33.5655159590779,58369,
2024-07-25,35.74354553222656,36.598845258114686,34.91808440192808,36.598845258114686,25031,
2024-07-26,37.99119186401367,38.786818144097886,35.66398262361398,37.14583585892483,112378,
2024-07-29,37.34474563598633,38.77687682059738,36.80769644175718,37.99119416168944,91310,
2024-07-30,36.9668197631836,37.89173650665177,36.49939145398614,37.89173650665177,57503,
2024-07-31,37.483978271484375,38.48845955320528,36.419827388685896,36.96682023035453,174647,
2024-08-01,36.82758712768555,38.389004963429706,36.39993727011531,36.946933920853205,58442,
2024-08-02,36.449668884277344,37.28507751046666,35.90267220522513,36.2507613458807,73097,
2024-08-05,35.09709930419922,35.93250786203657,34.21196481429264,34.21196481429264,54303,
2024-08-06,34.90813446044922,36.79775017622598,34.31141570485936,34.31141570485936,64568,
2024-08-07,35.315895080566406,35.83305313396716,34.56999469863473,35.60431080543625,61725,
2024-08-08,35.48497009277344,36.10158005261951,34.81863040251825,34.81863040251825,59691,
2024-08-09,35.09709930419922,36.69829935620794,34.80868358681414,35.484966885722734,59548,
2024-08-12,37.60332489013672,38.23982592436941,34.56999372098805,35.6043097985389,146655,
2024-08-13,37.09611129760742,38.587912050544816,36.79775190578904,38.359169723689206,52597,
2024-08-14,38.110538482666016,38.68736996174904,35.793276484385814,37.99119547776273,105481,
2024-08-16,37.832069396972656,38.48846160066197,36.11152625387562,38.48846160066197,59830,
2024-08-19,38.180152893066406,39.17468671698101,37.80222897770213,37.83206757223448,39332,
2024-08-20,37.99119186401367,39.0851775248988,37.59337682704888,39.0851775248988,60366,
2024-08-21,38.200042724609375,38.59785775817316,37.60332396810903,38.587910295719134,57496,
2024-08-22,37.69283676147461,38.68737067292412,37.44420328361223,38.33928152760932,65389,
2024-08-23,37.82212066650391,38.776876034846566,37.34474487925534,38.776876034846566,59380,
2024-08-26,37.026493072509766,38.56801971014266,36.071741531067566,38.56801971014266,87433,
2024-08-27,35.59436798095703,37.6928350456034,35.31589591861277,37.6928350456034,126870,
2024-08-28,34.75895690917969,36.74802450004725,34.56004939132386,36.48944358868107,112649,
2024-08-29,34.92802810668945,35.65403736934784,34.67939464164841,35.65403736934784,53341,
2024-08-30,34.709232330322266,35.60431050477444,34.41086914499271,34.818627865251536,63099,
2024-09-02,34.79874420166016,35.80322181095303,34.400929108444544,35.80322181095303,48801,
2024-09-03,34.28158187866211,35.29600682704582,33.92354909760369,34.43075967487283,85607,
2024-09-04,35.65403747558594,35.80321907259332,33.41633628354885,33.41633628354885,66838,
2024-09-05,34.92802810668945,36.201034027514616,34.31141817566442,36.201034027514616,52657,
2024-09-06,34.37109375,36.04191104440703,34.21196847404913,35.60431369015777,65633,
2024-09-09,41.24332046508789,41.24332046508789,34.40092643326026,34.41087010258673,1582430,
2024-09-10,43.78932571411133,48.53325279774522,42.7649570272565,44.24681418423726,3751305,
2024-09-11,40.96484756469727,44.23686481368304,40.30845538107556,42.76495518355696,421684,
2024-09-12,42.665504455566406,45.23139986225649,41.81020472205451,42.46659692319342,337819,
2024-09-13,41.41238784790039,43.46112889229009,40.974794330875845,42.67544626036028,170997,
2024-09-16,39.77141189575195,42.6257230952891,39.43327022169264,40.99468812412502,122668,
2024-09-17,38.846492767333984,40.76594336282808,38.58791184696887,40.76594336282808,115416,
2024-09-18,44.68440628051758,45.6192667357523,39.98026161511898,39.98026161511898,864521,
2024-09-19,41.57151412963867,45.63915772382283,39.98026148876894,44.75402320522369,231578,
2024-09-20,42.4367561340332,44.64462242095512,41.82014623000692,42.41686879628482,139143,
2024-09-23,42.86541366577149,44.73953049081455,42.476634940965,43.41369145210774,158274,
2024-09-24,41.71901321411133,43.51338248148804,41.38007721946881,43.51338248148804,130205,
2024-09-25,40.91154861450195,42.9650985263948,40.78195444053786,42.9650985263948,87357,
2024-09-26,39.99442672729492,42.03800964006687,39.86483635428914,41.37010850874333,105024,
2024-09-27,40.27355194091797,41.76885703076258,38.6287148209859,39.62558488088231,112876,
2024-09-30,39.15705490112305,40.62245511223834,38.82808975740263,39.88476959158807,119102,
2024-10-01,45.86599349975586,46.3544615419055,38.98759181067617,38.98759181067617,851852,
2024-10-03,50.39178466796875,53.83098740138668,48.8566037442303,48.8566037442303,4493728,
2024-10-04,46.56380081176758,50.2422538634546,45.86599099090562,50.2422538634546,748422,
2024-10-07,43.57319259643555,48.53760540195099,42.12773014317772,47.84976637924218,374539,
2024-10-08,47.012393951416016,47.73014164316146,42.71588243428504,42.71588243428504,313413,
2024-10-09,49.16563415527344,50.64100148077648,45.53702751650141,47.550705621011126,463349,
2024-10-10,48.44788360595703,51.139433540234094,47.35132805628296,50.09272073322565,322683,
2024-10-11,47.20179748535156,50.63103304651251,46.85289447314396,48.44788510431815,189176,
2024-10-14,47.85973358154297,48.7967939436452,46.10524381446539,48.19866958007314,163890,
2024-10-15,47.26161193847656,48.89647831650575,46.862862371892895,48.34820051452147,97795,
2024-10-16,47.36129760742188,48.64726097161013,46.64355370872424,46.64355370872424,112432,
2024-10-17,46.45414352416992,49.34506823478562,46.354458038738,47.37126596172509,131255,
2024-10-18,45.90586853027344,47.75008054456709,45.07846830333429,45.98561996565722,124502,
2024-10-21,45.885929107666016,46.80305156953588,45.40743191994342,45.55696395481319,117637,
2024-10-22,43.18441390991211,47.35133137514554,42.66604098379011,45.90586891998428,126744,
2024-10-23,43.87224960327149,46.25477223750595,42.07788425844528,44.70962060455805,170854,
2024-10-24,44.95883941650391,45.75633852855667,42.93519435615037,43.86228384156775,76728,
2024-10-25,42.626163482666016,45.556963988420726,41.38007586702408,45.357589209366495,106474,
2024-10-28,42.92522811889648,43.862284649228144,42.476635810796026,42.62616404499107,42287,
2024-10-29,43.98190689086914,44.5401555049924,42.16760364841552,42.16760364841552,40475,
2024-10-30,43.80247116088867,46.454145495111646,42.86541462869599,46.454145495111646,44195,
2024-10-31,44.10153579711914,45.45727596646702,43.76259980409274,44.679718489483164,36175,
2024-11-01,45.38749313354492,47.82982556900412,44.57005997922499,45.20805621647396,30439,
2024-11-04,43.80247116088867,45.85602495162826,43.36384968251803,45.85602495162826,66163,
2024-11-05,43.87224960327149,44.55012154730144,42.86541251735618,42.86541251735618,44883,
2024-11-06,43.413692474365234,45.33765208842257,42.47663594115773,45.33765208842257,87375,
2024-11-07,43.80247116088867,45.1083723708952,42.88535248717979,43.4136924273487,48084,
2024-11-08,43.18441390991211,45.08843571414975,42.66604098379011,44.64981422408857,67330,
2024-11-11,42.5264778137207,43.95200234417522,42.36697875170694,42.38691660980336,49889,
2024-11-12,41.42992401123047,43.44360213207824,40.62245783616903,42.04798242764663,60340,
2024-11-13,39.98445892333984,42.45669622868804,39.82495986501923,41.42992127842146,71687,
2024-11-14,39.72527313232422,41.35017250788903,39.037434112085776,39.72527313232422,51799,
2024-11-18,40.43305206298828,41.86854361804273,38.87793335961111,39.88477047340308,64361,
2024-11-19,39.75518035888672,41.76885840233176,39.27668317075487,40.45299018427977,83062,
2024-11-21,39.49599075317383,40.67229772940796,38.887899407505294,39.27668192562268,46870,
2024-11-22,40.14395904541016,41.738949670880906,39.127151095638446,39.127151095638446,55058,
2024-11-25,39.8249626159668,41.569485350559454,39.45612173113938,41.569485350559454,67261,
2024-11-26,39.68540191650391,40.62245848558344,39.37637080197659,39.87480587541933,90406,
2024-11-27,40.01436614990234,40.44302060723925,39.62558741016834,40.06420889552711,111084,
2024-11-28,39.625587463378906,40.77198962807661,39.48602625433906,40.77198962807661,89560,
2024-11-29,39.68540191650391,39.94458648148069,39.13712029351063,39.63555536695337,44270,
2024-12-02,39.83492660522461,40.253614007020666,39.22683526140026,39.87480232020661,109705,
2024-12-03,43.27413177490234,44.859155418465086,39.59568239958099,39.94458542062152,613699,
2024-12-04,43.004974365234375,44.3507512462042,41.57944985581312,43.81244049381627,220818,
2024-12-05,42.13769912719727,43.19438279075159,41.86854374677991,43.19438279075159,72005,
2024-12-06,41.30032730102539,42.63613334682911,40.87167286673899,42.63613334682911,89477,
2024-12-09,42.02804183959961,43.31400513768138,41.4299213209724,41.76885729559649,82637,
2024-12-10,42.93519592285156,45.23796727755451,41.39004799169283,41.51964217254392,161854,
2024-12-11,42.09782409667969,43.51338162384787,41.868544428757886,42.8654145342045,82903,
2024-12-12,41.4598274230957,42.66603932596386,41.270423473947375,42.36697905787159,60301,
2024-12-13,40.592552185058594,41.38007668358895,40.27355405337999,41.220577617749655,138958,
2024-12-16,40.23367691040039,41.16076638609825,39.87480307429057,41.15079555578544,110779,
2024-12-17,39.65549087524414,40.75205025346328,39.62558598949299,40.75205025346328,129605,
2024-12-18,40.88164138793945,41.51964145031583,39.62558672715984,39.95455568757692,139434,
2024-12-19,39.98445892333984,40.77198718750426,39.77511712231108,40.77198718750426,79819,
2024-12-20,39.65549087524414,40.42308129917026,39.62558598949299,40.27355306765692,83386,
2024-12-23,39.79505157470703,40.2237060112426,39.47605345487929,39.65549037262709,83265,
2024-12-24,39.19693374633789,41.230549752162005,38.92777835120607,41.230549752162005,40329,
2024-12-26,39.2966194152832,39.844901038979415,38.53899977589236,39.19693392156998,46183,
2024-12-27,38.74834060668945,39.495993198755215,38.578874511144924,38.67856000231727,29493,
2024-12-30,38.85799789428711,39.62558836421415,38.22996863657266,38.52903272303713,26066,
2024-12-31,39.95455551147461,40.87167417994482,37.93090661864116,37.93090661864116,52065,
2025-01-01,41.73894882202149,42.16760325691611,39.725270821594016,40.77198743870172,110114,
2025-01-02,41.29035949707031,42.01807804787545,40.48289711501833,40.97136135553608,52466,
2025-01-03,40.871673583984375,42.11776119325219,40.0243355307853,41.51964066190668,65019,
2025-01-06,38.31968688964844,42.59626071150831,37.9807508892567,40.92151856872064,100054,
2025-01-07,39.45611953735352,40.18383423841982,38.63868257434297,39.37636810573978,34600,
2025-01-08,39.7352409362793,40.0243341644221,38.72840005281849,39.47605259285559,38019,
2025-01-09,40.4529914855957,40.82183236696204,39.83492927029695,39.97449047931353,54521,
2025-01-10,39.13711929321289,41.02120701698801,38.58884148699076,41.02120701698801,96899,
2025-01-13,36.11660385131836,39.25674623825349,35.89729120888572,39.25674623825349,111631,
2025-01-14,36.84431838989258,37.881064217994265,35.99698031664578,36.47547751359479,61092,
2025-01-15,36.38575744628906,38.5689015240737,35.5483864378806,38.5689015240737,46893,
2025-01-16,39.256744384765625,42.307164362356325,36.585132295436274,36.585132295436274,225702,
2025-01-17,39.16702651977539,39.92464611053269,38.080437975917725,39.37636832478967,21405,
2025-01-20,39.51593017578125,39.95455545377061,38.88790094768771,39.775118531458176,30331,
2025-01-21,38.53899765014648,40.27355328548935,37.54212755696861,40.27355328548935,39278,
2025-01-22,39.95455551147461,43.10466488152591,37.99072019375091,39.7252720415994,221188,
2025-01-23,39.5259017944336,40.343334988930025,37.88106457469254,39.97449030640141,43218,
2025-01-24,38.37949752807617,40.49286100251242,38.12031298421675,39.46608605176058,25410,
2025-01-27,36.45553970336914,39.3564315781138,35.3988560153158,38.37949932436985,125373,
2025-01-28,37.18325424194336,39.87480429221972,35.558354902263254,36.88419397030325,98539,
2025-01-29,37.31284713745117,38.917808563458536,36.99384901830459,38.917808563458536,56106,
2025-01-30,36.66488265991211,38.87793559529608,36.08669995413408,36.08669995413408,85785,
2025-01-31,36.55522537231445,37.48231488552889,36.38575927771455,36.63497680701396,36986,
2025-02-01,36.814414978027344,37.28294516584646,36.38576050890726,36.66488293428486,23398,
2025-02-03,36.92406845092773,37.681688033899135,35.099794390317214,35.83747991823672,45823,
2025-02-04,37.0735969543457,38.32965538632088,36.18638319043491,36.18638319043491,62735,
2025-02-05,37.26300430297852,38.66859095038322,36.505380919795,36.505380919795,21819,
2025-02-06,37.66175079345703,38.36953144764336,36.934036083892025,36.934036083892025,16113,
2025-02-07,36.88419342041016,38.02062471735455,36.405696232368186,37.48231395477322,19882,
2025-02-10,36.13653945922852,37.78137656951018,35.88732194571659,36.08669671707762,44381,
2025-02-11,35.10976791381836,37.542129711791,34.711018332556954,36.435603236410536,72190,
2025-02-12,35.08982849121094,35.54838782730204,34.35214293956893,34.49170414596556,23010,
2025-02-13,34.42192459106445,35.87735788022213,33.64436710159888,33.64436710159888,40540,
2025-02-14,32.49796295166016,36.26613442425446,31.65062490828929,35.10976528837687,66778,
2025-02-17,33.135963439941406,33.893583034559384,30.41450665123625,31.89984285605589,58482,
2025-02-18,30.962785720825195,34.37208164317728,30.404538980133424,34.37208164317728,49799,
2025-02-19,32.2387809753418,33.74405323667007,30.534132021017896,33.74405323667007,29875,
2025-02-20,32.906681060791016,33.395149093885124,32.00950023246068,32.69733924778971,21234,
2025-02-21,33.58455276489258,33.7839275482039,32.507935019423755,32.767119575798084,41248,
2025-02-24,32.18893814086914,33.01633839011242,32.10918670333551,32.89671503656982,20210,
2025-02-25,31.60078239440918,32.876774883878106,31.401407617240267,31.401407617240267,16353,
2025-02-27,31.281782150268555,34.880485634678074,30.52416256567356,32.29859198556309,65842,
2025-02-28,30.17525863647461,31.850000722744824,29.52729344631452,31.850000722744824,60030,
2025-03-03,29.537260055541992,31.10234770064732,28.4606404298246,31.10234770064732,63334,
2025-03-04,30.17525863647461,30.51419462542829,28.660015615432147,30.35469556020054,21643,
2025-03-05,31.850000381469727,32.398278174642925,30.11544473829087,31.401408076961605,57702,
2025-03-06,31.97959518432617,33.58455287866288,31.21200283639096,32.338465232193016,116397,
2025-03-07,30.374631881713867,32.84687122516027,30.10547839427487,32.84687122516027,145935,
2025-03-10,29.327919006347656,31.889874910517648,28.819515016984056,31.889874910517648,86884,
2025-03-11,28.022018432617188,29.85625952376996,27.6133018537452,29.85625952376996,89575,
2025-03-12,28.480579376220703,28.79957751434314,27.91236370501775,28.79957751434314,132862,
2025-03-13,27.98214340209961,28.86935718263684,27.912362799321915,28.85939015485044,28480,
2025-03-17,27.61330223083496,28.80954519702357,27.31424006325371,28.17154894838965,75734,
2025-03-18,27.61330223083496,27.61330223083496,27.61330223083496,27.61330223083496,0,
2025-03-19,27.81267547607422,28.809545578452354,27.32420935407439,28.560328052857823,60531,
2025-03-20,28.54039001464844,28.749733723545777,28.151611285611853,28.70985800704007,41983,
2025-03-21,28.560327529907227,29.30798009300102,28.16157987653296,28.16157987653296,40434,
2025-03-24,29.4276065826416,30.902973913131127,28.57029766564253,28.57029766564253,81628,
2025-03-25,27.79273796081543,30.1951966864752,27.413928153841766,30.01575976161125,62268,
2025-03-26,27.65317726135254,28.91920278659796,27.61330344474942,27.79273847153179,65125,
2025-03-27,26.46689987182617,27.81267486052792,26.018309476511448,27.214552432062828,94701,
2025-03-28,24.54294204711914,26.865649242408185,23.286885526295453,26.038247157426564,144343,
2025-04-01,24.97159576416016,26.417058199794813,24.52300535065133,24.5429432093972,59957,
2025-04-02,27.2643985748291,27.703021966652248,25.06131458757596,25.789031231235395,51964,
2025-04-03,27.513614654541016,27.87248659126777,26.3771814676664,27.21455248899347,38784,
2025-04-04,27.45380401611328,28.650047019227205,27.18464862739557,27.51361569092426,34818,
2025-04-07,25.180938720703125,25.7591232972874,22.92801208742544,23.92488217818305,65680,
2025-04-08,26.397119522094727,27.91236251495158,25.42018729040233,26.01830972456992,42348,
2025-04-09,27.194616317749023,27.693051355015385,25.91862193785078,25.91862193785078,16854,
2025-04-11,28.281206130981445,28.89926454039019,26.905524301096943,27.19461754845632,56282,
2025-04-15,28.969043731689453,29.118573862067908,27.91236198878576,27.91236198878576,16572,
2025-04-16,29.168418884277344,29.7864772715486,28.66001491330201,28.96904410693764,20935,
2025-04-17,29.17838859558105,29.447543981792315,28.71982735595681,29.16841966630892,31904,
2025-04-21,29.547229766845703,29.75657348089369,28.919202427459464,29.178388886987094,17974,
2025-04-22,29.188356399536133,29.866226451497745,29.11857389732152,29.866226451497745,13841,
2025-04-23,29.4276065826416,29.90610378690109,28.939140448954348,29.836323182285607,26835,
2025-04-24,29.497386932373047,30.145352128547792,29.30798107763989,29.30798107763989,20542,
2025-04-25,27.71298789978028,30.29488159974164,27.18464796594416,30.29488159974164,35094,
2025-04-28,27.77280235290528,28.50051708944796,27.41392849866335,27.41392849866335,13131,
2025-04-29,27.61330223083496,29.796446357146223,27.41392745244746,27.43386531056197,22134,
2025-04-30,26.666275024414062,27.99211217387183,25.9983719851306,27.413927595192025,21452,
2025-05-02,27.43386650085449,28.75970370093365,26.357246833883288,28.33104923976735,27255,
2025-05-05,27.81267547607422,28.63010865580368,27.15474136061496,28.63010865580368,14642,
2025-05-06,26.34727668762207,27.53355262281736,26.117997024082293,27.28433510121878,23977,
2025-05-07,27.2643985748291,27.712988994789665,26.31737118594754,26.31737118594754,21908,
2025-05-08,25.8388729095459,28.79957640388701,24.93172127622115,27.81267523910664,51570,
2025-05-09,25.23078155517578,25.878746736216304,23.575977350693726,25.878746736216304,33839,
2025-05-12,27.184648513793945,28.410798299878845,26.825774663670035,28.410798299878845,18383,
2025-05-13,27.1148681640625,27.663145972331947,26.66627584720287,26.66627584720287,9654,
2025-05-14,27.832612991333008,28.111737301054227,27.40395854837424,27.79273727506763,11879,
2025-05-15,28.3011417388916,28.89926418357032,27.42389688104064,27.90239407623207,33131,
2025-05-16,30.374631881713867,33.95339766715889,29.008920881644936,29.108608273952907,1161806,
2025-05-19,31.291751861572266,32.36837339596298,30.52416332885941,30.633817747030488,104374,
2025-05-20,30.603912353515625,32.08924664981882,30.23506958565825,32.08924664981882,42904,
2025-05-21,30.823223114013672,31.19206588218712,30.34472592939309,30.34472592939309,56426,
2025-05-22,31.32165908813477,31.64065722070172,30.70359878025216,30.70359878025216,39773,
2025-05-23,29.008920669555664,30.44441416471023,28.71982742411405,30.40453844752704,203657,
2025-05-26,29.497386932373047,29.90610352848537,28.919202340210816,29.866227811118872,50702,
2025-05-27,30.264976501464844,30.743473687711383,29.906102661090543,30.743473687711383,24692,
2025-05-28,30.15532112121582,30.79331738938874,29.86622787383818,30.79331738938874,13882,
2025-05-29,30.35469627380371,30.583975947786342,29.926041812909908,30.583975947786342,12960,
2025-05-30,29.626977920532227,30.344725590833907,29.55719731955929,30.19519545998065,30630,
2025-06-02,29.916072845458984,30.35469623527956,29.517325173521584,29.62697959494257,19791,
2025-06-03,29.886165618896484,30.31482007296192,29.7067286938106,29.97588408143943,32663,
2025-06-04,30.105478286743164,30.583975486457668,29.018889707363027,29.92604136150551,47783,
2025-06-05,30.8132553100586,31.07244176986961,30.10547843630376,31.07244176986961,41711,
2025-06-06,30.593944549560547,31.00266114710946,30.274946415022747,30.90297375472168,23668,
2025-06-09,30.773380279541016,31.6007823718576,30.593943360492805,30.593943360492805,72617,
2025-06-10,32.58768081665039,33.39514693236596,30.902971788159547,30.902971788159547,178021,
2025-06-11,32.16899871826172,33.375210631659264,31.919781192216394,32.79702794866809,60633,
2025-06-12,33.65433120727539,35.53841879567114,31.820092064953204,31.899841592880257,183244,
2025-06-13,33.006370544433594,33.39514928588776,32.04937613427598,32.49796464964141,64259,
2025-06-16,32.28862380981445,33.67427272102047,32.019468410818206,33.04624725945377,30998,
2025-06-17,32.69733810424805,33.783926651560535,31.899842794926407,31.899842794926407,32527,
2025-06-18,32.10918426513672,32.77708919411132,31.899842461643992,32.77708919411132,20744,
2025-06-19,31.03256607055664,32.52787315538379,30.60391351512638,32.268684794041754,53132,
2025-06-20,31.79018783569336,31.959657735219047,30.7235371008665,31.0325663087652,16687,
2025-06-23,29.81638526916504,32.23877997571595,29.587105596880345,31.01263017901549,103207,
2025-06-24,29.89613342285156,30.90297243019432,29.766541149267088,30.90297243019432,56072,
2025-06-25,29.89613342285156,30.593943238278428,29.367791596806715,30.54409859353149,60518,
2025-06-26,29.89613342285156,30.49425585016333,29.57713530198629,30.49425585016333,53855,
2025-06-27,28.9192008972168,30.33475646965433,28.8693562529958,30.0356943084646,168332,
2025-06-30,26.9055233001709,29.696760672170523,26.81580484063005,29.696760672170523,372563,
2025-07-01,29.317949295043945,32.27865468935067,26.92546145113847,27.56345770247892,1231239,
2025-07-02,28.86935806274414,30.414507905639123,28.63010945962171,29.317950381960497,112068,
2025-07-03,29.317949295043945,29.5970736056948,28.809545319239973,28.809545319239973,52506,
2025-07-04,29.20829391479492,29.896134833733534,29.15845116907455,29.40766870043416,33348,
2025-07-07,29.47744941711425,30.90297400613396,29.21826295534896,29.78647862478951,105929,
2025-07-08,29.61701011657715,30.1453519604642,29.11857506054822,29.62697904586319,65442,
2025-07-09,29.72666549682617,30.19519565155205,29.706727638884903,30.19519565155205,35245,
2025-07-10,29.60704231262207,30.115444383232163,29.50735492375348,29.955945321593937,34563,
2025-07-11,29.58710479736328,30.00579031435913,29.40766787559666,29.40766787559666,30116,
2025-07-14,29.72666549682617,30.314818996442096,28.959075078496404,29.40766737528102,33732,
2025-07-15,30.00579071044922,30.69363161917482,29.806415927770285,29.806415927770285,36041,
2025-07-16,30.15532112121582,30.693631898520863,30.105478375781885,30.344726976346728,27778,
2025-07-17,30.06560134887696,30.64378591707156,29.906102288780428,29.926040146637185,31889,
2025-07-18,30.1951961517334,30.39456903031233,30.105477690890297,30.39456903031233,32923,
2025-07-21,30.952816009521484,32.1689987548899,30.304850821341613,30.304850821341613,89504,
2025-07-22,31.65062522888184,33.893582922267164,30.902972664420066,30.952815408166,412455,
2025-07-23,31.21200180053711,32.94655551869188,31.062471668199056,32.388310705365164,32177,
2025-07-24,33.205745697021484,35.737792959828376,31.35156663015534,31.38147151744099,582281,
2025-07-25,31.740345001220703,34.49170487899802,31.06247301052411,33.88361729574049,136622,
2025-07-28,31.24190902709961,32.069309231102814,31.00266043171697,31.25187795624624,44461,
2025-07-29,30.952816009521484,31.720406446946,30.9029732648072,31.24190925272507,28504,
2025-07-30,33.32536697387695,33.793897126886755,31.062471443058463,31.49112588033178,180816,
2025-07-31,33.62442779541016,34.392018223690094,32.39827803680951,32.39827803680951,87900,
2025-08-01,31.989561080932617,34.23251876525328,31.80015523298169,33.49483323141893,42803,
2025-08-04,31.36153221130371,32.29859253243437,30.91294181030695,32.04937500919879,32073,
2025-08-05,31.99952888488769,33.903550635439146,31.401408342327382,31.451251087081133,140075,
2025-08-06,31.81012535095215,33.49483448337509,31.560907821156924,31.99952930460374,39165,
2025-08-07,31.481157302856445,32.4281827456253,30.922910585964782,31.89984281586989,24483,
2025-08-08,31.331626892089844,32.188935768605106,31.02259769993758,31.20203271702746,11687,
2025-08-11,30.962785720825195,32.48799770498074,30.59394483731378,31.351566364656343,29200,
2025-08-12,31.77025032043457,32.378339776952124,30.902972513293538,30.902972513293538,30487,
2025-08-13,31.5908145904541,33.39514897271312,31.431315523590257,31.919781653533136,34544,
2025-08-14,31.42134666442871,31.73037586949537,30.18522794278322,31.221971879714108,36097,
2025-08-18,29.846290588378903,33.08611643188913,29.72666534273019,31.63068703453927,129328,
2025-08-19,29.89613342285156,29.99582081096665,29.30797992448917,29.96591402411849,55176,
2025-08-20,29.766542434692383,30.504226096393825,29.40766858253211,29.906103643253,30307,
2025-08-21,29.507354736328125,29.936009174775165,29.17838768611648,29.90610238789091,80102,
2025-08-22,28.95907592773437,29.517324558188072,28.909233182798328,29.517324558188072,62272,
2025-08-25,28.83945274353028,29.74660439645874,28.66001581853276,29.407668405103173,40265,
2025-08-26,28.86935806274414,29.238200847586352,28.410798715437537,28.4307365743758,24978,
2025-08-28,28.809545516967773,29.68679226996048,28.540390133569183,29.307980567093097,32098,
2025-08-29,28.281206130981445,28.89926454039019,28.111738134586364,28.79957714814976,34708,
2025-09-01,28.87932586669922,30.54409899558477,27.81267517299856,28.80954526451376,81072,
2025-09-02,28.83945274353028,29.28804315464521,28.031988482420296,29.28804315464521,30318,
2025-09-03,28.87932586669922,28.94910837026348,28.440704395425268,28.909232653941046,24148,
2025-09-04,28.95907592773437,29.66685469437505,28.490547660647472,28.66001565536041,46453,
2025-09-05,30.534130096435547,30.89300393817403,28.85938993820651,29.51732404714119,63328,
2025-09-08,30.554067611694336,31.11231432483856,29.965914111614627,30.833191918955844,34824,
2025-09-09,29.12854385375977,30.902973329429862,28.81951465285154,30.713567476637603,74368,
2025-09-10,30.5241641998291,30.972754617246387,29.158451285899904,29.158451285899904,59840,
2025-09-11,29.55719757080078,30.853129819095155,29.20829266159157,29.906102480009988,32810,
2025-09-12,29.836322784423828,30.49425690685192,29.567167397599928,29.567167397599928,15080,
2025-09-15,29.487417221069336,30.7035980478134,29.298011371358943,29.83632213325833,18506,
2025-09-16,29.188356399536133,30.45437994622668,29.108606869812487,30.45437994622668,25845,
2025-09-17,29.41763687133789,29.77651071568362,28.161580317506647,29.77651071568362,29409,
2025-09-18,29.876195907592773,30.464349412700496,29.00891999421617,29.00891999421617,35002,
2025-09-19,31.850000381469727,32.99639871214867,29.527293129927404,30.354695234947748,159303,
2025-09-22,31.84000015258789,32.95000076293945,31.5,32.95000076293945,80568,
2025-09-23,31.11000061035156,32.95000076293945,30.6299991607666,31.600000381469727,70388,
2025-09-24,35.79999923706055,36.95000076293945,31.209999084472656,31.8700008392334,886651,
2025-09-25,37.0099983215332,38.59999847412109,35.79999923706055,35.79999923706055,861240,
2025-09-26,36.16999816894531,37.310001373291016,35.29999923706055,37.0099983215332,138731,
2025-09-29,36.060001373291016,38.43999862670898,35.66999816894531,37.310001373291016,135915,
2025-09-30,33.189998626708984,36.06999969482422,32.900001525878906,36.060001373291016,143347,
2025-10-01,33.220001220703125,34.0,33.130001068115234,33.849998474121094,35676,
2025-10-03,34.290000915527344,34.630001068115234,33.220001220703125,33.220001220703125,52161,
2025-10-06,33.709999084472656,35.95000076293945,33.099998474121094,34.849998474121094,71858,
2025-10-07,34.150001525878906,34.9900016784668,33.0,33.900001525878906,58610,
2025-10-08,33.439998626708984,34.900001525878906,32.709999084472656,34.20000076293945,58837,
2025-10-09,33.31999969482422,34.599998474121094,32.599998474121094,33.11000061035156,45281,
2025-10-10,32.81999969482422,34.380001068115234,32.5,32.65999984741211,35026,
2025-10-13,32.97999954223633,33.400001525878906,32.29999923706055,33.400001525878906,28886,
2025-10-14,32.59000015258789,33.189998626708984,31.350000381469727,33.0,50500,
2025-10-15,32.939998626708984,33.5099983215332,32.79999923706055,33.0,37469,
2025-10-16,32.029998779296875,33.599998474121094,31.64999961853028,32.91999816894531,56592,
2025-10-17,31.670000076293945,32.72999954223633,31.549999237060547,32.0,34052,
2025-10-20,31.57999992370605,32.83000183105469,30.8700008392334,31.670000076293945,33195,
2025-10-21,31.790000915527344,32.25,31.0,31.5,22248,
2025-10-23,35.040000915527344,36.68999862670898,31.809999465942383,32.439998626708984,208080,
2025-10-24,34.400001525878906,35.369998931884766,34.0,35.22999954223633,89727,
2025-10-27,36.52999877929688,37.33000183105469,34.66999816894531,34.66999816894531,223051,
2025-10-28,36.41999816894531,37.369998931884766,35.29999923706055,36.900001525878906,107916,
2025-10-29,35.439998626708984,37.31999969482422,35.099998474121094,37.31999969482422,51727,
2025-10-30,34.720001220703125,36.45000076293945,34.5099983215332,35.79999923706055,44671,
2025-10-31,34.34000015258789,35.34000015258789,33.599998474121094,34.27000045776367,37717,
2025-11-03,34.849998474121094,35.560001373291016,34.34000015258789,35.0099983215332,55080,
2025-11-04,33.970001220703125,34.900001525878906,33.79999923706055,34.849998474121094,56594,
2025-11-06,34.65999984741211,35.0,33.27000045776367,34.5,76758,
2025-11-07,34.869998931884766,35.95000076293945,34.09000015258789,35.29999923706055,98826,
2025-11-10,35.689998626708984,35.95000076293945,34.209999084472656,35.0,79654,
2025-11-11,34.150001525878906,35.47999954223633,34.0099983215332,35.310001373291016,30338,
2025-11-12,34.939998626708984,35.099998474121094,34.20000076293945,34.20000076293945,25641,
2025-11-13,34.18000030517578,34.939998626708984,34.0099983215332,34.11000061035156,33632,
2025-11-14,34.529998779296875,35.220001220703125,34.0,34.18000030517578,49877,
2025-11-17,32.25,33.79999923706055,32.02000045776367,33.720001220703125,93966,
2025-11-18,32.560001373291016,33.25,32.0099983215332,32.0099983215332,40831,
2025-11-19,32.04999923706055,32.95000076293945,32.0099983215332,32.560001373291016,39318,
2025-11-20,31.39999961853028,32.38999938964844,31.1200008392334,32.150001525878906,36305,
2025-11-21,31.6200008392334,31.989999771118164,30.64999961853028,30.64999961853028,42742,
2025-11-24,30.709999084472656,31.8799991607666,30.600000381469727,31.6200008392334,58095,
2025-11-25,30.239999771118164,30.950000762939453,29.799999237060547,30.600000381469727,35413,
2025-11-26,29.5,30.739999771118164,29.270000457763672,30.739999771118164,63262,
2025-11-27,31.14999961853028,31.700000762939453,28.89999961853028,29.200000762939453,70036,
2025-11-28,30.270000457763672,31.38999938964844,30.21999931335449,31.13999938964844,18592,
2025-12-01,29.65999984741211,30.84000015258789,29.600000381469727,30.21999931335449,24539,
2025-12-02,29.809999465942383,30.38999938964844,29.270000457763672,30.38999938964844,39675,
2025-12-03,30.549999237060547,31.75,30.15999984741211,31.5,43938,
2025-12-04,29.940000534057617,30.989999771118164,29.799999237060547,30.31999969482422,19937,
2025-12-05,29.559999465942383,30.46999931335449,29.3700008392334,30.46999931335449,11788,
2025-12-08,28.43000030517578,29.809999465942383,27.600000381469727,29.739999771118164,56537,
2025-12-09,30.229999542236328,30.61000061035156,27.959999084472656,27.959999084472656,76446,
2025-12-10,29.239999771118164,30.950000762939453,28.51000022888184,30.950000762939453,29072,
2025-12-11,29.09000015258789,29.979999542236328,29.0,29.229999542236328,8566,
2025-12-12,30.450000762939453,30.950000762939453,29.200000762939453,30.950000762939453,52521,
2025-12-15,30.600000381469727,30.950000762939453,29.51000022888184,30.450000762939453,30651,
2025-12-16,30.030000686645508,30.799999237060547,29.84000015258789,30.799999237060547,10128,
2025-12-17,29.5,30.5,28.39999961853028,30.5,46913,
2025-12-18,29.09000015258789,30.170000076293945,28.89999961853028,29.26000022888184,34883,
2025-12-19,29.8700008392334,30.21999931335449,28.31999969482422,28.90999984741211,45404,
2025-12-22,30.0,31.0,29.799999237060547,30.25,33004,
2025-12-23,30.290000915527344,30.5,29.809999465942383,30.479999542236328,21979,
2025-12-24,30.1299991607666,30.450000762939453,29.799999237060547,30.290000915527344,11131,
2025-12-26,31.26000022888184,31.43000030517578,29.65999984741211,30.600000381469727,29794,
2025-12-29,30.229999542236328,31.799999237060547,30.0,31.799999237060547,9614,
2025-12-30,30.299999237060547,30.8799991607666,29.709999084472656,29.709999084472656,9409,
2025-12-31,30.63999938964844,30.850000381469727,30.0,30.299999237060547,8221,
2026-01-01,30.0,30.89999961853028,29.799999237060547,30.89999961853028,29583,
2026-01-02,30.32999992370605,30.850000381469727,29.0,30.850000381469727,26381,
2026-01-05,30.1200008392334,30.790000915527344,29.71999931335449,30.18000030517578,11705,
2026-01-06,29.39999961853028,30.5,29.200000762939453,29.200000762939453,17026,
2026-01-07,29.350000381469727,30.18000030517578,29.059999465942383,29.26000022888184,14319,
2026-01-08,29.040000915527344,29.920000076293945,28.89999961853028,28.920000076293945,21230,
2026-01-09,28.31999969482422,29.850000381469727,28.11000061035156,29.739999771118164,15798,
2026-01-12,29.559999465942383,30.799999237060547,28.170000076293945,28.790000915527344,56541,
2026-01-13,29.479999542236328,30.190000534057617,28.71999931335449,29.89999961853028,15188,
2026-01-14,29.690000534057617,29.989999771118164,28.56999969482422,29.479999542236328,9434,
2026-01-15,29.690000534057617,29.690000534057617,29.690000534057617,29.690000534057617,0,
2026-01-16,29.59000015258789,30.0,29.15999984741211,30.0,12364,
2026-01-19,28.979999542236328,29.979999542236328,28.700000762939453,29.979999542236328,20836,
2026-01-20,27.959999084472656,29.739999771118164,27.5,28.979999542236328,18371,
2026-01-21,27.14999961853028,28.979999542236328,27.049999237060547,27.100000381469727,20508,
2026-01-22,27.670000076293945,30.0,27.100000381469727,27.14999961853028,28668,
2026-01-23,27.13999938964844,28.18000030517578,27.0,27.989999771118164,10141,
2026-01-27,26.31999969482422,28.100000381469727,26.01000022888184,27.01000022888184,16268,
2026-01-28,27.63999938964844,27.950000762939453,26.209999084472656,26.350000381469727,9637,
2026-01-29,27.11000061035156,28.0,26.799999237060547,28.0,7527,
2026-01-30,26.450000762939453,27.700000762939453,24.600000381469727,27.700000762939453,41016,
2026-02-02,26.489999771118164,27.0,26.01000022888184,27.0,12207,
2026-02-03,27.209999084472656,27.5,26.100000381469727,27.0,22738,
2026-02-04,27.64999961853028,28.0,26.700000762939453,27.5,25635,
2026-02-05,28.299999237060547,28.5,27.0,27.64999961853028,18508,
2026-02-06,28.420000076293945,28.989999771118164,27.309999465942383,28.299999237060547,5174,
2026-02-09,29.440000534057617,29.790000915527344,27.559999465942383,29.790000915527344,25938,
2026-02-10,29.450000762939453,30.600000381469727,28.5,29.600000381469727,30593,
2026-02-11,29.3700008392334,30.59000015258789,29.0,29.89999961853028,37463,
2026-02-12,28.61000061035156,30.790000915527344,28.0,30.790000915527344,12165,
2026-02-13,27.6200008392334,29.09000015258789,27.21999931335449,28.530000686645508,22217,
2026-02-16,27.6200008392334,28.950000762939453,27.01000022888184,28.950000762939453,12996,
2026-02-17,27.64999961853028,28.350000381469727,27.25,27.51000022888184,8776,
2026-02-18,27.90999984741211,28.39999961853028,27.559999465942383,27.8700008392334,10251,
2026-02-19,27.670000076293945,28.5,27.15999984741211,27.90999984741211,6887,
2026-02-20,27.1299991607666,27.989999771118164,27.020000457763672,27.18000030517578,16662,
2026-02-23,27.15999984741211,28.190000534057617,27.0,28.190000534057617,12300,
2026-02-24,26.82999992370605,27.959999084472656,26.350000381469727,26.350000381469727,5496,
2026-02-25,26.82999992370605,28.0,26.40999984741211,27.63999938964844,9611,
2026-02-26,26.84000015258789,28.09000015258789,26.209999084472656,26.450000762939453,11311,
2026-02-27,25.39999961853028,26.51000022888184,24.600000381469727,26.51000022888184,60323,
2026-03-02,24.790000915527344,26.89999961853028,24.15999984741211,24.959999084472656,16188,
2026-03-04,24.76000022888184,26.39999961853028,24.0,24.790000915527344,28791,
2026-03-05,24.729999542236328,26.0,24.309999465942383,26.0,14727,
2026-03-06,25.020000457763672,25.950000762939453,24.56999969482422,24.56999969482422,12523,
2026-03-09,23.88999938964844,26.89999961853028,23.39999961853028,25.020000457763672,62308,
2026-03-10,23.770000457763672,25.0,23.209999084472656,23.209999084472656,33517,
2026-03-11,23.46999931335449,24.88999938964844,23.40999984741211,24.88999938964844,16114,
2026-03-12,23.5,24.770000457763672,23.200000762939453,24.770000457763672,29388,
2026-03-13,23.290000915527344,24.489999771118164,23.01000022888184,23.01000022888184,25690,
2026-03-16,22.799999237060547,24.600000381469727,22.600000381469727,23.0,51449,
2026-03-17,22.739999771118164,23.75,22.600000381469727,23.75,5928,
2026-03-18,23.950000762939453,25.780000686645508,22.51000022888184,22.51000022888184,29951,
2026-03-19,22.920000076293945,23.84000015258789,22.51000022888184,23.84000015258789,15774,
2026-03-20,23.530000686645508,24.850000381469727,22.809999465942383,22.86000061035156,19589,
2026-03-23,23.520000457763672,26.0,22.600000381469727,22.600000381469727,29592,
2026-03-24,22.84000015258789,24.989999771118164,22.14999961853028,24.299999237060547,39234,
2026-03-25,23.239999771118164,24.799999237060547,22.84000015258789,22.84000015258789,33405,
2026-03-27,22.059999465942383,24.690000534057617,21.76000022888184,23.5,33701,
2026-03-30,20.299999237060547,22.739999771118164,20.100000381469727,21.309999465942383,55550,
2026-04-01,22.36000061035156,23.0,20.020000457763672,21.989999771118164,8676,
2026-04-02,23.270000457763672,23.39999961853028,20.5,22.0,11839,
2026-04-06,24.440000534057617,24.989999771118164,22.350000381469727,24.0,8398,
2026-04-07,24.90999984741211,25.290000915527344,24.100000381469727,24.450000762939453,13182,
2026-04-08,24.90999984741211,26.0,23.309999465942383,25.5,53555,
2026-04-09,24.229999542236328,25.979999542236328,24.1200008392334,25.979999542236328,32716,
2026-04-10,25.09000015258789,25.39999961853028,24.51000022888184,25.39999961853028,7685,
2026-04-13,24.82999992370605,25.100000381469727,23.40999984741211,25.100000381469727,11355,
2026-04-15,27.01000022888184,27.5,24.32999992370605,24.32999992370605,71981,
2026-04-16,27.290000915527344,27.88999938964844,27.030000686645508,27.88999938964844,41707,
2026-04-17,27.63999938964844,27.989999771118164,27.14999961853028,27.5,22441,
2026-04-20,27.100000381469727,27.989999771118164,26.40999984741211,27.799999237060547,27812,
2026-04-21,27.170000076293945,27.88999938964844,26.36000061035156,26.36000061035156,7795,
2026-04-22,26.3799991607666,27.6200008392334,25.5,27.0,34776,
2026-04-23,25.790000915527344,26.88999938964844,25.549999237060547,25.61000061035156,30181,
2026-04-24,25.450000762939453,26.229999542236328,25.1299991607666,25.31999969482422,7327,
2026-04-27,26.479999542236328,27.25,25.0,25.0,31605,
2026-04-28,26.309999465942383,27.89999961853028,26.1200008392334,27.14999961853028,16518,
2026-04-29,25.950000762939453,27.290000915527344,25.61000061035156,26.0,13872,
2026-04-30,25.86000061035156,26.850000381469727,25.0,26.850000381469727,19745,
2026-05-04,26.76000022888184,26.950000762939453,25.64999961853028,26.489999771118164,10004,
2026-05-05,25.959999084472656,26.940000534057617,25.799999237060547,25.81999969482422,10478,
2026-05-06,25.8700008392334,26.850000381469727,25.64999961853028,26.14999961853028,15776,
2026-05-07,27.14999961853028,29.0,25.5,25.950000762939453,50191,
2026-05-08,26.71999931335449,28.0,26.200000762939453,27.5,27147,
2026-05-11,26.739999771118164,27.799999237060547,26.0,26.700000762939453,18389,
2026-05-12,25.770000457763672,27.709999084472656,25.51000022888184,26.40999984741211,17447,
2026-05-13,25.770000457763672,26.5,25.1200008392334,26.5,26228,
2026-05-14,26.0,26.5,25.25,25.770000457763672,22769,
2026-05-15,25.89999961853028,26.71999931335449,25.459999084472656,25.51000022888184,4497,
2026-05-18,24.8799991607666,25.89999961853028,24.559999465942383,25.25,15312,
2026-05-19,24.90999984741211,25.950000762939453,24.64999961853028,24.8799991607666,20763,
2026-05-20,24.739999771118164,25.5,24.21999931335449,24.51000022888184,7415,
2026-05-21,24.06999969482422,25.38999938964844,24.0,24.26000022888184,42432,
2026-05-22,24.270000457763672,24.690000534057617,24.25,24.549999237060547,14239,
2026-05-25,24.43000030517578,24.959999084472656,24.299999237060547,24.959999084472656,18007,
2026-05-26,24.5,25.0,23.520000457763672,23.700000762939453,35853,
2026-05-27,24.39999961853028,25.39999961853028,24.239999771118164,25.39999961853028,7858,
2026-05-28,24.39999961853028,24.39999961853028,24.39999961853028,24.39999961853028,0,
2026-05-29,27.950000762939453,28.799999237060547,25.75,26.0,217013,
2026-06-01,29.270000457763672,30.440000534057617,28.100000381469727,29.15999984741211,127896,
2026-06-02,29.65999984741211,30.489999771118164,28.51000022888184,29.950000762939453,64376,
2026-06-03,29.739999771118164,30.299999237060547,29.01000022888184,29.65999984741211,16710,
2026-06-04,28.56999969482422,29.81999969482422,28.309999465942383,29.739999771118164,16778,
2026-06-05,28.90999984741211,29.600000381469727,28.75,28.75,6723,
2026-06-08,29.39999961853028,29.64999961853028,28.15999984741211,28.89999961853028,29667,
2026-06-09,29.299999237060547,30.0,29.0,29.0,25650,
2026-06-10,28.1299991607666,29.850000381469727,27.559999465942383,29.850000381469727,47763,
2026-06-11,27.0,28.549999237060547,26.799999237060547,27.89999961853028,26645,
2026-06-12,27.770000457763672,28.239999771118164,27.200000762939453,27.489999771118164,7380,
2026-06-15,29.420000076293945,29.739999771118164,28.26000022888184,28.700000762939453,32588,
2026-06-16,28.96999931335449,29.100000381469727,28.530000686645508,28.559999465942383,4773,
2026-06-17,28.549999237060547,29.25,28.100000381469727,29.25,11892,
2026-06-18,29.209999084472656,29.790000915527344,28.100000381469727,28.89999961853028,19936,
2026-06-19,29.440000534057617,29.89999961853028,28.799999237060547,29.209999084472656,29972,
2026-06-22,29.61000061035156,29.88999938964844,28.709999084472656,29.440000534057617,12764,
2026-06-23,31.34000015258789,32.88999938964844,29.01000022888184,29.979999542236328,227566,
2026-06-24,31.739999771118164,32.779998779296875,31.06999969482422,32.45000076293945,87527,
2026-06-25,31.100000381469727,33.04999923706055,30.5,31.020000457763672,61372,
2026-06-26,31.100000381469727,31.100000381469727,31.100000381469727,31.100000381469727,0,
2026-06-29,29.90999984741211,32.20000076293945,29.200000762939453,32.20000076293945,35819,
2026-06-30,29.1299991607666,31.0,28.950000762939453,30.40999984741211,26444,
2026-07-01,29.059999465942383,30.100000381469727,28.21999931335449,28.809999465942383,15106,
2026-07-02,29.26000022888184,30.5,28.81999969482422,30.100000381469727,21059,
2026-07-03,29.030000686645508,29.959999084472656,29.01000022888184,29.309999465942383,16864,
2026-07-06,29.36000061035156,29.81999969482422,29.030000686645508,29.030000686645508,11459,
2026-07-07,28.90999984741211,29.81999969482422,28.39999961853028,29.81999969482422,12877,
2026-07-08,27.540000915527344,29.0,27.31999969482422,28.89999961853028,34939,
2026-07-09,27.84000015258789,28.690000534057617,27.36000061035156,28.5,6363,
2026-07-10,28.09000015258789,28.600000381469727,28.0,28.200000762939453,13748,
2026-07-13,29.479999542236328,30.0,28.0,28.09000015258789,16777,29.479999542236328
2026-07-14,29.020000457763672,29.5,28.8799991607666,29.5,5370,29.020000457763672
2026-07-15,28.549999237060547,29.25,28.21999931335449,29.25,10972,28.549999237060547
2026-07-16,27.559999465942383,29.420000076293945,27.0,28.5,55321,27.559999465942383
2026-07-17,27.540000915527344,27.940000534057617,27.11000061035156,27.5,16894,27.540000915527344
2026-07-20,27.540000915527344,27.96999931335449,27.049999237060547,27.96999931335449,13741,27.540000915527344
2026-07-21,27.40999984741211,28.450000762939453,27.309999465942383,28.450000762939453,6256,27.40999984741211
2026-07-23,27.479999542236328,27.799999237060547,26.950000762939453,27.11000061035156,6485,27.479999542236328
2026-07-24,27.63999938964844,27.989999771118164,26.6200008392334,26.950000762939453,12102,27.63999938964844
2026-07-27,27.420000076293945,28.5,27.0,27.63999938964844,2036,27.420000076293945
2026-07-28,27.13999938964844,28.5,27.13999938964844,28.5,8758,27.13999938964844
2026-07-29,26.940000534057617,27.709999084472656,26.920000076293945,27.709999084472656,8896,26.940000534057617
2026-07-30,26.6299991607666,27.989999771118164,26.51000022888184,27.989999771118164,9115,26.6299991607666
2026-07-31,26.850000381469727,28.0,26.709999084472656,28.0,10350,26.850000381469727
2026-08-03,27.5,27.76000022888184,26.850000381469727,26.850000381469727,13877,27.5
2026-08-04,27.32999992370605,27.729999542236328,26.950000762939453,26.950000762939453,23662,27.32999992370605
2026-08-05,27.1299991607666,28.299999237060547,26.40999984741211,27.32999992370605,13632,27.1299991607666
2026-08-06,27.290000915527344,27.75,26.799999237060547,27.260000228881836,9298,27.290000915527344
2026-08-07,27.239999771118164,27.790000915527344,27.0,27.149999618530273,10809,27.239999771118164
2026-08-10,26.790000915527344,27.84000015258789,26.520000457763672,27.25,19457,26.790000915527344
2026-08-11,26.1200008392334,26.989999771118164,25.90999984741211,26.989999771118164,26912,26.1200008392334
2026-08-12,26.18000030517578,26.889999389648438,26.0,26.459999084472656,10627,26.18000030517578
2026-08-13,24.899999618530273,26.18000030517578,24.5,26.18000030517578,77544,24.899999618530273
2026-08-14,,25.899999618530273,24.559999465942383,24.899999618530273,31806,
