Date,Close,High,Low,Open,Volume,Adj Close
2002-07-01,25.76761817932129,27.60816117765988,25.48445647168604,27.60816117765988,30933,
2002-07-02,27.006446838378903,27.431186713774924,25.803013590849822,27.07723591746815,11196,
2002-07-03,26.22775650024414,27.39579534334606,25.661435700727985,26.68789366884322,27942,
2002-07-04,26.015384674072266,26.40473002706754,25.48445845623405,26.050779215175403,15176,
2002-07-05,26.192358016967773,26.510914262665576,25.944593548330687,26.192358016967773,5150,
2002-07-08,27.18342399597168,27.50197757292185,26.510916899374926,26.510916899374926,12975,
2002-07-09,26.79407501220703,27.89132467435284,26.54631052745625,27.608162948554497,19847,
2002-07-10,26.121570587158203,27.00644760297752,26.015384265087743,26.90026128090706,17028,
2002-07-11,25.2012996673584,26.47552489920732,24.45800341573366,26.19236313647852,25324,
2002-07-12,25.05971908569336,25.626039856466505,24.56418739860544,25.484458988665608,6900,
2002-07-15,25.05971908569336,25.484458988665608,24.42260653080454,25.484458988665608,7681,
2002-07-16,25.13050842285156,25.69682919933677,24.776557599994497,25.13050842285156,9104,
2002-07-17,24.210235595703125,25.09511260796983,23.856284790796444,24.847345424276952,12429,
2002-07-18,25.095109939575195,25.30747985985158,24.528789252028165,24.7765537089456,14354,
2002-07-19,24.210235595703125,24.95353174592109,24.068654733654384,24.95353174592109,8707,
2002-07-22,21.59100151062012,24.24563284389308,21.272445210541232,24.24563284389308,14478,
2002-07-23,22.0157413482666,22.2989017351782,21.237049271598284,21.59100009279159,11950,
2002-07-24,21.59100151062012,22.0865332329172,21.59100151062012,21.94495235505651,2855,
2002-07-25,21.449419021606445,22.44048239175781,21.06007366205785,22.298901524531843,11459,
2002-07-26,20.281381607055664,21.095468218641365,20.17519663166887,20.88309826786778,16379,
2002-07-29,19.39650535583496,20.352172873868355,18.900975000339503,20.352172873868355,8610,
2002-07-30,19.04255104064941,20.17519376783397,18.79478523310669,19.467292232120503,6035,
2002-07-31,19.148738861083984,19.78585141855942,17.909910988549875,19.4672951398217,4668,
2002-08-01,19.78584861755371,19.92742811567133,19.21952657443813,19.21952657443813,7045,
2002-08-02,19.53808784484864,19.82124826429549,19.18413698298621,19.467297402433072,8598,
2002-08-05,19.644271850585938,19.99822269474064,19.467296428508583,19.82124727266329,2000,
2002-08-06,19.60887718200684,19.71506216453735,19.29032088419998,19.46729630515594,1740,
2002-08-07,19.998220443725582,20.52914665019617,19.60887509906655,20.069010874631363,9039,
2002-08-08,19.60887718200684,20.45835839246628,19.50269084926101,20.45835839246628,3522,
2002-08-09,19.502689361572266,19.9628265011302,19.3257139541162,19.9628265011302,1520,
2002-08-12,19.750457763671875,20.03361818228421,19.50269189105532,19.821248205878803,572,
2002-08-13,19.96282386779785,19.96282386779785,19.96282386779785,19.96282386779785,500,
2002-08-14,19.998220443725582,20.17519584588245,19.8920354724745,19.8920354724745,2700,
2002-08-15,19.998220443725582,19.998220443725582,19.998220443725582,19.998220443725582,0,
2002-08-16,19.927431106567383,20.17519695322904,19.8920365642794,19.927431106567383,2100,
2002-08-19,20.17519760131836,20.17519760131836,19.53808636816189,19.57348091158686,350,
2002-08-20,20.104406356811523,20.104406356811523,19.821245970138307,20.03361592258941,225,
2002-08-21,20.17519760131836,23.11299061291063,19.821246766207512,23.11299061291063,900,
2002-08-22,19.998220443725582,20.52914665019617,19.856639581914028,20.52914665019617,595,
2002-08-23,20.281381607055664,20.387566582442457,19.85664035529328,19.998221222619144,700,
2002-08-26,20.316774368286133,20.316774368286133,20.316774368286133,20.316774368286133,100,
2002-08-27,20.17519760131836,20.17519760131836,20.17519760131836,20.17519760131836,100,
2002-08-28,19.856639862060547,20.104405698618784,19.32571364809941,19.82124532121588,4300,
2002-08-29,19.89203834533692,20.13980421418258,19.396506607645588,19.396506607645588,1179,
2002-08-30,19.927431106567383,19.927431106567383,19.67966525990573,19.67966525990573,100,
2002-09-02,20.139801025390625,20.17519556524359,19.89203519577443,20.17519556524359,3000,
2002-09-03,19.89203834533692,19.927432890794,19.82124790420739,19.85664244966447,1375,
2002-09-04,19.82124328613281,19.82124328613281,19.644267899649485,19.785848748922167,773,
2002-09-05,19.715059280395508,19.715059280395508,19.715059280395508,19.715059280395508,150,
2002-09-06,19.715059280395508,19.99821964245809,19.715059280395508,19.99821964245809,1200,
2002-09-09,20.03361320495605,20.17519405419432,18.759390962671905,18.759390962671905,1300,
2002-09-10,20.03361320495605,20.03361320495605,20.03361320495605,20.03361320495605,0,
2002-09-11,20.75726318359375,20.947696790782683,20.566829576404817,20.566829576404817,6300,
2002-09-12,20.56683158874512,20.60491773275216,20.41448410693044,20.41448410693044,260,
2002-09-13,20.83343505859375,21.709429282940835,20.300220424873096,20.300220424873096,2900,
2002-09-16,20.60491752624512,21.51899950218552,20.56683138261979,21.51899950218552,3600,
2002-09-17,20.37639617919922,20.947697006653403,20.37639617919922,20.947697006653403,1100,
2002-09-18,19.95744514465332,20.49065844064433,19.42423039576901,20.26213866420437,3800,
2002-09-19,20.52874565124512,23.7661173227803,18.662495518261643,23.7661173227803,4,
2002-09-20,20.10978507995605,22.547335402996183,19.95743909282409,22.547335402996183,2700,
2002-09-23,20.49065589904785,20.90961070774636,19.995528809579746,20.90961070774636,700,
2002-09-24,20.33831024169922,20.33831024169922,19.576575797484164,19.61466193853765,1599,
2002-09-25,19.843181610107425,20.1478765488713,19.843181610107425,20.1478765488713,100,
2002-09-26,19.843181610107425,19.843181610107425,19.843181610107425,19.843181610107425,0,
2002-09-27,19.805095672607425,20.33831036802719,19.728921937134142,19.881269408080698,489,
2002-09-30,19.76701164245605,19.88127153142247,19.76701164245605,19.88127153142247,53,
2002-10-01,19.42422676086425,20.109787414786744,18.73866610694177,18.73866610694177,1200,
2002-10-02,19.42422676086425,19.42422676086425,19.42422676086425,19.42422676086425,0,
2002-10-03,19.576574325561523,19.576574325561523,19.233793270280497,19.53848673447861,2400,
2002-10-04,20.18596076965332,20.18596076965332,19.728919857875024,19.728919857875024,1800,
2002-10-07,19.843181610107425,20.45257003474203,19.081447168984017,19.11953476277608,800,
2002-10-08,20.18596076965332,20.18596076965332,19.843179722596343,19.881267312765456,1157,
2002-10-09,19.805095672607425,20.18596289708064,19.805095672607425,20.18596289708064,378,
2002-10-10,19.538488388061523,19.538488388061523,19.538488388061523,19.538488388061523,100,
2002-10-11,19.614665985107425,19.614665985107425,19.57657983619664,19.57657983619664,325,
2002-10-14,19.614665985107425,19.614665985107425,19.614665985107425,19.614665985107425,0,
2002-10-15,19.614665985107425,19.614665985107425,19.614665985107425,19.614665985107425,0,
2002-10-16,19.65274429321289,21.328560328773683,19.61465815949723,21.328560328773683,321,
2002-10-17,20.41448402404785,20.566831505244,19.995530630098333,20.490657764645924,385,
2002-10-18,20.909608840942383,20.909608840942383,20.033613161369225,20.033613161369225,700,
2002-10-21,20.18596076965332,20.18596076965332,20.18596076965332,20.18596076965332,350,
2002-10-22,20.71917724609375,21.328564213905214,20.185962559588862,20.185962559588862,750,
2002-10-23,20.22404670715332,20.566827750824256,19.80509338968261,20.185960570253435,700,
2002-10-24,19.995529174804688,20.52874386729007,19.80509556361607,20.52874386729007,300,
2002-10-25,20.68108940124512,20.90961060106744,19.88126883409979,20.1859623143031,1000,
2002-10-28,19.843181610107425,20.490656175640943,19.80509546920851,19.80509546920851,200,
2002-10-29,20.56683158874512,20.56683158874512,20.18596433710169,20.56683158874512,2200,
2002-10-30,21.02387237548828,21.02387237548828,20.947698635326628,20.947698635326628,100,
2002-10-31,20.33831024169922,20.90961107486051,20.33831024169922,20.90961107486051,377,
2002-11-01,20.52874565124512,21.328566306584733,20.376398167897914,21.328566306584733,300,
2002-11-04,19.881267547607425,20.490654468581365,19.881267547607425,20.490654468581365,800,
2002-11-05,19.500402450561523,20.185963173419783,19.42422871404545,20.185963173419783,1800,
2002-11-06,19.500402450561523,19.500402450561523,19.500402450561523,19.500402450561523,0,
2002-11-07,19.805095672607425,19.957443143553974,19.309968571370867,19.348054712660925,1400,
2002-11-08,19.271881103515625,19.95744327437584,19.00527520695129,19.95744327437584,2700,
2002-11-11,18.891014099121094,19.614662420047097,18.47206072567542,18.47206072567542,1400,
2002-11-12,18.586320877075195,19.005275709557413,18.28162737802017,18.47206099654121,3200,
2002-11-13,18.662494659423828,18.662494659423828,18.54823477861824,18.54823477861824,487,
2002-11-14,18.47206115722656,19.34805551946485,18.20545379839929,18.66249477740416,2800,
2002-11-15,18.281625747680664,18.662492950757343,17.938844683754418,18.51014548836944,2500,
2002-11-18,18.24353790283203,18.3197101740111,18.12927659027754,18.3197101740111,994,
2002-11-19,18.24353790283203,18.24353790283203,18.24353790283203,18.24353790283203,0,
2002-11-20,18.0531063079834,20.033614634687822,17.82458511059151,20.033614634687822,2600,
2002-11-21,18.281625747680664,18.662492950757343,17.938844683754418,17.938844683754418,2100,
2002-11-22,18.281625747680664,19.88126829118133,18.091192146142323,19.88126829118133,4900,
2002-11-25,18.319711685180664,19.728920611631423,17.9388444862963,19.728920611631423,2700,
2002-11-26,18.51014709472656,18.81484204594456,18.281627334206263,18.281627334206263,2400,
2002-11-27,18.662494659423828,19.652748896929847,18.35780115964453,19.652748896929847,1200,
2002-11-28,18.51014709472656,19.19570928207386,18.472060952270912,19.19570928207386,1100,
2002-11-29,19.65274429321289,19.80509173386128,19.00527130268941,19.80509173386128,2652,
2002-12-02,20.147878646850582,20.300224679203023,19.80509753149433,19.80509753149433,2500,
2002-12-03,19.65274429321289,20.41447859066909,19.61465815949723,20.41447859066909,1900,
2002-12-04,19.386144638061523,19.500404528564808,19.233797148794924,19.424230783931502,1200,
2002-12-05,19.42422676086425,19.42422676086425,19.11953329833127,19.11953329833127,1000,
2002-12-06,19.805095672607425,19.805095672607425,19.46231458942426,19.46231458942426,1100,
2002-12-09,20.22404670715332,20.681087614416903,19.881267116375376,19.881267116375376,3800,
2002-12-10,19.995529174804688,20.490656273316457,19.500402076292914,20.185962785993304,1800,
2002-12-11,19.614665985107425,20.18596693612997,19.42423233476657,19.80509963544827,2000,
2002-12-12,19.195707321166992,20.37639505139926,19.195707321166992,19.42422705834322,1280,
2002-12-13,19.043363571166992,19.424230842590333,18.852929935455325,19.348057097727,800,
2002-12-16,19.576574325561523,19.6146604637514,19.11953340281784,19.30996699955329,1800,
2002-12-17,19.30996894836425,19.30996894836425,18.662494363540343,19.04336159544933,2700,
2002-12-18,18.700584411621094,19.309972981696205,18.662498261632305,19.309972981696205,6200,
2002-12-19,18.891014099121094,18.891014099121094,18.662494341404035,18.662494341404035,245,
2002-12-20,18.586320877075195,20.490657062285628,18.510147139088136,18.54823473452827,1600,
2002-12-23,18.92910385131836,18.967189997647417,18.85293010576689,18.92910385131836,500,
2002-12-24,18.92910385131836,19.04336374319888,18.662496468334904,18.89101625209595,2000,
2002-12-25,18.92910385131836,18.92910385131836,18.92910385131836,18.92910385131836,0,
2002-12-26,18.662494659423828,19.04336189737125,18.662494659423828,18.92910201656567,1800,
2002-12-27,18.700584411621094,18.92910567023432,18.51015075589015,18.852931917363247,671,
2002-12-30,18.35780143737793,18.35780143737793,18.281627698057378,18.281627698057378,200,
2002-12-31,19.157623291015625,19.195710889554,18.852929767175294,18.852929767175294,1378,
2003-01-01,19.42422676086425,19.72892022339725,19.42422676086425,19.72892022339725,800,
2003-01-02,19.081443786621094,19.65274451619529,18.96718393128484,19.65274451619529,652,
2003-01-03,19.043363571166992,19.348057097727,18.92910368031865,19.309970951742,700,
2003-01-06,18.662494659423828,19.19570937370751,18.472061040450114,19.19570937370751,2300,
2003-01-07,18.73866844177246,19.005275799542886,18.73866844177246,19.005275799542886,1000,
2003-01-08,18.586320877075195,18.73866835304932,18.54823473452827,18.73866835304932,800,
2003-01-09,18.73866844177246,19.04336194227014,18.73866844177246,19.04336194227014,1300,
2003-01-10,18.662494659423828,19.23379551634497,18.472061040450114,19.23379551634497,1700,
2003-01-13,18.586320877075195,18.624408472515327,18.586320877075195,18.624408472515327,250,
2003-01-14,18.852928161621094,19.42422901500355,18.66249454382694,18.66249454382694,1600,
2003-01-15,18.92910385131836,18.92910385131836,18.662496468334904,18.662496468334904,400,
2003-01-16,18.852928161621094,19.04336177941525,18.7767544239248,19.04336177941525,1600,
2003-01-17,18.700584411621094,18.700584411621094,18.51015075589015,18.51015075589015,400,
2003-01-20,18.47206115722656,18.77675465893207,18.35780127569865,18.395887418576883,1500,
2003-01-21,18.12928009033203,18.662494808886063,18.12928009033203,18.28162756788839,6100,
2003-01-22,17.938844680786133,18.58631921648797,17.938844680786133,18.167365874330173,1700,
2003-01-23,17.824586868286133,17.976934348237148,17.291373594244074,17.634153244793985,3000,
2003-01-24,17.7484130859375,18.09119418856229,17.7484130859375,17.900760565524795,1300,
2003-01-27,17.17711067199707,17.48180560376884,16.758157320150552,16.758157320150552,1500,
2003-01-28,16.986679077148438,17.824587332935,16.94859293261448,17.824587332935,700,
2003-01-29,17.024763107299805,17.0628492438534,16.605808340745373,16.834329518745875,1800,
2003-01-30,17.443716049194336,17.443716049194336,16.75815543558971,16.986675155826937,4900,
2003-01-31,17.024763107299805,17.139022969853563,16.758155792745708,16.948589381299637,2000,
2003-02-03,17.17711067199707,17.29137199785804,16.758157320150552,16.758157320150552,1900,
2003-02-04,17.024763107299805,17.481804010407828,16.834329518745875,17.481804010407828,48,
2003-02-05,17.215200424194336,17.367546456295667,16.986679196702397,17.139026681697022,750,
2003-02-06,17.2913761138916,17.2913761138916,17.21520236281628,17.21520236281628,900,
2003-02-07,17.024763107299805,17.139022969853563,16.758155792745708,17.139022969853563,2200,
2003-02-10,16.643901824951172,16.758161727972283,16.5677280719726,16.720075577929745,1600,
2003-02-11,16.605810165405273,16.75815763414567,16.605810165405273,16.681983899775474,751,
2003-02-12,16.681983947753906,16.758157682343185,16.49155033772728,16.529637931468493,1190,
2003-02-13,16.681983947753906,16.681983947753906,16.681983947753906,16.681983947753906,0,
2003-02-14,16.491548538208008,16.68198212745497,16.110681359714093,16.110681359714093,1900,
2003-02-17,17.062850952148438,17.062850952148438,16.758157470535508,16.758157470535508,850,
2003-02-18,16.834335327148438,17.29137638795075,16.834335327148438,17.062855131102854,1700,
2003-02-19,17.10093879699707,17.139024937924088,16.75815771708133,17.139024937924088,495,
2003-02-20,17.25328826904297,17.25328826904297,17.25328826904297,17.25328826904297,15,
2003-02-21,16.75815773010254,17.062851216434865,16.491550384726825,17.062851216434865,2500,
2003-02-24,17.40563201904297,17.40563201904297,17.36754442580061,17.36754442580061,100,
2003-02-25,16.834335327148438,17.215202635668117,16.758161574865806,17.215202635668117,350,
2003-02-26,17.10093879699707,17.10093879699707,16.796243858008346,16.83433145182851,1300,
2003-02-27,17.139026641845703,17.29137412648609,16.948593012491862,17.139026641845703,1000,
2003-02-28,16.75815773010254,17.51989217237993,16.75815773010254,17.481806031423318,2500,
2003-03-03,17.139026641845703,17.215200384165897,16.948593012491862,16.948593012491862,2900,
2003-03-04,16.948589324951172,17.17710904929894,16.9105031885242,17.17710904929894,1900,
2003-03-05,16.75815773010254,16.834331464908907,16.52963797857658,16.834331464908907,1265,
2003-03-06,16.415374755859375,16.415374755859375,16.37728861929727,16.37728861929727,350,
2003-03-07,16.034513473510742,16.33920848959597,16.034513473510742,16.33920848959597,352,
2003-03-10,15.767903327941896,17.481805800418485,15.53938212654247,17.139024724765914,11200,
2003-03-11,15.95833683013916,15.996422970339864,15.425122149970584,15.425122149970584,3300,
2003-03-12,15.729817390441896,15.996424760359885,15.729817390441896,15.729817390441896,550,
2003-03-13,16.07259750366211,16.07259750366211,15.95833762447949,15.996423766575967,700,
2003-03-14,16.07259750366211,16.07259750366211,16.07259750366211,16.07259750366211,0,
2003-03-17,15.882164001464844,15.882164001464844,15.882164001464844,15.882164001464844,300,
2003-03-18,15.882164001464844,15.882164001464844,15.882164001464844,15.882164001464844,0,
2003-03-19,16.14876937866211,16.37728911067714,15.805988327746542,15.882162056049223,538,
2003-03-20,16.301118850708008,16.37729259521792,15.996425325561688,15.996425325561688,780,
2003-03-21,16.224945068359375,16.263032666972173,15.61555801948791,15.996425288255908,1691,
2003-03-24,15.805986404418944,16.2630272657277,15.615552833281368,16.2630272657277,600,
2003-03-25,15.95833683013916,15.996422970339864,15.729815630255576,15.996422970339864,1000,
2003-03-26,15.691727638244627,15.996421082572176,15.42512032962317,15.615553913939504,1800,
2003-03-27,15.805986404418944,15.844072537489325,15.463205395214167,15.463205395214167,200,
2003-03-28,15.691727638244627,16.110680942583386,15.234686745306831,15.234686745306831,252,
2003-03-31,14.929994583129885,15.501295385140772,14.130172588578796,14.58721352076612,5600,
2003-04-01,15.31086254119873,15.463208557528716,15.234688806587169,15.234688806587169,1000,
2003-04-02,15.920246124267578,15.920246124267578,15.615552703557222,15.615552703557222,2000,
2003-04-03,16.643901824951172,16.643901824951172,15.50129988895306,15.996427103973543,1400,
2003-04-04,16.415374755859375,16.415374755859375,15.42512067631487,15.42512067631487,1500,
2003-04-07,17.2913761138916,17.481809765133168,16.33920785768377,16.3772940067747,2600,
2003-04-08,16.37729263305664,17.139027174129044,16.37729263305664,17.139027174129044,566,
2003-04-09,16.948589324951172,17.024763050698084,16.643895874856486,16.948589324951172,426,
2003-04-10,16.720073699951172,16.720073699951172,16.072599051697118,16.072599051697118,580,
2003-04-11,16.79624366760254,16.948591135369856,16.45346404446577,16.45346404446577,862,
2003-04-14,16.79624366760254,16.79624366760254,16.79624366760254,16.79624366760254,0,
2003-04-15,16.263031005859375,16.339204742411223,15.996423654374498,16.186857269307527,1100,
2003-04-16,15.920246124267578,16.072593561069173,15.920246124267578,16.072593561069173,300,
2003-04-17,16.034513473510742,16.49155454474507,16.034513473510742,16.07260107696815,554,
2003-04-18,16.034513473510742,16.034513473510742,16.034513473510742,16.034513473510742,0,
2003-04-21,15.996423721313477,15.996423721313477,15.996423721313477,15.996423721313477,100,
2003-04-22,16.07259750366211,16.186857382844728,15.95833762447949,16.186857382844728,4100,
2003-04-23,16.07259750366211,16.720072089554538,15.996423766575967,16.720072089554538,900,
2003-04-24,16.224945068359375,17.900761632095897,15.767905508152442,15.920251543923644,400,
2003-04-25,16.034513473510742,16.07260107696815,15.996427322946849,16.07260107696815,473,
2003-04-28,16.339204788208008,16.339204788208008,15.920249962445157,15.958337557274424,1200,
2003-04-29,16.263031005859375,16.453464620792406,15.234689194642378,15.234689194642378,300,
2003-04-30,16.186859130859375,16.377292767693014,16.186859130859375,16.224945277068763,2500,
2003-05-01,16.186859130859375,16.186859130859375,16.186859130859375,16.186859130859375,0,
2003-05-02,16.186859130859375,16.49155265921453,16.11068538554725,16.45346651300514,5100,
2003-05-05,16.263031005859375,16.37729088424056,16.186857269307527,16.224943411136863,3100,
2003-05-06,16.605810165405273,16.681983899775474,16.18685680570889,16.18685680570889,3400,
2003-05-07,16.263031005859375,16.339204742411223,16.263031005859375,16.339204742411223,950,
2003-05-08,16.263031005859375,16.263031005859375,16.263031005859375,16.263031005859375,0,
2003-05-09,16.681983947753906,16.834331416932464,16.263030586852583,16.834331416932464,2500,
2003-05-12,16.834335327148438,16.948595229125644,16.567727920605968,16.758161574865806,2400,
2003-05-13,16.948589324951172,17.024763050698084,16.643895874856486,16.643895874856486,3100,
2003-05-14,18.662494659423828,18.662494659423828,17.367545469245297,17.367545469245297,12400,
2003-05-15,20.52874565124512,20.52874565124512,19.805097284685825,20.52874565124512,8700,
2003-05-16,20.98578453063965,22.47116736108928,20.7953509089355,22.09030011768099,23700,
2003-05-19,20.033615112304688,21.32856423638534,20.033615112304688,21.32856423638534,5200,
2003-05-20,19.34805679321289,19.80509780230632,19.04336327144838,19.424230536877342,4900,
2003-05-21,19.043363571166992,19.11953731603033,18.66249629974365,19.043363571166992,4200,
2003-05-22,19.42422676086425,19.614660356559007,19.15761943631301,19.15761943631301,2100,
2003-05-23,19.95744514465332,19.99553128976221,19.42423039576901,19.99553128976221,3400,
2003-05-26,20.94769287109375,20.94769287109375,19.88126516096209,20.642999447183684,3000,
2003-05-27,20.262136459350582,20.94769716696349,20.18596272452845,20.94769716696349,2600,
2003-05-28,19.843181610107425,21.138130741174464,19.80509546920851,21.138130741174464,1400,
2003-05-29,19.614665985107425,20.109793185414937,19.614665985107425,20.109793185414937,1500,
2003-05-30,19.843181610107425,20.18596268977021,19.80509546920851,19.80509546920851,3200,
2003-06-02,19.805095672607425,19.805095672607425,19.57657591908076,19.805095672607425,453,
2003-06-03,19.386144638061523,19.69083816370139,19.348057039298208,19.69083816370139,2100,
2003-06-04,20.18596076965332,20.18596076965332,19.50040012843237,19.50040012843237,2700,
2003-06-05,20.18596076965332,20.90960900104338,20.033613314762885,20.71917540887684,2700,
2003-06-06,20.49065589904785,20.56682963271059,20.033614949964548,20.109788683627286,2000,
2003-06-09,20.262136459350582,20.6810898215326,20.071702848741825,20.224048865492943,2500,
2003-06-10,20.33831024169922,20.75726360486024,20.185962771698943,20.185962771698943,5900,
2003-06-11,20.10978507995605,20.566825947137687,19.99552522638386,20.18595879996847,4000,
2003-06-12,20.45256996154785,22.09029871352356,19.91935527351244,22.09029871352356,1900,
2003-06-13,20.52874565124512,20.947699051110007,20.26213828183415,20.68109168169904,4200,
2003-06-16,20.68108940124512,20.94769674125793,20.414482061232302,20.90961060106744,4000,
2003-06-17,20.68108940124512,21.290477814544857,20.68108940124512,21.290477814544857,7900,
2003-06-18,20.871524810791016,21.63325930354173,20.75726492745705,21.63325930354173,4300,
2003-06-19,20.94769287109375,21.13812644264915,20.871519151893025,20.94769287109375,4800,
2003-06-20,21.10004425048828,21.557083745271207,20.75726317650797,21.557083745271207,5300,
2003-06-23,21.06195831298828,21.51899929659189,20.98578457357214,21.252391935082013,2800,
2003-06-24,20.94769287109375,20.98577900424769,20.642999447183684,20.642999447183684,500,
2003-06-25,20.64300346374512,21.709431381374355,20.604915870287527,21.709431381374355,4100,
2003-06-26,20.52874565124512,20.795351567762804,20.41448431228808,20.60491794002544,1100,
2003-06-27,20.75726318359375,22.014124700462087,20.45256970267008,22.014124700462087,3600,
2003-06-30,20.795352935791016,21.138134069425533,20.452573255049867,20.68109304221063,8500,
2003-07-01,22.05221176147461,22.09029790083606,20.60491521945019,21.3285634904624,33400,
2003-07-02,24.108896255493164,25.137238104909,21.82369279141053,25.137238104909,34400,
2003-07-03,23.918460845947266,24.37550179518562,22.9282066666751,23.994634579635846,17200,
2003-07-04,23.23290252685547,23.76611726436684,22.85203527231685,23.72802966717701,8700,
2003-07-07,22.96629524230957,23.613769867977947,22.852035356107688,23.613769867977947,5000,
2003-07-08,23.30907440185547,23.499508013875705,23.00438091320172,23.00438091320172,7800,
2003-07-09,22.547340393066406,23.042467503386995,22.5092527981844,23.042467503386995,5700,
2003-07-10,22.661598205566406,22.77585807400746,22.090297410468096,22.090297410468096,2200,
2003-07-11,21.937950134277344,22.775858264681585,21.937950134277344,22.775858264681585,5100,
2003-07-14,21.976037979125977,23.11863959204872,21.709430645532056,22.09029784983964,6100,
2003-07-15,22.09029769897461,22.81394596337411,21.785604228188056,21.86177795910796,1800,
2003-07-16,21.78560447692871,21.937950487614888,21.023870064818567,21.023870064818567,2400,
2003-07-17,21.63326072692871,22.28073537894685,21.40474094522505,21.861781961525708,6300,
2003-07-18,21.44282531738281,21.709432675911245,20.79535071892612,20.79535071892612,1700,
2003-07-21,21.02387237548828,21.404739623403312,20.98578477896083,21.32856588324165,3000,
2003-07-22,21.02387237548828,21.32856588324165,20.947698635326628,21.32856588324165,2400,
2003-07-23,21.328563690185547,21.328563690185547,20.985782621150324,20.985782621150324,1500,
2003-07-24,21.366649627685547,21.633256961868263,21.252389756719552,21.252389756719552,3100,
2003-07-25,21.328563690185547,21.67134475922077,21.328563690185547,21.328563690185547,1100,
2003-07-28,21.404741287231445,21.709434818669184,21.328567541148672,21.709434818669184,4100,
2003-07-29,21.48091125488281,21.518997394778275,21.29047764961929,21.32856378951476,2200,
2003-07-30,22.166475296020508,22.85203608808437,21.70943428368016,22.85203608808437,4100,
2003-07-31,23.00438117980957,23.804201778406767,22.242646722900552,22.242646722900552,12200,
2003-08-01,22.73777198791504,26.66070383272278,22.4711646590092,26.66070383272278,8900,
2003-08-04,22.775859832763672,22.852033568570874,22.737773691306653,22.852033568570874,4300,
2003-08-05,22.47116470336914,24.375500695180083,22.47116470336914,22.852031901731326,4000,
2003-08-06,22.09029769897461,22.77585837146762,21.976037829041285,22.471164900681067,5700,
2003-08-07,22.661598205566406,22.852031803932512,22.2426448703182,22.852031803932512,2500,
2003-08-08,22.73777198791504,23.156725324129177,22.28073106020404,22.85203185661953,5300,
2003-08-11,22.928205490112305,25.137234936365843,22.28073096632427,25.137234936365843,4200,
2003-08-12,22.623517990112305,23.46142487998108,22.47117049037611,23.46142487998108,4400,
2003-08-13,22.928205490112305,23.38524641589757,22.699684300773143,23.38524641589757,5600,
2003-08-14,23.04246711730957,25.137236855246805,22.661599892230075,25.137236855246805,7600,
2003-08-15,23.04246711730957,23.04246711730957,23.04246711730957,23.04246711730957,0,
2003-08-18,23.3471622467041,23.61376961356494,23.0424687358174,23.57568346953908,11600,
2003-08-19,22.58542251586914,23.88037145355113,22.471162657342592,23.88037145355113,22500,
2003-08-20,22.852033615112305,23.232900842030844,22.471166388193765,23.232900842030844,10900,
2003-08-21,22.509254455566406,23.57568394449401,22.47116831077326,22.85203557027789,10000,
2003-08-22,22.928205490112305,23.880373480126163,22.471164564327044,23.880373480126163,21300,
2003-08-25,24.14698600769043,25.898974905429807,23.613771237303645,23.651857383948403,73400,
2003-08-26,25.09915351867676,25.44193464071068,24.451677420215645,25.13723966428349,57200,
2003-08-27,26.50836181640625,28.18417841120267,25.89897475624029,25.89897475624029,51000,
2003-08-28,26.54644203186035,27.384351594947265,26.05131642737751,26.660703351395043,29200,
2003-08-29,26.31792449951172,26.50835811080455,24.41358838658343,25.13723669065344,14400,
2003-09-01,25.59427833557129,26.508360327367384,25.518106046999343,25.89897330143217,13000,
2003-09-02,25.898971557617188,26.12749131373301,25.59427661227185,25.898971557617188,6900,
2003-09-03,25.937057495117188,26.356010862328525,25.51810412790585,25.51810412790585,24000,
2003-09-04,25.00639915466309,25.896594913527046,24.39944771137729,25.087326322479328,21900,
2003-09-05,25.046859741210938,25.208712508929903,24.68268831261832,25.0873225472514,11100,
2003-09-08,24.96593475341797,25.28964186052119,24.72315326542262,25.12778753519096,9700,
2003-09-09,24.15666389465332,24.76361524103377,23.8329568186285,24.76361524103377,11700,
2003-09-10,24.278057098388672,24.318519909463067,23.873422813415527,23.873422813415527,7100,
2003-09-11,23.9543514251709,25.856132988060743,23.50925275869684,25.856132988060743,3300,
2003-09-12,23.99481773376465,24.439916465071622,23.873427731974605,23.873427731974605,950,
2003-09-15,23.10461807250977,23.873423865254463,22.94276527752382,23.468789562453544,7300,
2003-09-16,23.06415557861328,23.266472732811643,22.49766692943491,22.49766692943491,2600,
2003-09-17,23.468786239624023,24.23759192351733,22.902297678486104,23.22600630974043,5400,
2003-09-18,22.578598022460938,23.34740395940421,22.457208017564017,22.942769580709363,2200,
2003-09-19,21.56700897216797,22.902301920996862,21.486081799363127,22.17396045286814,5900,
2003-09-22,21.85025405883789,22.33581556885689,21.52654690001105,21.809791242818594,2400,
2003-09-23,22.09303092956543,22.45720239666397,21.647933841829232,21.72886100602416,1700,
2003-09-24,22.05257034301757,22.578594647992748,21.850253183907324,21.850253183907324,1600,
2003-09-25,22.012109756469727,22.45720693413771,21.93118257592348,22.052572574964056,1900,
2003-09-26,22.65951919555664,23.064153466905868,22.093030598244827,22.093030598244827,3600,
2003-09-29,21.688396453857425,22.57859216474829,21.44561650704957,22.09303072757534,13600,
2003-09-30,21.52654457092285,22.98322739981498,21.40515459244139,22.98322739981498,9700,
2003-10-01,21.607471466064453,23.46878856219492,21.526544300241973,23.46878856219492,6200,
2003-10-02,21.607471466064453,21.607471466064453,21.607471466064453,21.607471466064453,0,
2003-10-03,21.971641540527344,22.25488585097853,21.76932439642754,21.76932439642754,1800,
2003-10-06,22.05257034301757,23.34740047003468,21.890715998306405,23.34740047003468,6500,
2003-10-07,22.49766731262207,22.659521656160468,22.1334973549968,22.25488734087189,6700,
2003-10-08,22.65951919555664,26.7058619090489,22.578592032575347,26.7058619090489,5200,
2003-10-09,23.468786239624023,24.19712757283196,22.902297678486104,23.630640555251187,4300,
2003-10-10,22.25488471984864,28.08161879119553,21.93117761445319,28.08161879119553,9200,
2003-10-13,22.25488471984864,25.89659312855113,22.09303039537229,25.89659312855113,7900,
2003-10-14,21.971641540527344,24.27805729197658,21.85025156277892,24.27805729197658,17500,
2003-10-15,21.931177139282227,24.278055531997182,21.526542880415608,21.526542880415608,4300,
2003-10-16,22.09303092956543,24.27805664504213,22.0525681192466,24.27805664504213,4600,
2003-10-17,22.25488471984864,23.26647038893266,21.850250452215025,23.26647038893266,20000,
2003-10-20,21.890714645385746,22.578593252558846,21.64793468688104,22.578593252558846,2700,
2003-10-21,21.931177139282227,22.254884237664083,21.526542880415608,22.254884237664083,6100,
2003-10-22,21.4860782623291,22.578591056451657,21.44561545436638,22.578591056451657,4200,
2003-10-23,21.243303298950195,22.57859634045841,20.838668950398763,22.57859634045841,9200,
2003-10-24,21.4860782623291,23.549713883128856,20.879126881545147,23.549713883128856,6309,
2003-10-27,21.52654457092285,22.254885985368915,21.36469023724269,21.52654457092285,2900,
2003-10-28,21.85025405883789,24.23759724935614,21.52654690001105,24.23759724935614,8200,
2003-10-29,21.931177139282227,21.97163994774601,21.44561571993084,21.526542880415608,2800,
2003-10-30,21.80978775024414,21.85025055978381,21.56700626233442,21.85025055978381,739,
2003-10-31,22.05257034301757,22.416741846839003,21.162374534220977,21.850253183907324,1300,
2003-11-03,23.18554306030273,23.87342161905474,22.41673888345056,22.41673888345056,9500,
2003-11-04,23.306934356689453,23.792495810694923,22.942764423853333,22.942764423853333,14700,
2003-11-05,23.02369499206543,23.18554780494421,22.98323063117758,23.06415780939574,3600,
2003-11-06,23.06415557861328,23.468789887010004,22.942765594805746,23.468789887010004,5100,
2003-11-07,23.468786239624023,24.19712757283196,23.30693192399686,23.873420485134783,26400,
2003-11-10,24.358985900878903,24.80408302683442,24.19713155859105,24.19713155859105,15100,
2003-11-11,26.220304489135746,26.584472897975715,24.68269287826666,24.68269287826666,30800,
2003-11-12,27.63652229309082,27.91976505152131,26.30122794708529,26.70586222319429,37400,
2003-11-13,27.596057891845703,29.457378132545987,27.15096078141877,27.919766565127848,29400,
2003-11-14,26.6653995513916,28.32439947462532,26.50354522268512,28.32439947462532,19286,
2003-11-17,28.48625564575196,29.13366991533648,28.324401306577133,29.13366991533648,22500,
2003-11-18,29.74061584472656,30.83312702866677,28.76949307727184,29.538298730136585,35600,
2003-11-19,29.295522689819336,31.31869410365887,29.17413117014313,31.31869410365887,18900,
2003-11-20,28.809961318969727,30.752207220365,28.405327013438608,29.94293860930276,23300,
2003-11-21,27.71744728088379,29.133667214943543,25.087324546201383,25.087324546201383,9400,
2003-11-24,31.80426025390625,33.26094334051356,28.28394253734565,28.324405356145675,71200,
2003-11-25,31.278226852416992,32.93722655882395,30.428492509544565,32.8562978614906,31900,
2003-11-26,31.278226852416992,31.278226852416992,31.278226852416992,31.278226852416992,0,
2003-11-27,31.39962387084961,31.80425820703869,30.752209550370083,30.752209550370083,16300,
2003-11-28,30.91405868530273,31.88518154569568,30.752204360718164,31.642398515261583,9300,
2003-12-01,32.81584548950195,33.018162666486695,30.833136537628462,31.399625250608764,21700,
2003-12-02,35.04133224487305,35.52689529153872,34.07020923865664,34.39391793643375,77100,
2003-12-03,39.61369705200195,41.51547695344336,35.203182735529886,35.203182735529886,172200,
2003-12-04,39.37091445922852,42.729376941619456,38.521180049442414,40.42296291049418,71800,
2003-12-05,40.7871322631836,42.76983755181419,38.84488669365515,38.84488669365515,83600,
2003-12-08,42.1224250793457,42.76983926609987,40.94898512935195,41.11083944781908,31200,
2003-12-09,47.544525146484375,48.47518517143153,42.68891406769448,42.89123119597739,91300,
2003-12-10,47.26128387451172,52.11689510461439,43.70050107092398,43.70050107092398,83100,
2003-12-11,48.353790283203125,50.70067004225447,47.34220471242482,48.55610739735879,53700,
2003-12-12,45.35950469970703,50.09372789194394,44.59069890741747,50.09372789194394,30300,
2003-12-15,44.06467056274414,46.12830462595616,43.01262212729433,46.12830462595616,21700,
2003-12-16,44.4288444519043,44.50977007173437,42.20335594831758,42.284281568147655,37400,
2003-12-17,42.891239166259766,45.23811952529732,42.527067650255326,44.83348519354016,13600,
2003-12-18,44.79302215576172,45.31904805553813,42.81031627302405,44.34792497978214,18400,
2003-12-19,45.64275360107422,46.93758222058933,44.99533620420172,45.92599639686973,22900,
2003-12-22,45.64275360107422,47.22082501638484,45.31904490263797,45.8046048631774,14900,
2003-12-23,44.95487594604492,46.81619335015162,44.9144131282173,46.81619335015162,10700,
2003-12-24,44.67162704467773,45.319041303012106,43.86235844998109,44.71208985698963,9400,
2003-12-25,44.67162704467773,44.67162704467773,44.67162704467773,44.67162704467773,0,
2003-12-26,45.2785758972168,45.72367298138257,43.78142723051344,45.23811308722255,20800,
2003-12-29,49.81048583984375,49.81048583984375,48.5561200233307,48.5561200233307,10500,
2003-12-30,54.62563705444336,54.82795422871907,51.18624509175618,52.683390946550446,162200,
2003-12-31,51.83366012573242,56.04185468666358,51.30763426205855,55.03026886199456,83700,
2004-01-01,52.11690139770508,53.24987872304796,51.71226707967046,53.24987872304796,23300,
2004-01-02,51.793190002441406,54.949338753061056,50.33650715104568,52.96662699374247,36400,
2004-01-05,47.3826789855957,52.11690245490409,46.73526468103039,50.9839251065786,43100,
2004-01-06,45.39996337890625,48.51564907721673,44.67162355287943,45.80459764462597,27400,
2004-01-07,43.37679290771485,45.35950146635554,42.52706155033012,43.86235588844505,24400,
2004-01-08,44.38838195800781,44.91440778857577,43.29587057096944,43.29587057096944,28300,
2004-01-09,44.02421951293945,46.69480566606252,43.700510790754464,46.69480566606252,22100,
2004-01-12,40.74666595458984,44.02420570565586,40.342031722321366,42.89122862045844,20900,
2004-01-13,40.09925842285156,41.35362413262187,38.48072122647318,41.27269850764883,20800,
2004-01-14,40.2611198425293,41.79873168442677,39.97787701818173,41.59641449928843,23000,
2004-01-15,40.09925842285156,44.064675788824495,39.33045263714889,44.064675788824495,17200,
2004-01-16,38.19748306274414,40.34204325454503,38.03562870614604,38.60211741068186,20000,
2004-01-19,37.22636032104492,40.42297231386202,36.65987161177991,38.035629023676336,13200,
2004-01-20,37.67145156860352,40.26111162738594,37.22635446954278,38.03562304496762,7800,
2004-01-21,34.070213317871094,36.53848548793834,33.90836203671908,36.21477675140369,14800,
2004-01-22,31.88517951965332,34.39391058640415,31.19729945565668,34.39391058640415,18800,
2004-01-23,32.49212646484375,33.82741743024659,30.83312382774304,30.83312382774304,23400,
2004-01-26,32.49212646484375,32.49212646484375,32.49212646484375,32.49212646484375,0,
2004-01-27,35.44596099853516,35.769669645398814,32.168424069276995,32.168424069276995,17900,
2004-01-28,34.63669204711914,36.82171766908089,34.272520595606444,35.60781488878152,14300,
2004-01-29,33.42279052734375,35.526890611486394,32.77537630419006,34.87947330121818,20600,
2004-01-30,32.208885192871094,34.717619356996735,31.64239663406116,32.815836558642964,22500,
2004-02-02,32.208885192871094,32.208885192871094,32.208885192871094,32.208885192871094,0,
2004-02-03,29.335987091064453,32.370744376346984,29.133669938712288,32.370744376346984,16300,
2004-02-04,29.376449584960938,29.70015826005348,27.83884109605816,28.32440102158225,11300,
2004-02-05,29.49784278869629,30.14525708861264,28.76949977184358,29.49784278869629,19900,
2004-02-06,28.24347305297852,29.659692986552507,28.081618728861454,29.659692986552507,5900,
2004-02-09,28.72903633117676,29.4573793321652,28.20301048745013,28.40532764471193,13600,
2004-02-10,28.809961318969727,30.752207220365,28.648110066449085,29.133669998240524,8800,
2004-02-11,28.648107528686523,29.457376068060555,28.526716012934624,29.133667417465148,6000,
2004-02-12,27.838836669921875,28.971810678383186,27.7174451642837,28.364859324420767,9200,
2004-02-13,29.45737838745117,29.821546789151487,27.515132505180755,27.75791246868588,20500,
2004-02-16,30.185714721679688,31.52100899431415,29.94293478677734,29.94293478677734,38600,
2004-02-17,29.25505828857422,31.116375270696988,29.13366677549721,31.116375270696988,16900,
2004-02-18,29.45737838745117,29.90247550172968,29.17413252409959,29.416912487604712,5400,
2004-02-19,28.60764503479004,29.74062235952256,27.11049929371444,27.11049929371444,7200,
2004-02-20,27.919761657714844,28.68856730629214,27.596053041330457,28.36485868990776,9700,
2004-02-23,27.51513290405273,28.122084365171546,27.43420727741613,27.717450057759,5500,
2004-02-24,27.75791358947754,28.12208509299687,27.11049929828475,27.19142492701578,3800,
2004-02-25,26.78679275512696,28.00069580603208,26.705867119912654,28.00069580603208,5500,
2004-02-26,26.70586395263672,27.51513255726208,26.70586395263672,27.51513255726208,4800,
2004-02-27,25.81566619873047,26.422619149202493,25.208714791815687,26.422619149202493,4600,
2004-03-01,25.49196052551269,26.62493778371468,25.2087162109622,25.73474048452321,8700,
2004-03-02,25.49196052551269,25.49196052551269,25.49196052551269,25.49196052551269,0,
2004-03-03,26.220304489135746,26.94864439393048,25.49196149722622,25.53242431075124,11100,
2004-03-04,25.572885513305664,26.098909742030497,25.289641222897767,25.69427548246413,8800,
2004-03-05,25.937055587768555,26.017984292471503,25.208714224571345,25.330104194511343,7800,
2004-03-08,26.017986297607425,26.50354621478821,25.775204795459693,26.26076625619781,8000,
2004-03-09,25.53242301940918,26.301228785960173,24.68269162990109,25.8965944969454,7400,
2004-03-10,26.05845069885254,26.05845069885254,25.24918206278329,25.33010769154428,13300,
2004-03-11,24.885009765625,25.491961223323173,24.763619782796845,24.763619782796845,3600,
2004-03-12,25.249181747436523,25.69427887429265,24.804083077022995,24.804083077022995,3200,
2004-03-15,24.278057098388672,25.491959953308104,24.278057098388672,24.885008525848388,7400,
2004-03-16,23.34740257263184,24.03528128426648,23.06415821565786,23.590182568005208,8200,
2004-03-17,23.428327560424805,23.994814677817164,22.699984555330104,22.699984555330104,3800,
2004-03-18,23.54971694946289,23.95435125600501,23.46878977944299,23.46878977944299,6300,
2004-03-19,23.509252548217773,24.07574119372845,23.145082599152943,23.832961227685235,2900,
2004-03-22,22.49766731262207,23.46879028673763,22.49766731262207,23.46879028673763,5500,
2004-03-23,22.05257034301757,22.619059005949257,21.80979036950825,22.457204661238084,7000,
2004-03-24,22.335813522338867,22.57859348332492,21.85025205680941,21.85025205680941,8800,
2004-03-25,22.902299880981445,23.26647135438606,22.133495666710026,23.26647135438606,1900,
2004-03-26,23.590177536010746,24.358983263295936,23.18554326766216,23.34739759242449,18400,
2004-03-29,23.590177536010746,24.80408034105648,21.850250490823296,24.80408034105648,8900,
2004-03-30,25.977516174316406,25.977516174316406,23.185540930307067,23.185540930307067,10100,
2004-03-31,25.45149803161621,25.89659514321732,25.08732654499178,25.694277993660933,6400,
2004-04-01,27.02956771850586,27.83883617610048,25.937053448484622,26.30122487182504,9200,
2004-04-02,27.39374351501465,27.515135051558705,26.78679200652438,26.827257910115744,7700,
2004-04-05,28.24347305297852,28.688570128964592,26.705861604538114,28.688570128964592,7700,
2004-04-06,27.879297256469727,28.16253996425596,27.51512585566315,28.0816143583496,9900,
2004-04-07,26.908184051513672,27.596061205954456,26.5844753393562,27.596061205954456,2900,
2004-04-08,27.555593490600582,29.57876486417059,26.42261937367009,27.353276353243583,18500,
2004-04-09,27.555593490600582,27.555593490600582,27.555593490600582,27.555593490600582,0,
2004-04-12,27.75791358947754,29.45737957686281,27.272353642861663,29.45737957686281,3100,
2004-04-13,27.555593490600582,29.53830205412209,26.8677164584326,29.53830205412209,3000,
2004-04-14,27.555593490600582,27.555593490600582,27.555593490600582,27.555593490600582,0,
2004-04-15,27.23189163208008,27.717451593024307,26.827257302254907,27.51513442811172,10100,
2004-04-16,27.596057891845703,27.919766565127848,27.110497969037187,27.43420664231933,6744,
2004-04-19,28.769502639770508,30.590357276301745,28.32440545715258,28.32440545715258,8300,
2004-04-20,28.60764503479004,29.133670882797603,27.919767929347703,28.324402247164336,1900,
2004-04-21,28.85042381286621,28.931349429571704,27.59605514413033,27.59605514413033,900,
2004-04-22,29.01227760314941,30.023863336691782,28.567180497813705,28.93135197931189,13600,
2004-04-23,28.56717872619629,29.214592938090544,28.48625310737744,28.72903305094848,10700,
2004-04-27,26.4226188659668,27.27235020911594,26.341690160310304,27.19142150345945,6800,
2004-04-28,26.179834365844727,27.47466579960031,25.89659162974016,26.42261738206497,5000,
2004-04-29,26.78679275512696,27.15096428782151,26.301232769610944,26.705867119912654,4900,
2004-04-30,26.908184051513672,27.312818398152974,26.382158166036547,26.908184051513672,2900,
2004-05-03,25.896595001220703,26.301229298114777,25.896595001220703,26.301229298114777,1600,
2004-05-04,27.15095901489257,27.19142182464153,26.3012276617065,26.3012276617065,1800,
2004-05-05,27.110504150390625,27.434212897480258,26.74633258169364,26.74633258169364,675,
2004-05-06,27.63652229309082,27.87930224133332,26.989104981624784,27.070033689115306,2400,
2004-05-07,27.23189163208008,27.79837722414337,26.70586576846138,27.51513442811172,7900,
2004-05-10,26.6653995513916,26.90817950089405,25.81566664101848,25.89659380537172,6300,
2004-05-11,25.37057113647461,26.26076691282689,25.16825398473806,25.65381545761725,6900,
2004-05-12,26.05845069885254,26.05845069885254,25.12779053252697,25.4919620361811,4300,
2004-05-13,25.45149803161621,27.11049804055563,23.67110649809708,23.873423647653464,6800,
2004-05-14,23.428327560424805,27.43420791421596,23.10461887213497,27.43420791421596,20100,
2004-05-17,22.21442222595215,23.468787856005395,21.850250762487786,22.33581219925452,8100,
2004-05-18,23.87342071533203,24.035275032519863,20.272175278138743,20.67680952755115,10200,
2004-05-19,24.075740814208984,24.885009413005925,22.86183791601357,23.266472215412044,12100,
2004-05-20,24.480371475219727,25.41102991680591,24.19712719902642,25.08732283410947,4600,
2004-05-21,24.480371475219727,24.925468520982687,23.14507879437371,24.4399086687166,11400,
2004-05-24,25.249181747436523,25.734741688167784,25.087327404821167,25.087327404821167,2700,
2004-05-25,25.00639915466309,25.653814953635667,24.56130204700977,25.653814953635667,1400,
2004-05-26,24.925472259521484,25.81566802812383,24.64222948440209,25.61335087814863,5000,
2004-05-27,24.76361656188965,25.04686084735312,23.873420897671807,24.31851795800214,3300,
2004-05-28,24.075740814208984,24.52083792612436,23.63064370229361,24.358985132499384,11200,
2004-05-31,23.306934356689453,23.671105833082883,22.25488582597536,22.49766578119944,2900,
2004-06-01,23.99481773376465,24.80408647044176,23.22601336005597,23.873427731974605,1600,
2004-06-02,23.468786239624023,23.873420485134783,23.387859081810443,23.630640555251187,2800,
2004-06-03,23.26647186279297,24.075740449324897,23.064154716159987,23.59017898869428,8100,
2004-06-04,23.26647186279297,23.46878900942595,23.145081883524647,23.46878900942595,666,
2004-06-07,23.18554306030273,23.54971451598239,23.104615898645346,23.468787354325,2200,
2004-06-08,22.902299880981445,23.38786133100183,22.821374258942463,23.38786133100183,2200,
2004-06-09,23.428327560424805,23.50925318893984,23.10461887213497,23.46879037468232,5400,
2004-06-10,23.671104431152344,23.75203159261986,23.34739732883948,23.54971446072967,5600,
2004-06-11,23.38786125183105,24.03527703085242,23.2664712756262,24.03527703085242,4200,
2004-06-14,22.902299880981445,23.30693416540555,22.78090990436567,23.14508137777029,2200,
2004-06-15,23.792495727539062,24.197130013869856,23.18554429804288,23.18554429804288,1100,
2004-06-16,23.590177536010746,24.156666129121646,23.590177536010746,24.156666129121646,2400,
2004-06-17,24.11620140075684,24.27805572299972,23.46878719889973,23.46878719889973,4200,
2004-06-18,23.792495727539062,24.07574003668208,23.023691509644944,23.792495727539062,5300,
2004-06-21,23.38786125183105,23.873422700207755,23.064154134099017,23.873422700207755,4100,
2004-06-22,23.38786125183105,23.468788417153384,23.2664712756262,23.30693408650872,3100,
2004-06-23,23.06415557861328,23.468789887010004,23.06415557861328,23.468789887010004,4300,
2004-06-24,23.14508056640625,23.26647053876663,22.821373458926164,22.86183626852721,2000,
2004-06-25,23.26647186279297,23.38786184206129,23.10461752806365,23.18554469542831,2900,
2004-06-28,23.428327560424805,23.549717546754778,23.266473216279888,23.266473216279888,3600,
2004-06-29,23.428327560424805,23.79249751941473,23.306936030537404,23.306936030537404,3500,
2004-06-30,24.075740814208984,24.68269226330669,23.59017934621935,23.87342366450975,6400,
2004-07-01,23.26647186279297,24.27805759595788,23.145081883524647,23.671106156058933,14400,
2004-07-02,22.82137680053711,22.98322960619776,22.457205286575064,22.82137680053711,14600,
2004-07-05,22.578598022460938,22.65952520691144,22.457208017564017,22.65952520691144,4900,
2004-07-06,22.45720291137696,22.45720291137696,22.33581293408097,22.45720291137696,1200,
2004-07-07,22.861841201782227,22.902304020114563,22.53813402445081,22.659524023005392,3900,
2004-07-08,22.45720291137696,23.46878862810564,22.133495790735232,23.22600867351368,7600,
2004-07-09,22.49766731262207,22.78091164203556,22.214424526765995,22.74044882792967,6400,
2004-07-12,22.21442222595215,22.578592145859258,21.89071357240282,22.578592145859258,7200,
2004-07-13,22.65951919555664,22.98322630392457,22.21442211449539,22.578592032575347,2000,
2004-07-14,22.41674041748047,22.86183752171933,22.37627606210409,22.659520375509423,6300,
2004-07-15,23.26647186279297,24.035277637421235,22.659520422894023,22.82137475762334,13100,
2004-07-16,23.306934356689453,23.752032999343346,23.064154401465373,23.468788689210378,19400,
2004-07-19,23.63064193725586,24.07573901592571,23.06415334298765,23.63064193725586,18900,
2004-07-20,23.671104431152344,24.075738694932724,23.18554300590444,23.87342156304253,10700,
2004-07-21,25.37057113647461,26.058449761090348,23.54971677084568,23.59017958377004,43400,
2004-07-22,26.30122756958008,27.43420476126932,25.49195902897761,25.49195902897761,52700,
2004-07-23,26.26076889038086,26.86772039129668,25.89659737240837,26.86772039129668,11800,
2004-07-26,26.46307945251465,26.989102103084345,26.1798336371794,26.1798336371794,9400,
2004-07-27,25.00639915466309,26.260766396921458,24.520837691322985,26.139374873418426,8246,
2004-07-28,24.39944839477539,25.37057134865553,24.31852122469248,24.56130273494121,5100,
2004-07-29,24.39944839477539,25.81566846877546,24.1162040712639,25.81566846877546,8500,
2004-07-30,24.19712829589844,24.682689713732483,24.035275518991888,24.27805545613031,5500,
2004-08-02,23.87342071533203,25.411030554387747,22.65951796709481,22.65951796709481,11300,
2004-08-03,23.671104431152344,23.95434872451005,23.46878729926215,23.671104431152344,16700,
2004-08-04,23.83296203613281,23.87342485066011,23.4687905311574,23.87342485066011,7900,
2004-08-05,24.19712829589844,25.41103106870496,23.8329583901908,23.95434835876001,25500,
2004-08-06,24.075740814208984,24.68269226330669,23.832960851992844,24.27805796390822,26800,
2004-08-09,24.5613021850586,24.763619333957664,23.83296075773341,23.83296075773341,15000,
2004-08-10,25.45149803161621,25.815667974683294,24.27805794676624,24.27805794676624,47800,
2004-08-11,25.046859741210938,26.220299639069733,24.84454262389439,25.613346743562992,30100,
2004-08-12,24.64222717285156,25.08732424362197,24.56130001174133,24.84454430384851,21153,
2004-08-13,24.60176658630371,25.330108060668326,24.561303771333574,24.682693759801435,15100,
2004-08-16,25.08732795715332,25.249182303332123,24.56130364740837,24.68269363526375,8000,
2004-08-17,25.572885513305664,26.58446961866437,24.723152642081978,24.723152642081978,27900,
2004-08-18,25.65381622314453,26.139376166955785,25.08732756395484,25.08732756395484,16000,
2004-08-19,27.919761657714844,28.243470274099227,24.56129788296201,26.098907636559527,128700,
2004-08-20,27.110504150390625,28.729041711607977,26.54401538654147,28.28394449969629,52300,
2004-08-23,26.382158279418945,27.51513568972421,26.30123264458932,27.51513568972421,12300,
2004-08-24,26.4226188659668,27.19142150345945,26.30122735103929,26.90817875144789,14900,
2004-08-25,26.6653995513916,26.867716690496067,26.62493674099362,26.62493674099362,13700,
2004-08-26,26.867719650268555,27.353279602763184,26.42262251262933,26.42262251262933,26300,
2004-08-27,28.40532684326172,28.76949833348092,26.70586400505844,26.70586400505844,88000,
2004-08-30,30.518817901611328,31.237406992051223,29.081646170596137,29.58888287272711,54600,
2004-08-31,30.983793258666992,31.491030036394186,29.88477486537009,30.43428406201854,66200,
2004-09-01,31.23740577697754,32.25188236671064,31.068325807866657,31.702373273333325,58200,
2004-09-02,29.88477325439453,31.195140771929577,29.84250406268464,31.195140771929577,26100,
2004-09-03,29.842498779296875,30.265197071425533,29.03937137926601,29.673418817459005,14100,
2004-09-06,30.856977462768555,31.1528649977811,29.58888249854519,29.58888249854519,20100,
2004-09-07,32.42095947265625,32.67458104161868,30.68789702602888,30.77243862399376,41400,
2004-09-08,33.64678192138672,34.95714592408572,32.125068781964266,32.97046532885806,95600,
2004-09-09,33.012733459472656,34.66125731838206,32.251878526467245,33.73132243639819,40200,
2004-09-10,32.463233947753906,34.15402731534667,32.336423155211484,34.15402731534667,16146,
2004-09-13,31.321941375732425,32.8013853308271,31.15286142159237,32.8013853308271,16300,
2004-09-14,30.476551055908203,32.082806110976925,30.222932685353285,32.082806110976925,7600,
2004-09-15,29.800228118896484,30.64562466127653,29.6311481654341,29.6311481654341,25300,
2004-09-16,31.871458053588867,32.04053804822316,30.011584562477,30.4765521290218,21200,
2004-09-17,31.49102210998535,32.674578593353566,31.364211335005912,32.082800351669455,14600,
2004-09-20,32.67458724975586,33.0550132256156,31.279681255160696,31.491030452830703,41800,
2004-09-21,32.759117126464844,33.18181541196761,32.4632296165857,32.71684794290096,20000,
2004-09-22,32.759117126464844,33.393164554719,32.37868802452595,32.63230635084122,18000,
2004-09-23,32.08280944824219,32.632315437448895,31.95599863730755,31.95599863730755,8300,
2004-09-24,31.66011047363281,31.99826725513396,29.92704769675757,29.92704769675757,6300,
2004-09-27,33.09728240966797,33.773599131112015,31.913725728441506,33.773599131112015,21700,
2004-09-28,32.67458724975586,34.5767300287859,32.33642724351072,34.5767300287859,10000,
2004-09-29,33.815860748291016,34.15402064574664,30.43427467346192,30.43427467346192,22300,
2004-09-30,33.05500411987305,34.745797235466185,32.80138579752046,34.745797235466185,25500,
2004-10-01,33.731327056884766,34.576723692646965,33.308628739003666,34.576723692646965,10800,
2004-10-04,34.196292877197266,35.506656953099025,33.81586376485622,33.81586376485622,45700,
2004-10-05,34.15402603149414,34.618993545117505,33.81586608071408,34.40764438211304,25300,
2004-10-06,37.155181884765625,37.577880192385415,34.44991207101256,35.718006993871924,183700,
2004-10-07,38.16966247558594,40.87492934844086,37.40880415201268,40.87492934844086,81800,
2004-10-08,38.00058364868164,39.18413713541671,37.53561609228813,39.18413713541671,39807,
2004-10-11,36.14070510864258,37.95830911168167,36.01389432706045,37.620149177417424,31800,
2004-10-12,34.28083419799805,36.605675031985896,33.900405052904475,36.39432586525973,22200,
2004-10-14,33.94267272949219,35.88708414704366,30.899243218386843,35.88708414704366,45900,
2004-10-15,33.35090255737305,35.50666363295902,33.266360947096864,35.50666363295902,10954,
2004-10-18,33.22408676147461,35.464389110661784,33.18181757515512,35.464389110661784,9100,
2004-10-19,33.562252044677734,33.98495042502649,33.26636124347398,33.39317204755169,6600,
2004-10-20,33.604515075683594,34.66126083278056,33.3931659242642,33.773595041805535,10800,
2004-10-21,34.111751556396484,34.19629315144588,33.39316573560318,34.19629315144588,15000,
2004-10-22,34.111751556396484,34.111751556396484,34.111751556396484,34.111751556396484,0,
2004-10-25,32.54776763916016,33.7735932991279,32.294149315529715,33.64678252484671,6800,
2004-10-26,33.22408676147461,33.60451588821442,32.88593004598649,33.30862835904579,4600,
2004-10-27,36.85929489135742,38.84597907462256,33.30863132539543,33.3931697055631,97500,
2004-10-28,37.78923034667969,39.22640527562315,37.23972124225264,39.14186367690162,49600,
2004-10-29,36.14070510864258,38.21192744991379,35.92935595596046,38.04284748278166,23801,
2004-11-01,36.43659973144531,38.80371328262056,36.35206134387453,38.04285489475241,23200,
2004-11-02,39.09959030151367,39.64909934707527,36.09843320443792,37.958306252955765,140100,
2004-11-03,38.59236145019531,39.90272571754932,38.1273906755478,39.64910734724411,63700,
2004-11-04,37.95830535888672,40.15633503949699,37.62014545805507,40.15633503949699,30600,
2004-11-05,42.269832611083984,44.29878586638893,37.746961811670914,38.84597681457264,228300,
2004-11-08,46.07411956787109,50.38564139342367,44.806024533893,46.49681791253046,403300,
2004-11-09,44.12970733642578,46.79270494319112,43.70700899646946,46.539086584203815,85400,
2004-11-10,45.27099609375,46.49682204725509,44.1297117516541,44.721490131787526,95500,
2004-11-11,44.21424102783203,46.32773250358817,43.7492735481521,45.31325595023881,50800,
2004-11-12,44.29878616333008,45.56688115016282,43.53792788125751,44.46786291496193,17200,
2004-11-15,44.29878616333008,44.29878616333008,44.29878616333008,44.29878616333008,0,
2004-11-16,44.045166015625,45.18645347577749,43.53792929440107,44.848293511673255,43600,
2004-11-17,44.3833236694336,46.03184776499901,44.04516372293168,44.29878529527424,42100,
2004-11-18,44.89056015014648,46.45454586409304,44.38332345774515,44.42559264462322,28800,
2004-11-19,44.045166015625,45.6514210077215,42.35437264496865,44.08743842983735,32042,
2004-11-22,43.36885070800781,44.38332740803512,41.55124971101922,44.38332740803512,22100,
2004-11-23,44.59467697143555,46.03185204014605,43.36885108268446,43.87609104954658,42600,
2004-11-24,45.56687545776367,45.98957373390273,44.46785735985657,44.46785735985657,36200,
2004-11-25,45.862770080566406,47.342214276713705,45.65142090968822,45.65142090968822,110200,
2004-11-26,45.862770080566406,45.862770080566406,45.862770080566406,45.862770080566406,0,
2004-11-29,46.70816040039063,48.145335211542886,46.07411297414098,46.07411297414098,53700,
2004-11-30,44.00289535522461,48.18760945268071,43.7492770030917,47.17313281921676,84300,
2004-12-01,43.53792953491211,44.383326224910405,41.12855025838995,43.96062787991126,36400,
2004-12-02,42.52345275878906,44.80602446123468,42.31210358680211,43.96062777328685,42500,
2004-12-03,41.424434661865234,42.69252960049376,40.57903803611288,42.69252960049376,20700,
2004-12-06,42.31209945678711,43.83381270157476,41.97394274957436,42.26983027150203,28800,
2004-12-07,42.2275619506836,43.45338769863822,41.84713282546565,42.69252944820233,32600,
2004-12-08,41.76259231567383,43.284305513729166,41.55124317080692,43.11522555284923,30500,
2004-12-09,42.90388107299805,43.707008555804194,41.59351687733138,43.707008555804194,33600,
2004-12-10,44.72148513793945,46.91951519021061,42.77707021677763,43.74927767735854,124400,
2004-12-13,50.59698867797852,52.245512805630064,45.228721191067706,45.31325956687248,409319,
2004-12-14,56.68385314941406,58.37464660413347,51.99189873262165,52.20324791446158,792800,
2004-12-15,58.3746452331543,62.55935635535718,57.064277756575805,58.33237281783305,541300,
2004-12-16,56.26114654541016,59.85408211044734,55.79617583351848,59.05095146716755,108000,
2004-12-17,55.2889404296875,58.67052692141316,54.95078049054206,55.79617711347348,81700,
2004-12-20,54.78171157836914,56.51477103324576,54.10539160338077,55.79618509098641,53900,
2004-12-21,55.204402923583984,57.44469884961341,54.781704605485686,55.66936720357344,53900,
2004-12-22,53.555885314941406,56.13434810238552,53.25999772864429,56.13434810238552,42900,
2004-12-23,56.345680236816406,58.50143752690497,53.25998160016732,53.25998160016732,118800,
2004-12-24,55.75391006469727,59.177769296816194,55.03532415606607,58.332372592575965,39600,
2004-12-27,54.823978424072266,57.064281121018674,53.55588328804963,57.064281121018674,30800,
2004-12-28,54.316741943359375,55.79618627644699,53.68269437203612,55.373487895564814,32438,
2004-12-29,54.5280876159668,57.48697609125181,53.25999255513036,54.95078596957894,94100,
2004-12-30,52.9640998840332,56.04979885745893,52.49912916000552,54.9507806642286,31500,
2004-12-31,57.23335266113281,58.163294169107175,53.51360920376217,54.105387524801166,238200,
2005-01-03,56.30341720581055,59.17776718776044,55.96525724619325,58.33237051364957,63000,
2005-01-04,54.02084732055664,56.55703727504414,53.4290690195231,56.30341569964955,37600,
2005-01-05,49.32889938354492,54.10539234113371,48.65258262426729,53.34453397136344,60700,
2005-01-06,52.16096878051758,52.79501620517963,46.91950942499159,50.72379397296388,166800,
2005-01-07,50.51244354248047,54.02084049272592,49.66704699783645,53.25998231257355,45200,
2005-01-10,52.24551010131836,55.288939846742,50.85060762314815,52.41459006910837,232700,
2005-01-11,49.70932769775391,53.04864546780548,48.69485096414002,52.921834666754,40300,
2005-01-12,45.017372131347656,51.14649791448889,44.76375377841104,50.68153039661637,36200,
2005-01-13,46.41227722167969,48.525768839699126,45.65141894921978,48.525768839699126,32700,
2005-01-14,46.0318489074707,49.24435557924163,45.735958140704696,49.24435557924163,15000,
2005-01-17,43.7492790222168,46.11638912625846,42.77707153175011,46.11638912625846,18800,
2005-01-18,44.55240249633789,45.27098833299972,43.41111512495877,44.806020837222526,25400,
2005-01-19,43.36885070800781,45.22872412056912,43.11523233923412,45.22872412056912,8000,
2005-01-20,42.3543701171875,43.96062501341997,42.269831743673045,42.31210093043028,19500,
2005-01-24,42.48118209838867,43.83381546229478,42.05848376905147,42.26983293372007,13972,
2005-01-25,44.171974182128906,46.496814928556745,40.66357685663764,41.42443511816874,31500,
2005-01-27,46.28546524047852,47.2999418359412,45.31325783129924,45.651417771430864,40000,
2005-01-28,46.750431060791016,47.76490761982685,46.28546357850478,47.088590988780325,25000,
2005-01-31,44.55240249633789,49.03300393507371,44.12970418655277,47.84944737770251,52500,
2005-02-01,43.91835784912109,44.76375452292542,43.19976874142799,44.383325374726994,45500,
2005-02-02,43.19976425170898,45.14417897932328,42.69252759011607,44.38332076200185,67600,
2005-02-03,43.91835784912109,44.975103691376496,43.24204115506411,44.17197620627592,36200,
2005-02-04,42.73479843139648,44.80602079225113,42.18529256418667,44.80602079225113,89900,
2005-02-07,46.4968147277832,47.04632382817535,43.45338814466483,43.87608646037194,142600,
2005-02-08,47.34221267700195,48.82165682315826,45.77823015532392,48.01852935597266,90900,
2005-02-09,47.00405883789063,48.61031398115402,46.58136045544581,48.18761559870921,45400,
2005-02-10,47.13086700439453,47.80718373346211,46.49681946621882,47.764914542570246,33000,
2005-02-11,46.750431060791016,50.21655903541912,46.53908191203072,50.21655903541912,18600,
2005-02-14,46.83497619628906,47.76491123117079,46.49681624273262,46.49681624273262,18200,
2005-02-15,45.31326675415039,48.10307874726097,44.51014238182208,46.49682355273869,49900,
2005-02-16,44.3410530090332,46.49681372778976,44.04516225944253,46.32773376015682,22600,
2005-02-17,43.62247085571289,44.0451692292176,42.946154103091885,43.96063084448972,17900,
2005-02-18,44.97510147094727,46.07411644764783,43.70700652284687,43.70700652284687,26600,
2005-02-21,43.49565887451172,45.6514197161198,43.28430970915931,45.6514197161198,15100,
2005-02-22,43.70701599121094,44.3833327983903,43.41112517092858,43.96063439078658,9000,
2005-02-23,43.53792953491211,44.510137018383126,43.28431117289911,43.96062787991126,13700,
2005-02-24,45.90503692626953,47.17313188680146,43.79154532538298,44.38332361861766,114600,
2005-02-25,46.07411956787109,49.878404669805406,45.735959602170624,47.173134618998965,114700,
2005-02-28,48.18760299682617,49.45569781253212,46.031842455112425,46.07411163731625,124000,
2005-03-01,47.38447189331055,48.61029743001017,46.877235297057005,48.39894831074926,36200,
2005-03-02,47.63810348510742,48.187612638501946,47.34221592554577,47.9762634602629,22800,
2005-03-03,49.751590728759766,51.10422728105084,47.68037155091635,48.06079745709511,186600,
2005-03-04,48.65258026123047,51.06196283185842,48.35669270120911,51.06196283185842,56900,
2005-03-07,49.32889938354492,51.56920207514307,48.52577504592737,49.58252099009014,77300,
2005-03-08,50.89288330078125,53.17545509478181,49.49797741974408,50.385643332707474,200000,
2005-03-09,48.52577209472656,52.24551565699556,48.187612123187336,51.52692974864033,76900,
2005-03-10,48.52577209472656,49.79386715059992,48.187612123187336,49.28662719329108,31064,
2005-03-11,47.34221267700195,49.45570431436811,47.00405272505044,47.55356184073857,40800,
2005-03-14,46.6658935546875,48.44122514714893,46.32773362044145,47.976257656259705,24900,
2005-03-15,47.21540069580078,47.76490979760453,46.15865490381838,46.62362563223642,27800,
2005-03-16,46.79270553588867,48.18761136538598,46.58135636323347,47.34221467476517,23000,
2005-03-17,45.82049179077149,48.568030466487386,45.65141184266415,48.568030466487386,30317,
2005-03-18,44.3833236694336,47.13086275373186,43.960625348772325,47.13086275373186,24400,
2005-03-21,44.25651550292969,45.22872298797121,44.04516633008871,44.80602464228923,12200,
2005-03-22,42.52345275878906,44.80602446123468,42.26983439739121,44.76375527182377,19700,
2005-03-23,42.48118209838867,43.96062625106888,42.26983293372007,43.03069121649996,25600,
2005-03-24,40.91719436645508,43.11522410951649,40.57903445601552,42.777064199076925,19600,
2005-03-28,42.3543701171875,43.833814228216056,40.874926006158944,40.9171984178484,65300,
2005-03-29,39.2686767578125,42.52345271292844,38.2119308990174,41.847136008286064,21300,
2005-03-30,39.94499969482422,40.40996730025358,38.88825367115162,40.36769810429326,14900,
2005-03-31,42.39664077758789,43.87608482750466,41.38216421265854,43.87608482750466,15000,
2005-04-01,43.70701599121094,44.80603120599402,41.67806234473993,42.69253916797543,26100,
2005-04-04,43.242034912109375,46.031842887906,42.43890754295818,46.031842887906,11800,
2005-04-05,43.87608337402344,46.24319313048871,41.931668678599685,43.53792345527183,50700,
2005-04-06,44.08743667602539,44.594673377071295,43.53792756244875,43.96062588829777,11000,
2005-04-07,43.70701599121094,45.65142802120145,43.11523757557914,43.11523757557914,22500,
2005-04-08,42.3543701171875,44.76375246153621,41.84713342623632,42.31210093043028,19600,
2005-04-11,42.31209945678711,43.62246355021725,42.05848112014452,43.62246355021725,7188,
2005-04-12,41.88940048217773,42.903877037408286,41.42443300163559,42.903877037408286,16700,
2005-04-13,42.39664077758789,43.49565571253965,42.26982999762218,42.26982999762218,11000,
2005-04-15,41.466705322265625,43.115229446072505,41.21308697051049,41.42443613446182,10800,
2005-04-18,40.536766052246094,40.91719515256652,39.81817703498929,40.07179858515756,9300,
2005-04-19,39.86045837402344,42.14302703749056,39.56456757417691,41.001742705757,11500,
2005-04-20,46.200927734375,47.68037185656537,39.480023791438015,39.480023791438015,601500,
2005-04-21,45.05964279174805,47.51129447508932,43.53792939947145,47.51129447508932,215400,
2005-04-22,45.6091423034668,47.1308553746114,45.228713229447706,45.31325159037117,83100,
2005-04-25,44.467864990234375,46.0318508152772,44.045166641563206,45.65142165648665,27100,
2005-04-26,44.29878616333008,45.60915033807078,44.00289539810972,45.60915033807078,19900,
2005-04-27,43.45337677001953,44.63692980922541,43.19975526703914,44.63692980922541,10100,
2005-04-28,43.41111755371094,44.38332501058235,42.861611655206,43.11523001028,9300,
2005-04-29,42.43891143798828,43.918355539337945,41.593514808645615,43.5379264111473,12800,
2005-05-02,41.93167495727539,42.69253327592829,41.59351821282159,41.720325782642085,13200,
2005-05-03,42.10075378417969,42.94615045946415,41.93167380413632,42.26983376422306,7500,
2005-05-04,42.2275619506836,42.52344947866856,41.97394360884903,42.26983113683399,5800,
2005-05-05,42.90388107299805,46.49681692640183,42.52345192588647,46.49681692640183,10700,
2005-05-06,41.93167495727539,42.94615164050177,40.705852324348186,42.65026408598813,10800,
2005-05-09,43.03068923950195,43.49565673542399,42.31210017768411,42.31210017768411,6800,
2005-05-10,43.7492790222168,44.76375570250107,42.35437318370936,42.35437318370936,19900,
2005-05-11,44.29878616333008,44.975102844654415,41.76259618966459,41.76259618966459,15300,
2005-05-12,50.00522232055664,51.90736513237088,44.46787066621774,44.72149228773928,200300,
2005-05-13,52.75275039672852,53.64041620305768,49.49797147361201,50.55471724898773,222500,
2005-05-16,53.38679885864258,55.79617798150751,52.83728975521544,53.344526446892615,157900,
2005-05-17,51.56919479370117,54.10538470158812,50.89287812991777,54.10538470158812,45200,
2005-05-18,55.33120727539063,57.44469886650355,49.45570323204248,50.72379818671023,158373,
2005-05-19,64.8419189453125,65.94093714433045,55.88071595669689,56.218875898691984,687300,
2005-05-20,64.37694549560547,66.32135359775506,61.037625412788486,66.32135359775506,374400,
2005-05-23,63.10885620117188,66.27909338693205,62.68615790973718,64.25014029807272,122700,
2005-05-24,58.92414474487305,63.86972037607311,58.459180450822686,63.86972037607311,100200,
2005-05-25,58.79734802246094,61.206727530635455,57.48698044703095,57.52925286554114,68500,
2005-05-26,56.81064987182617,59.85408284163396,56.34568560411864,59.26230134200942,52900,
2005-05-27,59.68499755859375,62.51707482588294,59.093222529559256,59.093222529559256,119548,
2005-05-30,58.16328811645508,60.53039470441779,57.7828557800914,60.36131796594336,52500,
2005-05-31,58.881874084472656,60.57266727311587,58.45917578731185,60.4458564939948,56900,
2005-06-01,60.5304069519043,61.88304048297875,59.600471802407206,59.600471802407206,43200,
2005-06-02,60.48813247680664,61.713955031039,60.19223849142373,60.86855838677819,43100,
2005-06-03,61.7562255859375,64.25014303155885,59.6004616279592,59.6004616279592,83182,
2005-06-06,65.4759750366211,68.22351444596704,65.09554908296546,66.78634256563988,97500,
2005-06-07,68.89982604980469,69.7452226884526,66.23682534809087,67.63173109183282,199600,
2005-06-08,69.19573211669922,71.64738431540002,68.47714607135576,68.899844503895,128900,
2005-06-09,72.070068359375,72.70411588159824,68.26578322603555,69.74522744455645,165500,
2005-06-10,73.71858978271484,75.95889233141548,71.01332291815952,71.43602126886285,141100,
2005-06-13,71.43601989746094,75.0712282236682,71.0133215548724,74.39490829558062,54912,
2005-06-14,69.2802505493164,72.2814111354718,68.6884754942349,72.2814111354718,35600,
2005-06-15,70.59062957763672,71.35148795287775,66.78634415129702,70.92878957217334,67200,
2005-06-16,67.4203872680664,71.85871997223379,66.40591380134558,71.77418159165121,51000,
2005-06-17,62.34799957275391,68.43485254431775,60.69947877416576,65.77185840042371,89500,
2005-06-20,58.96642303466797,63.40475595125588,58.416913859784025,63.40475595125588,51200,
2005-06-21,61.88303756713867,62.68616832421255,58.37464632524934,58.37464632524934,28600,
2005-06-22,59.76954650878906,62.51708589405624,59.60046974194948,61.71396157677038,20700,
2005-06-23,58.50144577026367,60.8685589770966,58.24783064444453,60.8685589770966,19600,
2005-06-24,61.460330963134766,61.79849089708605,57.48696947633387,58.96641354373952,17300,
2005-06-27,59.05095291137695,64.88419090842662,58.75506538287492,64.88419090842662,21500,
2005-06-28,58.79734802246094,61.29126591779034,58.374649636821005,59.0086972152809,20100,
2005-06-29,60.44586563110352,61.79849909651183,58.4591846241102,59.55819649293846,13300,
2005-06-30,60.19224548339844,62.55935894224013,59.64274276068991,61.58715139843496,12000,
2005-07-01,60.699485778808594,61.79849762140383,59.26230751560177,60.1922425977562,25483,
2005-07-04,62.9820442199707,63.78516837840059,61.3335234948298,62.136647653259686,20400,
2005-07-05,60.91085052490234,64.25016577122322,60.82630567320481,63.82746731220202,13900,
2005-07-06,60.02315902709961,61.29125393612284,59.68499909472057,60.8685556331151,12800,
2005-07-07,59.98088073730469,62.81296424973663,59.38910575104752,60.06542554951024,13600,
2005-07-08,59.262306213378906,63.404751251803006,54.95078441822927,63.404751251803006,11600,
2005-07-11,61.50260162353516,62.30572580018551,59.17776101233624,62.30572580018551,40800,
2005-07-12,61.037635803222656,63.40474901298666,60.02316239896071,62.1789264453481,26533,
2005-07-13,65.68731689453125,67.1667610268393,61.29125690990461,61.29125690990461,114800,
2005-07-14,67.03996276855469,69.66069132202034,66.36364280965672,66.78634117150166,72900,
2005-07-15,65.898681640625,68.47714460380098,65.13782963825341,66.40592490869417,32600,
2005-07-18,68.3503189086914,69.19571557163097,65.94093970928655,65.94093970928655,55500,
2005-07-19,67.5894546508789,70.1256444156378,67.25130117546901,68.47712364849016,36700,
2005-07-20,66.44817352294922,68.47712671560674,65.94093683725094,67.58945767823646,12300,
2005-07-21,64.12333679199219,68.0121602241951,60.27678577367189,68.0121602241951,18900,
2005-07-22,65.18006896972656,68.47711661524824,63.82743585742274,68.22349508487602,20000,
2005-07-25,65.602783203125,66.9131506795182,65.26462323019788,65.94094317605212,11000,
2005-07-26,64.5037612915039,65.51823460217258,63.82744145114878,65.51823460217258,9200,
2005-07-27,66.15229034423828,67.58946212320872,63.48928950686148,64.2501478103784,24800,
2005-07-28,66.15229034423828,66.15229034423828,66.15229034423828,66.15229034423828,0,
2005-07-29,65.4759750366211,70.16792953098874,63.700643169786005,65.94094582430267,56900,
2005-08-01,62.51707458496094,66.15228246320403,61.71395041295711,62.77069613920638,19000,
2005-08-02,63.65835952758789,65.09553100887744,62.982039742355454,63.36246559038402,14100,
2005-08-03,63.4470100402832,65.60276724996356,62.98203938434601,65.60276724996356,9100,
2005-08-04,65.51823425292969,65.81412176280882,60.44585482689642,60.44585482689642,11100,
2005-08-05,72.070068359375,72.070068359375,63.99652732978643,63.99652732978643,116700,
2005-08-08,73.71858978271484,79.29821317189078,73.5495130223795,73.97221137308283,170500,
2005-08-09,73.54951477050781,75.15576983133101,71.01332460600754,71.22467378638257,44400,
2005-08-10,77.18472290039062,78.45281797684919,72.70411771695765,74.73307112926439,153900,
2005-08-11,80.90445709228516,81.07354029276239,77.35379373050299,77.39606614308845,165300,
2005-08-12,83.0602035522461,84.62418573882974,78.36825054263193,83.8633276224243,130300,
2005-08-16,87.0335922241211,87.2449414101436,81.1580874326416,82.84888092082163,82200,
2005-08-17,91.38737487792967,91.38737487792967,86.9067765860548,87.92124996726982,68900,
2005-08-18,88.93572998046875,95.99479756316929,87.49855817493274,95.44528841992378,79600,
2005-08-19,92.78228759765624,93.41633512110263,88.76665328249574,92.90909839231853,49100,
2005-08-22,93.41632080078124,97.22060535827912,92.14822594828196,97.13606699141864,68700,
2005-08-23,88.76664733886719,95.02258377462692,88.76664733886719,93.9235655609618,36855,
2005-08-24,90.16155242919922,91.72553491426213,85.72322009463815,90.4574399615304,77000,
2005-08-25,94.6844253540039,94.6844253540039,89.61204542432512,90.62651883031504,46000,
2005-08-26,95.52981567382812,98.74232532953086,94.6844190749447,97.00925972187414,36500,
2005-08-29,91.7255401611328,100.17950699626026,90.75333268512018,98.0660152874784,56200,
2005-08-30,91.26055908203124,96.0370510935434,90.45743490348798,93.03589707647696,51800,
2005-08-31,91.17601776123048,94.68441477732743,90.45743197476816,92.14822509579189,19400,
2005-09-01,90.66879272460938,91.76781097394446,88.17487513171054,91.76781097394446,21500,
2005-09-02,87.92124938964844,92.10596012199844,87.28720191808847,90.45743927588828,15100,
2005-09-05,91.89461517333984,92.3173135070716,88.76665008367067,88.76665008367067,35400,
2005-09-06,88.2171401977539,95.44528422207028,87.49855432659058,91.3028392973119,14300,
2005-09-08,89.40069580078125,91.30283826462768,87.07585501163564,89.18934663813165,29600,
2005-09-09,86.2304458618164,90.45742850210152,85.46958769659236,90.45742850210152,18900,
2005-09-12,84.92010498046875,89.61205974518657,84.24379141834899,87.11814179448848,20300,
2005-09-13,84.03243255615234,86.94904856643092,83.06022506943785,85.93457511499443,12700,
2005-09-14,82.55298614501953,87.07585704116536,80.31268367874476,84.45512865320032,35600,
2005-09-15,86.44181060791016,86.69543219208467,83.31384546903683,84.32831890600526,59900,
2005-09-16,85.46959686279297,90.03473989386312,85.21598174709506,89.0202665313428,68900,
2005-09-19,87.52910614013672,88.81629887749168,86.24191340278176,86.28482244616059,17300,
2005-09-20,83.83915710449219,87.52911250538236,83.23846973551068,85.81285539743368,24500,
2005-09-21,79.72014617919922,85.81285777158118,79.67723713151284,85.81285777158118,24738,
2005-09-22,75.7298355102539,79.41979045419961,75.7298355102539,79.376881413014,6700,
2005-09-23,71.9540786743164,73.36999211219769,71.9540786743164,73.15545997151875,18000,
2005-09-26,75.5582275390625,75.5582275390625,69.07935384532736,69.07935384532736,11900,
2005-09-27,79.33396911621094,79.33396911621094,75.51530029941557,77.23155712440229,17800,
2005-09-28,81.60802459716797,82.55196470203926,80.14920866663974,80.14920866663974,15900,
2005-09-29,78.86202239990234,84.09660573307066,78.17551687715816,84.09660573307066,12100,
2005-09-30,75.00043487548828,78.08969627590405,74.91462333183806,78.08969627590405,13700,
2005-10-03,77.57481384277344,78.34713076367836,76.37343269325471,77.23156115048229,7300,
2005-10-04,77.74642944335938,81.43638407360378,76.37342535315213,79.8059388521702,22500,
2005-10-05,77.74642944335938,80.149191511472,77.05993067175572,79.20525160864202,20300,
2005-10-06,75.9872817993164,79.72013948974958,74.87171212309457,78.00388247833195,33800,
2005-10-07,77.36029052734375,78.08969848954916,75.64403341768333,77.1457583886362,14200,
2005-10-10,74.82880401611328,77.2315664809889,74.6571809316226,76.4592495067788,13500,
2005-10-11,73.36997985839844,76.3734293262861,72.25441029438292,76.3734293262861,3500,
2005-10-13,72.12570190429688,74.18520503415837,68.65027891540423,68.65027891540423,3000,
2005-10-14,70.62398529052734,73.45580569788775,68.65028692269912,72.89802080724051,6200,
2005-10-17,63.88765335083008,72.08278175216816,63.58730973626267,72.08278175216816,21500,
2005-10-18,61.442012786865234,65.0890597129704,60.283540366797,62.64339426015916,9800,
2005-10-19,59.63993453979492,61.78525592611848,57.92367743073608,60.92712737158906,35600,
2005-10-20,57.70914077758789,62.38593841511254,56.80810324701854,60.06899411793535,18600,
2005-10-21,55.99288940429688,58.35274298072319,54.06210011449354,57.49461440747726,25600,
2005-10-24,56.67938995361328,57.83786211736977,56.12160512010064,56.6364809098812,26300,
2005-10-25,58.26692199707031,58.78179774823875,56.4219445539664,58.18111046304231,18500,
2005-10-26,59.29669570922852,59.98320133258686,57.49462663166641,58.438566953532,9300,
2005-10-27,58.695987701416016,60.0260828800523,58.352735009606455,58.781799237618266,2900,
2005-10-28,57.49462127685547,58.56728212157292,56.851024770025,58.52437306898334,24200,
2005-10-31,59.38249588012695,59.63993707623507,57.49461559867266,57.49461559867266,7800,
2005-11-02,60.75550079345703,61.78525238100678,59.59702207371242,60.92712387571501,1700,
2005-11-04,60.75550079345703,60.75550079345703,60.75550079345703,60.75550079345703,0,
2005-11-07,60.84130096435547,62.34302556796862,60.15479566961815,61.7852408343695,21800,
2005-11-08,62.686283111572266,63.0724382781486,61.7852456602272,61.7852456602272,6300,
2005-11-09,61.87107467651367,64.14511692020912,61.52782190533288,64.10220786868575,5400,
2005-11-10,61.65652084350586,62.6004607222506,60.45513984010357,60.45513984010357,3000,
2005-11-11,63.02953338623047,63.93057089686575,61.22746491196056,62.47175511936169,3600,
2005-11-14,62.214317321777344,63.37278950733438,61.78525306438578,62.214317321777344,6400,
2005-11-16,65.34648132324219,65.34648132324219,62.98662813823804,63.20116024596569,17100,
2005-11-17,68.65028381347656,68.65028381347656,66.07589817047119,68.47866072274337,20300,
2005-11-18,71.31048583984375,72.08280289454277,68.69319752008815,71.91117979216595,39100,
2005-11-21,68.69319152832031,74.65718220022771,68.65028248296801,74.65718220022771,20600,
2005-11-22,67.01983642578125,69.33678736915462,66.93402488276766,68.65028193104376,6900,
2005-11-23,68.564453125,69.07932880044818,66.67656691902413,69.0364197662444,5400,
2005-11-24,68.736083984375,70.36652926453873,67.79214404754342,70.36652926453873,7500,
2005-11-25,68.65028381347656,69.93747663497925,67.57762312889099,69.93747663497925,1300,
2005-11-28,70.88140869140625,71.13884984531835,68.22121180465018,68.22121180465018,11600,
2005-11-29,73.67033386230469,74.44265085783812,68.26412798757306,70.83851360801704,20600,
2005-11-30,70.06620788574219,75.4295121245926,70.0232988330305,75.4295121245926,10800,
2005-12-01,70.58106994628906,71.22466632877801,69.29387718131115,70.02328510539844,4800,
2005-12-02,68.82190704345703,70.92432591769932,68.7360954979168,69.9803858227544,8300,
2005-12-05,66.33334350585938,68.22122381010566,66.07590230664321,68.17831476123574,3500,
2005-12-06,66.67659759521484,67.7492584738187,65.73265733144393,65.73265733144393,3100,
2005-12-07,65.73265838623047,66.93403989894539,65.64684682396566,66.93403989894539,4000,
2005-12-08,66.59077453613281,67.70634427605695,65.73264598142234,65.73264598142234,1800,
2005-12-09,68.9935531616211,69.50842910484904,66.07591408732563,68.00670378468254,16700,
2005-12-12,67.96378326416016,71.18176555028519,67.06275215224618,71.18176555028519,13300,
2005-12-13,68.30701446533203,69.9374596186012,67.40598363770935,67.40598363770935,7100,
2005-12-14,67.406005859375,69.46550931403807,65.64683956593166,66.0759038768201,1500,
2005-12-15,67.14856719970703,68.47866923268735,67.01984659216022,67.79216369043905,2900,
2005-12-16,65.9471664428711,68.47864915921951,65.77554338111872,66.07588701268544,9100,
2005-12-19,72.55476379394531,72.55476379394531,67.79214822988128,67.79214822988128,61300,
2005-12-20,79.84886932373047,79.84886932373047,78.13261211352241,78.13261211352241,21300,
2005-12-21,87.87234497070312,87.87234497070312,81.60800535261109,87.44328079266943,153000,
2005-12-22,92.29171752929688,92.29171752929688,86.67097355611496,92.16299695223918,117200,
2005-12-23,95.63841247558594,96.9256051417284,90.10348662997346,93.6218119413628,262100,
2005-12-26,93.40728759765624,96.06748468616028,90.87581109587036,96.02458218858824,107200,
2005-12-27,97.09723663330078,98.08408567246217,91.81974529082962,93.53600221215352,63900,
2005-12-28,98.25572204589844,100.83010777635866,96.15330965148983,97.8266577574884,32800,
2005-12-29,97.48338317871094,98.89929632266536,93.57890295707902,93.57890295707902,27200,
2005-12-30,102.37472534179688,102.37472534179688,97.82664199850484,98.25570621779652,135100,
2006-01-02,107.52350616455078,107.52350616455078,102.20310541285733,102.54635813022482,42300,
2006-01-03,112.92972564697266,112.92972564697266,110.61276802051422,110.61276802051422,56600,
2006-01-04,118.59339141845705,118.59339141845705,117.47782141725042,117.47782141725042,18200,
2006-01-05,124.42863464355467,124.55734868317136,121.0390296289617,123.31306495553622,148900,
2006-01-06,126.65979766845705,130.6500907696322,118.72210742465344,124.68609909714282,120800,
2006-01-09,121.16773986816406,128.67636413700922,120.35252042348976,127.43208044840092,105000,
2006-01-10,119.58020782470705,120.99611456607116,116.01896680909208,120.99611456607116,41900,
2006-01-12,118.29302215576172,120.05217515304628,115.032131148938,118.33591810671822,23100,
2006-01-13,114.08817291259766,119.70891678548324,113.2729535174465,116.70546726039942,28200,
2006-01-16,109.6688232421875,118.722081397582,109.02522687702678,111.77123541624556,22700,
2006-01-17,113.95947265625,115.16084737386312,109.4113887784248,114.04527765379244,50081,
2006-01-18,116.92001342773438,119.27986690976203,114.98922421516627,115.332470393133,38200,
2006-01-19,120.78157806396484,122.79818513780192,117.99266063087153,118.42172485134742,90200,
2006-01-20,126.83140563964844,126.83140563964844,121.854257300138,124.34282492289178,59507,
2006-01-23,133.18154907226562,133.18154907226562,129.57741176128215,130.47844936252866,65600,
2006-01-24,139.87493896484375,139.87493896484375,138.15868204502974,139.87493896484375,83000,
2006-01-25,137.12890625,146.86865469030985,134.2970802145359,146.73994068169736,108200,
2006-01-27,133.953857421875,141.46248142323566,133.00991088124636,137.12893009507872,37100,
2006-01-30,127.26046752929688,131.2078510322229,127.26046752929688,130.90751389389305,31300,
2006-01-31,126.65979766845705,133.65354113215247,120.91032507071463,122.79821863093096,116200,
2006-02-01,121.51100158691406,124.38572422324036,120.35252286716944,121.94006583955996,20900,
2006-02-02,115.46118927001952,117.69231545518812,115.46118927001952,117.69231545518812,29100,
2006-02-03,121.25355529785156,121.25355529785156,111.12763674407036,115.84734332393435,44700,
2006-02-06,127.34626007080078,127.34626007080078,115.20374742353692,115.84734377785836,20200,
2006-02-07,133.61062622070312,133.73935337271192,127.34628454905472,127.34628454905472,75100,
2006-02-08,130.69296264648438,133.00990679114284,127.47498103056962,133.00990679114284,29500,
2006-02-10,131.93724060058594,132.83827803324365,130.00645171374808,131.7227085020484,24700,
2006-02-13,143.86524963378906,145.15244248978124,131.72273559653084,131.72273559653084,51400,
2006-02-14,142.27774047851562,148.4562644736468,139.8749775098522,143.30749229537005,34600,
2006-02-15,140.13241577148438,145.4528109576231,139.0168458710026,145.4528109576231,14500,
2006-02-16,141.71990966796875,143.30745255361828,138.28739583434916,138.28739583434916,14800,
2006-02-17,135.41268920898438,143.2216512383285,133.009926625339,143.2216512383285,18200,
2006-02-20,129.9635772705078,140.561470996937,127.86116476399454,136.44245098976597,27600,
2006-02-21,128.8909149169922,134.72619209799922,124.42864875292922,130.4355490375534,10671,
2006-02-22,126.9171905517578,132.58084347164186,124.9005965818906,132.58084347164186,12600,
2006-02-23,122.79820251464844,128.29022007630033,121.85425585842572,124.94352392060664,8100,
2006-02-24,124.34283447265624,126.96012943870538,114.9892375512391,114.9892375512391,15700,
2006-02-27,129.92063903808594,136.39951130207388,123.99955810988546,127.00300761427717,22900,
2006-02-28,127.73245239257812,134.08259904578497,124.55736597197088,127.21756997464078,16000,
2006-03-01,124.6002426147461,132.75246251638995,122.7123627300076,127.90404223353876,10400,
2006-03-02,124.98639678955078,127.00300377630164,121.25354608901236,123.57049016072592,9100,
2006-03-03,133.18154907226562,135.4126885521139,125.50130112640736,125.50130112640736,29300,
2006-03-06,138.5877685546875,143.30747584292763,133.43899696751646,133.86806126644737,20300,
2006-03-07,145.45277404785156,151.88873750129633,138.9309925107604,138.9309925107604,26300,
2006-03-08,136.14208984375,157.8956539235335,135.15524724432896,154.4202306613074,13700,
2006-03-09,132.58087158203125,136.22791821131042,128.7192927980886,132.1518072727043,9200,
2006-03-10,134.89779663085938,138.50193368666828,125.37257820436456,125.71582436434574,4600,
2006-03-13,134.68325805664062,137.30055245664565,133.43897441880247,135.15523132451057,16800,
2006-03-14,130.39260864257812,134.8548737339404,129.7490123382278,129.7490123382278,23200,
2006-03-16,135.54139709472656,140.73307725874278,133.86804909977974,133.86804909977974,29300,
2006-03-17,131.5082244873047,136.82861985754965,130.52138171080944,136.44246455779083,8500,
2006-03-20,131.25076293945312,131.7227362745469,128.7192862617722,130.47845245948366,7600,
2006-03-21,127.43206024169922,133.00989452837294,125.37255743498874,130.69295059732374,12800,
2006-03-22,127.26046752929688,132.92410814497404,126.14489778720812,132.92410814497404,11900,
2006-03-23,126.65979766845705,129.14836558837206,125.32969560339716,125.71585088834888,5300,
2006-03-24,132.28048706054688,138.15867181317975,129.27703767330382,129.53447881101042,53500,
2006-03-27,132.15179443359375,135.28395834977604,127.08884131302452,127.08884131302452,2600,
2006-03-28,130.69296264648438,141.16212688479354,127.90404524602492,141.16212688479354,20300,
2006-03-29,131.8514404296875,133.6106064953993,129.66322320263336,129.66322320263336,2939,
2006-03-30,130.60716247558594,132.83830193950365,129.5774108360864,130.0064751103781,22100,
2006-03-31,130.4784393310547,131.50819089873713,127.003016332875,127.003016332875,4100,
2006-04-03,143.56491088867188,143.56491088867188,128.80510225677435,128.80510225677435,54300,
2006-04-04,147.2119598388672,149.31437223137038,140.13239908651772,145.109547446364,68300,
2006-04-05,161.9717559814453,161.9717559814453,142.83548762285034,146.82579304382747,59200,
2006-04-07,170.0810546875,170.0810546875,168.62223895402616,169.82361353594558,15000,
2006-04-10,178.6194610595703,178.6194610595703,175.05823264291618,175.91636123430305,10500,
2006-04-12,187.5868988037109,187.5868988037109,184.1543847402872,184.1543847402872,31230,
2006-04-13,196.9833984375,196.9833984375,196.94048939399508,196.94048939399508,8700,
2006-04-17,187.1578369140625,206.8518839833629,187.1578369140625,206.76606589309057,125800,
2006-04-18,196.468505859375,196.55432394191016,180.20697436303467,187.9301304071648,46800,
2006-04-19,188.7024688720703,199.0858298928776,186.6429655245728,198.2277013157532,19300,
2006-04-20,198.1418914794922,198.1418914794922,187.8872571742164,187.93016622366173,14300,
2006-04-21,200.33009338378903,204.06295755311496,198.14186311535667,198.14186311535667,9200,
2006-04-24,199.55780029296875,203.7197159743857,194.7951841412005,195.0097162823252,3700,
2006-04-25,189.6035003662109,199.08582345563548,189.6035003662109,193.3792738398745,2700,
2006-04-26,199.08580017089844,199.08580017089844,188.78825878274853,190.50451568077352,7500,
2006-04-27,209.0401153564453,209.0401153564453,201.6602047534008,205.9508474077285,6100,
2006-04-28,201.1453552246093,209.38339570298427,199.08585165201785,209.38339570298427,3006,
2006-05-02,205.0926971435547,211.91481562220747,201.66018338382992,210.3272858647353,1500,
2006-05-03,194.8809967041016,206.80897817448985,194.838087658294,205.09272109420365,3400,
2006-05-04,192.73562622070312,197.3695139185833,188.78823070473183,189.2172948654244,3900,
2006-05-05,188.78826904296875,197.455372086633,188.78826904296875,197.3695539994673,5700,
2006-05-08,190.7190704345703,195.6533096021689,184.4976384406417,184.5834565333314,875,
2006-05-09,198.31353759765625,200.28722303083944,185.6132308727161,185.6132308727161,254200,
2006-05-10,208.267822265625,208.267822265625,208.0961991531655,208.267822265625,5300,
2006-05-11,218.69406127929688,218.69406127929688,211.09961854525096,211.09961854525096,564,
2006-05-12,229.6352081298828,229.6352081298828,223.9715543904541,229.59228598903545,5400,
2006-05-15,241.09120178222656,241.1340977301093,231.6946846517064,241.1340977301093,4100,
2006-05-16,229.03448486328125,240.2759731294377,229.03448486328125,240.2759731294377,11500,
2006-05-17,238.4738922119141,240.27596720354103,225.6877834804689,237.701581840646,6900,
2006-05-18,226.54592895507807,226.63174704455588,226.54592895507807,226.63174704455588,345,
2006-05-19,215.21861267089844,215.3902357379453,215.21861267089844,215.21861267089844,861,
2006-05-22,204.49200439453125,210.0698391051576,204.49200439453125,210.0698391051576,85,
2006-05-23,194.28028869628903,194.28028869628903,194.28028869628903,194.28028869628903,464,
2006-05-24,184.5834350585937,194.795158388496,184.5834350585937,185.3557454269389,1600,
2006-05-25,178.9197998046875,184.5834533814296,175.3585716169193,184.5834533814296,9500,
2006-05-26,177.16062927246094,182.1377772774048,176.98900618829086,181.9232451486917,1787,
2006-05-29,174.37171936035156,179.77793186334824,173.8568500849249,179.34886758682472,1200,
2006-05-30,166.56277465820312,170.76759976661364,165.70464601615984,169.90947112457036,4300,
2006-05-31,158.32473754882812,163.04444517223493,158.32473754882812,163.04444517223493,390,
2006-06-01,153.13302612304688,163.8167231839103,151.8887424337739,157.89564185205873,5200,
2006-06-02,148.413330078125,154.463138973383,145.49569824622878,145.49569824622878,8200,
2006-06-05,145.88186645507812,150.17250958610984,141.63413237415747,146.0963986116297,7000,
2006-06-06,138.5877685546875,141.59121864720396,138.5877685546875,141.59121864720396,2700,
2006-06-07,132.83828735351562,133.00991042558715,132.23760005426482,132.23760005426482,50100,
2006-06-08,126.23070526123048,132.83829197065552,126.23070526123048,132.83829197065552,300,
2006-06-09,119.9234619140625,119.9234619140625,119.9234619140625,119.9234619140625,1795,
2006-06-12,125.2438507080078,125.9303561199664,113.95946628306974,114.51724456491016,22900,
2006-06-13,119.27986907958984,119.27986907958984,119.27986907958984,119.27986907958984,25,
2006-06-14,113.31587982177734,118.42174217350092,113.31587982177734,118.42174217350092,125,
2006-06-15,108.6819839477539,113.27297045608115,107.65222574267962,113.27297045608115,698,
2006-06-16,112.5864715576172,114.13110568188704,108.29582848686957,113.27297706773751,1445,
2006-06-19,118.25008392333984,118.25008392333984,116.7054503441034,117.64939672419204,22100,
2006-06-20,124.17117309570312,124.17117309570312,124.17117309570312,124.17117309570312,545,
2006-06-21,130.39260864257812,130.39260864257812,130.39260864257812,130.39260864257812,475,
2006-06-22,130.69296264648438,136.9143937705862,128.9337967443175,136.9143937705862,14000,
2006-06-23,130.56423950195312,133.00991084213476,128.80508664020965,132.06596430178368,2600,
2006-06-26,118.29302215576172,130.43553552093184,118.29302215576172,130.43553552093184,2300,
2006-06-27,116.92001342773438,122.71238106543863,112.41483859840883,122.71238106543863,2400,
2006-06-28,121.94007110595705,122.54075846680362,111.55671050588522,111.55671050588522,600,
2006-06-29,124.81477355957033,125.28674679987677,121.85423318892124,122.71236159166013,4600,
2006-06-30,131.07911682128906,131.07911682128906,125.28674995684584,125.28674995684584,5100,
2006-07-03,130.95042419433594,135.5843132055315,124.64317400698384,124.77188805407154,2700,
2006-07-04,125.28678894042967,127.9040840679177,124.42866024905688,127.86117501454812,1700,
2006-07-05,124.81477355957033,128.71926041083228,123.570489994399,123.570489994399,700,
2006-07-06,118.59339141845705,120.05220768433996,118.59339141845705,119.79477953283556,4100,
2006-07-07,123.4846649169922,124.21407925557465,117.73520756334062,124.17117021906988,80,
2006-07-10,122.02587890625,124.42864149882088,117.349080861819,124.42864149882088,1700,
2006-07-11,120.99609375,126.91717395123014,116.10476491933171,116.10476491933171,2200,
2006-07-12,125.28678894042967,125.28678894042967,120.13801679219286,121.42520982925208,1800,
2006-07-13,119.0224151611328,125.71581978918668,119.02241516113284,125.71581978918668,82,
2006-07-14,120.78157806396484,121.8542386151546,117.56359641039562,120.137981733251,2300,
2006-07-17,120.78157806396484,120.78157806396484,120.78157806396484,120.78157806396484,0,
2006-07-18,117.5636215209961,117.5636215209961,115.8473642725144,115.8473642725144,53,
2006-07-19,111.6854248046875,114.13109639357944,111.6854248046875,114.13109639357944,1292,
2006-07-20,106.10759735107422,117.306171088412,106.10759735107422,109.49720253142138,3500,
2006-07-21,101.08753967285156,105.12074099423832,101.08753967285156,102.97541974945794,1500,
2006-07-24,96.0674819946289,100.31522195531242,96.0674819946289,96.0674819946289,4100,
2006-07-25,93.23567199707033,96.06749239716494,91.81975852352222,94.47995582555107,3600,
2006-07-26,96.58236694335938,97.82665067081052,91.04743409562607,91.39068681088877,1800,
2006-07-27,96.9685287475586,101.2591716124948,96.11040017457135,100.40104303950756,1400,
2006-07-28,94.6086883544922,99.97199268297814,94.6086883544922,96.19622512632355,2900,
2006-07-31,95.25226593017578,95.25226593017578,89.88896266834156,94.3941374082823,9200,
2006-08-01,99.84325408935548,100.0148837251604,90.96162503023726,90.96162503023726,10000,
2006-08-02,104.86329650878906,104.86329650878906,103.83354496267027,104.52005035808324,1100,
2006-08-03,110.14080047607422,110.14080047607422,107.35187624675892,107.35187624675892,8738,
2006-08-04,111.1276397705078,115.63281435579869,105.54980456967152,115.63281435579869,8300,
2006-08-07,113.10134887695312,115.28957936341902,111.5567148221535,111.5567148221535,117,
2006-08-08,114.04527282714844,116.44803525468691,111.55670540569896,111.55670540569896,5000,
2006-08-09,116.70547485351562,116.70547485351562,113.27296088723575,114.13108937880573,375,
2006-08-10,117.5207061767578,118.93662618732294,114.13110091134917,115.8473580679108,641,
2006-08-11,119.62312316894533,120.99613418452716,113.27297668338711,120.13800557328936,4300,
2006-08-14,124.214111328125,127.603716583218,120.13800059369603,127.603716583218,2500,
2006-08-16,129.92063903808594,134.72616348271293,125.28675075462476,127.86113604410336,2200,
2006-08-17,125.63002014160156,132.53795789908102,124.42864535508475,132.53795789908102,252,
2006-08-18,126.74556732177734,137.38636777982413,121.89714689814365,128.4618241930106,2900,
2006-08-21,127.00299835205078,135.58428202448664,121.85422814858926,135.58428202448664,1800,
2006-08-22,128.24732971191406,138.15871867009108,126.1449170466049,128.54767999010306,3300,
2006-08-23,125.28678894042967,130.43556108866653,123.57053155768408,130.43556108866653,966,
2006-08-24,117.77815246582033,130.2639264389211,115.84736308113472,123.57052061987706,3600,
2006-08-25,122.62654876708984,124.42862372764225,120.13798153013734,120.13798153013734,1400,
2006-08-28,125.6728973388672,127.00299893297876,118.421715221291,118.421715221291,6100,
2006-08-29,127.77530670166016,128.7192531288717,124.7289615194765,127.00299642048677,1400,
2006-08-30,138.75938415527344,140.51855030460487,124.90061328649664,124.90061328649664,10600,
2006-08-31,132.53794860839844,145.0237213169091,125.28676516135344,139.83204110066902,4400,
2006-09-01,135.2410430908203,145.02370175884647,128.7192619161359,128.7192619161359,3700,
2006-09-04,136.4853515625,139.01682822307015,132.15179966884446,137.3005710845137,1300,
2006-09-05,136.44239807128906,136.44239807128906,132.15175662250638,132.15175662250638,173,
2006-09-06,134.5545196533203,136.39949025516103,130.69294231495715,130.77874728829934,1264,
2006-09-07,132.15179443359375,136.39952806444452,130.52135545415683,135.58430857472607,2800,
2006-09-08,132.32339477539062,140.51852349739764,131.4223573494317,139.87492720656985,1800,
2006-09-11,126.65979766845705,133.43900896340102,123.48471109573204,132.23763405599468,6900,
2006-09-12,131.5511016845703,132.06597092823097,124.42863251491612,125.286761015019,7800,
2006-09-13,133.8680419921875,136.4424274151142,128.71927114633414,128.71927114633414,6300,
2006-09-14,138.63357543945312,141.18962934239244,135.1677360534668,135.1677360534668,2000,
2006-09-15,143.05252075195312,145.1320190196039,130.8354320714041,138.63357040678582,8300,
2006-09-18,146.56167602539062,152.49693119264649,143.2258135882282,143.8323328294279,20700,
2006-09-19,145.21868896484375,152.36698335822223,141.66619797786456,152.36698335822223,6200,
2006-09-20,146.99490356445312,147.73139970185773,142.96587067921715,142.96587067921715,451,
2006-09-21,143.3990936279297,146.43170285873182,143.0525150042888,146.43170285873182,500,
2006-09-22,140.97303771972656,147.2548726468234,136.68406341372787,144.2655883257413,5300,
2006-09-25,141.05967712402344,142.96588629709217,138.6335867123318,138.6335867123318,3200,
2006-09-26,136.9873046875,142.87922096647085,134.30127392063616,142.87922096647085,2700,
2006-09-27,136.51075744628906,138.5469302421733,136.0342018655915,138.5469302421733,2900,
2006-09-28,131.701904296875,134.5178989611174,129.96898450349508,134.5178989611174,1400,
2006-09-29,133.21817016601562,138.63354293699186,130.83540614678608,132.56832543349847,12100,
2006-10-03,131.701904296875,133.86805403859992,130.53217814789204,133.86805403859992,1063,
2006-10-04,131.35531616210938,135.16773414439766,131.31199052617086,131.7018948073618,1500,
2006-10-05,132.91493225097656,134.6911775415895,131.1820125959645,134.6911775415895,778,
2006-10-06,136.03419494628906,138.63357446755575,133.4348154250224,133.91137098148022,4400,
2006-10-09,136.03419494628906,139.50003430797796,135.60096502607794,137.68046335464012,2100,
2006-10-10,134.90777587890625,135.16771643936102,133.43479699783074,134.34458234885935,1200,
2006-10-11,132.74163818359375,135.94753678651537,132.56834886851397,135.08107698998913,1200,
2006-10-12,131.74522399902344,134.21462666063243,131.74522399902344,132.69832190975512,545,
2006-10-13,133.1748809814453,134.21463019376355,132.13513176912707,132.56836170935372,3900,
2006-10-16,130.61883544921875,136.38078873945557,130.4888717471738,133.43483024331468,700,
2006-10-17,133.34814453125,133.34814453125,130.83541665220767,131.7018763651362,230,
2006-10-18,128.4093475341797,131.74522325574063,128.23605820785414,131.74522325574063,2600,
2006-10-19,127.93277740478516,129.53573323832546,126.76306466942276,128.32269487103258,295,
2006-10-20,127.9760971069336,136.8573091749727,127.9760971069336,136.8573091749727,449,
2006-10-23,128.27938842773438,134.30128197530456,128.23606278932309,134.30128197530456,172,
2006-10-26,130.70545959472656,130.70545959472656,128.23604399952822,128.23604399952822,500,
2006-10-27,129.70901489257812,133.30483059263997,128.40932533810113,129.10249574471402,2300,
2006-10-30,129.96897888183594,134.21462690352462,116.97208099365234,116.97208099365234,2700,
2006-10-31,123.73047637939452,129.10252511582735,122.64740150426177,129.10252511582735,1100,
2006-11-01,123.03730010986328,126.02658398239136,123.03730010986328,123.99041124423604,4200,
2006-11-02,118.44505310058594,122.60406282290285,114.3726946475136,122.60406282290285,10400,
2006-11-03,116.45220184326172,121.21773115296725,115.23916330742442,121.21773115296725,700,
2006-11-06,118.1851043701172,118.66165987586898,115.2391465145859,116.10560626281588,459,
2006-11-07,119.18154907226562,125.46338267170792,117.83853372746972,118.70499353428934,7300,
2006-11-08,116.97208404541016,117.83854392722802,116.97208404541016,117.7952182889114,83,
2006-11-09,116.1489486694336,117.83854277827882,116.10562303153942,117.83854277827882,1900,
2006-11-10,116.97208404541016,120.43792357268156,116.10562416359232,120.43792357268156,7900,
2006-11-13,117.6219253540039,117.6219253540039,117.49196166416344,117.49196166416344,236,
2006-11-14,118.57503509521484,121.30437831893978,117.62192397711485,119.44149494035013,1300,
2006-11-15,124.25031280517578,134.21459912370227,121.391006438499,134.21459912370227,11900,
2006-11-16,124.94351959228516,126.9363800807827,117.40532082557036,117.40532082557036,3100,
2006-11-17,120.00469207763672,126.50314110711165,119.6581134178494,126.50314110711165,2400,
2006-11-20,122.86400604248048,125.20344492981548,122.82068040692972,125.20344492981548,200,
2006-11-21,124.25031280517578,125.63665358142096,118.7916273988834,118.7916273988834,1100,
2006-11-22,123.73047637939452,126.58979669397084,115.75904794264304,126.58979669397084,13700,
2006-11-23,119.44149780273438,120.43792136006778,117.57860115837288,117.83854176236848,4400,
2006-11-24,121.9542236328125,123.16726213182798,119.57145905028864,121.30437874666964,2200,
2006-11-27,122.82066345214844,123.47050823231854,119.7014032188816,122.86398908171827,70,
2006-11-28,121.1744384765625,123.90378223739552,119.65813344918178,121.78095784328866,753,
2006-11-29,120.00469207763672,124.77022136591832,120.00469207763672,124.77022136591832,1000,
2006-11-30,117.88187408447266,120.87115814711088,117.8385484444952,117.92519972445012,2400,
2006-12-01,122.5174331665039,132.56837400005827,121.26106886759204,132.56837400005827,5900,
2006-12-04,111.90328216552734,121.30437664387912,108.56741974049736,117.23201807220302,5700,
2006-12-05,117.01541900634766,119.13824324170112,112.63979361033562,113.54957920295271,4000,
2006-12-06,113.4195785522461,118.22843291775388,112.63977004805643,118.22843291775388,1200,
2006-12-07,119.61477661132812,122.56073460783308,112.8563876074982,114.37269223946076,13300,
2006-12-08,113.4195785522461,125.11678544185196,112.63977004805643,118.7049884352595,5000,
2006-12-11,110.51696014404295,116.10562371599777,109.21727032632658,110.9068644451322,1697,
2006-12-12,106.01136016845705,116.9720784734526,105.01493002971851,112.63977927073216,2100,
2006-12-13,106.74785614013672,109.17394648400708,102.24226734216536,105.7081069130862,248,
2006-12-14,113.24629974365234,116.45219854422513,111.7733206429706,114.11275959359786,2900,
2006-12-15,111.72999572753906,115.0658714598158,110.04040165346348,110.12704631690458,8100,
2006-12-18,115.28248596191406,118.53171040717022,109.2172669974359,112.6397807688801,5800,
2006-12-19,115.23917388916016,121.13110422095218,111.42675537977516,116.97209379726785,962,
2006-12-20,111.72999572753906,116.0189693682319,110.12704631690458,111.94661069142384,353,
2006-12-21,113.50623321533205,113.50623321533202,105.79473971294102,109.30390452909086,400,
2006-12-22,114.0694351196289,116.06229543904318,110.9068619235417,112.63978164109704,2200,
2006-12-26,112.8563995361328,116.10562409091592,112.29320590175516,116.10562409091592,540,
2006-12-27,122.64738464355467,125.63666824374954,116.1056106528444,120.17796897927846,5700,
2006-12-28,123.94709014892578,128.23606396851173,122.1708447267578,122.1708447267578,5100,
2006-12-29,124.07704162597656,127.32626589981216,122.64738823393986,125.63667192164311,1400,
2007-01-02,148.901123046875,148.901123046875,123.90375233898536,127.2829402961431,38200,
2007-01-03,178.4907684326172,178.70738344285095,152.5402928508391,152.5402928508391,217500,
2007-01-04,171.73233032226562,190.31789045367705,169.04631286545606,179.443830502176,181500,
2007-01-05,163.15438842773438,171.64569739526522,160.2950683481101,169.9127777374478,33300,
2007-01-08,173.68190002441406,177.62429557032286,161.37817097547625,162.80782465137074,65700,
2007-01-09,180.8301544189453,186.28885370666845,175.15484018505165,177.5376045929276,54500,
2007-01-10,171.7756805419922,179.35720490387078,170.77925691431128,175.28484589085895,13900,
2007-01-11,169.0896453857422,176.6711695640624,167.48670249214612,176.6711695640624,6800,
2007-01-12,167.44334411621094,175.76136287692862,164.62734997195383,175.371445418515,12000,
2007-01-15,170.21600341796875,173.29193796100165,168.17983107960237,171.55901858139163,7557,
2007-01-16,170.7792205810547,173.29194854652877,168.95964983286555,172.5987781081174,6000,
2007-01-17,178.92396545410156,187.8918305122864,165.7104522668132,165.7104522668132,32677,
2007-01-18,172.1655731201172,187.8051763810836,169.82613412084146,181.04678676674283,10700,
2007-01-19,171.6890106201172,179.3138597947258,170.04274222587196,179.3138597947258,8600,
2007-01-22,172.68545532226562,179.35719369972037,170.69259497026528,173.29197458910178,5553,
2007-01-23,171.55905151367188,178.92396029077395,160.2950733839863,160.2950733839863,5700,
2007-01-24,169.52285766601562,175.89134260034106,166.88016580483372,174.20174860382437,24700,
2007-01-25,168.5697784423828,174.15844222785688,166.0570367661194,173.29198231627552,4256,
2007-01-29,185.4657440185547,185.4657440185547,168.17987167834755,171.55905999587537,49500,
2007-01-31,193.13389587402344,199.2424404796463,191.4876274423818,191.4876274423818,55000,
2007-02-01,190.18795776367188,195.38671742919365,186.3755392974077,193.2205675685596,17800,
2007-02-02,181.86993408203125,193.9137350459128,179.14059059003026,185.5090763662049,9819,
2007-02-05,183.1262969970703,187.5885599948712,177.7109228632692,178.49073145008524,11400,
2007-02-06,181.95655822753903,191.4876160394577,180.35360230708363,191.4876160394577,6200,
2007-02-07,178.577392578125,184.07940506897708,177.71093266890776,181.95658093562065,2000,
2007-02-08,171.29910278320312,184.51261496210188,168.13652974686852,181.9565611520486,4300,
2007-02-09,163.5009765625,173.29197584178667,160.29507765365267,167.44337165712636,3100,
2007-02-12,147.29818725585938,163.19773216869353,147.1682235555559,157.82567005657646,8300,
2007-02-13,148.98777770996094,153.36340286531578,140.58311929320612,153.36340286531578,13700,
2007-02-14,142.53265380859375,149.46433302116975,137.07395378446438,137.07395378446438,3000,
2007-02-15,149.68093872070312,149.68093872070312,145.99848436722706,145.99848436722706,1400,
2007-02-19,150.7639923095703,157.17578899290615,149.46430272069472,155.87609940403055,4200,
2007-02-20,143.22581481933594,147.9480183236545,143.22581481933594,147.64475208988395,1264,
2007-02-21,139.586669921875,142.79256832757935,136.46740955781718,137.03060310246235,1600,
2007-02-22,143.31248474121094,145.9985161426739,138.72025712490398,140.45317719781406,6500,
2007-02-23,137.5504913330078,140.3664856437623,136.16415038387782,138.6335660679134,4000,
2007-02-26,133.04490661621094,142.05608336168146,130.74878018450636,137.7671099416847,1300,
2007-02-27,128.3660125732422,139.50002616086792,126.41647804614932,134.30126742195358,5900,
2007-02-28,125.16011810302734,133.43481201160913,122.17083437426552,125.63667364729432,2799,
2007-03-01,121.04442596435548,126.06989522225132,120.0046768954076,123.90374581980714,3200,
2007-03-02,125.80994415283205,127.10963368585948,120.52454798452912,120.52454798452912,2731,
2007-03-05,119.57144927978516,124.77020794412364,119.52812364669028,124.77020794412364,1800,
2007-03-06,115.15249633789062,117.83852687119952,113.59287935326137,114.50265152058624,399,
2007-03-07,109.39055633544922,112.6397807810566,109.39055633544922,111.34009100281364,1289,
2007-03-08,107.7442855834961,109.08730105203782,103.9751863986576,104.0618310652103,2790,
2007-03-09,106.66120910644533,111.64335998966762,105.79474923293957,110.43030823408247,1300,
2007-03-12,108.6107406616211,111.77332043000936,105.70810149194683,105.70810149194683,583,
2007-03-13,109.17394256591795,112.1199008070232,108.35080834159106,111.77332215082076,987,
2007-03-14,112.46649932861328,112.639788666952,108.30748910283847,108.30748910283847,3000,
2007-03-15,113.67951965332033,117.40529932406588,111.34008090880047,117.40529932406588,1181,
2007-03-16,110.90685272216795,113.67952139599674,108.8273479115146,113.50623208284378,5200,
2007-03-19,108.30748748779295,111.77332708740234,107.7009682020871,110.9068671875,7710,
2007-03-20,108.3508071899414,110.86353547352196,103.108722438546,103.108722438546,226,
2007-03-21,110.47362518310548,110.90685508578431,108.30747566971124,108.30747566971124,2030,
2007-03-22,108.22083282470705,113.9394663137802,105.05825316004449,109.60716721439692,4000,
2007-03-23,107.7009506225586,109.47718916109254,105.96803110561036,108.30746980926514,699,
2007-03-26,102.80547332763672,108.30749263118814,102.3289177158336,108.22084795919612,2900,
2007-03-28,97.9099578857422,102.76213146770164,97.69334293466754,102.76213146770164,1791,
2007-03-29,95.7004852294922,99.46959076466732,94.53076578538024,96.69691535246304,1215,
2007-03-30,97.17346954345705,100.50933850803332,94.44411980496234,94.48744543992407,3115,
2007-04-02,100.50933837890624,102.06896868763202,95.74380940404431,99.59955293038892,700,
2007-04-03,104.27843475341795,104.79830930704532,100.55266161028558,104.79830930704532,431,
2007-04-04,106.01136016845705,108.13419074412845,104.23512146168002,104.8416407058353,1400,
2007-04-05,107.7442855834961,109.00065638548512,102.6754965686744,108.307485831935,1200,
2007-04-09,108.30748748779295,108.30748748779295,105.27487783813476,108.22084281991562,569,
2007-04-10,109.26057434082033,110.04038944641148,99.64287233336474,99.64287233336474,946,
2007-04-11,109.08729553222656,114.372699251271,106.79117562666022,114.19940992693404,4100,
2007-04-12,109.17394256591795,110.77689198782852,107.44102284264945,110.04040242755224,500,
2007-04-13,109.17394256591795,110.47363235836936,106.66120764506576,106.66120764506576,565,
2007-04-16,105.92469787597656,110.04038143352984,103.9751635592408,109.95373678600971,3243,
2007-04-17,107.26773834228516,108.30748757881602,99.68621421176805,107.44102767818548,6600,
2007-04-18,105.1015853881836,111.68667249964568,103.9751849074604,111.68667249964568,1400,
2007-04-19,102.71882629394533,104.84165045648297,100.50935085084318,102.2422706930991,4700,
2007-04-20,105.44816589355467,109.26059072894805,104.84164661521308,109.26059072894805,1073,
2007-04-23,103.71524047851562,107.35437578249406,103.67192145273926,104.84164091772504,663,
2007-04-24,104.92829132080078,108.74071615760248,100.59599187229072,100.59599187229072,539,
2007-04-25,108.09085845947266,109.13060755994758,102.71881042274632,103.19535933939584,859,
2007-04-26,98.34319305419922,116.97207984420172,97.3034438775875,109.6071711132705,26100,
2007-04-27,92.19132232666016,100.33604561721972,88.50886824518153,98.77641536201511,32700,
2007-04-30,94.14085388183594,98.77641225778603,91.10824473357056,96.04706270223454,5500,
2007-05-03,96.95684814453124,98.77641231238354,95.31057328387884,95.5271882231604,4800,
2007-05-04,97.04349517822266,97.86662932345538,94.66073078768594,97.04349517822266,1500,
2007-05-07,94.57408905029295,98.77641778298256,94.44411875741316,98.77641778298256,2100,
2007-05-08,93.75096130371094,97.9099715907288,93.70764227377065,96.78357104324678,1300,
2007-05-09,92.36460876464844,95.00731366745372,89.98184443314194,91.15156378285974,2900,
2007-05-10,90.97827911376952,93.5776585170201,90.97827911376952,92.45125813138606,1156,
2007-05-11,93.57766723632812,93.57766723632812,90.97828759087456,91.19490256132904,155,
2007-05-14,89.80856323242188,94.4007963922257,89.41865234027898,94.4007963922257,2000,
2007-05-15,90.5450668334961,91.5414971207624,89.41866622866203,90.11183684864685,1500,
2007-05-16,90.5450668334961,91.84475678804388,87.51245693955126,87.51245693955126,2000,
2007-05-17,92.84117889404295,94.31415806850391,91.15157813568136,92.53791925348504,1900,
2007-05-18,92.84117889404295,94.01089842794602,90.45841418734388,90.97828880123808,1794,
2007-05-21,92.01803588867188,94.83403047654303,91.71477625516782,93.5776663046416,5300,
2007-05-22,90.93496704101562,91.2382333050732,90.24180306311246,91.2382333050732,3600,
2007-05-23,86.29940795898438,90.28512232656068,85.77953332157263,90.28512232656068,30000,
2007-05-24,86.60266876220703,88.81214426372561,85.86617913188908,88.81214426372561,1900,
2007-05-25,88.4655532836914,89.59195378283923,85.77952895175929,85.77952895175929,1300,
2007-05-28,89.46198272705078,90.71834691046888,88.3789078756337,88.3789078756337,1500,
2007-05-29,87.20919036865234,89.46198478942075,86.86260508609618,89.24536981414371,800,
2007-05-30,85.82286071777344,87.16586967434216,83.656710842116,87.16586967434216,1083,
2007-05-31,85.34628295898438,87.51243227266419,84.95637872674725,87.51243227266419,1282,
2007-06-01,85.34628295898438,92.71119062549572,81.44721419436073,92.71119062549572,1279,
2007-06-04,86.34272766113281,86.51601699149623,83.35343713313227,84.91306754865988,1270,
2007-06-05,86.0827865600586,88.20561720290762,85.08635638978775,85.82285256600805,2600,
2007-06-06,85.21632385253906,87.51244374824441,84.91306423096982,84.99970889276618,670,
2007-06-07,85.77952575683594,85.77952575683594,80.580766620058,85.77952575683594,1200,
2007-06-08,82.40032958984375,84.65312385522924,81.44722508647651,84.65312385522924,2500,
2007-06-11,81.27392578125,84.8697283927851,79.7142956141394,82.61693440406336,3400,
2007-06-12,80.53742218017578,83.82997150899169,79.887577439796,80.45077753690433,1900,
2007-06-13,81.01398468017578,81.533859195583,79.71429508637617,80.58075481557592,426,
2007-06-14,80.27749633789062,81.40389003502287,79.84426646732517,79.84426646732517,294,
2007-06-15,82.01042938232422,84.04660878859484,81.53387380166832,83.00685957151836,772,
2007-06-18,84.30654907226562,84.82642367879433,82.35701433985977,83.35343791463801,1000,
2007-06-19,85.51959228515625,87.07922280043468,82.35701883508472,82.35701883508472,2100,
2007-06-20,83.35342407226562,90.9782724036543,82.74690490046653,90.9782724036543,559,
2007-06-21,84.0466079711914,86.21275766117057,83.87331864021877,84.91306784718307,1063,
2007-06-22,83.61336517333984,86.4293593372088,81.96709034004226,83.18013530197538,1263,
2007-06-25,83.5700454711914,86.21275051823723,77.54815247620333,85.77952061613553,2300,
2007-06-26,84.52316284179688,84.91306713851336,83.22347303865637,83.22347303865637,600,
2007-06-27,83.74334716796875,86.472697061364,82.31368707042228,85.60623719746482,2200,
2007-06-28,82.83355712890625,85.64955153231432,82.66026780984511,82.66026780984511,1386,
2007-06-29,83.8299789428711,84.56646839183279,83.3101044265783,83.3101044265783,1600,
2007-07-02,83.9599609375,84.00327996373916,81.18728544619522,83.1801457489904,1491,
2007-07-03,83.31011199951172,85.34629122957669,82.31368189654604,84.47983142013936,1400,
2007-07-04,83.61336517333984,84.7397654831127,77.63479162639771,77.63479162639771,2200,
2007-07-05,84.52316284179688,84.60980750656007,83.22347303865637,83.22347303865637,650,
2007-07-06,88.11896514892578,89.07207628371401,83.35343591724109,83.35343591724109,4000,
2007-07-09,96.3070068359375,99.5995500666532,87.94566855288542,90.67501820939805,21200,
2007-07-10,96.74022674560548,103.5419340627622,95.39721156751186,99.46957612041848,13300,
2007-07-11,93.01446533203124,98.8197504030066,92.1913311032114,97.04350503273533,6500,
2007-07-12,91.4981689453125,92.88450353634236,90.15515999579426,92.40795453253838,3900,
2007-07-13,92.92781066894533,96.87020528094412,91.97470624060728,91.97470624060728,7700,
2007-07-16,88.2922592163086,96.17704245589532,87.42579937436359,89.6785936413078,1900,
2007-07-17,89.02875518798828,91.75810520929495,87.94568030735581,90.9782899731267,2200,
2007-07-18,88.20561981201172,89.0720797056049,86.86260433271654,87.51244925291142,1500,
2007-07-19,86.34272766113281,87.5124471674964,84.13325234089608,87.5124471674964,3300,
2007-07-20,87.38247680664062,87.51244710960933,85.90949766783328,85.90949766783328,450,
2007-07-23,85.34628295898438,86.64597254719226,84.91305309624842,86.2127426844563,1263,
2007-07-24,84.73977661132812,90.84831463341575,82.53030133299092,90.84831463341575,3400,
2007-07-25,84.86973571777344,85.60623184448578,84.04660154276566,84.13324620162484,1717,
2007-07-26,82.70358276367188,90.97827624755593,82.31367850969345,90.97827624755593,4000,
2007-07-27,80.75405883789062,97.90996724763032,75.46865484840575,90.5450582068794,3500,
2007-07-30,83.05017852783203,94.79071259581104,81.53387373140633,94.79071259581104,2400,
2007-07-31,81.6638412475586,84.86974006344933,78.93449138507644,78.93449138507644,1600,
2007-08-01,78.06802368164062,84.4798272793113,78.06802368164062,80.71072861511624,1673,
2007-08-02,80.14752960205078,83.09349417440103,80.14752960205078,83.09349417440103,1000,
2007-08-03,81.44722747802734,81.44722747802734,77.98138801087724,79.84427804658326,2780,
2007-08-06,75.42533111572266,79.28107472879935,73.77905611071678,76.24846531294365,2900,
2007-08-07,76.24845886230469,77.98137838190252,75.42532473472106,77.98137838190252,2400,
2007-08-08,77.07160186767578,77.98138736448712,75.8585633526795,75.8585633526795,2700,
2007-08-09,76.37843322753906,80.7973769164039,76.24846293451522,78.84784235273732,3500,
2007-08-10,81.62052154541016,86.64599170874308,66.50079863646032,76.2484727036939,4300,
2007-08-13,81.70716094970703,85.77951932388842,79.4976858380481,80.6674052339884,2178,
2007-08-14,83.9599609375,84.08993123734561,81.44722604588644,83.57005003796317,1196,
2007-08-16,82.31367492675781,84.91305413497122,74.68882660510656,74.68882660510656,2100,
2007-08-17,82.31367492675781,83.9599497474056,82.31367492675781,82.31367492675781,4300,
2007-08-20,82.31367492675781,83.18013466282895,82.31367492675781,83.18013466282895,900,
2007-08-21,82.31367492675781,83.18013466282895,82.31367492675781,82.31367492675781,4200,
2007-08-22,81.70716094970703,86.47268980103416,81.62050968214112,82.35700579306982,2957,
2007-08-23,79.75762939453125,86.55933768664879,79.19442918716375,82.31368322953877,2000,
2007-08-24,78.28465270996094,82.31369267345895,76.4217625536592,82.31369267345895,592,
2007-08-27,80.71073150634766,82.66026605186057,78.84784161852258,79.28107151752546,970,
2007-08-28,79.75762939453125,83.1801430530076,79.28107384739786,83.1801430530076,588,
2007-08-29,82.01042938232422,90.06850234107772,78.28464923509894,82.05374841020657,361,
2007-08-30,80.62409973144531,81.44723402685251,77.981394281029,80.62409973144531,4011,
2007-08-31,81.23060607910156,86.64597981770832,78.15467115134746,86.64597981770832,1017,
2007-09-03,81.44722747802734,84.04660707838993,81.44722747802734,83.18014721160239,686,
2007-09-04,85.99614715576172,86.64599209648536,82.74692245214352,85.25965754505451,2552,
2007-09-05,94.01090240478516,98.77643201977428,86.21276303480298,98.77643201977428,19781,
2007-09-06,91.80142211914062,97.04350706462512,90.32844295970686,97.04350706462512,5636,
2007-09-07,87.38247680664062,91.84474647147115,86.73263190236135,90.11182672672643,5442,
2007-09-10,92.01803588867188,94.44412617783271,87.51244719230371,87.51244719230371,5359,
2007-09-11,91.54148864746094,93.5776680656658,89.67859856292972,93.5776680656658,1462,
2007-09-12,91.28153228759766,91.84473244071468,90.3717535269285,90.97827270070796,3300,
2007-09-13,92.33631896972656,93.87452509540756,90.22677779901188,93.87452509540756,2700,
2007-09-14,97.65410614013672,99.32415972450126,93.17133567077109,98.35728871441,25127,
2007-09-17,98.44518280029295,101.21395490776038,97.56620795386178,101.08210733958651,16100,
2007-09-18,98.5330810546875,101.0821095051572,97.6980576151068,97.6980576151068,1743,
2007-09-19,118.26607513427734,118.26607513427734,97.82990876857151,101.08211320671694,49800,
2007-09-20,140.10858154296875,141.9544340377074,123.05647532680518,127.27555716328536,130412,
2007-09-21,126.13288116455078,141.42703700015477,126.1328811645508,137.99904071661655,50388,
2007-09-24,119.45269012451172,127.45136751990886,118.96926463255916,126.57239257149568,9315,
2007-09-25,110.9705810546875,122.17751102258664,108.9928875309406,122.17751102258664,9409,
2007-09-26,108.99288940429688,114.22278746345546,107.23493957519533,108.99288940429688,6071,
2007-09-27,105.69673919677734,112.5087951533264,105.4769954562435,110.75084522905568,5063,
2007-09-28,107.67443084716795,109.87186821139588,101.96109370017538,101.96109370017538,3403,
2007-10-01,110.00372314453124,111.62982556150118,108.99290054823736,111.54192940226848,1633,
2007-10-03,101.52159118652344,110.3113393412008,99.06045902079552,109.5202606660707,7088,
2007-10-04,99.8515396118164,101.96108055062469,96.24774414046036,100.20313088595874,5162,
2007-10-05,96.950927734375,100.6426193875706,95.80825775759996,99.36810854936031,3992,
2007-10-08,91.1936492919922,104.59801701924889,89.65544315935618,104.59801701924889,3313,
2007-10-09,91.28153228759766,94.05030426848651,90.622301182912,91.4133798497439,3203,
2007-10-10,100.4228744506836,100.4228744506836,92.38025340510896,99.93943561117229,4100,
2007-10-11,110.48715209960938,110.48715209960938,103.71904744852284,109.43238480797535,6700,
2007-10-12,121.5622329711914,121.5622329711914,109.8718639630991,116.02468834503264,12800,
2007-10-15,127.67112731933594,127.67112731933594,125.69343343659236,126.30871329547136,13000,
2007-10-16,121.43038177490234,134.08762887255452,121.38644375787408,131.67044780390245,17908,
2007-10-17,117.82659149169922,126.92397392692052,115.40941044563044,118.66161498883166,2944,
2007-10-18,113.9590835571289,123.67175829961452,112.50878042430853,123.05647858908743,5446,
2007-10-19,108.99288940429688,109.78396816860186,108.81709710380528,109.78396816860186,2200,
2007-10-22,107.93812561035156,109.87186780123464,103.8508907869363,109.87186780123464,1879,
2007-10-23,113.34381103515624,113.34381103515624,107.41073044117697,111.62981265709188,3100,
2007-10-24,114.66226959228516,118.6616079500574,107.76231817491696,113.3877587078326,3852,
2007-10-25,111.10243225097656,116.37627511343167,110.88268851895566,110.88268851895566,577,
2007-10-26,109.56421661376952,115.01386471834272,108.64129033699749,109.47632046980218,1795,
2007-10-29,104.90565490722656,113.607507918813,104.33431987048746,109.87186452496422,7668,
2007-10-30,102.53243255615234,105.82858872465673,101.08212250080103,103.05981620190369,2235,
2007-10-31,103.7190399169922,106.22411708225265,101.08211517333984,103.7190399169922,2618,
2007-11-01,100.6865692138672,107.23492899901149,98.88466813433436,105.47697934328995,1530,
2007-11-02,97.82991027832033,103.67508807172892,95.80826530056866,103.67508807172892,4207,
2007-11-05,95.19298553466795,102.75216842734,94.13821161794044,102.62032084949324,8052,
2007-11-06,96.5114517211914,99.98340007432058,95.8082690822061,95.8082690822061,5132,
2007-11-07,96.68722534179688,98.4451748934659,96.68722534179688,98.4451748934659,300,
2007-11-08,92.68789672851562,100.15918307268764,92.29236072212493,100.15918307268764,1056,
2007-11-12,95.41272735595705,100.20313784231593,92.7318512488099,93.17133869548674,1067,
2007-11-13,96.11589813232422,99.32415766355074,94.66558829425789,96.15984955707158,4083,
2007-11-14,105.74068450927734,105.74068450927734,95.41272930174958,99.3241649745224,5800,
2007-11-15,104.90565490722656,114.0909468051414,104.37827129871602,105.47698994396566,3360,
2007-11-16,115.40939331054688,115.40939331054688,110.7508242128272,115.40939331054688,3600,
2007-11-19,116.46417236328124,121.16669336693748,115.409405182787,121.16669336693748,5587,
2007-11-20,113.38776397705078,120.24377099296544,111.19032669067384,111.62981414794922,1800,
2007-11-21,108.15786743164062,118.66161512511152,107.67442853945305,109.25658609020648,4413,
2007-11-22,103.54325103759766,110.6189953098881,102.84006840030511,102.8840198299034,2723,
2007-11-23,101.9610824584961,108.55339382434714,101.1700037533848,101.1700037533848,878,
2007-11-26,98.88467407226562,103.7190359157986,98.44518663194444,103.7190359157986,7000,
2007-11-27,103.67508697509766,103.67508697509766,96.6872391888663,96.6872391888663,754,
2007-11-28,101.38975524902344,105.47698995082727,101.0821153695428,101.0821153695428,2177,
2007-11-29,100.77447509765624,105.38909339003608,98.97257384392748,105.38909339003608,1708,
2007-11-30,103.63114166259766,105.82857890435736,101.69739286622134,105.47698760446656,1637,
2007-12-03,106.35595703125,107.23493188274792,101.96108277376032,101.96108277376032,1841,
2007-12-04,102.57637786865234,105.7406931733687,101.21397066816604,105.47699799596002,3184,
2007-12-05,103.147705078125,107.7183786661375,102.00504171065668,102.00504171065668,5940,
2007-12-06,102.6203155517578,105.47698386476178,101.3458046791437,103.32349812660796,5000,
2007-12-07,103.147705078125,105.9164774054519,102.48847389095414,105.3890937969245,1147,
2007-12-10,103.4992904663086,107.14703750123483,102.84005931684166,105.389087769323,2917,
2007-12-11,106.66361236572266,108.55340991187562,104.24643117335296,105.47699748522328,5523,
2007-12-12,108.24575805664062,112.02534602551276,103.85088364675708,112.02534602551276,13295,
2007-12-13,108.0260238647461,113.38776977653572,106.3999215308656,109.25659014926669,19500,
2007-12-14,114.70623016357422,114.83807104030424,112.86037741679434,113.29986488868542,5800,
2007-12-17,112.42089080810548,120.37560961227608,109.87186226240834,120.37560961227608,4200,
2007-12-18,111.36611938476562,112.37694188128084,108.9928897895094,112.37694188128084,700,
2007-12-19,112.33299255371094,115.1457094924829,110.00370777620338,111.36611481908982,3375,
2007-12-20,107.32282257080078,117.3431367096914,107.23492643132847,114.26672488584182,4082,
2007-12-24,105.96041870117188,110.75082885410993,102.57636023245968,108.77313548171507,1674,
2007-12-26,108.59734344482422,110.75082910613632,107.23492976943358,110.75082910613632,1697,
2007-12-27,108.99288940429688,112.4208929122542,105.47698974609376,109.87186431884766,3611,
2007-12-28,109.38842010498048,109.87185896685304,106.09226433597487,106.09226433597487,5619,
2007-12-31,114.13490295410156,114.88202361651726,110.83874017597368,110.83874017597368,17780,
2008-01-01,118.74951934814452,119.84823801934463,113.47566972638404,115.84889937375765,14078,
2008-01-02,119.1450424194336,124.63863517750328,116.24442276075447,124.63863517750328,18219,
2008-01-03,115.10175323486328,122.96857541277078,113.82724239242437,118.66160403843466,13859,
2008-01-04,116.81575012207033,120.41955230779725,114.26672846725285,116.0246781359798,7980,
2008-01-07,119.2329559326172,124.77050123334764,114.2667524413501,120.41957757280744,26708,
2008-01-08,117.56290435791016,122.52910766314506,115.14572314681293,120.41957306193412,6414,
2008-01-09,110.6189956665039,116.9036678746592,109.87186830325112,116.9036678746592,5825,
2008-01-10,107.4986343383789,115.93678543991491,106.44386042115212,110.75083882789048,7391,
2008-01-11,104.20248413085938,108.113920018205,103.10376543148736,107.2349450587074,2337,
2008-01-14,106.31201171875,111.10242895847011,102.0489847850881,102.0489847850881,3558,
2008-01-15,108.99288940429688,110.66294308315264,104.07063122402178,110.66294308315264,666,
2008-01-16,105.0374984741211,109.78396418152492,104.59801103280678,109.74001275497504,478,
2008-01-17,105.12539672851562,107.23493783032136,103.71903822932724,104.86170828206885,1367,
2008-01-18,97.56621551513672,104.02667979587568,94.92929077148438,103.98273507377598,2883,
2008-01-21,88.68856811523438,94.92928851927368,88.1172330931221,94.92928851927368,1711,
2008-01-22,80.86568450927734,81.30517192508863,80.86568450927734,80.86568450927734,2010,
2008-01-23,81.26123046875,84.38159418617836,76.8224110482092,84.38159418617836,1370,
2008-01-24,77.34978485107422,83.23891351527179,77.2179372856871,80.86568416248669,5234,
2008-01-25,76.6466064453125,79.94276222775507,74.88865669467647,74.88865669467647,945,
2008-01-28,76.4708023071289,80.33829250065249,72.9549033504793,77.34977704629131,320,
2008-01-29,79.10774993896484,79.98672493828668,75.6797461004003,79.10774993896484,273,
2008-01-30,79.63512420654297,80.25041065714011,77.17399852229318,78.66825316251462,1282,
2008-01-31,76.07528686523438,78.22877287429914,74.71287296983627,74.71287296983627,1477,
2008-02-01,76.20712280273438,79.06379128977875,72.55938225334563,79.06379128977875,679,
2008-02-04,74.75682830810547,79.8548794123899,73.83390185252995,79.8548794123899,1554,
2008-02-05,78.40455627441406,78.40455627441406,77.17399681257422,78.40455627441406,393,
2008-02-06,81.39308166503906,82.3599528001458,75.67974430498923,75.67974430498923,863,
2008-02-07,79.98670959472656,85.48030228667207,77.34978510259272,82.35993895522871,1906,
2008-02-08,75.98738861083984,80.03067911100433,75.98738861083984,76.64661988290398,4336,
2008-02-11,72.20780181884766,72.55939318064212,72.20780181884766,72.20780181884766,1708,
2008-02-12,68.6039810180664,69.43900433717133,68.6039810180664,68.6039810180664,2685,
2008-02-13,67.41737365722656,70.31799357459728,65.2638877864231,66.80209389586742,759,
2008-02-14,64.07726287841797,66.6262910846189,64.07726287841797,66.6262910846189,7120,
2008-02-15,66.49443817138672,66.97787023839561,61.528229717282784,61.6161258470985,2850,
2008-02-18,69.52690887451172,69.70270786707911,67.6810630418522,67.6810630418522,3437,
2008-02-19,66.23076629638672,72.95492652847354,66.05497397512254,72.95492652847354,22760,
2008-02-20,64.86835479736328,69.26322960189883,63.286197185311785,69.26322960189883,10085,
2008-02-21,64.16515350341797,65.61546310874529,61.66007693387705,65.04412820894424,1687,
2008-02-22,64.16515350341797,64.16515350341797,61.66007693387705,61.66007693387705,1896,
2008-02-25,61.66009140014648,65.7473260809717,61.528243822175405,65.7473260809717,2586,
2008-02-26,61.61613464355469,64.60465042625026,61.52823850119072,63.28618817265331,5374,
2008-02-27,60.07793045043945,63.94542118277161,59.770290590082055,60.649265451700906,23545,
2008-02-28,61.52824401855469,62.75881024013506,61.30850028991699,62.71485881198896,1850,
2008-02-29,61.57219314575195,62.40721660095186,60.649266837544765,62.40721660095186,5384,
2008-03-03,58.53972625732422,61.528242220680816,58.4957815365086,61.528242220680816,2897,
2008-03-04,55.68305969238281,61.44034808545692,55.63911161710459,61.44034808545692,2754,
2008-03-05,53.573524475097656,54.58434366714199,52.91429325519003,54.58434366714199,5762,
2008-03-07,52.91429138183594,53.83721438642718,52.03531645307794,52.87034330600269,2444,
2008-03-10,50.1015739440918,53.61747386999298,50.1015739440918,51.02449700403617,2890,
2008-03-11,54.97988510131836,55.11173269138129,52.29901204523457,54.01301395093519,2998,
2008-03-12,53.44167709350586,55.50727026889982,53.44167709350586,54.97988327915049,860,
2008-03-13,50.0576171875,53.22192523102875,48.3436156001624,53.17797716017864,1715,
2008-03-14,48.91495513916016,51.85951974984909,47.90413265028433,49.53023489445168,1972,
2008-03-17,46.14617919921875,52.65059437041304,45.35510050030869,46.93725789812881,8438,
2008-03-18,43.685054779052734,47.46464631501401,41.531565525637255,44.827721519735455,1752,
2008-03-19,44.91562271118164,47.90413915568131,43.94875151897368,47.46465164049157,1391,
2008-03-24,40.43284225463867,42.19079191788383,40.43284225463867,40.96022581240307,2345,
2008-03-25,43.42136001586914,43.94874359783393,40.47679218300045,40.47679218300045,2668,
2008-03-26,44.82772064208984,46.54172239606851,42.454487702198094,43.94874572753906,1693,
2008-03-27,43.24556350708008,47.46464213759504,42.05894544182642,43.94874271999541,18904,
2008-03-28,45.83854675292969,47.46464913198267,43.948749196280254,43.948749196280254,270,
2008-03-31,50.23341751098633,50.40920981078922,43.157666794154736,49.83787813038344,3199,
2008-04-01,50.0576171875,51.81556684568773,48.783103014709326,48.783103014709326,295,
2008-04-02,49.26654052734375,51.81556897781344,49.22259245468524,51.42002961784083,1058,
2008-04-03,47.113059997558594,50.27737209929003,47.025163836270345,49.92578074808977,1150,
2008-04-04,45.003517150878906,46.58567135653389,44.8716695699813,45.39905654054847,1048,
2008-04-07,46.80541229248047,46.98120793883149,45.267206254699424,45.267206254699424,286,
2008-04-08,44.82772064208984,47.46464538574219,44.82772064208984,46.146183013916016,311,
2008-04-09,45.53089904785156,46.01433457116877,43.1137180782424,45.706694698064126,730,
2008-04-10,47.288841247558594,47.46463686953175,44.38822522058062,44.38822522058062,525,
2008-04-11,48.34361267089844,49.66207483465021,47.46463789506392,49.48627920887877,539,
2008-04-15,50.76079559326172,50.76079559326172,48.51941048442356,50.10156448166092,334,
2008-04-16,52.29900741577149,53.30982990871416,51.15634069746011,53.30982990871416,1136,
2008-04-17,53.79326629638672,54.93593303286568,52.738495711551046,54.89198495704403,2025,
2008-04-21,52.95823287963867,55.3754136334811,52.95823287963867,53.61746399432297,978,
2008-04-22,54.45249557495117,54.84803494946146,53.66141682593059,54.40854750067739,1285,
2008-04-23,52.95823287963867,54.93592622369157,52.95823287963867,54.7161825187968,936,
2008-04-24,53.13402938842773,55.59515825314003,50.9805403744209,54.71618341909829,2577,
2008-04-25,52.78244400024414,54.71618952140445,52.78244400024414,53.39772712329832,251,
2008-04-28,53.30982971191406,54.4964445009678,53.09008598408758,53.09008598408758,400,
2008-04-29,55.727012634277344,55.77096071074924,52.738496491862485,54.58434252786835,2010,
2008-04-30,57.96839141845703,58.45183029125432,55.37541817066199,57.1333679538576,2340,
2008-05-02,59.94607925415039,60.86900548544542,58.89131216642373,60.86900548544542,5334,
2008-05-05,59.770294189453125,61.44034786830889,57.57285690307617,59.770294189453125,506,
2008-05-06,57.61680603027344,61.87983285438986,56.78177587116959,61.5282415614012,6697,
2008-05-07,57.7926025390625,59.41870484343896,57.616810232769176,59.41870484343896,890,
2008-05-08,58.53972625732422,59.72634101608525,57.22126392402392,57.22126392402392,1213,
2008-05-09,57.35311508178711,60.12188749591029,57.13337134584156,57.30916365217934,1884,
2008-05-12,57.70469665527344,59.726334660927904,56.25438690175351,56.2983383239387,739,
2008-05-13,57.13336181640625,57.52889779271701,56.34228315773922,56.34228315773922,1389,
2008-05-14,54.97988510131836,57.13337450319742,54.27670577803755,56.25439951084054,214,
2008-05-15,54.01301193237305,56.91362862814487,53.74932011512532,55.41937052637655,359,
2008-05-16,54.49644470214844,55.37541961669922,54.49644470214844,55.37541961669922,8181,
2008-05-20,53.30982971191406,56.69388177923263,52.82639082827725,55.770958792966034,1818,
2008-05-21,52.73849487304688,53.617469787597656,52.73849487304688,53.617469787597656,1411,
2008-05-22,52.47480773925781,54.40855339396698,51.85952457371078,52.73849956648554,1738,
2008-05-23,51.90346908569336,52.73849594204709,51.90346908569336,52.73849594204709,4042,
2008-05-26,52.73849487304688,54.23275289838784,52.03531561201089,54.23275289838784,1041,
2008-05-27,51.156341552734375,52.87034333536914,50.2334185476305,50.2334185476305,2691,
2008-05-28,51.859519958496094,51.859519958496094,50.14551820451743,50.58500566179282,104,
2008-05-29,50.58500289916992,52.738491992814446,50.49710675372444,52.738491992814446,313,
2008-05-30,50.49711227416992,52.25506219944634,49.48628972592663,50.98054783301626,5976,
2008-06-02,48.73915863037109,50.541056495700126,48.60731105482523,48.95890235426545,777,
2008-06-03,49.66207885742188,50.84869355970862,47.72833352334246,48.34361658687085,1175,
2008-06-04,50.49711227416992,51.85952279565447,48.783110426420734,51.85952279565447,1273,
2008-06-05,48.78310775756836,50.10157012939453,48.21177272190107,49.22259521484375,412,
2008-06-06,46.585670471191406,46.62961854631431,46.36592674255371,46.36592674255371,515,
2008-06-09,44.73982620239258,45.92644104119498,44.25638729848765,45.70669730415577,528,
2008-06-10,44.25638961791992,45.57485210925446,43.289518465484,43.289518465484,712,
2008-06-11,43.11371612548828,45.70669262786605,42.19079319495327,45.70669262786605,902,
2008-06-12,43.94874572753906,44.56402883832925,43.94874572753906,43.94874572753906,40,
2008-06-13,44.78377151489258,44.82771958898303,42.19079490727815,42.19079490727815,98,
2008-06-16,45.75064086914063,46.453820087715584,42.54238463657267,42.54238463657267,619,
2008-06-17,47.0691032409668,47.948078103927976,44.08059071871257,44.08059071871257,730,
2008-06-18,48.12387847900391,48.29967413948621,46.6296203944393,48.29967413948621,926,
2008-06-19,47.20094680786133,47.81622983034818,45.79458513460243,45.79458513460243,208,
2008-06-20,45.70669555664063,45.70669555664063,44.91561679233564,44.91561679233564,2120,
2008-06-23,43.50925827026367,44.25638560642256,43.50925827026367,43.50925827026367,746,
2008-06-24,43.37741470336914,43.94874979187289,41.35577288354769,41.751312302279246,298,
2008-06-25,41.44366455078125,42.454483592859525,41.3118169851514,41.44366455078125,2949,
2008-06-26,41.31182098388672,41.31182098388672,41.31182098388672,41.31182098388672,0,
2008-06-27,39.55387496948242,42.76213505821652,39.55387496948242,39.59782304884381,520,
2008-06-30,37.7959213256836,41.22392483364092,37.5761775970459,41.22392483364092,232,
2008-07-01,35.906131744384766,39.29018791481696,35.906131744384766,36.03797935151452,4208,
2008-07-02,35.59849166870117,36.74115863190654,35.59849166870117,35.59849166870117,1345,
2008-07-03,33.84052658081055,35.510579883150434,33.84052658081055,34.1921178085734,401,
2008-07-04,34.71950912475586,34.71950912475586,32.522071838378906,32.522071838378906,108,
2008-07-07,36.43350982666016,36.43350982666016,33.401045788422444,33.401045788422444,1086,
2008-07-08,35.64242935180664,37.79591839614508,34.675558361951644,35.20294192859565,1118,
2008-07-09,37.35643768310547,37.35643768310547,36.1698227684986,36.1698227684986,162,
2008-07-10,37.35643768310547,37.35643768310547,37.35643768310547,37.35643768310547,100,
2008-07-11,38.58700180053711,38.58700180053711,37.44433167854836,37.79592300116388,256,
2008-07-14,36.91695022583008,36.91695022583008,36.69720647448585,36.74115455414999,728,
2008-07-15,36.91695022583008,37.795925231206986,35.59848771776472,35.59848771776472,400,
2008-07-16,36.91695022583008,36.91695022583008,36.91695022583008,36.91695022583008,100,
2008-07-17,36.91695022583008,36.91695022583008,36.91695022583008,36.91695022583008,0,
2008-07-18,37.04879760742188,38.76279617575309,37.04879760742188,38.1914644373172,848,
2008-07-21,36.91695022583008,37.75197715154285,35.59848771776472,35.59848771776472,1701,
2008-07-22,37.75197219848633,38.63094708854178,35.29084317693568,38.63094708854178,1442,
2008-07-23,38.67489242553711,39.29017547563886,37.35643018375743,37.79591759768399,1807,
2008-07-24,38.67489242553711,39.9494065965287,37.00483891140704,37.00483891140704,430,
2008-07-25,37.31248474121094,39.46597389174455,37.04879294488549,39.46597389174455,1149,
2008-07-28,38.67489242553711,38.67489242553711,37.00483891140704,37.09273840600607,584,
2008-07-29,37.444332122802734,37.57617970860368,37.444332122802734,37.444332122802734,90,
2008-07-30,38.80674362182617,39.33412722667284,37.40038175386306,37.40038175386306,722,
2008-07-31,40.43284225463867,40.43284225463867,40.43284225463867,40.43284225463867,121,
2008-08-01,39.949405670166016,42.19079075861276,39.15832700223291,42.19079075861276,604,
2008-08-04,41.75130081176758,41.97104450025056,39.99335130390368,41.92709643315849,1389,
2008-08-05,41.44366455078125,43.72899776619749,40.69653393391691,43.72899776619749,1252,
2008-08-06,41.75130081176758,42.63027556569953,41.31181343480161,41.31181343480161,858,
2008-08-07,42.2786865234375,43.50925258419973,41.75130298483813,43.50925258419973,3400,
2008-08-08,41.92710494995117,43.50925915781242,41.443669407691246,43.50925915781242,327,
2008-08-11,39.86150741577149,43.81689417225248,39.86150741577149,43.81689417225248,11700,
2008-08-12,37.88381576538086,40.960227827400935,37.88381576538086,40.960227827400935,7600,
2008-08-13,37.09274291992188,38.67489713198952,35.994024251399445,38.67489713198952,10700,
2008-08-14,37.400386810302734,38.630953192012086,36.91695121499679,38.630953192012086,1015,
2008-08-18,38.85069274902344,39.29018021597388,36.69720349036163,38.23540962468817,3873,
2008-08-19,39.90546417236328,40.784439124591344,37.004844147592,40.43284780249078,4564,
2008-08-20,38.85069274902344,40.8723344263908,38.674897091638606,40.8723344263908,1633,
2008-08-21,38.14752197265625,39.50993275317454,37.79593057954391,39.50993275317454,684,
2008-08-22,37.400386810302734,38.67490127285378,36.91695121499679,38.14751759670614,3251,
2008-08-25,37.04879760742188,39.29018318779799,36.12587117459918,39.02649135828731,1503,
2008-08-26,37.75197219848633,38.63094708854178,36.5653540850976,38.63094708854178,1561,
2008-08-27,37.5322265625,39.02648447001845,36.08191672663913,39.02648447001845,2005,
2008-08-28,37.400386810302734,39.07044070647633,36.65325937692297,39.07044070647633,3512,
2008-08-29,37.444332122802734,39.11438589550559,36.6093085894747,38.67489841353362,411,
2008-09-01,37.400386810302734,39.02649262563463,36.03797618606829,39.02649262563463,819,
2008-09-02,38.14752197265625,38.89464949173995,37.79593057954391,38.89464949173995,1754,
2008-09-04,39.68572235107422,39.77361850933296,38.23541226864052,38.58700360772248,5289,
2008-09-05,39.0704345703125,40.300997405733526,38.23540775336992,40.300997405733526,2421,
2008-09-08,38.45515441894531,41.751310511997765,38.45515441894531,38.674898158482144,860,
2008-09-09,39.50991439819336,39.5538624636596,37.04878584883681,37.04878584883681,1421,
2008-09-10,39.55387496948242,39.55387496948242,37.88382112956153,39.55387496948242,1536,
2008-09-11,40.46315383911133,40.82686896894318,40.008511661143785,40.008511661143785,2347,
2008-09-12,39.3265495300293,41.78161805569069,36.46230233865023,36.46230233865023,689,
2008-09-15,36.9624137878418,39.09923082943433,36.37137751575287,39.09923082943433,3076,
2008-09-16,35.462093353271484,36.371377798227165,34.552808908315804,36.371377798227165,593,
2008-09-17,35.462093353271484,39.00830407605659,34.73466649103592,38.962837078892896,2794,
2008-09-18,35.4166259765625,38.96283284538994,33.643520807826526,38.96283284538994,456,
2008-09-19,35.05290985107422,38.6445836097051,32.05227228804953,32.05227228804953,1258,
2008-09-22,35.00745391845703,37.917165067746126,35.00745391845703,37.917165067746126,265,
2008-09-23,34.64373779296875,37.82623351820481,34.64373779296875,37.82623351820481,205,
2008-09-24,35.05290985107422,38.099014405025855,34.00723496399826,38.099014405025855,3808,
2008-09-25,36.32591247558594,36.37137600185932,33.64352280171987,36.28044894931256,615,
2008-09-26,34.55281066894531,35.462095160233346,33.96177436215007,35.462095160233346,290,
2008-09-29,32.82516860961914,36.28045243685909,31.91588412216548,32.734241548331795,523,
2008-09-30,32.73423767089844,35.462090810139976,30.91566891140408,30.91566891140408,206,
2008-10-01,32.73423767089844,35.462090810139976,30.91566891140408,30.91566891140408,0,
2008-10-03,30.00638008117676,32.87062684001946,30.00638008117676,32.87062684001946,471,
2008-10-06,27.73317527770996,28.55153092264675,27.005748423171127,27.05121195120889,2188,
2008-10-07,25.55088996887207,29.278956061296345,25.55088996887207,29.278956061296345,820,
2008-10-08,24.27789306640625,24.55067768023551,24.27789306640625,24.55067768023551,1171,
2008-10-10,24.00510597229004,25.45996124758809,23.641392587046084,25.45996124758809,2783,
2008-10-13,24.18696403503418,25.18717716599588,24.18696403503418,24.914390820648727,1555,
2008-10-14,25.369035720825195,25.369035720825195,24.550680065506143,25.369035720825195,1854,
2008-10-15,25.0507869720459,26.05100025656385,25.00532344133612,26.05100025656385,282,
2008-10-16,24.050573348999023,25.45996349140121,23.95964456109383,25.45996349140121,365,
2008-10-17,22.868501663208008,25.187177857904167,22.868501663208008,23.05035923176852,3951,
2008-10-20,21.822826385498047,23.64139525095622,21.822826385498047,22.41386091990747,5767,
2008-10-21,21.4591121673584,21.822825580163315,20.91354118098985,20.91354118098985,7361,
2008-10-22,21.68643379211425,22.232004791689423,21.14086279253909,22.232004791689423,1413,
2008-10-23,21.1408634185791,21.82282675466229,20.868078777874803,21.82282675466229,876,
2008-10-24,20.458898544311523,20.913540734185112,20.09518513927712,20.140648664535547,2440,
2008-10-27,20.231576919555664,21.50457467100033,19.45868487014639,21.50457467100033,320,
2008-10-29,19.68600845336914,21.2772562778684,19.50415259973415,20.00425836513349,2744,
2008-10-31,20.00425720214844,20.686220515858043,19.45868620431628,20.686220515858043,4227,
2008-11-03,20.049718856811523,20.640755060951903,19.094971000514683,19.23136330365391,3266,
2008-11-04,20.7316837310791,20.913541305727417,19.731472273480467,20.00425690113057,13352,
2008-11-05,20.777149200439453,21.777362402399444,20.64075688524545,21.777362402399444,24834,
2008-11-06,20.36797332763672,20.86808086470242,20.00425985888515,20.00425985888515,10065,
2008-11-07,19.59507942199707,20.91354258290948,19.41322357056525,19.41322357056525,6341,
2008-11-10,19.094970703125,20.23157610212053,18.185686383928573,19.54961286272321,25400,
2008-11-11,18.73125648498535,19.95879060789168,18.64032771026597,18.913112300101982,5189,
2008-11-12,18.77672004699707,20.004254172636944,18.77672004699707,19.549612032349746,1407,
2008-11-14,18.23115348815918,20.231580077157723,18.18568995699571,20.00425895269528,2196,
2008-11-17,18.867652893066406,19.049510482150264,17.276405058711408,17.276405058711408,1221,
2008-11-18,17.912904739379883,19.04951032603286,17.912904739379883,18.1856893864476,350,
2008-11-19,17.64011573791504,19.094971019606657,17.27640235107269,17.27640235107269,2507,
2008-11-20,17.18547821044922,17.685585769906467,16.86722826067146,17.276407015288964,266,
2008-11-21,18.185691833496094,18.185691833496094,16.367122650146484,17.09454962975724,1528,
2008-11-24,18.23115348815918,19.91333015604579,17.276405459145924,17.276405459145924,2520,
2008-11-25,17.776508331298828,18.822186720228856,17.45826019656944,17.45826019656944,2089,
2008-11-26,17.503726959228516,18.185690347250404,17.503726959228516,18.185690347250404,175,
2008-11-27,17.503726959228516,17.503726959228516,17.503726959228516,17.503726959228516,0,
2008-11-28,18.77672004699707,18.867648821918937,16.821759190626523,16.821759190626523,759,
2008-12-01,18.185691833496094,19.0949764251709,17.867441879545368,18.77672647122017,945,
2008-12-02,18.23115348815918,18.458474612621625,18.18568995699571,18.322082284808666,520,
2008-12-03,18.549400329589844,18.77672141631109,17.276402590815273,17.276402590815273,237,
2008-12-04,19.54961395263672,19.54961395263672,18.54940079889317,18.64032958274664,1279,
2008-12-05,20.00425720214844,20.822612831735487,18.640330574729223,18.640330574729223,763,
2008-12-08,20.82261085510254,20.82261085510254,18.64032880525429,18.64032880525429,0,
2008-12-10,21.186325073242188,21.41364616516248,19.50415038048987,19.54961390514501,1700,
2008-12-11,20.91354179382324,21.777362692079688,20.91354179382324,21.322720479170485,1077,
2008-12-12,22.64118003845215,22.732108820599,21.91375324992189,22.09560907989332,9022,
2008-12-15,23.14129066467285,23.914181083710023,22.73211195574052,23.914181083710023,3652,
2008-12-16,23.77778625488281,24.55067832685188,21.822825179423887,21.822825179423887,6386,
2008-12-17,23.05035781860352,24.14149796010436,22.777571482486653,24.14149796010436,7340,
2008-12-18,22.55025291442871,22.55025291442871,22.55025291442871,22.55025291442871,21,
2008-12-19,24.414289474487305,24.82346646396565,23.18675503740712,23.18675503740712,3226,
2008-12-22,22.368396759033203,24.55067898896568,22.368396759033203,24.55067898896568,1440,
2008-12-23,21.36818504333496,23.459538630443003,20.458900573405813,20.458900573405813,842,
2008-12-24,20.640756607055664,22.59571772334769,20.54982782004437,20.54982782004437,275,
2008-12-26,20.91354179382324,21.322720479170485,20.458899580914043,20.458899580914043,565,
2008-12-29,20.777149200439453,20.91354151563345,20.45889930877186,20.45889930877186,416,
2008-12-30,21.50457763671875,21.50457763671875,20.00425858937977,20.00425858937977,353,
2008-12-31,22.595718383789062,22.68664717345807,22.413860804451048,22.413860804451048,150,
2009-01-02,23.8232536315918,24.505216979049703,21.50457720964144,22.59571925930308,1700,
2009-01-05,23.550466537475582,23.64139532790895,23.09582431963118,23.64139532790895,1743,
2009-01-06,22.41386032104492,23.186752415078686,22.368396794352147,22.368396794352147,23,
2009-01-07,22.277467727661133,22.73210992618483,22.277467727661133,22.73210992618483,2100,
2009-01-09,22.277467727661133,22.277467727661133,20.595291246258984,22.18653894109192,400,
2009-01-12,20.95900535583496,21.55004162104632,20.91354182819828,21.231791724622298,1410,
2009-01-13,20.95900535583496,20.95900535583496,20.95900535583496,20.95900535583496,0,
2009-01-14,22.050142288208008,22.550247914417945,19.913324028878087,19.913324028878087,1300,
2009-01-15,19.95879364013672,20.23157827141561,19.686007274535434,20.23157827141561,1500,
2009-01-16,20.049718856811523,21.82282400058821,20.049718856811523,21.82282400058821,10,
2009-01-19,20.049718856811523,20.049718856811523,20.049718856811523,20.049718856811523,0,
2009-01-20,21.1408634185791,21.36818453060684,20.91354230655137,21.36818453060684,241,
2009-01-21,20.095186233520508,20.231578551045093,20.00425744372998,20.231578551045093,324,
2009-01-22,20.00425720214844,22.322931775032146,19.50415146582369,20.00425720214844,1213,
2009-01-23,19.50415229797364,20.00425805563553,19.50415229797364,20.00425805563553,300,
2009-01-27,19.094970703125,19.094970703125,19.094970703125,19.094970703125,136,
2009-01-28,20.82261085510254,20.86807611229406,18.185686639272475,18.185686639272475,1927,
2009-01-29,20.277042388916016,20.640757553641144,18.367546445721302,20.004257749694613,415,
2009-01-30,21.09539794921875,21.140861473712874,19.322292744791337,19.322292744791337,201,
2009-02-02,20.00425720214844,20.686220515858043,19.822399624763587,20.00425720214844,2205,
2009-02-03,19.14043617248535,20.86807794216688,18.23115176078872,19.958793530470235,7375,
2009-02-04,19.36775779724121,20.00425759630723,19.140436688192263,20.00425759630723,1031,
2009-02-05,18.322080612182617,18.322080612182617,18.322080612182617,18.322080612182617,56,
2009-02-06,20.00425720214844,20.00425720214844,19.91332841345601,19.91332841345601,120,
2009-02-09,20.91354179382324,21.322720479170485,20.0497208955668,20.186114946897483,390,
2009-02-10,21.595504760742188,21.686433548704525,21.595504760742188,21.686433548704525,2,
2009-02-11,20.86807632446289,22.413858663923914,19.776934421283848,21.59550310370076,861,
2009-02-12,21.4591121673584,21.73189679338149,20.004256781816373,20.004256781816373,432,
2009-02-13,20.458898544311523,20.68621963924832,19.367756594885982,19.91332756959876,818,
2009-02-16,21.822826385498047,21.822826385498047,17.367333011990013,17.367333011990013,2950,
2009-02-17,20.095186233520508,21.3227205598866,19.094973014469527,19.32229412178464,2234,
2009-02-18,19.54961395263672,19.54961395263672,19.54961395263672,19.54961395263672,200,
2009-02-19,19.27682876586914,20.73168232725212,19.27682876586914,20.73168232725212,202,
2009-02-20,18.04929542541504,19.09497212340363,17.321866875358644,19.09497212340363,7211,
2009-02-24,17.094545364379883,21.50457488049049,16.867224273181627,18.185687295860426,3474,
2009-02-25,20.18611526489257,20.45889990320636,17.68558305450069,20.004257683135105,3731,
2009-02-26,17.003618240356445,19.549613756817752,16.912689457413766,19.549613756817752,5924,
2009-02-27,17.412796020507812,18.36754568698849,17.049082605129524,17.731045909334703,2378,
2009-03-02,18.73125648498535,18.73125648498535,16.36711701389207,16.36711701389207,638,
2009-03-03,17.549190521240234,18.049298047234466,16.548978937896944,16.548978937896944,1810,
2009-03-04,16.36711883544922,18.41300868988037,14.866799955730835,16.730832240483625,5064,
2009-03-05,15.548763275146484,16.27619008683426,14.957728773859875,15.457834490104933,4641,
2009-03-06,16.548978805541992,17.185476923095102,15.548765495875596,15.821550155637992,1487,
2009-03-09,16.86722183227539,18.140221146223904,16.13979513943799,16.276187427554746,2061,
2009-03-12,17.04907989501953,17.27640096028646,16.730830056781414,17.04907989501953,2166,
2009-03-13,16.048870086669922,19.094973320352555,14.639479892468112,19.094973320352555,56033,
2009-03-16,15.912474632263184,16.36711676461356,13.957513810020982,15.912474632263184,1604,
2009-03-17,16.594440460205078,17.45826134227347,16.09433472910593,17.45826134227347,1687,
2009-03-18,17.321868896484375,18.822189697267973,16.7308343229479,18.822189697267973,1375,
2009-03-19,17.458263397216797,17.5491904613394,17.276405800326437,17.276405800326437,1105,
2009-03-20,17.731046676635742,18.140225370594774,17.731046676635742,18.140225370594774,400,
2009-03-23,18.185691833496094,19.73147633307235,17.640120731626666,17.73104953765869,1985,
2009-03-24,19.27682876586914,19.32229228929152,17.73104468899692,17.73104468899692,2160,
2009-03-25,19.00404357910156,19.00404357910156,17.36733235576166,17.36733235576166,600,
2009-03-26,18.41300773620605,19.004042205565508,18.41300773620605,18.822186379628413,420,
2009-03-27,19.59507942199707,19.731473478474022,17.276404742403486,17.276404742403486,520,
2009-03-30,18.867652893066406,19.54961625064712,18.867652893066406,19.54961625064712,2030,
2009-03-31,18.867652893066406,18.867652893066406,18.867652893066406,18.867652893066406,0,
2009-04-01,18.73125648498535,20.00425412809031,18.64032771026597,19.549611988815528,2605,
2009-04-02,20.86807632446289,21.822824189002866,19.95879198325444,19.95879198325444,3094,
2009-04-06,22.186538696289062,22.595717364174515,19.094972127304267,19.094972127304267,2289,
2009-04-08,23.86871337890625,24.82346122033362,20.913539341517858,20.913539341517858,2042,
2009-04-09,24.82345962524414,25.550888074451983,21.41364364736324,24.550675040742505,3175,
2009-04-13,24.368820190429688,25.369033334778265,22.82303781672941,23.64139339507924,2212,
2009-04-15,26.23285675048828,29.0971024234302,22.823040060242555,23.64139571903704,1955,
2009-04-16,23.8232536315918,28.460603006847567,22.73211158193016,25.45996497176177,2779,
2009-04-17,26.2783145904541,26.2783145904541,21.82282209327489,21.82282209327489,285,
2009-04-20,24.641605377197266,25.4144973947548,21.95921594400411,21.95921594400411,3298,
2009-04-21,24.91439247131348,24.91439247131348,24.91439247131348,24.91439247131348,40,
2009-04-22,25.27810859680176,25.550894989451383,23.41407605148085,23.641397178194257,650,
2009-04-23,24.868927001953125,27.278530151834016,22.777571983052507,22.777571983052507,1264,
2009-04-24,23.86871337890625,25.596353238515025,23.095821360724845,23.095821360724845,501,
2009-04-27,25.459964752197266,27.2785336630685,22.732111385890416,22.732111385890416,1580,
2009-04-28,24.641605377197266,26.096460633601648,22.91396551898302,22.91396551898302,948,
2009-04-29,25.459964752197266,25.459964752197266,23.23221714265102,24.505216767718853,1212,
2009-04-30,25.459964752197266,25.459964752197266,25.459964752197266,25.459964752197266,0,
2009-05-04,25.14171600341797,26.59657154595886,24.414289099308792,25.323573596606533,1177,
2009-05-05,25.50542640686035,27.64224506696492,23.868715201086232,27.18760287265852,4896,
2009-05-06,25.459964752197266,26.369249207632883,24.14150159808664,24.14150159808664,4375,
2009-05-07,27.005746841430664,27.64224486829152,24.687070626539647,25.914604889208736,2043,
2009-05-08,26.960283279418945,28.005960037789738,25.505427829618423,28.005960037789738,1031,
2009-05-11,25.91460227966309,25.91460227966309,25.91460227966309,25.91460227966309,75,
2009-05-12,25.459964752197266,26.96028375680154,21.91375572286285,21.91375572286285,2017,
2009-05-13,25.50542640686035,26.096462646916542,24.55067849254584,24.55067849254584,578,
2009-05-14,24.95985412597656,26.36924406321252,24.550675507128897,24.550675507128897,494,
2009-05-15,27.096677780151367,29.00617560336316,25.6872874794336,25.82367980945104,8743,
2009-05-18,27.096677780151367,27.096677780151367,27.096677780151367,27.096677780151367,0,
2009-05-19,27.82410049438477,31.73402410472768,21.913752423833063,27.50585063602908,6731,
2009-05-20,32.279598236083984,33.097955635160986,26.64203390675723,29.097102635343308,5556,
2009-05-21,33.18888092041016,34.37094995809308,30.279170118590454,30.279170118590454,2709,
2009-05-22,33.55259704589844,34.14362984758378,32.052276340380146,32.052276340380146,9706,
2009-05-25,37.37158203125,37.598903098273766,34.18908709291723,35.098371361012305,5508,
2009-05-26,33.68898391723633,39.91758369302792,31.00659443531992,37.73529990162096,2995,
2009-05-27,38.18994140625,38.644583565848215,35.507551970891654,36.82601492745536,2606,
2009-05-28,38.09901809692383,39.09922955864045,36.46230338699517,36.46230338699517,903,
2009-05-29,36.234981536865234,39.09922875146533,35.5984852390827,38.18994436189637,7391,
2009-06-01,37.189735412597656,37.189735412597656,35.962199323245954,36.37137801969652,6200,
2009-06-02,37.50798034667969,40.91779674183238,36.462301931375016,38.18994362571023,2100,
2009-06-03,37.962623596191406,40.9177978881105,37.50798139743462,37.50798139743462,7221,
2009-06-04,40.37223052978516,44.46401051042643,38.41726759602083,44.46401051042643,8829,
2009-06-05,39.59933471679688,41.827082178741385,39.14469251920186,41.827082178741385,5300,
2009-06-08,37.37158203125,40.91779206427849,36.371370723803096,40.91779206427849,3200,
2009-06-09,37.23519515991211,37.7353008631649,34.05269990639218,34.64373265800201,3148,
2009-06-10,36.37138366699219,38.1899528503418,35.96220490700944,38.1899528503418,2300,
2009-06-11,37.189735412597656,38.189946920681344,35.325699514172285,38.189946920681344,800,
2009-06-12,36.09859085083008,38.18994424680726,35.462091086321024,35.462091086321024,433,
2009-06-15,33.643524169921875,35.14384487847093,33.643524169921875,34.734666188080745,457,
2009-06-16,36.91695022583008,37.00788075926667,33.68899086470264,33.68899086470264,671,
2009-06-17,36.37138366699219,36.37138366699219,35.46209907531738,35.507562611172034,1600,
2009-06-18,34.50733947753906,35.098372184480986,34.05269733282483,34.09816085356739,1900,
2009-06-19,35.462093353271484,35.462093353271484,33.00702465816217,34.18909374287558,634,
2009-06-22,35.462093353271484,35.462093353271484,35.462093353271484,35.462093353271484,0,
2009-06-23,32.46145248413086,35.4620901911954,31.915879784618028,32.77970062402991,1500,
2009-06-24,33.643524169921875,35.73487768135021,30.91567085884713,30.91567085884713,600,
2009-06-25,33.279808044433594,35.37116496397646,33.18888099082076,33.279808044433594,837,
2009-06-26,33.77991485595703,35.73487411951523,32.87063050956405,32.87063050956405,400,
2009-06-29,34.5982666015625,37.00787136175405,33.23434016416599,33.23434016416599,1312,
2009-06-30,33.23434829711914,35.37116898647294,32.96156363661412,33.37074236169423,1364,
2009-07-01,33.32527160644531,35.28023080686367,32.09773569727414,35.28023080686367,251,
2009-07-02,32.9615592956543,34.05270126261868,32.506917098472854,32.91609576966509,294,
2009-07-03,34.50733947753906,34.50733947753906,32.734234419424695,34.50733947753906,52,
2009-07-06,33.052486419677734,36.18951828079644,31.91588092424666,36.18951828079644,1242,
2009-07-07,29.960922241210938,33.552596382968844,28.18781693389807,32.73423902001066,1883,
2009-07-08,29.4608154296875,30.18824224317412,27.41492383132145,29.41534843557081,2329,
2009-07-09,28.77885055541992,32.734237993119685,28.00595847816235,32.734237993119685,1192,
2009-07-10,27.096677780151367,29.36988906151717,26.59657199197992,26.73296432199736,3261,
2009-07-13,28.14235115051269,28.86977793224186,24.86892716408697,25.596353945816126,1435,
2009-07-14,28.59699440002441,28.642457925224413,27.278531357356584,27.278531357356584,290,
2009-07-15,28.733386993408203,31.64309599297113,26.551104810155422,26.551104810155422,294,
2009-07-16,29.551742553710938,31.734026468212072,28.187815974308894,28.46060059646037,1584,
2009-07-17,30.14278030395508,32.3705243871212,28.18781738797621,28.18781738797621,2179,
2009-07-20,31.370317459106445,32.734244305154554,30.64289050160986,30.64289050160986,751,
2009-07-21,30.00638008117676,31.73402153391428,29.097095836292613,29.097095836292613,13100,
2009-07-22,29.597206115722656,31.18845379365016,29.09710039638865,29.41534854451629,1221,
2009-07-23,30.23370933532715,35.280237568246726,28.187819229929072,28.187819229929072,3165,
2009-07-24,33.643524169921875,34.734666188080745,30.688349749590905,34.734666188080745,9365,
2009-07-27,34.5982666015625,35.916729518107985,33.37073419536336,35.689408445208564,1346,
2009-07-28,34.916526794433594,35.41663258439822,32.73424256903956,34.68920566548193,1940,
2009-07-29,33.23434829711914,35.64395364697796,32.96156363661412,32.96156363661412,643,
2009-07-30,33.46166229248047,35.28023093303533,32.73423552998741,32.87062956548679,2323,
2009-07-31,35.00745391845703,35.098380982735215,33.96177533603207,35.098380982735215,1001,
2009-08-03,33.825382232666016,35.4620935488856,32.37052503152479,35.4620935488856,476,
2009-08-04,33.68898391723633,35.46208906417392,31.870415247278693,31.870415247278693,2300,
2009-08-05,34.6891975402832,35.46208781022787,33.32527108604367,33.68898272598761,1188,
2009-08-06,33.37073516845703,36.28044568014586,32.73423545204941,33.41619869063378,7935,
2009-08-07,32.097740173339844,34.55280886539986,32.0522766448775,34.50734533693752,134,
2009-08-10,31.64309310913086,34.552803577835334,30.91566635911583,30.91566635911583,1169,
2009-08-11,31.052061080932617,33.598056496771214,30.27916732362726,30.27916732362726,320,
2009-08-12,31.00659942626953,31.734029786258336,29.369888053584766,30.09731494492855,552,
2009-08-13,32.643314361572266,34.734667980948075,29.278961077196385,32.73424142251012,7655,
2009-08-14,32.279598236083984,34.552809379470176,32.0977406508841,34.50734585033144,740,
2009-08-17,32.006813049316406,33.37073971219655,32.006813049316406,32.097740106050466,2651,
2009-08-18,33.007015228271484,33.64351485162561,31.597625434972706,32.279588573857005,169,
2009-08-19,31.23391342163086,34.55280240888981,31.1884499016638,31.1884499016638,557,
2009-08-20,31.824949264526367,32.73423352922712,31.370307132175988,31.370307132175988,1272,
2009-08-21,32.097740173339844,34.37095128290562,31.00659814701929,34.37095128290562,466,
2009-08-24,33.007015228271484,34.189083975275494,32.097731043092416,33.64351485162561,2095,
2009-08-25,39.64480209350586,39.64480209350586,33.825383480239466,33.825383480239466,35000,
2009-08-26,47.60103225708008,47.60103225708008,41.37243611893928,41.82707827409246,114800,
2009-08-27,47.28279113769531,51.6928193082724,44.73679538554839,49.5105387215657,123788,
2009-08-28,44.736793518066406,47.2827891639339,44.10029373943835,47.2827891639339,11113,
2009-08-31,43.37286758422852,45.64607863718971,43.19101000626266,45.64607863718971,3218,
2009-09-01,42.00894165039063,45.23690070549605,40.8268725769408,43.55472588581494,10995,
2009-09-02,41.59976196289063,44.73679388660805,39.37201445366261,40.91779865202356,5148,
2009-09-03,40.46315383911133,41.82708037301396,40.19036922605972,40.281296274195405,3007,
2009-09-04,40.69047927856445,41.32697908950003,40.09944299655751,40.09944299655751,3263,
2009-09-07,41.372440338134766,42.46358231550683,40.96326166303965,42.2817247411707,6500,
2009-09-08,41.554298400878906,43.00915207537811,41.37244082440531,41.82708303126691,5543,
2009-09-09,40.91779708862305,43.19100803799099,40.00851270887587,41.73615441785336,1600,
2009-09-10,37.82622528076172,42.690898339712106,36.82601394381941,42.690898339712106,40307,
2009-09-11,38.46273040771485,39.00830314282292,37.462518929650585,38.099018719620936,6684,
2009-09-14,37.37158203125,39.008296488736505,36.55322827115096,36.55322827115096,1566,
2009-09-15,38.50819396972656,39.91758760187112,35.91673474873169,39.91758760187112,7600,
2009-09-16,39.19015884399414,39.50841048622538,36.87148416440056,36.87148416440056,2624,
2009-09-17,39.42287826538086,40.95883603718965,39.2832480004208,40.0279533999808,4000,
2009-09-18,43.37913131713867,43.37913131713867,40.02795510117544,40.86575093068405,42800,
2009-09-22,46.21832656860352,47.75428086284644,43.28604470072106,45.79942865161522,59736,
2009-09-23,45.19435119628906,48.40589699562924,44.72890987902339,46.544131726566576,6713,
2009-09-24,44.35655975341797,46.07869123785281,41.9362627294953,43.518763946860986,5203,
2009-09-25,44.123836517333984,47.00957114756231,43.751482058127294,45.14780595359944,4594,
2009-09-29,44.35655975341797,45.566706489861545,43.0998660435825,43.75148460967843,1917,
2009-09-30,45.70633316040039,46.264864837833926,42.72751175156245,43.79802458566508,3509,
2009-10-01,44.03074645996094,45.28744010600976,43.75148238896186,44.26346711096605,2300,
2009-10-05,43.19295120239258,44.44964120882491,42.91368360004311,44.44964120882491,2318,
2009-10-06,41.93626022338867,42.82059939945402,40.4468494907783,42.82059939945402,6571,
2009-10-07,41.84317398071289,43.75148261877138,41.65699674872381,43.75148261877138,3400,
2009-10-08,42.7740592956543,43.28604405273763,39.7952340484846,40.12104156180065,6500,
2009-10-09,41.470821380615234,42.820601934406895,40.307218067180266,42.820601934406895,1775,
2009-10-12,41.88972091674805,44.63582555371977,41.19155890146891,44.63582555371977,3575,
2009-10-13,41.88972091674805,41.88972091674805,41.88972091674805,41.88972091674805,0,
2009-10-14,41.09846878051758,43.05332084722048,40.63302747406114,43.05332084722048,15051,
2009-10-15,40.0279541015625,40.86574991014894,39.79523343818133,40.77265951417517,9516,
2009-10-16,40.81920623779297,40.91229664129519,39.14361803614669,39.562515974317215,2291,
2009-10-20,40.30721664428711,41.42427649595823,39.88831875603102,41.28464268286107,1514,
2009-10-21,40.679569244384766,41.424274594299966,39.09706815641795,40.02795073157076,5627,
2009-10-22,40.726112365722656,40.9588330078125,39.84177321557421,39.84177321557421,490,
2009-10-23,40.4933967590332,40.95883810109106,40.4933967590332,40.86575125309374,847,
2009-10-26,41.65699768066406,41.84317491681825,40.2606737360608,40.49339439349468,789,
2009-10-27,38.49199295043945,40.95883318784898,38.16618547049564,40.95883318784898,2328,
2009-10-28,40.0279541015625,40.0279541015625,37.32839298592664,40.0279541015625,40700,
2009-10-29,37.70075225830078,38.67817845849398,37.37494470858171,38.67817845849398,2394,
2009-10-30,38.4454460144043,39.98140353882815,38.212725392584616,39.98140353882815,921,
2009-11-03,37.28184509277344,39.05052334279204,36.67677357116135,38.166184217782735,1405,
2009-11-04,33.837581634521484,36.76986329215839,33.55831756023115,36.76986329215839,16034,
2009-11-05,35.978614807128906,37.23530492803596,30.90530380047693,34.90809837003371,11519,
2009-11-06,37.14221954345703,39.51596961554965,35.88552582220644,37.74729114165721,7913,
2009-11-09,39.2367057800293,40.67957320167042,36.86295214164407,40.67957320167042,3900,
2009-11-10,38.212738037109375,40.63303543552694,37.70075320989821,39.09707740285741,2536,
2009-11-11,38.1196403503418,38.81780224851276,37.235301235784895,37.32838806846034,980,
2009-11-12,37.84038162231445,39.74869036878374,37.84038162231445,38.16618913352792,1500,
2009-11-13,38.1196403503418,40.633023893964285,37.98000655029358,38.16618376667952,737,
2009-11-16,38.81781005859375,40.86575274881171,37.98001419181139,40.86575274881171,678,
2009-11-17,38.81781005859375,39.46942867153161,37.793836937966894,39.46942867153161,1788,
2009-11-18,42.07589340209961,44.72890733947077,38.1661858488406,38.1661858488406,40031,
2009-11-19,40.4933967590332,43.70494272943952,40.02795541697535,41.47082286714757,4126,
2009-11-20,40.16758728027344,42.82060138015123,39.09707082535547,39.14361424708333,6037,
2009-11-23,41.93626022338867,42.49479191139402,38.44545048973752,39.56251031471295,3757,
2009-11-24,42.07589340209961,43.75148133891483,40.07449443107558,40.07449443107558,3593,
2009-11-25,42.07589340209961,42.727511919481984,41.84317275667985,41.88971617555675,4629,
2009-11-26,41.28464126586914,41.93625978623173,40.95883378120547,41.88971636714196,2416,
2009-11-27,41.424278259277344,41.88971958803327,39.28324885720719,39.28324885720719,2278,
2009-11-30,41.88972091674805,43.56530904321084,40.86575138141957,41.424279573228624,4199,
2009-12-01,44.77545166015625,46.4975866015686,41.88971701924463,42.07589424953723,6887,
2009-12-02,44.216922760009766,45.613246636641655,43.84456830582717,45.613246636641655,4001,
2009-12-03,44.54273223876953,46.032146571160766,44.21692474004651,44.21692474004651,4114,
2009-12-04,44.728912353515625,46.451047453291785,44.542735106102576,44.542735106102576,3032,
2009-12-07,44.68236541748047,46.26486656955664,44.44964476426442,46.26486656955664,4616,
2009-12-08,53.61884307861328,53.61884307861328,44.68237041585632,45.61325313285332,39306,
2009-12-09,57.2492790222168,60.32119439594444,54.08427681033054,57.85435412335352,241566,
2009-12-10,60.74008941650391,64.8359742611727,54.270454661167314,55.85295578529095,259702,
2009-12-11,61.298622131347656,65.81340164071392,58.78524177415397,63.30002128352024,163859,
2009-12-14,60.50736999511719,63.20693099992887,59.576487379807695,61.29861879771612,41420,
2009-12-15,62.78802108764648,66.27883042392193,60.1350074124911,61.43824431844789,164117,
2009-12-16,61.99677276611328,64.69633342287753,61.43824468935132,63.30000967993773,28744,
2009-12-17,64.27745056152344,67.02355156973266,61.90369693593364,61.90369693593364,86887,
2009-12-18,62.50876998901367,66.04611971973956,61.95024183174862,63.76546011837775,30471,
2009-12-21,61.95024871826172,64.6963499396183,61.48480735178965,64.13782172026615,24328,
2009-12-22,61.298622131347656,63.11384759116186,60.972814618684936,62.36913861758612,5563,
2009-12-23,64.04473114013672,67.76826185521278,60.60046096744863,62.55531317244932,147413,
2009-12-24,62.78802108764648,65.7668493158434,61.48479128375947,61.48479128375947,56040,
2009-12-29,63.1603889465332,65.16178814570851,62.41568705753931,63.76546411401476,14667,
2009-12-30,67.44243621826172,71.44523392388044,62.78802358478417,63.5327324469686,179436,
2009-12-31,68.65259552001953,70.74708148503707,67.95443353168035,67.95443353168035,43559,
2010-01-04,76.8908920288086,78.65957017505212,67.76824791471897,68.88530405862552,228561,
2010-01-05,76.33238220214844,79.59047168638648,75.40149949236614,78.65958897660418,57711,
2010-01-06,73.44664001464844,76.70472917915819,72.14340292843038,76.3323747113715,30057,
2010-01-07,72.4692153930664,75.44804423752223,71.67796653356469,73.53973189807286,19512,
2010-01-08,71.35215759277344,73.91208491793962,68.93186408757599,71.6779651046531,12774,
2010-01-11,76.61165618896484,80.00937267888311,68.97841307651001,80.00937267888311,53610,
2010-01-12,74.84296417236328,79.59046412054292,73.53972708213907,79.59046412054292,38193,
2010-01-13,73.6328125,75.35494389567647,72.6088430567927,72.6088430567927,10789,
2010-01-14,73.53972625732422,76.33237408988083,73.26045863324028,75.82038581308383,11154,
2010-01-15,71.77104187011719,74.88949693508941,71.21251377076054,74.88949693508941,7813,
2010-01-18,86.15319061279297,86.15319061279297,71.44524215557303,71.44524215557303,361821,
2010-01-19,80.70752716064453,91.13341765045136,79.63701773847586,89.2716522524935,187134,
2010-01-20,81.87112426757812,87.6426008207151,80.5678942704199,83.03472755223427,72966,
2010-01-21,76.75126647949219,84.244874147835,75.96001770072773,79.31119359448165,31660,
2010-01-22,73.16737365722656,78.10105446130551,70.88671404334474,73.30700747282708,32442,
2010-01-25,77.26325225830078,82.56927999424754,72.65538644035072,74.47060458631401,97011,
2010-01-27,71.44524383544922,78.65958441818188,70.09546682531474,74.93605379483598,23715,
2010-01-28,68.41987609863281,73.77245143968233,67.39590658423758,73.07428943867586,32822,
2010-01-29,68.04752349853516,71.16597910245031,61.43825779275871,65.62722991499226,30835,
2010-02-01,70.18855285644531,73.49318198509545,67.95443308793465,70.28163970053514,20865,
2010-02-02,66.83738708496094,73.26047264682016,64.23091243516875,73.21393276861762,78087,
2010-02-03,67.16319274902344,69.81620720229633,66.09267615150719,69.81620720229633,13687,
2010-02-04,65.76686096191406,68.83876946057164,65.25487266110228,68.83876946057164,12739,
2010-02-05,62.0433235168457,64.18434912539789,61.53133527237113,63.30001354174572,7416,
2010-02-08,61.43824768066406,64.23089530251244,60.972806410356,63.48618642919147,8682,
2010-02-09,61.67097473144531,61.90369539080925,58.412885500350086,60.69354512128838,5857,
2010-02-10,66.79082489013672,73.44663673514283,61.01935575439559,61.01935575439559,107656,
2010-02-11,67.11663818359375,68.88531665321206,65.20833299701091,67.11663818359375,45365,
2010-02-15,65.30140686035156,67.67515290376895,64.78941865969526,65.39449368717916,10412,
2010-02-16,68.41987609863281,72.46921428405604,64.46362475959623,69.7231132542591,100410,
2010-02-17,69.02494049072266,70.74707173760562,68.28023163160405,69.8161892147424,10284,
2010-02-18,71.538330078125,73.91208367134475,67.81479948613858,68.88531595174886,202599,
2010-02-19,71.67797088623047,72.84157430970824,70.88672197867992,72.60885362501269,51211,
2010-02-22,71.30559539794922,72.6088322693515,71.07287478170129,71.21250857186396,15993,
2010-02-23,73.44664001464844,75.68075971929785,70.93325268364131,70.93325268364131,145742,
2010-02-24,71.44524383544922,74.00517113899951,71.02634948115123,74.00517113899951,16256,
2010-02-25,71.91068267822266,79.12502301163659,71.21252071047292,79.12502301163659,52476,
2010-02-26,73.3070068359375,83.77943638392857,71.91068289620536,83.77943638392857,19196,
2010-03-02,73.02774047851562,74.9360527368667,72.18995178174778,73.3070081121522,37890,
2010-03-03,73.6328125,75.82038519732258,72.6088430567927,72.79501673662288,36689,
2010-03-04,73.53972625732422,74.70332952088947,73.07428495189811,74.37752202750534,31325,
2010-03-05,71.86412811279297,74.33096822526781,70.84015875537041,74.28442836024453,22008,
2010-03-08,71.07289123535156,73.95862612447071,69.35075969685073,73.49318478422339,59694,
2010-03-09,69.67657470703125,71.91069480087076,69.07149947923088,71.21253271542541,20946,
2010-03-10,68.97840118408203,70.32818525337471,67.72171105907015,67.72171105907015,19899,
2010-03-11,68.55950164794922,72.42266567453125,67.95442656632812,67.95442656632812,35295,
2010-03-12,68.23369598388672,70.7470761101289,68.00097533878761,68.55950346661137,11956,
2010-03-15,67.861328125,69.72309291799276,67.48897374598764,69.67654595734032,3980,
2010-03-16,67.95443725585938,69.0714936575929,67.48899590479185,67.48899590479185,9064,
2010-03-17,67.44243621826172,69.35074823881554,67.02354192207676,68.69913331095671,22992,
2010-03-18,67.44243621826172,68.18714508044616,66.88390812265843,67.25626255375064,8519,
2010-03-19,67.20972442626953,68.74568221774622,66.74428310170514,67.95443338640095,4018,
2010-03-22,66.83738708496094,67.72172289360182,66.09267801299973,66.09267801299973,7642,
2010-03-23,64.09127044677734,67.95443494996347,63.30002159722625,67.95443494996347,7270,
2010-03-25,64.32398223876953,71.63140877384886,63.3000128628724,65.1152309791414,8774,
2010-03-26,62.36913299560547,64.51016577508878,61.95023867452288,63.8120038385708,10561,
2010-03-29,58.50597381591797,62.36913827898579,57.71472497458386,62.36913827898579,14705,
2010-03-30,59.01795959472656,62.36913561007778,56.97001711821842,60.22810274084381,23559,
2010-03-31,59.39031600952149,61.20553799877989,59.11105190756689,60.50737596837556,11474,
2010-04-01,61.20553588867188,63.25347493309174,59.80921187600256,60.41428703524016,6632,
2010-04-05,62.13641357421875,65.02214821492939,60.92626335291882,61.43825162394663,21524,
2010-04-06,63.672359466552734,64.60324189412786,62.41566960974017,64.60324189412786,12834,
2010-04-07,63.25347518920898,65.39450819146626,63.11384846903365,64.46362551258417,8838,
2010-04-08,61.95024871826172,64.18436159567037,61.438260374313785,63.76546720667415,5931,
2010-04-09,61.20553588867188,62.92766741721647,60.50737388233722,62.92766741721647,7878,
2010-04-12,60.74008941650391,62.60185460934694,60.60045560662656,62.60185460934694,3904,
2010-04-13,62.2295036315918,63.7654614220256,60.50737215228706,61.15898716540637,5938,
2010-04-15,62.18296051025391,64.60325384942821,61.48479856037263,62.369134189394,11326,
2010-04-16,62.648414611816406,63.76547111905868,61.01936972921271,61.01936972921271,7268,
2010-04-19,60.83317947387695,62.78803160936194,59.76266301094654,59.76266301094654,1408,
2010-04-20,61.20553588867188,62.36913923256298,60.74009455111543,61.438256557450096,2563,
2010-04-21,61.81061553955078,62.6018644504808,61.29862719020515,62.322596786824704,4955,
2010-04-22,61.62443542480469,63.20694036658517,61.15899404817604,61.43826171498194,6528,
2010-04-23,61.62443542480469,62.555318178062,60.50737896172464,61.15899404817604,6673,
2010-04-26,61.01936721801758,62.55531807674706,60.97282023960139,61.531348470236814,5764,
2010-04-27,62.50876998901367,63.99818077574409,59.52994486451741,59.52994486451741,10336,
2010-04-28,61.158992767333984,63.16039206533658,60.97281906141024,63.16039206533658,6950,
2010-04-29,71.538330078125,73.35355550296097,62.08986978054525,62.08986978054525,456758,
2010-04-30,66.69774627685547,71.6779672567477,66.37193875519361,71.6779672567477,98653,
2010-05-03,67.44243621826172,70.46780443002213,65.20832383584855,66.55810065872902,64870,
2010-05-04,65.11524200439453,72.00377540271661,63.76546493063304,67.90789010354635,88364,
2010-05-05,64.32398223876953,65.58067225019194,63.3000128628724,63.3000128628724,27084,
2010-05-06,65.76686096191406,68.83876946057164,64.51017079873273,64.55671067021586,40237,
2010-05-07,65.76686096191406,69.30421078782925,63.76546183429215,63.99818249792095,48773,
2010-05-10,66.79082489013672,68.14060178576426,65.7203085063267,66.74427792046524,18970,
2010-05-11,65.06871032714844,67.02356282238694,64.74290276162074,66.09268000540933,4526,
2010-05-12,64.09127044677734,65.81340196687589,61.81061074476457,65.20833391267696,8348,
2010-05-13,64.88251495361328,66.23229899680605,64.46362062073283,65.99957834474564,5915,
2010-05-14,62.92766189575195,65.99957729491373,62.13641311174682,63.67237081132771,7691,
2010-05-17,62.36913299560547,64.0447244840768,61.43825041358151,63.53273622313542,3542,
2010-05-18,62.18296051025391,63.8585449287266,61.065897129201495,63.8585449287266,4434,
2010-05-19,60.64700698852539,62.55531218875053,60.507373168491576,60.97281450055689,1955,
2010-05-20,59.29722213745117,60.50736880331032,59.11104490784931,60.41428196402703,1815,
2010-05-21,64.18436431884766,67.58208785866478,57.80781874805416,61.438262980981065,109551,
2010-05-24,62.13641357421875,66.18575146538292,61.15898400300953,63.579284445609375,7555,
2010-05-25,57.993988037109375,62.55531086414219,56.83038473158537,61.43825453166753,14429,
2010-05-26,59.57649230957031,66.5115655266527,55.94604838904161,60.50737500190735,7948,
2010-05-27,59.9488410949707,63.300017047668426,58.45942679852202,63.300017047668426,3967,
2010-05-28,60.32119369506836,63.206928256878726,59.5764847943113,63.206928256878726,2727,
2010-05-31,60.22810363769531,63.20693233064226,58.73869284225729,63.20693233064226,884,
2010-06-01,59.66957092285156,62.46221861442405,59.204129640922815,62.18295810650901,6304,
2010-06-02,59.48340606689453,62.08987337075568,58.459432964267975,62.08987337075568,1796,
2010-06-03,59.76266098022461,61.99678067432297,59.11104599122833,61.43825252631606,3422,
2010-06-04,60.50736999511719,62.78802956179716,59.576487379807695,59.576487379807695,4493,
2010-06-07,65.02215576171875,66.55811365100233,59.57649333796012,59.57649333796012,44682,
2010-06-08,63.30002212524414,67.0235528384938,61.67097743819741,67.0235528384938,10537,
2010-06-09,62.78802108764648,64.04471813036147,61.20552369602953,61.20552369602953,2126,
2010-06-10,63.25347518920898,67.02355287950991,61.20553613649689,61.20553613649689,27244,
2010-06-11,62.2295036315918,64.97561170589972,61.48480177403702,62.13641678715633,4527,
2010-06-14,63.48619842529297,64.2309074393312,62.32259502965291,62.32259502965291,4346,
2010-06-15,62.50876998901367,64.41707511817516,62.13641551681335,64.0447277480457,3404,
2010-06-16,62.50876998901367,63.99818077574409,61.43825354471433,61.43825354471433,2491,
2010-06-17,65.48758697509766,66.93045779052484,61.43824924099181,61.43824924099181,13378,
2010-06-18,73.26045989990234,78.05450684909367,61.53134022078402,61.53134022078402,390506,
2010-06-21,68.28024291992188,77.635616662187,67.48899406509022,74.47061414078922,280674,
2010-06-22,67.34935760498047,71.6779633027697,66.09266746099544,70.65399381885861,28638,
2010-06-23,68.41987609863281,71.21252410265865,67.67516712339747,69.81620010064573,66851,
2010-06-24,68.00098419189453,69.2576744186252,67.5820827149367,69.2576744186252,6697,
2010-06-25,66.13921356201172,67.76825816105564,65.48759146115165,66.74428158857137,7556,
2010-06-28,65.95303344726562,69.16458280792236,64.23090198828379,64.32398883162074,67092,
2010-06-29,65.11524200439453,67.02355437964349,64.74289460616473,66.97700740382908,23169,
2010-06-30,64.92906951904297,65.90649921284641,64.2309074812038,64.2309074812038,8309,
2010-07-01,64.46361541748047,65.62721858386098,64.23089478420437,65.16177731730878,4676,
2010-07-02,64.46361541748047,67.0235423835176,63.62581971727247,67.0235423835176,6797,
2010-07-05,66.69774627685547,67.5355421197512,64.23090572357911,66.32539177978278,12059,
2010-07-06,66.2322998046875,70.23509080770891,65.76685849488938,68.09406504388,47409,
2010-07-07,64.88251495361328,66.46501964886646,64.41707364949247,65.62722388103485,7912,
2010-07-08,64.64979553222656,66.18575328547789,64.23090119137203,65.34795750169799,23445,
2010-07-09,65.20832824707031,65.9064901893213,64.51016630481932,65.58067560128107,10953,
2010-07-12,64.74288940429688,65.9995795275302,64.55670861806958,65.3945044009154,3208,
2010-07-13,64.60325622558594,65.81339938864778,63.67237359150565,65.81339938864778,8353,
2010-07-14,65.76686096191406,66.32538913420898,64.37053698014124,64.37053698014124,11045,
2010-07-15,65.02215576171875,65.72031779302297,64.55671440751594,65.16178958839389,3939,
2010-07-16,64.88251495361328,66.09266518515567,64.74288824403358,66.09266518515567,3322,
2010-07-19,64.41707611083984,70.74708092957782,63.34656675211483,70.74708092957782,8106,
2010-07-20,63.3465576171875,65.1617756700245,62.83456939609505,64.74288138154517,8667,
2010-07-21,64.13780975341797,64.2308965889299,63.160380225367,63.532734669485,3860,
2010-07-22,63.5327377319336,64.69634098709722,63.11384340090295,64.23089968503177,6883,
2010-07-23,63.998191833496094,65.53414985791441,63.67238427730362,64.23091253107245,9160,
2010-07-26,63.11385726928711,64.23091379887342,63.02076330676141,63.43966483191043,1881,
2010-07-27,63.30002212524414,64.04473110872256,62.97421460824904,63.30002212524414,1146,
2010-07-28,63.25347518920898,64.0912710206171,62.55531318004742,62.69494700229398,4524,
2010-07-29,63.48619842529297,64.0912736114401,62.36914200630712,62.36914200630712,4488,
2010-07-30,62.36913299560547,63.67237003085312,62.36913299560547,63.30001557762943,4674,
2010-08-02,66.32540130615234,67.39591797571875,62.18297557417598,62.8345907110917,31805,
2010-08-03,66.27884674072266,69.81620391315091,65.16179031894085,68.792234342839,44868,
2010-08-04,65.72032165527344,66.9770119650599,65.16179341782077,66.9770119650599,9786,
2010-08-05,65.34795379638672,66.41847017595745,64.46361819269417,66.09266269575865,5074,
2010-08-06,64.13780975341797,67.02354426670945,63.765455309299966,66.04611473865849,10881,
2010-08-09,64.60325622558594,65.11523741308757,62.88112477295158,62.88112477295158,7256,
2010-08-10,63.76544570922852,65.16176933789775,63.300004499672106,63.81199267101186,6382,
2010-08-11,76.33238220214844,76.51855590327632,63.30002426519626,64.18435999866087,579091,
2010-08-12,73.91207122802734,77.91486167928846,70.46780174905034,76.33236428494077,176215,
2010-08-13,82.75547790527344,85.26885848974416,72.79502821784374,72.84157519617798,394409,
2010-08-16,79.03192901611328,82.70891220594496,77.44942443787838,82.70891220594496,53922,
2010-08-17,78.05450439453125,83.31399249180215,77.35634244627593,79.7766357798136,153453,
2010-08-18,83.68634796142578,90.667967528251,78.19413914844247,79.1250217573525,435056,
2010-08-19,91.3661117553711,97.64956814621124,83.91905232919017,86.29279826004375,635715,
2010-08-20,94.0191421508789,97.46340491359771,91.22649436421914,91.36612817396625,289523,
2010-08-23,100.1164321899414,101.9316505228068,94.95003062398445,95.41547195057258,227480,
2010-08-24,115.19672393798828,116.7326816775756,101.605839140264,101.605839140264,614670,
2010-08-25,112.0782699584961,121.9456244060526,103.70032629701156,116.36032863172956,564861,
2010-08-26,109.3787078857422,118.22209277863196,106.58606002482962,113.47459283549476,151715,
2010-08-27,108.0289306640625,113.47459255916684,106.12061845625765,109.37870761938836,100275,
2010-08-30,103.1883316040039,110.58885230678084,101.37311343087072,109.3787021233118,79113,
2010-08-31,94.62421417236328,103.65377221391496,93.83296541236264,103.3279647365112,72935,
2010-09-01,97.13761138916016,99.46481821258072,95.97400797744989,96.39290946690852,35743,
2010-09-02,101.6989288330078,105.0035650592566,97.27723627505095,97.27723627505095,110418,
2010-09-03,101.32656860351562,107.93583357878272,100.53531982162988,100.53531982162988,52251,
2010-09-06,101.41966247558594,104.91047243370024,99.7440779569337,102.81598645883166,23979,
2010-09-07,103.56069946289062,104.91047652517392,100.53533071453651,102.58326979567076,54684,
2010-09-08,106.4464340209961,109.37871591050036,102.39709574600036,105.70173213135888,138575,
2010-09-09,101.931640625,107.84274347827316,100.58186374978932,107.05149472031964,32277,
2010-09-13,103.2348861694336,104.91047065975312,101.51275470629788,104.02613499281262,28896,
2010-09-14,100.30260467529295,103.2348864180011,98.76664689558194,102.53672443650254,17452,
2010-09-15,110.35613250732422,110.35613250732422,98.85972698272204,100.53531846462737,386143,
2010-09-16,107.30503845214844,120.1196760796784,105.33354912869277,113.54806410146256,404761,
2010-09-17,105.84988403320312,110.3091917862649,105.61518362514724,109.37039015404136,63525,
2010-09-20,102.65796661376952,107.4927969025844,99.51298228536196,107.4927969025844,50070,
2010-09-21,101.7660903930664,104.1130942897585,99.88848727571272,102.5171273425154,43552,
2010-09-22,108.10301971435548,109.3704006064822,101.39058596995774,101.39058596995774,112811,
2010-09-23,104.67637634277344,108.525461394629,103.59675309149394,108.525461394629,32936,
2010-09-24,108.43157958984376,109.22955947900311,101.39056792816558,103.31511398068592,77125,
2010-09-27,111.81127166748048,115.37872069351609,105.1457815885604,108.90098807386612,208334,
2010-09-28,107.35196685791016,112.37455423480196,106.08458606747774,111.8112746793307,52000,
2010-09-29,106.74173736572266,109.83978546168842,105.66212127279876,108.00912523565536,75990,
2010-09-30,106.31928253173828,107.7274849493772,105.1457805170392,106.83562628320104,12432,
2010-10-01,105.474365234375,107.727490654416,101.39057943945036,107.58666897269688,16833,
2010-10-04,102.9395980834961,106.9764407134935,102.32937560381976,106.17846077660349,12378,
2010-10-05,104.53556060791016,107.49278719018132,102.32937819851324,105.0988401563218,31176,
2010-10-06,102.56407928466795,105.14578379755434,101.48445596496332,103.73758133597995,18443,
2010-10-07,100.78035736083984,104.4886282371282,99.51297654488846,104.4886282371282,19540,
2010-10-08,102.28244018554688,104.01922902378452,96.97821642278343,99.60685682966414,49226,
2010-10-11,102.32937622070312,104.3947369124561,101.4844533331722,103.26817783740682,59834,
2010-10-12,100.63953399658205,103.17430274861094,100.45177653161169,100.54565526409684,7347,
2010-10-13,102.75184631347656,103.64371225299402,100.545663684125,101.01506454834824,24194,
2010-10-14,101.24976348876952,104.01923284437808,100.96812727187812,101.39058517845956,10701,
2010-10-15,98.7149887084961,102.5171308538736,98.10476624195766,101.39057180987012,11335,
2010-10-18,96.46187591552734,100.45178319183869,95.19449503672617,98.10477891165554,11653,
2010-10-19,92.096435546875,97.40066602048832,91.20457689168252,95.75776322014272,11905,
2010-10-20,87.87184143066406,93.7862952576032,87.30856181916721,91.06376877913138,20425,
2010-10-21,88.62287902832031,92.56584317500354,86.41669653761689,86.41669653761689,15306,
2010-10-22,85.29012298583984,90.96987546812652,83.7410989304446,88.85757189144783,18062,
2010-10-25,86.60445404052734,92.00256364196945,85.71259531919746,92.00256364196945,9445,
2010-10-26,85.14929962158203,86.83914531431509,84.5860201115002,86.651387865117,7356,
2010-10-27,83.17782592773438,86.83915384674337,82.99006846008808,83.55334802551525,3829,
2010-10-28,80.50224304199219,84.96155096560108,79.89202052521121,82.80230426391093,9099,
2010-10-29,78.01441192626953,82.61454122228044,77.35725366790561,82.61454122228044,14674,
2010-11-01,79.18791198730469,81.67573761141426,74.82248319971433,81.67573761141426,4705,
2010-11-02,79.09403991699219,80.50224240809591,77.92053784107242,79.42261906575207,8825,
2010-11-03,80.3614273071289,80.73694943467166,78.10830170436122,78.10830170436122,6052,
2010-11-04,80.64305877685547,81.9104395028548,78.85933430647339,80.26753670480328,5361,
2010-11-08,88.05960845947266,90.12496947835604,82.99007749381732,84.96155976865855,34055,
2010-11-09,90.03107452392578,90.96987612029103,87.59019180587366,88.24735005833423,15168,
2010-11-10,92.19031524658205,95.47612088192338,87.68407181560661,90.31271202638698,43420,
2010-11-11,94.86590576171876,100.170129139759,90.12495475591751,92.09643670870564,51503,
2010-11-12,93.31687927246094,97.6353651444285,92.23725601384712,97.6353651444285,17129,
2010-11-15,88.38817596435547,95.52306700601736,87.35549559138263,93.78628540204195,22573,
2010-11-16,88.29429626464844,95.75776636645008,86.65139341032209,88.66981118707547,54735,
2010-11-18,88.29429626464844,91.67398070390789,86.97997254868976,90.1249565801883,17373,
2010-11-19,85.85340881347656,88.71675673718525,84.49214927350977,88.294298855813,10696,
2010-11-22,85.9942398071289,91.53317162514853,84.49215842321401,91.53317162514853,10460,
2010-11-23,83.92887878417969,86.83916280794826,80.26755048734677,82.61455488756158,11074,
2010-11-24,82.09819030761719,86.08809677969954,80.17365148328156,83.55333553301857,8804,
2010-11-25,79.42262268066406,83.55335160840896,78.90628604125132,81.67574820147843,20256,
2010-11-26,72.14689636230469,79.79813028702905,67.87535368560903,79.3756724622691,24478,
2010-11-29,73.46121978759766,75.10412246655352,71.34891634322584,73.22651940488969,7556,
2010-11-30,74.16533660888672,75.71436089460805,72.38161189085878,74.02451491700499,7664,
2010-12-01,77.82666778564453,79.75120710725787,75.94906425480866,75.94906425480866,11443,
2010-12-02,77.12255859375,79.70426318527092,76.1368139756285,78.85934025009368,7802,
2010-12-03,74.35309600830078,78.81240433719167,73.88369513157542,76.04294202950764,5397,
2010-12-06,74.11839294433594,78.85934449631209,73.22653417514694,78.85934449631209,5260,
2010-12-07,73.36735534667969,75.76129541874712,71.630573609104,71.630573609104,5406,
2010-12-08,69.14273834228516,75.94904985071639,69.00191667168214,70.59787650521577,8776,
2010-12-09,66.13858032226562,72.1938558980817,64.026276387967,69.04887147284597,10505,
2010-12-10,68.5794677734375,72.75713251751209,63.83851627342997,63.83851627342997,7169,
2010-12-13,67.96923065185547,68.53251012449084,66.93655042494275,66.93655042494275,6988,
2010-12-14,66.74879455566406,69.47132071904309,64.1201542854093,69.00191990337387,13596,
2010-12-15,65.62225341796875,68.06313689480157,63.979350113611474,67.59373595069948,7622,
2010-12-16,65.90386962890625,67.35901497774108,64.12015231418977,64.12015231418977,2799,
2010-12-20,65.38752746582031,66.65490808852726,64.26096134147964,64.26096134147964,3753,
2010-12-21,68.3917007446289,70.12848241477617,64.49567235214393,65.38753824288706,19467,
2010-12-22,69.33050537109375,73.22653392931802,67.35902319780216,72.28773221227549,27504,
2010-12-23,68.43863677978516,73.22652341685095,68.11005765848913,72.28772183458364,26335,
2010-12-24,68.76721954345703,70.41012239944406,67.8753608580593,67.8753608580593,10870,
2010-12-27,69.61212921142578,69.89376534999148,67.87534795490063,68.86108518361058,7595,
2010-12-28,73.1795883178711,74.96331294789856,71.06728453132267,71.06728453132267,32059,
2010-12-29,73.36735534667969,75.52659499035883,72.14691025406508,72.14691025406508,10392,
2010-12-30,75.66741943359375,77.92054506061535,72.14691287965029,73.3204150642981,21226,
2010-12-31,74.82249450683594,79.23486690530292,73.83675699453717,73.83675699453717,25342,
2011-01-03,75.90210723876953,76.7470301036003,74.16532572702658,75.10412731850793,8973,
2011-01-04,76.37151336669922,77.54501543798375,73.32040798135945,77.54501543798375,18394,
2011-01-05,82.52067565917969,84.9146158358392,74.25921735397021,76.32458551151707,57702,
2011-01-06,93.50464630126952,99.04357766980362,84.49215156665713,84.49215156665713,2097143,
2011-01-07,90.40660858154295,93.50464996280994,88.71676261904192,92.89442741176852,280636,
2011-01-10,81.4410400390625,92.84748108510026,79.09403600335465,91.627036121537,158000,
2011-01-11,73.55509948730469,83.50639441409123,70.50399447148648,81.67573426959525,133534,
2011-01-12,72.14689636230469,75.10412262308617,64.02626167118603,75.10412262308617,278254,
2011-01-13,72.14689636230469,75.10412262308617,70.41011495914327,73.22651955750901,78422,
2011-01-14,70.5040054321289,72.94488839174878,69.89378290160182,71.58362880729399,36401,
2011-01-17,65.95082092285156,72.28773254177324,65.10589794116426,72.28773254177324,39487,
2011-01-18,66.88963317871094,69.89379629507465,65.95083130953606,66.65493271141722,70573,
2011-01-19,67.64066314697266,68.57946481639635,66.70186147754896,68.34476439904043,13903,
2011-01-20,67.35901641845703,68.0631176353747,66.42021479590014,66.65491520153935,9515,
2011-01-21,66.8426742553711,68.48557713403179,66.18551596890207,66.18551596890207,53136,
2011-01-24,67.54676818847656,69.42437127543893,67.12431035890496,67.31206780260626,26245,
2011-01-25,67.17125701904297,68.72027392153605,66.18551247883123,67.78147232609163,11364,
2011-01-27,67.07737731933594,68.01617900141196,66.37327605777892,66.8896198479161,9664,
2011-01-28,65.05895233154297,66.27939008753542,64.21402947740197,65.71611057227062,17778,
2011-01-31,63.32216262817383,64.7773079174003,60.78740127031404,64.7773079174003,45741,
2011-02-01,59.097564697265625,64.2609702009396,57.83018031858473,62.94665361840555,35728,
2011-02-02,54.919898986816406,60.08330829326923,54.21579771775466,60.08330829326923,84623,
2011-02-03,55.90563583374024,57.17302017127731,53.69945345612071,55.95257519855776,18872,
2011-02-04,55.01376724243164,57.173013587841794,53.981087010382616,56.328090793442726,12213,
2011-02-07,54.919898986816406,56.14034047027459,54.26273708610993,55.38929983285757,7611,
2011-02-08,52.52595138549805,55.38929561189824,50.83610918477368,55.38929561189824,24127,
2011-02-09,46.61149978637695,51.63408679684529,45.250236781847725,51.63408679684529,64581,
2011-02-10,43.88898086547852,48.30134971151882,42.24607783842852,46.65844668446882,44806,
2011-02-11,45.8604621887207,46.6115064231527,43.18487874260078,44.12368045439645,22557,
2011-02-14,52.3851318359375,53.32393349457884,45.86045959213142,45.86045959213142,40703,
2011-02-15,51.11775207519531,54.21579689585232,49.7564889260636,50.695290603913854,19957,
2011-02-16,50.64834976196289,51.63409077876319,49.991187890348,50.27282766925607,11019,
2011-02-17,47.409481048583984,52.57288987565749,45.62575656673376,52.33818947442688,135435,
2011-02-18,46.23598098754883,48.770746143724175,46.04821994241657,48.53604573261987,19622,
2011-02-21,46.56455612182617,47.36253959962838,44.26449515601285,47.36253959962838,9082,
2011-02-22,46.095157623291016,48.81768372507142,45.62575681824225,48.81768372507142,7037,
2011-02-23,46.1421012878418,46.84620250638724,43.51345387361032,46.23598001781693,8082,
2011-02-24,43.513450622558594,46.75231670212867,43.23181087243157,46.75231670212867,13857,
2011-02-25,44.02980422973633,46.00128650457756,43.09100246433679,46.00128650457756,12046,
2011-02-28,45.01553726196289,46.75231878274106,42.71547263461923,46.75231878274106,12942,
2011-03-01,50.272830963134766,51.25857204452088,43.18487875353215,45.06248217759877,171041,
2011-03-03,50.038124084472656,52.99535052864511,49.334022891216726,50.038124084472656,29295,
2011-03-04,50.17894744873047,51.44632820685683,48.91156310936013,51.07080970652946,19361,
2011-03-07,47.83194732666016,48.91156713281002,47.1278460517277,48.86462776406338,15092,
2011-03-08,48.95851135253906,50.17895287782525,48.20746710813737,50.17895287782525,5353,
2011-03-09,48.67687225341797,50.601418822485606,47.97277089826972,50.601418822485606,3404,
2011-03-10,48.34828186035156,49.75648424463365,47.69112003143782,49.70954488140635,4948,
2011-03-11,48.81769180297852,49.38097142974584,48.06665110687391,48.81769180297852,5275,
2011-03-14,47.69112396240234,49.66260961164426,47.0339620793217,49.615666663303806,4075,
2011-03-15,46.70538330078125,49.66261000759975,45.53188120779679,45.53188120779679,7452,
2011-03-16,46.61149978637695,48.72380333715699,46.18903835997218,48.72380333715699,10752,
2011-03-17,47.03396224975586,47.73806350248421,46.56456141460363,47.1278445655328,4061,
2011-03-18,46.23598098754883,47.87888386527899,46.04821994241657,47.87888386527899,4152,
2011-03-21,46.095157623291016,46.94008050487636,45.53187808973007,46.94008050487636,2989,
2011-03-22,47.26866149902344,47.78500526992409,45.578819250490966,46.0012807079351,11168,
2011-03-23,46.84620666503906,47.59724731524377,46.09516243359005,47.26866456867375,3210,
2011-03-24,46.61149978637695,47.64418008981633,46.2829170852871,46.940078906222986,5304,
2011-03-25,48.30134582519531,49.99118808651896,46.940082710346445,46.940082710346445,24547,
2011-03-28,47.878883361816406,49.61566495322782,47.26866086686427,49.61566495322782,16228,
2011-03-29,46.70538330078125,48.53604728208583,46.14210372864638,46.32986119852856,35895,
2011-03-30,49.89731216430664,51.39939346315218,48.77074939955033,49.70955110663987,37025,
2011-03-31,48.81769180297852,50.601416589815926,48.30135154823438,50.601416589815926,9088,
2011-04-01,50.83610916137695,51.211627660674,48.11358303056449,48.77074488088929,14383,
2011-04-04,55.10765838623047,55.95257773497945,50.46058943375662,51.54021277972069,37990,
2011-04-05,55.20153427124024,56.32809692600921,53.2300523113275,56.32809692600921,14200,
2011-04-06,58.06488037109375,59.5200257873512,53.1361717297218,53.1361717297218,42943,
2011-04-07,63.65076446533203,64.30792285579703,58.111832451094,58.20571119794767,48520,
2011-04-08,61.35068893432617,65.43447484835768,60.08330808686652,63.83851484229568,20003,
2011-04-11,60.45882415771485,61.960905277396606,58.90980009328238,61.960905277396606,15483,
2011-04-13,59.47309112548828,61.02211548964636,58.29958890453354,61.02211548964636,5713,
2011-04-15,57.87712478637695,60.03636792599061,56.79750142594804,59.52002772018537,6922,
2011-04-18,56.56279754638672,58.20570037968425,55.483174252007885,57.26689876065709,9555,
2011-04-19,56.37504196166992,56.98526450558559,54.91990002761448,55.95258047597788,10014,
2011-04-20,60.97516632080078,62.8997126319991,56.93832338967299,58.628165699358455,45333,
2011-04-21,59.56696701049805,61.86703183109535,59.14450554038929,61.86703183109535,9101,
2011-04-25,62.00785827636719,62.711959586867245,59.61391095567143,59.70778969790699,15117,
2011-04-26,61.91395568847656,63.6507441830442,58.6750933979069,63.6507441830442,27603,
2011-04-27,60.92823028564453,62.85276942650206,60.0833073436271,60.17718607885384,8430,
2011-04-28,58.768985748291016,60.92823255123878,58.48734595089393,60.45883169516219,6695,
2011-04-29,57.92406463623047,60.55270863596135,57.40772442612615,60.55270863596135,5345,
2011-05-02,56.65667724609375,57.26689974140966,55.99951896651542,56.5158591495744,6752,
2011-05-03,55.154598236083984,58.11182493570786,54.63825803267586,55.060719501371295,4400,
2011-05-04,55.06071853637695,56.60973911945318,53.69945541943546,54.450496027706734,3904,
2011-05-05,54.45050048828125,56.609743756912486,53.981099622002965,56.3281039533944,4206,
2011-05-06,54.54438018798828,56.28116557249915,54.02803994225322,54.07497931345742,4844,
2011-05-09,54.96683120727539,56.14033316977591,53.55862885227477,55.389292630024336,5749,
2011-05-10,55.76482391357422,56.0934030849212,53.98109920306224,54.45050006569756,3155,
2011-05-11,55.34235382080078,56.65667388318889,54.49743096685971,54.49743096685971,3128,
2011-05-12,54.12191390991211,56.18727457397704,53.98109223679681,56.18727457397704,5681,
2011-05-13,55.24847412109375,56.797498232664,53.65251422583226,53.65251422583226,16422,
2011-05-16,55.06071853637695,59.23838303902468,54.49743539424042,55.436237049890536,11605,
2011-05-17,54.16885757446289,56.09340029945043,53.79333547050446,55.38929904046151,2690,
2011-05-18,53.60557556152344,55.0137781095275,53.08923534350414,54.45049852282359,3961,
2011-05-19,52.854530334472656,54.45049380003275,52.66676929477547,53.55863154740411,2877,
2011-05-20,52.71371078491211,55.06071476320305,51.96266664686392,55.06071476320305,2233,
2011-05-23,51.258567810058594,53.32393212216132,50.92998867048854,51.82185093949244,3767,
2011-05-24,50.46058654785156,52.432068496758426,50.13200741678173,50.13200741678173,3592,
2011-05-25,49.42790603637695,50.69528677320962,48.25440402773784,49.85036389449189,6846,
2011-05-26,50.46058654785156,50.64834758613887,49.28708453511083,49.38096326363252,1756,
2011-05-27,51.258567810058594,52.00961198263706,50.22588744462925,50.695288261868775,1061,
2011-05-30,52.05655288696289,52.94841518233125,51.30551227342684,52.94841518233125,3948,
2011-05-31,51.91573333740234,52.57289524420375,51.25857143060095,52.57289524420375,1640,
2011-06-01,52.43206787109375,53.417812415028365,51.211626508655534,51.211626508655534,5192,
2011-06-02,52.666770935058594,53.23005407169335,51.21162909926263,51.21162909926263,2033,
2011-06-03,51.21162796020508,52.76065207494188,50.50752674100544,51.25856732523625,5686,
2011-06-06,50.69529342651367,51.9157349594216,49.47485189360574,50.22589256145336,1354,
2011-06-07,51.258567810058594,52.43206985315741,50.60140953091848,51.54021116539754,1820,
2011-06-08,50.9769287109375,52.38513118130176,50.883049978744175,50.883049978744175,1328,
2011-06-09,50.08506774902344,51.63409193971248,49.80342796378293,50.03812838169072,3357,
2011-06-10,50.78916931152344,51.49327056952743,49.80342826656669,50.22588973761792,655,
2011-06-13,49.89731216430664,50.64835281372941,49.28708962220072,50.64835281372941,1320,
2011-06-14,54.07497787475586,57.03220473811904,49.568730315400266,49.568730315400266,26208,
2011-06-15,53.46475601196289,53.98109621604141,52.10349286939649,53.51169537938018,4738,
2011-06-16,60.552711486816406,63.36911667224973,54.45050025171088,56.328103708666426,843299,
2011-06-17,55.53012466430664,60.5996555211792,54.35662248273841,60.08331169629361,111897,
2011-06-20,50.08506774902344,55.38929862623703,47.221723366797306,55.38929862623703,31282,
2011-06-21,49.47484588623047,53.511692119335024,47.12784184590876,49.75648565482029,41454,
2011-06-22,48.39522171020508,50.22588554442835,47.87888154702516,50.22588554442835,19991,
2011-06-23,47.22172164916992,49.75648678662411,47.03396060542442,48.25440559914817,7153,
2011-06-24,49.615665435791016,50.08506625762913,48.5829850602448,49.427907972051024,7120,
2011-06-27,49.6626091003418,50.22588866218643,48.86462554294377,48.86462554294377,3445,
2011-06-28,49.89731216430664,50.225891329290256,48.81768876865595,49.28708962220072,3469,
2011-06-29,51.63408660888672,52.57288818359376,48.911560609738814,48.911560609738814,6578,
2011-06-30,52.76065826416016,54.12192149721458,51.16469459717374,52.19737507397673,15279,
2011-07-01,51.63408660888672,53.4178110333276,51.399386215209965,51.63408660888672,3417,
2011-07-04,53.55863571166992,55.38929972387743,51.681032331199496,51.681032331199496,16744,
2011-07-05,52.29125213623047,55.201535791739005,50.78916736141634,52.29125213623047,2698,
2011-07-06,59.848609924316406,60.693532908686855,50.97693291340416,51.21163334447991,229422,
2011-07-07,55.81175231933594,61.67925836835796,54.82601141770004,61.67925836835796,102224,
2011-07-08,54.21578979492188,55.811753154484336,53.65251029448511,55.3892917385349,15928,
2011-07-11,54.12191390991211,55.76481671711897,52.80759023164906,53.27699103370816,7907,
2011-07-12,52.94841384887695,53.60557213089352,51.821851166322205,53.13617131159938,7655,
2011-07-13,53.32392883300781,53.98109065285657,52.61982765057925,52.85452804472211,3782,
2011-07-14,53.840274810791016,54.826019437869256,52.38513292586989,53.51169565592774,3554,
2011-07-15,53.6994514465332,54.30967032881286,53.0892289830097,54.262730965751935,3778,
2011-07-18,53.65251922607422,55.38930095924782,53.18311837048737,54.87296073435115,6420,
2011-07-19,55.38929748535156,56.23422040491389,52.85453230790869,52.85453230790869,8763,
2011-07-20,55.90563583374024,57.17302017127731,55.53011733395605,57.17302017127731,4532,
2011-07-21,54.82601547241211,56.7974974214868,54.497432760070375,54.54437212433521,4626,
2011-07-22,54.30967330932617,55.3423572595593,53.13617126218218,53.51169334976587,4073,
2011-07-25,54.497440338134766,55.342363337367175,53.60557796811044,53.60557796811044,3075,
2011-07-26,54.12191390991211,55.2015336059017,53.605570162651965,54.49743240281305,2856,
2011-07-27,54.82601547241211,55.2484733320396,53.511691785533024,53.55863114979786,1828,
2011-07-28,53.65251922607422,54.45049924807413,53.13617541993323,54.2157988202807,3406,
2011-07-29,54.02803802490234,54.826021632032585,53.13617567869529,54.30967782337712,4360,
2011-08-01,52.854530334472656,53.51169218279081,52.66676929477547,53.27699177848032,3990,
2011-08-02,49.70955657958984,53.08924166471287,46.79926881844724,52.33820093260161,69060,
2011-08-03,50.64834976196289,51.25856868605637,48.113584589302064,49.56872643136384,3812,
2011-08-04,49.80342864990234,51.11775244079045,49.47484949280243,51.11775244079045,1932,
2011-08-05,44.4522590637207,49.7564901013638,43.51345736369497,48.95851008883964,45815,
2011-08-08,42.19913482666016,45.06247913903769,40.97869339956004,44.45225663486559,42803,
2011-08-09,38.86639404296875,47.878889447681615,38.11534977487228,41.7766780474869,196197,
2011-08-10,39.10108947753906,41.96443374418045,37.64594408025538,40.368470250583016,33918,
2011-08-11,40.13377380371094,41.11951490018479,39.2419114473796,39.47661187898025,9033,
2011-08-12,36.04998397827149,44.07673718823016,35.298939810239325,40.60317044543543,134718,
2011-08-16,37.59900665283203,39.24190959654967,36.1438647617881,37.12960581176985,29809,
2011-08-17,38.67862701416016,38.96026678066315,36.66020212194148,36.70714148615132,7781,
2011-08-18,36.98878860473633,39.80519371937378,36.14386563784737,39.80519371937378,21950,
2011-08-19,37.31736373901367,37.552064139887975,35.11118140329282,35.674460932893574,5870,
2011-08-22,37.880645751953125,38.8663903652427,36.37856452038334,38.8663903652427,3494,
2011-08-23,37.59900665283203,39.33579191350864,37.31736686444357,38.86639107244645,18610,
2011-08-24,37.45818710327149,38.77250725876272,37.36430478993664,37.73982688078789,2598,
2011-08-25,38.02146911621094,38.86639208462446,37.3643072053609,37.3643072053609,6247,
2011-08-26,37.55206680297852,38.819447625081374,37.3173663854599,37.55206680297852,4862,
2011-08-29,39.33578872680664,40.27459033287607,37.8337040083492,39.33578872680664,7351,
2011-08-30,38.8194465637207,39.99294861922912,38.396988688732925,39.89906988728607,7138,
2011-09-02,39.75825119018555,42.05831610774667,37.833708391050685,42.05831610774667,7969,
2011-09-05,42.5277099609375,45.531875669835166,39.42966552851705,39.42966552851705,53890,
2011-09-06,43.3256950378418,45.06247655593768,41.40114890327019,44.029796234028325,14086,
2011-09-07,45.10942459106445,47.31561091196908,43.23182104029178,44.45226263204511,55609,
2011-09-08,46.98702239990234,47.878884693780414,45.06247971179333,45.53188054212451,16996,
2011-09-09,48.48910140991211,50.1789434808724,47.12783844841165,47.12783844841165,16436,
2011-09-12,48.62992858886719,49.5217909429512,47.12784726290575,47.12784726290575,26567,
2011-09-13,49.6626091003418,51.07081158619749,48.9115649095568,50.08506698110321,10690,
2011-09-14,48.95851135253906,51.39939440311144,48.442167539201805,51.39939440311144,3349,
2011-09-15,47.9534912109375,51.542824494728,47.37919934603448,49.7720882018948,7181,
2011-09-16,46.99633407592773,48.33635325030086,46.18275335301023,48.09706437282412,7348,
2011-09-19,46.66133117675781,47.09205188710266,46.23061046641296,46.42204229892828,1583,
2011-09-20,49.149940490722656,53.50500155930686,46.1349024254632,46.1349024254632,97021,
2011-09-21,47.85778045654297,49.58065982272674,47.474916752387074,48.3363582611084,5393,
2011-09-22,46.18275451660156,48.7192181422655,45.84775154019701,47.666344864085225,10353,
2011-09-23,45.51274490356445,47.09205299489432,44.98631009020737,45.46488785712447,4578,
2011-09-26,47.37919998168945,49.772088869653565,44.316301474843655,45.36917477630307,8303,
2011-09-27,50.58566665649414,54.17499977737855,48.00134973046414,54.17499977737855,21059,
2011-09-28,48.43206787109375,49.58065522581021,48.097064899461614,49.389223391481046,11813,
2011-09-29,48.192779541015625,49.19779576989926,47.85777656556014,47.90563361187398,12216,
2011-09-30,47.28348922729492,48.33635895188184,46.94848256855622,47.42706037996099,2500,
2011-10-03,46.61347579956055,48.24064095728301,45.22559952823084,45.9434661874091,2098,
2011-10-04,45.1298828125,47.18776492517639,44.69916211176267,45.56059986197891,8298,
2011-10-05,45.36917495727539,45.94346683217409,44.55559054136709,44.98631127317046,9521,
2011-10-07,45.32131576538086,47.28348764759304,45.17774461751138,46.3741891060511,4833,
2011-10-10,46.42204666137695,46.75704966131634,44.79488140897382,44.79488140897382,1724,
2011-10-11,46.42204666137695,47.37920226264246,45.56060515973446,45.9434688607442,14611,
2011-10-12,46.70919036865234,46.804908114938094,46.08704144845904,46.46990147982599,2879,
2011-10-13,47.474910736083984,47.66634256390255,45.94346341605228,46.03917750433235,4341,
2011-10-14,51.44710922241211,52.54783953139504,46.90062050043151,48.71921744972717,57006,
2011-10-17,49.91566848754883,54.27072595428754,49.34137290817928,52.88284953488491,5948,
2011-10-18,52.02140808105469,53.21785264272806,49.48494780106256,49.77209376561236,24780,
2011-10-19,51.63854217529297,56.80717990674766,51.20782145152376,53.600710304398696,5416,
2011-10-20,51.63854217529297,52.35640883115545,50.10709111869783,50.72924368094876,9959,
2011-10-21,51.207820892333984,52.49997939827262,50.10709057152804,51.35139568244209,2326,
2011-10-24,50.68139266967773,52.59570397994878,50.10709708584098,52.452129171174825,2964,
2011-10-25,54.079288482666016,55.99359957939756,50.10709149644461,50.29852333636949,12340,
2011-10-28,51.15996551513672,55.51502259164319,50.729244782018775,50.729244782018775,21402,
2011-10-31,53.12213516235352,57.33362121230488,48.00135422432386,52.16497957384264,46669,
2011-11-01,51.92569351196289,53.40928402491003,51.68640460176951,53.12213806292977,2169,
2011-11-02,52.16497421264648,53.2657044868112,51.73425351183166,52.40426308518156,749,
2011-11-03,52.83499526977539,55.22788451522483,51.82998251693847,53.12214124897748,470,
2011-11-04,56.08930969238281,57.42932882548072,51.7342529867022,52.164973683144986,22676,
2011-11-08,61.83224868774414,63.65084574084317,53.361423309052725,55.03644556539071,60307,
2011-11-09,72.93524932861328,74.22741515142744,64.12942126935107,65.94801825838836,560262,
2011-11-11,70.25521850585938,76.57244364616449,68.43662150875952,73.60526291537907,309552,
2011-11-14,64.36871337890625,70.87737430699973,63.36369708915792,70.87737430699973,23378,
2011-11-15,58.62577819824219,64.41657227189185,57.95576857429625,61.49724488550303,74053,
2011-11-16,59.15221786499024,62.023688438348366,53.60071587918372,58.38649408268226,74976,
2011-11-17,54.74929428100586,57.907906640220766,53.98357062593231,57.907906640220766,9958,
2011-11-18,52.11712265014648,54.07929088106615,52.02140490030966,53.60071308565848,13149,
2011-11-21,50.15494537353516,52.64354800031974,49.8199387864146,52.64354800031974,5623,
2011-11-22,52.26069259643555,52.69141333265108,49.77208957803718,49.96352142205061,9107,
2011-11-23,49.772090911865234,52.21283694748379,49.772090911865234,52.21283694748379,7932,
2011-11-24,52.26069259643555,52.26069259643555,47.90563548860904,48.33635622482457,9979,
2011-11-25,54.46215438842773,54.89287148178916,52.26069361620407,52.26069361620407,13805,
2011-11-28,56.90289306640625,57.19003897536142,53.21784233916353,53.21784233916353,8409,
2011-11-29,58.290775299072266,59.72650864484982,55.18001971655423,55.41930860751715,16542,
2011-11-30,57.66862106323242,61.0665224869139,56.47217664283341,61.0665224869139,11198,
2011-12-01,58.577919006347656,60.061509343546085,57.42933164323132,58.3864871706185,10038,
2011-12-02,57.81219100952149,59.72650192174063,57.19003850254694,58.3864828226839,5797,
2011-12-05,59.96580505371094,60.68367181659849,57.47719808494524,59.439366506586055,11588,
2011-12-07,60.30080032348633,61.49724477434916,58.91292403023371,59.34364476279607,21912,
2011-12-08,61.35366821289063,63.26797927914317,57.28575719710397,59.34364305382889,37386,
2011-12-09,61.01866912841797,61.25795802696079,58.4822053433606,59.82222463570389,10111,
2011-12-12,58.290775299072266,61.73653386843491,58.00362570890978,59.343644958805655,16269,
2011-12-13,55.85002899169922,58.33863579557757,55.37145118148325,55.37145118148325,4108,
2011-12-14,53.21785354614258,58.19506373744765,53.07428238705997,57.42933993522973,44279,
2011-12-15,52.45212936401367,53.648573937331776,51.68640556734191,53.648573937331776,5673,
2011-12-16,52.26069259643555,54.12714668586369,51.686400715654,54.07928963767502,6594,
2011-12-19,52.882843017578125,54.55786519460548,49.77208754595589,50.25066531082084,25010,
2011-12-20,51.11211013793945,53.55285617037424,50.346382742364064,51.68640203336217,1716,
2011-12-21,51.39925003051758,53.45713212273408,50.25066272372364,50.25066272372364,1649,
2011-12-22,50.53780746459961,51.638537702074125,49.38922018446496,49.38922018446496,2069,
2011-12-23,50.8249626159668,53.02642349132204,50.72924851323786,53.02642349132204,1484,
2011-12-26,52.882843017578125,53.07427485377583,49.29350978109092,49.29350978109092,11187,
2011-12-27,50.87282180786133,54.51001237243476,50.537815155740525,54.51001237243476,1861,
2011-12-28,50.25066757202149,52.11712166923403,49.43708679564463,52.11712166923403,1180,
2011-12-29,49.149940490722656,50.15495683040147,48.43207376310007,48.43207376310007,14072,
2011-12-30,49.8199462890625,51.207822584693794,48.09706700711894,51.207822584693794,1058,
2012-01-02,50.25066757202149,50.68138831003342,48.38421347480894,50.68138831003342,10455,
2012-01-03,49.48493957519531,51.782110560994695,48.240638168146674,51.782110560994695,10771,
2012-01-04,50.777103424072266,51.8299767660011,48.86279224012037,51.20782417071321,4592,
2012-01-05,51.686405181884766,53.31357051971443,50.72924953036839,50.72924953036839,21620,
2012-01-06,51.15996551513672,54.07928924875587,50.729244782018775,51.68640034394366,39433,
2012-01-09,50.92068099975586,52.21283965887313,50.25067131858953,52.21283965887313,4482,
2012-01-10,51.92569351196289,53.02642395935602,49.96352517862899,53.02642395935602,14781,
2012-01-11,54.6057243347168,56.185032479833744,52.16497837056591,52.643556153782114,29721,
2012-01-12,55.85002899169922,56.472181605483534,53.69642884572738,53.69642884572738,7690,
2012-01-13,55.22787857055664,58.6257802030966,53.69642742755719,58.6257802030966,10536,
2012-01-16,53.552852630615234,55.99359850172057,51.87783045321334,54.74929704304516,9789,
2012-01-17,54.46215438842773,55.467167025035735,52.452125463952925,54.31857958980139,15358,
2012-01-18,53.12213516235352,54.89287154059511,53.02642106400595,54.07929075086439,4404,
2012-01-19,53.64856719970703,55.03644346070702,52.73926870793058,55.03644346070702,6103,
2012-01-20,52.40427017211914,53.98357840493315,52.260695368678256,53.98357840493315,3698,
2012-01-23,53.16999435424805,53.60071511668751,52.882848396374726,53.50500101448272,837,
2012-01-24,52.978553771972656,53.60070628759993,52.26068716990659,52.88283968553386,3184,
2012-01-25,54.557865142822266,57.38147468309724,52.69141113136874,57.38147468309724,32771,
2012-01-27,55.5150260925293,56.08931800539671,54.07929265910181,54.07929265910181,33388,
2012-01-30,54.510009765625,57.19004459813086,54.07928903421579,57.19004459813086,16889,
2012-01-31,54.366432189941406,56.18502911784564,53.36141963557687,56.18502911784564,9992,
2012-02-01,55.37144470214844,56.37646090700631,53.88785439433427,56.280743165408246,9854,
2012-02-02,55.18001937866211,57.907911258431874,54.17500312176502,55.37144756925328,29114,
2012-02-03,55.13216400146485,55.99360554731173,54.55787207173962,55.99360554731173,28621,
2012-02-06,58.91292572021485,59.34364646513289,55.08430336762562,57.42933528883828,76901,
2012-02-07,58.05148696899414,60.3008011052747,56.99861364782934,60.3008011052747,6185,
2012-02-08,57.52505111694336,60.10937201290407,56.520038449419445,60.10937201290407,21281,
2012-02-09,58.721492767333984,59.67864833746989,55.993600852950166,55.993600852950166,6224,
2012-02-10,58.38649368286133,59.82222713407924,57.525052151627,58.38649368286133,28074,
2012-02-13,58.43434524536133,60.30079928687342,57.81219633236305,59.20006895049847,12300,
2012-02-14,59.53508377075195,60.97081728459038,57.90791839148324,57.90791839148324,45594,
2012-02-15,59.15221786499024,60.9229579910401,58.86507190303212,60.87509728799791,14270,
2012-02-16,57.19004821777344,59.34364835986532,56.711470408419686,58.482206842525,14409,
2012-02-17,56.3286018371582,59.008640259158334,55.75430997602024,57.429332164141016,32838,
2012-02-21,56.13717651367188,58.57792252486222,54.55786833811759,58.57792252486222,8025,
2012-02-22,54.079288482666016,56.85504103343021,52.69141220728392,56.85504103343021,5671,
2012-02-23,53.409278869628906,54.557866257942585,52.59569811400515,53.31356477529387,3618,
2012-02-24,52.5478401184082,55.99359856989852,52.26069053806852,55.46716375804008,38866,
2012-02-27,51.15996551513672,54.07928924875587,48.91064775385802,54.07928924875587,38261,
2012-02-28,53.12213516235352,53.60071295660895,50.72924619107633,52.64355736809808,24291,
2012-02-29,54.74929428100586,57.28575411664066,51.7342530532844,53.60070697276633,19535,
2012-03-01,56.42432022094727,57.38147576786322,54.55786617420942,55.41930762693725,33716,
2012-03-02,55.65859222412109,56.42431587238867,53.74428127782298,56.42431587238867,14399,
2012-03-05,55.37144470214844,56.23288612023847,54.55786398048669,56.23288612023847,2026,
2012-03-06,55.27573013305664,56.23288563319615,52.2606888471138,56.18502858844087,30633,
2012-03-07,53.69642639160156,56.08931533331748,52.64355671775007,56.08931533331748,1915,
2012-03-09,54.41429138183594,55.03644394783668,51.73425658071475,52.64355508053944,1733,
2012-03-12,54.17500305175781,55.41930819654461,53.600711178209046,55.41930819654461,13222,
2012-03-13,55.03644561767578,55.51502340565557,53.74428705063385,55.46716635710934,4379,
2012-03-14,53.79214477539063,55.46716705437627,53.36142403054256,55.46716705437627,2294,
2012-03-15,52.93070602416992,54.98859210532464,52.45212820541385,53.02642377867653,1642,
2012-03-16,54.17500305175781,56.424320800884296,51.97354600147597,56.424320800884296,5250,
2012-03-19,51.686405181884766,53.60071648491754,51.20782735612658,52.64356083340115,13621,
2012-03-20,51.25568389892578,53.60071595208113,50.872823832880606,53.60071595208113,3208,
2012-03-21,50.87282180786133,53.40928196744464,50.729247006772574,53.40928196744464,6851,
2012-03-22,50.44210052490234,52.49998286087378,50.44210052490234,52.49998286087378,4390,
2012-03-23,49.53279876708984,51.39925278421741,48.81493211829144,49.19779579148736,2746,
2012-03-26,48.47993087768555,50.82495909334384,46.90062273330545,50.82495909334384,40848,
2012-03-27,48.57564163208008,51.15996221270844,45.08202259606748,50.63352741788341,40831,
2012-03-28,47.044193267822266,49.24565013994767,46.422040745777565,49.24565013994767,22636,
2012-03-29,49.7242317199707,55.32359024579748,46.42204433111396,46.42204433111396,11282,
2012-03-30,50.20280838012695,51.68639872437107,49.86780175319532,51.20782095840467,1822,
2012-04-02,53.16999435424805,56.47218199793863,48.81493698126898,51.59068976031531,65821,
2012-04-03,51.064247131347656,53.60071079931889,50.77710119660304,53.60071079931889,7196,
2012-04-04,51.207820892333984,52.11711937674864,50.72924312698507,52.11711937674864,17206,
2012-04-09,51.39925003051758,52.35640551096946,50.537808637607526,52.35640551096946,24771,
2012-04-10,50.05923461914063,53.45713609711725,49.81994573123722,49.81994573123722,9872,
2012-04-11,51.82997131347656,52.5478379319388,49.14993301687748,50.15494920373136,15938,
2012-04-12,52.16497421264648,56.13717095723211,52.16497421264648,52.40426308518156,35505,
2012-04-13,51.11211013793945,52.54784352775507,50.72924644015176,51.68640203336217,6141,
2012-04-16,50.729248046875,53.505000815603815,50.15495613326301,50.15495613326301,11514,
2012-04-17,50.68139266967773,52.59570397994878,50.442103755893854,52.59570397994878,6074,
2012-04-18,52.35641098022461,52.547842826564015,50.72924576322781,50.968534658337376,11313,
2012-04-19,52.69141387939453,57.33362062703961,51.303537559969534,57.33362062703961,24151,
2012-04-20,52.978553771972656,55.18001427264862,52.26068716990659,53.74428106851648,53637,
2012-04-23,51.207820892333984,53.98357339186113,50.824957219551415,53.98357339186113,40714,
2012-04-24,51.734256744384766,52.40426635959941,49.81994564449072,50.58566935419661,6066,
2012-04-25,50.729248046875,52.11712443123941,49.10208275662911,50.92067990183197,21175,
2012-04-26,49.6763801574707,51.877837442691416,49.29351643340663,51.73426263335262,7598,
2012-04-27,49.91566848754883,50.05923964394695,49.34137290817928,49.77209367989168,732,
2012-04-30,50.05923461914063,50.633530140864,49.43708570134697,50.633530140864,1164,
2012-05-02,50.20280838012695,50.872817982731625,49.67637356781563,50.72924319243827,6919,
2012-05-03,49.29351043701172,50.5856689588377,48.43206898828865,49.628513416371455,26830,
2012-05-04,50.96852493286133,51.5906774019347,49.05421413726091,49.389217065987744,32052,
2012-05-07,50.729248046875,53.600714917452834,49.86780652519808,52.7392733957759,27701,
2012-05-08,49.05421829223633,50.72924038026391,48.623497596491845,50.107087858493166,11592,
2012-05-09,49.867801666259766,50.20280829260737,48.14492244203598,48.47992906838359,5520,
2012-05-10,50.729248046875,52.64355929392688,49.0542257057046,49.0542257057046,31169,
2012-05-11,49.00636672973633,50.1070934627976,48.336357089335365,49.19779857717357,3134,
2012-05-14,48.14492034912109,49.77208541008717,47.857774432776125,49.14993288195771,3355,
2012-05-15,48.04920959472656,49.53279997483212,46.900622198391765,47.85777775346099,5924,
2012-05-16,47.85778045654297,49.19779976982973,46.46990409305145,46.46990409305145,11073,
2012-05-17,47.61849212646485,48.09706993678108,47.37920322130673,47.85778103162296,3614,
2012-05-18,47.427059173583984,47.85777992314405,45.99132577588966,47.85777992314405,27796,
2012-05-21,47.76206207275391,48.432068018051176,46.99633473311378,46.99633473311378,4464,
2012-05-22,47.28348922729492,49.293514574691386,46.900625517667535,47.85778114047707,20713,
2012-05-23,47.33134078979492,48.4799281342317,46.08703935467946,46.08703935467946,14659,
2012-05-24,47.71419906616211,47.857773848210094,46.61347245840831,46.90061837124589,2068,
2012-05-25,47.09205627441406,48.04921187490517,46.56562142439572,47.37920222430962,2444,
2012-05-28,48.7670783996582,49.2935132477808,47.28348795449132,49.2935132477808,22613,
2012-05-29,48.52778625488281,49.48494178791301,46.469900398364445,47.85777665150995,11928,
2012-05-30,47.9534912109375,48.81493265955067,47.04419636671748,47.04419636671748,15381,
2012-05-31,47.37919998168945,47.95349185429737,47.04419699787795,47.95349185429737,11124,
2012-06-01,46.70919036865234,48.33635554292328,46.42204443231246,48.33635554292328,14998,
2012-06-04,46.66133117675781,47.4270548555606,45.94346454326923,46.42204229892828,6891,
2012-06-05,46.42204666137695,47.66634821277034,46.134900711249074,47.66634821277034,1547,
2012-06-06,47.61849212646485,50.011381178046,45.32131717644337,45.94346979035804,6944,
2012-06-07,47.427059173583984,48.28850067270412,46.70919247473682,47.9534940224868,1160,
2012-06-08,46.1348876953125,48.04919835776316,45.4648782332032,46.9484682663509,7752,
2012-06-11,47.474910736083984,47.80991734758109,46.709187076068126,46.709187076068126,1854,
2012-06-12,47.09205627441406,48.19278302422352,46.85276737429129,47.857780024555176,4502,
2012-06-13,46.61347579956055,47.85777727855115,46.46990100722144,47.85777727855115,2069,
2012-06-14,46.90062713623047,47.331347911610926,43.45486823570492,46.90062713623047,4776,
2012-06-15,46.99633407592773,47.37919774039391,46.90061998544044,47.33134069515027,1053,
2012-06-18,46.18275451660156,48.47992925875979,46.0391797259947,46.0391797259947,1018,
2012-06-19,46.75704956054688,46.90062436093081,45.17774501261778,45.17774501261778,3850,
2012-06-20,46.85276794433594,47.33134575040422,46.230615335943625,46.80491089398089,33017,
2012-06-21,46.27846908569336,48.67135794537261,45.79989131375751,48.67135794537261,17061,
2012-06-22,48.52778625488281,49.67637362477077,45.08202414521894,48.6235003476824,26231,
2012-06-25,47.09205627441406,48.62350377469629,46.90062442406407,48.62350377469629,24013,
2012-06-26,48.7670783996582,49.1977991485799,46.94848130477052,48.28850060113606,7231,
2012-06-27,48.52778625488281,49.19779585825567,47.90563369790974,48.81493218454016,9096,
2012-06-28,48.04920959472656,49.4849429273304,47.47491407092983,48.47993032475945,19805,
2012-06-29,46.27846908569336,49.62851348924432,45.56060242778958,47.85777719358512,42270,
2012-07-02,46.0870475769043,47.23563147499729,45.94347276401309,46.85277139271935,37936,
2012-07-03,48.09707260131836,51.54283156598379,45.84775822872553,46.80491390238361,102550,
2012-07-04,46.0870475769043,49.19780354530102,45.51275197659864,48.4320760782268,57540,
2012-07-05,47.71419906616211,48.71921523798123,46.27846585071581,46.80490428405282,14696,
2012-07-06,47.76206207275391,48.09706504540254,47.13990952211095,47.47491249475958,16419,
2012-07-09,48.28850173950195,48.71922249857757,46.94848241154644,46.94848241154644,17753,
2012-07-10,48.14492034912109,49.19779357739723,47.857774432776125,47.953488521138304,16781,
2012-07-11,48.62350082397461,48.71921856897039,48.33635489150453,48.71921856897039,7510,
2012-07-12,49.867801666259766,50.63352901147797,48.814932043472616,48.814932043472616,30581,
2012-07-13,50.44210052490234,51.3035383685908,49.77209087897211,51.207824269711686,19160,
2012-07-16,49.29351043701172,50.72924375071109,48.8149326657786,50.72924375071109,4410,
2012-07-17,49.102081298828125,49.149938348331794,48.43207165200022,48.81493535054726,2646,
2012-07-18,48.86279296875,49.48494557331527,47.90563736250119,48.33635811556493,2344,
2012-07-19,48.91065216064453,49.91566851222329,48.33636023225012,48.814938056331805,2222,
2012-07-20,47.33134078979492,49.29350885877605,45.94346456740292,49.29350885877605,41480,
2012-07-23,47.18777084350586,49.77209172079913,46.90062489075302,48.719222010285776,13436,
2012-07-24,48.192779541015625,48.575643214043545,47.61848768273234,47.85777656556014,7948,
2012-07-25,46.85276794433594,48.38421546325086,46.7091931420119,48.38421546325086,7844,
2012-07-26,46.804908752441406,47.37920063294329,46.66133395668657,47.37920063294329,5571,
2012-07-27,45.70417785644531,48.14492379706134,45.27345712545221,46.18275563504684,12953,
2012-07-30,46.37419128417969,47.28348986843008,45.9434705178233,46.80491205053608,3583,
2012-07-31,45.84775161743164,46.75704645527824,45.560602035734185,46.37418643177931,6847,
2012-08-01,46.42204666137695,46.94848151182121,45.46489106011145,46.134900711249074,3755,
2012-08-02,46.51776123046875,47.28348864021615,46.23061527744292,46.37419007958528,1430,
2012-08-03,46.70919036865234,47.66634592395776,46.08704144845904,46.08704144845904,4290,
2012-08-06,48.00135803222656,48.527792917417365,47.139916473725904,48.527792917417365,2551,
2012-08-07,47.85778045654297,48.67136126380065,47.09205669949006,47.09205669949006,5407,
2012-08-08,49.6763801574707,50.20281503961449,47.09205914818592,48.57564968923081,39219,
2012-08-09,49.19779586791992,50.920675097461,48.14492259062472,50.633529167747255,16225,
2012-08-10,47.9534912109375,49.96352004061536,47.2356245541794,47.42705639289996,16447,
2012-08-13,47.09205627441406,50.05923717543294,46.90062442406407,50.05923717543294,19930,
2012-08-14,46.61347579956055,47.6184883921584,46.42204396019461,46.42204396019461,6311,
2012-08-16,46.75704956054688,46.90062436093081,46.18275766152881,46.27847176094554,2463,
2012-08-17,46.32633209228516,47.33134473317742,46.18275729304677,46.9484810360476,6855,
2012-08-21,46.230613708496094,47.04419814092704,45.94346776521525,46.32633145709555,3902,
2012-08-22,46.75704956054688,47.857779960133485,46.32633246191275,46.32633246191275,16991,
2012-08-23,45.32131576538086,47.0441987498851,44.02915717826149,46.51776025392057,10915,
2012-08-24,45.1777458190918,45.9434695818712,44.5555932080004,45.03417101614489,2994,
2012-08-27,44.84273910522461,46.85276808761345,44.65131090321902,46.70919328485035,19637,
2012-08-28,44.69916915893555,45.94347076181627,44.26844839029173,44.26844839029173,6130,
2012-08-29,44.65130615234375,46.13489646758728,44.412017274038064,46.13489646758728,2541,
2012-08-30,44.45988082885742,45.36917942980192,43.5027251754967,44.02916005459328,2353,
2012-08-31,44.50773620605469,44.89059991349205,44.22059025110612,44.50773620605469,1991,
2012-09-03,46.18275451660156,46.37418635365785,44.50773233206161,45.84775154019701,13003,
2012-09-04,45.22560501098633,46.37419253516796,44.986316095584286,45.082030201241466,3857,
2012-09-05,45.36917495727539,45.94346683217409,44.36415869931462,44.36415869931462,1048,
2012-09-06,44.65130615234375,46.32632830048352,44.31629953196068,46.32632830048352,1140,
2012-09-07,45.84775161743164,46.03917980355181,44.8905960817964,44.8905960817964,3119,
2012-09-10,47.044193267822266,47.85777396471914,45.94346300613037,45.94346300613037,4473,
2012-09-11,47.66634750366211,49.77209052537192,47.23562675924848,47.71420455276167,34307,
2012-09-12,46.85276794433594,48.04921245950663,46.56562199094675,48.04921245950663,2774,
2012-09-13,46.27846908569336,47.47491351553299,46.2306120387515,46.90062164971342,17921,
2012-09-14,45.84775161743164,46.90062124612697,45.27345610529533,46.90062124612697,6933,
2012-09-17,46.9484748840332,47.42705261710441,45.847748288724446,46.8527607979223,4800,
2012-09-18,47.76206207275391,47.85777616457964,47.04419543028521,47.04419543028521,33133,
2012-09-20,48.10391998291016,48.54344893098504,47.17602636495801,47.46904442169902,5944,
2012-09-21,48.787628173828125,49.0318104932908,47.859734614684655,48.98297477458357,7341,
2012-09-24,49.81319046020508,50.789919684914985,48.34809662314022,49.031807825622415,13346,
2012-09-25,50.00854110717773,50.643412919186126,48.83646519725821,48.934136637282094,5558,
2012-09-26,49.81319046020508,50.30155507256004,49.47133672192714,50.30155507256004,1409,
2012-09-27,50.1062126159668,50.25272350213028,48.543447217880455,49.324829916923626,4075,
2012-09-28,51.22945022583008,52.15734376427776,49.32482743131672,50.69224988017924,31854,
2012-10-01,51.91316223144531,52.84105205792936,50.00853940827139,51.66897991375446,14171,
2012-10-03,50.88759231567383,53.47592631249386,50.49690285214295,51.91316100651756,25822,
2012-10-04,54.159645080566406,56.65030426423984,51.42480355092642,51.5713107229502,47186,
2012-10-05,55.33171844482422,55.673572222486335,53.622442104660166,55.429389888177184,18408,
2012-10-08,60.801395416259766,61.485106631989325,54.69683764354292,55.62473117018116,91141,
2012-10-09,60.50837707519531,63.48740050767801,58.84793662442461,62.02230664980851,51584,
2012-10-10,61.680450439453125,63.38972653859635,58.70142340020539,60.55721036964567,101312,
2012-10-11,63.34089660644531,64.46413684487058,60.21536567955663,61.43627736222464,28510,
2012-10-12,63.78042221069336,64.36645826301763,61.338595390205285,62.51067122078018,52229,
2012-10-15,68.615234375,69.15243847896195,64.17111301125156,64.95249944395017,68542,
2012-10-16,71.25239562988281,72.91283982187262,68.17570446150259,68.6152296421704,141127,
2012-10-17,77.8941650390625,79.11507671679075,69.83614796605603,71.30124197932993,168790,
2012-10-18,86.78240203857422,88.88237165035441,79.11507806240338,80.09180742119848,404356,
2012-10-19,85.12196350097656,89.85909931125347,83.02199392887549,84.19406615654174,288455,
2012-10-22,90.7869873046875,92.2032492896658,83.07083163889864,83.07083163889864,162253,
2012-10-23,98.16128540039062,98.94267174750289,91.42185237506791,91.76370610748486,239373,
2012-10-25,103.04495239257812,104.31470360185384,98.64967006303688,99.13803476631924,228903,
2012-10-29,96.89154052734376,102.36123039654058,94.64506767921564,102.36123039654058,135388,
2012-10-30,95.37761688232422,99.33336604498,94.7427413519662,99.33336604498,135399,
2012-10-31,95.9148178100586,100.40777871693524,94.35205236290098,97.57526215229448,172439,
2012-11-01,98.99151611328124,100.01708489060708,94.93808790307678,96.11016757028534,55749,
2012-11-02,108.85647583007812,108.85647583007812,98.64965778279726,99.62638706777544,347666,
2012-11-05,119.69818115234376,119.69818115234376,108.66113685508584,114.52151277536012,244092,
2012-11-06,130.3933563232422,131.66310734308607,122.18882904174626,122.18882904174626,364135,
2012-11-07,130.53988647460938,135.0816874095607,126.97482990416816,127.95155936496948,358506,
2012-11-08,129.90499877929688,132.7375078287914,125.99808152277669,130.53986687199878,197371,
2012-11-09,134.54446411132812,136.2049009780587,128.14688407120966,131.56543669835773,205473,
2012-11-12,139.1839141845703,140.6490080180921,134.83747212586337,140.6490080180921,100091,
2012-11-15,136.35142517089844,145.53267523067987,136.2049068240794,141.6257577748227,133135,
2012-11-16,135.96070861816406,139.8676256181326,130.8817194989461,136.64441611241745,150588,
2012-11-19,134.8374786376953,140.74669369902014,134.0072527971227,135.9607113361586,54941,
2012-11-20,134.8374786376953,137.7188270020321,128.97710302058758,135.2770038282372,68864,
2012-11-21,136.6444091796875,138.59786758056197,133.12819300033635,138.25602130263184,143680,
2012-11-22,138.59786987304688,140.06296369793617,131.90728368160873,135.7165216648389,56352,
2012-11-23,137.6211395263672,138.54904419747493,132.20030434175442,132.20030434175442,36852,
2012-11-26,142.89549255371094,144.4582504147463,135.76536603310188,137.8165034238612,133224,
2012-11-27,149.63491821289062,150.02561885535846,141.57690189534844,141.57690189534844,109789,
2012-11-29,156.96038818359375,157.10690651396058,150.02561942036115,150.02561942036115,125275,
2012-11-30,164.7742462158203,164.7742462158203,157.74179754146263,159.0115487377082,131306,
2012-12-03,164.92074584960938,171.31831074788954,156.56970747625053,161.55101789102682,46007,
2012-12-04,166.63002014160156,170.7811195569914,159.20687169612793,159.20687169612793,68998,
2012-12-05,165.31143188476562,169.75555312297027,165.06724956292695,167.70441565804316,63472,
2012-12-06,171.2206573486328,171.90436491014768,161.16034210326345,166.04398883366537,35138,
2012-12-07,173.3206024169922,174.8345357351043,170.9276187354372,172.78339834879682,37403,
2012-12-10,176.20196533203125,177.66705932837422,165.26259980674513,166.09282569948888,34139,
2012-12-11,175.2252197265625,178.5949475281431,173.22293670716067,175.81126323215184,30211,
2012-12-12,173.36944580078125,175.61592610739172,171.90435189260563,174.83453970895687,73711,
2012-12-13,174.24851989746094,175.81129290700642,169.95091647677285,169.95091647677285,9264,
2012-12-14,175.762451171875,176.44615876577546,169.95091426815938,169.95091426815938,97616,
2012-12-17,178.98565673828125,180.6949331327805,173.22295942688095,174.19968879516622,26056,
2012-12-18,172.39273071289062,181.52515612007053,170.9276366841692,171.6601836985299,85018,
2012-12-19,174.73684692382812,178.2530779852939,171.90433822143413,172.3927028186541,5697,
2012-12-20,173.9066619873047,174.93223077516146,172.392728529393,174.93223077516146,4572,
2012-12-21,172.7834014892578,175.66476475184763,165.2625891089436,165.2625891089436,10334,
2012-12-24,174.19967651367188,175.66477046280718,164.2858651822991,164.2858651822991,10235,
2012-12-26,171.56248474121094,172.8322357317072,165.9951310637946,165.9951310637946,63255,
2012-12-27,171.2694854736328,172.73457939589244,163.0161111219387,163.0161111219387,38420,
2012-12-28,177.37403869628906,178.00890675065276,167.99743188538972,167.99743188538972,33417,
2012-12-31,174.0043182373047,175.81127339759584,169.56021186049716,169.56021186049716,4016,
2013-01-01,170.73228454589844,174.34617997357296,165.36027339825333,165.36027339825333,4823,
2013-01-02,170.2927703857422,172.73459379303011,162.23475314169207,162.23475314169207,3948,
2013-01-03,170.39041137695312,171.8555052235369,163.50446731726828,163.50446731726828,2248,
2013-01-04,171.36715698242188,172.53922919094126,165.11609526784733,165.11609526784733,53718,
2013-01-07,168.72998046875,174.59035605666605,164.09051646164977,172.53921863941312,2938,
2013-01-08,171.1718292236328,172.29506208444448,165.8486569161074,165.8486569161074,4100,
2013-01-09,170.53695678710938,172.8322619023889,168.0462938716293,171.85553251621693,2356,
2013-01-10,170.04856872558594,171.9043483428044,166.0928122744564,166.0928122744564,16774,
2013-01-11,173.17410278320312,173.85781029237577,168.97416393584837,168.97416393584837,7425,
2013-01-14,178.643798828125,181.52516244124607,169.9997526998847,169.9997526998847,10890,
2013-01-15,182.99024963378903,186.5553057988284,172.4415696759411,172.4415696759411,18840,
2013-01-16,186.84832763671875,189.8761796795103,177.76474170092982,177.76474170092982,35836,
2013-01-17,184.21115112304688,187.53202476681,177.86241070125382,177.86241070125382,7558,
2013-01-18,184.1623077392578,187.043656119098,183.6251036573913,184.60183293216463,3452,
2013-01-21,181.6716461181641,183.47860124802608,180.4018950731561,180.4018950731561,6977,
2013-01-22,181.0367584228516,181.9158087182634,180.40187551731685,180.40187551731685,3819,
2013-01-23,180.10887145996094,183.6251027940962,178.74145644318938,180.40189322175647,8470,
2013-01-24,179.22984313964844,181.67166661566543,172.978781002528,172.978781002528,10123,
2013-01-25,180.01121520996094,181.6716520598744,172.49040248714832,172.49040248714832,9594,
2013-01-28,177.1298828125,181.1833038647016,172.78342505558263,172.78342505558263,3417,
2013-01-29,176.5438232421875,178.64378530267282,170.92762969506398,173.27177408368507,3137,
2013-01-30,175.860107421875,177.91122993939257,170.8787822010215,170.8787822010215,3337,
2013-01-31,175.27406311035156,177.7647257095507,170.8787814307198,170.8787814307198,4950,
2013-02-01,174.1508331298828,175.81126992061408,170.92762353393036,172.00203170048317,6334,
2013-02-04,174.05316162109375,175.811277375591,170.8787913351456,170.8787913351456,1126,
2013-02-05,170.78114318847656,175.56711133286848,167.0207290009486,170.87880718718796,5433,
2013-02-06,172.0508575439453,175.66476782041622,166.04397840432995,170.8787853830089,7944,
2013-02-07,169.70669555664062,172.88106540158498,164.18818163383455,164.57886734557667,25851,
2013-02-08,170.19508361816406,173.6624756769225,166.04398401772104,172.8810892419801,7416,
2013-02-11,165.8486328125,168.9253240475432,163.6021525136608,166.92302606588856,10420,
2013-02-12,168.9741668701172,170.78112201489282,161.1603325639846,166.97186884842947,18642,
2013-02-13,169.21835327148438,170.878790120824,166.04398300809433,170.878790120824,3655,
2013-02-14,165.6044464111328,169.70670625792133,161.4533471213707,168.97415932443388,4495,
2013-02-15,163.45565795898438,166.38584592428168,160.232448216416,160.232448216416,12049,
2013-02-18,167.85093688964844,169.9508989322133,163.11379380275648,167.99744032379706,3001,
2013-02-19,165.9462890625,169.9020453972559,163.30912314056445,168.14392981473048,2165,
2013-02-20,164.62771606445312,166.53233509802968,163.2602861888736,166.53233509802968,6647,
2013-02-21,170.09739685058594,172.5880594762928,164.09051778597458,168.97416414865242,15829,
2013-02-22,173.85781860351562,175.8112772395102,167.02071337753466,175.8112772395102,5419,
2013-02-25,174.73684692382812,176.78798419363395,166.14164193572023,166.14164193572023,5442,
2013-02-26,170.63461303710938,173.8578228458926,167.99744679490746,167.99744679490746,5646,
2013-02-27,175.0787353515625,177.27637638108,164.28587309252393,164.28587309252393,12937,
2013-02-28,171.75787353515625,178.25311818137803,169.95091815649192,177.71591402255552,4241,
2013-03-01,177.22750854492188,178.25307717516375,170.92760825015702,170.92760825015702,23758,
2013-03-04,179.91354370117188,180.69493016370228,172.78341644910597,176.78801275475735,21023,
2013-03-05,184.55300903320312,185.0413737117264,179.71820169656417,182.1600250891805,27342,
2013-03-06,193.73426818847656,193.73426818847656,186.5553016655197,191.4389483059783,29287,
2013-03-07,208.62939453125,210.97353900313533,195.34586944734752,203.20854367334468,17413,
2013-03-08,214.78277587890625,215.8571841142609,205.1131613755421,205.1131613755421,34473,
2013-03-11,213.41534423828125,220.93615659225296,209.99679181341176,214.00138775831263,31127,
2013-03-12,209.75262451171875,213.85488473446617,206.1875684035029,209.02007751109576,48687,
2013-03-13,210.6805114746093,214.8804505339692,202.18296936605284,202.18296936605284,28483,
2013-03-14,210.33865356445312,214.6362563768416,206.28521816505605,206.28521816505605,32268,
2013-03-15,209.0200653076172,214.8804409704476,207.16428564253664,214.8804409704476,18925,
2013-03-18,208.53170776367188,210.92469159333336,203.2085360029049,203.2085360029049,15104,
2013-03-19,206.28521728515625,209.94795201999108,204.13641588812763,204.13641588812763,14142,
2013-03-20,201.1085662841797,207.9456717029249,200.13183693864465,203.15970387128607,34934,
2013-03-21,203.59922790527344,209.0200787220301,197.3970055396243,204.1364320229173,23363,
2013-03-22,199.30162048339844,206.9689366938128,197.6900081651422,202.18296899313904,27924,
2013-03-25,202.23182678222656,205.6015402570036,195.3458814793383,205.6015402570036,47688,
2013-03-26,201.0109100341797,205.01549156289337,190.46222971535684,190.46222971535684,2496,
2013-03-28,195.687728881836,209.60612195203825,191.4389502989229,209.60612195203825,8584,
2013-04-01,197.8853759765625,204.0387590738088,195.34587365753163,204.0387590738088,4562,
2013-04-02,198.52023315429688,202.08528919041908,192.8552001499643,198.2760508256938,7836,
2013-04-03,197.44581604003903,203.11084878881795,194.1249424823269,202.18295896272537,13219,
2013-04-04,195.39471435546875,199.78999654085376,193.39241615694075,193.39241615694075,38451,
2013-04-05,197.44581604003903,199.25277115167137,194.36912479991472,194.36912479991472,12447,
2013-04-08,195.7365264892578,207.06659121535344,190.46219474997133,190.46219474997133,2445,
2013-04-09,194.9551696777344,196.3225847042417,194.36912614997067,195.3458554271062,4725,
2013-04-10,196.61561584472656,200.1318324678793,193.3924060957232,194.3202959725118,5733,
2013-04-11,194.8574981689453,203.06201844615512,194.36913351188028,203.06201844615512,4022,
2013-04-12,194.22262573242188,195.34585845706752,186.0669301803568,186.0669301803568,2501,
2013-04-15,195.2481842041016,196.32259241261843,193.39240446616145,193.39240446616145,5992,
2013-04-16,205.16197204589844,209.410735136208,193.44122161132623,193.44122161132623,57844,
2013-04-17,214.3432464599609,216.0525227712903,205.2108362530824,205.2108362530824,33273,
2013-04-18,213.5130310058593,214.8804460647891,212.19444048897927,213.90371676449465,2206,
2013-04-22,222.0594177246093,224.5500655773025,211.21771626908355,224.5500655773025,27114,
2013-04-23,224.84307861328125,229.4825427208904,206.18755819648743,206.18755819648743,18355,
2013-04-25,226.5035095214844,228.7499898011079,220.7408128467032,223.6710006278541,30524,
2013-04-26,226.3081817626953,233.34062992633352,222.7919651327296,233.34062992633352,2350,
2013-04-29,220.49664306640625,228.4569810295801,219.76409607947468,224.5989032124818,7195,
2013-04-30,222.9873046875,224.6477415354993,216.8339070473081,219.76409498037967,12821,
2013-05-02,222.4989471435547,226.6012074002313,214.8804552933228,214.8804552933228,13312,
2013-05-03,220.00827026367188,222.6942757829842,218.7873586639845,218.7873586639845,20882,
2013-05-06,223.08497619628903,224.35472732416315,219.764102388348,219.764102388348,10163,
2013-05-07,227.04074096679688,227.5291056558645,221.7664082863496,222.6942982148365,12002,
2013-05-08,227.7732696533203,234.3173529789608,221.7663904231241,225.6244681752497,18379,
2013-05-09,227.0895538330078,231.4359960761672,224.74540956137523,228.55464772870465,11546,
2013-05-10,228.3593139648437,229.43370725565035,224.64773963363373,224.64773963363373,14659,
2013-05-13,228.0174560546875,231.43600866391432,220.1059575298437,229.58022892324527,5489,
2013-05-14,227.91978454589844,230.01974654651795,220.88732177310368,220.88732177310368,2441,
2013-05-15,228.3593139648437,230.41043655840525,225.62446893638867,229.48254670152937,8056,
2013-05-16,226.55235290527344,228.4569720154041,224.7454126843622,225.62446307251287,1490,
2013-05-17,225.86865234375,227.52908918564384,220.8385023719556,220.8385023719556,2661,
2013-05-20,225.1361083984375,227.577931699939,219.76409713513425,219.76409713513425,18469,
2013-05-21,226.11282348632807,230.50810515236907,223.6710003385276,224.4035472828677,8285,
2013-05-22,224.9407501220703,229.53137463400927,223.67099911143893,223.67099911143893,3766,
2013-05-23,221.424560546875,228.40818496868744,216.2478915462993,224.4035883126155,40353,
2013-05-24,222.9873046875,239.298681200858,219.76409498037967,239.298681200858,187619,
2013-05-27,222.9873046875,224.6477415354993,214.63626609750423,214.63626609750423,9423,
2013-05-28,225.3314666748047,231.09417900223835,218.78738276047835,218.78738276047835,17478,
2013-05-29,223.18264770507807,225.9174927583543,220.78966387235144,224.64774167250752,24111,
2013-05-30,219.4710693359375,222.4500966627663,217.4687713029079,220.2524557517181,2543,
2013-05-31,215.41766357421875,227.57794113933443,213.2200225117145,219.81294569922736,10974,
2013-06-03,212.92697143554688,219.7640760229268,197.29930380724983,209.02005452847263,5476,
2013-06-04,211.2665405273437,217.2245800318808,198.2760384741578,198.2760384741578,4588,
2013-06-05,209.94796752929688,212.82931608614385,209.02007764200133,211.95026564632843,34059,
2013-06-06,208.67822265625,211.46190730512137,207.2131286102561,208.5805586620748,14449,
2013-06-07,213.26885986328125,214.83161788347,205.8945502786535,208.531716546984,12805,
2013-06-10,214.39210510253903,216.8339286230691,209.99682276558497,212.92701099022105,22316,
2013-06-11,212.48745727539065,220.4966343691892,209.02006535994013,220.4966343691892,6396,
2013-06-12,209.8991241455078,211.9502616715539,209.06891316874183,211.07121124822365,8369,
2013-06-13,205.845703125,211.9502613434164,202.86667573367149,211.9502613434164,6949,
2013-06-14,205.6503753662109,207.0666299962931,203.84342003919417,207.0666299962931,7879,
2013-06-17,204.13644409179688,207.1643111857421,203.6969188436327,204.13644409179688,541,
2013-06-18,203.98992919921875,206.08989132469367,200.22951526806736,205.11316198192264,7333,
2013-06-19,203.6968994140625,206.08988322910943,201.20623670709264,206.08988322910943,12357,
2013-06-20,203.40386962890625,205.06430640023777,200.2294995146496,202.18295804649983,14192,
2013-06-21,201.98760986328125,225.62445449645443,199.30160445260915,203.3550248381412,20644,
2013-06-24,201.596923828125,204.77129408886253,185.57856908927056,201.2062380652092,17221,
2013-06-25,198.764404296875,202.62248189093805,197.3481498514222,201.20622744548524,19037,
2013-06-26,194.75982666015625,200.180677539845,186.9459918508628,199.25278763698284,12216,
2013-06-27,187.0436553955078,198.27604201194825,182.74605256461297,198.27604201194825,21563,
2013-06-28,185.72509765625,186.6041630973232,177.7647586559426,186.6041630973232,16516,
2013-07-01,150.220947265625,183.62508144056065,148.70701409215616,175.90892706491235,66066,
2013-07-02,164.96957397460938,172.88108732201468,145.53266672870163,161.11149619307972,61949,
2013-07-03,167.06954956054688,169.26719048311082,156.27668782676935,165.0672515170251,3782,
2013-07-04,165.36029052734375,169.9509157301168,163.06497047410326,163.11380992488222,18801,
2013-07-05,153.3953399658203,165.11609159791803,148.51169345244625,165.11609159791803,21017,
2013-07-08,167.02072143554688,172.1485506024277,141.77226138570788,151.39305159362436,41253,
2013-07-09,169.16954040527344,170.8788169695086,167.02073856240534,169.950926958237,4930,
2013-07-10,166.72769165039062,175.81127729117603,164.28586835467985,172.88108933632313,14075,
2013-07-11,166.04397583007812,169.75555003525636,164.3346996082979,166.04397583007812,2967,
2013-07-12,167.02072143554688,169.90207008190987,164.0905333401864,167.02072143554688,4888,
2013-07-15,170.34158325195312,170.82994789992742,166.0928197568005,167.89976001208163,3145,
2013-07-16,166.33702087402344,170.92764610290266,166.04399907139114,167.99745788399576,2129,
2013-07-17,167.31375122070312,168.63232698439742,164.62774533827528,167.5090941223199,2017,
2013-07-18,166.04397583007812,168.876484750403,163.89517441772418,166.53234046487248,4863,
2013-07-19,166.19049072265625,172.8810926423309,153.83487057156566,172.8810926423309,2157,
2013-07-22,166.33702087402344,168.7300049387225,163.74867900509756,168.7300049387225,2807,
2013-07-23,167.85093688964844,170.92762823642144,165.1160918571244,165.1160918571244,12593,
2013-07-24,164.0416717529297,169.41368253611031,161.6486881120721,161.69752755447846,1214,
2013-07-25,157.6441192626953,163.11380986640523,153.78604111186624,163.11380986640523,7626,
2013-07-26,155.1534423828125,163.5044652813931,149.43957049079987,163.5044652813931,6533,
2013-07-29,154.7139434814453,156.27671660901913,149.97681445145986,156.27671660901913,9240,
2013-07-30,150.46514892578125,156.37436406470158,148.36517202651874,155.59297765808543,4843,
2013-07-31,144.40943908691406,150.416318575018,130.8817317470936,146.50940120943315,20012,
2013-08-01,131.4677734375,146.46055967177568,130.14918288394728,146.46055967177568,18197,
2013-08-02,122.2376708984375,130.88172353720307,112.42153865240606,130.88172353720307,33983,
2013-08-05,122.3353500366211,128.879433644665,106.46349823546268,127.02365385708929,4354,
2013-08-06,114.13082885742188,120.13771615557124,113.30061035809968,120.13771615557124,3209,
2013-08-07,117.3540267944336,119.16097450766276,108.41695221598826,110.17506793536715,2779,
2013-08-08,116.3284683227539,138.64673329107245,114.27733810357336,138.64673329107245,23136,
2013-08-12,112.22621154785156,117.20753008614176,111.7378468391593,117.20753008614176,6625,
2013-08-13,134.6421661376953,134.6421661376953,112.1285484158459,112.1285484158459,72899,
2013-08-14,136.9374542236328,152.27210229930128,128.9282763978417,146.0210403142222,190830,
2013-08-16,136.4490966796875,138.4513949668277,133.0305437175436,136.0095714224392,33936,
2013-08-19,134.6421661376953,139.47697413172494,133.90961902030568,135.03285197215274,31070,
2013-08-20,133.03053283691406,135.76537796368655,131.85846061221355,135.76537796368655,18471,
2013-08-21,136.00955200195312,148.3163468698959,134.88631929340144,136.79093840532673,22491,
2013-08-22,134.88632202148438,138.25603511899806,134.05609615666367,136.74210172628716,27000,
2013-08-23,133.71424865722656,137.81652405279024,131.85846876205852,135.3258611065431,21654,
2013-08-26,136.98629760742188,138.69557404815615,134.00726997282908,134.05610942330588,31599,
2013-08-27,137.13279724121094,151.393051968786,135.76538208813713,141.62575829338044,28791,
2013-08-28,144.8489532470703,148.46284855348637,135.42350688023402,136.6932579078142,24714,
2013-08-29,152.22328186035156,156.71622812592153,143.18853497511233,146.75359129807498,21115,
2013-08-30,151.10000610351562,161.84402743465216,148.6093436323748,155.2999446955191,19626,
2013-09-02,155.49530029296875,157.25341599916652,150.66049327870456,154.32322812340564,13251,
2013-09-03,153.1999969482422,159.20687619280727,147.2907816916329,156.27668828741818,24431,
2013-09-04,163.6510009765625,170.92763144893289,156.27669161045293,156.27669161045293,28124,
2013-09-05,164.13937377929688,170.82996102850416,163.21148385757704,163.35798730174582,6059,
2013-09-06,159.06036376953125,170.34157464474285,157.9371161937233,167.02070116780095,12115,
2013-09-10,173.51593017578125,180.6948954989792,151.49069943116643,156.32550581647934,115649,
2013-09-11,168.68115234375,183.6251140764585,166.04398613296777,183.6251140764585,12726,
2013-09-12,167.5022430419922,174.72302021918398,165.97949237987274,169.71268319943783,16179,
2013-09-13,167.01104736328125,173.2985160913428,163.76906521048068,167.99346528894762,16264,
2013-09-16,173.39675903320312,174.87038588051078,167.89521280705148,174.87038588051078,19788,
2013-09-17,174.13357543945312,181.6981903870993,171.92313513063073,175.85280679075942,26509,
2013-09-18,171.5792694091797,180.02806881211745,169.95828597269477,180.02806881211745,21412,
2013-09-19,181.010498046875,186.3646726029416,167.99346087389756,171.4319235233633,57131,
2013-09-20,182.729721069336,186.65939249018183,171.92312466200963,178.99653022143093,71958,
2013-09-23,176.9334716796875,186.56115521031384,174.96863585866046,186.46292241356707,13335,
2013-09-24,179.19302368164062,181.7473162850937,175.06687139110764,181.7473162850937,23115,
2013-09-25,176.9334716796875,181.64906565774623,173.00380003763345,180.76489553448715,3020,
2013-09-26,174.96864318847656,184.6945749137977,171.92314154209893,184.6945749137977,29102,
2013-09-27,176.9825897216797,178.70182115385452,173.396770159347,175.1160015915218,11794,
2013-09-30,178.99656677246094,180.07723263006784,175.11601845007047,177.32645907566743,6673,
2013-10-01,177.5229034423828,181.74730321798324,175.8527960865892,181.74730321798324,9950,
2013-10-03,191.7679748535156,195.4520420509724,176.09841203843433,179.78247923589112,75013,
2013-10-04,191.37501525878903,195.50116755583576,187.5927002420333,191.8171003280248,26629,
2013-10-07,191.1785125732422,198.44839839959928,186.4629040686158,194.5187271441617,20266,
2013-10-08,189.5575408935547,194.32227395829668,187.83830947707168,190.8346872296152,8525,
2013-10-09,186.0208282470703,195.0099456920898,182.3367612629628,188.86983405191063,17807,
2013-10-10,183.6139068603516,189.60666228633,181.4034664969099,189.60666228633,5114,
2013-10-11,182.238510131836,186.2664292899821,176.58960752667122,183.61388911776035,32250,
2013-10-14,200.41323852539065,206.3077455408433,182.0420279919978,183.22092639698704,47658,
2013-10-15,192.40655517578125,202.3289671501452,189.7540148056121,198.4484193733714,20378,
2013-10-17,197.12213134765625,204.3429083853608,194.0275211832152,197.3677358048502,63080,
2013-10-18,193.63458251953125,198.1536960620468,192.6030406815032,194.76435715753308,6346,
2013-10-21,191.4732360839844,197.07302991249605,190.589066000802,193.78192406524843,27299,
2013-10-22,193.33984375,201.2974196646914,192.55390643989887,193.7819288023983,4805,
2013-10-23,192.65216064453125,200.16765175725064,189.7540157800568,193.78193525947333,10986,
2013-10-24,189.95050048828125,194.91169872181305,186.90499910585945,193.78192417151524,4682,
2013-10-25,183.6139068603516,190.58908022563745,177.8176470146411,189.85226677115688,21320,
2013-10-28,181.6981964111328,196.38534172970083,180.7649023590113,182.9753427411188,6837,
2013-10-29,189.8031463623047,192.55391964099195,179.73336229944667,185.6278700435587,10390,
2013-10-30,188.0839080810547,199.4308380729628,186.6594050929208,199.4308380729628,4269,
2013-10-31,185.9717254638672,193.38898416517296,184.69457909965087,191.57150491719105,8236,
2013-11-01,185.922592163086,189.3119310036245,182.827981697922,185.922592163086,5287,
2013-11-05,186.6102752685547,194.22401391854987,184.6945633805284,191.57148861278205,5151,
2013-11-06,178.06326293945312,190.1470073673772,176.0001791381579,190.1470073673772,4831,
2013-11-07,181.4525756835937,187.64181119763816,173.102023876369,180.76488617992368,19424,
2013-11-08,181.30523681640625,185.43138923438087,178.80006802997255,184.54721906999643,12427,
2013-11-11,185.48049926757807,189.60665137716632,178.94741135276522,184.6945619632501,20959,
2013-11-12,178.8983154296875,186.65941127052164,177.81764968402325,186.65941127052164,3393,
2013-11-13,179.04568481445312,181.74733437955464,178.06326679077986,179.04568481445312,1615,
2013-11-14,183.2700653076172,188.3295115810148,178.06324735245087,179.0456652688782,10426,
2013-11-18,177.6702880859375,191.3258912744029,176.14753730105633,191.3258912744029,5341,
2013-11-19,180.12632751464844,182.3367677841685,176.83522156160447,178.50532898936257,8318,
2013-11-20,179.88072204589844,183.71214582901723,178.8491802610565,183.71214582901723,2505,
2013-11-21,177.03170776367188,180.76489889104505,175.85280924726663,180.76489889104505,3810,
2013-11-22,176.8843536376953,181.5508388670098,175.5089595231714,181.5508388670098,3166,
2013-11-25,177.32643127441406,180.56841334844668,176.09840889716742,180.56841334844668,4433,
2013-11-26,175.1651153564453,180.17543767469013,174.08444966537868,180.07720487855255,3216,
2013-11-27,174.91952514648438,179.83161506921346,172.56171298926913,176.83523721824696,10863,
2013-11-28,179.78248596191406,184.69457574229423,175.1651245664584,176.83523209368596,19747,
2013-11-29,199.67645263671875,205.27623207418551,178.16150506468531,180.02809321367138,78591,
2013-12-02,182.0420379638672,225.8578668512312,160.13411602493153,207.2410508390722,109457,
2013-12-03,183.76129150390625,189.55755175835344,181.74733158820536,183.7121676053752,12729,
2013-12-04,182.1893920898437,187.15060536130247,180.22455633801903,187.15060536130247,4406,
2013-12-05,181.59996032714844,189.5575365645486,180.7648990905812,189.5575365645486,8397,
2013-12-06,179.43861389160156,186.56114328764087,178.35796325340308,183.71213752542783,14703,
2013-12-09,180.56842041015625,186.51205194657632,179.04566960471684,186.51205194657632,4756,
2013-12-10,177.47378540039062,181.550828628273,176.68786308270916,181.0104957919865,3902,
2013-12-11,176.6387481689453,179.73335867601324,174.1827033250793,177.08083324273957,5375,
2013-12-12,179.19302368164062,182.23852524802643,175.36159976696882,176.09841321136784,11959,
2013-12-13,178.5053253173828,181.7473073107572,176.54048956267192,180.5192849640629,4858,
2013-12-16,177.2772979736328,179.4386142447906,176.34400401455406,178.8491725292967,2282,
2013-12-17,176.04928588867188,181.74731274583192,174.28093065844874,181.74731274583192,8375,
2013-12-18,176.44224548339844,177.76850053869225,175.85278879848596,176.09839325211513,4121,
2013-12-19,176.19667053222656,180.5684275407337,175.1160047591085,176.09842273812177,4610,
2013-12-20,176.0001678466797,177.81764703076647,172.0704960890937,176.09841563682258,14446,
2013-12-23,176.6878662109375,178.7509348171386,176.04928557838122,176.09840947173285,5538,
2013-12-24,176.73696899414062,181.74730613237097,175.85279890645623,181.74730613237097,115663,
2013-12-26,176.78610229492188,179.73335606474166,175.50895599656505,176.68786949689925,89157,
2013-12-27,175.31248474121094,177.81765357699967,173.88798167474556,177.08084009532703,3729,
2013-12-30,176.04928588867188,179.5368724556799,174.91951129213055,176.83522321216077,3858,
2013-12-31,175.31248474121094,179.68424173436694,174.33006676564742,177.08084009532703,4442,
2014-01-01,178.5053253173828,184.6945609428236,176.0984045159634,177.81763580133543,51897,
2014-01-02,176.3931121826172,181.40343377500864,176.19663162829886,178.30882382060526,4925,
2014-01-03,173.88795471191406,178.60356326152487,172.41432797706733,172.41432797706733,2674,
2014-01-06,172.61080932617188,178.70179685971826,168.5829052269668,174.28091663513527,7978,
2014-01-07,173.1511688232422,174.772152492618,170.94072837017953,174.772152492618,1439,
2014-01-08,170.54774475097656,175.75454736341163,169.56532690100667,172.0213715259314,2761,
2014-01-09,162.93402099609375,172.90555706952506,162.09895975267975,170.40038832979113,3548,
2014-01-10,156.69566345214844,164.0637980972338,154.48522305862284,162.83577565638623,6354,
2014-01-13,163.42523193359375,167.06017534948876,155.22203605715472,155.22203605715472,6993,
2014-01-14,169.17236328125,171.67753198209456,163.32697963961786,163.32697963961786,4266,
2014-01-15,172.90554809570312,175.06686444879796,168.97587654807353,169.1232332349067,5186,
2014-01-16,173.83885192871094,175.80368781372718,169.51621897787845,175.80368781372718,2750,
2014-01-17,173.1511688232422,178.55446770850648,171.18633286496427,174.772152492618,3504,
2014-01-20,171.18634033203125,176.83524395848278,169.76183719824536,176.83524395848278,1604,
2014-01-21,163.7199249267578,174.82124937358068,162.09894150788156,171.13718252112884,8836,
2014-01-22,166.37249755859375,167.99348129417592,163.67084800561724,163.67084800561724,4331,
2014-01-23,164.84971618652344,174.57564678487014,164.06377891815552,166.32334294327333,4960,
2014-01-24,159.544677734375,167.01106055540868,154.23962651293624,164.80062004805768,6262,
2014-01-27,154.14137268066406,159.10258640099764,149.47488734787171,158.16929233254086,2240,
2014-01-28,153.8466796875,164.01469797738855,145.5943586944269,153.99403640555948,10251,
2014-01-29,149.5731201171875,166.9127894580511,147.65740827634954,161.60773897719108,1590,
2014-01-30,151.58709716796875,156.00797807376526,143.4330249436201,147.36269685988367,15552,
2014-01-31,168.63201904296875,180.7648855648561,152.56949608626525,157.08860923108256,18527,
2014-02-03,160.52708435058594,173.88797424346194,157.43247385601566,168.97588457556753,8472,
2014-02-04,157.7272186279297,161.60776687079832,156.40094828354606,161.60776687079832,4430,
2014-02-05,166.17601013183594,168.04261345450897,151.29238240448214,159.6429359787555,15666,
2014-02-06,163.17959594726562,171.33365136361405,160.18321878088793,167.01101921541715,6934,
2014-02-07,161.55862426757812,166.51983777155797,157.67807647395313,162.14808101695493,5699,
2014-02-10,156.3026885986328,160.72356899907868,153.74839614883908,160.72356899907868,1701,
2014-02-11,155.56588745117188,160.08500099992258,154.19049333506743,159.59379202785132,572,
2014-02-12,155.46763610839844,161.26389585020195,153.3554435729551,154.77994656131278,961,
2014-02-13,157.7272186279297,161.0674339530676,153.99402709421054,154.77996452086344,5323,
2014-02-14,153.10983276367188,160.96917581237096,151.09587310934128,157.72719380668116,5628,
2014-02-17,157.23599243164062,157.77632529033855,152.27477889533614,154.23961475205016,6618,
2014-02-18,157.97280883789062,159.1517073759068,150.45730255083453,155.22203558884738,6025,
2014-02-19,158.66049194335938,159.1517008967444,153.35544124300426,157.18686508320434,5493,
2014-02-20,158.9060821533203,160.1341044265299,156.4009137178715,160.08498053750026,8496,
2014-02-21,159.15171813964844,160.96919746028638,157.18688211323305,157.97281952190104,2582,
2014-02-24,169.7126922607422,173.88796833662153,158.1692819333111,158.1692819333111,7674,
2014-02-25,179.3895263671875,185.0384296647404,169.95830790898273,175.3124828189964,11956,
2014-02-26,180.7157592773437,186.36466187633155,178.9474041612984,186.36466187633155,8588,
2014-02-28,179.48776245117188,184.69458075787327,177.81765487859073,184.69458075787327,6810,
2014-03-03,184.98928833007807,188.6242314590522,174.37917231240502,183.6138943147183,21161,
2014-03-04,184.6454620361328,186.75766975256445,182.9753544167396,185.18579493989483,12036,
2014-03-05,187.78916931152344,192.55390196345456,185.9225813601213,192.55390196345456,19876,
2014-03-06,189.9996032714844,190.5890599686209,186.65938862906168,189.60664213373107,11238,
2014-03-07,192.7995147705078,196.4835819317277,186.6594028351413,188.6242386544586,43720,
2014-03-10,194.8625946044922,195.2555557645449,188.47687831533727,189.7540095807624,10768,
2014-03-11,201.3956756591797,205.2762234847549,194.51875014886625,194.51875014886625,36810,
2014-03-12,202.1816253662109,206.307777926642,200.70799838102064,201.64129247353927,13728,
2014-03-13,196.6309356689453,205.0797355613276,196.581826766606,204.3429221401491,9145,
2014-03-14,201.4939117431641,204.0481892185921,195.992365658307,199.4308282137159,12442,
2014-03-18,197.17127990722656,201.2974323062469,196.38534254776835,201.15007560969585,16157,
2014-03-19,206.1604156494141,210.2374442019876,197.7116151665888,200.41326456638063,58495,
2014-03-20,202.86929321289065,208.12523489281733,201.78862754339872,206.50423638857947,10203,
2014-03-21,209.7953491210937,211.1216043144081,201.7395252018057,204.93238343125893,34737,
2014-03-24,210.6795196533203,221.0440316930283,206.60249128718536,221.0440316930283,13941,
2014-03-25,206.06216430664065,208.7638136598862,201.4448029555589,208.61645696409428,8589,
2014-03-26,201.69039916992188,206.2095125447862,200.0202917272436,204.34292451894123,11295,
2014-03-27,201.64126586914065,205.1288522720432,200.8062046915066,201.88687033426748,6346,
2014-03-28,201.0027008056641,204.8341244759173,198.4484083651573,204.8341244759173,14460,
2014-03-31,199.82379150390625,206.25863163881064,198.64489304183007,202.3780839971607,10877,
2014-04-01,200.41323852539065,205.12884713585407,199.6273012585623,201.39565636129944,251168,
2014-04-02,204.7850036621093,207.19192446500347,199.67643369483253,199.67643369483253,16577,
2014-04-03,204.7850036621093,209.05852742742675,202.42720675121456,206.25863047904545,22093,
2014-04-04,214.6583251953125,216.13195214173345,203.55699920083995,208.27260842748856,53315,
2014-04-07,211.80929565429688,214.6583014392095,209.7462121614244,213.184674655874,52465,
2014-04-09,220.3563232421875,229.83664934743567,211.85839998077995,215.1495057220458,31183,
2014-04-10,221.7317352294922,226.349096740339,219.17745747416632,221.0440456411548,18577,
2014-04-11,221.14227294921875,223.00886094329005,220.40545953200524,222.026443053672,14809,
2014-04-15,220.89666748046875,225.3666568656632,220.20896296843213,223.0088599374176,10637,
2014-04-16,218.1950225830078,223.5000732710405,217.26171358133809,222.12469420096016,11641,
2014-04-17,223.94216918945312,224.9737110372891,216.52491065278585,217.212615211682,19862,
2014-04-21,222.12469482421875,232.8330440169824,219.32479779236849,223.9912828517805,24779,
2014-04-22,226.20172119140625,227.822704728171,221.38787948364447,224.97369881794583,23188,
2014-04-23,230.13137817382807,232.5382988748768,223.50005777821087,226.938520205568,30601,
2014-04-24,230.13137817382807,230.13137817382807,230.13137817382807,230.13137817382807,0,
2014-04-25,233.17691040039065,234.6505373504908,228.01921607504,231.85064014909705,15161,
2014-04-28,229.836669921875,233.81546550525508,228.80512810536788,231.3594206995276,10931,
2014-04-29,229.0507354736328,231.8015086888288,225.90700108076948,229.88579671431108,11606,
2014-04-30,228.70689392089844,234.20842525807,227.9209565897289,234.20842525807,16290,
2014-05-02,233.7172088623047,237.64688040259065,228.1665538078537,234.7487506397312,15317,
2014-05-05,239.61170959472656,240.5450185523284,231.9979711944408,236.76270380243523,14512,
2014-05-06,238.6293029785156,240.49590599114856,235.7802970520069,240.3485343111865,38418,
2014-05-07,238.87489318847656,243.14841681352297,236.1732441127708,240.3485199570433,11250,
2014-05-08,237.7942657470703,244.62206744264907,231.21206853687576,244.62206744264907,16264,
2014-05-09,246.5377655029297,250.32008036037573,236.02589712043329,236.02589712043329,52814,
2014-05-12,241.6256866455078,253.46382568835628,237.7451388239621,241.67481054006063,10196,
2014-05-13,241.96954345703125,250.221848219476,240.69239712723407,245.6044868645245,13717,
2014-05-14,241.82215881347656,249.38678859598824,240.6923842306377,248.15876622746453,13285,
2014-05-15,241.2818756103516,245.6045089720559,236.76274664906188,242.65725486439123,12027,
2014-05-16,240.3976593017578,247.3728324509196,220.99490560162613,244.62205930798928,16827,
2014-05-19,245.01502990722656,245.6044866714413,237.79426699339112,245.6044866714413,43771,
2014-05-20,247.1272125244141,253.46380464237205,241.23270543970773,245.6044618627636,18104,
2014-05-21,247.27459716796875,255.4286692220036,244.9168000636613,244.9168000636613,16065,
2014-05-22,254.74093627929688,260.2916211115242,243.6396265768691,255.42864076607245,35236,
2014-05-23,262.6985778808594,264.17220494075315,253.9550633216935,260.8319896011978,24334,
2014-05-26,261.4214172363281,264.0248187552934,260.34075151684743,263.28800530760424,12783,
2014-05-27,265.3019714355469,268.2001165555693,258.8671454666393,263.28802650876406,32083,
2014-05-28,270.70526123046875,274.48757643337905,268.20010738466726,274.48757643337905,16552,
2014-05-29,269.96844482421875,275.9612004076908,266.72647753170975,275.9612004076908,13531,
2014-05-30,264.6142272949219,274.9787225781869,260.53719962344366,270.90169490670866,11373,
2014-06-02,265.5967102050781,268.2001118883771,261.86350384585995,268.2001118883771,11853,
2014-06-03,266.4317626953125,273.6034018095843,262.4038430638513,266.72647609085146,18744,
2014-06-04,267.31591796875,272.6209686599845,262.551185132904,270.11581499443395,13617,
2014-06-05,292.66229248046875,302.5847194723563,269.18251017995334,270.3614236767973,38928,
2014-06-06,291.77813720703125,298.0656062213497,289.8133012662432,294.77450002432624,11815,
2014-06-09,296.0516357421875,300.61987291279667,286.3748135754256,298.1638281994568,45400,
2014-06-10,292.3184509277344,299.63747669515385,280.9715355239803,299.63747669515385,11022,
2014-06-11,288.3887634277344,293.6938440886451,284.852082961814,292.0237216611709,12868,
2014-06-12,308.5283508300781,311.3282480348282,286.86604663004493,289.2238437568282,34856,
2014-06-13,304.5986633300781,337.9517636217856,300.8163783324956,320.26824110669213,40532,
2014-06-16,306.61260986328125,312.99832574003875,299.6374372940052,299.6374372940052,13139,
2014-06-17,310.73876953125,313.14570537674786,305.5319666577838,309.46163825466846,114584,
2014-06-18,319.9244079589844,329.1100220328203,306.6126563736459,319.2858422706466,18475,
2014-06-19,326.8013000488281,352.3933036754137,320.51383164644926,324.148789775535,55895,
2014-06-20,333.5799865722656,338.9341761296178,324.1979076022431,327.63637025863056,19862,
2014-06-23,341.53759765625,342.6673723135784,330.1415433287696,334.26771075146627,38931,
2014-06-24,358.63165283203125,363.4946335708585,341.881439142321,341.881439142321,57557,
2014-06-25,350.0846252441406,367.4242952118105,343.84626557254995,363.4946236052671,17600,
2014-06-26,352.5406799316406,353.6213456500926,345.81111111961536,349.78989174094323,18240,
2014-06-27,353.130126953125,359.3193477448406,349.7898821006917,353.62133590424577,13201,
2014-06-30,352.147705078125,356.9615467485981,348.7583513612227,356.8632989632793,37861,
2014-07-01,351.656494140625,357.60011035606027,349.1513105437527,353.7195477155598,15861,
2014-07-02,345.7128295898437,354.7019467695784,340.65338374385215,354.0633811740478,16801,
2014-07-03,341.34112548828125,351.4109093804462,338.9832984457906,344.2392404247336,10071,
2014-07-04,343.2568054199219,346.6461591392472,334.0220832326344,344.3374710971716,15038,
2014-07-07,342.8147277832031,351.6073497324873,339.1797696712217,340.9972487272124,16546,
2014-07-08,341.783203125,345.81112276706983,337.2149655960134,341.88145091744406,14805,
2014-07-09,347.4320678710937,353.6704272366089,336.9202148279471,339.5236161433472,17633,
2014-07-10,346.1058349609375,351.01792475590406,309.4616570828937,347.77595748363285,16003,
2014-07-11,336.4781188964844,353.5721837580884,328.2749237242651,348.2671332811787,12986,
2014-07-14,331.909912109375,336.0360495319691,329.1100149412832,334.3168181106341,10998,
2014-07-15,335.888671875,342.8638449167881,330.0924122981111,336.0360285628587,30730,
2014-07-16,333.97296142578125,343.8462488650729,329.30647661975524,343.8462488650729,10814,
2014-07-17,345.8601989746094,348.7583436821199,334.0220756392135,335.9869113782677,22325,
2014-07-18,344.19012451171875,351.6073678205602,343.8462722432723,346.05671256483623,21698,
2014-07-21,346.05670166015625,363.494619203003,343.9936180955038,363.494619203003,11171,
2014-07-22,347.82501220703125,350.4775522755228,344.14094543468866,344.14094543468866,14057,
2014-07-23,344.5830993652344,371.3539887670951,343.84628589545844,353.6704654924715,25770,
2014-07-24,343.35504150390625,348.75833972499777,335.05359860818743,346.056690614452,57537,
2014-07-25,334.1694030761719,347.6285387031245,324.2961163439627,339.96566200287714,31720,
2014-07-28,332.1555480957031,349.8881818734697,329.11004615005095,349.8881818734697,11197,
2014-07-30,322.9207763671875,333.2852732404765,319.4823137103219,332.990559862294,10575,
2014-07-31,329.5520935058594,333.0396650262654,320.3664802294335,324.197904007869,13856,
2014-08-01,327.04693603515625,342.61826684721143,325.1803478893964,342.61826684721143,10470,
2014-08-04,325.7206726074219,338.83595877074265,320.3173736621676,338.83595877074265,12670,
2014-08-05,339.6709899902344,342.61824369947715,324.5908691817389,324.5908691817389,13385,
2014-08-06,335.93780517578125,343.60065262724254,326.6539442417674,335.98691407724647,11695,
2014-08-07,335.0044860839844,341.04634985146646,319.28580051992645,341.04634985146646,11061,
2014-08-08,342.7655944824219,344.82867803954514,330.0924097472569,330.0924097472569,71601,
2014-08-11,343.9445495605469,347.7759737839974,339.91662974368114,342.6673881653845,24866,
2014-08-12,341.4884948730469,348.02156842526404,339.1798066304091,342.86387404493195,19954,
2014-08-13,337.8044128417969,346.54792646439773,334.26770228068415,338.9341874704953,15993,
2014-08-14,330.1907043457031,340.84994591790235,313.7352024196272,334.26773315506443,12929,
2014-08-18,331.3695068359375,339.7691968849723,329.3555623694091,329.3555623694091,17386,
2014-08-19,335.20098876953125,341.8814182838209,329.3555904587672,329.3555904587672,17254,
2014-08-20,349.2496032714844,353.6704843255538,334.1203718826505,334.2677285882491,33988,
2014-08-21,347.5794372558594,353.6213312601082,341.881425490097,343.8462612687757,25929,
2014-08-22,350.7231750488281,359.4666879824141,345.81108576243,347.53031701266934,87542,
2014-08-25,355.1932067871094,360.25268334200894,344.97606584566387,360.25268334200894,17131,
2014-08-26,354.94757080078125,361.23506926629153,340.3095502716078,355.14406637070897,13259,
2014-08-27,353.86395263671875,362.53321309815766,347.9038097632805,349.7263332876249,20346,
2014-08-28,347.01715087890625,356.08049232428635,337.0671853944448,349.726298259792,16058,
2014-09-01,354.6520690917969,356.5238378880468,347.0664433660865,347.0664433660865,12673,
2014-09-02,352.5340270996094,359.47928501568555,348.2486417609917,349.7263587698785,13349,
2014-09-03,352.0906982421875,359.47928325033735,349.8248775320466,354.652080391192,10612,
2014-09-04,348.7904357910156,364.01093198212993,345.0468983132368,347.7560459802216,13259,
2014-09-05,351.5980834960937,355.63718215950394,347.01716735646886,347.01716735646886,33378,
2014-09-08,353.7654113769531,358.592613624437,345.83497976787737,350.8099777481803,29384,
2014-09-09,370.3651123046875,378.5910453947605,347.164939693548,359.57776726116214,41401,
2014-09-10,367.7052307128906,378.2955354152713,363.1735594320496,364.5035106865895,38792,
2014-09-11,363.6661071777344,369.429208848618,357.70599463400043,365.4886306208994,10958,
2014-09-12,366.4737548828125,381.7434946695964,359.5777433662004,359.5777433662004,18291,
2014-09-15,366.8678894042969,373.17280962848,362.5332586291855,365.3901723174931,11171,
2014-09-16,350.7607116699219,369.0351614583625,346.96792913170003,364.65125610183225,13843,
2014-09-17,349.9725952148437,367.3603902028207,346.03201708434585,347.8052652173798,14153,
2014-09-18,353.61767578125,356.6223548670073,346.77090859996287,347.75605322666735,11930,
2014-09-19,359.7255554199219,360.5629343677746,346.86943003168017,346.86943003168017,17787,
2014-09-22,356.17901611328125,363.5183553679456,347.85456232835105,356.622343206494,22175,
2014-09-23,356.1297912597656,367.2126685811276,349.6771058227975,350.7114956804331,52280,
2014-09-24,368.3455810546875,372.3846801592072,350.7114977160788,350.7114977160788,26881,
2014-09-25,362.1883850097656,370.0695413491669,354.7505557401459,364.5034806973099,23722,
2014-09-26,358.8388977050781,366.27672693586936,354.65203342162835,358.5926115707576,13611,
2014-09-29,367.5574645996094,371.4980430888805,353.96245077308726,355.29240202606184,16923,
2014-09-30,369.6262512207031,374.2071674153654,359.57776467531886,359.57776467531886,11267,
2014-10-01,375.0445861816406,386.1767088761018,367.4589602315969,367.4589602315969,76895,
2014-10-07,389.6246643066406,397.0132483326831,370.41434583893016,370.41434583893016,49094,
2014-10-08,386.8663330078125,390.6591160248806,384.2556755197016,385.1915750038429,12651,
2014-10-09,383.2704772949219,389.96947831091575,379.52694000967966,386.915524175994,14867,
2014-10-10,374.4534912109375,386.8170446660037,373.56686702994415,379.2806940312162,15934,
2014-10-13,387.1126098632813,397.9984464343712,361.3018074995189,369.4292510220029,19458,
2014-10-14,382.4331665039063,396.0281506961419,372.3846790127902,386.176704161412,22698,
2014-10-15,382.4331665039063,382.4331665039063,382.4331665039063,382.4331665039063,0,
2014-10-16,370.70989990234375,384.0586272330004,361.4988219698639,382.4331446604585,24280,
2014-10-17,364.0109252929688,374.3549434677351,362.4839632071464,369.8725476176938,11313,
2014-10-20,365.39013671875,382.1868706741748,364.5035125658948,364.7497987230339,10803,
2014-10-21,363.5183715820313,369.42923941263336,362.9272787861253,363.5183715820313,11556,
2014-10-22,364.5527648925781,369.37999771817954,364.2079883172312,364.7498058478296,11405,
2014-10-27,362.4346618652344,370.3650932672336,359.8240349074979,361.6465582771638,10821,
2014-10-28,360.2674255371094,368.0993077922978,358.7897085005572,359.577812227693,15015,
2014-10-29,365.4886474609375,368.4933264723243,359.8733112020192,364.5035028586169,11717,
2014-10-30,371.3995056152344,372.3846501924631,362.1391526021296,362.1391526021296,14461,
2014-10-31,374.6504821777344,376.3252400360465,364.602025220544,370.90694469521344,26142,
2014-11-03,371.695068359375,385.19156223313297,369.9218199962696,380.9554522189206,10984,
2014-11-05,375.09381103515625,384.2063986965487,366.4245504748739,371.6458048930077,11306,
2014-11-07,373.07427978515625,383.2212573499655,369.9218049740669,374.40420097136376,11753,
2014-11-10,388.0977478027344,390.70837511850686,372.38467857271786,372.38467857271786,29876,
2014-11-11,386.7677612304688,398.98354779199576,374.6504650738058,388.1469576050527,37373,
2014-11-12,388.14697265625,397.9984186627538,381.0539195058763,382.2853502566893,15041,
2014-11-13,381.69427490234375,397.94916027455895,379.7732309690278,397.94916027455895,25925,
2014-11-14,381.2017211914063,392.974181314209,375.5863848544486,377.9507259200311,11677,
2014-11-17,380.610595703125,390.0187139519067,372.483153319419,375.340066447513,20258,
2014-11-18,393.6637878417969,394.05783966862,377.3103814827037,380.5121014300112,71665,
2014-11-19,396.71771240234375,400.9538218358532,387.2603189457047,393.6144830959688,366376,
2014-11-20,405.63330078125,410.8053100808288,398.9835745389344,401.939008424408,27330,
2014-11-21,405.2392578125,408.8350297723508,398.9835832718123,403.4167341970546,127788,
2014-11-24,410.6082763671875,438.3893674060248,405.879594092769,412.87412709119405,19073,
2014-11-25,407.0124816894531,411.7411937639836,401.88974785566216,405.8795714228416,11829,
2014-11-26,406.0766296386719,412.4800697514433,401.8897649495521,403.9092994209656,19648,
2014-11-27,406.02734375,411.2978734101371,397.01327660906645,404.0078093314017,29536,
2014-11-28,406.1258544921875,411.19934308367147,403.8600339761389,411.150097880194,21417,
2014-12-01,403.9093017578125,408.83502494998095,369.42923941263336,369.42923941263336,18139,
2014-12-02,404.7466735839844,413.3174137488525,403.860049437857,403.9585398485828,12363,
2014-12-03,404.3033142089844,408.8349851171034,402.9241178623983,402.9241178623983,12402,
2014-12-04,404.5496215820313,409.7216307014105,403.9092836086678,403.9092836086678,11090,
2014-12-05,408.9827880859375,411.10084303253393,397.0132868163546,405.87958850704246,13858,
2014-12-08,405.9288024902344,411.691904158748,405.87955728809857,410.7560348685853,19040,
2014-12-09,405.9288024902344,415.5832371827102,403.90926817504953,405.87955728809857,17456,
2014-12-10,407.1109924316406,408.884240627068,405.879561722531,405.879561722531,12984,
2014-12-11,405.8796081542969,408.63800123256624,404.8944634743107,405.8796081542969,24175,
2014-12-12,405.8796081542969,407.8498975142692,405.7318424651449,407.8498975142692,28483,
2014-12-15,404.05706787109375,411.7904593038807,384.3541750814344,403.90930218801697,26960,
2014-12-16,398.34320068359375,407.3572672099779,391.0531371018709,394.5503881924937,31933,
2014-12-17,400.0671997070313,403.95850256259126,393.41747412851424,400.9045785705043,30595,
2014-12-18,404.1062927246094,417.6520298275107,398.9835292127313,417.6520298275107,26993,
2014-12-19,397.0133056640625,406.5692210767058,396.02816098499534,403.95856362579406,21334,
2014-12-22,399.4761352539063,406.3721474531106,395.0429845544178,396.1758948314416,27777,
2014-12-23,398.934326171875,402.924149859956,394.4519001092239,399.96871599790256,26190,
2014-12-24,390.806884765625,402.6778654712577,385.48707973920943,398.4910008149817,29880,
2014-12-26,391.7919921875,402.9241133673127,380.265789143723,390.6098067240574,115947,
2014-12-29,395.5848083496094,401.8404826712164,393.0727016056404,394.05784622119336,24314,
2014-12-30,397.7029113769531,402.82564557182303,393.0727194479894,393.0727194479894,36839,
2014-12-31,395.6833190917969,400.80608299236417,391.5949750506544,395.0429811202827,19026,
2015-01-01,395.9788513183594,398.9835300747136,393.0726629624956,393.0726629624956,18666,
2015-01-02,398.7865295410156,400.4120422129144,394.0578473979316,394.0578473979316,25393,
2015-01-05,405.63330078125,412.9233650192392,396.0773858591941,398.9835745389344,31332,
2015-01-06,403.9093017578125,413.7115029359191,395.28928617151774,402.9241571193788,17771,
2015-01-07,404.2540893554688,407.94838157560974,398.9835597752223,407.8991063074716,26477,
2015-01-08,403.95849609375,410.8052624943456,401.6926757363775,408.8349734655958,68959,
2015-01-09,405.8796081542969,409.72166639339696,403.958564002632,405.8796081542969,47925,
2015-01-12,407.2095336914063,417.6027973812318,405.8795824448216,405.8795824448216,18930,
2015-01-13,407.8006286621094,413.7607416047727,405.978105096957,413.7607416047727,10353,
2015-01-14,407.061767578125,410.60826414627024,405.87958201259136,406.0273476922261,20696,
2015-01-15,401.98822021484375,408.8349868394109,400.55977866080775,406.37212547290846,11535,
2015-01-16,403.1704406738281,407.5543463122221,396.6684800893337,398.9835759875392,11885,
2015-01-19,401.54498291015625,406.9140034488761,398.9836006953156,398.9836006953156,12530,
2015-01-20,401.54498291015625,408.4409957616802,397.9984560022408,397.9984560022408,13756,
2015-01-21,400.9046020507813,412.6770618370389,391.1024013759944,398.4909857848608,29247,
2015-01-22,400.80609130859375,410.805303105142,393.95932423115033,404.89443543456434,10925,
2015-01-23,400.2149658203125,407.8498359375,396.5699190289975,397.998390625,22040,
2015-01-27,406.3229064941406,408.6379722766799,398.2939538697973,398.2939538697973,32024,
2015-01-28,402.1852722167969,407.7513330454088,397.9984077785326,401.9389860733696,34615,
2015-01-29,403.5152282714844,407.75133796384085,397.99841257932167,398.983557164914,23981,
2015-01-30,400.9046020507813,404.00780148965976,397.0132689030875,398.9835580787852,27483,
2015-02-02,405.63330078125,412.7755993378112,394.254892347868,400.9538637959168,12019,
2015-02-03,404.5496215820313,412.7755849561751,401.00309503018286,406.6184312426284,9262,
2015-02-04,402.43157958984375,409.7216438070222,401.2986692831586,403.9092965283621,1275,
2015-02-05,401.8404541015625,412.7755645695925,398.9835409324224,398.9835409324224,9559,
2015-02-06,404.1555480957031,408.8349846671951,395.0429610880609,398.9835392535278,7411,
2015-02-09,402.1360473632813,408.8350187778047,395.042994047951,397.01328329507294,2118,
2015-02-10,396.1759033203125,406.86472847095433,395.0429930190138,398.983571502994,2099,
2015-02-11,396.0281372070313,400.9046151013165,394.1563684420327,400.9046151013165,1067,
2015-02-12,397.1610412597656,403.81076733961214,394.0578417686828,394.0578417686828,1990,
2015-02-13,398.0476989746094,403.9093218911609,389.5262034402394,394.05787501576674,2558,
2015-02-16,389.0828857421875,398.9835773013823,375.340106053893,398.9835773013823,3828,
2015-02-18,399.9194641113281,403.9092877327534,380.758389533437,391.1024078778124,1857,
2015-02-19,407.061767578125,417.7013174110164,395.0429912307018,395.0429912307018,13981,
2015-02-20,411.0023498535156,422.4300034598579,407.8006298201014,422.4300034598579,7039,
2015-02-23,412.3322448730469,413.8099617177443,405.8795600102253,409.8201382627517,16298,
2015-02-24,408.93353271484375,412.0859774212997,405.8795784177867,405.8795784177867,2058,
2015-02-25,409.5246276855469,414.74588210921166,405.8795805914375,405.8795805914375,3665,
2015-02-26,402.9241638183594,413.7607550212981,396.61924404040445,405.8795977827972,6789,
2015-02-27,399.4269104003906,412.233790851423,396.17591501659126,398.98358328216335,11290,
2015-03-02,405.5347595214844,406.8154655114223,402.1360287659151,406.8154655114223,3154,
2015-03-03,406.1751098632813,408.2931948219184,402.13604102175816,403.6137579337967,7710,
2015-03-04,412.6278381347656,477.2040572075387,408.8350252610643,408.8350252610643,4805,
2015-03-05,429.6708068847656,443.3643106719358,408.8350048206089,408.8350048206089,24411,
2015-03-09,429.572265625,455.1367785222311,411.79041866297104,455.1367785222311,7571,
2015-03-10,420.6567687988281,426.5676367444791,410.7560770155544,426.5676367444791,5518,
2015-03-11,417.0116882324219,423.5136484661591,409.9679105059676,415.7310123055126,11732,
2015-03-12,421.7404174804688,423.0703687291968,411.7904508139839,415.4847431358796,3147,
2015-03-13,414.4503479003906,425.0406524182253,406.8647224061111,419.6716022881437,22583,
2015-03-16,406.9632263183594,421.8389152811278,403.9092721502319,408.8842401839528,8376,
2015-03-17,407.8006286621094,409.8201631132986,398.98357226174505,403.9092953760876,1779,
2015-03-18,401.7912902832031,418.1939442755093,396.27447369805327,403.9093454722233,10604,
2015-03-19,404.0078125,410.80530432856233,401.9390027962912,410.80530432856233,10504,
2015-03-20,401.6434631347656,411.79044043069234,399.9687052987107,401.9389944873743,6168,
2015-03-23,395.5848083496094,407.7513503645343,384.2064000656635,384.2064000656635,9444,
2015-03-24,395.3385314941406,397.7521478847052,387.1618430184251,392.0875662120437,10949,
2015-03-25,398.1462097167969,402.8749221398508,394.0578653763629,394.0578653763629,4053,
2015-03-26,397.85064697265625,438.38934066389953,394.0578343046288,398.9835572334367,1695,
2015-03-27,394.0578308105469,398.9835536956787,385.1915296173096,385.1915296173096,2001,
2015-03-30,393.9100646972656,401.88974177511983,392.0875412189553,392.3830725660428,775,
2015-03-31,411.2486267089844,413.76073342192655,387.16182913051694,387.16182913051694,3274,
2015-04-01,413.1203918457031,415.73101900909967,395.33851387087714,395.33851387087714,2335,
2015-04-06,416.4699096679688,427.4542667368445,410.8053278096818,427.4542667368445,1709,
2015-04-07,418.6371765136719,420.70595595782027,410.8052655406247,410.8052655406247,891,
2015-04-08,418.2923889160156,421.6418744290083,404.8944167998187,404.8944167998187,2188,
2015-04-09,425.5824890136719,432.3799810892389,418.1939041349624,418.1939041349624,4741,
2015-04-10,419.9671325683594,433.463625665921,408.8350105712664,408.8350105712664,3443,
2015-04-13,433.7591552734375,438.3893469182652,415.0414078769273,419.917885671709,3315,
2015-04-15,428.6364440917969,439.07898341569046,419.27756989793335,431.4933575697095,4330,
2015-04-16,417.1102294921875,433.46363633021866,411.8396997194176,415.7310330258006,28612,
2015-04-17,424.3510437011719,427.5527637058818,410.8053052197067,410.8053052197067,1081,
2015-04-20,424.0555419921875,428.5379382865038,409.8201892578979,409.8201892578979,523,
2015-04-21,417.208740234375,433.46362621753246,413.76073411673553,414.74587872177534,2741,
2015-04-22,413.2189331054688,423.6121970778501,410.8053167010779,410.8053167010779,10752,
2015-04-23,416.7654418945313,418.7850065127557,400.0672577254155,400.0672577254155,2061,
2015-04-24,412.7755737304688,418.6864411347237,412.7755737304688,413.7607182978446,7554,
2015-04-27,406.47064208984375,413.8592261193578,404.1063012132444,408.88422816761647,919,
2015-04-28,406.618408203125,413.6621856394679,403.9092607226681,405.4362227314173,953,
2015-04-29,404.8451843261719,410.3127248160368,399.9687065433636,402.92414033555593,815,
2015-04-30,401.2986755371094,405.8795921050611,395.0430010537124,395.0430010537124,146,
2015-05-04,398.4909973144531,411.5934086862459,395.2892773113086,401.2986654839024,2025,
2015-05-05,396.3236389160156,408.7857414769974,396.0281075778418,398.9835412164824,20498,
2015-05-06,398.7865295410156,405.8795828198696,394.0578473979316,405.8795828198696,13208,
2015-05-07,392.62933349609375,401.7911955023931,374.3549148118875,395.0429495778076,10282,
2015-05-08,402.7271118164063,403.9092973954501,389.13212797854334,389.13212797854334,18396,
2015-05-11,398.3924865722656,412.6770838583293,394.0578561672714,397.99843472894406,10195,
2015-05-12,403.1704406738281,407.8498776761511,395.5355697753012,395.5355697753012,10340,
2015-05-13,403.95849609375,443.2165110044359,396.1266152430041,413.662175573188,10738,
2015-05-14,412.9233703613281,413.6622288422553,397.0132904182084,400.95386898315337,12934,
2015-05-15,409.0321044921875,421.6419450280825,408.83506352022016,409.8202082515942,10397,
2015-05-18,412.1844482421875,417.70126339420096,404.20477186733086,408.8349629919656,14903,
2015-05-19,408.83502197265625,413.7607451289533,406.1258742366929,407.8498773413969,10740,
2015-05-20,412.9233703613281,413.7607493192247,404.00782338383146,404.8944475480984,20845,
2015-05-21,411.8396911621094,413.6622146989291,405.8795783121009,405.8795783121009,10204,
2015-05-22,414.0562438964844,418.6864353245878,409.3275620643912,409.3275620643912,23962,
2015-05-25,451.9350891113281,461.8357804002286,399.968711017328,399.968711017328,32699,
2015-05-26,457.451904296875,465.727112983256,443.3150731728508,462.0328207068156,30166,
2015-05-27,450.2603149414063,458.0922263203152,433.4636120020186,449.7184974520943,15943,
2015-05-28,450.8514404296875,460.2103145500941,444.30023455824863,445.3346244090232,11598,
2015-05-29,445.9256896972656,448.240785481278,441.3447733969506,443.3150625639013,13708,
2015-06-01,462.9687194824219,480.996853741353,433.463626515505,439.3744941498074,65623,
2015-06-02,459.9147644042969,469.8154556491084,458.24000655175473,458.8310993270183,13241,
2015-06-03,453.9546203613281,471.7364984575592,434.4487692766393,434.4487692766393,16673,
2015-06-04,461.934326171875,464.74199447247184,444.4972836864851,462.9687461058997,17260,
2015-06-05,457.2548522949219,472.8201547485451,449.42297089675264,472.8201547485451,19192,
2015-06-08,450.9007263183594,492.4738132462858,443.4136208328802,492.4738132462858,13430,
2015-06-09,447.4034729003906,457.0086340132477,443.3643734964968,444.3002730152369,15835,
2015-06-10,457.9444580078125,462.91942604574376,443.31505517421806,444.3001997412719,14679,
2015-06-11,455.0875854492188,461.04769858688326,445.3346293123439,458.09226462158273,25257,
2015-06-12,440.6551818847656,456.0234441573992,435.5816930426172,451.19624147326016,14129,
2015-06-15,442.3298950195313,452.0335746759005,419.8193364427746,435.4338832931688,14226,
2015-06-16,455.8263854980469,462.9194080668189,435.43388172634906,435.43388172634906,38893,
2015-06-17,450.4081115722656,462.0328055278733,444.891295941177,453.1665043556967,12867,
2015-06-18,447.9452819824219,453.16653657377606,444.3002347712456,448.4378543047847,12698,
2015-06-19,449.1274108886719,456.12194346436166,438.34009570704654,447.2556421875166,32921,
2015-06-22,444.3002014160156,453.0679820829986,443.3150568452484,449.12740379992977,25211,
2015-06-23,445.87646484375,448.09304025773486,437.4042150263401,442.1328972171498,19693,
2015-06-24,444.5957946777344,451.7380938104617,442.329973875113,442.379219084819,15733,
2015-06-25,438.0937805175781,450.11252563533066,436.5175432711217,443.3642796535866,15662,
2015-06-26,464.2001647949219,492.6215635096518,438.43860849626543,438.43860849626543,51955,
2015-06-29,452.969482421875,460.5551079909464,449.7185172146888,458.1414916559979,19476,
2015-06-30,494.6411437988281,501.8819631212278,451.19625792865935,451.19625792865935,106148,
2015-07-01,499.3204956054688,514.2946739599654,489.12424402236906,496.51282776893055,53345,
2015-07-02,499.9609069824219,514.3933000728048,494.54261143877,507.0539604470758,27501,
2015-07-03,524.3924560546875,529.8599965329345,495.52773143796793,495.52773143796793,68725,
2015-07-06,513.112548828125,521.2399919043579,504.54183877777103,510.5511968797247,27748,
2015-07-07,517.2501220703125,531.879554378838,508.383821323976,513.1125030296654,57141,
2015-07-08,515.9202880859375,522.1759328391793,507.4973129809916,513.2603853874124,20476,
2015-07-09,517.7919921875,522.5207345024922,512.3736967359896,521.1415079725434,12597,
2015-07-10,515.4276733398438,528.0375123554775,508.3346201034075,527.2001634861467,13354,
2015-07-13,526.8060302734375,540.7950944354207,509.8122873613911,515.4276231319311,83290,
2015-07-14,524.885009765625,528.7270976026405,518.4815701229006,518.4815701229006,23328,
2015-07-15,533.899169921875,539.8100379860454,522.1266790017106,522.1266790017106,21251,
2015-07-16,533.30810546875,540.8444871276529,530.0078944893938,530.0078944893938,38061,
2015-07-17,531.4362182617188,537.3963305250788,529.5151744403847,537.3963305250788,15387,
2015-07-20,541.2876586914062,549.7106321584672,536.4111813804398,541.6816804151675,41176,
2015-07-21,532.2735595703125,549.4150978652054,529.0225947567151,548.7254846917882,16149,
2015-07-22,542.4699096679688,544.784975476205,523.161039017055,526.0672276750335,14732,
2015-07-23,539.908447265625,546.7059685692815,533.9483348889568,542.3220633881378,14860,
2015-07-24,537.2979125976562,546.7060319170637,531.9781074715578,540.8444092627504,24143,
2015-07-27,541.6324462890625,546.7552098302795,524.0968858192948,545.7700653080627,14693,
2015-07-28,536.7559814453125,546.5581816965549,532.4706267247179,533.1109947305315,29000,
2015-07-29,531.7811279296875,540.7459812976033,527.1016903328219,532.9633136640622,11446,
2015-07-30,520.5504760742188,536.6575676370917,513.3588717644737,527.0524069496909,23731,
2015-07-31,531.2884521484375,536.6082568535182,520.2055757865629,530.9436756018935,14795,
2015-08-03,538.0860595703125,541.8788427013641,528.0375713729703,528.5301437343256,16308,
2015-08-04,557.9366455078125,561.4832023060189,532.0273533763452,540.8444099726288,24980,
2015-08-05,571.3838500976562,575.3244283741918,543.3072298773403,557.5918261297818,33802,
2015-08-06,572.5661010742188,580.15172714959,561.5817138210265,566.4581920215122,20486,
2015-08-07,581.2353515625,586.1610748808263,562.5668481603517,581.1368611475168,29322,
2015-08-10,580.3980102539062,587.1462272370422,563.7982863765887,572.3690570884589,30702,
2015-08-11,577.2454833984375,589.0179732514247,573.8467225439457,589.0179732514247,14050,
2015-08-12,565.7192993164062,579.2650378720886,563.5027239163855,574.3393147609314,12574,
2015-08-13,557.7396240234375,586.0625304955679,542.2235969995747,571.383852307326,16565,
2015-08-14,555.9663696289062,567.2462881091728,551.878055331616,558.5770270518726,17021,
2015-08-17,573.649658203125,581.1367928440616,541.8295013323861,561.581637491631,36409,
2015-08-18,565.0296630859375,582.7130203618308,561.532411844875,564.487845591427,16482,
2015-08-19,566.1133422851562,570.8912693230191,560.5472515009453,570.8912693230191,10846,
2015-08-20,549.9077758789062,570.3987733267844,543.7998667985923,570.3987733267844,16803,
2015-08-21,550.9913330078125,556.4096280152937,532.0273004816281,546.7552234821992,17703,
2015-08-24,489.1242980957031,530.992943954852,472.86941205626886,530.992943954852,24982,
2015-08-25,494.19775390625,516.1172500488167,443.3150442810581,482.7208259949299,23982,
2015-08-26,490.7005310058594,502.42374572663545,472.918652946998,492.5722997319955,14962,
2015-08-27,496.3651123046875,511.29004696926864,487.6465765891869,492.5722995850372,14831,
2015-08-28,491.5379028320313,503.85221014755234,486.6614251093941,498.4831601322944,23421,
2015-08-31,494.8873596191406,501.7833713146598,478.92800624096327,483.7059632142752,16199,
2015-09-01,485.7255554199219,503.4089138316772,477.7951530496349,503.4089138316772,17030,
2015-09-02,476.4651489257813,522.0281137897822,473.0171430490415,522.0281137897822,16968,
2015-09-03,480.7505493164063,492.47376366598974,472.96791323990806,477.7951156115923,24302,
2015-09-04,469.7662353515625,485.3807841661671,455.1368311932204,480.75059225604224,20764,
2015-09-07,462.328369140625,479.7654413552016,446.0242373173871,463.2150233711037,15034,
2015-09-08,476.1203308105469,492.5722561930858,445.5316057266461,467.9436433834315,22888,
2015-09-09,495.2814331054688,517.2008998117774,464.5941857294819,476.12035917246567,25171,
2015-09-10,478.04144287109375,502.3252525548425,473.06647439910574,487.6466032379009,23272,
2015-09-11,481.3484802246094,491.5657887682541,474.8824397821165,481.0029615537978,13798,
2015-09-14,475.4747314453125,487.66639740571753,469.403586976556,481.7433237530165,12893,
2015-09-15,473.0561828613281,490.6279567883332,464.17157197381306,475.8202719758081,14669,
2015-09-16,462.6907958984375,477.4984804679248,458.1497666051992,466.9356534244993,13731,
2015-09-18,460.2228698730469,471.4273276173111,458.1497879116468,463.9741380879134,10818,
2015-09-21,466.4420471191406,470.8843523297991,456.07666829427086,468.9099944583954,11968,
2015-09-22,457.3106384277344,473.3522960088476,453.2138519015121,469.8971697606078,13115,
2015-09-23,455.2375793457031,467.2811749189986,450.6472031266306,460.0254034107555,17206,
2015-09-24,466.8369140625,472.85871161352935,451.2888457787566,459.0382064724241,17015,
2015-09-28,492.651611328125,502.4740533007356,460.0253611751332,482.7798224617058,14147,
2015-09-29,495.81060791015625,502.4740655575302,473.8952240416026,492.6022764503096,29050,
2015-09-30,528.3875122070312,536.0381487686464,496.1067497610475,499.51252905512905,27035,
2015-10-01,524.3401489257812,538.012553947997,520.3420257814994,533.0766589576485,33426,
2015-10-05,571.379150390625,576.4631459612167,524.192009772374,524.192009772374,43599,
2015-10-06,571.329833984375,582.4355974959503,562.6920179198164,564.9625175205472,42552,
2015-10-07,593.3932495117188,602.1791663679725,572.5637975302033,577.4996923364981,54421,
2015-10-08,610.1259765625,619.8497259862024,592.1099595862235,595.2689444764244,40800,
2015-10-09,617.8259887695312,630.7580705687947,607.3619148655841,615.0125525579178,26083,
2015-10-12,606.0784912109375,620.1457903851958,597.4900228224458,613.0380903308366,29889,
2015-10-13,583.8176879882812,611.8041886948116,576.5125392460992,611.8041886948116,9732,
2015-10-14,587.2234497070312,594.0350094376968,579.5728118621752,584.9036029777072,14731,
2015-10-15,581.004150390625,588.3092986137775,572.5637825433124,586.8778771068952,19751,
2015-10-16,564.6663818359375,584.2125137720413,557.8548227092447,577.4997086958451,24409,
2015-10-19,586.9765625,591.3201738547388,563.679164058524,577.4996689566314,32787,
2015-10-20,591.4188842773438,601.0438790306225,584.5580387835139,588.3586536363242,17653,
2015-10-21,588.8029174804688,597.0458379017431,587.4701896995368,592.3073908256625,10868,
2015-10-23,597.0951538085938,602.1791494170151,584.9528649774305,596.2067289200426,20497,
2015-10-26,574.1432495117188,601.0932828748,565.01184428318,592.307366175482,13857,
2015-10-27,572.1195678710938,590.333032168282,564.962520240291,572.5144635655668,48902,
2015-10-28,561.7047729492188,577.0060453230551,545.2188738894654,573.6496130883929,17510,
2015-10-29,555.979248046875,563.580538714538,547.8843678586187,563.1856429970126,21773,
2015-10-30,548.7727661132812,571.2310857405134,545.4163338042084,557.7560698631271,21640,
2015-11-02,549.217041015625,562.0997758354545,543.6888624301417,545.169631006892,17293,
2015-11-03,552.1785888671875,560.7177119262711,538.2100411741227,548.377973547612,27013,
2015-11-04,542.5042114257812,559.1382138508086,538.999738000297,553.313833606532,13435,
2015-11-05,543.6394653320312,546.7984500546108,532.8298436693178,541.9612490494775,16301,
2015-11-06,561.7542114257812,571.5766547628177,534.3599935161643,542.9484630734884,21383,
2015-11-09,559.7798461914062,566.6407523690478,548.5260416164881,559.7304992913765,11065,
2015-11-10,550.6484375,572.5638234838732,545.9099903216929,572.5638234838732,12238,
2015-11-13,551.19140625,567.4798608050145,547.8843804868515,562.6920664459556,10801,
2015-11-16,588.9015502929688,592.3073294880485,545.7124741844652,556.7688897187655,42371,
2015-11-17,578.9804077148438,604.9431999659408,566.690018723059,602.1791111782688,14639,
2015-11-18,567.4797973632812,590.9747046605356,562.6920035394764,590.8266037164503,11657,
2015-11-19,563.432373046875,579.474030623768,562.4945410149327,579.474030623768,14108,
2015-11-20,562.2971801757812,573.551045795014,560.7177177479655,564.6664340701343,10730,
2015-11-23,565.4067993164062,574.5382055035328,530.0658014751336,567.6279521727344,13243,
2015-11-24,565.5054931640625,587.3221862617139,542.9484760335383,564.6664150748799,28956,
2015-11-26,565.6535034179688,582.4355445315908,557.8054191996043,572.4650618533683,13404,
2015-11-27,557.6079711914062,574.439419446145,552.8695245760827,572.5637554565335,18625,
2015-11-30,550.8458251953125,561.7047930755068,550.8458251953125,557.7560774827089,16399,
2015-12-01,559.4837036132812,572.563825488669,553.3631817040842,554.5478085659652,11233,
2015-12-02,572.5144653320312,577.4997071638612,553.5606167386926,563.1856118580903,14764,
2015-12-03,560.86572265625,573.1560519020334,552.8201904266714,571.5765897447192,10541,
2015-12-04,546.6502685546875,562.6919242910553,543.1951427037775,562.6919242910553,10642,
2015-12-07,549.1183471679688,563.6792381715238,547.8843733541081,561.7048800693469,10805,
2015-12-08,538.2593383789062,555.2881757691605,533.076648738394,554.794586279588,11306,
2015-12-09,539.3451538085938,552.6720686100583,523.2048033167557,538.0124864294941,14631,
2015-12-10,543.5406494140625,548.7727455086902,533.0765777300375,535.2483832453865,12858,
2015-12-11,528.2393798828125,546.7983905122952,523.2047918360029,542.948368886418,12553,
2015-12-14,523.0567626953125,540.9740854287184,518.2689687045203,528.1407585846064,11415,
2015-12-15,539.5919799804688,542.8497186572613,514.3202234293273,514.3202234293273,17029,
2015-12-16,521.9708862304688,552.5734346430353,520.2433230136303,539.986902634641,12958,
2015-12-17,523.99462890625,533.0766882378651,515.2581183945139,533.0273413357761,11589,
2015-12-18,526.1170654296875,531.1023073796592,510.37154816967256,524.1920543096637,18342,
2015-12-21,525.72216796875,538.0125586527178,518.3676723182933,523.5503621034801,10866,
2015-12-22,524.883056640625,537.7657298109035,518.7625351365393,530.1150929939516,10942,
2015-12-23,515.7516479492188,532.4349358414552,513.333047501811,525.1791947518528,10972,
2015-12-24,513.036865234375,529.0785216981764,503.4612182485365,524.1919742940645,10532,
2015-12-28,504.8433227539063,523.2048577492361,499.6606331252582,523.2048577492361,11202,
2015-12-29,512.395263671875,528.1407812570737,503.5600294256988,513.2344019992798,12315,
2015-12-30,515.6528930664062,522.1189632986489,508.5452529300215,512.3458677321889,12470,
2015-12-31,514.4683227539062,527.1535478856879,508.59459607806417,518.2689375280639,18628,
2016-01-01,514.1227416992188,525.179157056188,512.3458317897774,514.3201895230715,10189,
2016-01-04,527.0548706054688,538.0125329554389,503.4612693711447,520.2433116835161,14073,
2016-01-05,532.6323852539062,542.9484172318354,522.2176594829834,523.2048384234049,16344,
2016-01-06,533.2247314453125,546.8971357377067,513.4317453884483,546.8971357377067,12688,
2016-01-07,513.2837524414062,538.0125752726802,501.4869508963698,538.0125752726802,12253,
2016-01-08,515.7023315429688,521.0330619690864,503.8068065669611,513.8266673497682,12155,
2016-01-11,516.3439331054688,526.1663756201974,500.49972315091946,513.3330493855584,14391,
2016-01-12,508.0516357421875,517.2817341882011,498.52533542946856,515.2580295305455,12138,
2016-01-13,527.3016967773438,530.1151328787224,475.0799026031381,510.4208994111945,23157,
2016-01-14,537.1734619140625,541.9612558289889,508.3971707685416,513.3824125284658,22106,
2016-01-15,514.7151489257812,547.8843388525626,508.3971792956211,547.8843388525626,10975,
2016-01-18,477.1529541015625,502.4740882814459,433.32221450856105,433.32221450856105,15520,
2016-01-19,506.5709228515625,522.2176857430018,464.0234722282994,483.71770513056873,40532,
2016-01-20,488.357421875,505.43560507404845,457.6067745355604,505.43560507404845,29992,
2016-01-21,487.9625244140625,498.4760039335764,474.388814366747,487.66638279082673,14849,
2016-01-22,518.0221557617188,532.0894558467202,486.6792239933823,486.7285708905246,20718,
2016-01-25,511.5561218261719,523.1554739872369,504.5471455589048,520.1939372652628,10921,
2016-01-27,517.5779418945312,523.204874291207,499.0189885928399,511.4080730939274,10556,
2016-01-28,528.3875122070312,538.0125065909987,502.4740657886575,518.3182752625107,18537,
2016-01-29,544.52783203125,557.6573589979537,518.8118349225159,528.1900340400953,21231,
2016-02-01,552.5241088867188,554.7946085794905,524.1920589959243,544.4292288818309,17704,
2016-02-02,545.4164428710938,560.3722300662579,534.1625772338782,552.5241443128809,11630,
2016-02-03,529.0291748046875,546.84774116469,525.1791531523364,545.5150135530534,10380,
2016-02-04,514.9619140625,546.8971284168396,503.7080501348237,538.0125180273963,15388,
2016-02-05,504.4484252929688,525.1298356015899,499.6606015325388,515.5048411855303,12134,
2016-02-08,490.08502197265625,511.2600233732258,485.9882050602926,505.4356432271756,12220,
2016-02-09,485.1491088867188,496.3042190139317,478.78179258430015,493.58947689103104,12022,
2016-02-10,488.1106567382813,497.5382039086446,475.1786061272982,485.69205619653405,12806,
2016-02-11,477.5971374511719,490.6772578126796,464.9612596430313,487.6170273385817,20732,
2016-02-12,487.518310546875,497.5381704543749,469.8971609846873,478.7817711713726,14714,
2016-02-15,520.4407348632812,527.0548456293693,474.1913967747081,487.6663829087674,20528,
2016-02-16,497.2420654296875,517.1830929224577,480.4106457058664,510.4702276407912,13613,
2016-02-17,469.5022888183594,495.07021619162833,463.97408097719904,488.6042064753421,12575,
2016-02-18,467.3799133300781,480.706829936423,458.00171275524286,478.781818820537,10836,
2016-02-19,481.6446228027344,488.6535996512777,453.1151560402757,465.9484828998042,16305,
2016-02-22,493.7869567871094,502.3753961667561,475.82028661142266,481.7433607186188,12301,
2016-02-23,484.4087219238281,496.057421461861,473.8458951277478,494.5766530395868,11845,
2016-02-24,471.9208984375,489.6407731451945,470.7856486379297,485.6920572327332,11444,
2016-02-25,464.0234375,481.3484455547491,455.0894803590927,469.8971641017964,19115,
2016-02-26,471.3779602050781,478.73245561377615,460.0254020011862,465.94847584669503,14519,
2016-02-29,460.9138488769531,481.2497414110729,454.10232010070473,473.845899235518,12967,
2016-03-01,456.4715576171875,470.5388581835908,454.3491288201504,461.0125869831836,15337,
2016-03-02,459.2356872558594,467.9228504886683,454.1023443560916,459.53182890817527,13564,
2016-03-03,468.0709228515625,473.7965792010727,452.1773347216561,459.9760730231216,25230,
2016-03-04,460.6177062988281,470.884361402681,457.359997672457,466.9356455837906,14671,
2016-03-08,454.5959167480469,463.9741169849773,452.1773162153666,460.0254010957434,14204,
2016-03-09,457.7548828125,461.9997401695164,447.19205618972416,458.9888564774826,13806,
2016-03-10,444.8228759765625,463.6780014338487,438.4062122955073,463.6780014338487,3043,
2016-03-11,434.7042541503906,446.2048828262929,427.4484828844797,440.8247455293012,2375,
2016-03-14,434.5561828613281,441.9600249355695,430.5580900654515,435.3952608620271,14950,
2016-03-15,434.9016723632813,442.2068206605893,419.0574623394857,432.38437810293226,8553,
2016-03-16,454.0035705566406,482.533034771033,427.69525886955694,444.2305054617441,29346,
2016-03-17,480.5093688964844,488.5548715646095,454.1023311605194,459.0382260644381,17641,
2016-03-18,469.3048400878906,488.1599629847578,465.5041953214937,487.6663735378572,5599,
2016-03-21,459.6798706054688,478.7817892535262,449.7587342395024,465.99780984045935,8609,
2016-03-22,469.2061462402344,477.6958912962151,451.7824436733823,461.9997519042186,11325,
2016-03-23,465.5042419433594,470.637584755772,459.0382315918909,465.9978314396947,6837,
2016-03-28,453.2632141113281,464.9612908294328,441.2196488577749,464.9612908294328,3637,
2016-03-29,444.427978515625,454.1516671415448,440.2818148454795,454.1516671415448,19466,
2016-03-30,443.7862854003906,456.0273284946354,439.4427040409703,454.1516643865648,3249,
2016-03-31,450.647216796875,453.11516431493015,444.921590605512,447.19209027159775,1843,
2016-04-01,451.6837158203125,468.9100005215768,442.3548928330907,451.1407794491802,736,
2016-04-04,448.0311584472656,463.480502505521,438.9984773629951,463.480502505521,2228,
2016-04-05,446.8465576171875,458.4459105892383,442.2561814024467,458.4459105892383,701,
2016-04-06,444.1318054199219,453.3125877687473,440.4792613655746,453.3125877687473,634,
2016-04-07,457.5080871582031,463.4805076341684,439.29462384921175,444.13179458094106,8969,
2016-04-08,453.5593872070313,485.00101311955234,445.7113023901682,485.00101311955234,5257,
2016-04-11,457.3599853515625,468.9099908611938,449.26513621669216,455.08948586739024,7742,
2016-04-12,457.6561584472656,464.3689631276942,454.1023082703229,458.05102399441256,14931,
2016-04-13,444.9215698242188,468.8606596312125,439.7388802783748,468.8606596312125,13102,
2016-04-18,454.1023254394531,455.0895044077998,443.2433567876401,443.2433567876401,6347,
2016-04-20,451.486328125,466.78760284358736,448.3273432293472,454.2010704137816,7034,
2016-04-21,455.0401306152344,460.0253720602129,448.2285720351836,449.1664040502078,8989,
2016-04-22,459.7292785644531,460.17349104467,444.2799029045819,454.5959356445434,7365,
2016-04-25,462.8388671875,468.9100118418746,454.1023272573944,459.7292594500215,7271,
2016-04-26,477.3503723144531,483.4708938946288,465.20808320131454,465.20808320131454,19866,
2016-04-27,493.6882019042969,495.26769425910607,477.794614687968,478.78179364393486,9399,
2016-04-28,514.1227416992188,522.2176204562471,486.6791812569562,494.576612190132,12926,
2016-04-29,531.9413452148438,537.7163781382412,509.38433064303655,528.1407304147763,12459,
2016-05-02,539.6414184570312,541.7144702329553,515.9984696191183,534.063833067934,14278,
2016-05-03,526.36376953125,561.606066169286,524.191964032757,529.1278582326888,12130,
2016-05-04,532.9285278320312,537.0253445431052,525.1791972370073,527.1535551213569,15048,
2016-05-05,530.6580810546875,537.8644759982427,506.3241538632379,520.2433542302059,8302,
2016-05-06,532.9285278320312,538.01252348528,524.241365191417,531.1022708900563,15447,
2016-05-09,531.694580078125,546.8971606298974,529.1279388043772,532.9285538160083,16416,
2016-05-10,542.25732421875,542.8990145651536,528.1406788714019,532.0893942274497,9975,
2016-05-11,535.5445556640625,539.9868607340869,526.1663560717885,538.0125029251872,6346,
2016-05-12,534.1625366210938,541.9612748779466,531.1023058002464,536.0382008355647,7435,
2016-05-13,524.1920776367188,541.9119537052841,517.2818242592102,534.0638681760166,7540,
2016-05-16,525.228515625,538.0124942827936,508.6932692410793,518.268916510948,12719,
2016-05-17,529.0785522460938,538.9996883044709,515.5048421468512,535.0509726392366,7290,
2016-05-18,517.3311157226562,536.0381688404485,513.48115397648,529.127916203463,15657,
2016-05-19,512.9381713867188,528.0914048068399,511.55615697308303,518.2689619535762,9583,
2016-05-20,513.4811401367188,521.2304705697092,503.4612499821054,513.0368975715047,14222,
2016-05-23,503.01702880859375,535.0509982251831,496.8965373105869,515.3074189548812,8505,
2016-05-24,500.6971740722656,523.2048420179868,495.56383149628186,503.4612630739119,8068,
2016-05-25,504.3991088867188,512.1484397326587,492.6023080952361,494.5766660435136,10503,
2016-05-26,494.6753845214844,513.3330609020865,478.9298680067517,513.3330609020865,10057,
2016-05-27,509.0388488769531,521.2304847894457,487.6664005416404,495.5638321293592,8653,
2016-05-30,493.8362731933594,512.6913671692585,488.653583669591,505.4356259370315,22305,
2016-05-31,493.6388244628906,506.9163934599312,490.9240823362795,494.5766565207897,16794,
2016-06-01,517.3311157226562,518.2689477739143,493.58947407039454,498.5253688110985,48316,
2016-06-02,511.0132446289063,527.9926755982132,500.0061744370888,517.2818073149745,19213,
2016-06-03,516.9362182617188,523.2047797291259,496.5509513278308,507.4592653452454,25085,
2016-06-06,515.1099853515625,519.7497386588711,501.88179290003694,517.2817911818585,13421,
2016-06-07,504.8927307128906,520.243352693453,500.4997719460733,516.2946365439769,10453,
2016-06-08,516.4920654296875,518.1702817820942,500.4997535612298,505.4356485667646,9051,
2016-06-09,521.7239990234375,531.1021976813801,510.4207896430789,520.292577704071,16659,
2016-06-10,529.0291748046875,532.7804424195382,517.7753117075197,519.256079996483,13957,
2016-06-13,526.1170654296875,535.3471650721316,523.7478117046389,524.1920543096637,12520,
2016-06-14,521.7734375,534.9029058752099,514.3202482562167,526.1663960087591,21177,
2016-06-15,521.82275390625,532.5830282537594,509.38432359395705,522.2176495759753,19957,
2016-06-16,521.575927734375,529.5721126696428,513.333008336177,525.1791546823965,6830,
2016-06-17,517.3311157226562,527.1535583071814,503.95485302587286,522.2670104633602,13308,
2016-06-20,511.6548156738281,527.1535365711054,509.6804578589551,520.2926311138978,10603,
2016-06-21,509.77923583984375,522.415114397872,506.9163927727949,519.3054765923748,19172,
2016-06-22,500.4010009765625,516.2945880093791,495.5638301734385,511.4080401832403,7215,
2016-06-23,505.4356384277344,511.2600185184783,496.6990984179301,510.3715333342552,12376,
2016-06-24,485.3958740234375,507.4099512997311,474.14201053558696,506.4227724061518,11810,
2016-06-27,494.3298645019531,500.49973300547225,485.6920485970263,485.6920485970263,8621,
2016-06-28,495.07025146484375,505.3369066863101,486.77795417544064,498.5253778459543,12256,
2016-06-29,500.1542053222656,508.3971555195436,493.8856130105005,498.52536609197966,6937,
2016-06-30,506.2746887207031,513.3330421513319,495.5638214614782,500.4997160975487,26877,
2016-07-01,500.2529296875,513.3330506906759,498.52536653613714,508.3971559724963,8870,
2016-07-04,503.362548828125,510.3221786154559,498.5253779191225,501.4869148176519,7133,
2016-07-05,507.1138305664063,512.2965199711334,494.57664605111336,506.4721401581061,17593,
2016-07-07,503.1157531738281,510.0753829485329,499.0189664968904,505.4849766630912,12112,
2016-07-08,502.227294921875,510.322174428634,494.6753819178451,510.322174428634,6424,
2016-07-11,499.9074096679688,510.3715124672202,498.5253651759115,503.4612598806235,7816,
2016-07-12,493.3920593261719,507.4100133805967,489.69013802232513,499.5125812657236,6681,
2016-07-13,490.2824401855469,513.3330756662052,483.7177059162319,513.3330756662052,9776,
2016-07-14,493.0958862304688,500.4997283660614,478.8805153553931,483.7176861920515,8016,
2016-07-15,506.9164123535156,508.8907703373657,483.7177060432769,484.7048850352018,8681,
2016-07-18,503.9548645019531,532.0401182666413,496.55102222229664,532.0401182666413,8739,
2016-07-19,500.4503784179688,508.3971568778655,495.6625545075461,501.5362511568536,7118,
2016-07-20,502.1779479980469,505.9292159880191,493.58947901270153,498.5253738028285,7398,
2016-07-21,520.6875610351562,528.1407502261408,497.19268341659904,503.461275916508,17332,
2016-07-22,528.4862060546875,533.0766120932044,513.3823807625705,518.2689284239488,16618,
2016-07-25,527.104248046875,530.6087215058303,511.3587306791071,528.3875687181314,11510,
2016-07-26,531.4972534179688,535.0510740894664,515.9491825380627,519.2562084336888,14336,
2016-07-27,514.0240478515625,538.0124822576654,505.5836805932729,533.0765879250263,23563,
2016-07-28,522.020263671875,527.9433379047313,508.3972049868309,521.2305324913528,17337,
2016-07-29,518.4663696289062,528.1407107852907,513.8266167546614,528.1407107852907,7120,
2016-08-01,510.5689392089844,523.2048170804026,506.1759810527856,513.3330280788855,8347,
2016-08-02,501.98052978515625,518.4170845074904,499.5125822444229,503.4612983095962,8787,
2016-08-03,501.635009765625,507.41001302079343,494.97155142342586,507.41001302079343,6250,
2016-08-04,497.1927185058594,521.2305342051671,494.57670006967567,508.397206658449,6986,
2016-08-05,499.5618896484375,512.2965220528483,487.66639549310753,487.66639549310753,6679,
2016-08-08,503.06640625,517.2817773111511,499.5125559531344,501.4869138818029,6255,
2016-08-09,536.3342895507812,539.6907219445667,501.5362329863675,509.4336642633976,47455,
2016-08-10,543.935546875,547.8842622788113,529.6708004282087,539.9868314711888,26626,
2016-08-11,550.401611328125,562.6426544048624,531.1022749129465,538.0125275605127,139779,
2016-08-12,551.19140625,568.4176929662834,544.0837651917327,562.6427195432842,14819,
2016-08-16,537.370849609375,560.7176564113546,534.5574136386418,555.7817615485786,9905,
2016-08-17,548.5260620117188,553.8567927182681,534.5574543842826,541.0234650968541,5660,
2016-08-18,539.4439086914062,551.6355437055848,527.6471090759482,549.907980673063,4668,
2016-08-19,542.109375,551.3394746008624,534.0638420037002,534.0638420037002,5383,
2016-08-22,537.1240844726562,539.9869277519161,531.1023165091973,538.0125696979786,428,
2016-08-23,519.7496948242188,533.0766100761218,506.4227795723157,533.0766100761218,1345,
2016-08-24,524.1426391601562,536.8278636858328,521.9214866768779,521.9214866768779,1351,
2016-08-25,521.4279174804688,535.050974522965,520.6875332906308,528.1407220844765,1678,
2016-08-26,516.393310546875,526.1664067431541,509.7792594522032,526.1664067431541,1576,
2016-08-29,517.1336059570312,522.6618435561996,511.4079807939684,517.2817068825661,2468,
2016-08-30,524.2907104492188,532.0894481690716,513.3330483263771,513.3330483263771,600,
2016-08-31,539.5919799804688,544.9227703128381,516.2945812927796,519.256118087958,15356,
2016-09-01,537.321533203125,544.9228237736817,528.140780287898,542.8497719147236,2334,
2016-09-02,536.482421875,547.7856331020638,528.1407475500863,531.151631350081,2427,
2016-09-06,546.0580444335938,552.8201959436421,529.2760027710189,542.9484067303629,2754,
2016-09-07,535.2483520507812,542.9483345631545,531.1021890817766,542.7508867546093,1923,
2016-09-08,549.5132446289062,567.6279561726699,529.1279730583497,533.1753830795733,35050,
2016-09-09,551.3887939453125,562.6426581472521,532.0894574017655,552.8202154823537,17984,
2016-09-12,557.2131958007812,561.3593596304736,538.0618991959581,547.8843422471296,3573,
2016-09-14,559.5823364257812,565.9989992879571,547.8842905396311,548.8714694415044,18738,
2016-09-15,561.3593139648438,567.5291821819346,552.8201922513423,565.4560703094205,9615,
2016-09-16,557.6079711914062,582.435544343715,548.2791788951138,573.3534865169845,14804,
2016-09-19,569.0099487304688,577.1047676032542,547.8842959218056,552.8201904796597,6771,
2016-09-20,567.13427734375,571.4778885993883,554.1528507238684,570.5400565950324,2533,
2016-09-21,559.66552734375,563.8698198602519,555.0160623673996,560.9020839662505,2063,
2016-09-22,571.1407470703125,588.6009506832534,564.3644409492371,564.3644409492371,11264,
2016-09-23,570.2009887695312,576.5321221702468,565.2052519319791,565.2547624976885,3977,
2016-09-26,553.2354125976562,564.8590444224617,549.0311202354925,564.8590444224617,1235,
2016-09-27,548.9321899414062,563.8697684271938,542.254784788979,563.8697684271938,396,
2016-09-28,545.4699096679688,551.5042821462324,542.2053517128071,549.2290299189565,1432,
2016-09-29,519.007568359375,563.8698183522172,512.4290629937693,563.8698183522172,1008,
2016-09-30,523.4096069335938,532.2139132938521,515.4956453976257,515.4956453976257,360,
2016-10-03,538.7924194335938,540.1773264789039,524.2999531800475,524.2999531800475,1060,
2016-10-04,558.082763671875,565.848315174433,525.8333304609122,525.8333304609122,10523,
2016-10-05,563.5236206054688,588.254753601781,553.9773791173951,579.6977574335599,4124,
2016-10-06,561.396728515625,573.1687721725602,556.054779546534,556.054779546534,3132,
2016-10-07,574.8504028320312,581.6762193534915,557.9837830370699,561.1493799800478,23646,
2016-10-10,573.564453125,581.6762772301491,571.9816846853959,574.7021094513532,5915,
2016-10-13,551.5042114257812,573.2676063161259,540.4246528604039,573.2676063161259,2640,
2016-10-14,544.13427734375,559.9127494072083,543.6891049548707,559.9127494072083,305,
2016-10-17,549.970947265625,551.0096427749999,539.2871098943897,546.1128663693837,989,
2016-10-18,552.988037109375,560.8030979212687,544.0848307873994,544.0848307873994,1197,
2016-10-19,554.17529296875,558.8247584900497,547.102164107531,547.102164107531,17636,
2016-10-20,563.0784301757812,568.8160407721698,553.9773614476784,553.9773614476784,21115,
2016-10-21,568.7665405273438,570.299858513515,559.8633337162047,561.9407244873097,8768,
2016-10-24,568.1729736328125,573.6138223971786,563.6719199125843,563.8697810343086,35847,
2016-10-25,572.4268188476562,579.5493367276964,566.8375587330846,569.0633606652826,16025,
2016-10-26,561.8912963867188,583.6546916693029,556.9450701861315,583.6546916693029,37438,
2016-10-27,552.0977172851562,568.8159851748322,550.1192269019394,563.8697592167902,13184,
2016-10-28,555.4117431640625,567.6288975305848,544.5794958840813,553.9773255133252,8523,
2016-11-01,582.5665283203125,593.5471259998146,559.4676164395781,562.6332131873244,23660,
2016-11-02,608.33642578125,613.3321026057579,577.2246481781609,593.5471960700884,70249,
2016-11-03,604.4288940429688,617.684805559729,595.0310634481926,608.3858753460323,14285,
2016-11-04,568.865478515625,604.5772688692031,563.9192521823377,604.5772688692031,14516,
2016-11-07,575.7902221679688,590.5794516682402,570.0031612403045,584.5450794124066,13801,
2016-11-08,560.8526611328125,581.6762635956494,558.923620631874,576.7794870559576,8891,
2016-11-09,507.1366271972656,538.940827365069,462.9668004007021,494.62265000075007,70363,
2016-11-10,518.1172485351562,526.2785226170943,511.43984246811607,524.0527205947476,4649,
2016-11-11,514.30859375,517.5236405882288,507.48277784965137,510.4505133926318,914,
2016-11-15,473.0076293945313,530.1860252724389,464.99473650733694,500.0634941149867,60170,
2016-11-16,488.6376953125,501.0527109209741,468.90224082239234,474.8377122252074,63756,
2016-11-17,471.8205261230469,491.1602583593336,469.89148584226274,488.7365954618734,1388,
2016-11-18,470.9302062988281,484.4334286034868,467.1216360994324,481.7624542556845,516,
2016-11-21,464.6979675292969,484.4334228242241,455.4485181781734,470.6334391741628,2401,
2016-11-22,465.93450927734375,465.93450927734375,455.6463647918962,455.6463647918962,8265,
2016-11-23,462.6700439453125,471.9194634499637,456.1904690458322,471.9194634499637,2462,
2016-11-24,459.0097961425781,466.9237581450364,455.5968879532703,462.4721545186536,2162,
2016-11-25,472.6119079589844,474.7387791625797,459.99903129445886,460.9882765230491,1873,
2016-11-28,478.4979553222656,487.84630513024695,466.5775315519957,466.5775315519957,1629,
2016-11-29,465.7861328125,478.30007920894496,464.94526831066,478.30007920894496,1933,
2016-11-30,492.7925415039063,524.250560243502,469.9904493523374,471.87000938960006,84617,
2016-12-01,488.1925354003906,510.8462759868791,486.70866751163567,507.4333677669948,1480,
2016-12-02,486.4119262695313,491.654914285764,474.8377441794098,479.7839706812787,2018,
2016-12-05,479.783935546875,489.42907651920905,476.4699579954301,480.22910797519165,2008,
2016-12-06,491.1602783203125,497.4914420331938,476.4205297822093,489.47854927952017,825,
2016-12-07,500.4097290039063,504.5150908622644,479.8334091453135,486.7086758906551,1610,
2016-12-08,491.7043762207031,506.345225129593,488.7861206285126,506.345225129593,2146,
2016-12-09,494.5237121582031,504.5150955791145,491.6549068682744,502.0914325540157,2464,
2016-12-12,491.358154296875,506.9882180155576,479.88290273903897,494.6721019119191,416,
2016-12-13,491.6549072265625,491.7043574151229,487.9452374034244,487.9946875919848,189,
2016-12-14,491.7538146972656,503.9709994455468,487.3022111185747,487.3022111185747,491,
2016-12-15,489.6763916015625,491.6548820726799,482.9000557001116,484.8290959851986,282,
2016-12-16,482.0592041015625,486.7581190961084,479.7839520746881,486.7581190961084,25830,
2016-12-19,477.3108520507813,493.5839491342711,472.26569503786266,483.74094643074,252,
2016-12-20,469.9904479980469,485.6699920385915,469.9904479980469,480.0807319429253,377,
2016-12-21,472.8592529296875,488.6377275247423,472.8592529296875,488.6377275247423,192,
2016-12-22,482.7022399902344,490.1215794909182,451.24422239371336,471.1775084810098,2128,
2016-12-23,479.783935546875,488.3409007306105,479.783935546875,488.3409007306105,18,
2016-12-26,446.3969421386719,474.8377445463989,440.2141590065573,474.8377445463989,1226,
2016-12-27,455.4980163574219,474.0958161624324,445.6550134192505,455.1022940808024,5529,
2016-12-28,452.5302429199219,473.8484655686076,442.4399294896864,464.9947086769123,196,
2016-12-29,470.9302062988281,479.7839636837927,445.1603786756839,445.1603786756839,23295,
2016-12-30,481.6140441894531,486.8075816245888,470.8807274522991,470.8807274522991,17691,
2017-01-02,478.3001098632813,489.7258811772348,470.188286203502,479.7839778359698,12544,
2017-01-03,484.235595703125,489.6764450930477,474.83776493871295,482.80117787912377,13137,
2017-01-04,483.4442138671875,489.577516914004,476.81625795676985,484.73022074443406,24777,
2017-01-05,485.3237609863281,489.6764343650319,477.8054905016372,489.6764343650319,11728,
2017-01-06,489.1817932128906,495.6613377509837,478.8441679135334,491.2592143483321,14531,
2017-01-09,478.9925537109375,494.6226163106052,476.3710296929964,484.7301639843931,12269,
2017-01-10,475.5796508789063,489.72584578718016,464.94526450979913,489.72584578718016,20629,
2017-01-11,490.7151184082031,494.6226494143245,474.3431207883372,494.6226494143245,12221,
2017-01-12,482.9989929199219,494.6226245979743,479.9818069856219,494.6226245979743,13122,
2017-01-13,488.9344787597656,491.85276440625984,479.7839599362394,482.75169577089656,11291,
2017-01-16,483.7904052734375,499.4699494259924,479.83342404575785,499.4699494259924,22146,
2017-01-17,492.693603515625,493.48501785949134,481.7624551611258,489.6764174635673,14947,
2017-01-18,491.2592468261719,504.5151284777118,484.1861486118588,493.68287981994143,11131,
2017-01-19,519.1558837890625,523.2612756384212,481.7624262312546,491.654878515264,18828,
2017-01-20,506.097900390625,523.3107625344121,498.4312493327012,509.4613283652594,10821,
2017-01-23,512.5279541015625,519.1559095363058,504.51509150561634,518.0183136944686,12031,
2017-01-24,497.837646484375,523.3107103631086,496.79895110098926,523.2612601788969,15671,
2017-01-25,488.1925354003906,512.2311831224737,484.7301769932957,512.2311831224737,14552,
2017-01-27,488.3904113769531,498.0850031358248,486.7086823094852,488.6377226992648,13789,
2017-01-30,478.00335693359375,497.5904024492882,475.4313130301764,492.69362597567874,14123,
2017-01-31,472.21624755859375,482.257081263959,471.07862150733234,478.1517193279963,19764,
2017-02-01,478.2506408691406,489.6269615457856,464.9452798280991,466.6270088734381,12432,
2017-02-02,477.1624755859375,484.7796462678372,472.90870269040016,479.7839695880807,11755,
2017-02-03,474.7388000488281,492.9409070178209,472.2162366806897,473.4527932708301,13225,
2017-02-06,475.1344909667969,485.71942742846034,469.89150311307264,484.23555952389273,13218,
2017-02-07,472.6119079589844,481.7129761377619,466.4291252802954,474.8377097233124,14976,
2017-02-08,487.50006103515625,491.6054530912997,473.8484882713538,476.81622410603865,13773,
2017-02-09,480.3280334472656,494.72157037946425,475.876429688943,485.71943229698223,12269,
2017-02-10,478.0527648925781,486.7581109773161,476.9645890846436,485.71941554527854,16233,
2017-02-13,479.1903991699219,485.7688741283978,473.89793097708986,483.74093341579714,14506,
2017-02-14,479.3387756347656,488.0936021684357,474.7387912426449,484.7796245304582,13048,
2017-02-15,470.73236083984375,481.81188958717007,467.41838319624,475.77751768047074,13231,
2017-02-16,466.2312622070313,483.7409147555246,465.983950900919,467.4678187375925,14497,
2017-02-17,461.5323791503906,476.7173004284774,458.02057043768576,469.84206375907183,13750,
2017-02-20,463.5108947753906,475.6786306443634,459.45501300843847,467.0721840587332,16498,
2017-02-21,461.7796936035156,470.3366895933276,459.9990641406549,465.09367139380095,12303,
2017-02-22,461.6807861328125,468.1603306674646,458.02056650615134,464.9452834943653,11722,
2017-02-23,459.3560485839844,471.6721341199782,457.4270082257665,459.9990519736004,14600,
2017-02-27,469.2979431152344,474.83772258324615,458.02055324175615,459.9990437525197,16039,
2017-02-28,477.1624755859375,478.7452741008032,454.0635918369671,470.8807619050029,23986,
2017-03-01,465.1925964355469,480.8226599019181,460.49368132003633,471.91945231463495,27383,
2017-03-02,454.5087585449219,470.9302061343949,448.1281143770502,466.92377480346073,15597,
2017-03-03,460.98828125,464.9452622049356,447.1388479077253,457.0313002950644,74606,
2017-03-06,496.0570373535156,520.3429959040901,460.98828154240687,465.0441930616623,82931,
2017-03-07,526.0311279296875,531.5708768226812,487.5494962121029,490.9623739919614,74889,
2017-03-08,517.1279907226562,529.1473455050099,512.4290754554489,526.2785099272179,36388,
2017-03-09,521.57958984375,540.5731118768241,514.407561344239,514.407561344239,45282,
2017-03-10,517.7214965820312,541.7106947816836,509.6591837236193,526.0806313294108,23203,
2017-03-14,517.7214965820312,532.7085868252691,511.4892633523027,529.2462283222264,12266,
2017-03-15,517.7214965820312,524.3000018893084,514.4569992120535,521.1344048964928,28243,
2017-03-16,523.0139770507812,534.1924363278195,515.0010542786208,518.3645122884766,31682,
2017-03-17,529.7902221679688,535.7751431837628,521.3321883044307,529.0482883136456,47195,
2017-03-20,530.7794799804688,542.7493826765935,521.3322007522607,538.1493685184627,29160,
2017-03-21,528.6527099609375,538.1494406443411,525.2892518054139,538.1494406443411,25085,
2017-03-22,527.0203857421875,532.2139230958177,521.3322257834496,529.1472870956447,16137,
2017-03-23,526.7236328125,534.1429720096559,517.3752533483362,529.2461960637856,28024,
2017-03-24,524.2505493164062,532.1150613847258,520.1451572442596,527.2677353510157,13721,
2017-03-27,528.454833984375,533.0547882510945,525.3881374278225,533.0547882510945,24829,
2017-03-28,527.0698852539062,534.1924635097851,524.398910860609,527.3171965796053,43167,
2017-03-29,517.7214965820312,539.0892309994814,508.4720773039709,526.2784924624757,21868,
2017-03-30,521.0354614257812,529.2461845495885,514.4075064781047,515.3473014983791,24353,
2017-03-31,520.1946411132812,529.196809990351,515.3968253360271,515.3968253360271,12152,
2017-04-03,521.7279663085938,535.7752004830982,517.8698857020119,535.7752004830982,16352,
2017-04-05,527.9602661132812,534.1430496765838,524.8935692386358,534.1430496765838,21482,
2017-04-06,529.8892211914062,532.9064070078867,526.8225248114087,528.1085315093978,32149,
2017-04-07,524.8440551757812,542.1063968595568,524.2999823641699,542.1063968595568,15552,
2017-04-10,524.4483642578125,529.740801899337,524.299953327075,529.2461793018587,11372,
2017-04-11,525.0419311523438,548.0418838594412,519.5516319367201,548.0418838594412,32628,
2017-04-12,529.04833984375,534.1924271438456,523.7064517995541,526.822538063984,13629,
2017-04-13,530.284912109375,538.149424040121,524.3494405206973,532.6591248963418,13526,
2017-04-17,538.4461669921875,546.0633673442956,526.3279129161592,540.8698298831406,36388,
2017-04-18,537.753662109375,552.9880622145433,529.2461776114144,543.392371778365,17821,
2017-04-19,529.1473388671875,543.9860184722265,526.327953514985,543.9860184722265,40258,
2017-04-20,531.521484375,539.7322082392132,529.2956824635647,534.1924587444706,12285,
2017-04-21,553.284912109375,595.8719123457477,532.4118593785089,532.7086209077225,50347,
2017-04-24,566.4913330078125,583.0611914262937,553.9773560805679,558.5773707780901,22466,
2017-04-25,564.8590087890625,573.1686926145113,561.7428622598354,571.4375135157708,14318,
2017-04-26,559.1214599609375,576.7300143614035,555.0655179723171,576.7300143614035,18360,
2017-04-27,555.758056640625,565.7494714617424,549.27851131144,563.8204308455925,12141,
2017-04-28,566.1945190429688,576.6311051824281,554.9666091239537,565.8483073420705,19644,
2017-05-02,577.224609375,592.557910909383,562.8805531008998,573.6633505894777,57274,
2017-05-03,564.1665649414062,586.7213450031143,563.8698034363981,583.6547088201314,12185,
2017-05-04,573.416015625,585.6331699341243,566.3428881541997,566.3923383394265,32953,
2017-05-05,557.2418823242188,577.7192727313704,553.5816625273981,570.7945554212341,53698,
2017-05-08,559.8633422851562,564.2654955737878,551.9988307391999,556.9945070061641,26087,
2017-05-09,568.3214111328125,588.5514891052812,554.4225270790288,554.4225270790288,28623,
2017-05-10,579.9945068359375,593.4977293212982,567.8762519209313,573.7622735268254,25583,
2017-05-11,581.280517578125,588.5515068035197,574.8009729004203,583.6547304637114,14826,
2017-05-12,578.2138671875,585.9299683094637,566.9364468239636,583.902027557608,18991,
2017-05-15,568.7171630859375,586.0289563218962,560.4569283718198,577.7192714171388,19404,
2017-05-16,575.5924072265625,583.6053311296074,564.0182844422983,571.2892139225409,17848,
2017-05-17,574.0590209960938,584.6439575141452,568.816033114439,582.5665665881797,26726,
2017-05-18,572.0805053710938,579.2030831145177,564.8590272560027,573.7622343405982,13593,
2017-05-19,577.1751708984375,597.5041493339694,568.8160362036961,573.7622626054673,42836,
2017-05-22,578.3623046875,593.3987853576472,569.8053084558926,581.1816297184669,20379,
2017-05-23,561.49560546875,579.6977430540247,548.8332777644786,579.6977430540247,18087,
2017-05-24,558.082763671875,583.5063197394811,554.2246828260071,568.81605109318,15995,
2017-05-25,577.1751708984375,583.6547154090099,558.9730335884232,565.8483003626333,25385,
2017-05-26,601.6094970703125,662.7942890004246,576.28478353201,581.4783208711925,121112,
2017-05-29,602.4503784179688,611.3535859807959,586.0289308424727,608.1879889938203,52397,
2017-05-30,594.0418090820312,608.2869657077683,592.5579411159646,608.1880049494519,20882,
2017-05-31,589.1944580078125,602.7471302675472,586.6224444601576,595.4762016925976,14031,
2017-06-01,585.2869262695312,612.1448962833201,573.7621959409482,588.6008734221796,25462,
2017-06-02,596.020263671875,599.3837216764565,585.7320889109398,588.6009242900674,17794,
2017-06-05,586.2267456054688,600.7686637146754,578.7085054131368,595.5256756559116,18047,
2017-06-06,580.5880737304688,593.5471626297218,575.0977141731521,585.583750273521,15497,
2017-06-07,583.9020385742188,588.6009537512243,575.3450425740699,584.6439725495354,15477,
2017-06-08,581.8740844726562,585.6826546406571,578.7084875079757,585.6826546406571,12323,
2017-06-09,579.0052490234375,588.6009402938927,573.8117113149619,581.6762233492586,15432,
2017-06-12,579.4009399414062,583.4568212094936,574.7514753115038,578.1643834110458,66596,
2017-06-13,583.5062866210938,590.3815531850494,578.9063324353631,586.62243331041,16082,
2017-06-14,584.2482299804688,592.5084641792699,581.7256666277768,584.6439522383864,14158,
2017-06-15,580.439697265625,595.0310658803127,578.7579681292005,583.7041947782471,13009,
2017-06-16,580.53857421875,585.5837614244188,578.7579447727014,583.6547210333907,21356,
2017-06-19,584.2977905273438,591.0246468361809,578.9063912904193,578.955841482204,14226,
2017-06-20,597.3062133789062,608.3857712067099,586.6223777651691,586.6223777651691,46383,
2017-06-21,597.652587890625,613.3321021571782,595.0310636250689,607.3966302008184,26548,
2017-06-22,599.3837890625,619.2181464973395,598.4934440850902,607.1493410036762,42720,
2017-06-23,593.9923706054688,611.3041638842931,588.6009714800291,599.5321203031953,32708,
2017-06-27,585.435302734375,606.8030354805395,576.8783679019552,598.4933515716863,42853,
2017-06-28,574.0590209960938,588.6009386140718,569.9041787654229,582.9127782829273,25743,
2017-06-29,574.4547729492188,587.1171010477088,570.4483414542121,587.1171010477088,27692,
2017-06-30,581.7257080078125,591.370850037937,577.719276471048,582.1214302938791,29381,
2017-07-03,585.3858642578125,607.1987094814056,583.1600624925736,584.1493077215687,34605,
2017-07-04,595.7234497070312,601.4610595812372,583.6546466331085,586.6223821244633,42014,
2017-07-05,596.91064453125,606.4073753609358,593.4977361341391,598.493412876617,73988,
2017-07-06,591.0245971679688,603.4396131998573,586.7213440269228,603.340712824599,23950,
2017-07-07,582.8634033203125,601.4612048144845,580.1924286573934,600.4225092174458,24893,
2017-07-10,579.9945068359375,587.611707715404,575.7407641251938,583.6547265186673,18852,
2017-07-11,587.8095703125,594.5364262879295,579.6977467632724,592.0633130338201,25620,
2017-07-12,585.9299926757812,598.740731683038,583.9020518395922,587.7106221812462,23245,
2017-07-13,585.6826171875,591.5686382897084,584.6439217879894,591.5686382897084,18045,
2017-07-14,590.1837158203125,596.465459638608,584.6439663482048,588.600947507922,23247,
2017-07-17,589.9364013671875,597.4547017579969,584.6439632456478,589.6396398575317,26875,
2017-07-18,584.0504760742188,589.392364712119,578.7085270575742,589.392364712119,21887,
2017-07-19,587.1170654296875,593.4977094717732,585.1880250850468,588.6009333288358,21540,
2017-07-20,572.1795043945312,590.4310318358051,570.2999141772294,588.6009521863859,23720,
2017-07-21,591.8654174804688,599.433167749472,574.8009370194212,586.1278071403278,29353,
2017-07-24,589.392333984375,603.241768097906,584.8912799732257,603.241768097906,29918,
2017-07-25,584.8912963867188,601.3622551425944,578.8074135074781,596.5149289153343,21451,
2017-07-26,583.4073486328125,597.4546423543177,580.6869243704298,592.5578666062818,44416,
2017-07-27,592.3600463867188,597.5041337864558,574.1579699290766,585.6331907310957,109106,
2017-07-28,584.3472290039062,603.3407514318145,569.4095882809515,598.4934251591931,28670,
2017-07-31,590.381591796875,596.9600972917918,580.6869997875838,590.4805525556004,25747,
2017-08-01,585.732177734375,603.3407941737835,583.8031975055753,593.6461409417504,32503,
2017-08-02,574.504150390625,594.2890544075212,570.8933812560473,594.2890544075212,33950,
2017-08-03,574.998779296875,580.6869392641129,568.8654469086277,580.6869392641129,27396,
2017-08-04,578.0654907226562,580.4891538832715,575.7407883233636,575.7407883233636,21078,
2017-08-07,589.6395874023438,602.4503247750312,579.6976852515078,580.637480264096,36357,
2017-08-08,586.3257446289062,602.3515317466009,575.3450847618071,590.5794876568833,28978,
2017-08-09,571.1407470703125,596.5149130453811,563.869818301604,588.6009506832534,23077,
2017-08-10,561.6934814453125,577.2246450678745,540.4247070340713,573.8611868234369,23291,
2017-08-11,553.3838500976562,562.336508069839,546.0634106583483,551.9988825133303,56182,
2017-08-14,566.3428955078125,597.4546701402774,556.697754492614,557.934311033024,87405,
2017-08-16,554.0267944335938,574.7514946557047,550.069813403262,573.7622493981218,22852,
2017-08-17,565.5020751953125,570.7945131676418,552.0483034757297,563.9192465572057,23655,
2017-08-18,551.05908203125,563.919270925229,549.1300416214049,559.9622897270816,20974,
2017-08-21,553.6806030273438,560.3085585716925,547.2999588064504,554.9666098335629,21385,
2017-08-22,559.6160278320312,568.2224732418418,552.3945498688516,556.450431081686,21944,
2017-08-23,558.5278930664062,570.6956590133619,554.9666340050372,560.4569335491244,19759,
2017-08-24,562.4354248046875,572.7730506618109,555.5601576303211,558.1322317361869,21385,
2017-08-28,561.7924194335938,568.8160367797256,559.6655179271821,568.8160367797256,25996,
2017-08-29,557.0440063476562,567.8268043092057,554.0762704366325,564.9085185876174,33950,
2017-08-30,568.9149169921875,583.6052451268964,557.9343189098194,566.2440031301843,30546,
2017-08-31,575.09765625,580.2911933999231,567.8761785744249,573.7621994200846,29742,
2017-09-01,585.1385498046875,587.4632519288327,568.9644145490704,569.0633149199433,24974,
2017-09-04,586.424560546875,602.4503453562367,582.7148909326124,602.4503453562367,21171,
2017-09-05,595.92138671875,600.9665135451637,584.0009326738327,584.0504432413147,93225,
2017-09-06,587.5621948242188,593.547116169851,579.2525110463469,591.4697254147507,31476,
2017-09-07,594.684814453125,596.5148940395616,584.6439508745952,587.6116866658368,22403,
2017-09-08,597.60302734375,638.0631819474146,587.6611247240379,595.5256364842536,84317,
2017-09-11,605.8138427734375,617.1901636652603,597.5041581444356,597.5041581444356,58206,
2017-09-12,617.4869384765625,628.1213256262081,605.4181335426116,608.9299423395368,53064,
2017-09-13,617.4374389648438,647.9556303817085,614.3212923160931,619.2675185022131,32802,
2017-09-14,616.5470581054688,629.1599341437275,613.3320112721872,618.2782371695434,27236,
2017-09-15,631.7319946289062,638.0137382148333,611.4030167485981,628.8632196214749,40630,
2017-09-18,647.6588745117188,692.422221884909,631.1384668308378,631.1384668308378,193390,
2017-09-19,648.1544189453125,670.9488404066919,643.1991099319691,650.1365425506498,128334,
2017-09-20,644.4874877929688,662.0292940598423,639.2348722583806,654.1007995202034,30942,
2017-09-21,648.4517211914062,657.6190428067605,637.7482658897798,651.4249065801698,30539,
2017-09-22,622.7337036132812,653.109774212167,615.0529740986465,653.109774212167,32126,
2017-09-25,590.0286254882812,629.7702404371818,581.8028245478595,619.5623158730626,39143,
2017-09-26,582.3975219726562,592.4567634844426,578.9783464826971,590.4746397789145,19773,
2017-09-27,574.7167358398438,592.4567049580935,573.7752150748038,592.4567049580935,20352,
2017-09-28,557.3235473632812,579.7711200535039,554.9945764614738,572.8336878477354,26181,
2017-09-29,582.3975219726562,634.2300447742945,561.932070517232,561.932070517232,54156,
2017-10-03,582.645263671875,593.6460255930293,575.8564539635628,593.6460255930293,72035,
2017-10-04,580.3162231445312,588.5916254433781,577.4917212188816,580.4649066099282,19771,
2017-10-05,595.8263549804688,599.5923776512653,577.7890184639466,580.7622038076719,22406,
2017-10-06,595.0830688476562,609.5030059140418,594.4883954749487,594.6370789405285,23317,
2017-10-09,617.1342163085938,626.2519972819592,595.7272443942207,595.7272443942207,40817,
2017-10-10,608.8587646484375,624.3689053013707,605.0927420794621,624.3689053013707,21123,
2017-10-11,616.589111328125,627.8376383481473,610.4940571783089,620.4046749896452,34495,
2017-10-12,623.08056640625,628.333181853793,615.4989194325163,628.333181853793,23769,
2017-10-13,619.760498046875,632.297454530832,599.8897202336017,632.2479135367071,25877,
2017-10-16,621.34619140625,628.3331648161416,617.431485300404,619.41360884872,24667,
2017-10-17,616.688232421875,628.3332090887404,600.0879465350667,621.3957761808206,22211,
2017-10-18,632.2478637695312,639.1357551199302,605.5387371602059,628.0853922672347,53245,
2017-10-19,619.5623168945312,634.1804786434005,612.9717316390265,626.3510661210424,7366,
2017-10-23,614.5078125,626.1032468183806,608.511901142043,616.1926295359369,21859,
2017-10-24,610.1967163085938,618.9180473925041,603.6556726284555,614.8051170370474,19645,
2017-10-25,608.0164184570312,622.3868146552821,596.9660551156347,609.8003176113054,25321,
2017-10-26,597.8084716796875,618.4225443949298,589.7808350500258,614.4582973154751,22087,
2017-10-27,598.2048950195312,608.5119622237264,591.5648291654583,601.5745294296448,21979,
2017-10-30,618.422607421875,626.351102388822,603.4575973676087,612.4762361966647,24345,
2017-10-31,608.6110229492188,630.8108313105892,602.8628766471388,622.3868060692066,22351,
2017-11-01,615.5980834960938,622.3868328754019,609.5525700040133,614.458338189091,33557,
2017-11-02,607.6695556640625,621.3461961540249,604.5476868557663,617.4314900182662,26363,
2017-11-03,610.0480346679688,620.4046418251113,603.4079089914079,612.4761479998702,31510,
2017-11-06,604.6963500976562,618.4225311197757,603.0610740166403,610.4940371310607,27397,
2017-11-07,592.4567260742188,614.1610034750981,589.533081695253,605.5387538025731,22261,
2017-11-08,594.2902221679688,618.3234703974761,588.2447089999757,592.6549460307353,31645,
2017-11-09,587.5509643554688,599.6419304220611,580.96043967451,598.849093079415,22011,
2017-11-10,582.8930053710938,593.5964604102842,560.4949730311479,592.6549396290051,27774,
2017-11-13,569.464111328125,589.780879128754,559.9499418222128,589.6817971402065,21406,
2017-11-14,557.2244873046875,579.8206838515797,555.9856600763534,579.7711428603685,33830,
2017-11-15,549.0977783203125,565.4007570320422,545.1830721114759,565.4007570320422,30027,
2017-11-16,556.9767456054688,566.837822861353,546.1741475179871,550.0393128310234,33505,
2017-11-17,552.5664672851562,584.3299843132818,548.0571484151056,579.2755935779913,32717,
2017-11-20,547.5616455078125,569.761454064517,541.1197437959559,562.0807251003803,35175,
2017-11-21,536.3626098632812,558.4137329236643,533.7362721344043,548.0571259501924,37506,
2017-11-22,534.8760375976562,555.4405688726599,531.2090970314206,545.0839615061219,26652,
2017-11-23,536.759033203125,544.5389044314959,533.1912350085772,541.5657191061692,20365,
2017-11-24,536.6599731445312,543.1018749458968,532.2497359672122,536.7095141373884,20545,
2017-11-27,539.4844360351562,545.034418094134,535.1733416455218,539.1375886206738,18809,
2017-11-28,537.8988037109375,549.0482492047156,536.4122109784338,540.5746827273668,20903,
2017-11-29,543.0523071289062,547.0660951858807,533.1912304529055,540.1286628193931,26639,
2017-11-30,547.6607055664062,549.0482162292554,540.6241912510087,543.1018456563754,36438,
2017-12-01,543.8947143554688,551.971892378929,537.2050470749286,548.701400473032,26720,
2017-12-04,547.6607055664062,551.0303397535488,538.146536845642,538.146536845642,21172,
2017-12-05,544.5885009765625,554.9451096808644,541.1197844098327,554.8955686849773,18340,
2017-12-06,547.7103271484375,554.9946071717217,538.9889349297639,553.0124835746798,21119,
2017-12-07,554.697265625,563.6168212471971,542.5072183725856,549.9897223799516,16957,
2017-12-08,549.890625,555.9856793707653,547.1156640101541,549.0977876442744,14330,
2017-12-11,542.4081420898438,554.7468743040425,540.1782529122036,549.841106015311,13820,
2017-12-12,526.4520263671875,545.1830575991916,516.4918676379143,545.0839756176506,40318,
2017-12-13,525.36181640625,536.8086281613676,521.298487373517,530.2180432411247,13667,
2017-12-14,519.1181030273438,530.2180060939609,511.38783391492296,526.0059938960181,13971,
2017-12-15,530.0693969726562,535.1733896064148,524.7672403640679,534.8265421608488,15828,
2017-12-18,535.421142578125,537.1555007447363,525.9069734028454,535.1733771257519,14804,
2017-12-19,532.249755859375,540.1782506804501,526.7989156698859,540.1287096857413,15512,
2017-12-20,528.6819458007812,540.0296158627076,526.7989041261928,540.0296158627076,16245,
2017-12-21,520.8524780273438,537.1554555187779,515.352097545691,537.1554555187779,17290,
2017-12-22,511.14013671875,526.2538295640451,505.4415312197044,523.2806440862821,27138,
2017-12-26,513.7168579101562,519.1676977897415,511.1401214356515,519.1676977897415,18386,
2017-12-27,507.0767517089844,513.3700000363837,502.5178614898161,512.3789382602516,20261,
2017-12-28,514.162841796875,533.0921581781331,494.5398305580258,504.45044840488,30439,
2017-12-29,510.991455078125,525.7087595395008,506.4325948584152,517.334274982569,19935,
2018-01-01,513.1222534179688,518.3253279335541,505.6397488315732,516.2936633158671,14191,
2018-01-02,507.4236450195313,515.2034560061147,505.4415214061737,512.3789540529251,4665,
2018-01-03,510.9418640136719,515.2530188431467,503.5584722545676,506.4820862181095,2615,
2018-01-04,507.9191589355469,519.3163693311737,504.45044272818217,519.2172873496646,3383,
2018-01-05,508.7120056152344,515.3521317179845,500.8330825175832,503.4593902168002,48194,
2018-01-08,529.3756713867188,538.146543900861,511.0905695374691,517.3342466229273,30623,
2018-01-09,536.3131103515625,545.0839829726415,531.2091179515197,540.0295920536487,14921,
2018-01-10,541.3179931640625,545.0840160863727,532.7452839879492,536.3131429324651,12999,
2018-01-11,532.2992553710938,544.7866700348906,527.2448645124017,535.1733587155957,6964,
2018-01-12,514.9556884765625,538.0474768706907,510.3968283800804,535.3715979055329,10338,
2018-01-15,515.798095703125,535.074258682248,510.4463381006757,520.3074145311399,8813,
2018-01-16,499.4456176757813,525.262766060651,498.0581069280776,520.3074569468713,20316,
2018-01-17,499.4456176757813,505.4415296055321,495.53091137797264,501.4772823145083,8030,
2018-01-18,499.4456176757813,505.4415296055321,493.6478999636976,505.4415296055321,8867,
2018-01-19,488.9403381347656,505.3423985938923,483.3903860846279,505.3423985938923,8511,
2018-01-22,504.5,520.3074478959028,485.5211724733297,500.4862117855826,13686,
2018-01-23,493.5983276367188,519.0686285232775,490.6747134129226,509.40577577272495,8311,
2018-01-24,488.3952331542969,504.896435989446,480.863187821089,495.5308900692157,8066,
2018-01-25,480.4667663574219,496.3237557453871,477.6918053124508,481.6560526594421,7780,
2018-01-29,486.7599792480469,497.0670155427465,476.7502493845694,480.71449643982345,9522,
2018-01-30,480.2189636230469,502.6665366788224,475.709644713786,486.6113240718103,17705,
2018-01-31,476.1060791015625,486.6113401517633,475.7096604334957,485.6202783591936,2748,
2018-02-01,463.4205017089844,482.6470944962175,460.9428472197841,482.6470944962175,6087,
2018-02-02,459.4067077636719,473.7275635720901,448.0590677454927,465.7990687842727,3162,
2018-02-05,451.081787109375,474.5699646425445,432.4002655138144,458.8616285451164,4198,
2018-02-06,438.7926330566406,450.6358342342402,426.15659449882656,444.3425854525635,5334,
2018-02-07,445.4822998046875,470.4074991841752,441.0225214974103,445.92828973333815,3787,
2018-02-08,446.4237976074219,451.9241784711551,443.995684112012,445.97780770179776,2877,
2018-02-09,444.6398620605469,450.8835694286268,438.9412568189785,447.9599250763348,13191,
2018-02-12,442.7568664550781,445.9778173582208,437.0582610110564,437.0582610110564,2811,
2018-02-14,443.103759765625,451.9242041932421,439.9819209829884,442.75688206870814,4873,
2018-02-15,430.0712585449219,444.9867257856966,426.15655253418606,443.9956640356171,3062,
2018-02-16,415.55218505859375,438.0492991728593,407.8219154064064,434.0850521215213,4329,
2018-02-19,422.5391845703125,426.1565539209128,410.29956586804167,415.5521810626335,5844,
2018-02-20,418.0794067382813,426.15655397986905,413.6691698375445,423.1833687195444,6429,
2018-02-21,418.12896728515625,423.034735292071,412.38082094425926,412.43036193632673,4753,
2018-02-22,417.5343322753906,420.21021128479657,413.7683094608551,416.24596400852494,6061,
2018-02-23,397.564453125,421.20128418031567,391.9649597489761,421.20128418031567,59153,
2018-02-26,401.3800354003906,412.6781340515885,394.4426026897666,412.6781340515885,31511,
2018-02-27,396.9202575683594,405.8893549111201,389.4872939434837,401.3800357432848,6890,
2018-02-28,409.1598815917969,414.2143029617428,398.4068547128978,399.3979165405418,4901,
2018-03-01,404.3532104492188,414.2638283523859,401.5782495342542,414.2142873607923,22286,
2018-03-05,398.7537231445313,412.2321697365514,396.42472185467386,412.2321697365514,8643,
2018-03-06,396.8211364746094,405.2451617279819,396.4247178057648,401.3800267783368,6331,
2018-03-07,388.24847412109375,403.510820341347,386.46457491482266,400.3394406141087,35545,
2018-03-08,391.3702697753906,395.92915976659503,386.5140733641353,386.5140733641353,5855,
2018-03-09,401.6773376464844,404.2045633972373,391.4694131483856,391.4694131483856,5801,
2018-03-12,407.5246276855469,426.15657758433485,396.7220297788433,403.36215599261465,16256,
2018-03-13,410.7951049804688,412.2816976402292,399.397894588972,406.3353270011874,5875,
2018-03-14,411.0924072265625,416.493705933256,399.695196951173,416.2459404924866,4498,
2018-03-15,411.3897399902344,416.2459365341721,404.1549710416863,411.09240331725584,3914,
2018-03-16,408.31744384765625,415.15576392138667,404.3531968200091,411.2906291183916,20378,
2018-03-19,419.6155700683594,429.1297696239959,402.22244716189147,429.1297696239959,41310,
2018-03-20,423.1833801269531,424.17444190711,407.4255038714211,413.3223033164709,6242,
2018-03-21,419.9129028320313,426.4043456180087,408.317467506379,426.1565801644247,7618,
2018-03-22,403.9568176269531,426.1070561066509,399.3979270508602,416.24597856417193,9469,
2018-03-23,391.7667236328125,405.3442826052887,386.5141081077325,397.4157880800019,3625,
2018-03-26,399.9925231933594,402.37106531374087,386.5140775181255,389.4872627298034,14545,
2018-03-27,401.4295654296875,415.2548894804801,395.0372350392221,401.38002443817294,45734,
2018-03-28,391.7667236328125,409.80406077576254,387.7033943844481,401.3800353426453,27602,
2018-04-02,400.73583984375,403.808137434108,391.0234161789022,392.46046786876815,2882,
2018-04-03,399.39788818359375,406.3353204845495,398.4068264263144,403.3621352127113,42408,
2018-04-04,406.4840087890625,407.8219483258487,401.3800463474331,401.3800463474331,7647,
2018-04-05,402.37109375,411.1915377857063,400.4385111279088,406.83087188269707,2833,
2018-04-06,396.4742431640625,407.3263814840034,395.4831814086269,401.3800109513902,5098,
2018-04-09,393.4515075683594,400.43848068040495,392.55955805860094,397.51486671815206,6146,
2018-04-10,387.5546875,396.4742433020235,386.9600746423754,396.42470231215634,6517,
2018-04-11,403.6594543457031,406.335333272493,387.5547002830738,387.5547002830738,8991,
2018-04-12,404.5018615722656,410.2995790645299,402.3710847830897,406.1371074688516,3398,
2018-04-13,399.8934326171875,410.2995814213522,398.05996225511166,403.3621488852425,17263,
2018-04-16,398.7041320800781,405.98844203087424,397.8121825492225,400.3889491620979,2095,
2018-04-17,401.3304748535156,405.2947219235795,397.4157687739056,397.4157687739056,3133,
2018-04-18,401.5286865234375,411.0924269469522,397.5644392809604,411.0924269469522,2641,
2018-04-19,400.4880676269531,404.3532024840901,397.5644233051878,404.3532024840901,5280,
2018-04-20,403.0152587890625,409.7049256712872,397.41576589216135,409.30850701611627,3917,
2018-04-23,400.0916748046875,409.011231317843,399.0510417312685,402.37110492679335,2750,
2018-04-24,407.7228088378906,410.9933308475025,394.6408115338587,394.6408115338587,4942,
2018-04-25,405.0469665527344,410.25004096156175,398.7041468870812,410.25004096156175,3403,
2018-04-26,404.0063171386719,408.8129726846523,399.5961104893201,400.38894779296857,2716,
2018-04-27,402.4206237792969,409.80404614020455,401.4295619990304,402.4206237792969,3045,
2018-04-30,407.0290832519531,411.191524561722,403.36214258507584,405.1460416828617,4326,
2018-05-02,409.4076232910156,411.2410936147232,403.8576713293083,411.2410936147232,3515,
2018-05-03,404.3532104492188,410.89422431427016,404.3532104492188,405.39381323112906,2852,
2018-05-04,401.77642822265625,409.5562690250266,396.4247008106731,403.3621330748599,3028,
2018-05-07,397.1679992675781,406.3353205232864,394.9381103134869,401.380011736417,4066,
2018-05-08,400.1907348632813,403.36214465876617,396.4247121953476,396.47425318644986,5532,
2018-05-09,401.3304748535156,403.3125983885476,397.2175443224804,399.3978923089375,7851,
2018-05-10,398.5554809570313,408.3174453474296,397.61399043138965,399.4474304925672,3212,
2018-05-11,399.59613037109375,405.9884608424194,398.4068441116441,400.5376209354193,9866,
2018-05-14,395.9787292480469,406.2857961419221,394.4425955592436,397.4157809529062,3530,
2018-05-15,401.8260192871094,404.3036737894475,393.4515349712844,397.9113130754929,4351,
2018-05-16,389.1404113769531,396.6724871379656,386.7123281035044,396.4247216869113,11071,
2018-05-17,388.24847412109375,395.2850192032645,386.71234037373847,387.55471873820665,2936,
2018-05-18,385.5230407714844,394.3930559925553,385.0275098707498,389.0412980687773,7004,
2018-05-21,392.16314697265625,398.4068239060987,372.6392183798336,391.2216262112748,3550,
2018-05-22,390.4783630371094,406.2858114051893,386.56365669046426,400.2403281619985,3753,
2018-05-23,385.62213134765625,400.1411798749634,376.6034634117303,386.5140808699337,7127,
2018-05-24,398.8528442382813,400.3889779716856,386.5141123984093,386.5141123984093,4122,
2018-05-25,393.89752197265625,399.89343372614206,389.5368258848785,394.4425938612256,2834,
2018-05-28,393.5506591796875,402.6188688853122,388.4962377921044,391.46942328541127,2452,
2018-05-29,394.7894592285156,398.357287623269,386.5140874608418,386.5140874608418,2166,
2018-05-30,400.8844909667969,403.95678854109065,385.6716865585272,396.4247129461527,5112,
2018-05-31,385.9690246582031,399.3483587692926,382.5498493985581,399.3483587692926,9685,
2018-06-01,377.891845703125,383.5409099632973,377.5945392661919,381.5587863975954,2135,
2018-06-04,366.643310546875,378.6847048929804,356.7822339278906,378.5855926679284,3797,
2018-06-05,366.2964477539063,391.4694114541485,343.8984449989609,361.7375574196562,15403,
2018-06-06,361.3411254882813,366.6928529691402,347.91222042860954,356.7822353213256,12424,
2018-06-07,369.9633483886719,375.6124126022478,361.7375477567822,365.7017948554866,3429,
2018-06-08,373.03564453125,374.5222371876536,364.7107317043508,370.6571023299652,3965,
2018-06-11,388.7439880371094,391.41986697429286,364.76028056506846,367.6839249503316,5551,
2018-06-12,395.0867614746094,403.560357602996,386.5636243565335,389.48726862351214,6061,
2018-06-13,407.9705810546875,411.2906441103223,388.4962228704731,391.4694082495839,5696,
2018-06-14,388.7439880371094,409.1102957713416,384.53197541975385,406.2857938590772,6152,
2018-06-15,389.7845764160156,396.3255900525483,386.5140847201516,388.7439736704601,2111,
2018-06-18,396.1769409179688,396.4247063594434,389.4872739981531,391.667621981052,2192,
2018-06-19,386.9600830078125,400.1411925467236,381.657896450802,391.46940199617546,2354,
2018-06-20,393.05511474609375,393.4515334159396,379.6262092496234,387.50516263383474,2949,
2018-06-21,387.2078552246094,390.67657150549854,386.51409987050926,390.67657150549854,94,
2018-06-22,384.432861328125,388.44667971444426,376.9007856940496,380.5677264057774,259,
2018-06-25,389.58642578125,395.4336847448056,376.7521625117849,376.7521625117849,2538,
2018-06-26,376.7521362304688,394.6408198203188,367.8821512906736,394.6408198203188,2705,
2018-06-27,379.4280090332031,381.558785814113,366.6928590940827,372.6392297820949,4336,
2018-06-28,368.82366943359375,384.53200614599353,366.6928924588083,375.8106737746262,692,
2018-06-29,384.1355590820313,386.5141013490643,363.37280230907584,363.37280230907584,132,
2018-07-02,382.5993957519531,390.4783491590492,381.5587929599846,384.5319783596728,266,
2018-07-03,374.2249450683594,389.4872908755918,371.6481783164044,376.95036504267966,484,
2018-07-04,382.4507446289063,390.4783513010619,368.724532576088,368.724532576088,3728,
2018-07-05,373.7789306640625,381.5587714026621,371.64815396363184,381.5587714026621,498,
2018-07-06,383.0453796386719,384.4824313238543,362.82772528755817,362.82772528755817,1081,
2018-07-09,377.0494689941406,382.9958397166464,372.8374563990324,372.8374563990324,30,
2018-07-10,378.33782958984375,394.442583305194,367.93168103530974,367.93168103530974,10704,
2018-07-11,371.8464050292969,382.153441854766,366.7919837246053,378.3378478186358,354,
2018-07-12,376.8512268066406,381.55877007378473,366.69284396701386,366.69284396701386,86,
2018-07-13,375.8106384277344,381.459672417138,369.9138087489516,371.7968200787528,1098,
2018-07-16,362.0348510742188,374.52223537658506,358.8634715694432,370.2111106449008,448,
2018-07-17,360.7464904785156,368.6749847747468,358.2688360109434,362.03485870373095,266,
2018-07-18,363.91790771484375,367.5352772622925,356.9804750641944,356.9804750641944,445,
2018-07-19,388.5457763671875,395.3841271550728,353.06577513249715,359.6067892260184,4016,
2018-07-20,396.8211364746094,399.397903189308,374.6213583264477,382.7976181311916,3169,
2018-07-23,410.34912109375,415.7504199345647,381.558788259374,399.8438903401156,8595,
2018-07-24,417.0387878417969,417.23701229710485,401.380023706241,404.353209067028,8030,
2018-07-25,430.8145751953125,441.0224996051038,410.84465579263,420.2102018709304,24105,
2018-07-26,456.9290161132813,459.10936410116017,427.3458465294822,431.1118691505767,37680,
2018-07-27,451.52777099609375,456.8794987722302,436.0672005635169,455.8884369527676,7301,
2018-07-30,468.970458984375,473.7275435581664,437.3060221653576,445.97781297316914,26106,
2018-07-31,453.6585388183594,468.97045572183856,450.23936351142913,468.97045572183856,5093,
2018-08-01,464.4611206054688,473.7275547654275,442.1126884356919,455.7397885989234,21128,
2018-08-02,441.072021484375,459.65442937038347,438.34660166109376,457.52365264841535,6205,
2018-08-03,438.6439514160156,446.9193233570122,426.4538733323616,436.1662969573224,9727,
2018-08-06,421.1517333984375,441.8153481933341,418.2776299185082,438.6935095026869,7035,
2018-08-07,413.5205383300781,422.1923291278928,411.7861801705152,421.2012673224283,7550,
2018-08-08,402.5693054199219,419.6651210521338,395.03722987502977,410.547340617032,18088,
2018-08-09,403.3621520996094,406.2362252670828,396.47426050023176,398.4068431057567,11170,
2018-08-10,404.9478454589844,407.32638765912776,396.42470818406593,403.3621405772871,14731,
2018-08-13,401.4791259765625,421.1021367731519,397.7130731327532,410.943753709074,4459,
2018-08-14,406.3353576660156,407.27687851950617,398.50597511604656,401.9251203446445,15495,
2018-08-16,408.7634582519531,409.75452006830426,401.4295766151095,406.1866914804789,10440,
2018-08-17,401.4295654296875,410.6959992033324,399.5961253163699,403.5603724713149,4965,
2018-08-20,400.1907348632813,405.3442682197429,393.0055369547406,396.5238244223575,16448,
2018-08-21,422.3410034179688,424.1744738985009,387.0591953344591,394.9381491788613,27483,
2018-08-23,409.4571838378906,435.0761378683965,399.4970246702611,422.4896406886319,7325,
2018-08-24,385.0770568847656,405.9884672717393,382.8967390343212,403.461271736395,41100,
2018-08-27,383.5408935546875,390.18101931363344,379.9730652401017,385.5725580246912,16990,
2018-08-28,378.43695068359375,390.67656984303727,375.6124185322136,388.4962218064056,8495,
2018-08-29,373.03564453125,383.4417931260752,371.8959295436349,379.6261992590116,5186,
2018-08-30,375.7115173339844,378.0405185069753,374.7204555790779,377.5945286193456,4597,
2018-08-31,376.5539245605469,376.6034655501975,372.7383307685116,372.7383307685116,476,
2018-09-03,372.7879028320313,386.3654620565514,372.29237191500215,376.6034969421168,4772,
2018-09-04,373.8285217285156,393.9470640990479,372.6887764667241,391.3702973792501,13988,
2018-09-05,381.2119140625,383.54091533377215,371.6481737730351,371.846398230303,14054,
2018-09-06,401.97467041015625,411.2906452413609,376.6034823896798,378.5856059812045,8057,
2018-09-07,406.5830993652344,411.2906428679397,391.4198660754952,396.4742570088712,6993,
2018-09-10,385.6716918945313,405.3442745956274,377.6936565340311,405.2947336037458,5527,
2018-09-11,379.57666015625,397.4157721218179,372.688768716067,397.4157721218179,8724,
2018-09-12,383.8877868652344,391.17209700351935,376.7025889539965,389.73504532334965,7150,
2018-09-14,386.2663269042969,396.47425109146593,378.83336358991016,378.83336358991016,4406,
2018-09-17,368.1299133300781,382.45073802288965,365.9495652980848,381.5587884624581,10353,
2018-09-18,366.9406127929688,370.7562065779267,364.8593770698277,369.7651448283171,5210,
2018-09-19,355.108642578125,371.6137685334584,349.98808434455475,363.5103573083152,10404,
2018-09-21,357.0475158691406,360.8755166822206,338.05667873064215,358.0418002183484,10195,
2018-09-24,342.2823791503906,369.8737691908361,333.0852491369088,369.8737691908361,8536,
2018-09-25,335.02410888671875,355.953781380936,330.15209151508617,346.95552055311884,4998,
2018-09-26,333.0355529785156,358.4395058166074,324.18639804721937,358.34007131363154,6328,
2018-09-27,334.9743957519531,352.9212467060226,329.4561296757844,352.9212467060226,4148,
2018-09-28,292.61785888671875,333.68181889787587,281.8298984496845,328.2629572972093,13770,
2018-10-01,292.56817626953125,293.0653184552059,277.65391069929177,288.29276560998966,8570,
2018-10-03,286.3538818359375,296.9430036893657,283.47046339996933,296.9430036893657,4280,
2018-10-04,270.6441955566406,290.57958341041206,266.4681894062975,282.376738027569,5397,
2018-10-05,266.4184875488281,275.4167482328962,254.53677815025787,274.6710350156592,7196,
2018-10-08,256.1276550292969,270.3956415427467,243.59966613106897,262.4413667303036,5650,
2018-10-09,244.69337463378903,272.7819063768437,243.5996558247217,259.9556448530698,14774,
2018-10-10,267.0150451660156,267.95962741847984,243.59966128952712,243.59966128952712,3988,
2018-10-11,249.6150817871093,264.280760348272,244.7927967622913,258.5139234245232,6737,
2018-10-12,251.9516448974609,273.4281926427585,244.2956585377787,253.54250590510333,6596,
2018-10-15,259.9059143066406,268.257896497966,249.6150807321407,268.257896497966,13257,
2018-10-16,257.9173583984375,268.25790973326724,251.0568023436183,267.46249437795376,2766,
2018-10-17,254.4870758056641,275.3670622827268,248.57108697009093,254.139085386851,7059,
2018-10-19,249.76422119140625,253.5425046877345,240.91509670426825,250.7087882725946,8148,
2018-10-22,240.66651916503903,262.4413545570268,231.9168142428896,262.4413545570268,1714,
2018-10-23,238.4790954589844,242.60536923596632,223.7139675331657,235.6453791349345,2083,
2018-10-24,241.11395263671875,241.6110948071037,228.78483287980103,236.68939035460733,1052,
2018-10-25,242.40652465820312,256.5253592246232,228.784832260823,237.58423954988544,1184,
2018-10-26,245.78707885742188,250.5099293387558,231.66824466332795,241.06422837608795,2608,
2018-10-29,252.896224975586,258.3150563590137,232.21510791231609,249.3665125757522,1925,
2018-10-30,264.2310485839844,265.4739039395064,243.69908417939004,256.67448195378074,2883,
2018-10-31,264.38018798828125,267.4127732941087,256.57505020341705,267.4127732941087,1850,
2018-11-01,261.29791259765625,268.3076354054533,258.4144940782678,268.3076354054533,485,
2018-11-02,261.3973388671875,279.5927599347181,250.6093632133669,257.4699340510288,2388,
2018-11-05,257.0722045898437,265.12591383190073,255.5310759963863,261.4470799709168,497,
2018-11-06,258.9613647460937,265.2253438602666,253.79107411558783,260.8504988961499,1007,
2018-11-07,264.1813659667969,264.2807701280421,264.1813659667969,264.2310680474195,23,
2018-11-09,257.5693359375,267.46247686589584,255.6304997571867,263.5350417412003,551,
2018-11-12,264.72821044921875,268.35734228909433,246.9305265007934,261.34764969896685,5379,
2018-11-13,267.9596252441406,268.4567674060036,254.03964471197747,258.5139241687442,176,
2018-11-14,272.6824645996094,273.42817781182345,264.6287558390678,268.45675639706303,8672,
2018-11-15,267.5121765136719,274.4224644774467,260.5024843952574,273.4281801858617,3995,
2018-11-16,254.7853546142578,282.2276076579258,248.62079492229608,278.1013338371929,6925,
2018-11-19,253.94021606445312,265.7224916408241,249.06822883452364,265.47392055416293,2254,
2018-11-20,250.609375,263.23678328869306,234.94939639075764,258.5139325970168,2385,
2018-11-21,237.08709716796875,259.5082120058547,229.67968189023924,259.5082120058547,10451,
2018-11-22,243.4008026123047,245.09108290839248,238.5785176304672,238.5785176304672,518,
2018-11-26,239.27452087402344,243.35109274554097,238.6282421202445,242.6053794889152,351,
2018-11-27,239.9208068847656,242.80422531330245,238.13109209358868,239.27451298073183,3518,
2018-11-28,227.74082946777344,247.4276622920141,223.71397488551912,247.4276622920141,4643,
2018-11-29,221.77511596679688,234.65109460688524,215.6602584238847,227.7408217618872,2675,
2018-11-30,229.8288116455078,232.66252799095048,223.71396922206776,226.69682214502868,1063,
2018-12-03,226.10025024414065,233.6568172097673,226.10025024414065,233.6568172097673,262,
2018-12-04,232.6625366210937,241.064236298096,230.67396793202457,233.6568209656284,4767,
2018-12-05,234.60137939453125,244.3453686454289,231.6682437207932,244.29565139572324,217,
2018-12-06,233.6568145751953,236.1922426187305,232.6625302578541,233.6568145751953,948,
2018-12-07,226.10025024414065,248.57108213805031,224.7082582527975,238.6282388525283,1222,
2018-12-10,216.2568359375,228.68538972701148,210.78827227011493,224.7082525143678,382,
2018-12-11,217.25112915039065,225.7025460738612,209.44599098184952,221.7254086981104,3402,
2018-12-12,222.7694091796875,233.308814069784,222.7196919284242,230.2762589731972,696,
2018-12-13,217.59913635253903,223.763696296338,211.8322840806336,223.763696296338,1873,
2018-12-14,227.3431091308593,232.1653942666992,217.5991346993244,217.64883677925204,1342,
2018-12-17,231.66824340820312,237.48481266969983,224.6088187636152,237.48481266969983,226,
2018-12-18,227.8899688720703,233.30881551877536,220.2339824487973,233.30881551877536,349,
2018-12-19,218.29513549804688,227.889973557292,213.77113860032944,227.889973557292,7370,
2018-12-20,214.516845703125,225.9013983272145,209.79399510247683,225.9013983272145,801,
2018-12-21,210.6391448974609,223.7139779867215,208.79971278760672,211.7825658274297,3351,
2018-12-24,217.49969482421875,220.5322650320828,210.8379929199176,213.7711286272321,974,
2018-12-26,209.1477203369141,217.748273947013,208.84943199582227,217.748273947013,1404,
2018-12-27,216.9528350830078,222.5705505808329,209.89342553043937,209.9431276090636,3987,
2018-12-28,232.91110229492188,238.8768082235005,213.2739869466841,226.69682528598585,6931,
2018-12-31,239.22482299804688,253.84080005044183,232.9111112457019,233.905395605342,5259,
2019-01-01,235.3968200683593,243.5996659630329,224.90711713237087,243.5996659630329,3800,
2019-01-02,238.0316619873047,243.50022578975933,233.6568170139709,243.50022578975933,1638,
2019-01-03,231.66824340820312,234.7505308268992,228.6853904887842,234.7505308268992,239,
2019-01-04,225.90139770507807,231.6185326269598,223.7139752040645,228.68539687526592,965,
2019-01-07,226.74655151367188,229.23226241566,224.11168885461925,224.11168885461925,681,
2019-01-08,232.41395568847656,232.463672937912,223.7636852918193,226.69682094961564,439,
2019-01-09,226.34881591796875,234.84994975828155,225.4042488627284,234.84994975828155,34,
2019-01-10,228.2876892089844,230.62424829149165,224.9568306206672,226.3985398709929,484,
2019-01-11,230.9225311279297,233.65681298197404,226.69682280804287,230.0773833953225,269,
2019-01-14,231.6185302734375,231.6185302734375,231.6185302734375,231.6185302734375,2,
2019-01-15,229.7294006347656,234.60138785002312,224.1614022416928,228.23797411928987,1113,
2019-01-16,229.2322540283203,235.6453848864857,226.3488203845704,235.59566763594995,1361,
2019-01-17,230.82310485839844,231.1711104481332,226.69683089107247,226.69683089107247,3104,
2019-01-18,230.82310485839844,230.82310485839844,230.82310485839844,230.82310485839844,0,
2019-01-21,225.7025451660156,230.6242496143957,225.10596849342247,228.6853981858308,1072,
2019-01-22,228.6853942871093,232.0162528377472,225.70254131814707,232.0162528377472,248,
2019-01-23,217.1516876220703,230.1271009249916,213.96998085871928,230.07738367508816,1046,
2019-01-24,224.6088256835937,226.64711160897585,217.25112765764004,217.5494159930868,1487,
2019-01-25,226.7962646484375,229.67968317376383,218.7425554035846,219.73683974632817,1697,
2019-01-28,226.39854431152344,227.98940534613217,224.7082639444861,227.98940534613217,3087,
2019-01-29,221.6756896972656,227.69111296493367,219.3888326899404,224.31055229085285,1802,
2019-01-30,226.597396850586,226.6968313540204,223.813412813323,223.813412813323,139,
2019-01-31,216.2071228027344,223.7139724687795,213.9699830780466,223.7139724687795,5628,
2019-02-01,216.3562774658203,228.6853971569567,214.8151337115345,228.58596265478025,2030,
2019-02-04,219.68711853027344,226.2991183931392,213.77112983202764,216.753982806428,2431,
2019-02-05,222.6699676513672,223.06769047734952,214.0196972096141,217.05226738209075,1170,
2019-02-06,214.4671325683593,219.9356965267029,208.79971477311835,219.3888370965536,839,
2019-02-07,214.26828002929688,215.21284713896247,208.7997160378299,214.6162856246568,746,
2019-02-08,220.7808380126953,228.6853953840463,208.89914333031743,217.74826777872235,8756,
2019-02-11,220.5819854736328,227.6413951391148,206.51285305051303,220.73112205504003,16599,
2019-02-12,214.56655883789065,220.5819819955217,213.77112834925288,220.5819819955217,1375,
2019-02-14,218.94140625,223.7139740643545,209.29685129131835,216.207124344769,5853,
2019-02-15,226.597396850586,228.68540005010829,212.42884489095965,212.42884489095965,2231,
2019-02-18,212.7271270751953,226.696824795365,211.78256000619623,226.696824795365,1136,
2019-02-19,213.7711334228516,226.6968298623728,213.7711334228516,225.45397443549567,17456,
2019-02-20,208.15342712402344,218.145972338599,206.2145605752136,218.145972338599,14419,
2019-02-21,205.8665771484375,212.727133076366,200.1991594029868,208.79971293873808,11365,
2019-02-22,208.0042724609375,209.24712783555063,202.1380011613933,208.7997029350048,15016,
2019-02-25,208.55113220214844,211.7825561814428,199.65229073963744,211.7825561814428,10899,
2019-02-26,204.62371826171875,208.79970941571813,203.48028217864007,208.79970941571813,10613,
2019-02-27,201.3425750732422,205.6677179397417,200.0002851707907,200.89515016295,13643,
2019-02-28,198.9065856933593,201.98885805126432,198.8568684419339,198.8568684419339,10842,
2019-03-01,198.9065856933593,201.93915597141387,197.86258409972424,201.3425792974581,14528,
2019-03-05,199.9008636474609,201.8397150184961,198.8071448373516,201.8397150184961,13972,
2019-03-06,198.8568725585937,207.8054318237305,197.8625881958008,202.7842927573109,23737,
2019-03-07,200.59686279296875,203.33114468977504,199.60257846685727,201.839718200608,4880,
2019-03-08,202.63514709472656,204.77285231034537,200.89514953778,204.77285231034537,4528,
2019-03-11,202.983139038086,203.3311446207367,201.839718132076,203.28142737013303,4514,
2019-03-12,236.09280395507807,243.5499362036376,204.62371193478688,204.62371193478688,22606,
2019-03-13,279.8413391113281,283.2716018720771,256.5253592443048,256.5253592443048,110974,
2019-03-14,267.8104858398437,293.2641703274195,263.5350450870219,286.055609056429,41979,
2019-03-15,247.9248046875,277.4053291143563,243.9973694319544,266.36876694117666,19783,
2019-03-18,246.3339385986328,252.4487810562657,234.6013806683992,248.5710783033631,12922,
2019-03-19,246.43338012695312,247.5768010511296,239.6225263185632,239.82138015256228,3561,
2019-03-20,243.7985076904297,252.94592022980007,232.16538439734035,236.29165817988388,3230,
2019-03-22,242.704818725586,244.09681076314072,240.61681549767843,241.16367493085187,60636,
2019-03-25,242.3070831298828,247.5270757534448,233.80594925148137,238.6282342199732,5023,
2019-03-26,226.6968231201172,243.40080259486177,220.7311172485352,241.760224377232,6673,
2019-03-27,234.9493865966797,249.3665091597533,230.67396100917745,234.6510982679564,6340,
2019-03-28,252.00135803222656,256.5253547254595,229.38138973763665,233.70653260105624,13520,
2019-04-01,268.00933837890625,273.4282003040097,263.48535665659114,270.44534720978413,19582,
2019-04-02,265.225341796875,270.84304212431766,260.50249128690257,260.50249128690257,15253,
2019-04-03,265.4242248535156,267.90993577987126,260.6019395877555,265.4739269347824,12822,
2019-04-04,270.7933349609375,273.4281822852382,259.90590974722943,265.47390789148585,12931,
2019-04-05,282.6253356933594,295.7001692531114,270.4950540909837,270.4950540909837,49975,
2019-04-08,286.9007263183594,296.24702313310684,273.42818601731153,273.47788809569136,25612,
2019-04-09,283.4207458496094,286.30419478002165,278.4493240291065,286.30419478002165,13176,
2019-04-10,280.08990478515625,284.56418422042617,276.4110406677857,277.70359814515945,11393,
2019-04-11,273.4779052734375,285.35961569485664,265.97107037761026,274.5716241548355,14376,
2019-04-12,267.909912109375,276.1127574416072,263.53503699099923,271.4893112525577,31719,
2019-04-15,259.0110778808594,267.6613640202828,258.51393569682705,267.56192951484616,1616,
2019-04-16,260.6019287109375,262.49106286749026,252.0510774125333,260.4030597078689,1292,
2019-04-18,256.0779113769531,260.50248868461944,254.58648491501827,258.4144855692808,494,
2019-04-22,255.13336181640625,256.4259192912748,252.49849927335387,253.4430663402096,11324,
2019-04-23,246.43338012695312,265.47391919940395,241.01451832813223,265.47391919940395,3384,
2019-04-24,246.184799194336,250.5099268042217,239.62251673382545,239.62251673382545,1189,
2019-04-25,249.1179351806641,253.9899221973151,243.5996542640413,245.5385056208076,776,
2019-04-26,245.09109497070312,251.2059377218289,243.59966842929924,249.7642284327869,1565,
2019-04-30,228.48654174804688,244.7430814178153,227.2436863372889,244.7430814178153,3732,
2019-05-02,228.88424682617188,241.11394696424003,225.354534465164,227.74082592981668,2574,
2019-05-03,225.75225830078125,233.70653287524385,215.1631211705831,228.884247845846,1777,
2019-05-06,219.18997192382807,229.0830977206928,212.18026454179304,228.9339611436264,378,
2019-05-07,213.27398681640625,222.7694051145752,210.8379932647063,221.57626696390324,865,
2019-05-08,213.27398681640625,216.3562742795856,202.834001447771,210.7385587639941,1043,
2019-05-09,214.4174041748047,215.7596940543718,201.2431371415308,212.6774066421081,1382,
2019-05-10,215.95855712890625,221.62597487235533,214.2682767733618,214.2682767733618,215,
2019-05-13,213.47283935546875,223.61453633221947,210.29113258239053,211.3848513973118,893,
2019-05-14,209.19741821289065,216.7539852346553,200.64658202676205,210.78827921902268,2708,
2019-05-15,210.83799743652344,215.7597018876644,209.3465709257792,215.7597018876644,1073,
2019-05-16,216.5551300048828,217.748268165998,208.84942645106327,216.15740717012787,1716,
2019-05-17,225.1556854248047,234.15396172277627,213.82085003424297,215.75970146005287,1452,
2019-05-20,241.21337890625,258.1162121224064,227.6911062646951,228.68539057152785,1382,
2019-05-21,225.1556854248047,240.5670926719513,224.3105528400029,240.5670926719513,2132,
2019-05-22,232.46368408203125,238.628244018186,224.7082631171252,225.70254746720096,3130,
2019-05-23,230.624252319336,237.58424278053687,226.69683216483045,233.65682262603136,1714,
2019-05-24,229.6299591064453,232.56309479616263,226.9951117450123,230.6242434196766,547,
2019-05-27,236.7391052246093,238.42938555260085,231.66824906906007,233.65681773059708,896,
2019-05-28,244.04708862304688,283.3213352896954,231.76768610664607,243.5996637036205,8417,
2019-05-29,268.3076477050781,272.3344873322334,233.6568307747461,239.1253948992615,27770,
2019-05-30,276.9578857421875,282.87388959505563,270.4453355706683,278.3996101462762,5383,
2019-05-31,285.9561767578125,292.81673250335285,267.4624823205498,288.3424530593288,10157,
2019-06-03,292.17047119140625,298.28531406102707,275.66534441139913,285.95619381513484,13597,
2019-06-04,291.1264343261719,297.1915746961232,281.78016786489644,292.170451059338,4676,
2019-06-06,282.5756225585937,288.3424596136058,281.87961138088707,288.3424596136058,663,
2019-06-07,314.591552734375,321.9492506326928,270.4950370800521,276.4110409204657,30873,
2019-06-10,324.8824157714844,333.0852617703053,313.1995745004364,328.1138399528381,13790,
2019-06-11,320.6567077636719,337.0126977077924,311.21100629466446,337.0126977077924,2326,
2019-06-12,322.5458374023437,326.1252671346468,309.3218676710344,317.1767079754644,1281,
2019-06-13,322.5955505371094,328.1138162180628,311.31041775916145,318.22067537968303,3266,
2019-06-14,306.4384460449219,338.05667595264447,299.2795866521941,318.767565805153,10462,
2019-06-17,280.6864624023437,308.22815128330586,268.7550500946029,308.22815128330586,2347,
2019-06-18,297.6390075683594,305.1955742229184,279.39388482186087,289.98300641640844,4970,
2019-06-19,285.2601623535156,298.2852928778098,282.7744515795339,298.2852928778098,1755,
2019-06-20,288.6904602050781,296.29672923251786,276.41104270684554,278.3996113594128,1716,
2019-06-21,298.3349914550781,303.2567108670654,278.79731106948543,288.3424463981933,10973,
2019-06-24,303.3064270019531,308.22814664204583,281.9790460289016,298.28530320197984,10025,
2019-06-25,293.4630126953125,314.8898581224896,288.83959664890824,314.8401257003092,1070,
2019-06-26,297.291015625,304.94701712785354,288.34245662625415,298.1361633768448,816,
2019-06-27,293.4132995605469,304.25099223492595,290.5298811929632,299.27957079317883,1127,
2019-06-28,298.9813232421875,303.15729940490576,292.31960580262245,300.27388079044886,4996,
2019-07-01,306.9355773925781,308.128700353862,292.41902045667376,293.31387026342395,5089,
2019-07-02,313.1001281738281,313.1001281738281,292.0213186695238,292.0213186695238,6,
2019-07-03,317.12701416015625,318.1710006186758,300.2738818338753,308.2281568493422,1301,
2019-07-04,312.95098876953125,313.149857770187,302.01386128274856,303.2567166789739,292,
2019-07-05,315.6852722167969,316.1824143777682,301.3675840494524,312.7024192509689,3542,
2019-07-08,306.9852905273437,313.1995676635248,299.92586563201206,313.1995676635248,713,
2019-07-09,303.6544189453125,305.9412910396499,294.3081526002846,294.3081526002846,120,
2019-07-10,298.235595703125,303.6544270736112,289.33673884869734,303.6544270736112,185,
2019-07-11,295.3521423339844,305.046414362581,283.37102852820925,298.23559110931706,1291,
2019-07-12,304.00244140625,305.1458623453621,294.80531112658423,295.3521553843312,1032,
2019-07-15,298.2853088378906,300.27387756347656,288.8396073913574,289.0384764011763,614,
2019-07-16,299.6275939941406,299.7767305775392,283.3710388543903,283.3710388543903,4762,
2019-07-17,300.2738647460937,308.2281393089042,284.8624577806485,298.2852961053911,3505,
2019-07-18,297.19158935546875,298.1858737162051,286.3538958920725,286.3538958920725,1115,
2019-07-19,293.7613220214844,298.23560157632954,282.3767541280071,282.47618863118925,51,
2019-07-22,280.83563232421875,288.2430326716751,280.3881922206488,280.3881922206488,153,
2019-07-23,285.45904541015625,288.3424639813396,280.3881891128888,280.8356292114994,221,
2019-07-24,283.470458984375,288.3424459683133,271.5390474270655,271.5390474270655,536,
2019-07-25,274.4224853515625,283.0727714836004,269.30192692903125,277.40533845320994,5427,
2019-07-26,269.4510498046875,276.4110400210448,264.4796282215752,276.4110400210448,640,
2019-07-29,265.4242248535156,269.4510644169514,255.9785233333642,269.4510644169514,952,
2019-07-30,252.20021057128903,265.4242101740283,252.20021057128903,265.4242101740283,239,
2019-07-31,259.4087829589844,264.678508262791,239.622530301476,252.20022136277817,4721,
2019-08-01,248.57107543945312,248.6207926888559,248.57107543945312,248.6207926888559,433,
2019-08-02,249.81393432617188,260.30362171982205,236.6396671428016,248.5710789315143,6107,
2019-08-05,258.4144897460937,258.4144897460937,237.3356651110276,237.3356651110276,37,
2019-08-06,248.57107543945312,255.5310655517578,245.5385052847769,245.5385052847769,572,
2019-08-07,236.1425323486328,239.22481989212923,236.1425323486328,237.7333933720326,517,
2019-08-08,224.3602600097656,235.64539357668863,224.3602600097656,235.64539357668863,885,
2019-08-09,222.12310791015625,225.7025374806824,213.2739836546536,225.7025374806824,8545,
2019-08-13,221.3773956298828,228.6853913795549,211.03684487091536,218.742548276096,792,
2019-08-14,223.21682739257807,226.6968224744224,212.3294172422661,226.6968224744224,660,
2019-08-16,223.21682739257807,223.21682739257807,223.21682739257807,223.21682739257807,0,
2019-08-19,222.5208435058593,226.6968347967476,212.08085769285125,226.6968347967476,666,
2019-08-20,211.4345550537109,221.7254038574277,211.4345550537109,213.7711292795828,161,
2019-08-21,213.7711334228516,213.7711334228516,202.8340056663336,207.80542737384167,215,
2019-08-22,203.8780059814453,203.92772323252385,203.8780059814453,203.8780059814453,209,
2019-08-23,203.7288513183593,212.776844708715,203.6294319891973,203.82828581909607,198,
2019-08-26,211.7825622558593,211.7825622558593,211.7825622558593,211.7825622558593,251,
2019-08-27,216.7539825439453,216.7539825439453,201.8397176900041,201.8397176900041,181,
2019-08-28,213.7711334228516,216.75398644735645,205.91629319361863,216.75398644735645,69,
2019-08-29,206.0654296875,220.631689215598,205.8168586022316,205.8168586022316,43,
2019-08-30,201.3425750732422,215.7596977328077,198.85686426986885,198.85686426986885,135,
2019-09-03,210.7882843017578,210.7882843017578,192.89116582330664,192.89116582330664,31,
2019-09-04,210.7882843017578,210.7882843017578,210.7882843017578,210.7882843017578,3,
2019-09-05,200.84542846679688,210.78827146020265,200.84542846679688,210.78827146020265,281,
2019-09-06,201.3425750732422,209.7442745543292,201.3425750732422,209.7442745543292,32,
2019-09-09,201.3425750732422,211.28541828673565,201.3425750732422,211.28541828673565,128,
2019-09-11,207.805419921875,210.78827283941388,198.8568611692584,200.9448642801654,1047,
2019-09-12,213.67169189453125,213.771126394042,213.67169189453125,213.771126394042,25,
2019-09-13,204.9220123291016,219.7368432002144,204.82257782463424,219.7368432002144,403,
2019-09-16,214.76541137695312,214.76541137695312,203.8282839457194,203.8282839457194,9,
2019-09-17,208.75,217.6985593108304,204.0271492526173,213.7711390920588,1413,
2019-09-18,208.6000061035156,217.0,201.0,201.0,696,
2019-09-19,200.25,212.0,199.25,212.0,1027,
2019-09-20,205.9499969482422,209.8999938964844,195.0500030517578,209.8999938964844,1166,
2019-09-23,204.3000030517578,209.0,197.1499938964844,205.9499969482422,101,
2019-09-24,203.3000030517578,209.9499969482422,195.0,195.0500030517578,764,
2019-09-25,197.3000030517578,210.0,194.0,198.6000061035156,1681,
2019-09-26,188.1999969482422,204.8999938964844,187.4499969482422,198.0,2130,
2019-09-27,184.0,193.6999969482422,179.3000030517578,191.8999938964844,1259,
2019-09-30,174.89999389648438,180.0,174.8000030517578,180.0,739,
2019-10-01,174.5500030517578,182.8000030517578,166.1999969482422,172.0,864,
2019-10-03,171.8000030517578,179.8000030517578,167.0500030517578,175.0,649,
2019-10-04,172.0500030517578,175.0,171.8000030517578,175.0,96,
2019-10-07,168.0,170.9499969482422,168.0,170.0,182,
2019-10-09,159.60000610351562,162.0,159.60000610351562,162.0,687,
2019-10-10,154.5,166.89999389648438,151.64999389648438,159.60000610351562,1625,
2019-10-11,150.35000610351562,159.5500030517578,147.0,154.5,451,
2019-10-14,142.9499969482422,150.35000610351562,142.85000610351562,150.35000610351562,713,
2019-10-15,135.85000610351562,146.89999389648438,135.85000610351562,143.0,1325,
2019-10-16,129.10000610351562,130.10000610351562,129.10000610351562,130.10000610351562,1313,
2019-10-17,122.6500015258789,129.0,122.6500015258789,129.0,773,
2019-10-18,118.6500015258789,128.0,116.5500030517578,117.0,6335,
2019-10-22,123.4499969482422,124.5500030517578,113.5500030517578,118.0,1062,
2019-10-23,126.9000015258789,129.60000610351562,125.0,129.0,632,
2019-10-24,133.0,133.1999969482422,130.0,133.0,4967,
2019-10-25,130.6999969482422,136.85000610351562,130.0,130.0,362,
2019-10-27,136.25,136.9499969482422,135.89999389648438,135.89999389648438,106,
2019-10-29,133.60000610351562,137.5,130.3000030517578,130.3000030517578,1212,
2019-10-30,129.9499969482422,138.9499969482422,128.0,134.89999389648438,1255,
2019-10-31,136.39999389648438,136.39999389648438,131.0500030517578,134.0,2060,
2019-11-01,142.9499969482422,143.1999969482422,136.35000610351562,136.39999389648438,2546,
2019-11-04,150.0500030517578,150.0500030517578,136.0500030517578,136.0500030517578,2148,
2019-11-05,157.5500030517578,157.5500030517578,150.0,155.0,828,
2019-11-06,156.89999389648438,165.39999389648438,150.1999969482422,165.39999389648438,6382,
2019-11-07,158.0500030517578,160.0,150.3000030517578,160.0,2515,
2019-11-08,156.25,159.0,153.10000610351562,158.0,1728,
2019-11-11,156.1999969482422,156.8000030517578,148.4499969482422,156.25,3720,
2019-11-13,162.25,164.0,155.0,155.0,973,
2019-11-14,163.0,170.35000610351562,162.0500030517578,170.35000610351562,6417,
2019-11-15,164.35000610351562,170.75,158.0,168.89999389648438,5788,
2019-11-18,168.9499969482422,169.8000030517578,159.0500030517578,159.0500030517578,2445,
2019-11-19,164.10000610351562,173.0,164.0500030517578,169.0,657,
2019-11-20,165.10000610351562,169.60000610351562,160.0,160.0,871,
2019-11-21,165.10000610351562,171.0,160.14999389648438,166.10000610351562,8334,
2019-11-22,168.85000610351562,169.0,161.10000610351562,161.10000610351562,665,
2019-11-25,161.9499969482422,172.0,160.4499969482422,162.0,7176,
2019-11-26,161.35000610351562,166.0,159.9499969482422,166.0,884,
2019-11-27,163.0500030517578,168.8000030517578,161.0,162.5,1353,
2019-11-28,165.6999969482422,168.39999389648438,156.0500030517578,160.0,457,
2019-11-29,164.85000610351562,167.10000610351562,160.0,161.0,943,
2019-12-02,162.14999389648438,166.5,162.0,162.0,1774,
2019-12-03,164.0,166.25,158.0,158.0,579,
2019-12-04,163.39999389648438,164.0,155.8000030517578,156.14999389648438,1427,
2019-12-05,162.25,166.8000030517578,158.14999389648438,158.3000030517578,475,
2019-12-06,162.5500030517578,165.0,158.5500030517578,162.0,1284,
2019-12-09,154.39999389648438,163.0500030517578,150.0,157.0,2100,
2019-12-10,157.4499969482422,163.3000030517578,152.0,156.0500030517578,437,
2019-12-11,153.89999389648438,163.60000610351562,148.0500030517578,157.4499969482422,63684,
2019-12-12,147.4499969482422,159.9499969482422,147.0500030517578,159.0,64693,
2019-12-13,138.4499969482422,148.85000610351562,136.5,147.60000610351562,2599,
2019-12-16,140.0500030517578,143.5500030517578,138.0500030517578,138.0500030517578,2942,
2019-12-17,139.0,142.0,136.0500030517578,141.0,774,
2019-12-18,142.60000610351562,144.9499969482422,139.0,139.0,448,
2019-12-19,139.10000610351562,145.8000030517578,137.0,142.0500030517578,927,
2019-12-20,140.6999969482422,144.5,139.0,139.0,956,
2019-12-23,132.8000030517578,143.8000030517578,127.0,139.0,3810,
2019-12-24,131.14999389648438,138.75,129.10000610351562,130.0500030517578,1727,
2019-12-26,140.85000610351562,142.0,134.0,138.0,1713,
2019-12-27,154.89999389648438,154.89999389648438,145.0,145.0,2306,
2019-12-30,170.35000610351562,170.35000610351562,156.10000610351562,156.10000610351562,3380,
2019-12-31,187.0,187.3500061035156,169.9499969482422,176.89999389648438,8738,
2020-01-01,195.1000061035156,196.3500061035156,183.0,194.0,8465,
2020-01-02,192.0,203.0,187.3999938964844,202.9499969482422,4057,
2020-01-03,182.3999938964844,192.1499938964844,182.3999938964844,192.1499938964844,2240,
2020-01-06,173.3000030517578,182.0,173.3000030517578,182.0,1289,
2020-01-07,167.14999389648438,171.0,164.64999389648438,170.0,8297,
2020-01-08,163.10000610351562,166.89999389648438,160.4499969482422,165.0,1091,
2020-01-09,171.25,171.25,164.10000610351562,166.89999389648438,1138,
2020-01-10,179.8000030517578,179.8000030517578,171.3000030517578,179.8000030517578,931,
2020-01-13,183.5,188.75,181.6999969482422,188.6999969482422,2772,
2020-01-14,183.8500061035156,183.9499969482422,174.75,175.85000610351562,824,
2020-01-15,182.1999969482422,190.0,176.0,183.8500061035156,22546,
2020-01-16,180.1499938964844,187.3500061035156,177.6999969482422,182.1999969482422,1972,
2020-01-17,182.8500061035156,184.9499969482422,177.8000030517578,184.9499969482422,341,
2020-01-20,178.0,188.8500061035156,175.1999969482422,175.1999969482422,2413,
2020-01-21,183.8999938964844,185.3999938964844,172.0,172.0,1514,
2020-01-22,177.14999389648438,184.6999969482422,177.0,177.64999389648438,2143,
2020-01-23,179.35000610351562,183.0,173.4499969482422,182.9499969482422,790,
2020-01-24,180.10000610351562,184.8999938964844,178.1999969482422,179.35000610351562,647,
2020-01-27,177.5,186.0,176.3000030517578,180.8999938964844,443,
2020-01-28,173.89999389648438,181.0,170.0,171.0,1654,
2020-01-29,179.60000610351562,182.5500030517578,172.10000610351562,173.89999389648438,3824,
2020-01-30,173.35000610351562,183.0,172.6999969482422,183.0,714,
2020-01-31,175.0,178.89999389648438,172.0,172.0,1654,
2020-02-03,170.39999389648438,175.5,170.0500030517578,171.85000610351562,691,
2020-02-04,170.8000030517578,177.25,165.1999969482422,168.0,1497,
2020-02-05,169.1999969482422,178.89999389648438,168.10000610351562,175.0,538,
2020-02-06,173.89999389648438,184.4499969482422,163.35000610351562,168.35000610351562,645,
2020-02-07,170.9499969482422,183.8999938964844,161.0,175.0,382,
2020-02-10,165.4499969482422,171.0,165.0500030517578,171.0,1633,
2020-02-11,166.35000610351562,178.25,160.0500030517578,178.25,2786,
2020-02-12,165.0,172.89999389648438,165.0,172.89999389648438,620,
2020-02-13,170.39999389648438,174.9499969482422,165.9499969482422,174.9499969482422,531,
2020-02-14,169.3000030517578,177.9499969482422,167.9499969482422,174.0500030517578,758,
2020-02-17,152.39999389648438,168.3000030517578,152.39999389648438,168.3000030517578,2582,
2020-02-18,137.1999969482422,150.0,137.1999969482422,150.0,4065,
2020-02-19,135.6999969482422,144.0,126.5999984741211,137.1999969482422,1315,
2020-02-20,145.35000610351562,146.8000030517578,134.8000030517578,136.60000610351562,2751,
2020-02-24,137.0,145.35000610351562,130.85000610351562,145.35000610351562,8829,
2020-02-25,135.5,139.89999389648438,132.25,139.89999389648438,365,
2020-02-26,135.0,143.89999389648438,123.5,123.5,501,
2020-02-27,134.10000610351562,140.0,125.0,127.1999969482422,721,
2020-02-28,131.39999389648438,135.0,130.0,135.0,395,
2020-03-02,131.75,144.5,121.25,131.39999389648438,2489,
2020-03-03,131.10000610351562,139.85000610351562,125.5999984741211,139.85000610351562,1022,
2020-03-04,130.75,135.0,126.0,127.0,405,
2020-03-05,130.0500030517578,136.0,121.0,129.0,805,
2020-03-06,120.1500015258789,131.0,117.0999984741211,131.0,2318,
2020-03-09,112.1999969482422,129.85000610351562,110.1999969482422,119.0,3273,
2020-03-11,114.9499969482422,117.8000030517578,112.0,117.8000030517578,754,
2020-03-12,111.0,112.9499969482422,109.25,112.9499969482422,2303,
2020-03-13,105.4499969482422,109.1500015258789,105.4499969482422,109.1500015258789,1882,
2020-03-16,101.6500015258789,104.5999984741211,100.1999969482422,104.5999984741211,742,
2020-03-17,98.1500015258789,101.3000030517578,98.0,98.1999969482422,143,
2020-03-18,95.9000015258789,98.1999969482422,94.0,98.1999969482422,800,
2020-03-19,91.1500015258789,94.0,91.1500015258789,94.0,507,
2020-03-20,90.8499984741211,94.0,87.0,94.0,1206,
2020-03-23,86.3499984741211,95.0,86.3499984741211,90.8499984741211,6750,
2020-03-24,82.05000305175781,84.30000305175781,82.05000305175781,83.0,919,
2020-03-25,77.94999694824219,83.9000015258789,77.94999694824219,78.0,303524,
2020-03-26,74.0999984741211,77.94999694824219,74.0999984741211,77.94999694824219,2462,
2020-03-27,73.0999984741211,75.8499984741211,70.69999694824219,74.0999984741211,72306,
2020-03-30,71.80000305175781,75.9000015258789,69.44999694824219,72.0999984741211,238237,
2020-03-31,73.1500015258789,75.3499984741211,70.05000305175781,70.19999694824219,2408,
2020-04-01,75.3499984741211,76.80000305175781,72.19999694824219,76.80000305175781,1955,
2020-04-03,78.5999984741211,78.80000305175781,72.25,72.25,740,
2020-04-07,80.5,82.4000015258789,75.0999984741211,75.5,2901,
2020-04-08,83.94999694824219,84.5,78.05000305175781,82.0,2043,
2020-04-09,88.0,88.0999984741211,82.0999984741211,88.0999984741211,1611,
2020-04-13,86.19999694824219,90.0,85.5,90.0,1823,
2020-04-15,88.8499984741211,89.94999694824219,82.3499984741211,84.94999694824219,1070,
2020-04-16,88.0999984741211,92.9000015258789,84.44999694824219,84.5,1392,
2020-04-17,87.0999984741211,92.5,84.0999984741211,88.0,5335,
2020-04-20,83.30000305175781,89.9000015258789,82.75,89.9000015258789,10572,
2020-04-21,79.1500015258789,86.80000305175781,79.1500015258789,83.19999694824219,9289,
2020-04-22,76.5999984741211,78.94999694824219,75.19999694824219,78.94999694824219,4445,
2020-04-23,77.94999694824219,79.69999694824219,76.19999694824219,78.80000305175781,2116,
2020-04-24,77.8499984741211,79.94999694824219,75.19999694824219,79.94999694824219,20667,
2020-04-27,81.55000305175781,81.69999694824219,76.1500015258789,79.25,4232,
2020-04-28,85.5999984741211,85.5999984741211,78.69999694824219,85.5999984741211,9015,
2020-04-29,89.8499984741211,89.8499984741211,89.8499984741211,89.8499984741211,471,
2020-04-30,94.3000030517578,94.3000030517578,94.3000030517578,94.3000030517578,516,
2020-05-04,95.75,99.0,89.5999984741211,99.0,10619,
2020-05-05,100.5,100.5,98.6999969482422,98.6999969482422,1603,
2020-05-06,105.5,105.5,105.0,105.5,1444,
2020-05-07,110.75,110.75,110.75,110.75,1238,
2020-05-08,105.25,116.25,105.25,116.1999969482422,12438,
2020-05-11,100.0,102.0,100.0,101.0,4975,
2020-05-12,95.0,98.8000030517578,95.0,95.0,2230,
2020-05-13,93.5500030517578,98.5,90.6999969482422,95.0,4098,
2020-05-14,88.9000015258789,97.9499969482422,88.9000015258789,97.9499969482422,6393,
2020-05-15,88.75,90.8000030517578,84.5,88.9000015258789,3275,
2020-05-18,84.3499984741211,87.9000015258789,84.3499984741211,85.0999984741211,1109,
2020-05-19,81.30000305175781,87.30000305175781,81.0,84.0,3639,
2020-05-20,80.69999694824219,83.3499984741211,80.0,81.30000305175781,875,
2020-05-21,84.69999694824219,84.69999694824219,80.30000305175781,83.44999694824219,2156,
2020-05-22,86.94999694824219,88.9000015258789,82.0999984741211,84.69999694824219,4067,
2020-05-26,87.69999694824219,91.25,83.0,86.75,9284,
2020-05-27,86.75,90.1500015258789,84.4000015258789,85.5,4253,
2020-05-28,86.4000015258789,88.0,85.0,87.0,1820,
2020-05-29,86.25,88.0,84.05000305175781,86.1500015258789,1129,
2020-06-01,88.05000305175781,90.4000015258789,86.55000305175781,89.8499984741211,2310,
2020-06-02,91.75,92.4499969482422,88.05000305175781,90.05000305175781,5395,
2020-06-03,96.3000030517578,96.3000030517578,92.4499969482422,92.4499969482422,6175,
2020-06-04,96.0,101.0999984741211,95.3000030517578,101.0999984741211,5110,
2020-06-05,100.5,104.9499969482422,87.19999694824219,100.0,11384,
2020-06-08,108.75,110.5500030517578,101.0,101.0,9188,
2020-06-09,108.25,117.0,102.0,113.0,7093,
2020-06-10,106.75,110.0,102.0999984741211,102.0999984741211,1850,
2020-06-11,102.3000030517578,108.0500030517578,101.0,108.0500030517578,4828,
2020-06-12,98.1500015258789,103.9499969482422,94.0,94.0,11223,
2020-06-15,101.5999984741211,105.9000015258789,98.5,100.0,6602,
2020-06-16,96.9499969482422,104.0,95.0,104.0,11844,
2020-06-17,95.3499984741211,102.9499969482422,93.1999969482422,102.9499969482422,13544,
2020-06-18,98.3499984741211,98.9499969482422,95.5500030517578,96.9000015258789,4736,
2020-06-19,100.8000030517578,101.8000030517578,98.0500030517578,98.3499984741211,9631,
2020-06-22,104.5,110.8000030517578,100.0,110.8000030517578,9853,
2020-06-23,109.5500030517578,111.0,101.0,101.0,13262,
2020-06-24,120.5,120.5,108.25,116.0,17309,
2020-06-25,132.5500030517578,132.5500030517578,121.0,128.0,30754,
2020-06-26,139.14999389648438,139.14999389648438,138.0,139.0,5702,
2020-06-29,146.10000610351562,146.10000610351562,146.10000610351562,146.10000610351562,1842,
2020-06-30,140.5500030517578,153.39999389648438,138.8000030517578,153.39999389648438,44134,
2020-07-01,142.60000610351562,147.5500030517578,133.5500030517578,138.0,15078,
2020-07-02,143.64999389648438,148.60000610351562,139.0,142.60000610351562,3812,
2020-07-03,141.89999389648438,145.0,140.6999969482422,140.6999969482422,2486,
2020-07-06,143.10000610351562,144.6999969482422,140.0500030517578,142.0,3609,
2020-07-07,140.1999969482422,144.89999389648438,140.10000610351562,140.10000610351562,2662,
2020-07-08,140.35000610351562,143.0,139.0,139.0,3529,
2020-07-09,142.9499969482422,145.0,139.10000610351562,140.5,4148,
2020-07-10,142.3000030517578,145.0,141.0,142.0,3797,
2020-07-13,144.0,149.35000610351562,142.10000610351562,142.10000610351562,8978,
2020-07-14,143.14999389648438,147.0,142.5,145.0,1897,
2020-07-15,143.0500030517578,149.8000030517578,142.0,149.8000030517578,1836,
2020-07-16,137.25,141.0,137.25,140.0,1688,
2020-07-17,139.5,140.0,132.6999969482422,139.9499969482422,2100,
2020-07-20,140.14999389648438,143.64999389648438,135.0500030517578,139.5,6749,
2020-07-21,140.60000610351562,143.0,139.10000610351562,139.10000610351562,5442,
2020-07-22,137.0500030517578,144.0,135.25,140.89999389648438,2548,
2020-07-23,138.39999389648438,142.5,137.0500030517578,141.0,1266,
2020-07-24,140.3000030517578,141.89999389648438,135.14999389648438,141.89999389648438,815,
2020-07-27,135.8000030517578,140.3000030517578,134.60000610351562,135.10000610351562,1060,
2020-07-28,134.5500030517578,138.85000610351562,131.5500030517578,131.5500030517578,800,
2020-07-29,132.10000610351562,139.25,129.0,131.8000030517578,2560,
2020-07-30,125.5999984741211,137.85000610351562,125.5,132.10000610351562,23684,
2020-07-31,120.4000015258789,128.1999969482422,119.3499984741211,125.5999984741211,11094,
2020-08-03,116.8000030517578,126.0,114.4000015258789,122.0,2739,
2020-08-04,117.4000015258789,121.1500015258789,111.0,116.8000030517578,5365,
2020-08-05,123.0500030517578,123.25,112.6500015258789,117.0999984741211,5989,
2020-08-06,129.1999969482422,129.1999969482422,122.1500015258789,123.0,4888,
2020-08-07,135.64999389648438,135.64999389648438,126.9499969482422,129.1999969482422,2522,
2020-08-10,142.39999389648438,142.39999389648438,138.5,139.0,13288,
2020-08-11,149.5,149.5,145.0,145.0,41143,
2020-08-12,143.85000610351562,155.0,142.0500030517578,151.0,7801,
2020-08-13,144.5500030517578,148.75,139.1999969482422,139.85000610351562,4509,
2020-08-14,150.85000610351562,151.75,140.89999389648438,142.5,7566,
2020-08-17,154.75,155.0,146.0500030517578,152.0,9565,
2020-08-18,161.64999389648438,162.4499969482422,154.0,155.0,606837,
2020-08-19,169.6999969482422,169.6999969482422,167.0,169.6999969482422,24280,
2020-08-20,176.39999389648438,178.14999389648438,170.3000030517578,178.14999389648438,33672,
2020-08-21,184.8500061035156,185.1999969482422,170.0,178.14999389648438,49232,
2020-08-24,189.3999938964844,194.0500030517578,183.4499969482422,185.5,33721,
2020-08-25,193.5500030517578,198.8500061035156,190.0,192.0,12959,
2020-08-26,191.0500030517578,198.0,185.3000030517578,196.0,14193,
2020-08-27,184.9499969482422,192.5,182.0,192.5,4471,
2020-08-28,184.1000061035156,192.0,184.1000061035156,184.1000061035156,3616,
2020-08-31,178.75,189.8999938964844,176.1999969482422,189.8999938964844,2565,
2020-09-01,178.5,183.9499969482422,175.0,178.75,1598,
2020-09-02,181.6999969482422,182.1999969482422,178.5,178.5,724,
2020-09-03,180.0,184.0,180.0,184.0,153,
2020-09-04,182.9499969482422,185.0,171.0500030517578,180.0,856,
2020-09-07,176.0,182.8500061035156,175.0,182.8500061035156,630,
2020-09-08,175.5,183.9499969482422,173.0,183.9499969482422,2184,
2020-09-09,172.25,175.5,167.0500030517578,173.0,823,
2020-09-10,170.0,170.0,163.75,170.0,1546,
2020-09-11,170.0500030517578,177.5500030517578,170.0,170.0,1057,
2020-09-14,171.6999969482422,177.9499969482422,170.8000030517578,177.9499969482422,969,
2020-09-15,165.64999389648438,174.9499969482422,164.8000030517578,170.8000030517578,503,
2020-09-16,166.0500030517578,173.6999969482422,165.64999389648438,165.89999389648438,676,
2020-09-17,166.0,170.0,164.60000610351562,166.0500030517578,593,
2020-09-18,166.0,172.5,166.0,166.10000610351562,421,
2020-09-21,160.0,166.10000610351562,160.0,166.10000610351562,2512,
2020-09-22,164.89999389648438,167.8000030517578,155.0,160.0,531,
2020-09-23,160.0,171.9499969482422,160.0,160.0,926,
2020-09-24,153.1999969482422,160.0,153.0500030517578,158.0,2400,
2020-09-25,158.9499969482422,159.0,152.0,158.0,345,
2020-09-28,156.0,160.0,155.1999969482422,155.1999969482422,981,
2020-09-29,156.0,163.8000030517578,155.25,155.25,136,
2020-09-30,159.64999389648438,160.0,148.5,148.5,128,
2020-10-01,156.35000610351562,163.0,155.25,155.35000610351562,2472,
2020-10-05,156.10000610351562,160.0,155.25,160.0,1488,
2020-10-06,160.0,162.89999389648438,155.60000610351562,162.89999389648438,316,
2020-10-07,155.25,163.0,155.25,155.35000610351562,1076,
2020-10-08,155.25,163.0,155.25,163.0,411,
2020-10-09,161.25,161.25,155.25,155.25,592,
2020-10-12,154.0,161.0,154.0,161.0,765,
2020-10-13,153.0,153.0,146.3000030517578,151.0,499,
2020-10-14,150.0,153.0,150.0,150.0,813,
2020-10-15,145.3000030517578,152.9499969482422,145.0,150.0,2544,
2020-10-16,147.8000030517578,150.25,138.0500030517578,145.3000030517578,1079,
2020-10-19,146.75,149.89999389648438,141.0,141.10000610351562,467,
2020-10-20,145.5,146.6999969482422,140.0500030517578,146.5,584,
2020-10-21,140.25,147.0,140.0500030517578,145.5,2160,
2020-10-22,144.9499969482422,146.9499969482422,141.0,141.0,827,
2020-10-23,141.8000030517578,144.9499969482422,137.85000610351562,144.9499969482422,522,
2020-10-26,141.8000030517578,144.39999389648438,135.14999389648438,144.39999389648438,1706,
2020-10-27,135.9499969482422,142.0,134.8000030517578,139.14999389648438,661,
2020-10-28,133.39999389648438,139.39999389648438,132.10000610351562,132.14999389648438,1052,
2020-10-29,133.5,135.0,127.3499984741211,135.0,983,
2020-10-30,131.10000610351562,139.89999389648438,130.0,139.89999389648438,1245,
2020-11-02,131.39999389648438,131.39999389648438,131.39999389648438,131.39999389648438,1,
2020-11-03,132.39999389648438,137.8000030517578,132.35000610351562,137.8000030517578,679,
2020-11-04,137.4499969482422,137.6999969482422,132.39999389648438,133.10000610351562,222,
2020-11-05,137.4499969482422,141.9499969482422,137.4499969482422,137.4499969482422,2628,
2020-11-06,135.10000610351562,142.0,132.0500030517578,132.0500030517578,1563,
2020-11-09,137.9499969482422,141.35000610351562,132.0500030517578,135.14999389648438,318,
2020-11-10,137.39999389648438,143.8000030517578,131.10000610351562,132.0500030517578,4995,
2020-11-11,132.75,136.0500030517578,131.0,136.0500030517578,1304,
2020-11-12,133.4499969482422,138.0,126.5,126.5,2025,
2020-11-13,138.35000610351562,140.0,131.0,131.0,1725,
2020-11-14,138.85000610351562,139.8000030517578,134.1999969482422,134.1999969482422,161,
2020-11-17,139.89999389648438,144.1999969482422,135.0500030517578,138.8000030517578,1039,
2020-11-18,142.9499969482422,146.39999389648438,138.0,139.89999389648438,2629,
2020-11-19,140.85000610351562,147.0500030517578,140.0,142.5500030517578,2817,
2020-11-20,141.0500030517578,147.0,137.39999389648438,147.0,905,
2020-11-23,140.14999389648438,144.9499969482422,137.5500030517578,144.0,1245,
2020-11-24,141.5500030517578,145.9499969482422,137.0,142.9499969482422,6866,
2020-11-25,140.25,147.0,139.0,140.0,6641,
2020-11-26,137.60000610351562,142.75,135.0,139.25,2151,
2020-11-27,142.1999969482422,144.0,138.0,138.0,4646,
2020-12-01,143.35000610351562,144.0,140.9499969482422,140.9499969482422,1763,
2020-12-02,141.25,145.0,140.0,145.0,3131,
2020-12-03,142.35000610351562,144.5,138.8000030517578,139.25,3175,
2020-12-04,142.10000610351562,144.64999389648438,140.3000030517578,143.89999389648438,1299,
2020-12-07,156.0500030517578,156.3000030517578,144.5,144.5,16728,
2020-12-08,156.5,167.0,153.0500030517578,167.0,4401,
2020-12-09,153.25,156.85000610351562,150.0500030517578,150.0500030517578,2891,
2020-12-10,155.5500030517578,157.0,150.10000610351562,157.0,1987,
2020-12-11,154.5500030517578,157.5,151.0500030517578,157.39999389648438,2644,
2020-12-14,153.25,168.0,151.25,168.0,5597,
2020-12-15,152.5,157.0,151.0,155.5500030517578,3747,
2020-12-16,151.39999389648438,157.5,150.0,157.5,5883,
2020-12-17,150.0500030517578,153.89999389648438,150.0,153.0500030517578,2913,
2020-12-18,149.89999389648438,151.5,145.0,151.39999389648438,2227,
2020-12-21,143.35000610351562,149.5,137.0,142.5500030517578,8282,
2020-12-22,141.0,147.0,130.0,146.9499969482422,2994,
2020-12-23,143.14999389648438,147.0,139.89999389648438,145.5,2283,
2020-12-24,146.6999969482422,150.0,144.0,146.0,1801,
2020-12-28,149.8000030517578,152.3000030517578,145.4499969482422,145.4499969482422,1754,
2020-12-29,149.10000610351562,152.0,147.0,151.0,3728,
2020-12-30,148.4499969482422,149.9499969482422,146.0500030517578,149.10000610351562,2212,
2020-12-31,148.1999969482422,156.39999389648438,145.6999969482422,150.5500030517578,4150,
2021-01-01,151.4499969482422,152.0,143.5500030517578,149.5,5474,
2021-01-04,150.85000610351562,154.4499969482422,148.0500030517578,154.0,6671,
2021-01-05,152.6999969482422,157.5,147.1999969482422,148.0,12313,
2021-01-06,152.25,156.3000030517578,149.6999969482422,153.9499969482422,4179,
2021-01-07,154.39999389648438,157.5,150.4499969482422,150.4499969482422,39086,
2021-01-08,156.35000610351562,157.5,152.9499969482422,155.3000030517578,36019,
2021-01-11,153.8000030517578,159.3000030517578,151.0,159.3000030517578,7392,
2021-01-12,153.25,156.64999389648438,151.5,153.8000030517578,4962,
2021-01-13,150.35000610351562,156.0,148.0,156.0,8272,
2021-01-14,149.64999389648438,154.0500030517578,148.0,151.4499969482422,4061,
2021-01-15,149.3000030517578,154.0,137.0,154.0,5227,
2021-01-18,145.5500030517578,151.0,145.0,149.3000030517578,1213,
2021-01-19,147.4499969482422,149.64999389648438,143.35000610351562,146.5500030517578,3751,
2021-01-20,136.75,149.0,132.75,149.0,2221,
2021-01-21,145.6999969482422,149.89999389648438,141.5500030517578,141.60000610351562,17068,
2021-01-22,142.5,145.6999969482422,142.5,145.6999969482422,4655,
2021-01-25,136.0500030517578,147.35000610351562,135.0500030517578,137.10000610351562,3200,
2021-01-27,138.0500030517578,141.0,137.10000610351562,139.25,2766,
2021-01-28,139.89999389648438,144.25,135.25,135.64999389648438,2400,
2021-01-29,138.5,143.0,132.35000610351562,143.0,1358,
2021-02-01,139.8000030517578,144.85000610351562,135.0,144.5,2395,
2021-02-02,138.8000030517578,144.35000610351562,134.5,143.1999969482422,4137,
2021-02-03,139.0,139.39999389648438,137.5,138.89999389648438,1395,
2021-02-04,139.14999389648438,143.89999389648438,137.0,143.89999389648438,7474,
2021-02-05,166.9499969482422,166.9499969482422,144.60000610351562,144.60000610351562,163645,
2021-02-08,163.9499969482422,176.39999389648438,160.8000030517578,170.0,67467,
2021-02-09,164.1999969482422,175.0,159.5500030517578,167.0,16329,
2021-02-10,160.4499969482422,164.5500030517578,157.1999969482422,161.0,5447,
2021-02-11,168.10000610351562,171.75,160.5500030517578,161.4499969482422,9529,
2021-02-12,165.8000030517578,171.0,160.0,170.8000030517578,25730,
2021-02-15,158.60000610351562,182.0,156.0,156.0,12636,
2021-02-16,156.0,163.0,155.0,163.0,3587,
2021-02-17,155.10000610351562,158.5500030517578,155.0,158.5500030517578,5452,
2021-02-18,155.0,158.3000030517578,155.0,155.0,3069,
2021-02-19,155.0500030517578,156.39999389648438,155.0,155.39999389648438,3921,
2021-02-22,145.25,156.85000610351562,143.0,156.85000610351562,6701,
2021-02-23,147.6999969482422,149.64999389648438,145.0,146.0,4350,
2021-02-24,152.6999969482422,155.0,147.0,152.0500030517578,1764,
2021-02-25,149.39999389648438,155.6999969482422,146.64999389648438,155.60000610351562,8203,
2021-02-26,151.10000610351562,154.0,147.39999389648438,150.10000610351562,1423,
2021-03-01,147.75,153.75,147.0,153.75,6498,
2021-03-02,152.6999969482422,157.64999389648438,148.10000610351562,148.10000610351562,9437,
2021-03-03,150.39999389648438,153.3000030517578,149.35000610351562,152.89999389648438,3477,
2021-03-04,151.1999969482422,152.85000610351562,150.35000610351562,151.85000610351562,5701,
2021-03-05,149.75,152.5500030517578,149.35000610351562,151.1999969482422,2836,
2021-03-08,149.5500030517578,152.60000610351562,146.5500030517578,152.60000610351562,3179,
2021-03-09,146.64999389648438,153.5500030517578,146.0,150.5500030517578,2280,
2021-03-10,146.75,152.10000610351562,146.25,149.8000030517578,4360,
2021-03-12,148.35000610351562,149.6999969482422,147.6999969482422,149.64999389648438,614,
2021-03-15,149.75,149.89999389648438,146.0,146.0500030517578,7253,
2021-03-16,151.0,153.3000030517578,149.9499969482422,152.0,18273,
2021-03-17,148.6999969482422,153.25,148.0,153.25,2458,
2021-03-18,147.0,149.39999389648438,146.0,148.3000030517578,2825,
2021-03-19,149.60000610351562,153.3000030517578,145.0,151.5,4985,
2021-03-22,159.35000610351562,164.6999969482422,152.0,156.85000610351562,39957,
2021-03-23,163.0,168.5500030517578,162.0,163.8000030517578,15550,
2021-03-24,159.0,166.9499969482422,156.25,163.39999389648438,14583,
2021-03-25,155.39999389648438,162.64999389648438,152.5500030517578,159.0,5700,
2021-03-26,156.25,164.0500030517578,155.75,155.8000030517578,7970,
2021-03-30,168.10000610351562,168.5,159.60000610351562,159.9499969482422,29292,
2021-03-31,169.9499969482422,174.3000030517578,163.0,169.0,340431,
2021-04-01,188.5500030517578,198.6999969482422,170.0,170.0,96744,
2021-04-05,214.0,219.8000030517578,180.8000030517578,193.75,208376,
2021-04-06,225.25,249.0,215.9499969482422,216.0,192900,
2021-04-07,232.1000061035156,242.0,227.0,230.0500030517578,62751,
2021-04-08,223.3000030517578,237.9499969482422,217.6999969482422,234.6999969482422,34579,
2021-04-09,220.3500061035156,230.8999938964844,216.0,224.0,20218,
2021-04-12,200.4499969482422,219.0,200.0,219.0,25605,
2021-04-13,201.6499938964844,212.9499969482422,200.0,201.0500030517578,6895,
2021-04-15,197.5,206.25,195.5500030517578,200.0,7074,
2021-04-16,197.25,205.9499969482422,194.0,201.9499969482422,5649,
2021-04-19,186.8999938964844,200.8500061035156,186.0,194.0,13712,
2021-04-20,194.1000061035156,199.75,190.9499969482422,191.75,7399,
2021-04-22,200.5,207.0,195.3000030517578,207.0,5680,
2021-04-23,193.9499969482422,203.6000061035156,192.8999938964844,201.0500030517578,5122,
2021-04-26,190.6499938964844,203.6000061035156,180.0,199.0500030517578,5282,
2021-04-27,193.3500061035156,200.0,185.0,200.0,1637,
2021-04-28,195.0,200.0,185.0,200.0,1633,
2021-04-29,192.1499938964844,200.0500030517578,190.0,198.8999938964844,1982,
2021-04-30,197.8000030517578,199.0,182.5500030517578,192.0,5711,
2021-05-03,192.3999938964844,199.0,190.0,190.0,1982,
2021-05-04,194.6999969482422,198.0,192.0500030517578,195.0500030517578,1422,
2021-05-05,195.75,198.0,193.0,193.0,2336,
2021-05-06,195.5,199.0,190.0,195.75,1733,
2021-05-07,205.0500030517578,205.25,198.3000030517578,198.3999938964844,11675,
2021-05-10,209.1000061035156,215.1999969482422,198.0,208.0,17753,
2021-05-11,204.3000030517578,213.8999938964844,199.0500030517578,213.8999938964844,3980,
2021-05-12,205.1999969482422,209.8999938964844,200.75,204.9499969482422,2783,
2021-05-14,207.1999969482422,210.0,200.75,205.1999969482422,3988,
2021-05-17,203.1999969482422,209.9499969482422,200.1499938964844,209.9499969482422,2628,
2021-05-18,204.6999969482422,207.5,202.0500030517578,207.5,1119,
2021-05-19,206.25,208.75,201.0500030517578,203.0,3183,
2021-05-20,207.5500030517578,208.5,200.1499938964844,206.0,2848,
2021-05-21,203.0,208.9499969482422,201.0,208.9499969482422,4385,
2021-05-24,209.3500061035156,210.0,201.0,203.0,9554,
2021-05-25,207.0,209.8999938964844,203.0,209.3000030517578,2077,
2021-05-26,210.4499969482422,213.0,206.0500030517578,213.0,4330,
2021-05-27,211.5500030517578,213.0,205.0,205.0,1738,
2021-05-28,216.6499938964844,221.0,214.5,218.0,8413,
2021-05-31,218.5,223.8999938964844,210.1000061035156,216.0,3356,
2021-06-01,212.8999938964844,219.0,208.0500030517578,208.0500030517578,3274,
2021-06-02,214.1499938964844,216.8000030517578,209.0,216.8000030517578,2140,
2021-06-03,214.3999938964844,218.0,208.9499969482422,214.1499938964844,5519,
2021-06-04,215.0,216.1499938964844,209.0,213.0,4109,
2021-06-07,217.25,222.0,208.0,208.0,5009,
2021-06-08,218.1000061035156,220.0,210.0500030517578,220.0,2865,
2021-06-09,221.3500061035156,225.0,216.0,218.1000061035156,8625,
2021-06-10,224.0,229.75,220.0,221.3500061035156,7892,
2021-06-11,231.75,232.0,224.0,229.0,13118,
2021-06-14,243.3000030517578,243.3000030517578,229.0,231.75,16249,
2021-06-15,254.6999969482422,255.4499969482422,238.3000030517578,243.3000030517578,16826,
2021-06-16,251.6000061035156,264.8999938964844,250.0,264.0,21827,
2021-06-17,245.0,255.0,240.1999969482422,255.0,3996,
2021-06-18,241.3999938964844,245.0,232.75,244.0,8088,
2021-06-21,231.25,243.0,229.3500061035156,243.0,8114,
2021-06-22,242.8000030517578,242.8000030517578,233.5,233.5,18014,
2021-06-23,253.5,254.8999938964844,243.1999969482422,243.1999969482422,16750,
2021-06-24,246.8999938964844,260.0,246.0,260.0,2338,
2021-06-25,249.6000061035156,252.0,244.0,246.8000030517578,2865,
2021-06-28,249.6499938964844,255.0,247.1000061035156,251.0,2784,
2021-06-29,247.0,262.1000061035156,241.1499938964844,248.0,5538,
2021-06-30,250.5,257.8999938964844,241.1000061035156,257.8999938964844,8663,
2021-07-01,244.3500061035156,254.0,241.0,251.5,2877,
2021-07-02,249.6499938964844,252.0,241.1000061035156,242.0,1696,
2021-07-05,253.6999969482422,254.9499969482422,242.1999969482422,254.9499969482422,3838,
2021-07-06,248.3500061035156,256.0,245.1000061035156,245.1000061035156,3125,
2021-07-07,249.1499938964844,257.0,248.0500030517578,256.0,2117,
2021-07-08,247.0,252.0,246.6000061035156,246.6000061035156,1357,
2021-07-09,249.0,252.0,246.8999938964844,246.8999938964844,1492,
2021-07-12,246.8999938964844,252.0,244.3999938964844,252.0,1392,
2021-07-13,246.0500030517578,246.8999938964844,242.25,246.8999938964844,702,
2021-07-14,248.9499969482422,251.8000030517578,242.3000030517578,242.3000030517578,854,
2021-07-15,244.3500061035156,252.0,242.0,252.0,1623,
2021-07-16,244.9499969482422,249.8000030517578,242.1000061035156,242.1000061035156,1745,
2021-07-19,243.1000061035156,249.8500061035156,240.0,245.0,1354,
2021-07-20,236.3500061035156,249.8000030517578,235.0,249.8000030517578,3611,
2021-07-22,236.3999938964844,244.9499969482422,233.25,236.3999938964844,1459,
2021-07-23,235.1000061035156,241.6999969482422,232.0500030517578,236.0500030517578,3877,
2021-07-26,227.8500061035156,236.3500061035156,226.9499969482422,232.5,4783,
2021-07-27,226.9499969482422,230.0,222.9499969482422,222.9499969482422,2277,
2021-07-28,228.3500061035156,238.25,223.9499969482422,226.3999938964844,14406,
2021-07-29,229.9499969482422,235.75,228.0,229.75,2137,
2021-07-30,230.5,235.0,225.0,235.0,3259,
2021-08-02,224.3000030517578,235.3000030517578,223.1000061035156,235.3000030517578,5586,
2021-08-03,218.9499969482422,231.0,217.6999969482422,231.0,9934,
2021-08-04,220.6499938964844,229.8000030517578,220.0,229.8000030517578,1861,
2021-08-05,231.6499938964844,231.6499938964844,216.1999969482422,218.4499969482422,16054,
2021-08-06,229.75,246.6000061035156,222.5,246.6000061035156,6182,
2021-08-09,228.0500030517578,234.0,219.5,229.75,11400,
2021-08-10,220.8500061035156,239.0,219.0,239.0,6008,
2021-08-11,212.1999969482422,230.8000030517578,207.0,222.9499969482422,11506,
2021-08-12,227.3999938964844,232.8999938964844,216.0,216.1000061035156,5801,
2021-08-13,224.4499969482422,231.0500030517578,221.0,231.0500030517578,1870,
2021-08-16,220.3000030517578,227.4499969482422,218.1000061035156,227.4499969482422,2431,
2021-08-17,216.3999938964844,228.1000061035156,212.0,228.1000061035156,3043,
2021-08-18,208.8000030517578,224.1499938964844,207.3999938964844,220.0,2964,
2021-08-20,207.1999969482422,211.25,201.0,201.0,4640,
2021-08-23,203.0,215.1000061035156,198.0,210.0,5975,
2021-08-24,203.8999938964844,214.0,202.5500030517578,203.5500030517578,2444,
2021-08-25,207.75,219.0,205.4499969482422,219.0,1892,
2021-08-26,203.5500030517578,211.1499938964844,201.6999969482422,207.8500061035156,1293,
2021-08-27,210.75,214.0,202.0,214.0,1847,
2021-08-30,210.8500061035156,212.1000061035156,207.0,210.6000061035156,1040,
2021-08-31,212.0,212.1999969482422,210.0,210.8999938964844,1053,
2021-09-01,209.8000030517578,224.0,208.0,224.0,3779,
2021-09-02,216.4499969482422,221.0,208.1000061035156,217.8999938964844,2066,
2021-09-03,215.6000061035156,219.0,214.0,216.0,4577,
2021-09-06,215.3999938964844,217.8500061035156,214.3000030517578,215.0,1673,
2021-09-07,211.75,216.1000061035156,210.0,214.5500030517578,1231,
2021-09-08,210.25,214.3999938964844,208.0,211.25,1284,
2021-09-09,211.9499969482422,214.8000030517578,209.1000061035156,209.1000061035156,1011,
2021-09-13,213.6000061035156,214.8999938964844,210.0,210.0,1666,
2021-09-14,212.6000061035156,220.0,210.0500030517578,220.0,1777,
2021-09-15,213.0500030517578,224.0,210.3999938964844,218.0,2846,
2021-09-16,210.1499938964844,217.6999969482422,208.8000030517578,217.6999969482422,4474,
2021-09-17,210.25,214.1000061035156,207.3500061035156,207.3500061035156,1500,
2021-09-20,206.5,210.4499969482422,206.0500030517578,206.0500030517578,3370,
2021-09-21,189.3999938964844,207.0,185.8500061035156,206.5,49720,
2021-09-22,208.3000030517578,208.3000030517578,195.9499969482422,195.9499969482422,32193,
2021-09-23,229.1000061035156,229.1000061035156,216.8999938964844,218.0,32574,
2021-09-24,221.3000030517578,244.9499969482422,211.1000061035156,237.0,53954,
2021-09-27,215.8000030517578,227.0,212.4499969482422,227.0,3748,
2021-09-28,220.75,225.0,213.0,213.0,4863,
2021-09-29,218.0,224.4499969482422,216.3999938964844,216.3999938964844,6572,
2021-09-30,223.0,228.25,210.3000030517578,216.25,15182,
2021-10-01,222.0500030517578,228.0,218.6999969482422,228.0,5660,
2021-10-04,233.3000030517578,244.0,220.1000061035156,220.6000061035156,39428,
2021-10-05,229.1999969482422,242.1499938964844,223.1000061035156,235.0,8602,
2021-10-06,228.8500061035156,235.0,226.4499969482422,233.9499969482422,3580,
2021-10-07,229.3500061035156,239.8500061035156,225.0,229.0,4779,
2021-10-08,226.8000030517578,233.75,225.25,233.0,4033,
2021-10-11,223.3500061035156,230.0,221.8000030517578,230.0,1876,
2021-10-12,225.4499969482422,237.9499969482422,221.0,221.0,3901,
2021-10-13,226.75,230.8000030517578,221.25,221.25,6069,
2021-10-14,224.6999969482422,230.25,224.0,229.8999938964844,2196,
2021-10-18,225.75,228.9499969482422,224.6999969482422,225.0,2958,
2021-10-19,222.3000030517578,228.8000030517578,220.1000061035156,225.75,4270,
2021-10-20,215.9499969482422,228.6000061035156,212.1000061035156,220.0,6131,
2021-10-21,216.0,223.8999938964844,215.0,223.8999938964844,903,
2021-10-22,213.9499969482422,220.4499969482422,212.75,212.8500061035156,3078,
2021-10-25,206.6499938964844,212.0,205.0,212.0,2543,
2021-10-26,211.6499938964844,220.0,207.0,220.0,2457,
2021-10-27,208.8999938964844,215.8500061035156,205.6999969482422,215.8500061035156,3723,
2021-10-28,206.25,210.75,202.1999969482422,208.25,5044,
2021-10-29,205.1999969482422,209.8999938964844,201.1000061035156,206.1499938964844,1300,
2021-11-01,205.3000030517578,209.1499938964844,202.8999938964844,202.8999938964844,3334,
2021-11-02,200.0500030517578,207.5,193.25,205.9499969482422,5019,
2021-11-03,203.3999938964844,209.4499969482422,202.0,202.3000030517578,3748,
2021-11-04,200.6000061035156,205.0,196.0,203.0,2130,
2021-11-08,200.6499938964844,205.0,198.0500030517578,204.9499969482422,5378,
2021-11-09,199.1999969482422,201.8500061035156,197.0,200.6999969482422,5083,
2021-11-10,199.8500061035156,201.1499938964844,195.0,195.0,1329,
2021-11-11,198.5500030517578,204.5,195.8500061035156,200.75,4008,
2021-11-12,203.0,208.6000061035156,201.0500030517578,208.6000061035156,6916,
2021-11-15,208.6499938964844,225.0,205.0,215.0,21744,
2021-11-16,209.9499969482422,212.8500061035156,209.0,212.8500061035156,5213,
2021-11-17,205.8000030517578,212.5,203.6000061035156,208.6999969482422,4019,
2021-11-18,198.0,214.75,196.75,214.75,6966,
2021-11-22,196.5,208.75,190.0,193.1000061035156,6632,
2021-11-23,201.4499969482422,205.0,185.0,185.0,2308,
2021-11-24,206.1000061035156,208.75,200.6000061035156,203.5,3206,
2021-11-25,218.9499969482422,222.6000061035156,199.8999938964844,208.8500061035156,21674,
2021-11-26,217.4499969482422,220.0,213.0500030517578,219.0500030517578,10484,
2021-11-29,217.4499969482422,235.0,203.0,203.0,9953,
2021-11-30,221.3999938964844,223.8000030517578,216.5,218.8999938964844,7638,
2021-12-01,239.6000061035156,255.0,218.1999969482422,221.0,203750,
2021-12-02,229.25,245.0500030517578,223.5,245.0500030517578,28737,
2021-12-03,227.3500061035156,234.75,225.0,230.0,7767,
2021-12-06,227.1999969482422,234.6999969482422,223.5500030517578,228.0,6118,
2021-12-07,229.1499938964844,231.0,223.0500030517578,231.0,4660,
2021-12-08,231.5,241.9499969482422,225.0,225.5500030517578,19826,
2021-12-09,230.1999969482422,239.9499969482422,230.0,231.8999938964844,6156,
2021-12-10,230.0,234.3000030517578,228.9499969482422,232.0,3462,
2021-12-13,233.0500030517578,235.6999969482422,230.0500030517578,232.0,6747,
2021-12-14,278.95001220703125,279.6499938964844,230.0,233.0500030517578,240343,
2021-12-15,314.75,327.0,280.29998779296875,286.0,738990,
2021-12-16,269.70001220703125,329.70001220703125,264.0,329.70001220703125,213527,
2021-12-17,279.1499938964844,323.6000061035156,272.04998779296875,274.95001220703125,681742,
2021-12-20,260.5,273.79998779296875,253.3000030517578,273.79998779296875,77400,
2021-12-21,267.8500061035156,278.95001220703125,261.0,261.0,62416,
2021-12-22,267.6499938964844,277.70001220703125,266.6499938964844,267.0,26925,
2021-12-23,280.20001220703125,304.0,271.0,271.0,108845,
2021-12-24,284.79998779296875,304.8999938964844,278.0,284.79998779296875,30801,
2021-12-27,281.54998779296875,295.0,277.0,295.0,20639,
2021-12-28,334.6499938964844,337.8500061035156,273.70001220703125,282.5,456001,
2021-12-29,336.3999938964844,384.0,323.0,327.6499938964844,568297,
2021-12-30,340.95001220703125,357.79998779296875,337.0,339.70001220703125,112484,
2021-12-31,335.79998779296875,356.0,331.6000061035156,343.0,59449,
2022-01-03,318.25,335.0,307.3999938964844,335.0,64606,
2022-01-04,337.54998779296875,341.8999938964844,318.0,321.8999938964844,79912,
2022-01-05,323.75,337.54998779296875,320.6499938964844,337.54998779296875,22977,
2022-01-06,320.29998779296875,335.0,315.0,323.79998779296875,30257,
2022-01-07,325.25,331.95001220703125,317.20001220703125,317.20001220703125,31383,
2022-01-10,328.25,340.5,323.8999938964844,326.75,26456,
2022-01-11,319.75,336.0,316.5,332.0,17560,
2022-01-12,314.0,323.75,312.3500061035156,320.79998779296875,12564,
2022-01-13,320.6000061035156,325.1000061035156,305.0,305.0,34387,
2022-01-14,330.6499938964844,338.0,316.04998779296875,318.8500061035156,36610,
2022-01-17,333.6499938964844,336.5,324.04998779296875,328.8999938964844,27261,
2022-01-18,317.70001220703125,337.70001220703125,303.6499938964844,337.3999938964844,18765,
2022-01-19,313.54998779296875,317.70001220703125,311.20001220703125,317.70001220703125,6851,
2022-01-20,313.95001220703125,319.25,313.0,317.0,4435,
2022-01-21,296.75,314.0,291.1000061035156,314.0,16862,
2022-01-24,270.8999938964844,299.70001220703125,258.20001220703125,297.8500061035156,12281,
2022-01-25,304.25,325.04998779296875,265.5,265.5,155156,
2022-01-27,286.3500061035156,304.0,283.54998779296875,302.0,23903,
2022-01-28,300.5,321.8999938964844,289.95001220703125,294.0,82296,
2022-01-31,303.75,315.70001220703125,301.6499938964844,308.8999938964844,11855,
2022-02-01,294.04998779296875,312.0,291.1499938964844,308.45001220703125,18472,
2022-02-02,294.79998779296875,305.0,293.0,294.04998779296875,14961,
2022-02-03,295.29998779296875,298.70001220703125,287.04998779296875,297.25,13060,
2022-02-04,294.8999938964844,303.0,293.0,303.0,12935,
2022-02-07,291.8500061035156,304.1499938964844,289.20001220703125,300.95001220703125,9263,
2022-02-08,284.3500061035156,296.95001220703125,281.04998779296875,296.70001220703125,9706,
2022-02-09,286.54998779296875,294.70001220703125,284.0,294.70001220703125,6615,
2022-02-10,291.1499938964844,299.0,287.04998779296875,290.3999938964844,8035,
2022-02-11,282.79998779296875,292.0,261.20001220703125,283.0,14855,
2022-02-14,265.95001220703125,278.0,262.20001220703125,277.8999938964844,26701,
2022-02-15,264.20001220703125,268.5,254.9499969482422,262.04998779296875,15026,
2022-02-16,268.75,287.95001220703125,262.6499938964844,272.8999938964844,17805,
2022-02-17,264.3500061035156,278.95001220703125,261.79998779296875,278.95001220703125,9322,
2022-02-18,261.6000061035156,269.95001220703125,259.25,261.25,12009,
2022-02-21,264.29998779296875,267.25,257.0,258.0,12323,
2022-02-22,252.5500030517578,267.1000061035156,248.8999938964844,255.0,10217,
2022-02-23,268.6000061035156,271.54998779296875,252.5,257.0,24731,
2022-02-24,238.1499938964844,260.0,233.75,260.0,16263,
2022-02-25,248.3999938964844,257.8999938964844,243.5,248.0500030517578,16899,
2022-02-28,273.8500061035156,295.95001220703125,242.5500030517578,250.0,38605,
2022-03-02,277.6499938964844,286.79998779296875,262.6499938964844,273.8500061035156,20624,
2022-03-03,277.3500061035156,285.54998779296875,276.1000061035156,285.54998779296875,3325,
2022-03-04,269.0,273.54998779296875,266.20001220703125,273.1000061035156,2912,
2022-03-07,260.1000061035156,272.0,245.0,268.8999938964844,88435,
2022-03-08,265.75,274.0,261.6499938964844,265.8500061035156,75231,
2022-03-09,266.5,273.0,263.79998779296875,273.0,52885,
2022-03-10,279.3500061035156,294.8999938964844,270.95001220703125,272.79998779296875,79958,
2022-03-11,288.54998779296875,294.5,279.3500061035156,279.3500061035156,25128,
2022-03-14,285.70001220703125,294.95001220703125,285.0,289.95001220703125,9452,
2022-03-15,277.6499938964844,293.0,275.79998779296875,289.0,12693,
2022-03-16,279.29998779296875,291.95001220703125,275.0,280.29998779296875,6657,
2022-03-17,281.79998779296875,287.8500061035156,279.5,286.8999938964844,11209,
2022-03-21,272.79998779296875,291.0,271.0,291.0,8945,
2022-03-22,273.75,279.8500061035156,272.0,277.04998779296875,2125,
2022-03-23,271.70001220703125,279.0,267.95001220703125,272.1499938964844,9247,
2022-03-24,268.3999938964844,275.0,265.0,273.0,2770,
2022-03-25,260.79998779296875,278.95001220703125,253.3500061035156,274.54998779296875,15785,
2022-03-28,260.8999938964844,267.8999938964844,258.0,266.70001220703125,13164,
2022-03-29,247.1499938964844,273.95001220703125,240.1000061035156,267.04998779296875,16236,
2022-03-30,251.5,262.45001220703125,249.0,249.5,17683,
2022-03-31,250.3999938964844,258.0,249.9499969482422,256.5,5887,
2022-04-01,261.8500061035156,264.45001220703125,251.25,259.79998779296875,10052,
2022-04-04,271.79998779296875,275.0,263.5,263.6499938964844,5979,
2022-04-05,272.20001220703125,276.25,270.6499938964844,271.1499938964844,3423,
2022-04-06,269.54998779296875,275.5,268.5,275.04998779296875,7095,
2022-04-07,271.75,274.95001220703125,267.75,274.95001220703125,7422,
2022-04-08,282.6499938964844,285.0,271.1499938964844,282.95001220703125,12396,
2022-04-11,284.29998779296875,290.0,281.8999938964844,290.0,5556,
2022-04-12,278.54998779296875,285.95001220703125,277.20001220703125,281.45001220703125,3573,
2022-04-13,282.79998779296875,285.0,270.5,270.5,10161,
2022-04-18,280.79998779296875,290.0,270.1499938964844,290.0,4150,
2022-04-19,270.6499938964844,287.0,260.3500061035156,287.0,12944,
2022-04-20,271.29998779296875,275.70001220703125,270.0,274.29998779296875,3704,
2022-04-21,276.54998779296875,280.0,272.6499938964844,273.6000061035156,2803,
2022-04-22,276.1000061035156,280.0,271.75,279.0,1538,
2022-04-25,263.1000061035156,279.04998779296875,261.29998779296875,277.04998779296875,2912,
2022-04-26,283.6499938964844,290.0,263.5,269.04998779296875,14361,
2022-04-27,279.20001220703125,288.6499938964844,278.6000061035156,288.6499938964844,5789,
2022-04-28,282.04998779296875,284.0,279.8999938964844,279.8999938964844,4163,
2022-04-29,276.04998779296875,287.70001220703125,275.8999938964844,287.70001220703125,2437,
2022-05-02,271.8999938964844,286.5,268.0,286.5,2613,
2022-05-04,267.5,288.0,265.0,288.0,3095,
2022-05-05,252.8999938964844,273.54998779296875,250.0,273.54998779296875,11115,
2022-05-06,242.8500061035156,252.9499969482422,238.5,252.9499969482422,6385,
2022-05-09,234.25,243.9499969482422,230.3000030517578,236.8999938964844,4455,
2022-05-10,233.1999969482422,237.9499969482422,230.0,235.1999969482422,3187,
2022-05-11,222.1999969482422,234.25,212.0,231.0,4289,
2022-05-12,177.8000030517578,229.9499969482422,177.8000030517578,229.9499969482422,106820,
2022-05-13,175.0,189.9499969482422,170.10000610351562,188.0,39604,
2022-05-16,174.35000610351562,179.4499969482422,171.0,179.4499969482422,8702,
2022-05-17,177.10000610351562,178.8000030517578,170.0500030517578,170.0500030517578,14677,
2022-05-18,174.5,183.9499969482422,173.0,177.10000610351562,17703,
2022-05-19,171.1999969482422,172.85000610351562,166.0,170.0,6895,
2022-05-20,172.9499969482422,177.14999389648438,171.0500030517578,177.14999389648438,22041,
2022-05-23,174.60000610351562,175.0500030517578,169.9499969482422,174.0,45908,
2022-05-24,169.39999389648438,175.64999389648438,167.8000030517578,174.60000610351562,5094,
2022-05-25,162.4499969482422,173.5,161.0500030517578,172.6999969482422,7572,
2022-05-26,160.75,167.0,157.0,167.0,312995,
2022-05-27,165.0,167.0,163.39999389648438,166.6999969482422,4313,
2022-05-30,172.89999389648438,174.64999389648438,166.60000610351562,174.64999389648438,8440,
2022-05-31,183.3500061035156,190.1499938964844,166.60000610351562,177.75,30542,
2022-06-01,180.5,190.1499938964844,177.8000030517578,188.6499938964844,16884,
2022-06-02,177.60000610351562,181.8500061035156,174.0,181.8500061035156,7759,
2022-06-03,180.1999969482422,184.0500030517578,178.0,182.9499969482422,8178,
2022-06-06,182.75,183.25,178.5,178.5,4791,
2022-06-07,169.35000610351562,182.1999969482422,165.5,180.0,12479,
2022-06-08,168.0,172.64999389648438,166.64999389648438,172.64999389648438,5359,
2022-06-09,166.75,170.8000030517578,164.0500030517578,169.75,6643,
2022-06-10,164.0,166.0500030517578,162.14999389648438,166.0500030517578,3689,
2022-06-13,159.5500030517578,163.0,158.64999389648438,163.0,3834,
2022-06-14,158.85000610351562,163.3000030517578,156.0500030517578,162.5,4019,
2022-06-15,161.75,167.0,159.9499969482422,167.0,3270,
2022-06-16,156.3000030517578,164.4499969482422,154.0500030517578,163.0500030517578,1811,
2022-06-17,159.4499969482422,161.39999389648438,153.35000610351562,160.0,2114,
2022-06-20,151.9499969482422,159.4499969482422,151.5,159.4499969482422,943,
2022-06-21,159.6999969482422,162.0,153.10000610351562,157.14999389648438,3340,
2022-06-22,156.60000610351562,159.6999969482422,154.89999389648438,159.6999969482422,456,
2022-06-23,165.6999969482422,169.60000610351562,155.5,156.60000610351562,7275,
2022-06-24,164.9499969482422,169.35000610351562,161.1999969482422,165.4499969482422,2219,
2022-06-27,166.9499969482422,167.89999389648438,162.9499969482422,164.9499969482422,3178,
2022-06-28,164.0500030517578,166.5,158.0,165.60000610351562,3397,
2022-06-29,161.0,166.25,158.9499969482422,164.1999969482422,1575,
2022-06-30,163.89999389648438,168.4499969482422,161.5500030517578,162.60000610351562,4005,
2022-07-01,160.14999389648438,162.75,156.0500030517578,162.5,3875,
2022-07-04,164.5,165.75,160.35000610351562,165.75,4409,
2022-07-05,172.9499969482422,180.9499969482422,165.1999969482422,165.60000610351562,8907,
2022-07-06,164.64999389648438,178.3000030517578,157.35000610351562,176.89999389648438,20128,
2022-07-07,164.25,167.9499969482422,162.0,165.64999389648438,2162,
2022-07-08,165.3000030517578,176.9499969482422,162.35000610351562,171.0,3596,
2022-07-11,168.85000610351562,169.5,163.75,165.0,2906,
2022-07-12,168.89999389648438,170.89999389648438,165.0,169.25,4267,
2022-07-13,171.6999969482422,174.64999389648438,168.10000610351562,169.0500030517578,4970,
2022-07-14,171.64999389648438,174.10000610351562,170.0,172.75,4444,
2022-07-15,184.75,188.0,175.89999389648438,176.60000610351562,23968,
2022-07-18,203.1999969482422,203.1999969482422,186.0500030517578,189.6499938964844,16259,
2022-07-19,223.5,223.5,210.0500030517578,213.8999938964844,28067,
2022-07-20,212.75,220.0,212.3500061035156,220.0,43282,
2022-07-21,223.0500030517578,223.3500061035156,207.0,212.75,15825,
2022-07-22,217.8999938964844,226.6499938964844,213.6999969482422,226.6499938964844,10001,
2022-07-25,215.1999969482422,220.0,211.0,211.0,2549,
2022-07-26,207.3500061035156,216.1499938964844,205.3000030517578,215.8000030517578,2326,
2022-07-27,209.5500030517578,212.1499938964844,203.5500030517578,205.8999938964844,2780,
2022-07-28,213.6000061035156,220.0,200.0500030517578,201.0,6746,
2022-07-29,219.1999969482422,224.0,212.0,220.0,5146,
2022-08-01,217.9499969482422,223.6499938964844,217.0,220.0,1332,
2022-08-02,211.5500030517578,225.0,207.1000061035156,225.0,5833,
2022-08-03,205.6499938964844,211.0,201.5,211.0,3418,
2022-08-04,201.0,206.8999938964844,200.0,206.8999938964844,2212,
2022-08-05,203.3000030517578,203.6999969482422,192.1000061035156,192.1000061035156,3544,
2022-08-08,197.6000061035156,203.3000030517578,196.1000061035156,203.3000030517578,1024,
2022-08-10,199.75,204.4499969482422,194.0,198.0,1965,
2022-08-11,201.3500061035156,205.0,197.0,204.8999938964844,3504,
2022-08-12,211.3999938964844,211.3999938964844,211.3999938964844,211.3999938964844,4141,
2022-08-16,201.9499969482422,210.0500030517578,200.8500061035156,209.9499969482422,5458,
2022-08-17,202.0,211.3999938964844,197.0,197.0,1554,
2022-08-18,204.8999938964844,205.0,198.0,198.0,1413,
2022-08-19,201.8500061035156,207.0,200.0,204.8999938964844,1670,
2022-08-22,200.0,206.0,193.8500061035156,206.0,885,
2022-08-23,197.3000030517578,202.8000030517578,192.3500061035156,192.3500061035156,657,
2022-08-24,197.1499938964844,204.9499969482422,196.0,202.0,2362,
2022-08-25,197.5500030517578,204.8999938964844,197.0,204.8999938964844,2913,
2022-08-26,198.0,199.75,194.9499969482422,194.9499969482422,2333,
2022-08-29,197.0,198.0,196.0,197.0,2275,
2022-08-30,196.75,204.0,192.6000061035156,199.0,2669,
2022-09-01,198.3000030517578,202.4499969482422,195.0,202.4499969482422,4347,
2022-09-02,194.25,198.0,190.25,196.0,6549,
2022-09-05,197.9499969482422,202.0,193.25,196.0,15973,
2022-09-06,196.8999938964844,199.0,194.1000061035156,199.0,1863,
2022-09-07,198.4499969482422,199.0,195.0,195.0,5436,
2022-09-08,202.1499938964844,204.8500061035156,195.1999969482422,198.0,4126,
2022-09-09,200.0,206.0,199.8000030517578,204.9499969482422,4393,
2022-09-12,199.3500061035156,208.0,192.1499938964844,205.0,8066,
2022-09-13,200.6499938964844,204.9499969482422,193.1000061035156,204.9499969482422,6740,
2022-09-14,197.4499969482422,200.9499969482422,193.5,193.5,2186,
2022-09-15,207.3000030517578,207.3000030517578,198.3000030517578,201.9499969482422,12502,
2022-09-16,199.8500061035156,213.8000030517578,197.25,207.3000030517578,10402,
2022-09-19,207.0500030517578,208.3999938964844,195.0,203.8500061035156,10314,
2022-09-20,204.6999969482422,216.0,204.5,210.1999969482422,8073,
2022-09-21,203.0500030517578,211.9499969482422,201.6499938964844,206.3999938964844,6751,
2022-09-22,201.6499938964844,206.3000030517578,201.0,206.0,3843,
2022-09-23,201.6499938964844,205.0,197.5,199.8500061035156,7865,
2022-09-26,201.6000061035156,203.0,198.5,201.0500030517578,9590,
2022-09-27,199.6000061035156,205.75,196.1499938964844,203.0,3938,
2022-09-28,207.0,209.5500030517578,195.1999969482422,201.8999938964844,15417,
2022-09-29,215.25,217.3500061035156,205.1000061035156,212.9499969482422,22339,
2022-09-30,226.0,226.0,210.1499938964844,218.9499969482422,50037,
2022-10-03,226.0,234.6999969482422,225.0,234.6999969482422,7527,
2022-10-04,219.8999938964844,231.3000030517578,218.0,230.0,5616,
2022-10-06,220.9499969482422,224.0,212.0,217.3999938964844,3829,
2022-10-07,214.3000030517578,223.1499938964844,213.0,222.0500030517578,6875,
2022-10-10,214.6999969482422,220.0,212.25,217.0,4398,
2022-10-11,214.6000061035156,225.3999938964844,211.4499969482422,217.25,3571,
2022-10-12,218.75,219.8500061035156,210.8500061035156,217.4499969482422,2819,
2022-10-13,214.6999969482422,220.0,211.6000061035156,220.0,4610,
2022-10-14,211.3000030517578,219.6999969482422,207.8000030517578,219.6999969482422,3318,
2022-10-17,204.3500061035156,216.8999938964844,201.1000061035156,214.9499969482422,4653,
2022-10-18,206.1000061035156,214.6000061035156,205.1499938964844,212.6499938964844,1068,
2022-10-19,206.1000061035156,213.8500061035156,202.3999938964844,210.1999969482422,7355,
2022-10-20,203.4499969482422,209.6000061035156,202.1499938964844,205.9499969482422,2096,
2022-10-21,205.1999969482422,209.5,203.0500030517578,206.9499969482422,1511,
2022-10-24,207.6999969482422,212.9499969482422,206.1000061035156,208.9499969482422,972,
2022-10-25,212.6499938964844,215.8500061035156,204.1000061035156,211.6999969482422,4257,
2022-10-27,218.0500030517578,220.0,207.9499969482422,212.6499938964844,9278,
2022-10-28,208.3999938964844,221.8999938964844,205.6000061035156,216.25,2397,
2022-10-31,213.1000061035156,218.6499938964844,206.0,208.0,2477,
2022-11-01,207.0500030517578,214.1499938964844,205.1999969482422,208.0500030517578,2309,
2022-11-02,207.5,208.6499938964844,202.75,208.0500030517578,881,
2022-11-03,205.4499969482422,209.0500030517578,205.1000061035156,209.0500030517578,8362,
2022-11-04,206.6499938964844,208.8000030517578,205.1999969482422,207.5500030517578,1493,
2022-11-07,202.5,209.5,201.0500030517578,209.3500061035156,3747,
2022-11-09,208.5500030517578,209.8500061035156,205.1000061035156,207.0,3276,
2022-11-10,205.1999969482422,209.6999969482422,205.1000061035156,209.5,2107,
2022-11-11,210.25,215.0,205.3000030517578,205.3999938964844,3272,
2022-11-14,206.9499969482422,225.0,206.1499938964844,225.0,9015,
2022-11-15,207.3000030517578,215.8999938964844,205.1000061035156,214.0500030517578,4132,
2022-11-16,205.25,211.8000030517578,205.1000061035156,211.5500030517578,5656,
2022-11-17,207.25,208.5500030517578,205.1000061035156,208.0,1778,
2022-11-18,205.3500061035156,208.5500030517578,205.1499938964844,208.0500030517578,2078,
2022-11-21,205.3000030517578,207.5,205.1000061035156,205.1499938964844,2796,
2022-11-22,205.25,207.5,205.1000061035156,206.0500030517578,2896,
2022-11-23,205.3999938964844,208.1000061035156,205.1000061035156,208.1000061035156,4214,
2022-11-24,205.3999938964844,207.25,205.1000061035156,207.1000061035156,1593,
2022-11-25,208.5500030517578,209.3000030517578,205.1499938964844,205.9499969482422,2190,
2022-11-28,207.8000030517578,210.8999938964844,206.25,207.6999969482422,1850,
2022-11-29,207.3000030517578,210.3000030517578,206.5,206.5,1277,
2022-11-30,217.5500030517578,221.8999938964844,206.1499938964844,210.4499969482422,14538,
2022-12-01,213.9499969482422,224.0,211.0500030517578,218.1000061035156,4520,
2022-12-02,211.6499938964844,216.9499969482422,209.0,211.4499969482422,2917,
2022-12-05,210.9499969482422,219.0,207.25,219.0,2948,
2022-12-06,211.6999969482422,214.9499969482422,208.0500030517578,212.5,3422,
2022-12-07,215.8000030517578,228.8999938964844,208.3500061035156,214.0500030517578,9575,
2022-12-08,222.4499969482422,238.0,211.9499969482422,218.0,33564,
2022-12-09,220.6499938964844,227.3999938964844,218.0,220.75,6077,
2022-12-12,223.3500061035156,226.6000061035156,216.8000030517578,224.5500030517578,6281,
2022-12-13,218.75,227.8999938964844,214.1999969482422,227.5500030517578,3842,
2022-12-14,216.3000030517578,225.9499969482422,215.1000061035156,215.6499938964844,7569,
2022-12-15,216.3000030517578,224.5500030517578,215.3000030517578,216.3500061035156,3447,
2022-12-16,216.9499969482422,220.25,215.0,219.0500030517578,6232,
2022-12-19,215.25,219.1499938964844,214.5,219.0500030517578,3009,
2022-12-20,215.6499938964844,226.5,215.0,215.0500030517578,3371,
2022-12-21,206.75,220.8000030517578,206.0500030517578,216.5,9209,
2022-12-22,205.1999969482422,211.3500061035156,205.1000061035156,206.4499969482422,7220,
2022-12-23,193.25,208.4499969482422,190.25,208.4499969482422,5893,
2022-12-26,198.6000061035156,200.0,195.5,196.0,2061,
2022-12-27,197.0500030517578,204.75,195.1499938964844,200.0,2099,
2022-12-28,203.1999969482422,208.3999938964844,197.1000061035156,197.6499938964844,3885,
2022-12-29,205.1499938964844,207.6000061035156,203.1000061035156,203.1999969482422,3996,
2022-12-30,205.1999969482422,210.0,205.1499938964844,210.0,4269,
2023-01-02,220.3000030517578,223.3999938964844,203.6499938964844,209.1000061035156,13750,
2023-01-03,224.3500061035156,229.4499969482422,221.1499938964844,226.8000030517578,8750,
2023-01-04,216.6499938964844,221.9499969482422,215.3000030517578,220.0,4334,
2023-01-05,211.1000061035156,219.9499969482422,208.0,208.0,6471,
2023-01-06,208.8000030517578,219.0,206.8999938964844,219.0,8347,
2023-01-09,210.6499938964844,215.0500030517578,206.4499969482422,215.0500030517578,3466,
2023-01-10,216.0,228.0,208.9499969482422,213.75,7600,
2023-01-11,211.8500061035156,221.0,209.5,221.0,3797,
2023-01-12,205.8999938964844,214.3500061035156,203.1000061035156,210.0500030517578,11604,
2023-01-13,208.5500030517578,212.75,203.3999938964844,210.6499938964844,4553,
2023-01-16,207.6000061035156,213.9499969482422,205.6999969482422,213.9499969482422,4799,
2023-01-17,205.1499938964844,209.8500061035156,205.1000061035156,209.8500061035156,4709,
2023-01-18,205.9499969482422,209.1999969482422,205.0,208.3500061035156,3534,
2023-01-19,207.1000061035156,208.0,205.25,205.6999969482422,2177,
2023-01-20,204.1000061035156,209.8999938964844,202.0,209.8999938964844,3773,
2023-01-23,205.1000061035156,216.3999938964844,202.0,202.0,6553,
2023-01-24,205.1999969482422,209.8999938964844,205.1000061035156,209.8999938964844,1907,
2023-01-25,205.1000061035156,210.0,205.1000061035156,210.0,2117,
2023-01-27,200.6999969482422,207.3500061035156,200.0,205.25,3419,
2023-01-30,200.6999969482422,205.3999938964844,200.1999969482422,203.0,1365,
2023-01-31,208.5,209.8500061035156,200.8000030517578,201.9499969482422,1718,
2023-02-01,201.8999938964844,210.0,200.0,210.0,8704,
2023-02-02,203.8500061035156,208.5500030517578,201.1000061035156,201.4499969482422,4532,
2023-02-03,204.6499938964844,206.5,200.5500030517578,201.3500061035156,1650,
2023-02-06,201.8500061035156,210.0,201.5,210.0,2848,
2023-02-07,200.75,206.5500030517578,200.1999969482422,201.5,3500,
2023-02-08,200.8999938964844,206.5,200.1000061035156,206.0500030517578,4948,
2023-02-09,200.4499969482422,204.3999938964844,200.1000061035156,204.3999938964844,801,
2023-02-10,200.1000061035156,202.9499969482422,200.1000061035156,201.75,2497,
2023-02-13,200.1499938964844,208.9499969482422,196.0,200.1000061035156,15070,
2023-02-14,200.1000061035156,202.3500061035156,200.1000061035156,202.3500061035156,3296,
2023-02-15,200.1499938964844,204.5,200.1000061035156,204.5,5604,
2023-02-16,195.1000061035156,203.4499969482422,190.1499938964844,203.4499969482422,3545,
2023-02-17,201.1999969482422,204.8999938964844,200.0,200.0,4201,
2023-02-20,202.0,204.6499938964844,200.1000061035156,204.3999938964844,5900,
2023-02-21,200.6000061035156,204.0,199.8999938964844,201.1999969482422,4731,
2023-02-22,200.1000061035156,204.25,200.1000061035156,200.6000061035156,6959,
2023-02-23,201.8500061035156,204.8000030517578,197.6000061035156,204.8000030517578,2121,
2023-02-24,197.8500061035156,203.9499969482422,194.0,201.8000030517578,2920,
2023-02-27,194.5,202.3500061035156,193.8500061035156,197.8000030517578,16717,
2023-02-28,194.1000061035156,198.0,193.75,196.8999938964844,1319,
2023-03-01,197.25,201.0,191.0,194.6999969482422,3026,
2023-03-02,202.3999938964844,203.9499969482422,196.8000030517578,200.6999969482422,3013,
2023-03-03,202.3000030517578,203.8500061035156,200.0,202.6999969482422,2089,
2023-03-06,198.5500030517578,203.3999938964844,197.1000061035156,198.0,1957,
2023-03-08,197.0500030517578,201.0,197.0,199.1999969482422,559,
2023-03-09,195.6999969482422,200.4499969482422,192.5500030517578,199.5500030517578,6428,
2023-03-10,192.1999969482422,197.75,191.1000061035156,196.0,1500,
2023-03-13,190.0500030517578,195.8999938964844,190.0,193.0,576,
2023-03-14,180.9499969482422,196.8500061035156,180.0500030517578,196.8500061035156,3118,
2023-03-15,177.0,183.9499969482422,173.89999389648438,183.0,5111,
2023-03-16,177.5500030517578,181.4499969482422,174.0,177.0500030517578,6156,
2023-03-17,176.0500030517578,178.0,173.10000610351562,177.9499969482422,1424,
2023-03-20,173.10000610351562,176.6999969482422,170.3000030517578,176.0500030517578,749,
2023-03-21,175.8000030517578,178.0,172.0,176.0,2569,
2023-03-22,177.0,178.9499969482422,172.25,176.0500030517578,4686,
2023-03-23,174.4499969482422,182.1000061035156,173.3000030517578,182.1000061035156,375,
2023-03-24,171.64999389648438,179.0,171.3000030517578,177.9499969482422,807,
2023-03-27,162.1999969482422,175.8000030517578,157.9499969482422,175.8000030517578,9401,
2023-03-28,149.6999969482422,166.1999969482422,146.3000030517578,164.10000610351562,8526,
2023-03-29,149.39999389648438,160.75,145.3000030517578,146.10000610351562,4421,
2023-03-31,169.60000610351562,174.8000030517578,149.4499969482422,149.4499969482422,9774,
2023-04-03,167.1999969482422,174.0,166.75,174.0,2576,
2023-04-05,185.0,188.8000030517578,164.0,164.0,12648,
2023-04-06,185.8000030517578,193.9499969482422,180.0,187.1000061035156,5859,
2023-04-10,180.5500030517578,189.0,179.5,185.8000030517578,3664,
2023-04-11,178.39999389648438,184.25,176.35000610351562,179.0500030517578,1822,
2023-04-12,182.25,186.0,177.60000610351562,186.0,2323,
2023-04-13,181.5,185.75,178.10000610351562,183.0500030517578,428,
2023-04-17,177.35000610351562,184.9499969482422,176.0,177.3000030517578,1810,
2023-04-18,175.9499969482422,178.14999389648438,173.4499969482422,176.75,353,
2023-04-19,176.10000610351562,182.0,171.64999389648438,171.64999389648438,1474,
2023-04-20,180.6499938964844,186.5,176.10000610351562,176.10000610351562,4573,
2023-04-21,181.8500061035156,187.0500030517578,177.0,177.0,5018,
2023-04-24,183.6999969482422,185.8999938964844,181.8999938964844,182.3500061035156,2627,
2023-04-25,182.1000061035156,185.0,180.0500030517578,180.0500030517578,685,
2023-04-26,180.3999938964844,188.6999969482422,180.0500030517578,184.9499969482422,2347,
2023-04-27,181.6499938964844,184.8999938964844,181.0500030517578,183.3000030517578,701,
2023-04-28,182.25,184.8000030517578,182.0,182.0,318,
2023-05-02,184.0500030517578,188.5500030517578,183.0,188.5500030517578,1549,
2023-05-03,181.8500061035156,187.3999938964844,178.0500030517578,184.1000061035156,3987,
2023-05-04,183.8999938964844,187.3999938964844,178.39999389648438,178.39999389648438,1337,
2023-05-05,183.3999938964844,189.8500061035156,179.35000610351562,179.35000610351562,803,
2023-05-08,184.0500030517578,188.6999969482422,182.1499938964844,183.9499969482422,3126,
2023-05-09,181.5500030517578,187.3000030517578,181.0,182.4499969482422,837,
2023-05-10,182.3999938964844,186.5,181.6999969482422,186.5,384,
2023-05-11,180.6499938964844,189.9499969482422,180.25,189.9499969482422,624,
2023-05-12,183.8000030517578,184.8999938964844,180.10000610351562,180.10000610351562,1105,
2023-05-15,180.6499938964844,186.8999938964844,178.39999389648438,184.6000061035156,1068,
2023-05-16,181.9499969482422,185.3500061035156,180.6000061035156,182.5,1460,
2023-05-17,185.1000061035156,198.25,181.1499938964844,181.9499969482422,1721,
2023-05-18,182.1000061035156,185.3000030517578,179.9499969482422,185.1000061035156,3467,
2023-05-19,178.1999969482422,185.25,176.10000610351562,183.0500030517578,2739,
2023-05-22,188.6999969482422,189.0,178.89999389648438,180.10000610351562,8341,
2023-05-23,183.8999938964844,192.8000030517578,181.1000061035156,192.8000030517578,2110,
2023-05-24,181.6499938964844,185.9499969482422,180.0500030517578,185.9499969482422,1009,
2023-05-25,181.6999969482422,182.9499969482422,177.0500030517578,181.1000061035156,1705,
2023-05-26,184.1499938964844,185.0,180.0,185.0,1637,
2023-05-29,203.0500030517578,210.0,182.5,202.0,56837,
2023-05-30,190.75,201.3999938964844,186.0,198.5500030517578,11298,
2023-05-31,228.8999938964844,228.8999938964844,190.1499938964844,190.1499938964844,75119,
2023-06-01,235.9499969482422,267.8999938964844,227.0,239.6999969482422,248985,
2023-06-02,222.25,241.25,221.0,240.0,39865,
2023-06-05,210.75,229.6499938964844,208.0,221.5,23225,
2023-06-06,217.5,224.9499969482422,210.1000061035156,214.8999938964844,34431,
2023-06-07,211.5500030517578,222.0,209.3000030517578,221.8500061035156,11748,
2023-06-08,210.1999969482422,217.4499969482422,205.5500030517578,213.8999938964844,8724,
2023-06-09,207.1999969482422,217.8999938964844,206.1000061035156,211.8500061035156,7301,
2023-06-12,204.6499938964844,213.25,202.3999938964844,207.1999969482422,7389,
2023-06-13,204.9499969482422,211.4499969482422,203.0,209.3999938964844,8878,
2023-06-14,223.6000061035156,230.0500030517578,204.3999938964844,205.0,54183,
2023-06-15,218.9499969482422,225.8000030517578,216.3999938964844,225.8000030517578,7440,
2023-06-16,218.5,224.5,217.3500061035156,219.75,9197,
2023-06-19,220.6999969482422,224.0,215.1499938964844,216.0,11947,
2023-06-20,223.8999938964844,227.0500030517578,213.3000030517578,226.0,16945,
2023-06-21,223.1000061035156,227.1499938964844,221.1000061035156,226.25,6312,
2023-06-22,222.3000030517578,228.5,218.3500061035156,227.6000061035156,8673,
2023-06-23,219.0,224.4499969482422,218.1000061035156,222.3999938964844,3564,
2023-06-26,222.1000061035156,223.8000030517578,215.6999969482422,219.0,8341,
2023-06-27,224.9499969482422,227.0,220.6499938964844,227.0,5879,
2023-06-28,234.25,243.0,219.5,220.4499969482422,188475,
2023-06-30,231.0500030517578,239.3000030517578,230.0,235.0,16153,
2023-07-03,225.3500061035156,236.9499969482422,223.6499938964844,236.9499969482422,9805,
2023-07-04,214.3000030517578,234.0,214.1000061035156,234.0,7976,
2023-07-05,207.8500061035156,217.6000061035156,206.0,214.3000030517578,8291,
2023-07-06,209.6999969482422,212.0,206.0,211.0,3330,
2023-07-07,210.8500061035156,213.3999938964844,206.0,208.0,968,
2023-07-10,206.0,210.6499938964844,204.0,208.0,1305,
2023-07-11,204.5500030517578,209.9499969482422,204.0,207.0,1811,
2023-07-12,203.4499969482422,209.5,202.8999938964844,204.5500030517578,802,
2023-07-13,208.1000061035156,212.4499969482422,200.0,203.4499969482422,3294,
2023-07-14,209.3999938964844,211.0,203.0500030517578,206.6499938964844,12054,
2023-07-17,207.8500061035156,209.3999938964844,205.0,209.3999938964844,3431,
2023-07-18,205.6499938964844,211.9499969482422,202.0,211.9499969482422,3974,
2023-07-19,206.3999938964844,209.9499969482422,202.6499938964844,205.0,3662,
2023-07-20,207.6000061035156,212.6000061035156,207.0,212.6000061035156,1398,
2023-07-21,205.1499938964844,211.9499969482422,204.0,211.9499969482422,700,
2023-07-24,205.0,208.5,201.75,205.1499938964844,1309,
2023-07-25,203.8000030517578,205.0,201.0500030517578,204.9499969482422,2253,
2023-07-26,203.8500061035156,204.9499969482422,201.0500030517578,204.9499969482422,5300,
2023-07-27,204.6499938964844,206.9499969482422,198.1000061035156,206.9499969482422,608,
2023-07-28,199.4499969482422,204.6000061035156,198.0,204.6000061035156,1546,
2023-07-31,200.6000061035156,207.3500061035156,199.0,207.3500061035156,2075,
2023-08-01,200.3000030517578,207.8999938964844,199.3000030517578,207.8999938964844,2445,
2023-08-02,200.9499969482422,207.4499969482422,196.6000061035156,207.4499969482422,2488,
2023-08-03,197.6499938964844,203.8999938964844,197.0,203.8999938964844,1095,
2023-08-04,199.6499938964844,205.0,197.0,197.0,1518,
2023-08-07,197.9499969482422,205.0,196.0,202.5,1003,
2023-08-08,199.1999969482422,202.0,197.9499969482422,197.9499969482422,3189,
2023-08-09,206.3500061035156,208.0,199.9499969482422,201.3500061035156,2402,
2023-08-10,205.0,208.0,202.0500030517578,208.0,3370,
2023-08-11,196.8999938964844,212.8500061035156,195.0,212.8500061035156,8420,
2023-08-14,192.0500030517578,199.25,190.0,196.1000061035156,2850,
2023-08-16,197.1999969482422,199.9499969482422,185.0,198.6000061035156,2617,
2023-08-17,195.25,199.8500061035156,195.0,197.1999969482422,2256,
2023-08-18,196.5,199.75,195.0,196.0,1676,
2023-08-21,199.0,199.6999969482422,190.8500061035156,196.5,908,
2023-08-22,196.1499938964844,202.4499969482422,193.5,195.5,1540,
2023-08-23,197.6999969482422,199.5,194.1000061035156,196.1499938964844,1871,
2023-08-24,201.6999969482422,202.0,194.0,197.6999969482422,5993,
2023-08-25,195.8000030517578,201.0,194.6999969482422,200.9499969482422,1624,
2023-08-28,195.6000061035156,199.3999938964844,195.0,196.75,1205,
2023-08-29,199.8999938964844,203.0,199.0,199.0,2906,
2023-08-30,201.3999938964844,202.0,196.0500030517578,199.8999938964844,2771,
2023-08-31,211.4499969482422,211.4499969482422,199.9499969482422,199.9499969482422,10530,
2023-09-01,222.0,222.0,207.8000030517578,216.9499969482422,10366,
2023-09-04,231.3500061035156,233.0,222.0,227.0,10643,
2023-09-05,226.75,226.8000030517578,226.75,226.75,1889,
2023-09-06,222.3000030517578,222.3000030517578,222.25,222.3000030517578,1541,
2023-09-07,218.0,219.8999938964844,218.0,218.0,348,
2023-09-08,218.0,218.0,216.0,218.0,926,
2023-09-11,216.0,216.0,213.6499938964844,216.0,3647,
2023-09-12,215.5,217.0,215.5,215.5,813,
2023-09-13,211.1999969482422,213.0,211.1999969482422,211.1999969482422,1660,
2023-09-14,209.0,209.0,207.1999969482422,209.0,478,
2023-09-15,204.9499969482422,207.0,204.9499969482422,204.9499969482422,2347,
2023-09-18,209.0,209.0,208.0,209.0,5928,
2023-09-20,210.0,210.0,209.0,210.0,522,
2023-09-21,210.0,210.5,210.0,210.0,251,
2023-09-22,206.0,206.0,206.0,206.0,134,
2023-09-25,206.0,206.1000061035156,206.0,206.0,743,
2023-09-26,201.8999938964844,204.9499969482422,201.8999938964844,201.8999938964844,1464,
2023-09-27,205.0,205.0,201.8999938964844,205.0,2396,
2023-09-28,209.1000061035156,209.1000061035156,206.1499938964844,209.1000061035156,223,
2023-09-29,210.3000030517578,213.0,209.9499969482422,210.3000030517578,442,
2023-10-03,212.0,212.0,210.0,212.0,583,
2023-10-04,215.0,215.0,213.0,215.0,2087,
2023-10-05,218.8000030517578,219.0,210.6999969482422,218.8000030517578,611,
2023-10-06,223.1499938964844,223.1499938964844,220.1000061035156,223.1499938964844,1863,
2023-10-09,221.4499969482422,228.8500061035156,220.0,222.5,3069,
2023-10-10,231.0500030517578,232.0,220.0,227.0,7426,
2023-10-11,228.25,231.0500030517578,223.0,231.0500030517578,2496,
2023-10-12,228.75,231.0,222.5,226.0,2728,
2023-10-13,228.9499969482422,230.8999938964844,221.0,228.0,6052,
2023-10-16,226.3500061035156,229.5,224.0,228.8000030517578,955,
2023-10-17,230.3999938964844,232.0,223.5,230.8999938964844,1419,
2023-10-18,224.25,235.0,224.25,229.0,2243,
2023-10-19,224.0,231.0,222.1000061035156,227.0,889,
2023-10-20,227.0,229.9499969482422,221.5,224.25,1825,
2023-10-23,240.9499969482422,263.79998779296875,228.0,238.0,92364,
2023-10-25,248.3500061035156,257.95001220703125,240.9499969482422,244.3999938964844,77101,
2023-10-26,233.3999938964844,247.0,223.25,242.6000061035156,20557,
2023-10-27,237.6999969482422,245.0,232.1999969482422,236.1999969482422,9494,
2023-10-30,235.4499969482422,241.0,232.3500061035156,238.0,5799,
2023-10-31,243.6999969482422,246.8500061035156,236.0500030517578,236.8999938964844,10678,
2023-11-01,239.8999938964844,247.3500061035156,233.0,247.3500061035156,12510,
2023-11-02,233.25,241.0500030517578,227.9499969482422,239.8999938964844,6649,
2023-11-03,238.75,242.0,230.0500030517578,235.0500030517578,10851,
2023-11-06,237.1499938964844,243.5,232.5500030517578,236.1000061035156,6450,
2023-11-07,234.1999969482422,239.5,233.0,239.3000030517578,3091,
2023-11-08,235.4499969482422,239.8000030517578,233.8000030517578,235.5,3016,
2023-11-09,230.6999969482422,237.8000030517578,230.0,236.8500061035156,2592,
2023-11-10,232.1000061035156,235.0,230.8999938964844,235.0,1900,
2023-11-13,238.0,247.5,232.9499969482422,235.3000030517578,5310,
2023-11-15,248.6999969482422,252.5,237.1999969482422,245.0500030517578,29275,
2023-11-16,247.8999938964844,254.8999938964844,241.1000061035156,254.8999938964844,15739,
2023-11-17,246.8000030517578,249.8999938964844,244.0500030517578,247.8999938964844,4691,
2023-11-20,247.8999938964844,253.0,244.0500030517578,250.0,6443,
2023-11-21,242.6999969482422,247.3500061035156,240.3500061035156,247.3500061035156,3291,
2023-11-22,243.3500061035156,246.0,239.5500030517578,244.6499938964844,2636,
2023-11-23,241.25,247.3999938964844,240.3500061035156,245.1499938964844,1051,
2023-11-24,246.1499938964844,249.9499969482422,241.1499938964844,241.25,7191,
2023-11-28,242.8000030517578,252.9499969482422,241.0,252.9499969482422,11052,
2023-11-29,240.5500030517578,249.0500030517578,236.3000030517578,244.0500030517578,5721,
2023-11-30,238.8999938964844,244.3999938964844,238.0,241.6499938964844,1304,
2023-12-01,284.8500061035156,286.6499938964844,240.1499938964844,240.3000030517578,156997,
2023-12-04,341.79998779296875,341.79998779296875,300.0,301.0,371095,
2023-12-05,338.25,368.0,327.54998779296875,362.9500122070313,406036,
2023-12-06,330.8999938964844,344.8500061035156,325.25,335.1000061035156,58495,
2023-12-07,310.04998779296875,342.0,306.25,330.8999938964844,35382,
2023-12-08,370.75,372.0499877929688,310.5,315.0,363245,
2023-12-11,381.2999877929688,407.7000122070313,344.0,362.0499877929688,326733,
2023-12-12,383.1499938964844,396.0,378.0499877929688,385.6499938964844,110478,
2023-12-13,369.2000122070313,388.0,364.0499877929688,388.0,24227,
2023-12-14,358.6499938964844,375.0,353.1000061035156,370.0,11745,
2023-12-15,372.0499877929688,374.7000122070313,363.0,364.0,19156,
2023-12-18,361.6000061035156,376.0,355.3999938964844,372.1000061035156,8895,
2023-12-19,356.29998779296875,360.0,346.0,360.0,11195,
2023-12-20,338.5,357.0,338.5,351.1499938964844,14123,
2023-12-21,344.95001220703125,347.75,325.0,325.20001220703125,6619,
2023-12-22,348.6000061035156,355.95001220703125,346.0,347.0,5800,
2023-12-26,340.29998779296875,354.0,335.54998779296875,341.6499938964844,6155,
2023-12-27,344.6000061035156,350.0,330.0,340.29998779296875,14042,
2023-12-28,341.3500061035156,344.0,332.04998779296875,332.04998779296875,5956,
2023-12-29,336.20001220703125,350.0,328.1499938964844,350.0,4077,
2024-01-01,348.45001220703125,350.0,335.0,336.20001220703125,7741,
2024-01-02,340.20001220703125,352.0,336.0,346.0,3255,
2024-01-03,346.8999938964844,348.0,339.0,340.0,2311,
2024-01-04,344.3500061035156,350.0,340.29998779296875,345.0,10593,
2024-01-05,339.75,347.0,339.0,344.3500061035156,4406,
2024-01-08,330.1000061035156,343.5,323.20001220703125,340.0,3483,
2024-01-09,329.45001220703125,333.0,325.0,331.8999938964844,4109,
2024-01-10,321.0,332.95001220703125,315.0,331.0,6959,
2024-01-11,309.3500061035156,326.0,304.95001220703125,322.0,18193,
2024-01-12,309.3500061035156,315.0,307.8500061035156,309.6000061035156,20387,
2024-01-15,305.79998779296875,314.0,302.0,310.54998779296875,4645,
2024-01-16,309.75,321.04998779296875,304.8500061035156,304.8999938964844,78643,
2024-01-17,325.20001220703125,325.20001220703125,305.0,305.0,18797,
2024-01-18,341.45001220703125,341.45001220703125,341.45001220703125,341.45001220703125,11258,
2024-01-19,358.5,358.5,358.5,358.5,3206,
2024-01-23,368.8999938964844,370.0,368.8999938964844,368.8999938964844,37456,
2024-01-24,361.6000061035156,362.2000122070313,361.6000061035156,361.6000061035156,6403,
2024-01-25,361.6499938964844,361.6499938964844,355.6000061035156,361.6499938964844,2079,
2024-01-29,368.8500061035156,368.8500061035156,362.0,368.8500061035156,3068,
2024-01-30,376.2000122070313,376.2000122070313,370.7000122070313,376.2000122070313,5724,
2024-01-31,377.5,383.7000122070313,376.2000122070313,377.5,4362,
2024-02-01,385.0499877929688,385.0499877929688,385.0,385.0499877929688,9591,
2024-02-02,380.0,392.75,380.0,380.0,7398,
2024-02-05,374.0,380.5,374.0,374.0,1287,
2024-02-06,377.75,378.3999938964844,368.0,377.75,4255,
2024-02-07,372.0,375.5,372.0,372.0,1481,
2024-02-08,364.6000061035156,372.0,364.6000061035156,364.6000061035156,89,
2024-02-09,357.5,357.5,357.29998779296875,357.5,2326,
2024-02-12,350.3500061035156,350.6000061035156,350.3500061035156,350.3500061035156,111,
2024-02-13,343.3500061035156,346.75,343.3500061035156,343.3500061035156,476,
2024-02-14,336.5,336.5,336.5,336.5,554,
2024-02-15,329.79998779296875,329.8999938964844,329.79998779296875,329.79998779296875,201,
2024-02-16,323.20001220703125,323.20001220703125,323.20001220703125,323.20001220703125,952,
2024-02-19,329.6499938964844,329.6499938964844,316.75,329.6499938964844,4355,
2024-02-20,333.79998779296875,336.20001220703125,329.6499938964844,333.79998779296875,2268,
2024-02-21,327.1499938964844,333.6000061035156,327.1499938964844,327.1499938964844,1091,
2024-02-22,333.0,333.0,320.6000061035156,333.0,9431,
2024-02-23,334.1000061035156,335.0,334.0,334.1000061035156,3915,
2024-02-26,327.45001220703125,327.45001220703125,327.45001220703125,327.45001220703125,132,
2024-02-27,327.3999938964844,327.3999938964844,320.8999938964844,327.3999938964844,5821,
2024-02-28,327.29998779296875,333.8999938964844,321.0,327.29998779296875,11026,
2024-02-29,325.0,325.0,320.75,325.0,9164,
2024-03-01,331.5,331.5,331.5,331.5,1365,
2024-03-04,330.95001220703125,347.0,330.0,347.0,3405,
2024-03-05,333.04998779296875,340.0,329.5,329.5,52614,
2024-03-06,326.70001220703125,331.0,317.0,331.0,2977,
2024-03-07,319.79998779296875,326.6000061035156,316.0,316.0,3046,
2024-03-11,303.8500061035156,319.79998779296875,303.8500061035156,317.0,2826,
2024-03-12,288.6499938964844,298.0,288.6499938964844,298.0,2384,
2024-03-13,274.25,275.29998779296875,274.25,275.29998779296875,3473,
2024-03-14,260.54998779296875,261.04998779296875,260.54998779296875,261.04998779296875,7227,
2024-03-15,268.45001220703125,272.95001220703125,247.5500030517578,247.5500030517578,15330,
2024-03-18,267.54998779296875,295.0,263.0,270.8500061035156,24935,
2024-03-19,256.20001220703125,274.54998779296875,251.1999969482422,262.20001220703125,5215,
2024-03-20,253.9499969482422,276.5,246.25,266.6000061035156,15618,
2024-03-21,255.6499938964844,260.95001220703125,246.9499969482422,253.9499969482422,15251,
2024-03-22,264.70001220703125,276.8999938964844,255.3000030517578,259.25,24653,
2024-03-26,257.8999938964844,268.95001220703125,256.0,260.0,24638,
2024-03-27,255.0,266.70001220703125,252.5500030517578,264.29998779296875,21346,
2024-03-28,260.1000061035156,277.70001220703125,256.1000061035156,277.70001220703125,13903,
2024-04-01,312.1000061035156,312.1000061035156,257.0,257.0,22564,
2024-04-02,329.6000061035156,360.0,319.95001220703125,360.0,192706,
2024-04-03,395.5,395.5,312.0,322.8999938964844,167347,
2024-04-04,393.1499938964844,400.0,366.6000061035156,388.75,196331,
2024-04-05,432.4500122070313,432.4500122070313,394.0,394.0,60867,
2024-04-08,457.75,475.6499938964844,389.2000122070313,428.0499877929688,177412,
2024-04-09,449.8500061035156,485.0,444.5499877929688,456.8500061035156,50387,
2024-04-10,431.3999938964844,454.8999938964844,425.0,450.8500061035156,28041,
2024-04-12,437.9500122070313,461.9500122070313,424.0,461.9500122070313,37267,
2024-04-15,443.7000122070313,454.2000122070313,406.6499938964844,433.8999938964844,36782,
2024-04-16,442.7999877929688,459.9500122070313,435.0499877929688,455.0,9129,
2024-04-18,440.5499877929688,460.0,438.0499877929688,460.0,6483,
2024-04-19,428.6499938964844,440.5499877929688,421.5499877929688,440.5499877929688,5070,
2024-04-22,422.5499877929688,433.4500122070313,410.5,430.8999938964844,11437,
2024-04-23,423.0499877929688,440.0,418.1000061035156,440.0,1810,
2024-04-24,428.0,432.7999877929688,421.0,432.0,1615,
2024-04-25,425.0,428.0,422.8999938964844,428.0,1706,
2024-04-26,411.9500122070313,425.0,408.0,425.0,2093,
2024-04-29,422.8500061035156,428.9500122070313,400.3500061035156,428.9500122070313,6017,
2024-04-30,417.2000122070313,432.0,410.25,432.0,926,
2024-05-02,400.8999938964844,423.75,400.0,416.0,5245,
2024-05-03,416.5,420.8999938964844,397.0,414.7000122070313,5458,
2024-05-06,427.6000061035156,434.0,418.0,434.0,5592,
2024-05-07,431.5499877929688,443.2000122070313,420.1000061035156,424.0,5808,
2024-05-08,428.25,447.0,411.1000061035156,411.1000061035156,2637,
2024-05-09,419.0499877929688,432.0,411.7000122070313,428.25,1308,
2024-05-10,422.3500061035156,432.0,401.0,418.0,1123,
2024-05-13,409.7000122070313,432.0,402.25,432.0,1593,
2024-05-14,419.5,429.5,396.25,429.5,2100,
2024-05-15,409.7000122070313,419.5,408.0499877929688,408.5,534,
2024-05-16,407.8500061035156,415.0,402.2000122070313,411.0,2030,
2024-05-17,428.2000122070313,428.2000122070313,416.6000061035156,425.0,17799,
2024-05-21,444.2999877929688,454.0,433.1499938964844,433.1499938964844,11355,
2024-05-22,443.0,458.9500122070313,436.6000061035156,458.9500122070313,769,
2024-05-23,438.8999938964844,455.9500122070313,431.4500122070313,455.9500122070313,1157,
2024-05-24,453.4500122070313,460.7999877929688,430.5,436.25,21866,
2024-05-27,444.5499877929688,458.0,443.0,452.0,2254,
2024-05-28,440.3999938964844,457.75,440.0,447.0,2228,
2024-05-29,427.5499877929688,440.3999938964844,424.0499877929688,440.3999938964844,1469,
2024-05-30,409.5499877929688,446.6499938964844,406.2000122070313,427.5499877929688,1771,
2024-05-31,409.0499877929688,417.7000122070313,404.5,408.0,3734,
2024-06-03,410.5,424.0,406.0,410.0,2400,
2024-06-04,390.1000061035156,416.9500122070313,390.1000061035156,393.0,2458,
2024-06-05,399.8500061035156,404.0,370.6499938964844,390.1000061035156,2865,
2024-06-06,402.2000122070313,409.9500122070313,395.0,409.9500122070313,1583,
2024-06-07,399.0,410.0,388.0,410.0,170,
2024-06-10,416.7000122070313,418.9500122070313,405.0,405.0,3779,
2024-06-11,419.2999877929688,425.9500122070313,408.2000122070313,415.0,1531,
2024-06-12,416.3999938964844,429.3999938964844,410.0,429.3999938964844,2298,
2024-06-13,437.2000122070313,437.2000122070313,410.75,415.0,8845,
2024-06-14,446.0,459.0,437.2000122070313,437.2000122070313,4273,
2024-06-18,457.6499938964844,468.2999877929688,425.0,425.0,11463,
2024-06-19,450.6499938964844,465.0,444.6499938964844,465.0,5944,
2024-06-20,452.2000122070313,465.0,448.3999938964844,460.0,10159,
2024-06-21,460.1000061035156,474.5,455.25,465.8500061035156,5845,
2024-06-24,458.8500061035156,468.0,452.0,464.0,2346,
2024-06-25,466.5,475.0,455.0,475.0,3808,
2024-06-26,489.7999877929688,489.7999877929688,466.0,474.9500122070313,35813,
2024-06-27,490.0,509.0,466.0,507.8999938964844,8991,
2024-06-28,476.9500122070313,490.0,466.6000061035156,490.0,5268,
2024-07-01,464.75,482.3500061035156,458.0,473.0,1786,
2024-07-02,455.0,470.0,452.1000061035156,470.0,14395,
2024-07-03,473.3500061035156,477.75,457.25,477.7000122070313,7023,
2024-07-04,477.6000061035156,491.5499877929688,457.5,470.0,1501,
2024-07-05,466.5499877929688,480.0,464.0,480.0,3556,
2024-07-08,463.25,474.9500122070313,452.0,474.9500122070313,2623,
2024-07-09,470.0,474.0,455.0,461.8999938964844,6395,
2024-07-10,463.2000122070313,490.0,456.1499938964844,473.9500122070313,5804,
2024-07-11,486.3500061035156,486.3500061035156,452.2999877929688,452.2999877929688,11360,
2024-07-12,495.1000061035156,510.6499938964844,490.0499877929688,506.0,7505,
2024-07-15,480.4500122070313,495.1000061035156,472.25,495.1000061035156,1678,
2024-07-16,477.75,480.0,457.1000061035156,479.9500122070313,743,
2024-07-18,456.3999938964844,477.0,455.0,477.0,1848,
2024-07-19,442.4500122070313,459.9500122070313,440.0,456.3999938964844,1187,
2024-07-22,450.0,452.7000122070313,445.0,445.0,1455,
2024-07-23,459.7999877929688,465.0,442.1000061035156,458.0,2112,
2024-07-24,469.7999877929688,480.0,460.0,480.0,698,
2024-07-25,462.0,469.7999877929688,453.2999877929688,453.2999877929688,339,
2024-07-26,473.8999938964844,485.1000061035156,443.6000061035156,443.6000061035156,5276,
2024-07-29,479.3500061035156,486.7999877929688,461.1499938964844,461.1499938964844,1840,
2024-07-30,470.6499938964844,485.0,467.3999938964844,485.0,4436,
2024-07-31,452.7000122070313,475.0,450.3999938964844,473.8500061035156,5687,
2024-08-01,445.3999938964844,467.8999938964844,430.1000061035156,467.8999938964844,7535,
2024-08-02,436.7000122070313,454.3500061035156,426.5,454.3500061035156,6766,
2024-08-05,423.3500061035156,438.9500122070313,415.6000061035156,438.9500122070313,4628,
2024-08-06,433.5,444.5,419.0,420.0,9914,
2024-08-07,455.1499938964844,455.1499938964844,433.0,433.0,6305,
2024-08-08,476.8999938964844,477.8999938964844,440.0,440.0,4837,
2024-08-09,473.2000122070313,480.0,458.0,480.0,7739,
2024-08-12,480.25,484.75,449.5499877929688,470.0,11706,
2024-08-13,473.9500122070313,499.2999877929688,470.0499877929688,480.25,15149,
2024-08-14,469.1499938964844,483.6499938964844,459.5499877929688,469.6000061035156,14793,
2024-08-16,460.5,478.5,452.2000122070313,471.6000061035156,4222,
2024-08-19,459.2000122070313,469.9500122070313,447.0,462.8999938964844,3953,
2024-08-20,458.8500061035156,475.0,455.0,475.0,2198,
2024-08-21,457.2000122070313,460.0,450.0,455.0499877929688,2932,
2024-08-22,477.6000061035156,480.0499877929688,470.0499877929688,479.7999877929688,13700,
2024-08-23,466.1499938964844,483.6000061035156,462.25,483.6000061035156,1868,
2024-08-26,470.6499938964844,481.9500122070313,457.0,481.9500122070313,5315,
2024-08-27,481.1499938964844,488.5,470.7000122070313,470.7000122070313,6939,
2024-08-28,478.3999938964844,483.9500122070313,467.6000061035156,483.1499938964844,3828,
2024-08-29,500.6000061035156,502.2999877929688,461.0,480.8500061035156,17522,
2024-08-30,492.2999877929688,514.9500122070312,484.7999877929688,514.9500122070312,13393,
2024-09-02,497.75,500.0,485.1000061035156,488.1499938964844,9077,
2024-09-03,501.6499938964844,512.9500122070312,493.25,493.25,48246,
2024-09-04,510.0,512.0,491.0,497.3500061035156,9456,
2024-09-05,535.5,535.5,512.7000122070312,512.7000122070312,96102,
2024-09-06,522.9000244140625,552.0,508.75,552.0,22585,
2024-09-09,512.5499877929688,534.9000244140625,505.2999877929688,534.9000244140625,14260,
2024-09-10,514.0999755859375,525.0,506.0499877929688,511.1499938964844,8864,
2024-09-11,539.7999877929688,539.7999877929688,513.75,515.0,26300,
2024-09-12,566.75,566.75,529.2000122070312,545.5,26211,
2024-09-13,591.0999755859375,595.0499877929688,575.9000244140625,575.9000244140625,28032,
2024-09-16,602.2999877929688,610.0,578.4500122070312,590.0,20346,
2024-09-17,576.0,619.4500122070312,572.2000122070312,582.9000244140625,22073,
2024-09-18,585.5499877929688,604.7999877929688,560.0999755859375,579.0,17505,
2024-09-19,583.0499877929688,604.4000244140625,561.0,592.8499755859375,8798,
2024-09-20,587.3499755859375,604.25,564.7000122070312,586.0999755859375,5436,
2024-09-23,616.7000122070312,616.7000122070312,590.4000244140625,590.4000244140625,21886,
2024-09-24,647.5,647.5,626.2000122070312,641.0,19996,
2024-09-25,675.6500244140625,679.8499755859375,647.5,650.0,32696,
2024-09-26,650.5,677.9500122070312,641.9000244140625,677.9500122070312,27714,
2024-09-27,633.4500122070312,659.7999877929688,618.0,659.7999877929688,25270,
2024-09-30,621.7999877929688,647.9500122070312,609.0499877929688,627.7000122070312,14614,
2024-10-01,642.5499877929688,649.0,619.0,625.0999755859375,8940,
2024-10-03,638.5499877929688,644.2999877929688,611.0999755859375,611.0999755859375,5549,
2024-10-04,648.9000244140625,657.0,617.0499877929688,632.7000122070312,13041,
2024-10-07,618.1500244140625,668.4000244140625,616.4500122070312,625.5499877929688,10118,
2024-10-08,628.5,647.0,587.25,610.0,1345,
2024-10-09,636.75,646.0,628.0,629.9500122070312,1787,
2024-10-10,645.0999755859375,650.0,610.5,636.75,13049,
2024-10-11,677.3499755859375,677.3499755859375,645.0999755859375,645.0999755859375,37959,
2024-10-14,711.2000122070312,711.2000122070312,711.2000122070312,711.2000122070312,10127,
2024-10-15,745.1500244140625,746.75,717.0,745.0,19786,
2024-10-16,752.25,782.4000244140625,713.2000122070312,774.0,15224,
2024-10-17,717.3499755859375,754.0999755859375,714.6500244140625,750.0,4367,
2024-10-18,743.5499877929688,748.0,681.5,683.25,4269,
2024-10-21,708.0499877929688,731.0,706.4000244140625,706.4000244140625,10422,
2024-10-22,672.6500244140625,706.9000244140625,672.6500244140625,676.0,10218,
2024-10-23,680.0,685.0,639.0499877929688,672.0,6833,
2024-10-24,670.1500244140625,694.2000122070312,653.5,666.4000244140625,626,
2024-10-25,639.7999877929688,656.0499877929688,636.6500244140625,641.6500244140625,8962,
2024-10-28,669.9000244140625,671.75,631.0,639.7999877929688,4835,
2024-10-29,700.2999877929688,703.3499755859375,670.0,671.75,4039,
2024-10-30,712.5,730.0,674.0,710.0,3272,
2024-10-31,708.5,735.0,676.9000244140625,735.0,3299,
2024-11-01,724.5999755859375,733.0,708.5,724.7999877929688,1656,
2024-11-04,720.2999877929688,735.0,691.25,735.0,712,
2024-11-05,735.0,747.0,691.0999755859375,720.0,4408,
2024-11-06,742.4500122070312,747.0,705.0999755859375,730.0,899,
2024-11-07,747.0499877929688,756.0,714.0999755859375,747.0,3091,
2024-11-08,738.1500244140625,754.9000244140625,730.0999755859375,740.0999755859375,2588,
2024-11-11,734.5499877929688,750.0,711.4500122070312,750.0,875,
2024-11-12,714.4500122070312,750.0,711.0,750.0,3070,
2024-11-13,688.6500244140625,701.0,678.75,701.0,1003,
2024-11-14,723.0499877929688,723.0499877929688,688.6500244140625,688.6500244140625,4797,
2024-11-18,751.2000122070312,759.2000122070312,688.0499877929688,688.0499877929688,11541,
2024-11-19,788.75,788.75,750.0,750.0,19787,
2024-11-21,784.2000122070312,827.0,775.5,780.0,7205,
2024-11-22,823.4000244140625,823.4000244140625,790.0,809.9500122070312,3203,
2024-11-25,806.9500122070312,826.4000244140625,806.9500122070312,806.9500122070312,16459,
2024-11-26,790.8499755859375,806.9500122070312,790.8499755859375,790.8499755859375,515,
2024-11-27,790.8499755859375,790.8499755859375,776.0,790.8499755859375,1770,
2024-11-28,785.0,790.8499755859375,777.0499877929688,785.0,348,
2024-11-29,800.0,800.7000122070312,800.0,800.0,3731,
2024-12-02,813.0,813.0,784.2000122070312,813.0,814,
2024-12-03,810.0,813.0,810.0,810.0,7153,
2024-12-04,800.0,820.0,800.0,800.0,5369,
2024-12-05,800.0499877929688,815.7000122070312,800.0,800.0499877929688,2282,
2024-12-06,801.0,816.0,800.0999755859375,801.0,1200,
2024-12-09,801.0499877929688,805.0,801.0499877929688,801.0499877929688,3393,
2024-12-10,817.0,817.0499877929688,817.0,817.0,2906,
2024-12-11,817.0,818.0,817.0,817.0,430,
2024-12-12,810.0,820.0,810.0,810.0,1720,
2024-12-13,826.2000122070312,826.2000122070312,800.0,826.2000122070312,8535,
2024-12-16,820.1500244140625,830.0,820.0999755859375,820.1500244140625,660,
2024-12-17,836.5499877929688,836.5499877929688,820.1500244140625,836.5499877929688,7672,
2024-12-18,832.0,836.0,820.25,832.0,1636,
2024-12-19,819.0,832.0,815.5499877929688,819.0,1885,
2024-12-20,819.4000244140625,835.3499755859375,819.4000244140625,819.4000244140625,5171,
2024-12-23,803.1500244140625,819.4000244140625,803.0999755859375,803.1500244140625,3034,
2024-12-24,810.0,818.4000244140625,805.0,810.0,2036,
2024-12-26,793.7999877929688,810.0,793.7999877929688,793.7999877929688,1357,
2024-12-27,778.0,793.7999877929688,777.9500122070312,778.0,1166,
2024-12-30,767.25,796.5,739.0999755859375,773.9500122070312,7056,
2024-12-31,774.0,775.0,746.4000244140625,746.4000244140625,6818,
2025-01-01,812.7000122070312,812.7000122070312,752.0,774.9500122070312,7509,
2025-01-02,827.4500122070312,852.0,777.5,852.0,873,
2025-01-03,810.0,842.0,790.0,842.0,7086,
2025-01-06,771.0,801.0,769.5,800.0,5576,
2025-01-07,795.2999877929688,799.9500122070312,770.9500122070312,770.9500122070312,3008,
2025-01-08,809.9000244140625,825.5,769.0,778.0,255,
2025-01-09,802.5499877929688,820.0,797.0,820.0,1265,
2025-01-10,802.0,833.9000244140625,775.0,775.0,1825,
2025-01-13,782.5999755859375,824.0,761.9000244140625,762.0,1750,
2025-01-14,746.0,802.9500122070312,743.5,798.9000244140625,1712,
2025-01-15,759.0,780.9000244140625,756.0,769.9000244140625,779,
2025-01-16,792.8499755859375,796.9500122070312,766.7000122070312,796.5,2326,
2025-01-17,783.9000244140625,814.9000244140625,780.0,799.0,2763,
2025-01-20,786.5,819.5999755859375,772.0,819.5999755859375,1156,
2025-01-21,752.5,799.9500122070312,747.2999877929688,799.9500122070312,2070,
2025-01-22,766.5499877929688,789.3499755859375,717.5999755859375,717.5999755859375,204,
2025-01-23,759.2999877929688,790.0,735.5999755859375,735.5999755859375,159,
2025-01-24,735.0,789.7999877929688,721.3499755859375,789.7999877929688,3109,
2025-01-27,698.25,748.0,698.25,701.0499877929688,742,
2025-01-28,690.0999755859375,723.8499755859375,663.3499755859375,723.8499755859375,371,
2025-01-29,700.0,715.0,680.0,690.0999755859375,807,
2025-01-30,665.2999877929688,733.9500122070312,665.0,733.9500122070312,5115,
2025-01-31,636.0,695.8499755859375,632.0499877929688,695.8499755859375,5382,
2025-02-01,667.7999877929688,667.7999877929688,612.5,665.8499755859375,10177,
2025-02-03,678.3499755859375,701.0,641.7999877929688,667.7999877929688,2653,
2025-02-04,647.9500122070312,708.0,644.4500122070312,708.0,2579,
2025-02-05,661.6500244140625,680.2000122070312,615.5499877929688,646.9500122070312,4986,
2025-02-06,692.5999755859375,694.7000122070312,644.0,679.9000244140625,6912,
2025-02-07,704.0,714.0,681.1500244140625,690.0,1917,
2025-02-10,706.4500122070312,735.0,675.7999877929688,704.2999877929688,4978,
2025-02-11,700.0499877929688,740.0,672.9000244140625,740.0,1578,
2025-02-12,706.5,714.6500244140625,667.2000122070312,700.0499877929688,3186,
2025-02-13,678.0499877929688,738.5,671.2000122070312,738.5,1034,
2025-02-14,659.4000244140625,676.9000244140625,644.1500244140625,676.9000244140625,1256,
2025-02-17,633.5999755859375,648.9500122070312,626.4500122070312,648.9500122070312,74,
2025-02-18,601.9500122070312,663.9500122070312,601.9500122070312,663.9500122070312,1161,
2025-02-19,589.0,621.75,571.8499755859375,572.2000122070312,7101,
2025-02-20,571.8499755859375,595.0,559.5499877929688,589.0,2566,
2025-02-21,554.9500122070312,599.9000244140625,543.25,599.9000244140625,8279,
2025-02-24,533.7999877929688,559.9500122070312,527.2000122070312,557.7000122070312,5035,
2025-02-25,517.7999877929688,560.25,507.1499938964844,560.25,18512,
2025-02-27,492.6000061035156,525.0,492.0,524.3499755859375,2599,
2025-02-28,493.75,515.0,468.0499877929688,495.0499877929688,3571,
2025-03-03,491.6000061035156,518.2999877929688,490.0,506.0499877929688,302,
2025-03-04,503.3500061035156,514.0,468.0,491.6000061035156,5231,
2025-03-05,528.4500122070312,528.5,505.0,528.5,6497,
2025-03-06,549.4500122070312,550.0,513.5,550.0,5631,
2025-03-07,555.9500122070312,570.0,525.0,570.0,6062,
2025-03-10,530.1500244140625,580.0,530.0,580.0,872,
2025-03-11,540.0,542.0,503.6499938964844,542.0,4081,
2025-03-12,529.2000122070312,529.2000122070312,529.2000122070312,529.2000122070312,80,
2025-03-13,518.6500244140625,539.75,518.6500244140625,518.6500244140625,26,
2025-03-17,508.2999877929688,509.0,508.2999877929688,513.3499755859375,1,
2025-03-18,498.1499938964844,505.0,498.1499938964844,498.1499938964844,2890,
2025-03-19,505.0,508.0,500.0,505.0,764,
2025-03-20,501.6000061035156,509.0,501.6000061035156,501.6000061035156,483,
2025-03-21,492.0,501.6000061035156,492.0,492.0,2169,
2025-03-24,488.0,488.0,483.0,488.0,3038,
2025-03-25,478.25,488.0,478.25,478.25,1209,
2025-03-26,469.0,475.0,468.7000122070313,469.0,2574,
2025-03-27,460.0,465.0,460.0,460.0,64114,
2025-03-28,451.0,460.0,451.0,451.0,2198,
2025-04-01,460.0,460.0,451.0,460.0,280,
2025-04-02,465.7999877929688,469.2000122070313,451.0,465.7999877929688,2390,
2025-04-03,475.1000061035156,475.1000061035156,474.0,475.1000061035156,1161,
2025-04-04,466.0,484.6000061035156,466.0,466.0,845,
2025-04-07,456.7000122070313,456.7000122070313,456.7000122070313,460.0,2328,
2025-04-08,452.0,456.0,451.5,452.0,2621,
2025-04-09,450.0,460.9500122070313,444.0,450.0,554,
2025-04-11,450.0,459.0,450.0,450.0,1217,
2025-04-15,455.0,455.0,450.0,455.0,419,
2025-04-16,458.0,458.0,455.0,458.0,2375,
2025-04-17,467.1499938964844,467.1499938964844,460.0,467.1499938964844,411,
2025-04-21,490.5,490.5,490.5,490.5,1963,
2025-04-22,515.0,515.0,514.0,515.0,5963,
2025-04-23,540.75,540.75,539.0,539.0,4704,
2025-04-24,567.75,567.75,555.0,555.0,951,
2025-04-25,596.0999755859375,596.0999755859375,567.8499755859375,567.8499755859375,5163,
2025-04-28,625.9000244140625,625.9000244140625,593.1500244140625,596.0999755859375,5190,
2025-04-29,657.1500244140625,657.1500244140625,646.0,649.0,4335,
2025-04-30,670.25,670.25,669.0,670.25,3018,
2025-05-02,683.6500244140625,683.6500244140625,683.6500244140625,683.6500244140625,3539,
2025-05-05,697.2999877929688,697.2999877929688,695.0,697.2999877929688,1615,
2025-05-06,711.2000122070312,711.2000122070312,711.2000122070312,711.2000122070312,2730,
2025-05-07,721.0,725.4000244140625,711.2000122070312,721.0,7027,
2025-05-08,732.9000244140625,735.0,721.0,732.9000244140625,808,
2025-05-09,718.25,720.0,718.25,718.25,1191,
2025-05-12,725.0,732.5999755859375,718.25,725.0,2708,
2025-05-13,710.5,725.0999755859375,710.5,710.5,2194,
2025-05-14,702.0,710.5,700.0,702.0,1755,
2025-05-15,711.9000244140625,712.0,689.2000122070312,711.9000244140625,517,
2025-05-16,710.0,711.9000244140625,710.0,710.0,616,
2025-05-19,715.0,724.0,715.0,715.0,330,
2025-05-20,710.0,715.0,710.0,710.0,748,
2025-05-21,712.0,720.0,711.0999755859375,712.0,711,
2025-05-22,700.0,720.0,700.0,700.0,697,
2025-05-23,700.5,700.5999755859375,700.0,700.5,2324,
2025-05-26,714.0,714.5,714.0,714.0,2597,
2025-05-27,702.0,715.0,702.0,702.0,269,
2025-05-28,706.5999755859375,716.0,706.5999755859375,706.5999755859375,42,
2025-05-29,719.9000244140625,719.9000244140625,719.9000244140625,719.9000244140625,1037,
2025-05-30,729.9000244140625,734.2000122070312,729.9000244140625,729.9000244140625,1415,
2025-06-02,735.0,744.0,735.0,735.0,1009,
2025-06-03,736.0,749.7000122070312,736.0,736.0,3668,
2025-06-04,723.5,730.0,723.0,723.5,1176,
2025-06-05,725.0,725.0,723.5,725.0,645,
2025-06-06,730.0,730.0,711.25,730.0,519,
2025-06-09,755.0,765.0,707.0,739.0,3918,
2025-06-10,774.8499755859375,787.7999877929688,732.0,760.0,2343,
2025-06-11,744.3499755859375,799.0,736.0999755859375,799.0,2211,
2025-06-12,749.2999877929688,764.0,708.0,764.0,1572,
2025-06-13,737.7000122070312,745.0,712.0,745.0,440,
2025-06-16,723.7999877929688,749.9500122070312,705.0,749.9500122070312,317,
2025-06-17,721.6500244140625,736.0,700.0,702.0,4120,
2025-06-18,693.9000244140625,729.9000244140625,692.0499877929688,692.0499877929688,696,
2025-06-19,699.9500122070312,724.9000244140625,675.0499877929688,714.9000244140625,393,
2025-06-20,700.0,710.0,669.2000122070312,699.9500122070312,1163,
2025-06-23,683.5999755859375,719.8499755859375,666.0,666.0,416,
2025-06-24,681.1500244140625,709.4000244140625,666.4500122070312,680.0,4666,
2025-06-25,685.5999755859375,713.0,666.4500122070312,680.0499877929688,10175,
2025-06-26,698.3499755859375,719.0,686.9500122070312,719.0,7427,
2025-06-27,694.3499755859375,712.0,681.0,690.0,2106,
2025-06-30,699.9500122070312,719.2000122070312,698.25,719.2000122070312,789,
2025-07-01,730.0,734.9000244140625,683.6500244140625,688.7999877929688,22645,
2025-07-02,733.8499755859375,764.9000244140625,718.7999877929688,764.9000244140625,10344,
2025-07-03,739.7999877929688,750.0499877929688,698.0,750.0499877929688,4515,
2025-07-04,729.5999755859375,746.0,718.8499755859375,741.0499877929688,2892,
2025-07-07,717.9500122070312,733.0999755859375,706.0,733.0999755859375,3289,
2025-07-08,718.1500244140625,731.8499755859375,707.0,720.0,9654,
2025-07-09,736.9000244140625,754.0499877929688,700.0,700.0,61649,
2025-07-10,773.7000122070312,773.7000122070312,754.0,773.5,46331,
2025-07-11,810.0999755859375,812.3499755859375,751.0,751.0,54530,
2025-07-14,835.7999877929688,839.7999877929688,809.0,827.0,10851,
2025-07-15,824.9000244140625,875.9500122070312,818.75,849.7999877929688,13783,
2025-07-16,840.5,850.0,832.5,836.0499877929688,5047,
2025-07-17,827.7999877929688,868.0,822.0499877929688,868.0,9801,
2025-07-18,850.75,860.0,825.0999755859375,825.0999755859375,13297,
2025-07-21,893.25,893.25,846.5,850.75,8991,
2025-07-22,937.9000244140624,937.9000244140624,937.9000244140624,937.9000244140624,2946,
2025-07-23,942.8499755859376,984.75,915.0,984.75,91629,
2025-07-24,895.7000122070312,974.0,895.7000122070312,973.75,10449,
2025-07-25,879.2999877929688,889.9500122070312,850.9500122070312,860.0,27844,
2025-07-28,847.75,877.5,836.0,877.5,6024,
2025-07-29,890.0999755859375,890.0999755859375,810.0999755859375,810.0999755859375,16045,
2025-07-30,911.2999877929688,928.1500244140624,885.1500244140625,925.7999877929688,14965,
2025-07-31,946.75,955.0,880.0,899.3499755859375,10081,
2025-08-01,902.75,979.0,899.4500122070312,979.0,11535,
2025-08-04,904.6500244140624,930.8499755859376,871.3499755859375,930.8499755859376,3633,
2025-08-05,860.9000244140625,925.9500122070312,859.4500122070312,925.9500122070312,6669,
2025-08-06,829.6500244140625,861.0,820.5999755859375,857.0,15397,
2025-08-07,830.5999755859375,841.0,805.5,820.5499877929688,7690,
2025-08-08,850.2999877929688,871.0,813.0,819.0,16059,
2025-08-11,879.3499755859375,890.0,856.5,888.0,4762,
2025-08-12,873.7999877929688,898.7999877929688,862.7000122070312,876.0,2717,
2025-08-13,872.9500122070312,961.0,860.5999755859375,879.2000122070312,5117,
2025-08-14,876.25,919.6500244140624,865.0499877929688,919.6500244140624,1855,
2025-08-18,865.9500122070312,911.25,850.0,911.25,2009,
2025-08-19,860.0,868.5,852.0499877929688,867.9500122070312,11179,
2025-08-20,851.0999755859375,867.9500122070312,832.0,867.9500122070312,1751,
2025-08-21,847.8499755859375,857.75,844.0,854.9000244140625,1723,
2025-08-22,837.9500122070312,851.5,821.0,846.5999755859375,3502,
2025-08-25,855.4000244140625,868.0,830.0,837.9500122070312,2956,
2025-08-26,871.0499877929688,940.0,835.5499877929688,850.4000244140625,50815,
2025-08-28,865.0499877929688,871.0,845.5499877929688,860.1500244140625,1432,
2025-08-29,836.9500122070312,873.4000244140625,835.0,865.0499877929688,2358,
2025-09-01,833.25,845.5499877929688,821.0,836.9500122070312,2347,
2025-09-02,837.6500244140625,845.0,825.0,835.0,1170,
2025-09-03,844.1500244140625,887.4000244140625,825.2000122070312,844.4000244140625,3660,
2025-09-04,861.75,895.0,835.0,869.7999877929688,6488,
2025-09-05,853.75,871.0499877929688,832.1500244140625,848.0499877929688,3389,
2025-09-08,875.2000122070312,879.0,852.2000122070312,856.5,1977,
2025-09-09,863.0,888.75,854.25,888.75,1156,
2025-09-10,861.4500122070312,879.0,853.75,858.3499755859375,1153,
2025-09-11,852.25,861.5,836.0,857.1500244140625,1735,
2025-09-12,866.5499877929688,908.0,841.6500244140625,859.0,10874,
2025-09-15,868.5999755859375,897.0,857.5,897.0,1703,
2025-09-16,881.5,890.0,870.0,870.0,6051,
2025-09-17,884.0999755859375,890.0,874.75,888.7999877929688,1649,
2025-09-18,881.7999877929688,897.3499755859375,879.0,897.3499755859375,2315,
2025-09-19,873.2000122070312,880.0,864.0,880.0,2522,
2025-09-22,882.2999877929688,884.9500122070312,870.0,870.0,1290,
2025-09-23,871.7000122070312,878.4500122070312,870.0,873.0,349,
2025-09-24,890.0,895.0,870.0,870.0,8825,
2025-09-25,870.0,942.7000122070312,852.0,890.0,7021,
2025-09-26,858.4500122070312,879.4000244140625,839.9500122070312,879.3499755859375,5925,
2025-09-29,852.5499877929688,890.0,851.8499755859375,890.0,1514,
2025-09-30,843.0499877929688,866.5999755859375,831.25,852.5499877929688,1655,
2025-10-01,822.6500244140625,846.0999755859375,805.0,846.0999755859375,3140,
2025-10-03,836.75,851.6500244140625,812.4000244140625,820.0,9459,
2025-10-06,823.0,845.0,809.0,845.0,1871,
2025-10-07,797.9500122070312,823.0,788.0,820.0,3816,
2025-10-08,825.7000122070312,845.4500122070312,766.75,797.9500122070312,7798,
2025-10-09,821.0499877929688,831.0,807.2000122070312,815.0,2299,
2025-10-10,797.4000244140625,831.0,782.5999755859375,826.9000244140625,2616,
2025-10-13,770.3499755859375,813.2000122070312,760.1500244140625,800.0,3468,
2025-10-14,748.9000244140625,777.7999877929688,736.5499877929688,770.3499755859375,6274,
2025-10-15,750.9000244140625,770.5499877929688,714.0499877929688,770.5499877929688,6876,
2025-10-16,769.25,796.0499877929688,728.0,780.0,1397,
2025-10-17,755.5499877929688,780.8499755859375,740.0999755859375,780.7999877929688,437,
2025-10-20,742.4500122070312,787.0,721.0499877929688,755.5499877929688,4564,
2025-10-21,778.1500244140625,785.0,740.0,740.0,2226,
2025-10-23,777.2000122070312,797.1500244140625,750.0,789.9000244140625,15005,
2025-10-24,770.0999755859375,791.9000244140625,761.4500122070312,770.0,3409,
2025-10-27,779.9500122070312,793.2999877929688,769.1500244140625,793.2999877929688,5474,
2025-10-28,805.2000122070312,820.0,777.25,781.7999877929688,15820,
2025-10-29,840.3499755859375,855.0,794.3499755859375,834.0,5999,
2025-10-30,846.5499877929688,857.3499755859375,813.4500122070312,820.0,3439,
2025-10-31,858.25,866.0,829.4500122070312,847.0,6131,
2025-11-03,832.25,876.5,787.7999877929688,866.5,16982,
2025-11-04,850.5999755859375,875.0,825.0,847.75,42791,
2025-11-06,855.25,896.0,843.0,848.0,14145,
2025-11-07,849.5,881.9500122070312,835.0,870.0,6136,
2025-11-10,836.6500244140625,885.0,825.2000122070312,885.0,1284,
2025-11-11,856.0499877929688,863.2000122070312,838.6500244140625,845.0499877929688,3555,
2025-11-12,869.7999877929688,878.9000244140625,835.4000244140625,846.25,1111,
2025-11-13,856.5499877929688,871.5999755859375,836.4500122070312,871.5999755859375,1754,
2025-11-14,845.0,856.6500244140625,834.1500244140625,856.5999755859375,289,
2025-11-17,850.0,865.4000244140625,821.2000122070312,849.2999877929688,1548,
2025-11-18,824.75,854.4000244140625,820.0,848.4000244140625,5723,
2025-11-19,834.7999877929688,840.9500122070312,827.4000244140625,832.3499755859375,1744,
2025-11-20,820.2999877929688,847.5499877929688,819.5,845.4000244140625,2873,
2025-11-21,873.4000244140625,939.4500122070312,833.8499755859375,833.8499755859375,121554,
2025-11-24,826.25,874.0499877929688,812.2000122070312,869.8499755859375,8794,
2025-11-25,815.4500122070312,841.0,810.0999755859375,838.6500244140625,2542,
2025-11-26,806.6500244140625,836.9500122070312,800.0,813.0499877929688,2870,
2025-11-27,803.9500122070312,816.4500122070312,801.0,814.7000122070312,2434,
2025-11-28,879.8499755859375,920.0,785.0,785.0,179140,
2025-12-01,844.5499877929688,899.0,835.1500244140625,880.8499755859375,16452,
2025-12-02,831.7999877929688,849.7000122070312,821.0,849.7000122070312,11544,
2025-12-03,812.25,843.9500122070312,804.0,823.5,2899,
2025-12-04,806.2000122070312,826.4500122070312,800.0,824.0,8642,
2025-12-05,814.6500244140625,825.0,794.0999755859375,810.25,5436,
2025-12-08,763.1500244140625,818.5999755859375,752.5999755859375,818.5999755859375,5577,
2025-12-09,768.7999877929688,776.2000122070312,743.7000122070312,770.0,2980,
2025-12-10,770.75,783.5,747.0,768.75,2517,
2025-12-11,765.6500244140625,793.7999877929688,752.2000122070312,773.4000244140625,6564,
2025-12-12,759.25,780.0,742.3499755859375,780.0,12868,
2025-12-15,760.4500122070312,765.5499877929688,750.1500244140625,757.25,1680,
2025-12-16,747.7999877929688,763.5499877929688,736.0999755859375,763.5499877929688,1023,
2025-12-17,753.5,765.0,740.0,740.0,2694,
2025-12-18,724.25,759.2000122070312,712.5,749.75,13364,
2025-12-19,725.25,734.9500122070312,716.3499755859375,734.2999877929688,1233,
2025-12-22,746.0999755859375,751.0,717.0,717.0,2739,
2025-12-23,758.4500122070312,806.25,737.0,770.0,4496,
2025-12-24,752.75,765.0999755859375,743.2000122070312,758.4500122070312,1792,
2025-12-26,743.5999755859375,749.0,740.6500244140625,748.9500122070312,365,
2025-12-29,723.0499877929688,750.0,715.0,723.0,1323,
2025-12-30,720.4000244140625,744.7000122070312,715.0499877929688,718.7999877929688,2035,
2025-12-31,719.75,736.9000244140625,709.0,731.9500122070312,2885,
2026-01-01,726.0499877929688,737.0,712.5999755859375,737.0,1464,
2026-01-02,735.3499755859375,738.0,722.4500122070312,726.0,540,
2026-01-05,721.0,740.7999877929688,717.1500244140625,740.7999877929688,668,
2026-01-06,732.0499877929688,751.9000244140625,718.75,730.0499877929688,3844,
2026-01-07,718.5,733.4500122070312,708.0,718.0,1978,
2026-01-08,702.5,728.1500244140625,700.0,711.0,43008,
2026-01-09,669.0,720.0999755859375,658.0499877929688,720.0999755859375,4638,
2026-01-12,686.5499877929688,699.0,656.2999877929688,666.0499877929688,1384,
2026-01-13,662.2000122070312,718.0,655.3499755859375,718.0,5436,
2026-01-14,657.1500244140625,697.2999877929688,653.4500122070312,697.2999877929688,2026,
2026-01-15,657.1500244140625,657.1500244140625,657.1500244140625,657.1500244140625,0,
2026-01-16,678.6500244140625,683.9000244140625,653.9000244140625,653.9000244140625,946,
2026-01-19,679.5,700.0,675.3499755859375,700.0,969,
2026-01-20,643.4500122070312,676.0999755859375,636.3499755859375,673.4500122070312,1333,
2026-01-21,613.1500244140625,641.2000122070312,602.0,641.2000122070312,6110,
2026-01-22,674.5499877929688,706.0,610.0499877929688,610.0499877929688,1226,
2026-01-23,683.4000244140625,701.8499755859375,632.0,699.8499755859375,12014,
2026-01-27,696.0499877929688,713.9000244140625,683.2000122070312,698.8499755859375,4452,
2026-01-28,751.0999755859375,762.0,705.0,705.0,6463,
2026-01-29,754.4500122070312,775.0,735.0499877929688,762.4000244140625,5999,
2026-01-30,779.9000244140625,785.0,756.2999877929688,764.5499877929688,4380,
2026-02-02,857.5999755859375,869.9500122070312,819.9500122070312,820.0,23232,
2026-02-03,921.9000244140624,948.0,883.8499755859375,947.0,21972,
2026-02-04,896.4500122070312,930.25,890.5,925.5,2108,
2026-02-05,913.5999755859376,925.0,880.0999755859375,883.0,15694,
2026-02-06,915.75,922.9000244140624,894.2999877929688,900.0499877929688,6972,
2026-02-09,953.0999755859376,975.0,890.25,935.0,19112,
2026-02-10,950.4000244140624,980.0,950.0,979.0,7491,
2026-02-11,954.0999755859376,979.0,935.0,959.0,19611,
2026-02-12,892.4500122070312,978.5499877929688,860.0999755859375,970.0,11944,
2026-02-13,873.0,893.3499755859375,851.2999877929688,879.0499877929688,4261,
2026-02-16,877.8499755859375,884.1500244140625,863.1500244140625,872.9500122070312,1277,
2026-02-17,861.8499755859375,886.0,850.0,883.7000122070312,1310,
2026-02-18,859.25,888.7999877929688,851.0999755859375,868.0,1447,
2026-02-19,851.2000122070312,875.1500244140625,847.0,859.9500122070312,1358,
2026-02-20,829.9000244140625,853.25,801.0,838.4000244140625,2460,
2026-02-23,853.2999877929688,867.9500122070312,805.0499877929688,805.0499877929688,2370,
2026-02-24,830.0,867.4000244140625,825.0999755859375,866.0999755859375,2596,
2026-02-25,822.25,841.0,818.0999755859375,829.9500122070312,618,
2026-02-26,818.4500122070312,823.9500122070312,815.0,821.9000244140625,484,
2026-02-27,757.7000122070312,832.4000244140625,730.5999755859375,820.0,6184,
2026-03-02,723.4500122070312,744.75,700.0,700.0,4372,
2026-03-04,731.3499755859375,765.0,680.0999755859375,700.0,20487,
2026-03-05,731.3499755859375,765.0,691.0,691.0,1504,
2026-03-06,728.8499755859375,747.9500122070312,715.2000122070312,730.0,1386,
2026-03-09,721.4500122070312,733.75,707.0,707.0,799,
2026-03-10,708.75,749.1500244140625,702.0,720.0499877929688,7156,
2026-03-11,707.4000244140625,730.0,701.0499877929688,719.6500244140625,1840,
2026-03-12,719.9000244140625,724.4000244140625,706.1500244140625,711.5499877929688,3423,
2026-03-13,731.9000244140625,744.0,705.0,705.0,4041,
2026-03-16,711.2000122070312,730.0,702.4000244140625,710.0,4297,
2026-03-17,717.5,719.5,709.5499877929688,717.9500122070312,1532,
2026-03-18,711.4500122070312,728.0499877929688,708.0,718.25,2751,
2026-03-19,699.2999877929688,714.0999755859375,695.0,708.0499877929688,17132,
2026-03-20,706.25,720.25,702.2999877929688,720.0,1248,
2026-03-23,675.0499877929688,709.75,663.0,709.75,32060,
2026-03-24,688.0999755859375,693.0,660.0,685.0499877929688,1418,
2026-03-25,720.2000122070312,723.0,699.2000122070312,715.0499877929688,36837,
2026-03-27,700.0499877929688,736.9500122070312,695.0499877929688,720.25,1367,
2026-03-30,658.6500244140625,685.0,648.0,685.0,3846,
2026-04-01,699.4000244140625,700.0,679.7000122070312,700.0,1261,
2026-04-02,712.0,718.4500122070312,682.5999755859375,694.0,1173,
2026-04-06,736.0999755859375,747.9500122070312,712.0,715.5999755859375,1689,
2026-04-07,739.3499755859375,757.9500122070312,733.9500122070312,757.9500122070312,734,
2026-04-08,757.3499755859375,887.2000122070312,742.5,755.0,69459,
2026-04-09,728.4000244140625,756.5,712.4000244140625,756.5,6304,
2026-04-10,747.0499877929688,758.7999877929688,728.4000244140625,728.4000244140625,2890,
2026-04-13,730.0999755859375,740.0,715.0,715.0,1136,
2026-04-15,761.7000122070312,777.0499877929688,750.0,760.0,4203,
2026-04-16,770.2999877929688,796.0,752.7000122070312,790.0,2862,
2026-04-17,787.5,816.9500122070312,770.0,816.9500122070312,3432,
2026-04-20,776.7999877929688,814.9500122070312,752.0499877929688,784.6500244140625,930,
2026-04-21,782.4000244140625,799.9500122070312,766.5499877929688,799.9500122070312,1570,
2026-04-22,796.4500122070312,804.9000244140625,732.0,732.0,1310,
2026-04-23,786.1500244140625,799.9000244140625,764.4000244140625,781.4000244140625,1392,
2026-04-24,788.4500122070312,815.0,766.0,815.0,6146,
2026-04-27,771.4000244140625,794.9500122070312,765.2000122070312,794.9500122070312,1285,
2026-04-28,776.2999877929688,789.2999877929688,760.0,780.0,1810,
2026-04-29,776.8499755859375,794.5499877929688,760.0499877929688,775.0,13553,
2026-04-30,766.4000244140625,781.9000244140625,762.0,779.0499877929688,2246,
2026-05-04,761.2000122070312,780.0499877929688,746.0,780.0499877929688,6212,
2026-05-05,752.6500244140625,775.0,745.5,775.0,2812,
2026-05-06,763.5499877929688,769.3499755859375,750.5499877929688,752.6500244140625,5413,
2026-05-07,759.5499877929688,785.0,751.5999755859375,776.7000122070312,3806,
2026-05-08,728.4000244140625,761.7000122070312,724.4000244140625,761.7000122070312,5183,
2026-05-11,723.25,753.75,721.0999755859375,753.75,3134,
2026-05-12,714.25,719.9500122070312,705.0499877929688,716.0,1374,
2026-05-13,730.3499755859375,734.0,721.0,729.9500122070312,522,
2026-05-14,735.1500244140625,747.4000244140625,722.3499755859375,734.2999877929688,1937,
2026-05-15,734.8499755859375,738.9500122070312,725.0499877929688,738.9500122070312,1323,
2026-05-18,724.9500122070312,770.0,713.0999755859375,770.0,4538,
2026-05-19,719.4000244140625,741.0,712.0,735.2999877929688,3770,
2026-05-20,718.0,730.0,691.0,691.0,1046,
2026-05-21,720.4500122070312,729.2000122070312,709.0,728.0,1404,
2026-05-22,716.7000122070312,735.2999877929688,711.0999755859375,719.6500244140625,1786,
2026-05-25,732.5999755859375,749.0,723.7000122070312,741.4500122070312,6188,
2026-05-26,734.75,745.0,715.0,745.0,553,
2026-05-27,757.3499755859375,770.0,720.0999755859375,741.9500122070312,6057,
2026-05-28,757.3499755859375,757.3499755859375,757.3499755859375,757.3499755859375,0,
2026-05-29,775.5999755859375,793.0,756.5999755859375,756.5999755859375,6352,
2026-06-01,735.5,750.7999877929688,718.8499755859375,742.3499755859375,7890,
2026-06-02,731.0499877929688,738.0,720.7999877929688,720.7999877929688,999,
2026-06-03,697.4000244140625,728.4000244140625,692.0,728.1500244140625,6137,
2026-06-04,722.5,725.0,677.0,690.0,3291,
2026-06-05,696.9500122070312,733.2000122070312,690.0,723.7000122070312,3327,
2026-06-08,698.0499877929688,714.9500122070312,682.25,700.9000244140625,3592,
2026-06-09,692.6500244140625,722.5,684.0499877929688,722.5,1750,
2026-06-10,681.7999877929688,710.0,674.5,694.0,2043,
2026-06-11,673.1500244140625,700.0999755859375,665.0,671.0,1274,
2026-06-12,694.0499877929688,702.9500122070312,680.0999755859375,690.0,2660,
2026-06-15,708.0,718.0499877929688,697.0,697.0,5866,
2026-06-16,696.5499877929688,717.9500122070312,689.75,717.9500122070312,3267,
2026-06-17,703.5,712.9000244140625,685.1500244140625,712.9000244140625,917,
2026-06-18,700.8499755859375,714.9500122070312,686.0,714.9500122070312,8029,
2026-06-19,717.1500244140625,738.5,687.5499877929688,693.9500122070312,8814,
2026-06-22,726.9000244140625,748.0,712.0,748.0,2848,
2026-06-23,715.5,741.6500244140625,711.0999755859375,724.8499755859375,3059,
2026-06-24,792.0499877929688,813.0,716.8499755859375,716.8499755859375,14705,
2026-06-25,805.25,870.0,781.0,820.0,90629,
2026-06-26,805.25,805.25,805.25,805.25,0,
2026-06-29,776.25,805.25,768.1500244140625,805.25,4738,
2026-06-30,771.2000122070312,779.7000122070312,749.0,776.0,4744,
2026-07-01,751.8499755859375,781.0499877929688,750.0,756.0499877929688,3426,
2026-07-02,798.25,800.0,754.0499877929688,773.6500244140625,8542,
2026-07-03,785.0,822.0,772.0,822.0,593,
2026-07-06,764.75,789.0,755.0499877929688,759.7999877929688,2915,
2026-07-07,738.2000122070312,790.0,731.0999755859375,790.0,1806,
2026-07-08,722.0499877929688,757.6500244140625,712.0,757.6500244140625,1789,
2026-07-09,725.9000244140625,742.0499877929688,712.1500244140625,718.4500122070312,2314,
2026-07-10,729.8499755859375,754.0,714.8499755859375,751.2999877929688,3481,
2026-07-13,719.5499877929688,734.75,714.0,726.2999877929688,5368,719.5499877929688
2026-07-14,721.9000244140625,743.3499755859375,715.0999755859375,743.3499755859375,1900,721.9000244140625
2026-07-15,717.0499877929688,740.5,692.0999755859375,740.5,5488,717.0499877929688
2026-07-16,728.9000244140625,737.5499877929688,713.7000122070312,737.5499877929688,7996,728.9000244140625
2026-07-17,724.75,738.0,711.25,732.5,3901,724.75
2026-07-20,745.5499877929688,764.2000122070312,721.0,721.0,5074,745.5499877929688
2026-07-21,740.25,754.9000244140625,722.0999755859375,754.9000244140625,3493,740.25
2026-07-23,740.2999877929688,740.5499877929688,723.4500122070312,723.7000122070312,417,740.2999877929688
2026-07-24,729.9000244140625,760.0,725.0,740.1500244140625,1190,729.9000244140625
2026-07-27,745.7999877929688,757.0,680.0,680.0,854,745.7999877929688
2026-07-28,775.0,775.0,741.2999877929688,774.0,3374,775.0
2026-07-29,749.75,758.7999877929688,741.9000244140625,749.5999755859375,15658,749.75
2026-07-30,749.9500122070312,750.0,740.5499877929688,747.7999877929688,341,749.9500122070312
2026-07-31,740.5999755859375,798.9500122070312,740.0,798.9500122070312,2682,740.5999755859375
2026-08-03,760.8499755859375,764.9500122070312,735.0,764.9500122070312,1859,760.8499755859375
2026-08-04,801.75,832.1500244140625,760.0999755859375,760.0999755859375,33586,801.75
2026-08-05,808.1500244140625,833.0,800.0,813.7999877929688,4761,808.1500244140625
2026-08-06,809.9000244140625,824.9000244140625,800.0,811.6500244140625,3594,809.9000244140625
2026-08-07,830.3499755859375,845.0499877929688,802.5999755859375,832.0,7893,830.3499755859375
2026-08-10,827.1500244140625,841.9000244140625,793.2000122070312,823.2000122070312,4400,827.1500244140625
2026-08-11,833.0999755859375,844.9500122070312,817.4000244140625,840.0,3250,833.0999755859375
2026-08-12,820.5999755859375,844.0,800.0,844.0,2415,820.5999755859375
2026-08-13,850.0,879.1500244140625,802.7999877929688,839.9000244140625,37455,850.0
2026-08-14,,850.0,810.0,839.7999877929688,19545,
