Date,Close,High,Low,Open,Volume,Adj Close
2020-10-01,560.4146118164062,700.7578547279755,560.4146118164062,700.5182793930259,15779086,
2020-10-05,502.1498718261719,543.0693482703259,495.05841894252296,528.119813175353,6106136,
2020-10-06,503.0602722167969,527.0657077537494,500.8561909551132,503.1081755831244,2427301,
2020-10-07,495.4896545410156,512.2120232177953,482.2172054925777,505.5039144010982,2096881,
2020-10-08,485.90667724609375,504.78522512830864,482.0255685610617,501.0478265486059,1268893,
2020-10-09,465.9739990234375,487.535777898558,461.6616432484134,484.9004493693766,1595506,
2020-10-12,417.244384765625,462.6199576693009,413.98616615875295,462.6199576693009,2003724,
2020-10-13,436.21875,449.4432958339887,398.1741778657192,410.152943746156,3039140,
2020-10-14,422.4671325683594,439.5728165662615,418.7776667264535,437.9915960304199,759685,
2020-10-15,401.4324035644531,426.4440730221765,399.6595403332192,425.3899357567103,572016,
2020-10-16,387.92034912109375,411.6862385760044,381.4518154364866,402.72611569720834,1014836,
2020-10-19,393.9576721191406,407.27805440235176,390.9869322262576,393.622260813567,525563,
2020-10-20,390.6514892578125,399.5157756057533,387.2015989923101,396.6408719253401,469258,
2020-10-21,413.6507568359375,424.3837432636432,390.507785924047,393.8618405270757,1907849,
2020-10-22,416.7173156738281,421.6525613957028,409.2904807856084,413.8903152119115,605243,
2020-10-23,412.26123046875,420.16721618436736,409.19465461437545,419.2089148855046,327371,
2020-10-26,400.42620849609375,414.46531684782815,397.6950439117889,413.9861661925128,302213,
2020-10-27,394.7242736816406,401.3365463681074,390.07650683306224,398.9407932755446,266452,
2020-10-28,401.2886657714844,409.002979469197,393.8618307631763,393.8618307631763,373300,
2020-10-29,382.5059509277344,397.6950320990796,381.4039103022498,394.9159642298037,657906,
2020-10-30,394.4367980957031,409.81752137232417,383.3204978102007,383.3204978102007,909228,
2020-11-02,408.044677734375,413.02785614222535,395.922172260414,400.6657753456761,630946,
2020-11-03,406.31976318359375,419.2568311151469,403.4448591988042,411.5904204890413,421713,
2020-11-04,412.7403564453125,417.8193413276585,399.1324671169031,405.26558921399055,389432,
2020-11-05,416.0465087890625,421.5567413335031,412.0695641929515,416.81316738574486,303240,
2020-11-06,425.86907958984375,436.9853801982805,416.0464915481061,416.9568894548661,743919,
2020-11-09,403.6844177246094,415.9027591512889,399.132486604866,415.71108719560175,617657,
2020-11-10,397.5992126464844,408.1884598015442,396.7367473056965,404.403157881652,442656,
2020-11-11,396.4971618652344,402.3428056293542,394.96387394013226,399.51580510353983,185957,
2020-11-12,398.4137573242188,403.8760863204839,396.4971547634288,396.7367300835275,186211,
2020-11-13,401.0969848632813,408.14050504683706,398.5095889812835,399.5637262272977,284246,
2020-11-14,404.2594299316406,406.99059462534507,401.5282652379362,405.073991927312,56608,
2020-11-17,397.9346008300781,406.7030515676944,397.69502551350377,406.7030515676944,247578,
2020-11-18,398.6533508300781,401.4803514342191,395.2992961956904,398.4137754990504,263475,
2020-11-19,397.1200256347656,406.7030379775208,395.77840975578647,397.6471088606368,296620,
2020-11-20,401.19281005859375,403.4927271958005,395.87424985098846,400.2824414235708,304779,
2020-11-23,399.1803894042969,404.0677318170339,398.65333539445743,401.1928279560162,177145,
2020-11-24,406.03228759765625,415.9027796564659,397.4554789458968,401.8636709387283,458285,
2020-11-25,399.3720703125,410.4404387275259,397.6950430226455,406.751002085874,224691,
2020-11-26,400.857421875,405.07397098874543,398.0783539555113,400.5699431831695,119786,
2020-11-27,400.857421875,405.3614496805759,399.4199699257781,403.4448470816133,156651,
2020-12-01,400.90533447265625,404.1635528792261,399.8032938822768,404.1635528792261,129453,
2020-12-02,402.7261047363281,408.140501009297,398.7970637191621,401.4803247956569,251934,
2020-12-03,405.2655944824219,410.1529367270074,402.5344300594152,404.3552258381086,231081,
2020-12-04,426.8753051757813,441.6331386343458,406.3676349497529,408.1404981181756,1480268,
2020-12-07,434.4458923339844,446.56839771037727,426.4919741410494,429.22313864558106,690652,
2020-12-08,427.4023742675781,440.67485294978223,422.89834651786566,437.5124411536965,305777,
2020-12-09,421.9400634765625,431.0918587158783,419.8797214681421,430.564775437887,170482,
2020-12-10,418.0110168457031,426.53989211960896,413.0757420133844,419.7359473972677,141156,
2020-12-11,413.1716003417969,426.3482432389871,411.06335502526736,418.3943541336062,202943,
2020-12-14,407.9967651367188,415.9506539686753,406.31973791654434,414.5611346761225,196683,
2020-12-15,411.2549743652344,417.723507783494,406.4634681294865,408.1884279213757,182628,
2020-12-16,413.74658203125,423.23375895493416,411.159156849775,414.8965552774688,237265,
2020-12-17,411.7820739746094,420.6942642295217,410.39252541296736,414.9444565179565,226051,
2020-12-18,408.6676025390625,416.8610669852412,406.7989032993905,416.8610669852412,223254,
2020-12-21,390.8431701660156,410.4404131566513,386.1954032604012,410.4404131566513,437985,
2020-12-22,391.2744140625,399.4199752159763,383.3684282370671,393.861839303383,375210,
2020-12-23,392.0410461425781,399.3720448358493,390.124443647865,395.7305117939076,479380,
2020-12-24,393.9097595214844,399.99497896310527,392.9993907829971,394.82015750500807,269205,
2020-12-28,397.2637939453125,401.5282464468792,394.9638766643135,397.59920525077865,342149,
2020-12-29,399.5158081054688,409.6738077849325,396.78464353789553,399.4679047382447,381045,
2020-12-30,417.7235107421875,424.2878801806635,396.1138291639186,401.4803220349732,2402565,
2020-12-31,478.3360900878906,490.5544317150477,429.5106561914879,435.93125738187496,7416688,
2021-01-01,479.4381408691406,513.5537031096768,468.3218689028285,476.2757581968338,8921524,
2021-01-04,468.801025390625,485.8587774778283,464.8719840630003,483.8942714365338,1353228,
2021-01-05,461.6137390136719,472.3466958198491,459.9846151370479,459.9846151370479,565541,
2021-01-06,451.74322509765625,468.5134977781115,447.2871299201423,462.85952598056497,521311,
2021-01-07,453.2765197753906,461.42208091300336,452.3182184650833,454.6181357608139,327805,
2021-01-08,454.6181335449219,467.6510371505845,452.4619556072399,454.1389828921037,375619,
2021-01-11,447.95794677734375,459.9846161901346,445.8017688889525,456.8701370180139,339344,
2021-01-12,444.1726379394531,452.0307200389845,441.5373094511392,447.5266923791254,334891,
2021-01-13,434.4458923339844,454.6181226355489,431.37931653152174,445.61009642773695,452968,
2021-01-14,437.2249450683594,442.7351772527825,431.6188769099831,435.0208638926034,253267,
2021-01-15,429.0794067382813,440.3873503713935,427.4023794645973,439.860296354821,195224,
2021-01-18,422.1317138671875,437.7520130341799,416.9089601928375,431.1397400507609,220352,
2021-01-19,437.27288818359375,443.5497794852165,424.1441774194647,429.31899878799135,479879,
2021-01-20,436.5062255859375,447.3829507772064,434.5896230586666,437.9436774813906,262912,
2021-01-21,424.7191467285156,439.6686235727311,422.9462834792234,438.7103222752796,214629,
2021-01-22,420.4067687988281,431.0438892455621,418.9693169281848,426.0128076983105,181545,
2021-01-25,408.8592224121094,425.8690695974717,407.32593456329545,422.5150152228932,164301,
2021-01-27,409.7696228027344,420.6942512691451,402.486527410116,408.8592249117696,269514,
2021-01-28,408.3800964355469,418.5380961463778,405.9364397988768,408.7155077422556,150384,
2021-01-29,405.3614196777344,415.90273319181256,403.540653192491,413.5069801204312,125394,
2021-02-01,410.9674987792969,414.4652925086872,403.30108874445415,407.2780331010221,142873,
2021-02-02,413.7944946289063,420.9817544655248,412.59661798946985,415.5673579042792,109130,
2021-02-03,419.4963684082031,431.2355586149433,410.15293130487936,416.5256287109603,344059,
2021-02-04,427.0190734863281,434.97296273398223,419.87971696358767,422.4192096092819,283832,
2021-02-05,421.0296936035156,431.5710081939324,419.78388433217225,430.7085428491781,110068,
2021-02-08,421.1255187988281,426.4440793261175,419.9276421715076,422.6108741186917,97901,
2021-02-09,417.7235107421875,426.34822202762166,416.86104546265074,421.029661766284,106159,
2021-02-10,415.23193359375,420.88593455086993,413.4111670078288,416.8610574703836,77714,
2021-02-11,422.9462890625,425.9170289728231,412.2612353038703,412.2612353038703,185952,
2021-02-12,431.42724609375,439.86028562337407,424.0483145715534,425.67743843854254,408130,
2021-02-15,419.64013671875,440.8186014641887,408.28426037550247,438.901998849127,309344,
2021-02-16,417.5798034667969,425.4857894188361,414.9923781844789,422.4671460861555,171184,
2021-02-17,427.4023742675781,429.7981274865668,414.94445752883706,416.861060104028,290306,
2021-02-18,422.27545166015625,435.9312448509098,421.4608897260869,432.8646983129891,269964,
2021-02-19,430.0376892089844,450.20991897693,421.7004565725461,422.3233757858116,1260017,
2021-02-22,421.7004699707031,437.943688495861,417.8193614533816,431.3314154594818,316530,
2021-02-23,415.759033203125,428.3606897021798,413.0757719622199,428.3606897021798,250504,
2021-02-24,425.86907958984375,434.4458876755209,417.1964647729572,418.3464087527744,356597,
2021-02-25,423.32958984375,433.1042745839963,421.748398582984,429.6064515208955,186194,
2021-02-26,414.4173889160156,421.94003036254026,410.6320872653809,419.6880458120707,196061,
2021-03-01,417.9151916503906,423.9524779816105,414.0819865524646,420.16720549442897,195849,
2021-03-02,416.0465087890625,423.5691799378711,414.9444681291814,420.21512534560287,183481,
2021-03-03,419.0172424316406,428.0252687812784,417.91520178826016,417.91520178826016,285927,
2021-03-04,418.0110168457031,423.5691523963294,413.9861398986749,415.2319198253567,121851,
2021-03-05,421.1255187988281,428.3606819298303,415.90276500569655,417.7714642423306,333499,
2021-03-08,418.3943481445313,426.4440731138533,416.8610602348903,424.1920592382901,130269,
2021-03-09,420.9817199707031,433.6313079446713,418.3943241885502,418.3943241885502,401718,
2021-03-10,418.7776794433594,426.3482540694153,417.1485554912176,423.5212827048625,129682,
2021-03-12,413.8903198242188,425.9649218841139,411.11125194214816,422.13171673780016,192692,
2021-03-15,412.7882995605469,417.77147819463744,407.4218062419191,414.0340795965516,185181,
2021-03-16,428.2648315429688,436.985378945493,411.0633413003584,415.4236003791036,806196,
2021-03-17,415.3277587890625,431.5230441776732,413.98614287874,429.3189629853599,170370,
2021-03-18,405.7926940917969,421.60466542134566,403.78025552812016,418.5859929533132,201172,
2021-03-19,402.6302795410156,406.0801700202833,391.75355409382536,405.3614440556457,206882,
2021-03-22,403.5885620117188,409.0987941503847,401.4323842183277,404.4031239160064,138509,
2021-03-23,403.9239807128906,408.2842397438064,402.6302681640917,405.3614326015486,84993,
2021-03-24,397.88671875,406.3197586465366,396.2575948121295,404.3552526435475,106065,
2021-03-25,387.1058044433594,399.8991028276281,384.3267074021748,399.75536348809214,195975,
2021-03-26,387.1058044433594,396.7367203777033,385.045433344888,392.5202006961257,153181,
2021-03-30,388.159912109375,396.3054727867304,387.2495434630436,392.424364397298,105851,
2021-03-31,390.5556640625,402.1990476854688,388.3515828780469,388.399486242696,245810,
2021-04-01,396.3534240722656,398.2220940628061,391.7056569118882,393.2868482100485,90444,
2021-04-05,391.0348510742188,397.6950571020139,388.8786730537861,397.6950571020139,101677,
2021-04-06,394.1492919921875,398.65331956023226,390.79523762088746,392.7118401187733,124969,
2021-04-07,414.4653015136719,431.235573829254,395.9700986007864,398.0783438591535,882024,
2021-04-08,415.1361389160156,424.04832939511937,413.02786433739305,417.7235349042869,247436,
2021-04-09,416.28607177734375,417.819359680223,411.2070866719053,412.0695519782016,119382,
2021-04-12,393.5263977050781,411.1112312789537,391.9452065107041,411.1112312789537,201483,
2021-04-13,396.8804931640625,401.5282605009687,390.9869457861462,395.77845247470185,112767,
2021-04-15,393.478515625,398.4137614207724,392.088967056126,396.880473507368,91527,
2021-04-16,393.8139343261719,401.5282481596256,392.95143975271264,395.5867683504191,90685,
2021-04-19,389.980712890625,392.9035200613606,386.1954111822642,388.68700032922106,109776,
2021-04-20,393.8139343261719,398.365865540392,390.0286324605432,394.8201390018276,96189,
2021-04-22,402.5344543457031,410.152961472946,389.0703326121871,390.02863392403975,218102,
2021-04-23,399.32415771484375,408.0446760244874,397.31171916452814,399.6116364027313,89802,
2021-04-26,393.86181640625,404.4989662019948,390.0286113803984,402.486527714416,93726,
2021-04-27,395.7784423828125,402.39071559540696,392.1848124580291,394.86804443718665,126291,
2021-04-28,413.1716003417969,431.2355857262246,397.7429435368072,399.61164277296814,958836,
2021-04-29,417.8193664550781,426.3482421690303,413.9861612582425,416.9569011347971,275708,
2021-04-30,408.6676025390625,417.3402176369484,407.2780539510977,407.2780539510977,121094,
2021-05-03,404.4031372070313,416.86105375606303,402.5823706373334,406.3197397530361,163297,
2021-05-04,413.2674255371094,426.4440680904665,407.46971451164586,407.5176178774626,304137,
2021-05-05,411.4466552734375,417.7714494913769,407.37387488435206,416.3339975893468,109953,
2021-05-06,429.55853271484375,437.5603539529613,412.1653709815316,412.1653709815316,760892,
2021-05-07,429.17523193359375,446.3767222758629,426.6357394034018,433.775066356393,666513,
2021-05-10,430.6127014160156,439.5728245534427,429.2710854250453,432.2897287159873,212152,
2021-05-11,444.0289306640625,448.4850260352776,427.4502999751386,429.27109591276354,681685,
2021-05-12,433.4396667480469,450.59328343212354,431.2355854537416,446.85588496216326,293291,
2021-05-14,423.2337646484375,436.6499828913091,420.5026000857032,436.0270928933256,202854,
2021-05-17,420.4547119140625,429.1273273221957,418.8735205558715,423.2337799443733,98513,
2021-05-18,418.5380859375,426.9232221755152,417.8193599742416,424.0004149562779,136127,
2021-05-19,419.3526611328125,426.4440850120965,415.6152918547473,416.6693999048164,105249,
2021-05-20,418.2506103515625,424.38373276783847,417.819363072396,418.7776643638464,93028,
2021-05-21,419.831787109375,427.2106892512498,418.87348585107696,420.6942523928366,161318,
2021-05-24,419.59222412109375,425.8211824830181,418.0110328474583,425.48577118375374,177482,
2021-05-25,416.7652282714844,424.57537799406174,415.9027629530771,423.4254339845303,159230,
2021-05-26,415.4715270996094,422.6108836575989,413.9861717462193,413.9861717462193,159450,
2021-05-27,420.5025939941406,425.7732510846303,416.86106079327067,418.7776633716305,201441,
2021-05-28,423.7608337402344,431.0439000039107,422.6108605170045,423.7608337402344,308518,
2021-05-31,429.5106506347656,444.6517993454994,425.82118481274114,427.11489740553344,1648748,
2021-06-01,468.9926452636719,473.4008370446737,426.77948515638633,429.31897772472433,3789084,
2021-06-02,474.5508117675781,491.416891120388,464.8240302521925,474.3591398110548,2847114,
2021-06-03,459.984619140625,482.7921781416672,457.2055512489906,476.75489171346027,828250,
2021-06-04,456.91802978515625,469.47178215981216,455.1930992124698,460.6554281010329,623276,
2021-06-07,481.3068237304688,484.2775635835861,458.49926468724783,460.75124932659423,1252959,
2021-06-08,487.248291015625,499.2749602212127,478.9589616581517,484.3254546035861,1508405,
2021-06-09,470.1905212402344,495.6813413571997,463.8178235222517,488.7336570172486,666590,
2021-06-10,471.7238159179688,478.9589790501847,469.6634739676388,471.7238159179688,219884,
2021-06-11,465.6865234375,475.7007543680545,464.34487823586426,472.4904391984852,190866,
2021-06-14,472.1071166992188,474.3591305417064,447.1433802141789,467.60311825927744,417265,
2021-06-15,467.6989440917969,478.0006832061099,464.871972765588,472.44254728895976,143392,
2021-06-16,457.8284301757813,473.9278797586744,456.1514029590201,467.6510181596677,196083,
2021-06-17,455.8160095214844,465.7344338695655,452.4619549565801,459.5054753918861,157534,
2021-06-18,441.2498474121094,460.1283655661801,434.68547762642834,459.0263249148696,247395,
2021-06-21,447.6704406738281,452.0307290796284,435.3562632785975,438.3749357307032,162812,
2021-06-22,451.3598937988281,455.28893481678426,450.40159253810873,453.2285929552443,81608,
2021-06-23,444.5559387207031,454.1868837152882,442.8310081893016,453.6598004870584,74726,
2021-06-24,438.8540954589844,452.2223811513247,436.9853962113822,447.3350386341641,167869,
2021-06-25,438.9978332519531,444.8434770559,436.9853946643602,441.2019145533427,104651,
2021-06-28,435.5479431152344,443.3580929018471,433.2480258322797,441.2498475779032,85568,
2021-06-29,434.925048828125,440.8664993134289,434.1583902446752,437.6562133694102,79484,
2021-06-30,461.5657958984375,479.0547938884528,436.3624844656344,436.8895384604707,1323886,
2021-07-01,476.6111450195313,489.6919515756268,458.9784074067151,464.4886397385348,1542369,
2021-07-02,486.4337158203125,500.2332478428322,480.1568251442303,480.49223642761433,1308834,
2021-07-05,499.035400390625,512.6432905054355,488.73366144833176,490.3627853511734,1247253,
2021-07-06,483.41510009765625,509.5767137605508,479.2464836142189,499.2749748363836,537189,
2021-07-07,478.52777099609375,490.65027687054845,472.4425517523055,485.8587702604845,321967,
2021-07-08,469.7113952636719,486.72124402374544,465.2552998882091,482.02557331363374,283304,
2021-07-09,474.7903747558594,482.8880029204928,464.7761148108896,469.5676211491462,220677,
2021-07-12,480.7318420410156,495.7771549273115,478.192349441087,478.5756641126741,345030,
2021-07-13,480.49224853515625,488.733645265104,477.4257020334543,485.5233301775912,142671,
2021-07-14,479.2464904785156,492.47106608969824,476.2757505716172,482.4088731001924,211203,
2021-07-15,474.2633056640625,485.0921278586842,472.63421100746194,482.0255520126772,136211,
2021-07-16,472.0112915039063,485.1879343199176,469.6634708764377,474.3591413764094,309091,
2021-07-19,468.082275390625,479.15064355882,466.7406301926328,469.5676306876436,257097,
2021-07-20,459.8887634277344,473.30498091028153,456.29513374490926,468.3697353282083,189052,
2021-07-22,462.04498291015625,468.22603822011007,460.9429422237014,463.8178462292546,132256,
2021-07-23,479.4381408691406,485.5712927409432,462.4282923621108,464.7761423047573,541491,
2021-07-26,489.5003051757813,494.10013983836654,479.2464985439663,482.9838678629462,601371,
2021-07-27,481.6901245117188,495.4417534994431,475.3174269549783,492.99809697420017,310747,
2021-07-28,471.96337890625,481.7859669951618,466.0698319019097,479.6297891219861,176235,
2021-07-29,481.1630859375,491.6085642011491,472.921688953737,472.921688953737,258008,
2021-07-30,479.8214721679688,488.0149365774406,477.32988294124686,482.8880187781356,165248,
2021-08-02,500.61663818359375,502.724854317518,480.2048023077532,483.5588569627234,576330,
2021-08-03,524.3345947265625,545.6567992629865,504.0664982543377,504.0664982543377,3551604,
2021-08-04,506.22265625,530.6114357692395,501.4790531682901,523.2325041410318,794748,
2021-08-05,497.1188049316406,506.89348999891297,490.65027108433736,505.9351886882014,425911,
2021-08-06,505.7434997558594,512.4037053398099,498.5083368008048,498.5083368008048,374472,
2021-08-09,470.6217651367188,516.5243906660085,467.8906006357673,508.4267331402994,1438265,
2021-08-10,448.4371032714844,481.59430472521,436.02708978721887,472.44253904417343,653267,
2021-08-11,443.4539489746094,456.966003836133,430.1335660807813,452.31823644735954,508694,
2021-08-12,452.9411010742188,467.0760451705216,441.9685687973298,442.7351981350476,561872,
2021-08-13,455.43267822265625,461.13458247285246,449.8745425588783,457.10970544388647,249965,
2021-08-16,453.3244018554688,462.859511143287,447.1433762412588,447.1433762412588,270383,
2021-08-17,448.1016845703125,454.52228560206174,444.9392727979277,453.324409001545,153520,
2021-08-18,439.6686401367188,452.5099014023756,436.9854081007809,448.14961278768186,153765,
2021-08-20,430.5168762207031,441.1060943106437,428.121122875012,433.1522049009634,193049,
2021-08-23,413.36328125,435.6916903630282,410.1529659710791,434.0146630488941,205371,
2021-08-24,422.1317138671875,425.7732470334084,407.2780440262309,413.9861529866629,165511,
2021-08-25,422.1795959472656,427.9294033377359,420.02341817583925,425.38991092261807,81772,
2021-08-26,422.6587829589844,428.4565234573145,420.310962286054,425.34204418595016,64468,
2021-08-27,432.4813537597656,436.6499701555071,422.03587571005806,424.52746487435456,158851,
2021-08-30,437.2249450683594,447.2871081877408,432.529274794988,433.2480007320867,143597,
2021-08-31,434.8291931152344,452.7973415910705,432.2417680367007,440.5310972629131,219832,
2021-09-01,432.4813537597656,440.8185865512485,430.9959984813566,436.0270801756915,102415,
2021-09-02,436.6979064941406,443.5976581868219,432.28971474199096,433.0563440706108,118613,
2021-09-03,438.1832885742188,445.5622206047023,436.6020972091255,436.6979331923206,110917,
2021-09-06,437.8478698730469,445.6101164603964,436.0750065714554,440.81860983179,127856,
2021-09-07,435.45208740234375,441.3935669220085,434.1104714851712,441.3935669220085,67640,
2021-09-08,431.4751586914063,439.2374050410248,429.3189807745696,439.2374050410248,98158,
2021-09-09,437.9436950683594,444.89137950872174,430.4689566098455,431.5230646461485,221468,
2021-09-13,422.0838012695313,429.31896407773866,411.6862267592668,429.31896407773866,452427,
2021-09-14,446.2809143066406,448.91624280604736,422.7066971538498,422.7066971538498,650026,
2021-09-15,441.4894104003906,456.15140825337846,439.3332325252434,450.40160058631903,309075,
2021-09-16,438.08740234375,445.99338750746045,436.98536177599686,444.60386826813095,138826,
2021-09-17,430.1335144042969,440.2435807173305,425.58158354624265,440.2435807173305,182296,
2021-09-20,423.6170654296875,433.67922878188944,421.7483954970132,426.9232165148531,135147,
2021-09-21,420.5025939941406,426.3482377071451,417.8672654488958,425.48577239589,115857,
2021-09-22,419.1130676269531,428.3127656974491,418.58598437974325,422.6108614246584,181219,
2021-09-23,421.2213134765625,428.3606696690604,420.694259473641,422.46712268033855,123988,
2021-09-24,419.2088928222656,426.06074089950977,417.8672476784417,424.47954968861234,105096,
2021-09-27,420.0713806152344,422.515037231704,416.9089687788818,422.515037231704,117056,
2021-09-28,421.5567321777344,429.6543897869234,420.02344426270616,420.07137687429,154841,
2021-09-29,417.627685546875,423.8087404923176,413.7465770662705,421.2692479528459,124839,
2021-09-30,418.6818542480469,423.5691969853466,417.4839775597399,420.9338682710713,94083,
2021-10-01,415.8548583984375,420.8859401939836,414.1778311332555,415.9027617651432,102223,
2021-10-04,428.4565124511719,435.931250812422,418.05893760947095,419.1609782435607,377526,
2021-10-05,442.49560546875,457.1096996396183,428.4564979011521,428.7439765802705,908806,
2021-10-06,433.3917541503906,462.2845319114098,431.2355762690454,445.9934101412459,863340,
2021-10-07,431.2834777832031,440.7227512055685,428.3606705879433,436.9853820762912,253114,
2021-10-08,429.7981262207031,439.52487841214247,428.8398249359301,434.3979606895999,174384,
2021-10-11,429.6543884277344,440.818592586628,428.9356624615605,440.818592586628,210390,
2021-10-12,424.5753784179688,434.9250499842936,423.8087490775157,430.5168581641016,149845,
2021-10-13,423.9045715332031,427.6898439928576,421.8921330224199,427.6898439928576,164491,
2021-10-14,418.9693603515625,425.9170451130863,417.8193870378475,424.623332446416,196219,
2021-10-18,417.2923278808594,424.479587890898,415.9986152300452,420.2630386223133,168867,
2021-10-19,410.4883728027344,423.09002920525415,407.2780575588517,418.7776733016898,286781,
2021-10-20,401.4803466796875,414.56115374988286,397.6950447962632,414.1778390737851,252423,
2021-10-21,402.1032104492188,407.70927861212255,398.4137447867926,402.0552778396869,120151,
2021-10-22,399.70745849609375,407.661347198394,397.6950200156824,404.4510321516704,96931,
2021-10-25,398.3658752441406,407.56554463147216,395.107627320672,407.2780659300065,141210,
2021-10-26,400.3303527832031,405.8405850477236,399.03664022861335,399.51579086031074,122416,
2021-10-27,397.7908935546875,404.4510703453061,396.7367562277804,402.4865642890526,110068,
2021-10-28,394.1492919921875,400.9532367086885,392.9035120665751,400.5699220581181,90079,
2021-10-29,389.980712890625,396.73672513513,388.1120137191489,391.9452187929183,130231,
2021-11-01,390.4598693847656,396.5929917458341,388.15992290996,389.9807187433535,144675,
2021-11-02,399.2283325195313,407.2780576931656,392.28064800594194,392.8556346422805,275297,
2021-11-03,387.4891357421875,406.1280784435217,386.8183131354925,401.1449292403397,316320,
2021-11-04,389.2619934082031,392.8076906133433,387.58496616055953,391.4181712980306,50071,
2021-11-08,390.5556640625,395.3471703287313,387.2016096761381,389.4536234702735,156711,
2021-11-09,387.53704833984375,393.2868562654944,386.9620616982716,391.945240265183,179774,
2021-11-10,386.7703857421875,397.31169936663,385.7162485307367,388.11200162720087,256684,
2021-11-11,385.7641906738281,391.03484801588536,385.1413006551376,387.3933146412056,86751,
2021-11-12,381.9309692382813,388.8307502569357,379.9664632825016,388.3995029763818,168350,
2021-11-15,374.3603820800781,384.7100532547295,373.7374921089034,383.3205047270804,487105,
2021-11-16,369.3772277832031,374.9353633242457,367.0772813917051,374.6957880122175,323506,
2021-11-17,362.5253601074219,372.4437841382586,362.28578478902017,368.9459903386007,309738,
2021-11-18,354.3319091796875,366.3106755481692,353.1819359102992,362.477470310255,203500,
2021-11-22,338.61578369140625,355.33812449545263,338.32827574293367,354.37982315728254,176360,
2021-11-23,341.921875,343.5030954617546,335.45334154929486,338.6157532277707,176145,
2021-11-24,354.8110656738281,357.39849095001745,344.5093264273902,344.5093264273902,194315,
2021-11-25,352.6069641113281,359.3629763690528,351.6965662065129,358.4046750987353,95122,
2021-11-26,341.5865173339844,351.7444879335832,340.244872089477,351.6965845655802,113317,
2021-11-29,326.8286437988281,342.73645108823257,325.8224391406722,341.1552598061156,161801,
2021-11-30,328.8890075683594,337.7053617055092,324.19330794924167,333.4409386009472,83218,
2021-12-01,330.2785339355469,334.303411053828,326.97241203020513,332.0513971720525,58494,
2021-12-02,355.52978515625,366.7419221543398,329.6556498483828,329.6556498483828,363200,
2021-12-03,355.9610290527344,366.8856580074529,355.0506311210767,355.0506311210767,220744,
2021-12-06,345.4676208496094,355.1943732575332,343.07186758435546,354.6193866248652,60951,
2021-12-07,345.5155029296875,354.5714614124235,344.5092983182872,349.7799551771205,51650,
2021-12-08,349.49249267578125,353.5173405526888,348.3425194280737,348.3904227946304,57097,
2021-12-09,350.3070373535156,353.3736132888842,347.5279693624203,352.2715726150921,54826,
2021-12-10,358.16510009765625,360.9921005456045,348.15084011597577,348.15084011597577,109562,
2021-12-13,361.9024658203125,366.45439681575607,357.54220677532214,358.4046720622942,111009,
2021-12-14,355.1464538574219,361.71082335688095,353.42149403729013,356.48806977639083,116677,
2021-12-15,351.6007385253906,357.4463822612436,348.82167062491334,356.1047663001547,68760,
2021-12-16,341.730224609375,352.3194415072735,340.1969367917297,344.8926069716794,89281,
2021-12-17,336.555419921875,349.7799658363024,335.501282668978,349.7799658363024,69309,
2021-12-20,352.6069641113281,358.5963470508123,332.7222127522405,341.15525223302075,438011,
2021-12-21,356.15264892578125,359.3629639191321,354.57145773354364,354.57145773354364,132602,
2021-12-22,346.6654968261719,360.7046050849836,344.50931889152395,358.40468780369946,91717,
2021-12-23,347.09674072265625,351.6007392618194,344.221836837858,349.5403973267209,93518,
2021-12-24,344.8447265625,349.3966577098922,342.8322879956986,347.9112731568803,59827,
2021-12-27,345.5155029296875,349.20496857987746,342.88017450027087,344.98844894181747,72283,
2021-12-28,345.8509216308594,349.3008120432563,343.838483119875,348.82166140945213,76424,
2021-12-29,346.138427734375,351.1695093628105,344.17389259910857,347.863358308968,95777,
2021-12-30,351.7444763183594,359.6983945615683,345.4676145754053,346.76132716415367,138991,
2021-12-31,351.88824462890625,354.9547912032877,349.77997009742853,351.69657267330484,53255,
2022-01-03,360.4171142578125,373.7374960899607,352.6548681053988,352.6548681053988,864317,
2022-01-04,356.67974853515625,366.02318602618834,351.7444735413017,362.0941449245424,187301,
2022-01-05,352.9423828125,357.73388966167886,351.9840814426642,356.67978155088906,75102,
2022-01-06,351.2174377441406,354.6673283840861,346.9050817554677,346.9050817554677,76810,
2022-01-07,366.8377380371094,368.8981092960704,351.21743803010145,351.21743803010145,391245,
2022-01-10,372.3479309082031,377.8102596126644,367.98767201334965,368.89806987910407,304545,
2022-01-11,368.75433349609375,378.52901858542776,367.4127175070765,372.7792107081808,146949,
2022-01-12,370.0001220703125,372.7791898733177,365.4481910885689,367.98768357674544,121076,
2022-01-13,367.5564575195313,372.4438000730344,366.5981562049242,370.0001434188004,65629,
2022-01-14,369.1376647949219,372.3479506872503,367.0293902806745,367.0293902806745,84559,
2022-01-17,369.6647033691406,377.52278523598585,367.9876761989631,371.2938271753263,118506,
2022-01-18,360.6567077636719,372.5875416550393,359.3629951321889,369.90430965606646,90886,
2022-01-19,355.5776672363281,360.56084543604896,352.6548601208399,358.4046676228101,57094,
2022-01-20,351.9361572265625,358.35678772217483,350.01955460041376,357.3984864091005,82263,
2022-01-21,343.2156066894531,351.74448245874095,342.305237996319,351.6965790914836,74099,
2022-01-24,328.2182006835937,348.3425283167484,327.49947469669536,348.3425283167484,137190,
2022-01-25,330.7576904296875,336.5554308869971,319.1143353927431,326.7807458526288,99468,
2022-01-27,323.2350158691406,333.48885144787954,321.0309345834473,333.48885144787954,94849,
2022-01-28,328.31402587890625,336.8908048271209,327.7390392592691,327.7390392592691,80782,
2022-01-31,328.6494445800781,336.31585502783,325.8224440294556,333.4888544772075,111195,
2022-02-01,333.0097045898437,335.4054578602743,327.59530804767775,332.53055393575767,74491,
2022-02-02,344.1260070800781,348.29462363739805,336.2679246215662,336.2679246215662,114530,
2022-02-03,345.2759704589844,350.7382999429966,342.7844103035062,346.6176157673641,81618,
2022-02-04,353.08612060546875,356.39224249590427,345.37177770438376,347.62379157600566,138013,
2022-02-07,347.5279541015625,357.5422141974349,345.03636491911715,355.1943643582964,80492,
2022-02-08,323.1871337890625,332.0993247426069,321.9892570885841,330.6139693320284,338971,
2022-02-09,321.5579833984375,329.8473128817374,319.8330527892731,324.8641345185425,88394,
2022-02-10,323.7141418457031,326.8286208244393,320.07260889165536,321.0309101158819,84896,
2022-02-11,320.5038757324219,323.57042229037995,320.12053182327213,321.0309297399514,53426,
2022-02-14,301.194091796875,319.5934887545196,297.0734078377843,316.23943414989947,143798,
2022-02-15,306.7043151855469,309.531315680019,296.45050896236256,306.56057584151347,77399,
2022-02-16,311.01666259765625,318.1560186909947,305.6501989314254,308.5730060798202,114547,
2022-02-17,309.7229919433594,316.2394290871411,308.66885466406194,311.4479225858208,27401,
2022-02-18,302.9190368652344,314.2749127475923,299.9482970834522,305.7460080606939,41882,
2022-02-21,290.70068359375,301.3378330820071,289.598643029681,299.94828460229013,64600,
2022-02-22,281.1177062988281,287.9216517189747,278.1469662708727,283.65719902214755,93480,
2022-02-23,284.7592163085937,292.3777230971438,280.7822718902136,280.7822718902136,41698,
2022-02-24,256.3934936523437,281.6447380211858,254.9081383786023,281.6447380211858,174403,
2022-02-25,267.5577392578125,270.097231897464,257.78305413175417,265.4494646635536,85253,
2022-02-28,270.6722106933594,271.7263187149097,260.8496224841107,266.4077582605986,110113,
2022-03-02,265.9285888671875,275.5116010786177,263.5328358143299,272.1575468046171,121021,
2022-03-03,266.0723571777344,273.30754973232604,264.49116583965656,266.40776849066856,116082,
2022-03-04,258.7413635253906,267.3181722735986,250.1166514078776,263.6287062409885,91874,
2022-03-07,255.5789489746093,258.64549535441813,251.07492150906728,255.8664276447365,113704,
2022-03-08,263.8203430175781,266.26402894282234,254.90815239501475,255.05189174472665,77501,
2022-03-09,264.77862548828125,269.6180643809068,263.62868152743465,263.86825684157355,218734,
2022-03-10,273.930419921875,277.9073642859255,267.2223111287664,268.2285157497193,199667,
2022-03-11,276.56573486328125,281.8842948770814,273.9304065376081,276.7573775581292,104067,
2022-03-14,270.28887939453125,279.8239893601252,269.28267469244923,279.7760859914683,80320,
2022-03-15,268.8034973144531,274.744976689292,268.3243466953543,271.1992504099473,113372,
2022-03-16,267.9410400390625,274.0741622974104,266.45565552854225,274.0741622974104,125447,
2022-03-17,267.4139404296875,273.6908308899353,266.455639221561,273.11584431605297,106267,
2022-03-21,265.64111328125,273.11585119488643,264.5869760767544,273.11585119488643,122225,
2022-03-22,264.8265686035156,268.42019845815435,263.5807593735534,263.5807593735534,92841,
2022-03-23,264.4432373046875,272.34922248771,263.62867540652104,265.0661272579797,127573,
2022-03-24,270.0013732910156,271.8221397907329,264.1078265375741,265.35360644658255,115569,
2022-03-25,285.0946350097656,295.44427728857687,269.52223897982043,272.3013068838499,614197,
2022-03-28,264.4432373046875,287.3945343192908,261.6162369654724,285.8133431316928,281440,
2022-03-29,257.4955749511719,269.95349204194616,255.91435438593,264.63490219847904,242099,
2022-03-30,258.453857421875,266.3119100822547,257.30388423009595,259.699637342108,169919,
2022-03-31,255.53103637695312,265.9286113545994,254.90814637954392,258.4538728956192,132704,
2022-04-01,267.3181457519531,270.2409528704464,257.7830366033691,257.7830366033691,150276,
2022-04-04,289.5986633300781,291.2756905979673,269.57014284897383,270.2409654541433,278474,
2022-04-05,302.1523742675781,309.48340227076244,290.4131838835677,291.03610309588885,388301,
2022-04-06,307.4709777832031,315.0894555669501,304.50023790584646,306.8959911545156,192770,
2022-04-07,301.0503234863281,311.49580097252823,299.9482829284092,309.1000479139946,116934,
2022-04-08,302.8231811523437,304.8835228966207,297.69626385028346,303.4460710873533,56060,
2022-04-11,307.8063659667969,319.01847278137376,306.2730781538113,308.5729952507733,151765,
2022-04-12,301.7690734863281,308.4771825855576,299.2774842576074,307.80638922265547,48398,
2022-04-13,304.2606506347656,309.53130757489544,301.3857468492403,302.056569430543,63527,
2022-04-18,309.0042419433594,312.9332535729371,299.75661171877823,301.9127894767315,118022,
2022-04-19,318.3476867675781,333.4409314465235,310.3458654856068,311.400002709016,442695,
2022-04-20,316.3831481933594,327.5952843871947,314.083231068864,320.8871757144806,112286,
2022-04-21,325.00787353515625,327.7390380344502,318.20392859245175,320.3601064742573,99706,
2022-04-22,327.1161499023437,336.3637514654204,317.6768763840081,322.08506814965585,187411,
2022-04-25,313.7957763671875,325.7266101566489,310.5854611224201,325.7266101566489,91952,
2022-04-26,316.8144226074219,325.96618852599227,314.4665726726923,316.91025858853976,158221,
2022-04-27,315.5207214355469,317.9164748253384,311.9749947206408,316.14361146788536,48096,
2022-04-28,309.33966064453125,317.86856596078513,308.5251279021116,317.1977433252249,42331,
2022-04-29,305.7939758300781,312.0229347924001,304.73983846437,308.6209473505712,36159,
2022-05-02,307.51885986328125,315.08943375602314,299.94828597053936,301.9127918004484,90174,
2022-05-04,295.3963623046875,315.2332100114828,290.41318407306704,303.06277235639067,76181,
2022-05-05,296.7380065917969,306.75226737751166,293.2402125202198,301.8649246531674,54619,
2022-05-06,291.9465026855469,295.15681808187327,285.52590113793065,292.329817379503,60689,
2022-05-09,283.17803955078125,293.28810676058686,278.86568361853585,286.5320941647499,82698,
2022-05-10,273.8824768066406,289.4069682589411,272.6366969194329,280.78225728433694,64207,
2022-05-11,259.74755859375,276.4220247976611,256.7768479263047,275.6074628344759,109064,
2022-05-12,258.1663513183594,262.28706424704114,255.147708224986,256.8247354151971,49965,
2022-05-13,266.35986328125,269.66598528437146,261.61626005477024,261.61626005477024,47709,
2022-05-16,267.98895263671875,268.8993505695313,264.0599114585808,267.318159273888,69423,
2022-05-17,267.70147705078125,270.19306630814555,263.53286049933024,270.14513369557915,57099,
2022-05-18,271.6305236816406,277.23656306601146,268.32437239518566,269.2826737251685,60485,
2022-05-19,261.61627197265625,269.23477950284166,258.7413678850446,266.3598754152301,41358,
2022-05-20,284.1363220214844,300.7149220299522,263.5328450452216,265.20987224096393,836775,
2022-05-23,277.66778564453125,282.6988671790741,275.0324572216755,282.6988671790741,52063,
2022-05-24,272.8763122558594,280.7343951057548,271.6784355558776,280.59062650572764,42831,
2022-05-25,266.5994567871094,275.8470592957934,265.06616872335513,273.25963386039325,42243,
2022-05-26,263.19744873046875,274.0741744392138,258.83718947149526,263.58076340515294,132937,
2022-05-27,274.6970520019531,288.44868101566,271.1992582306703,282.6988734206634,350423,
2022-05-30,272.2054748535156,280.68644727876284,270.24096887002764,276.94907802637584,184802,
2022-05-31,271.9179992675781,275.41579323293814,269.4743426021303,269.4743426021303,65621,
2022-06-01,276.517822265625,283.5613425129432,271.19926186695454,272.9241924705682,131527,
2022-06-02,296.1629943847656,300.90659734668384,275.17620252073937,275.9907644453661,246379,
2022-06-03,287.6341247558594,300.3316167782298,286.05293348509935,299.0379041948682,101909,
2022-06-06,286.5320739746094,290.8444296029897,284.2800601863374,289.2153057786994,53762,
2022-06-07,286.2925109863281,291.9944153717684,284.6154837253204,284.6154837253204,90571,
2022-06-08,284.9029846191406,292.7131641536996,283.7530405261339,284.7592452631444,84897,
2022-06-09,289.9340515136719,291.6590114298256,281.06976433896324,282.69888827449137,42905,
2022-06-10,285.8612670898437,290.6527736065695,284.7113230728505,287.49039100354446,32395,
2022-06-13,273.3554382324219,279.29691782540834,273.1158629140762,275.9907667342244,42499,
2022-06-14,264.5870056152344,276.27826440703194,260.8496362411764,272.540895032974,56266,
2022-06-15,269.4743347167969,271.6784159879979,264.15574500493176,264.2994843495693,32130,
2022-06-16,264.29949951171875,274.7450075784732,261.04128078453635,273.49919828173194,48455,
2022-06-17,264.5390625,270.9596929160965,257.3997353530336,263.53285783174726,60189,
2022-06-20,257.8788757324219,267.89310638414446,255.0998079186196,263.5328473353369,52074,
2022-06-21,264.20367431640625,266.2160836062644,261.71208514201743,262.5745504441044,33028,
2022-06-22,261.4245910644531,267.3660710070689,259.07677035352714,266.83901697370726,36068,
2022-06-23,262.4308166503906,275.1283088655388,259.3163374278071,259.3163374278071,60017,
2022-06-24,268.947265625,271.10344364323095,262.52666418440054,266.8390202208625,73439,
2022-06-27,271.6784362792969,274.07418968563985,268.9472715470585,274.07418968563985,65240,
2022-06-28,273.4512939453125,274.84081334498666,268.228539930407,268.37227928278213,35294,
2022-06-29,276.9490966796875,284.61550766044013,269.33058906954983,269.33058906954983,40604,
2022-06-30,278.2427978515625,284.56759249759693,273.40335857348225,276.9490852031634,43546,
2022-07-01,277.4761047363281,282.5071861083892,273.594996518751,274.07414712561393,28641,
2022-07-04,274.265869140625,281.884347633675,273.2117317640603,278.86570410831416,32978,
2022-07-05,270.4805603027344,282.6509993376657,268.6118609427522,273.2596284125505,50378,
2022-07-06,273.4512939453125,276.46993732533406,268.5160478801933,271.1992799413156,30773,
2022-07-07,291.6110534667969,293.863067213067,274.7449751641683,275.9907550688967,148549,
2022-07-08,284.9508972167969,293.4797729321865,283.7050879805945,293.4318695652319,55906,
2022-07-11,308.38134765625,315.2811287369572,280.97395378213514,283.99259703805643,612949,
2022-07-12,323.0912780761719,324.8641413336368,302.1523887813243,306.6085132310437,425283,
2022-07-13,310.25006103515625,327.9786359514509,306.8481029519358,325.8224579210907,226254,
2022-07-14,311.44793701171875,316.1436077515036,307.13558096078725,309.05218365009017,72639,
2022-07-15,312.4062194824219,315.9519459414324,308.47717835771584,313.8436714125557,52375,
2022-07-18,327.30780029296875,333.4888554321827,313.46036392908445,314.1790899106194,182436,
2022-07-19,331.8597106933594,340.5323545402405,325.0078626148514,329.4639575718508,230738,
2022-07-20,323.61834716796875,337.56161880157464,322.1329626680957,334.8783869718538,98553,
2022-07-21,316.23944091796875,326.1578655957668,314.32283824573864,325.3912069798532,60998,
2022-07-22,316.5748291015625,325.24744386165594,315.2811165433354,318.9226496564607,52285,
2022-07-25,329.3681945800781,337.27418093089864,319.114358160393,319.114358160393,320851,
2022-07-26,317.6768798828125,329.7035494593968,316.7185785860317,326.1578522083289,59618,
2022-07-27,319.5455627441406,322.8516845016915,312.5499460888984,316.0477397940029,52906,
2022-07-28,317.96435546875,327.21198628840403,315.3769595397301,321.0309312865156,111029,
2022-07-29,319.4018249511719,321.84551091540146,316.3352782099325,319.1143462471618,97236,
2022-08-01,327.8348693847656,334.2554703285071,318.97058266244534,321.701747123194,336931,
2022-08-02,329.559814453125,331.5722530518688,323.90584257668104,325.822445195478,141258,
2022-08-03,323.3787841796875,330.8535225938593,319.4497430153009,329.5598099946664,83558,
2022-08-04,320.6476135253906,331.09309160845964,316.4310937504402,324.8162299344461,108744,
2022-08-05,319.4976501464844,326.3015952803384,317.91645883774527,323.2350193976046,72005,
2022-08-08,317.4851989746094,324.3849798149196,315.2332143866924,321.98922664051105,128856,
2022-08-10,379.1518859863281,380.9726525232361,340.3886177384808,344.9884520680413,2826567,
2022-08-11,374.1208190917969,387.3932978543031,366.4544087446493,385.23711994416783,1124483,
2022-08-12,398.8450012207031,415.902752169263,373.0666736003599,375.6540987335279,1959587,
2022-08-16,396.4971618652344,409.1946540578975,391.56191603181,409.1946540578975,407377,
2022-08-17,391.9452209472656,400.7136717527025,386.6745639418623,393.9097268603569,228388,
2022-08-18,385.8121032714844,393.1431022542757,380.1581315377972,392.8556235667288,249218,
2022-08-19,383.8475646972656,397.45545452488346,377.57070303268017,388.01618110005967,227105,
2022-08-22,375.8618469238281,386.1223104744875,374.4098953706225,383.1700207989813,170388,
2022-08-23,379.9757080078125,387.09027649563023,369.76366061062527,369.76366061062527,205999,
2022-08-24,387.7678527832031,391.3009288549639,377.0234057860444,381.37926028164696,212713,
2022-08-25,393.4304809570313,403.6425283105058,390.5749644443383,390.76856979910826,324812,
2022-08-26,392.1720886230469,399.48026212568783,389.5101775778528,394.7371969949555,113483,
2022-08-29,392.2205200195313,395.8503988590258,378.47536699796666,380.4113023790304,140134,
2022-08-30,399.9158325195313,418.8396179822834,394.78561574141,396.23756723031545,470209,
2022-09-01,399.5770568847656,407.5144038833028,395.94717799031815,401.7065976521869,148661,
2022-09-02,390.1393737792969,402.5777647633474,389.4618141061764,402.5293781938496,163428,
2022-09-05,415.4517517089844,421.0659525942288,385.25114743104143,390.0909859666073,455824,
2022-09-06,417.8232421875,433.5527169507386,413.3221983940253,420.0495855703144,715182,
2022-09-07,406.7400207519531,420.0011599113782,404.61048009334513,413.3221889948765,145140,
2022-09-08,408.4339904785156,415.8389376141596,404.61050617591286,409.5471474463524,156954,
2022-09-09,398.85107421875,411.2894649236172,397.7863333934548,408.82115913402623,118313,
2022-09-12,426.5349426269531,429.7776401895421,399.3350455267714,399.3350455267714,722253,
2022-09-13,422.1791076660156,434.4238931983659,421.06595071580745,432.5363739019337,228055,
2022-09-14,423.3406677246094,442.1676212417785,412.547834077899,415.3549344217925,543970,
2022-09-15,429.1000671386719,432.6815594241905,415.8873140172814,426.5833747650964,271141,
2022-09-16,418.69439697265625,440.425282623613,412.3542206541959,427.8417031200812,360658,
2022-09-19,407.514404296875,420.4851656515249,404.6588877476663,418.1620490647268,171847,
2022-09-20,415.74212646484375,425.2281980931984,411.0474772195747,411.3862718220224,200835,
2022-09-21,409.934326171875,419.46881404633433,403.9329145394152,413.9029997004352,139837,
2022-09-22,429.4388732910156,431.66521677217975,409.0631645905409,409.1599672705968,377235,
2022-09-23,430.2132568359375,445.7491266321874,423.0018856422713,433.1655465101061,541553,
2022-09-26,400.01263427734375,428.80967207468433,397.4475258941578,428.80967207468433,364081,
2022-09-27,417.1940612792969,423.00186723678127,399.7706434068437,406.0140466271508,288015,
2022-09-28,403.5941467285156,417.1940811782925,401.65821131701546,411.38627494379193,166110,
2022-09-29,438.6829833984375,450.8309664927506,421.11434561323335,425.32501111167096,1879472,
2022-09-30,435.1014709472656,448.94339691667307,426.9705483659344,443.1840069607435,428630,
2022-10-03,419.7107849121094,441.2964519978311,412.402611326743,433.6011267949973,266070,
2022-10-04,449.5726013183594,456.8323589268589,422.4210901385535,426.8253608117275,959299,
2022-10-06,448.6046447753906,462.64017650030377,443.6195874617595,452.42809948678,536285,
2022-10-07,452.3796997070313,456.8807434966085,443.3775825878475,448.12064783667887,272544,
2022-10-10,438.2957458496094,451.0729308131169,435.5854482100914,447.6366574265821,274499,
2022-10-11,427.2609252929688,442.264424236365,424.93780878393255,440.8608888334196,181652,
2022-10-12,410.8054809570313,433.6495243061655,407.56278329361095,429.5840481997834,318113,
2022-10-13,410.5151062011719,422.9534970154905,401.8033969282681,410.418303523467,214480,
2022-10-14,407.0787963867188,425.615401107988,405.2880798090762,418.3072273931711,240360,
2022-10-17,414.9677734375,417.58126855784377,403.1101688658573,405.239680126134,180686,
2022-10-18,418.4040222167969,427.8417069284539,414.8709461558233,420.0979656265815,235705,
2022-10-19,411.1926574707031,424.5990157083252,409.2083355483961,422.4210884345609,216508,
2022-10-20,418.5976257324219,420.533561049413,406.78840848276445,408.3371626443631,119565,
2022-10-21,410.1279296875,420.9691502928675,405.3848642863697,419.13001755570986,100749,
2022-10-24,418.1136474609375,421.0659370425808,412.9350145111436,414.290163343045,54816,
2022-10-25,417.5812683105469,422.32430422838894,411.8218781031781,422.32430422838894,64653,
2022-10-27,412.6446228027344,421.0659536925984,410.9506793108676,421.0659536925984,63164,
2022-10-28,405.5300903320313,415.0161622239961,404.6105091769804,414.7741702926701,110421,
2022-10-31,396.9635620117188,411.0958964228074,394.7372185646123,411.0474803135049,120047,
2022-11-01,390.7685546875,399.0446663333445,385.2995137970577,398.5122959383593,225943,
2022-11-02,393.1884765625,396.0439634445934,390.91374664623663,394.3500200341888,78444,
2022-11-03,389.55859375,396.1407619741206,387.1870611842352,392.9948671019987,93872,
2022-11-04,384.67034912109375,391.39773629556606,377.60419689152815,389.1713929133529,206331,
2022-11-07,375.6682739257813,386.2675026196828,374.5067008584903,384.1863779524809,178581,
2022-11-09,362.45550537109375,379.3465234663745,361.1003270028518,375.66825814122086,278441,
2022-11-10,361.9715270996094,387.6710572832754,358.14804293336306,360.035591732402,643431,
2022-11-11,369.5700378417969,375.5714491022253,358.14803136036943,371.5059731464475,250712,
2022-11-14,303.31268310546875,326.108310504393,299.3923962170988,318.4613716226752,1559400,
2022-11-15,300.8443603515625,308.78170759799355,298.2308651899554,308.2977237302851,319167,
2022-11-16,298.71484375,304.9098312385874,296.1981217746278,301.9575415140355,227572,
2022-11-17,289.1319580078125,299.924791738369,285.7440711257525,298.1340456212743,268691,
2022-11-18,285.8892517089844,294.9881417228653,280.71061886671345,290.29349270622663,249471,
2022-11-21,277.0323791503906,282.6465802293446,274.95122487626605,280.71064474832167,290128,
2022-11-22,284.1953125,288.40597775294844,277.08074425053934,277.08074425053934,257433,
2022-11-23,290.6806945800781,293.4394084908443,285.55047747867684,286.42164251891074,185004,
2022-11-24,286.8088073730469,294.9397593924749,285.88925581515525,292.3262348805118,91948,
2022-11-25,295.0849609375,297.1660855963741,286.3248354784748,287.58321121967623,143962,
2022-11-28,290.09991455078125,296.6820827100668,287.7283820083763,295.7141150666408,98811,
2022-11-29,288.5511779785156,293.7781976631992,285.0664883420499,293.2458272429187,119181,
2022-11-30,288.5995483398437,291.9390485414163,287.0992103014725,289.8095078998297,95410,
2022-12-01,290.00311279296875,292.1810399975454,288.5995478895636,291.3098750237204,91317,
2022-12-02,294.891357421875,303.4578775772779,290.2935107919162,293.2942166057901,292346,
2022-12-05,293.8265686035156,297.6016660739049,291.8422467352574,295.81092001180224,124606,
2022-12-06,295.2301330566406,297.9888467653395,293.0038192791101,295.1817464901837,83785,
2022-12-07,291.8422546386719,296.82728226761185,290.43868969089874,295.8109280226928,59454,
2022-12-08,292.0842590332031,294.21379982973906,290.39031552596833,292.3262509628081,67984,
2022-12-09,290.1967163085937,295.1817737959946,287.2928130918699,294.6977899265406,78661,
2022-12-12,288.4059753417969,293.0522082813611,285.5988455032804,292.3262325383024,76333,
2022-12-13,288.88995361328125,292.32622691497926,288.3091671220009,291.21307003837484,65732,
2022-12-14,288.1640014648437,292.3746374061228,287.196033746843,290.39031540023336,66474,
2022-12-15,287.7767944335937,291.0194922384589,286.8572428137269,287.4864159304844,53141,
2022-12-16,286.421630859375,291.2130826956589,285.0664820141725,288.45436889719326,62753,
2022-12-19,286.8088073730469,288.7931588106571,285.06647739175736,285.64726389886346,44046,
2022-12-20,288.79315185546875,290.8742763774516,282.88854333214715,288.21236536235006,89610,
2022-12-21,283.22735595703125,293.2942141656003,280.71063401988147,290.1967056983344,84154,
2022-12-22,277.6615295410156,287.43800882776776,274.3220292936502,285.59884663934696,128692,
2022-12-23,266.57830810546875,274.9028365280569,265.7071430526466,273.9348687938032,101380,
2022-12-26,276.4031677246094,278.484321932758,264.2551847823136,264.2551847823136,88778,
2022-12-27,282.9853515625,286.8088060989078,277.41953751251424,279.06506481197107,70152,
2022-12-28,287.0024108886719,291.30987878716087,281.53339952341963,282.6465564232452,87770,
2022-12-29,283.5661315917969,285.6956426730599,282.6465505189603,283.42091281395994,41802,
2022-12-30,289.3255310058594,293.00382588033744,283.61452765393943,283.7597168966097,64687,
2023-01-02,289.9547119140625,292.22944191075374,287.09922493100737,292.22944191075374,64422,
2023-01-03,288.841552734375,293.2942100155543,287.3896011996445,292.22943964874605,77711,
2023-01-04,281.7269897460937,289.4223448447677,281.0978166435677,289.4223448447677,111057,
2023-01-05,279.59747314453125,284.24370624018746,277.8067270101533,283.1789358732576,91672,
2023-01-06,274.75762939453125,281.8721976862818,271.708537138075,280.75901123231216,101063,
2023-01-09,275.4836120605469,280.2750344294843,273.93485783966645,277.8067286218526,43298,
2023-01-10,278.0971069335937,279.6458611534666,275.43519577257246,277.8067284411306,32199,
2023-01-11,280.2266540527344,282.5981867752377,278.14552936932984,278.14552936932984,30630,
2023-01-12,280.80743408203125,282.5013775474037,278.7746960155784,281.678599099074,25340,
2023-01-13,281.0010070800781,283.5661450768094,278.1455201339495,283.5661450768094,25398,
2023-01-16,277.08074951171875,282.35618520489686,273.98324110727907,281.00100681543614,33569,
2023-01-17,277.6615295410156,280.3718271765378,276.4031538573578,276.8387511209372,22779,
2023-01-18,280.0814514160156,283.61452750595083,276.83875381126944,276.83875381126944,31996,
2023-01-19,277.8067321777344,281.630216440095,277.2743617543814,281.630216440095,24875,
2023-01-20,278.1455078125,280.80741882776834,277.4679186471477,278.4358862890635,29927,
2023-01-23,276.98394775390625,280.61382658050826,276.06439617518475,278.7746938830358,22829,
2023-01-24,276.741943359375,278.2906974969288,274.56401616157297,275.87077838825985,22587,
2023-01-25,271.3213195800781,277.6131092842329,269.09500580846543,277.6131092842329,53460,
2023-01-27,266.0459289550781,274.854440956329,263.28721509479215,274.854440956329,47223,
2023-01-30,264.3519897460937,270.9341584137835,262.3192516298856,267.1107036509455,42457,
2023-01-31,271.6601257324219,274.8544368268776,264.3035653955285,266.7719007239756,44241,
2023-02-01,268.2238464355469,279.5490504155073,265.36833000186573,271.998914428867,50929,
2023-02-02,268.07867431640625,273.35408071452946,267.15909315800224,270.06299634450227,31395,
2023-02-03,266.7719116210937,271.0309637143125,265.2231573490058,269.09502825921027,37516,
2023-02-06,276.5967712402344,278.0003362261443,267.2558888106437,269.0466349698988,140636,
2023-02-07,270.5953674316406,278.6295173243428,268.61104539876123,277.8067388448449,92274,
2023-02-08,268.1754455566406,276.79038191422586,267.5462724453642,272.77329223601294,78845,
2023-02-09,267.40106201171875,270.0629730362698,266.6750862777503,270.0629730362698,59312,
2023-02-10,268.9498291015625,270.4017806394079,266.96547760915604,267.4010748865215,60690,
2023-02-13,267.836669921875,271.80531379340783,267.3526860799779,269.0950160947957,38615,
2023-02-14,260.9156799316406,271.8537325907297,259.4153418229303,271.8537325907297,68953,
2023-02-15,259.8509521484375,262.996847309847,258.7861817242619,261.3512903324819,60527,
2023-02-16,262.2708435058594,266.19110062634525,259.70570563143764,261.35126243313897,70818,
2023-02-17,262.85162353515625,264.64236973187406,261.78688267119,262.31925310317314,35400,
2023-02-20,261.4964599609375,264.3519764014665,259.8993192145522,262.8516087899908,40687,
2023-02-21,260.6736755371094,265.4167406397235,259.8993132354731,265.4167406397235,23710,
2023-02-22,257.4794006347656,261.254468645841,257.18902214930944,260.62529556733324,44036,
2023-02-23,256.99542236328125,259.89932544083246,254.8658816237318,258.4473739020568,29027,
2023-02-24,255.8822631835937,259.56052856692844,255.15628742056484,259.56052856692844,32101,
2023-02-27,253.26873779296875,255.5918543190632,252.5427620323124,255.5434677510312,35126,
2023-02-28,256.7050476074219,259.3185426912349,253.12355527697463,253.60753913027668,31195,
2023-03-01,259.31854248046875,259.8993290119652,256.70504739877987,256.70504739877987,22917,
2023-03-02,257.769775390625,263.7228001166052,256.46304268495,258.44736456692425,32452,
2023-03-03,260.0929260253906,261.6416506729915,258.44736916227833,259.5605260802524,30875,
2023-03-06,262.85162353515625,267.8366809438647,261.3512853795452,262.270866533004,40897,
2023-03-08,265.5135192871094,266.3847138195802,261.1092782175241,262.85160820240804,44402,
2023-03-09,266.3363037109375,269.5790013769789,265.9007359749206,267.6430659990473,32819,
2023-03-10,263.0935974121094,266.0943030574483,262.4160377760836,265.2231380739702,31592,
2023-03-13,255.78546142578125,263.72280827941427,252.6395664413582,262.9000298370208,47405,
2023-03-14,253.8495330810547,260.0929366544464,251.7199922935332,258.25377436520955,44700,
2023-03-15,251.7684020996093,257.14061096357983,250.70363173250783,254.6723051698701,42686,
2023-03-16,248.04171752929688,254.0915155178164,244.70223199363707,254.0915155178164,38000,
2023-03-17,250.4132537841797,252.6395676601925,247.84811576786663,249.73566458363857,24609,
2023-03-20,242.8630828857422,251.4779892545971,241.36274481083984,246.83175624713328,65276,
2023-03-21,243.87945556640625,246.6865707181916,242.9598892185859,245.23461918899685,51758,
2023-03-22,246.2509765625,248.7676984863209,244.0246626722141,244.0246626722141,35620,
2023-03-23,243.97625732421875,248.5257024778929,242.9598883036071,246.25097251604848,35649,
2023-03-24,238.45884704589844,245.815392649682,237.15208475252143,242.95989090972608,73633,
2023-03-27,229.6503295898437,239.95917936205643,228.44037000296365,239.95917936205643,78510,
2023-03-28,215.56640625,231.87666808565515,213.92086409557552,231.34428289069027,142157,
2023-03-29,220.16424560546875,225.53646917721213,214.0176597066393,214.88882470961843,119191,
2023-03-31,221.47100830078125,234.63535989644808,219.0994904370412,222.24538539935327,156985,
2023-04-03,231.48947143554688,233.9093907052892,223.55213918479487,223.64894186359072,78221,
2023-04-05,236.6681060791016,237.8296643819285,232.21544868658071,232.31225136598928,55696,
2023-04-06,243.4922790527344,245.86379697506567,234.29658585878508,237.6360714857426,70810,
2023-04-10,242.52430725097656,247.5093349375801,241.07235571856603,247.12215377027653,42309,
2023-04-11,246.29937744140625,246.78336128969747,243.05669451986392,243.05669451986392,32898,
2023-04-12,250.3648376464844,251.9619784303977,246.83176147842656,248.18691033932177,43367,
2023-04-13,253.5107269287109,261.5932628832482,251.33279967066355,251.33279967066355,112191,
2023-04-17,255.1562957763672,256.51144467039336,251.4780007325471,255.253098455947,42190,
2023-04-18,255.59185791015625,257.7213986540135,254.09151979973169,257.18902823806405,28389,
2023-04-19,256.6082458496094,258.78617319728426,254.4303185019345,257.4310243111815,34876,
2023-04-20,255.7370758056641,261.3512765980549,254.67230543744384,256.5114381425353,42326,
2023-04-21,250.70362854003903,257.4794022843644,249.73566086227828,255.5434669288429,34143,
2023-04-24,250.99400329589844,253.94632239319503,249.8324598238714,252.6879467067964,23181,
2023-04-25,248.3805084228516,252.30076564497384,247.5577300006696,250.99400339092347,28933,
2023-04-26,248.7677001953125,253.3171602250131,243.34707513908177,248.7677001953125,50558,
2023-04-27,251.47799682617188,253.2203564114521,247.0737556039932,247.7997313795191,36218,
2023-04-28,257.3825988769531,258.2053773087168,252.7363658529204,253.41392550140927,51136,
2023-05-02,258.2537536621094,261.35126191563927,256.85021831287554,261.2544592439612,37135,
2023-05-03,256.5114440917969,261.35128265956666,254.091524807912,257.4794118053508,39191,
2023-05-04,261.5448913574219,267.7398788952522,257.33422584169875,260.3349317000319,65845,
2023-05-05,257.7214050292969,266.19112256547095,256.7050507409682,261.3512839733715,38266,
2023-05-08,264.15838623046875,268.07867324052904,259.4153502862267,260.38331801117533,64797,
2023-05-09,261.2544860839844,269.0950306549588,260.38332102943855,267.5462763690823,34991,
2023-05-10,266.239501953125,268.1270507691362,260.3833092306774,265.17476112361066,37866,
2023-05-11,267.836669921875,269.67580261307813,265.36833460418205,265.36833460418205,42440,
2023-05-12,266.239501953125,269.8693807992776,264.6423611688238,269.8693807992776,30702,
2023-05-15,263.4324035644531,266.2395039855676,260.38331121841446,266.2395039855676,30654,
2023-05-16,261.9804382324219,268.56263596809566,261.20607592941474,263.43238970558144,39173,
2023-05-17,262.609619140625,266.6267086350518,260.0929268106607,260.0929268106607,24900,
2023-05-18,261.4964599609375,267.0622740595732,259.41533537988823,265.12633872091726,28910,
2023-05-19,262.609619140625,264.2551760087055,257.7213941843145,264.10998676505824,26866,
2023-05-22,264.01318359375,269.0950138920715,262.9000266745045,264.835962026246,40127,
2023-05-23,279.5490417480469,286.08282329776085,266.481478648619,266.481478648619,323585,
2023-05-24,281.0978088378906,285.4052768371642,278.77469230998,279.5490546392738,125579,
2023-05-25,281.92059326171875,285.50208557581954,277.8067305274276,285.50208557581954,72399,
2023-05-26,276.741943359375,287.292784765166,273.1604808025619,282.8885438033998,85288,
2023-05-29,258.4957580566406,270.25658904291515,257.4794038050011,270.25658904291515,249685,
2023-05-30,259.8993225097656,261.35127403216654,258.4473709873647,261.35127403216654,39653,
2023-05-31,256.80181884765625,262.31924655052427,254.57550495493683,262.2708599815638,47528,
2023-06-01,257.334228515625,260.7221155915199,256.5114500320443,259.36696666916816,40754,
2023-06-02,258.9313659667969,260.28651487132726,256.6566359091759,260.28651487132726,54684,
2023-06-05,257.96337890625,261.3512656836304,257.2374031682399,259.3185277091965,59256,
2023-06-06,261.1092834472656,265.12634343844843,257.5277911910133,259.41533999580054,101569,
2023-06-07,262.6580505371094,266.0943241769043,261.3512881881624,263.0452317227153,73967,
2023-06-08,260.0929260253906,264.5939698050425,258.25376381131366,262.6580344555123,55250,
2023-06-09,258.2537536621094,261.9320484056796,256.5114237320163,260.0929158039085,32368,
2023-06-12,261.73846435546875,262.948423999808,258.44738003087195,258.44738003087195,49301,
2023-06-13,263.7228088378906,265.02954158677915,261.64165467330304,264.2067926826729,48652,
2023-06-14,265.9007263183594,269.04662119325064,262.80321801014736,266.0459155584256,67551,
2023-06-15,266.57830810546875,270.3533763610521,263.8680102655707,267.88507045471744,82634,
2023-06-16,266.43310546875,271.0793385437464,265.85231894936805,269.5306138787672,66359,
2023-06-19,264.3519897460937,271.4665583828071,262.0772597003377,271.0309610936087,46031,
2023-06-20,264.4003601074219,268.0302388281169,263.2872032077478,268.0302388281169,40268,
2023-06-21,265.1263427734375,268.6594189124826,264.15837508931395,264.15837508931395,32267,
2023-06-22,267.30426025390625,274.4188283791491,264.35197074167627,265.41674106314605,127394,
2023-06-23,263.3356018066406,270.54697301059144,261.7384610045662,270.54697301059144,63784,
2023-06-26,261.83526611328125,265.3683423543084,260.4801172243979,264.6907826798818,29010,
2023-06-27,267.69146728515625,270.1598027517459,263.2872258742285,263.2872258742285,70314,
2023-06-28,268.61102294921875,272.77327202935743,267.2074580403196,270.8373367288225,65303,
2023-06-30,268.8046264648437,272.5796943671746,266.8202750712909,270.5953429736218,58319,
2023-07-03,270.4017944335937,273.9348707812467,269.09503207486426,270.06299981614075,56306,
2023-07-04,271.12774658203125,275.8707821924216,269.09500859471297,272.4828953935673,89139,
2023-07-05,267.5462646484375,270.9825676853185,266.19111578517345,270.74057576187744,45259,
2023-07-06,270.256591796875,272.4829056755479,267.64306720884184,267.64306720884184,57870,
2023-07-07,268.51422119140625,272.4345079123686,267.20745895108547,269.095007691552,27265,
2023-07-10,266.28790283203125,270.4985679607548,265.2231325233843,268.17542200006045,23201,
2023-07-11,262.7064208984375,269.09501345685794,262.3192397367212,266.28791310937856,46010,
2023-07-12,259.6573181152344,264.3035509476971,257.9633747538116,263.2871967468546,63864,
2023-07-13,255.0594787597656,262.02885773733425,254.6722976032404,260.38330089706625,65836,
2023-07-14,255.68865966796875,257.38260312720763,253.6075350403383,255.5434704223256,46985,
2023-07-17,257.5278015136719,259.85094768653926,256.0274633553898,257.33422569262,38930,
2023-07-18,259.17333984375,261.2544643957408,256.9954126181723,259.4153317577031,43159,
2023-07-19,258.979736328125,261.2544662433769,258.3505632554031,260.5284904963835,25666,
2023-07-20,259.60894775390625,261.3512777898265,258.5441773808306,258.97974511979584,25127,
2023-07-21,258.9313659667969,260.3349309815077,256.5598332288458,256.9954305203162,24989,
2023-07-24,258.5925598144531,261.012479014551,256.55982177836506,260.3349193625412,32264,
2023-07-25,258.01177978515625,260.3833124768871,256.7534335854807,260.3833124768871,29496,
2023-07-26,260.43170166015625,265.22315366091857,258.7377581604971,260.5285043395714,78393,
2023-07-27,260.0929260253906,263.7228048057597,259.4153368370434,260.1896991608438,47183,
2023-07-28,259.7057189941406,262.36763013736805,259.4153405036185,261.3512758805112,29628,
2023-07-31,257.7214050292969,264.2551871286312,254.6723126242803,264.2551871286312,65380,
2023-08-01,260.81890869140625,261.3028925416111,255.6886621552169,258.01177872819414,72069,
2023-08-02,265.8523254394531,270.0629908827275,258.7377568684075,262.22244652973905,170492,
2023-08-03,266.48150634765625,268.61104718640775,261.786886452279,266.48150634765625,54906,
2023-08-04,264.9327697753906,267.5946809350117,263.5775913711961,266.4814944544191,33354,
2023-08-07,257.4794006347656,267.1590773503583,252.5911757094029,267.1590773503583,128860,
2023-08-08,259.60894775390625,262.3192454853444,257.3342177614333,258.4473747032729,60685,
2023-08-09,260.52850341796875,262.27086302118715,258.4473787480412,262.27086302118715,37720,
2023-08-10,256.124267578125,261.883657854625,255.20468641749207,261.883657854625,40034,
2023-08-11,256.2694396972656,258.54416962147,255.93064510599623,258.1569884628888,33535,
2023-08-14,242.66949462890625,246.83175861045808,237.15208180220483,240.0559848446808,187148,
2023-08-16,245.76698303222656,248.76768868704096,240.0559797446932,241.0239474049541,78050,
2023-08-17,243.73426818847656,247.17055645456205,242.28231664816,245.76699148291084,40660,
2023-08-18,244.46023559570312,245.7185965082656,242.9598827680331,243.7342598503803,31905,
2023-08-21,244.60543823242188,247.7029319614286,243.7826745380065,245.8637992138976,36899,
2023-08-22,247.84811401367188,249.4936708947509,243.8794553658127,246.8317597600833,41010,
2023-08-23,246.6381683349609,251.57479465129936,245.8637912353349,248.71930771333183,48208,
2023-08-24,259.2701416015625,261.25446347295747,246.68656212044905,246.68656212044905,222047,
2023-08-25,257.7214050292969,266.19112256547095,255.5918642327609,259.2701592867748,61730,
2023-08-28,260.38330078125,261.3512684421468,258.01176819604126,258.6409708076472,58696,
2023-08-29,267.64306640625,269.2402071874676,260.3833087279611,260.3833087279611,253963,
2023-08-30,267.836669921875,273.54767334825505,264.59397227315844,269.57899993669287,170939,
2023-08-31,271.5149230957031,271.99890691583806,265.2715199999511,269.5789878151634,137697,
2023-09-01,270.6921691894531,274.90283471367223,268.17544718899785,274.90283471367223,85544,
2023-09-04,277.4195556640625,281.67860774254154,269.4338219394028,274.8544471029355,233971,
2023-09-05,285.64727783203125,290.14832178660305,280.5170312323867,280.565447342024,330751,
2023-09-06,291.21307373046875,294.2621659233132,284.00170291403407,285.64725973685347,258593,
2023-09-07,293.2942199707031,298.9084209462093,288.6479867178725,291.0679060245615,212816,
2023-09-08,303.21588134765625,307.3297440634664,292.18105550031254,294.2621801426576,348795,
2023-09-11,298.4244384765625,309.2173022667519,295.2301567928489,304.81303138402046,197698,
2023-09-12,279.7910461425781,300.06998085854644,276.8871431020115,298.42442398621364,208369,
2023-09-13,286.0344543457031,288.45437358720653,278.7746966211929,279.74266431779427,79379,
2023-09-14,291.30987548828125,293.2458107843256,286.5184238145602,286.5184238145602,73810,
2023-09-15,288.3575744628906,295.7141349557198,287.53479600263466,291.4066668367521,52395,
2023-09-18,283.6145324707031,287.9220004965942,282.74336745985704,287.43801665278755,49589,
2023-09-20,279.7910461425781,284.3405060554775,279.01668381443875,283.2273491312661,45730,
2023-09-21,276.0159912109375,281.7269948873668,275.3868180969296,278.7747051385438,42646,
2023-09-22,274.5156555175781,278.6779049615134,271.756941565188,276.01599369061665,42264,
2023-09-25,274.2252197265625,278.00031714261604,272.96687361456327,274.1284465948918,34884,
2023-09-26,272.48291015625,275.82241056920367,271.9989263016208,275.82241056920367,25744,
2023-09-27,271.466552734375,274.51564507522926,271.0309554542402,271.5633258721562,29952,
2023-09-28,267.1106872558594,274.4188312636234,264.06156549868507,271.9989121166779,51573,
2023-09-29,272.48291015625,277.0323702057767,267.4978823615751,268.9498339254627,58416,
2023-10-03,272.0473022460937,275.9675890394993,271.0309480070788,272.4828995142596,34804,
2023-10-04,270.3533630371094,272.48290376352884,268.6594195856487,271.4181334003191,19652,
2023-10-05,268.1270446777344,272.9184964618138,267.78825008511774,272.9184964618138,40932,
2023-10-06,268.1270446777344,271.66012076638464,266.1911093371009,268.5142258378553,46127,
2023-10-09,260.38330078125,265.56193367505387,259.4153331203532,261.3512684421468,46549,
2023-10-10,264.8359680175781,266.9654792286518,261.3512783976041,266.19111688644864,37417,
2023-10-11,271.5633239746094,274.9512108941145,265.077958167003,265.22314741269014,68880,
2023-10-12,272.33770751953125,276.16116205912,271.03094526826777,271.99891292994016,39206,
2023-10-13,269.6758117675781,273.83806113317456,268.12705751292697,272.19253373888245,32803,
2023-10-16,270.8857727050781,273.4024946883831,267.54627225068856,269.04663994267355,48613,
2023-10-17,275.2416076660156,281.6785866417475,271.9989101248489,271.9989101248489,93596,
2023-10-18,269.5306091308594,278.24231814803886,268.80463337942774,275.8707855440173,49442,
2023-10-19,267.64306640625,271.95053444471324,266.19111487059223,268.0302475744195,31825,
2023-10-20,266.9654846191406,270.74058234868886,266.19112226130176,268.6110415545863,25595,
2023-10-23,255.78546142578125,274.9028232541982,252.97836103999427,266.67509791032256,68504,
2023-10-25,251.3328094482422,258.4473780093136,249.05807942667104,256.5114425935135,55590,
2023-10-26,248.7677001953125,251.52641406268287,244.94423071440696,249.83247057886263,53262,
2023-10-27,252.5427703857422,259.31854437599225,250.84882688817967,251.2360080653308,30367,
2023-10-30,249.3484802246093,254.96268095144043,248.18690719283708,253.60753210772563,31929,
2023-10-31,249.3000640869141,256.36624587263367,246.92856099570287,251.81678596210148,54894,
2023-11-01,250.8972320556641,253.5107270424764,248.7676913641616,249.73565903483924,20479,
2023-11-02,258.979736328125,268.03023988198265,251.38121380828304,252.6395599537269,53742,
2023-11-03,260.3349304199219,265.5135340960622,258.8345627281175,259.8993331293911,29234,
2023-11-06,264.3035583496094,265.707123275821,260.0929226510319,261.3028822287907,40011,
2023-11-07,260.7704772949219,265.610315513239,258.06017970867555,265.610315513239,31729,
2023-11-08,265.8039245605469,268.4174195108264,260.7704809273715,260.7704809273715,36467,
2023-11-09,258.0601806640625,263.2872000511908,257.52778073405966,262.3192324039438,52589,
2023-11-10,256.7050476074219,259.2217400125685,256.31783689275613,258.44737766329723,19584,
2023-11-13,258.8829650878906,263.1420169267395,257.4794001507565,262.3192384994549,19460,
2023-11-15,257.334228515625,262.9968456790556,255.6402849776776,261.3996752826803,47946,
2023-11-16,257.5278015136719,261.2544831642801,256.60824989860663,259.1249718925259,41861,
2023-11-17,256.4630432128906,260.28649774408257,255.6886513612361,260.28649774408257,38632,
2023-11-20,255.44667053222656,257.3342193662698,254.47870283067203,254.5755055088335,34408,
2023-11-21,255.59185791015625,257.7213986540135,254.6723063244227,255.4466686639909,29705,
2023-11-22,254.5271148681641,258.1569936909272,254.0915175934207,258.1569936909272,20932,
2023-11-23,255.6402740478516,258.44737445414154,254.5755036758023,254.5755036758023,30153,
2023-11-24,255.54347229003903,258.1569968908355,254.33351266745368,258.10858078191416,32066,
2023-11-28,256.1726379394531,258.1085732793168,254.7691025420694,258.1085732793168,33410,
2023-11-29,255.10787963867188,258.20538814470484,253.9463361039323,258.20538814470484,49856,
2023-11-30,255.54347229003903,257.38260500836293,254.8658830853793,256.5114399881074,28079,
2023-12-01,257.9150085449219,262.02887131879265,255.5434758357372,255.5434758357372,92806,
2023-12-04,259.22174072265625,263.28721691754214,258.3505756923322,263.28721691754214,46664,
2023-12-05,264.15838623046875,268.3690517420013,260.18971265017336,261.35128573612394,104540,
2023-12-06,275.3868103027344,281.6786003448004,263.432403314803,266.19111716433025,363448,
2023-12-07,272.3861083984375,277.51635499887414,271.7085487236834,275.6771927130395,69724,
2023-12-08,269.28863525390625,275.096441654436,268.6110460244988,272.966900824896,71093,
2023-12-11,268.2722473144531,272.6765181583061,267.40108227567873,270.06299350195246,49243,
2023-12-12,270.7889709472656,275.2900149584902,269.6758139720212,270.8857736277283,67116,
2023-12-13,268.99822998046875,273.74126601508044,267.2074837471884,272.77329827168904,52805,
2023-12-14,264.98114013671875,272.24089740073845,262.75482639176386,270.88574861946034,96314,
2023-12-15,266.626708984375,271.80531243476486,263.8195790833799,267.1106928238529,99193,
2023-12-18,269.82098388671875,273.49924916046353,267.73985933604666,267.73985933604666,112808,
2023-12-19,271.5149230957031,276.8387451171875,267.54624986259097,271.5149230957031,133398,
2023-12-20,260.62530517578125,278.2423292636567,259.3185428629941,272.91850687380787,143142,
2023-12-21,263.5775756835937,264.8359513354456,259.4153266613813,260.6252862073765,63545,
2023-12-22,270.8857727050781,272.9668973977999,262.1256471035772,265.1747690575983,73161,
2023-12-26,292.8102111816406,296.19809792258525,269.1433905610307,272.9184879901057,1223320,
2023-12-27,290.051513671875,301.81231524892013,287.5347917588376,297.16608213256615,438367,
2023-12-28,285.7924499511719,293.00382079220014,284.09850655603367,291.2614612903266,110426,
2023-12-29,283.5177307128906,288.4543718437254,282.1625818538455,286.9540337390736,123352,
2024-01-01,286.76043701171875,295.7625249905048,283.80814728212505,283.80814728212505,170904,
2024-01-02,288.79315185546875,295.1817441997179,285.5504543472486,287.48638963095874,154389,
2024-01-03,290.48712158203125,293.6814032739305,286.4216453014041,288.4059968712465,116316,
2024-01-04,292.3746337890625,297.6500696029148,290.68069030351745,290.68069030351745,184138,
2024-01-05,288.4059753417969,295.4721274248901,286.7120319413266,295.2785220773964,77070,
2024-01-08,278.2423095703125,291.16465391539884,276.8387446781359,290.68067009603146,107377,
2024-01-09,277.2259521484375,283.5661585081742,275.3868193682201,282.11420691220826,79166,
2024-01-10,276.5483703613281,280.3234383011584,273.0152647947922,276.06438653468246,76106,
2024-01-11,284.24371337890625,285.1148784137172,276.9355689523977,276.9355689523977,89945,
2024-01-12,280.5654296875,286.2280463566237,278.774683624269,285.5504571845811,52609,
2024-01-15,280.5654296875,280.5654296875,280.5654296875,280.5654296875,0,
2024-01-16,273.7896728515625,280.42025757718693,272.62809978282894,275.8707975213491,64689,
2024-01-17,272.7732849121094,274.8060229816805,269.8693818241592,270.0629871793678,68667,
2024-01-18,274.1284484863281,279.6458463308875,264.2551667054961,272.77327015325176,81201,
2024-01-19,273.886474609375,276.83876430076623,272.14411501213533,275.9191831627761,55374,
2024-01-23,266.3847045898437,275.67717024062955,264.400353216894,271.0309374152366,62510,
2024-01-24,266.7719116210937,271.17615296543903,264.59398423410374,269.09502825921027,38951,
2024-01-25,265.8523254394531,269.38540167023547,262.3192492086708,269.38540167023547,74796,
2024-01-29,262.85162353515625,268.41743794601695,261.98045849189725,266.3847293584228,59845,
2024-01-30,263.3356018066406,266.3847237033636,262.07725560864986,264.59397754466136,57131,
2024-01-31,265.5619506835937,267.449470019216,263.3840233070854,265.6587533638891,47401,
2024-02-01,265.22314453125,268.03024489748,263.5775876579276,267.3526852449579,47179,
2024-02-02,269.28863525390625,272.966900824896,264.7391750908123,265.4167643202198,65325,
2024-02-05,262.4160461425781,269.77260647988226,261.1576704240752,268.17543616255045,73595,
2024-02-06,261.786865234375,265.46513052315106,261.35126797174394,265.46513052315106,46211,
2024-02-07,263.1420288085937,266.9654835526915,261.10929070234886,263.43240730661574,85376,
2024-02-08,261.1576843261719,266.1911283880678,258.73776497718944,266.1911283880678,61919,
2024-02-09,258.2537536621094,261.5932538248204,256.5114237320163,259.4637132080151,47712,
2024-02-12,247.60614013671875,254.57550460928164,245.67020474045043,251.76840419269857,163184,
2024-02-13,244.0730438232422,249.5904713976045,237.10367950353904,249.5904713976045,90305,
2024-02-14,260.0445251464844,266.0459368974971,241.3627597454796,242.81471134265703,294962,
2024-02-15,260.1413269042969,264.4003789995611,259.4153511082849,261.10929463231287,90315,
2024-02-16,255.83384704589844,262.2224396678226,253.4139278360809,261.35127466029417,65148,
2024-02-19,255.0594787597656,260.4801035712047,254.6238814961568,258.6893574897433,61693,
2024-02-20,255.7370758056641,259.657333138623,254.2851242690082,256.55982471107865,40862,
2024-02-21,253.704330444336,258.44736608622725,253.22034661271377,258.44736608622725,39561,
2024-02-22,255.54347229003903,256.89862115932874,252.978363798164,255.93065346126045,41887,
2024-02-23,254.96267700195312,260.28649915838736,253.1235443468271,257.8665799963718,64300,
2024-02-26,252.5911865234375,256.2210654471885,251.09081884426885,256.2210654471885,42366,
2024-02-27,262.1740417480469,269.0950044804558,253.55913564210985,253.6075222081994,270483,
2024-02-28,261.4964599609375,269.09501207316765,259.1733434625562,262.2224357129335,183118,
2024-02-29,261.64166259765625,265.41676033331845,259.7541432698556,261.5932760277244,74902,
2024-03-01,263.2872009277344,268.5142203322646,262.60961175639426,263.72279818645706,74742,
2024-03-04,269.09503173828125,274.806035496663,267.2074828291406,269.4822129263013,167655,
2024-03-05,272.8216857910156,277.8067132390416,269.4821856102842,269.9661694312581,170470,
2024-03-06,262.5612487792969,274.90283743159563,259.4637402034918,274.90283743159563,86610,
2024-03-07,262.609619140625,267.49787363696475,261.8352568144866,263.5292002504399,38296,
2024-03-11,261.786865234375,271.32132304502494,260.96408681608784,265.5135170900973,119655,
2024-03-12,251.7684020996093,265.2231470838114,249.7356640424209,264.2551793937245,82831,
2024-03-13,240.24957275390625,254.914291817264,238.07164549628013,251.76839688958185,97899,
2024-03-14,247.07374572753903,249.300059534146,242.13710474329253,243.9278508260131,60377,
2024-03-15,248.0901031494141,251.38121687461896,242.47590245352765,247.55773274446983,52802,
2024-03-18,248.7677001953125,252.1555871629529,246.68657553748224,251.81679255818287,35266,
2024-03-19,245.2830047607422,250.7036296890519,241.99192054927784,250.7036296890519,47430,
2024-03-20,239.6204071044922,246.29937832691792,239.0880219154548,244.8958281158302,54904,
2024-03-21,240.4431610107422,243.20187475175288,240.05597985446653,243.20187475175288,53800,
2024-03-22,244.8474273681641,250.55844567433508,241.02395789768568,241.02395789768568,104898,
2024-03-26,235.6517333984375,245.8637955782292,234.0061912639248,244.55703327640188,142251,
2024-03-27,229.6503295898437,238.41043995285847,227.52080367093765,235.2161436894922,183763,
2024-03-28,223.6005401611328,232.65104412328,222.68097379412688,229.65033832566564,143129,
2024-04-01,238.89442443847656,240.4915651895039,226.21404202541967,227.3756002779864,105992,
2024-04-02,243.1534881591797,246.34778458720143,237.29728050280897,239.03962535173133,68146,
2024-04-03,245.96060180664065,249.39687537213243,241.70153500699283,242.18551886354268,56810,
2024-04-04,249.73565673828125,251.42960014638973,245.9121874282678,246.29936858497257,54533,
2024-04-05,248.5740966796875,251.13923474907,246.976955862546,250.2196536064577,36826,
2024-04-08,247.0253448486328,251.6715925888921,245.2346135326051,251.6715925888921,49261,
2024-04-09,245.86380004882807,249.25168705737497,243.9278646153728,248.76770319901112,28763,
2024-04-10,254.86587524414065,256.75342401331324,244.7990174019543,244.7990174019543,105779,
2024-04-12,251.1876220703125,256.9470417912124,248.4289081742509,254.5755090731876,69298,
2024-04-15,243.201889038086,250.17126842056268,238.7976329691643,245.8638002613884,40904,
2024-04-16,242.3791046142578,245.8637942198682,239.13642170210704,241.99192344475216,36654,
2024-04-18,244.12144470214844,249.44528168512429,243.20187836482168,244.89582179621848,36577,
2024-04-19,243.39547729492188,245.428215390332,239.71719704942583,243.9278624884831,24107,
2024-04-22,246.4929656982422,248.1869091512598,243.9278572345357,243.9278572345357,19657,
2024-04-23,254.09152221679688,255.2046791680264,247.122157704282,249.2516836983817,60330,
2024-04-24,255.49508666992188,258.592565591225,253.8979163301542,254.52711896825903,44895,
2024-04-25,251.4296112060547,256.8018201492096,250.7036354277889,255.54347394956088,32841,
2024-04-26,252.15557861328125,257.47940081049063,251.4296028591164,251.4296028591164,60261,
2024-04-29,251.91358947753903,256.2210574825039,251.6715975568113,253.607532922633,24092,
2024-04-30,248.42889404296875,253.9463215212461,246.8317533118975,253.9463215212461,37775,
2024-05-02,247.8965301513672,250.65524396290127,245.86379210391945,246.831759789368,29665,
2024-05-03,244.36343383789065,250.7036249914851,242.0403173521529,248.7676896633656,42807,
2024-05-06,244.36343383789065,246.97694357684915,242.7662931001977,244.50863784950823,31659,
2024-05-07,242.5727081298828,248.71930884678304,240.6851593253129,245.2830058359032,36511,
2024-05-08,243.1050720214844,244.79901542732395,240.2011690400451,242.42749761315144,17934,
2024-05-09,240.58837890625,244.41184843267897,239.8624031188262,243.63747130542387,18792,
2024-05-10,239.42681884765625,242.18551795766257,238.1684578713304,240.6367784845051,20305,
2024-05-13,236.03892517089844,240.5883703224341,232.8930302043026,240.4431663081209,46110,
2024-05-14,238.8460235595703,241.556336000774,236.3293016991637,236.57129361766383,18438,
2024-05-15,249.54205322265625,251.42960199299444,238.2168492207139,240.346375138259,141922,
2024-05-16,246.83175659179688,251.5264057134113,245.57339566301223,251.2844137951841,22279,
2024-05-17,248.1385192871093,250.07445463627343,242.71789440144417,246.2993718433948,25564,
2024-05-21,240.0075836181641,245.7186017996961,236.18411423113025,241.991920318781,89277,
2024-05-22,240.10438537597656,242.95988707081383,238.45884327810543,242.95988707081383,33695,
2024-05-23,238.70083618164065,242.1371096351804,238.12004966469647,241.7015271324796,36010,
2024-05-24,237.2972717285156,239.62040303118383,237.0552798076136,239.08801785119647,35672,
2024-05-27,235.9905242919922,238.5072314081572,235.21614719085883,238.5072314081572,29848,
2024-05-28,233.5706024169922,236.6196946785198,232.94141456761943,235.9905215991616,30041,
2024-05-29,231.1506805419922,232.6510333714615,229.65032771252288,232.6510333714615,43696,
2024-05-30,229.8439178466797,232.40904100694817,229.40833535380824,230.3763030135289,30177,
2024-05-31,229.74713134765625,232.36064109088133,228.53717176560627,232.31223975359643,23761,
2024-06-03,230.76348876953125,234.7321621615048,229.408339926914,234.2965796599503,34365,
2024-06-04,223.6973419189453,230.76349433002056,218.2767168778313,230.76349433002056,86165,
2024-06-05,227.3756103515625,229.6019390501249,220.6966390258903,220.6966390258903,46233,
2024-06-06,229.0211639404297,232.98982265210176,228.05319623953187,228.24678682570843,41943,
2024-06-07,233.90939331054688,234.97416370909883,229.02116814723487,230.0859237757716,30840,
2024-06-10,239.242904663086,242.9114958145393,235.21615541245583,236.95850025840303,65989,
2024-06-11,242.485580444336,244.68287123388083,238.3233311978168,239.08801917328924,57161,
2024-06-12,241.30465698242188,243.91818154021755,240.0559851712649,243.6858639792981,40952,
2024-06-13,241.47889709472656,245.76698680591784,240.05598343069343,241.9919187809409,42413,
2024-06-14,245.4669189453125,250.3164464456611,242.3790997015413,242.66949295779204,83011,
2024-06-18,245.53468322753903,251.38121623770377,244.8958210192072,251.38121623770377,29159,
2024-06-19,242.4759063720703,250.60682906097216,242.088725204033,246.83176097755663,67064,
2024-06-20,256.7437438964844,266.1814289935874,242.58238645592863,243.3954757810293,486075,
2024-06-21,258.0892333984375,264.1487206725235,256.7050466726413,257.91500630149045,124235,
2024-06-24,259.366943359375,261.25446255086297,252.53309412080023,255.1950051554868,81037,
2024-06-25,256.4146423339844,260.91568631018083,255.6402799763703,257.4794127307265,53260,
2024-06-26,254.1883239746093,258.01177866629246,252.7363724243432,257.28580289115934,47312,
2024-06-27,249.8034210205078,256.40496754906053,248.59346144592087,254.9626756489335,30018,
2024-06-28,248.1288299560547,251.18761135005343,247.04471088780787,250.99400599928265,42361,
2024-07-01,254.23670959472656,256.6082422673221,247.7997303205769,248.9128872636204,42811,
2024-07-02,262.3192443847656,263.72280935338966,254.23670825309625,254.23670825309625,126605,
2024-07-03,264.44879150390625,268.94983546979734,262.3192507152976,264.158383465443,136264,
2024-07-04,259.22174072265625,264.2551846267978,258.6893702985777,264.2551846267978,70973,
2024-07-05,254.7206878662109,262.3192400258892,251.91358751563715,258.25376397331394,80125,
2024-07-08,256.559814453125,261.3028795819173,252.7847465167631,256.2210494068071,61979,
2024-07-09,253.36553955078125,259.8025186972652,251.7199826832459,256.55982107008026,50891,
2024-07-10,251.5747985839844,255.25309355721183,248.62250892365708,254.9626855240458,39449,
2024-07-11,258.5925598144531,265.94912009075654,252.9783590862378,253.12354833023767,118022,
2024-07-12,257.2374267578125,266.0943256657385,253.8979262407109,261.25448696850776,68587,
2024-07-15,256.1726379394531,258.88296513927963,254.23670259958948,258.88296513927963,34824,
2024-07-16,255.0594787597656,260.3349143300114,254.18831377257672,254.18831377257672,37897,
2024-07-18,249.0096893310547,255.6886605129779,247.7997297133139,255.05948741975865,47540,
2024-07-19,244.60543823242188,249.63886738830965,243.15348666226103,248.76770235421924,39703,
2024-07-22,249.05807495117188,251.33280493186683,240.44316841367475,243.0566929940527,69532,
2024-07-23,246.5897674560547,252.54276280361205,240.20117483476145,251.18761395425395,32391,
2024-07-24,252.20396423339844,254.5754968374394,246.0573783999024,246.0573783999024,44105,
2024-07-25,254.96267700195312,258.4473665032613,250.4132467013812,251.7199794168465,61719,
2024-07-26,253.55914306640625,257.9149975830192,252.73636463859577,255.2530864895336,39044,
2024-07-29,253.5107269287109,259.7541302177917,252.30076734090684,255.54346494422765,60650,
2024-07-30,258.8345642089844,264.1100001354589,253.6075443928628,253.6075443928628,139953,
2024-07-31,261.3512878417969,265.900748001722,258.4473846435547,258.4473846435547,97355,
2024-08-01,255.3498687744141,263.28721577178123,254.57550642639143,263.28721577178123,56891,
2024-08-02,259.2701416015625,262.5612257116942,251.67158962226907,252.6395572746624,63217,
2024-08-05,245.041015625,250.75201910686067,242.9598909926308,250.75201910686067,98833,
2024-08-06,239.572006225586,249.9776590212427,238.45884927638213,246.83176398999765,93951,
2024-08-07,256.559814453125,258.44736319132016,242.47589692668805,242.47589692668805,172777,
2024-08-08,253.55914306640625,260.2381140838737,252.54275928851249,255.93064613476704,72853,
2024-08-09,250.94561767578125,257.0922182693848,248.96129577439515,256.4146290864569,39904,
2024-08-12,251.91358947753903,256.99541981282084,247.3641443218612,248.76769450807893,65030,
2024-08-13,248.3805084228516,256.6566201317891,246.83175425286703,253.6075278990241,47379,
2024-08-14,244.1698455810547,250.7036273755924,241.9919183162088,250.7036273755924,37271,
2024-08-16,246.444580078125,247.8965316148696,243.0082918204932,246.63817066235464,26887,
2024-08-19,258.39898681640625,262.70642531547054,247.1221543591376,247.75132745000883,186538,
2024-08-20,264.4971618652344,274.7092088147425,259.7057101545005,259.9961181751675,283407,
2024-08-21,262.2224426269531,265.6103295589293,260.3833099147434,264.4971726178574,67938,
2024-08-22,263.1420288085937,272.72490326371377,262.4160530235085,264.10999652204083,118139,
2024-08-23,261.0608825683594,265.0779423393388,260.43167997456834,264.5455424169023,30780,
2024-08-26,266.09429931640625,268.1270372759625,260.8188933828275,261.0608852937264,155098,
2024-08-27,269.6758117675781,275.7739965664809,262.1256458536652,266.19112207962064,340950,
2024-08-28,264.3519897460937,273.7412588885326,263.3840220279023,271.70855031235493,88420,
2024-08-29,258.5925598144531,265.2715308987174,256.89861637438463,262.31924129060974,63871,
2024-08-30,258.4473876953125,261.30290435664773,256.60825488938207,260.18971781881896,36828,
2024-09-02,254.96267700195312,260.0929233494434,253.0751577795983,258.4473665032613,57380,
2024-09-03,254.86587524414065,257.09221860521967,252.3491829386157,253.12354525723435,31656,
2024-09-04,256.89862060546875,257.6730124862718,252.5911820823692,252.6395686511564,31382,
2024-09-05,257.8182067871094,260.4801180032443,255.5918633186874,258.4473798938261,31757,
2024-09-06,252.88156127929688,259.5121459232385,251.91359358062016,258.3505728688145,38700,
2024-09-09,252.6395721435547,256.31783762311926,249.15488248184445,251.76840711313469,48496,
2024-09-10,254.76910400390625,256.9470312737496,252.68794986958807,254.5271120850348,36803,
2024-09-11,254.6723022460937,261.1576679712027,253.51072921531312,256.2210564404582,70829,
2024-09-12,254.33351135253903,257.14061175441844,253.5107329054288,256.0274548154009,31533,
2024-09-13,255.3498687744141,260.3349260874112,254.13990914310992,254.81749835265225,50114,
2024-09-16,270.49859619140625,277.8067407970586,255.5918693946612,257.0922371125315,548571,
2024-09-17,280.5654296875,285.5020706180188,266.2394907216802,272.6280831294088,777639,
2024-09-18,274.56402587890625,288.7447464495828,272.4829012798017,280.7590131083453,608163,
2024-09-19,267.9334411621094,279.9846505560748,261.64165126197287,276.30638519969904,208171,
2024-09-20,268.2238464355469,272.77327674646074,266.3362976688724,268.80463294375664,111177,
2024-09-23,270.93414306640625,276.8387517209069,270.0629780773881,273.88646216367096,117344,
2024-09-24,270.3049621582031,275.7255868239023,268.51421612488804,270.9341352131441,92692,
2024-09-25,268.99822998046875,274.80603644081725,267.1107106048742,270.4501815955559,61897,
2024-09-26,264.98114013671875,271.3213163312848,264.3035509760657,269.7725917469829,34943,
2024-09-27,264.5455627441406,271.9021232319387,262.8032326859914,268.27224432743606,50077,
2024-09-30,262.1740417480469,265.22313391239175,257.04379552134503,263.96478779378214,58303,
2024-10-01,265.5619506835937,267.3526968789512,262.3676394740298,262.99684212593445,48991,
2024-10-03,256.0274658203125,264.15838888353744,252.25239756310427,263.6260184454811,125815,
2024-10-04,251.284423828125,258.640984343962,249.73566958162823,255.54347585096843,64988,
2024-10-07,242.52430725097656,254.430312770746,241.6047409011195,252.25238547213013,67719,
2024-10-08,250.5584411621093,253.5107307852516,241.55633873789915,243.7342660290783,51651,
2024-10-09,253.65591430664065,257.4793983920071,250.7036247501122,250.7036247501122,45092,
2024-10-10,252.20396423339844,258.1085729197631,251.76839650655327,255.0594806717311,37951,
2024-10-11,251.284423828125,253.5107377486933,249.3484884050116,252.05878618135827,39531,
2024-10-14,250.5584411621093,254.3818957937173,248.8160816051484,252.2039685025382,31435,
2024-10-15,247.8965301513672,252.4459605489575,246.9285624659187,251.52640897179907,27574,
2024-10-16,249.63885498046875,251.1876091530017,246.92855733355773,246.92855733355773,28365,
2024-10-17,245.96060180664065,250.5584484438642,245.0894220028418,250.5584484438642,25450,
2024-10-18,250.0260467529297,253.9947202572681,242.137115853592,245.9606001099731,36574,
2024-10-21,242.66949462890625,251.2359997422016,241.6531256100367,250.02604014116991,35516,
2024-10-22,232.60264587402344,244.4118490940705,230.71511177561683,244.4118490940705,64145,
2024-10-23,232.89303588867188,236.377710767022,230.66670721166165,233.280217062928,31278,
2024-10-24,236.3292999267578,237.1520783514933,232.0218467637642,234.0545847719256,27679,
2024-10-25,231.3442840576172,237.4424836206704,227.4724131947281,236.3293118855807,47189,
2024-10-28,237.7328643798828,240.5399646997616,228.7791634805959,231.34427188427773,28342,
2024-10-29,235.79693603515625,237.73287142207863,232.8446316160966,237.73287142207863,23966,
2024-10-30,238.9428253173828,242.6210906484469,234.53856946359195,236.18411154907025,50706,
2024-10-31,240.10438537597656,241.6047382302176,236.9584904238644,240.1527867138581,17449,
2024-11-01,242.91148376464844,243.91817841237537,240.8787605202249,241.12075243765733,10288,
2024-11-04,238.5943603515625,243.44387314349805,237.24888585819028,243.44387314349805,14915,
2024-11-05,239.76559448242188,242.35975557877475,236.3970710480673,240.38509321483207,31370,
2024-11-06,245.10877990722656,246.83176121568,237.91677228237768,240.7335618081131,30635,
2024-11-07,241.77896118164065,246.5316859419277,240.22053265663868,245.1087722986645,23960,
2024-11-08,239.42681884765625,241.8564124812433,238.2168592108074,241.41114083607627,12575,
2024-11-11,234.6160125732422,239.42681315660417,234.2481801259785,239.42681315660417,18058,
2024-11-12,232.1089630126953,237.5295879175918,230.3763073678528,236.93912704320127,22075,
2024-11-13,223.96836853027344,234.03522658440875,221.22901819894287,232.3122452801819,59348,
2024-11-14,225.8655700683593,229.3889717572876,223.5908549310925,224.37490637189583,17411,
2024-11-18,223.94900512695312,227.4627325645708,221.90659271227943,227.4627325645708,25781,
2024-11-19,224.22970581054688,227.36592639202195,223.79412331117896,224.56850040450777,15816,
2024-11-21,220.7353515625,226.45604431157625,219.7286716361893,226.45604431157625,33524,
2024-11-22,221.4516448974609,225.4880683551916,218.5767797030317,222.3905747297164,25001,
2024-11-25,220.6482391357422,226.5044468041254,219.3221280838494,226.5044468041254,41339,
2024-11-26,224.3458709716797,227.42400107212632,221.69363423914527,222.3421708055284,15877,
2024-11-27,225.6429443359375,228.81787711463,224.08451579511475,224.5394617820019,23685,
2024-11-28,227.76280212402344,231.63467291314407,225.6332761440101,226.8916223344624,22877,
2024-11-29,234.703125,236.57129553636528,226.5044375531213,227.90798773780227,32344,
2024-12-02,231.9347381591797,235.6033291954684,229.4083419043689,235.6033291954684,22980,
2024-12-03,234.6063232421875,237.11337077320653,231.5378674511101,232.7962283964452,24623,
2024-12-04,233.822265625,236.038919837974,232.32191279774943,233.42539533953104,19784,
2024-12-05,233.78355407714844,236.18410974551523,233.2898811162646,234.6837569140306,20385,
2024-12-06,233.55123901367188,235.18710674462127,232.32191593307445,234.64504721081863,25523,
2024-12-09,234.9838256835937,240.02694373090137,231.35394692987404,234.24817557337843,44564,
2024-12-10,234.0545959472656,236.5713031389476,233.24150661318447,236.5713031389476,18603,
2024-12-11,238.4878845214844,241.02395514641947,232.80590412964344,233.4738041998781,46946,
2024-12-12,234.7902374267578,238.79762301970737,234.2481778907089,238.5943580786964,21825,
2024-12-13,233.2898864746093,234.71280015334327,230.37630905959043,233.7641959575256,26376,
2024-12-16,227.42401123046875,235.02256368603005,225.5074392942056,234.1901108619941,70881,
2024-12-17,226.8529052734375,229.4180137083613,225.6332713181555,227.9079864961032,22513,
2024-12-18,224.336181640625,227.76279545994632,223.11654769494243,226.852903487923,24573,
2024-12-19,224.9556884765625,225.70102774416367,221.4322866251952,222.63257189522704,22714,
2024-12-20,221.5000457763672,225.4396665498168,220.6966308303287,223.75541224102625,29662,
2024-12-23,220.71600341796875,222.7874537457905,218.68326530009963,222.7777646157909,23147,
2024-12-24,220.27072143554688,222.7100041085602,219.68994969341057,220.69662957512224,20316,
2024-12-26,217.1829071044922,221.37420899824613,212.7593024166368,221.21933062216857,47600,
2024-12-27,218.95428466796875,219.68026042268352,216.979637113951,217.79272641442805,19780,
2024-12-30,218.20895385742188,222.4389827953165,215.8567994108481,218.95429313000523,22855,
2024-12-31,218.7510223388672,219.94161845520625,215.91486934285496,217.2119424952904,17422,
2025-01-01,223.8231658935547,224.57817951376444,216.93124063419805,216.93124063419805,26449,
2025-01-02,223.55213928222656,227.37560877608288,222.3325052869503,222.6325729133267,18381,
2025-01-03,223.513427734375,227.26913241015987,222.13891535689507,224.03612379960788,29903,
2025-01-06,215.6632080078125,225.7494297392737,214.8888308884457,223.61990373852643,26471,
2025-01-07,217.47329711914065,219.7189892286808,215.6632022820648,215.6632022820648,15979,
2025-01-08,214.9468994140625,218.55741470397044,214.40483987960084,214.6565061577396,22656,
2025-01-09,222.2647399902344,234.82897145219496,214.40484694162348,214.40484694162348,135473,
2025-01-10,215.01466369628903,223.39725251015065,213.24328108422185,222.63256454811784,30655,
2025-01-13,204.8026123046875,214.762993660958,203.5248878225921,211.9752566664126,47117,
2025-01-14,206.6223907470703,209.0810221944392,204.2315093579679,204.241183717716,27101,
2025-01-15,210.5813751220703,212.952893022178,208.1130545444012,208.50023571461736,16673,
2025-01-16,214.97593688964844,217.0183492698889,209.6134024815844,209.6134024815844,25036,
2025-01-17,214.5113220214844,218.4799954890129,212.22691766471468,212.95289343779808,17438,
2025-01-20,215.4792938232422,217.6959333938048,214.50165174740707,214.93723426555084,12030,
2025-01-21,211.8494110107422,218.7510254250488,210.62977702826225,215.7116074436177,17118,
2025-01-22,209.2746124267578,211.9849249231573,206.1674444011473,211.01695722944427,18945,
2025-01-23,210.4845733642578,211.98492625292764,208.50992575550288,208.8680690780185,13605,
2025-01-24,206.12872314453125,211.95589295805607,204.5896580136051,211.4041442677154,18588,
2025-01-27,201.9083709716797,205.6737645841924,198.4333706116259,205.2091442422668,45997,
2025-01-28,199.50782775878903,202.9731539757176,195.5294798308363,201.9083835735832,26134,
2025-01-29,202.0438842773437,205.1994682820918,199.2271096295048,200.85328819856588,17560,
2025-01-30,204.1540679931641,208.5970361226196,201.3372784849414,201.3372784849414,17177,
2025-01-31,208.79063415527344,211.01696286426645,203.9895225374601,205.6834660466916,15498,
2025-02-01,209.08102416992188,212.95289498788333,207.77426186085387,209.89411349689016,12964,
2025-02-03,207.1160430908203,211.2589435280043,202.79890079299952,206.66109710528715,19150,
2025-02-04,207.125717163086,211.8881163103476,205.24785752668305,208.11304831862017,15141,
2025-02-05,211.35574340820312,213.3207165665397,208.11304585547265,208.11304585547265,19891,
2025-02-06,212.43019104003903,212.9528870822528,209.47788669694128,211.83973017141952,12316,
2025-02-07,208.3840789794922,214.15317279602485,205.78993271146385,212.8560848919961,17147,
2025-02-10,207.54196166992188,209.9425174715887,206.0512831150853,209.9425174715887,13016,
2025-02-11,198.2494659423828,207.62907549215387,196.88462791532305,207.62907549215387,23325,
2025-02-12,200.1079559326172,202.3052467191905,189.1796072378368,198.24945974472783,31327,
2025-02-13,214.73394775390625,224.0845191383489,205.30595195225555,212.95289075782617,187284,
2025-02-14,198.37530517578125,216.2439808604633,195.2390844730349,216.2439808604633,79729,
2025-02-17,201.0081787109375,203.64105207038656,197.94939719481064,198.43338105103263,45522,
2025-02-18,197.9203491210937,201.9180602933833,195.2100367122536,200.85328995669155,29944,
2025-02-19,200.65000915527344,202.57627011024027,194.8615667010208,197.46540206200137,26204,
2025-02-20,202.508529663086,205.19947869608583,197.8816304538832,201.1920929960776,22979,
2025-02-21,199.0819091796875,204.6767611380828,197.562207616186,203.46680154898323,20440,
2025-02-24,196.90399169921875,200.36931790691887,194.36792100090804,200.36931790691887,19404,
2025-02-25,196.65231323242188,199.1206337179439,192.77075346534144,196.49743486211136,26454,
2025-02-27,192.57716369628903,197.8041979411153,190.68962970649667,196.65231405836624,20847,
2025-02-28,184.8431091308593,197.8429075939781,181.97791838513817,193.1579477080152,69069,
2025-03-03,177.8834228515625,188.753695650062,176.18947942906195,185.84979264006105,69555,
2025-03-04,176.69281005859375,181.57137533346835,175.50221397306484,177.28327092166347,51225,
2025-03-05,182.4522399902344,184.88183363864675,177.05097836598097,178.44485423933864,41211,
2025-03-06,184.6107940673828,188.06643094759949,183.9622575048775,184.25265075809247,46177,
2025-03-07,185.1819000244141,188.5020369463123,183.4976456637563,187.05975974286176,48575,
2025-03-10,183.536361694336,186.5564162825401,182.94590078882007,184.872161886818,33750,
2025-03-11,175.9862060546875,181.6875352454246,175.17311672742122,181.25195273224733,46947,
2025-03-12,175.4441375732422,177.13808097050108,174.23417800377155,176.17011331492458,44068,
2025-03-13,174.58265686035156,177.13809102532613,174.33099057282155,176.17012331480524,24430,
2025-03-17,169.65570068359375,175.686135239688,169.39434527242645,174.718167552417,39868,
2025-03-18,169.65570068359375,169.65570068359375,169.65570068359375,169.65570068359375,0,
2025-03-19,169.3265838623047,180.0516678261384,164.5545101573488,174.13738454674132,149065,
2025-03-20,169.97512817382812,174.13737732446256,169.39434166582524,170.3623093324871,95605,
2025-03-21,173.45013427734375,174.23418575001645,169.9751337841331,170.26551227770454,88571,
2025-03-24,174.99887084960938,179.93551193919012,173.7501990377822,173.7501990377822,96289,
2025-03-25,170.3236083984375,178.1060624547173,169.72345836177308,175.87973372003023,87224,
2025-03-26,164.92233276367188,173.25653481239516,164.56417468993084,171.62066712237646,87215,
2025-03-27,162.57017517089844,168.42638281472378,161.8926007227733,167.44874073743,126614,
2025-03-28,160.34384155273438,169.38467098068216,159.47267654184702,163.58653921439847,119624,
2025-04-01,166.55821228027344,168.28119363624057,159.7049990663076,159.7146734262795,52326,
2025-04-02,169.63633728027344,170.26551036931278,163.01544184078557,166.49044229504727,32988,
2025-04-03,173.17910766601562,174.22451457200924,167.25513519871842,167.26482432869105,54219,
2025-04-04,167.73912048339844,173.653403871021,166.49044861757338,173.653403871021,41244,
2025-04-07,162.58953857421875,163.49943059122282,154.87483468963984,155.92991595615936,42374,
2025-04-08,167.6326446533203,169.3943530142762,162.61857889370515,169.3943530142762,35444,
2025-04-09,167.92303466796875,169.73314433437525,162.86056766602005,167.63264140014817,31968,
2025-04-11,178.09637451171875,182.3360628053664,170.36230761581822,170.50749685634872,100768,
2025-04-15,186.0240173339844,187.2920673721571,178.73522205440514,179.55800047130904,49299,
2025-04-16,185.77235412597656,188.3181138336897,183.43954848803483,186.8177609857597,35196,
2025-04-17,188.69561767578125,191.3768922249271,182.945887422168,185.84979039712303,36096,
2025-04-21,189.98301696777344,190.93162113998787,187.8728397863005,189.96365347894863,31262,
2025-04-22,194.73573303222656,196.98142516548936,187.93092134447448,189.98302289349405,50383,
2025-04-23,200.1757202148437,203.2732138528848,194.1452856728123,196.4006373812813,72256,
2025-04-24,201.4727935791016,202.49883696308908,197.668687662618,202.0148531200749,27521,
2025-04-25,194.08718872070312,202.2955650497992,188.850494944941,201.48246099634125,53250,
2025-04-28,190.6993103027344,193.5935390284145,188.8117762512103,191.70600497689043,25060,
2025-04-29,188.75369262695312,194.74541477149305,187.8922020052512,192.6255632449419,22144,
2025-04-30,185.19158935546875,189.7313455082781,183.9235392486337,188.124530334988,31017,
2025-05-02,184.1364898681641,188.75369989347,183.67186951172275,184.8818291264245,9711,
2025-05-05,187.14686584472656,188.656893047303,183.5169870808353,185.76267916570296,18016,
2025-05-06,181.5133056640625,189.3151228951401,180.96155699024453,186.7887266292687,25245,
2025-05-07,181.8230438232422,183.61378992306487,178.77395156680302,181.5326505678636,15240,
2025-05-08,183.0330047607422,187.09846605595013,181.20354643939783,184.3978427320665,18736,
2025-05-09,179.19985961914062,181.88111943280927,175.10534573730257,181.88111943280927,17393,
2025-05-12,189.64422607421875,191.657600620819,183.04269417768705,183.04269417768705,22279,
2025-05-13,204.83164978027344,209.1003909694492,191.1639503029292,191.657608522828,229992,
2025-05-14,211.965560913086,216.34077901352745,204.84131811405464,206.17711825450263,114979,
2025-05-15,200.32090759277344,205.3059499861468,196.01345438860696,205.3059499861468,140257,
2025-05-16,201.8018951416016,207.6968294606258,199.0141583034081,202.29556810473017,55489,
2025-05-19,199.6239776611328,204.5993311237445,198.4333815076909,203.079629492118,35530,
2025-05-20,194.9486846923828,201.33727728342024,194.2711102709127,199.87565140496224,36975,
2025-05-21,192.9837188720703,197.46541412493823,192.39325797432747,196.8846275871529,33348,
2025-05-22,192.84820556640625,194.56151257393023,190.8929213978355,193.6903475301128,28481,
2025-05-23,191.67697143554688,196.08122750143124,190.931632157932,190.931632157932,33972,
2025-05-26,190.2927703857422,193.90330061301617,188.80210659687893,193.5935438532437,34277,
2025-05-27,193.5160980224609,194.74542111934696,188.9472893627097,188.9472893627097,34245,
2025-05-28,192.31581115722656,194.83253302779417,191.899592145333,193.59353558167265,12514,
2025-05-29,190.52508544921875,194.2711157470952,189.7216704803949,192.62557359999275,23778,
2025-05-30,190.44764709472656,192.69333927332883,189.57648206303628,189.7216713116463,22228,
2025-06-02,193.8064880371093,197.4654046475061,188.5117037014795,190.6896309586211,47621,
2025-06-03,193.38058471679688,198.4333772608449,192.6158967373787,193.59353879106823,41168,
2025-06-04,192.7610778808593,194.75508888338783,191.6575953469352,193.13858467483308,31884,
2025-06-05,192.73204040527344,196.49743399295863,190.89290776851743,191.65759571727,45411,
2025-06-06,193.5548248291016,195.33588182504488,192.0447828333951,193.59353703770265,11363,
2025-06-09,194.9002990722656,199.2561536500613,187.7857306871934,194.5615044748756,96760,
2025-06-10,196.0812225341797,196.8459105123501,194.03881011246608,196.0134577061063,25304,
2025-06-11,198.26882934570312,202.31492731520044,193.7000205375532,196.49744665029613,61530,
2025-06-12,193.8839263916016,199.88532296487327,190.8057815343016,199.2077485528936,29711,
2025-06-13,191.2123260498047,192.53845179449576,189.315117697568,192.14158150703287,22525,
2025-06-16,190.68963623046875,194.5324691675773,187.979323725982,190.26372808076167,25194,
2025-06-17,190.3314971923828,194.53247354536865,188.9376213147065,191.1252230410504,26140,
2025-06-18,187.07911682128903,191.06713891883547,186.2853762375947,189.7216644403904,22455,
2025-06-19,183.06204223632807,190.1862849255092,182.07472584080003,187.07911695544,35331,
2025-06-20,183.89450073242188,185.84012527516063,182.33607213426512,183.623470956222,26015,
2025-06-23,184.29136657714844,185.31740995793487,181.7940081825853,185.31740995793487,16846,
2025-06-24,186.29507446289065,189.2280154819086,185.84980281151465,187.2533530558277,24087,
2025-06-25,191.44464111328125,195.9166469410397,186.59512849188107,188.17290572170984,57162,
2025-06-26,196.7103881835937,197.94938560135563,191.7931107199701,193.0611459858034,52947,
2025-06-27,195.2100372314453,197.8622739507953,194.1549560213809,197.4654036633352,26174,
2025-06-30,194.0968780517578,197.1653337415255,192.05446571168991,195.529466043602,28723,
2025-07-01,192.3642120361328,195.97474210052656,191.23169162808404,195.0454866331454,18014,
2025-07-02,192.93533325195312,195.68435803496936,192.33518322128347,192.33518322128347,15582,
2025-07-03,192.49972534179688,194.91964451095515,191.37689407251844,192.9353226082569,16841,
2025-07-04,192.4803771972656,195.90697625221324,191.764075803852,192.86755835748065,16136,
2025-07-07,192.7901153564453,195.02611826797133,191.7059963132846,192.4803733884055,20149,
2025-07-08,190.32180786132807,194.3969584502292,188.7537048856064,193.49674079267456,20216,
2025-07-09,190.7283477783203,193.09988044278407,190.3218031195589,190.5928328920665,16392,
2025-07-10,191.5801696777344,195.04549589330256,189.33449224413505,192.470698209163,13638,
2025-07-11,188.5504150390625,192.4416491894632,187.06942569264405,190.6896300783416,19922,
2025-07-14,187.1275177001953,190.17660996321865,186.7983974660478,187.78572862846127,24867,
2025-07-15,187.66958618164065,190.10885420035112,186.9145725420376,186.9145725420376,14765,
2025-07-16,201.03721618652344,202.25685018472743,187.6405466160361,187.6405466160361,171045,
2025-07-17,220.50303649902344,228.7307616313004,202.30524148774933,203.2732091503701,912234,
2025-07-18,224.6362762451172,230.3763177446949,217.79273736368216,220.69664052853125,256346,
2025-07-21,220.6191864013672,226.4269923378476,219.7383322895309,224.0845123825356,63371,
2025-07-22,213.2239227294922,223.60053760424265,211.11376024344025,220.4546425946592,100268,
2025-07-23,210.87176513671875,216.82476046468528,209.1874960551896,214.1144480048738,48678,
2025-07-24,209.0035858154297,215.7116097147319,208.04529246695364,211.7913375418945,45065,
2025-07-25,204.928451538086,209.65212394590296,204.2411879613052,208.7906332699473,28807,
2025-07-28,203.6894378662109,208.1130573848829,200.56290630249808,204.92845012184645,29490,
2025-07-29,203.93142700195312,205.2091514496429,202.024544230198,202.24717266456275,29005,
2025-07-30,223.3295135498047,227.3756115299749,205.6931405090293,205.6931405090293,736588,
2025-07-31,236.12603759765625,244.6538304726909,217.87984096992648,222.42928609988653,1605907,
2025-08-01,224.78146362304688,241.498270171724,222.6325741173564,238.0039061349944,207663,
2025-08-04,230.34727478027344,246.8317635317957,222.12922368900945,224.63627125754377,343577,
2025-08-05,230.8118896484375,237.152080887389,225.5364687622924,229.40833947065792,174438,
2025-08-06,222.3905792236328,233.36732940416545,211.83973719458723,230.81189526525813,246639,
2025-08-07,216.83444213867188,228.32422893912903,215.8568000654464,220.6966386319362,161578,
2025-08-08,220.7353515625,226.3108550621135,217.8411375430973,217.8411375430973,69578,
2025-08-11,222.67127990722656,234.73216376918367,219.5447484181937,234.73216376918367,163075,
2025-08-12,221.3258056640625,227.424005044499,219.86417977429724,222.67128015782424,86017,
2025-08-13,220.4159240722656,226.4560328648492,219.43826727525013,219.43826727525013,35723,
2025-08-14,216.805404663086,222.3421811743081,215.2566651811451,220.41593487433013,21210,
2025-08-18,215.9051971435547,219.8061057695477,214.7049118855511,217.9863217780617,35953,
2025-08-19,223.23269653320312,226.37859142130355,215.7987120103141,216.921558038255,75023,
2025-08-20,221.6258850097656,225.5364679116593,217.2893791983413,225.004082737264,45845,
2025-08-21,219.44796752929688,224.2394047724661,218.03472816425352,222.5357721384396,25673,
2025-08-22,219.61251831054688,221.17094691117853,216.8247665851896,219.7286697090984,34852,
2025-08-25,215.4889678955078,220.04810233003096,214.67587856005628,218.8091048369577,29059,
2025-08-26,208.50991821289065,217.74432323598924,206.17711259599167,213.96925525139235,26547,
2025-08-28,201.97613525390625,208.5099169515792,200.3693053953047,208.5099169515792,46767,
2025-08-29,202.1310272216797,211.2008800694416,199.59494174110907,201.8212704603825,35293,
2025-09-01,202.0438842773437,205.59632379500823,200.1273124580892,200.1273124580892,35082,
2025-09-02,210.1554718017578,211.74293826814468,201.5405650213685,203.07963014786247,37446,
2025-09-03,207.4064483642578,210.9008124388193,205.4124372159513,210.77497190829,34606,
2025-09-04,203.85400390625,208.4034491506884,203.2732173771664,208.11305588614653,18143,
2025-09-05,201.65670776367188,206.7966137613088,200.3693089818697,204.5315729437085,23172,
2025-09-08,200.3693084716797,204.2798913749293,199.8853246347916,203.66039265451303,35585,
2025-09-09,219.554443359375,226.4560430971043,200.7274595592037,203.22481802667653,174145,
2025-09-10,241.5950469970703,246.8317556319477,220.79343123995585,223.8618869787434,1136702,
2025-09-11,229.3793029785156,250.7036298493516,227.9563893031749,240.05598533837525,461185,
2025-09-12,232.1283264160156,236.91976346642087,229.9503991412846,230.37630728265657,108701,
2025-09-15,230.9958038330078,239.0880141329227,226.0301249669194,232.1089607438395,97185,
2025-09-16,229.1082763671875,235.84532326124904,227.9660668053116,231.05388611926267,46590,
2025-09-17,228.5758819580078,234.5966419668029,227.47239941970847,229.1082671234185,54197,
2025-09-18,227.8983154296875,236.1841164977165,227.4724072826368,228.64365468702624,36734,
2025-09-19,222.961669921875,229.2921867650727,221.85818736709945,229.030831358148,47241,
2025-09-22,250.4519500732422,257.8569265164828,223.31014260779696,225.04281304006125,2782251,
2025-09-23,245.4862823486328,255.8338443749708,238.7976221777238,253.30746292551103,390801,
2025-09-24,238.16845703125,247.31574889955945,236.29059731828184,243.92786192833265,191402,
2025-09-25,274.215576171875,285.55046959192583,236.67777542829225,238.1200526088602,18816878,
2025-09-26,256.9373474121094,272.9668900836037,253.7043388545043,267.15908391161213,2628479,
2025-09-29,250.3261108398437,258.9894335058636,247.80941847074783,256.99542242202506,596567,
2025-09-30,260.2477722167969,269.57899468604097,250.02603603822325,251.57479021013447,1612081,
2025-10-01,253.8495330810547,260.431701722435,252.2039761506944,260.38331515273103,278778,
2025-10-03,260.9156799316406,266.7719022005418,252.15558412266176,255.2530925574549,720718,
2025-10-06,268.1270446777344,279.06506753630185,257.62458954679204,263.28720632615074,1280778,
2025-10-07,266.7234802246094,273.9832377651815,261.59326337861665,266.91708557503625,704054,
2025-10-08,267.30426025390625,276.8387475006584,264.64234922024605,267.15907101462136,666581,
2025-10-09,254.6723022460937,268.94982551096183,253.6075318912164,268.70783359121833,407403,
2025-10-10,255.78546142578125,261.15767027547645,252.6879530097221,255.5434695039025,220090,
2025-10-13,261.64166259765625,271.95054243576857,248.0901145333153,255.2530992850628,766880,
2025-10-14,257.140625,263.38402875787824,253.12356477486784,263.23883950444576,153958,
2025-10-15,264.206787109375,269.09501202255,254.5754969853621,258.39898109449985,378585,
2025-10-16,259.6573181152344,265.3683212543113,257.57619360777767,265.1747454513083,171740,
2025-10-17,254.86587524414065,259.270145858867,253.7043317662128,258.4473674328167,127948,
2025-10-20,251.13922119140625,255.6402649021925,249.3968616794696,255.5434622281913,119585,
2025-10-21,254.1883239746093,256.51144054702934,249.3000693646952,251.13923162705632,34172,
2025-10-23,243.39547729492188,254.91430188555373,240.3947862612393,254.09152342550323,257181,
2025-10-24,240.201171875,244.8958209917408,238.60403112436404,244.6538290737648,122658,
2025-10-27,239.184814453125,249.1548695250728,237.6844616276331,243.78266083349456,123448,
2025-10-28,238.4104461669922,240.1043896327768,236.8616919474118,239.57200444667004,63172,
2025-10-29,244.0730438232422,246.49296301550123,237.68446601768704,238.89442561381657,116523,
2025-10-30,240.9271545410156,246.63817283110507,240.15279219728785,246.63817283110507,69523,
2025-10-31,237.2972717285156,245.57339837736768,234.2965807713394,241.41113438385,73186,
2025-11-03,235.9905242919922,237.8586948323372,234.0642632838,235.60332835641816,56590,
2025-11-04,236.0292358398437,239.5623267382451,234.58697344766,235.99052363140208,64112,
2025-11-06,224.9653778076172,236.18411996095915,223.84253172529424,235.9905293740105,103303,
2025-11-07,229.9794464111328,240.34638716234105,222.54546143179115,222.92296825074183,225489,
2025-11-10,226.1172637939453,231.915380945317,223.92964730850625,231.0538902710556,58328,
2025-11-11,226.15597534179688,229.40834744061635,223.6102155361987,227.2788214310356,43572,
2025-11-12,227.93702697753903,230.8699678898432,226.4947645755898,227.375603946238,48599,
2025-11-13,235.09999084472656,240.66580491002773,227.42399959252108,228.4403685932312,92215,
2025-11-14,229.892318725586,236.61001663386432,228.44036723889803,232.98981227651728,43467,
2025-11-17,222.9810333251953,228.5662109235423,222.14858053717484,227.4724027286976,82383,
2025-11-18,228.97276306152344,232.3122486823289,222.4389810673329,222.98104061772264,77945,
2025-11-19,222.6228942871093,228.98243432848204,220.9386251897065,226.90130970348525,39584,
2025-11-20,217.3861846923828,226.3785979964377,216.34077781911017,223.6005354640468,60800,
2025-11-21,212.13980102539065,218.2767125929567,210.92015229157403,218.2767125929567,65858,
2025-11-24,208.34536743164065,213.0980774849181,208.11304987271703,209.3714108026945,35674,
2025-11-25,209.1971740722656,212.9528934652392,207.6290711286082,209.46820384598385,43816,
2025-11-26,216.36981201171875,217.7927256676821,210.07802215909683,210.14578698557816,41139,
2025-11-27,216.12782287597656,219.022051562638,211.99459673783807,216.82476078868424,41002,
2025-11-28,213.35943603515625,217.35714731334943,212.85608870174823,217.30874597494227,17546,
2025-12-01,212.9044952392578,217.69593245827883,211.52030850110256,214.50165082560824,33358,
2025-12-02,206.54495239257807,213.0884087223093,204.8703576384632,212.90449249624928,47904,
2025-12-03,203.5248870849609,208.60671760484763,203.27322079546727,206.17712394968825,42085,
2025-12-04,199.6239776611328,205.9835326361329,197.8235571210429,204.6283689735835,36054,
2025-12-05,195.07452392578125,200.6597015336704,193.86456433473165,200.6597015336704,30150,
2025-12-08,191.88023376464844,197.6493277773808,189.72166992104889,195.15196932948768,76237,
2025-12-09,196.2264099121093,200.1660307021692,188.6375468209264,191.88022969750875,56659,
2025-12-10,192.7901153564453,199.40133618789216,191.6575949767119,197.27181030882045,27551,
2025-12-11,194.47439575195312,197.4363745751221,190.6121992799693,193.78713218049168,23287,
2025-12-12,195.1229248046875,196.8846182847064,193.29346649812217,193.60320847229508,26549,
2025-12-15,196.458724975586,198.3365698502329,193.30314091578856,193.30314091578856,39759,
2025-12-16,195.5391540527344,197.4654151352296,193.8064983305016,195.81987296310567,22548,
2025-12-17,191.5801696777344,196.59425015579643,190.7864438264673,196.59425015579643,31288,
2025-12-18,191.2123260498047,192.6255653395444,189.276390719759,192.6255653395444,19594,
2025-12-19,195.69403076171875,199.40134887485203,191.01874493560072,191.65760717097427,27793,
2025-12-22,195.413314819336,197.6105907606685,194.57117291630053,196.69102444288467,19247,
2025-12-23,196.5555114746093,200.35963207426536,195.103559978713,196.4006331035769,33034,
2025-12-24,194.96804809570312,198.6753660779889,193.60321012376207,197.5622091553508,18351,
2025-12-26,194.21304321289065,196.98143148948947,191.6672833768181,193.5935444614147,21570,
2025-12-29,192.3545379638672,195.0261234353045,190.68963237774963,194.56150308592728,15346,
2025-12-30,191.8511962890625,194.65831149721123,190.37988124099888,193.3999505259732,18150,
2025-12-31,196.8555908203125,200.85330223702545,191.6576088815953,192.8191671935413,34903,
2026-01-01,205.3059539794922,210.4845722847744,194.9583769586557,197.8525909133604,97343,
2026-01-02,201.37599182128903,206.47718568553623,200.5629025061192,206.1674437050017,30095,
2026-01-05,197.116943359375,201.37599536425824,194.087199708574,201.37599536425824,32151,
2026-01-06,193.6709747314453,197.1169373009409,192.14158402823944,197.1169373009409,29884,
2026-01-07,193.90328979492188,197.04918470702387,191.8027869636903,194.6583033922252,25925,
2026-01-08,189.8765411376953,194.7454173219804,189.2376789325569,192.1996576309076,23204,
2026-01-09,183.5750732421875,193.0127585662813,181.28099445904343,190.8832325240785,49774,
2026-01-12,180.9034881591797,184.48496580004488,177.26393481781642,181.8811302476004,39564,
2026-01-13,178.72555541992188,186.3724943368981,176.94449839789417,181.0002854214352,38435,
2026-01-14,177.44784545898438,181.0002851376824,175.49254657372853,179.65481062847513,41168,
2026-01-16,177.98020935058594,180.0419851978041,176.17011454838897,178.10604987309654,39265,
2026-01-19,174.67945861816406,178.057656457256,174.23418697486613,177.2348927696615,23356,
2026-01-20,170.4687957763672,175.0472789568025,169.37498752625729,174.70849911677914,29108,
2026-01-21,165.91934204101562,170.3526357468673,162.53145519230935,168.32957208914308,45859,
2026-01-22,170.5655975341797,171.33028553011192,164.4577088466042,166.78084022427583,17813,
2026-01-23,164.341552734375,171.55290904927313,162.61857143293673,170.643017060196,27864,
2026-01-27,163.4800567626953,174.23417800716004,159.70498881387925,164.5448270918559,34877,
2026-01-28,168.5618896484375,171.33027777848363,163.48005937534688,163.48005937534688,42808,
2026-01-29,167.7294464111328,172.08530117894966,165.25145139531057,167.55521931002752,28827,
2026-01-30,173.140380859375,175.10535414380573,164.80617822299064,167.45841508548062,39475,
2026-02-02,170.70111083984375,175.00856417700422,164.37059377218387,172.2982516465388,26100,
2026-02-03,176.4992218017578,182.94589004332613,175.08599727157306,176.17011633801775,34976,
2026-02-04,179.519287109375,180.52596696792327,175.21181924506735,176.17011253706195,24120,
2026-02-05,177.79629516601562,182.9458902782702,176.5572977256264,179.12242092222462,21583,
2026-02-06,174.43746948242188,178.66748369635548,169.64601744794845,178.24157553595649,31126,
2026-02-09,180.7098846435547,182.35542671004887,177.0412789442973,177.0412789442973,32497,
2026-02-10,182.07472229003903,183.9138549313468,180.6324451631092,182.9458872738134,28557,
2026-02-11,181.0486755371093,183.884828632216,178.10606017220144,181.97793104551016,25019,
2026-02-12,179.8968048095703,181.9779294780419,177.23489360709897,179.36441961507302,36417,
2026-02-13,169.88800048828125,175.39573889520312,168.41670026391247,175.20214831515614,60396,
2026-02-16,166.9357147216797,170.92373688776152,164.8449009613977,170.74949502273063,49031,
2026-02-17,170.1783905029297,172.201439350426,167.0712226118017,167.08089697111475,15347,
2026-02-18,170.19775390625,172.3079162965487,167.75847128928734,171.32059992659947,21513,
2026-02-19,166.29684448242188,172.4434301705034,165.52246741187227,168.61996092405653,18424,
2026-02-20,164.29315185546875,168.89099838205567,163.29614631656793,166.10326147901935,30258,
2026-02-23,161.8345184326172,166.48076624057782,159.4339627270098,165.42567024644717,31319,
2026-02-24,158.43695068359375,163.5671825977506,157.77873971793613,162.71538104042986,27157,
2026-02-25,156.45262145996094,161.00206661984598,155.06841999171078,158.50470822322487,37078,
2026-02-26,157.43026733398438,160.45032185453806,156.1331941509276,157.28507808588662,25093,
2026-02-27,159.22100830078125,160.68263417395357,154.90386596814452,155.87183364389122,33743,
2026-03-02,154.168212890625,157.14955504706302,153.15184389660976,155.9395954756197,36389,
2026-03-04,152.99696350097656,155.7072758591278,149.40581181168778,154.87482309419593,48071,
2026-03-05,155.0393829345703,159.33716183581947,149.22190244239246,152.05804068082077,47036,
2026-03-06,152.0386962890625,157.24635255915348,149.85107979741167,155.74599964488334,31753,
2026-03-09,148.25393676757812,151.94189134860903,146.13408513721802,150.0349937942678,42959,
2026-03-10,152.49362182617188,153.42287729788666,148.25393343088757,149.06702273737884,34204,
2026-03-11,151.73861694335938,158.0594450763887,149.36709894470627,152.493630595665,53630,
2026-03-12,150.41250610351562,153.81006754412618,148.37976794724335,151.97093475132024,51467,
2026-03-13,146.5309600830078,153.8584681381625,143.44314065290374,150.1318012297733,70192,
2026-03-16,145.05963134765625,147.61506533044502,141.80725948137834,146.16311386817836,37542,
2026-03-17,143.09466552734375,147.12141466655004,141.96214510131975,145.7759401669132,31750,
2026-03-18,146.34703063964844,149.06701735943324,143.28824933604108,143.83999798340682,76317,
2026-03-19,142.50421142578125,147.46989064310213,141.47816798774184,145.00156995969638,55342,
2026-03-20,141.86534118652344,147.09237553412532,141.27488030938736,143.2592170125506,55989,
2026-03-23,134.44102478027344,142.25253071605027,133.2794665675595,140.6457008906221,68528,
2026-03-24,135.8349151611328,139.08728736873766,132.1372712928967,139.08728736873766,62065,
2026-03-25,136.10594177246094,143.25922263626862,134.07320365137264,134.07320365137264,121532,
2026-03-27,129.75607299804688,137.3933375519498,129.00105937446827,135.40900081510242,113593,
2026-03-30,121.88648986816406,130.44332071108764,120.99596136492002,129.32048941483245,109220,
2026-04-01,135.38963317871094,136.48344137142558,125.35181317446532,127.77173234771756,67582,
2026-04-02,135.56387329101562,137.60628563769694,128.79777405267004,130.6756336700944,38934,
2026-04-06,138.96144104003906,139.84229519432267,134.17967822537378,135.51547838153945,36776,
2026-04-07,139.20343017578125,140.62634385187033,135.61227834185334,140.28754925470068,22021,
2026-04-08,145.04026794433594,147.60539105785412,141.3232757435554,143.2592110277137,50916,
2026-04-09,143.78192138671875,148.09906399949787,142.6106886942713,146.74391507352178,25189,
2026-04-10,148.20553588867188,150.03499426014008,143.7819163876528,143.7819163876528,39955,
2026-04-13,146.5115966796875,148.8637511816234,142.29125677237298,145.19515997180915,42434,
2026-04-15,152.92921447753906,154.2456510735175,148.97021556028596,148.97021556028596,70567,
2026-04-16,153.0744171142578,156.9946893973711,150.53834637343593,153.9068699576596,40676,
2026-04-17,157.9820098876953,159.08549244047254,151.0223199785944,151.97092415939932,86637,
2026-04-20,154.2553253173828,157.39154582104703,153.90685637253122,155.35880784774378,22846,
2026-04-21,155.27169799804688,157.19794421484642,154.87482770724358,156.7042860187348,17818,
2026-04-22,159.2500457763672,159.81146879938674,152.75497618851676,153.37447490874274,28077,
2026-04-23,156.5784454345703,159.81146868692608,155.049054739148,159.81146868692608,19628,
2026-04-24,153.00665283203125,157.13018968514774,151.4966108980594,155.61047339192478,20306,
2026-04-27,157.02371215820312,157.73032440167032,151.63212529951934,151.63212529951934,15624,
2026-04-28,156.64620971679688,158.64989511211633,155.3588109440488,158.55310720718168,16471,
2026-04-29,153.87782287597656,158.6498964365128,152.9485674067569,158.6498964365128,30051,
2026-04-30,155.67823791503906,156.60747858182117,151.97092006711475,151.98059442634707,17687,
2026-05-04,156.27838134765625,159.95666154133903,154.25533241063593,155.6782461033764,31617,
2026-05-05,156.64620971679688,158.69829644959088,154.2553283916954,154.2553283916954,20889,
2026-05-06,164.21571350097656,165.0384919494932,156.64621380868616,156.64621380868616,77866,
2026-05-07,165.06753540039062,167.4100155287008,161.7570875445135,162.90897150352063,62571,
2026-05-08,172.7628631591797,178.53195688947918,162.74440677857837,165.1352880712178,188694,
2026-05-11,166.20004272460938,172.76286221686374,163.67364656466972,172.76286221686374,32862,
2026-05-12,160.24705505371094,169.5782630539172,159.3758752651557,164.844901610483,66646,
2026-05-13,161.64093017578125,164.07052376506746,160.16961514859656,160.2470543363447,13089,
2026-05-14,157.7787322998047,166.7808347040419,156.13319019301213,164.07052223814046,61490,
2026-05-15,158.38856506347656,160.86656009966848,156.81077293042597,157.7787406645644,15810,
2026-05-18,156.8204345703125,158.74669552220783,152.26131518353512,158.38855221603183,26220,
2026-05-19,173.5759735107422,178.59003906256646,158.61118650295313,158.64989871180245,135992,
2026-05-20,174.9407958984375,182.51031029876336,172.78223209249396,181.97792511702443,333138,
2026-05-21,171.4270782470703,176.1797882256133,169.49114292985897,175.0956691743795,67100,
2026-05-22,178.25125122070312,188.7537069785409,177.1284198813245,188.7537069785409,229315,
2026-05-25,186.18858337402344,187.78572408841927,179.57736255252945,183.91385348865805,166739,
2026-05-26,196.4199981689453,199.4013403701828,186.81776063808388,188.7536959814837,308078,
2026-05-27,193.17999267578125,199.4499969482422,192.4499969482422,198.0,126135,
2026-05-28,193.17999267578125,193.17999267578125,193.17999267578125,193.17999267578125,0,
2026-05-29,186.4600067138672,193.8500061035156,185.5500030517578,192.0,66283,
2026-06-01,184.4600067138672,190.9900054931641,183.6199951171875,190.0,48076,
2026-06-02,183.67999267578125,185.7899932861328,181.7100067138672,182.8000030517578,43901,
2026-06-03,184.3500061035156,186.22999572753903,180.6199951171875,186.22999572753903,33711,
2026-06-04,183.58999633789065,186.58999633789065,182.8000030517578,184.3500061035156,46245,
2026-06-05,207.8800048828125,214.4499969482422,184.2100067138672,186.0,3482032,
2026-06-08,197.8999938964844,207.7100067138672,196.0,205.8099975585937,173089,
2026-06-09,205.94000244140625,209.3999938964844,195.88999938964844,195.88999938964844,190752,
2026-06-10,195.77999877929688,207.88999938964844,195.0,205.0,109110,
2026-06-11,189.47000122070312,195.7899932861328,188.9100036621093,195.77999877929688,44099,
2026-06-12,194.9199981689453,196.8999938964844,191.2700042724609,191.2700042724609,37129,
2026-06-15,194.759994506836,200.8500061035156,191.6699981689453,198.8999938964844,47207,
2026-06-16,192.5399932861328,198.9499969482422,190.1999969482422,196.2100067138672,49349,
2026-06-17,193.2700042724609,195.0,191.6999969482422,192.5399932861328,34167,
2026-06-18,194.97999572753903,201.13999938964844,193.0500030517578,193.3999938964844,39872,
2026-06-19,192.6000061035156,195.4900054931641,190.4100036621093,194.97999572753903,48579,
2026-06-22,196.19000244140625,199.0,193.5,194.7899932861328,47060,
2026-06-23,204.72999572753903,207.3000030517578,195.1999969482422,197.1999969482422,228101,
2026-06-24,203.13999938964844,204.759994506836,197.0,203.5500030517578,42346,
2026-06-25,189.1000061035156,204.2100067138672,181.6999969482422,203.1999969482422,150015,
2026-06-26,189.1000061035156,189.1000061035156,189.1000061035156,189.1000061035156,0,
2026-06-29,188.9900054931641,192.8999938964844,187.0,189.1000061035156,13464,
2026-06-30,186.17999267578125,194.0,180.25,186.5500030517578,21327,
2026-07-01,187.9900054931641,191.8999938964844,185.0,189.0,8290,
2026-07-02,188.0800018310547,192.0,185.0500030517578,187.9900054931641,10222,
2026-07-03,186.8500061035156,193.6999969482422,184.0,191.0,20056,
2026-07-06,183.6600036621093,189.8999938964844,178.0,186.0,21287,
2026-07-07,182.9600067138672,184.97000122070312,179.1999969482422,184.97000122070312,13083,
2026-07-08,181.0,184.0,179.0500030517578,180.1999969482422,18507,
2026-07-09,182.9100036621093,184.0,179.0,181.1000061035156,10515,
2026-07-10,184.0,187.0,182.9100036621093,182.9100036621093,15124,
2026-07-13,184.1600036621093,187.0,180.3000030517578,183.0,10268,184.1600036621093
2026-07-14,183.5599975585937,187.0,181.5,185.0,8374,183.5599975585937
2026-07-15,183.4499969482422,187.0,182.3999938964844,187.0,6171,183.4499969482422
2026-07-16,184.25,185.0,179.61000061035156,185.0,15722,184.25
2026-07-17,181.3999938964844,189.25,180.10000610351562,184.9499969482422,11954,181.3999938964844
2026-07-20,182.13999938964844,184.9900054931641,180.0,180.0,3469,182.13999938964844
2026-07-21,181.0599975585937,186.75,180.0,186.75,8521,181.0599975585937
2026-07-23,178.89999389648438,179.38999938964844,175.0,177.99000549316406,3753,178.89999389648438
2026-07-24,176.52999877929688,181.8000030517578,172.8000030517578,172.8000030517578,10751,176.52999877929688
2026-07-27,177.97999572753906,182.3000030517578,175.5,176.52999877929688,23751,177.97999572753906
2026-07-28,175.5800018310547,177.97999572753906,175.5,177.97999572753906,7451,175.5800018310547
2026-07-29,176.0500030517578,179.97999572753906,171.0,179.97999572753906,8817,176.0500030517578
2026-07-30,173.44000244140625,176.89999389648438,173.0,176.0500030517578,8209,173.44000244140625
2026-07-31,175.50999450683594,179.89999389648438,173.0,176.1999969482422,13007,175.50999450683594
2026-08-03,184.08999633789065,184.27999877929688,177.0,184.0,28460,184.08999633789065
2026-08-04,193.2899932861328,193.2899932861328,193.2899932861328,193.2899932861328,26608,193.2899932861328
2026-08-05,197.13999938964844,202.9499969482422,192.0,202.9499969482422,79530,197.13999938964844
2026-08-06,192.6199951171875,196.89999389648438,192.0,196.89999389648438,14424,192.6199951171875
2026-08-07,190.0500030517578,192.9499969482422,188.60000610351562,188.60000610351562,21112,190.0500030517578
2026-08-10,191.58999633789062,194.89999389648438,191.0,191.1999969482422,15887,191.58999633789062
2026-08-11,189.5500030517578,193.0,188.00999450683594,189.60000610351562,10880,189.5500030517578
2026-08-12,192.3000030517578,195.6999969482422,189.5,191.60000610351562,10227,192.3000030517578
2026-08-13,191.25999450683594,195.10000610351562,189.5,189.8000030517578,8369,191.25999450683594
2026-08-14,,192.88999938964844,188.52000427246094,190.0,13896,
