Date,Close,High,Low,Open,Volume,Adj Close
2018-07-02,802.2980346679688,812.9264599170898,767.0488307271524,794.6924015012512,5816448,
2018-07-03,801.2742309570312,837.4010340915349,784.9415952788685,808.2460962612015,1176283,
2018-07-04,798.3489379882812,809.2211335907365,789.9144490667063,797.6176259840172,219001,
2018-07-05,799.7628173828125,823.944855682219,794.9361462661882,794.9361462661882,250488,
2018-07-06,786.9404296875,813.6089754976929,775.8245233427748,796.6425138211109,153593,
2018-07-09,785.0878295898438,791.7183797925893,783.2838909554591,787.2817655806706,44413,
2018-07-10,787.7692260742188,797.6175361500514,782.9425554868288,784.9414628371533,65781,
2018-07-11,789.5243530273438,797.4224978805137,785.0389375865416,789.8168658896249,39424,
2018-07-12,799.2265014648438,803.4680870995072,786.4528833035771,794.4973150008719,83971,
2018-07-13,785.7216186523438,800.7379158640678,784.9415644042479,799.1290056219816,24129,
2018-07-16,770.7540283203125,788.841798066565,755.6889907312582,783.9663852231375,51702,
2018-07-17,770.2177734375,777.1408361267535,752.7637710035805,760.4669473882309,23591,
2018-07-18,760.9545288085938,774.2156291290039,760.5644719403314,770.3152985036689,39317,
2018-07-19,762.5147094726562,772.2655369595188,726.9729313801764,758.6143784779113,77643,
2018-07-20,732.8234252929688,762.5634490232235,727.0216710558404,752.7638793362838,13781,
2018-07-23,731.7994995117188,748.6196745504625,716.685719042123,748.6196745504625,11241,
2018-07-24,751.59375,765.4399365513093,718.2459090142625,718.2459090142625,16201,
2018-07-25,742.4766845703125,759.5406306884822,740.1852046687085,751.7887118347924,10209,
2018-07-26,765.3912353515625,767.3901431353898,743.0618160213068,755.6891498474297,16558,
2018-07-27,789.6218872070312,798.0076333778916,765.4398503349811,778.8959784762226,46360,
2018-07-30,804.443115234375,813.0725721193444,789.8168767755682,789.8168767755682,55960,
2018-07-31,807.1246337890625,811.7075339780135,787.8667521613561,787.8667521613561,22306,
2018-08-01,784.2102661132812,812.0488654600701,782.016330025305,810.2937284925542,10893,
2018-08-02,780.5537719726562,790.7433990124546,774.7032752433172,783.8202755074718,5597,
2018-08-03,774.8981323242188,780.0660580559762,772.7529387617014,780.0660580559762,16356,
2018-08-06,780.1636352539062,781.9675739362045,765.4399104634599,775.1907373483447,12710,
2018-08-07,787.8667602539062,791.7670907502127,771.8753814133216,771.8753814133216,11394,
2018-08-08,786.6478271484375,798.5925880812771,785.1852033607428,789.8168453551092,8374,
2018-08-09,780.84619140625,792.7422119009867,780.0661371719426,791.7671292295219,8389,
2018-08-10,779.6760864257812,785.916639377936,777.1408952657754,781.0899682133829,12724,
2018-08-13,774.1668701171875,787.8667692388352,771.2903644404934,786.8916866036386,11305,
2018-08-14,797.4713134765625,827.8451615243199,781.0411947950298,823.9448309635458,115333,
2018-08-16,809.1235961914062,811.3175322220306,783.0888767251322,783.0888767251322,51241,
2018-08-17,806.393310546875,817.1192191514888,799.3239616938341,811.3174657761294,27566,
2018-08-20,819.8981323242188,828.8201613967452,811.2686756259906,828.8201613967452,23579,
2018-08-21,876.0631103515625,887.1302757799485,813.2190150884447,813.2190150884447,167508,
2018-08-23,950.9981689453124,965.1368684452598,859.0478799623138,859.0478799623138,221176,
2018-08-24,950.3154907226562,994.58426515386,923.4032344124562,955.678445093584,172806,
2018-08-27,945.3912963867188,975.0825726260452,940.9546825841336,954.313325731974,61120,
2018-08-28,933.1054077148438,950.7056386610368,927.4986821535094,945.8302251294418,17039,
2018-08-29,972.6937255859376,989.7089304306896,929.2538036457609,929.2538036457609,74188,
2018-08-30,979.1292114257812,1008.0404341688532,965.3317689029062,973.1324296617177,68241,
2018-08-31,1025.494384765625,1030.369798060182,961.4315016866062,966.0144020863542,61319,
2018-09-03,1086.2420654296875,1213.0028091512847,1018.9613629928398,1025.44568638125,442037,
2018-09-04,1069.51953125,1135.386421131615,1038.4631682858685,1096.9681355132414,164094,
2018-09-05,1111.740478515625,1119.1998844013694,1043.3384085774587,1071.030778928607,127026,
2018-09-06,1110.619384765625,1131.04732320406,1093.1653776523365,1119.2976460818193,49712,
2018-09-07,1097.6015625,1134.7033775904629,1080.3913337833771,1109.64380671975,45048,
2018-09-10,1079.51416015625,1114.519657003474,1073.2736063375494,1092.092752269371,30039,
2018-09-11,1070.5919189453125,1123.2951823611254,1064.7902249464837,1088.143406169705,53209,
2018-09-12,1068.9832763671875,1089.1674418682337,1045.1424314910153,1073.761086663648,31368,
2018-09-14,1105.0126953125,1111.5945048808735,1073.2250166102378,1079.3192847291025,21492,
2018-09-17,1094.091552734375,1111.2041821013836,1075.0286390071883,1104.7686603130562,14389,
2018-09-18,1082.00048828125,1109.546573192198,1074.5410821899018,1100.6733448673206,8212,
2018-09-19,1039.2169189453125,1093.1378068355684,1002.8607168635108,1089.212715967218,23785,
2018-09-21,1079.2530517578125,1173.8477899928866,981.2729696910234,1048.0486431922168,55459,
2018-09-24,1142.790283203125,1167.7146363733273,1081.3626296499217,1108.887379706718,50494,
2018-09-25,1097.308349609375,1167.224039222313,1042.2589674288863,1131.4075806837552,40072,
2018-09-26,1084.1103515625,1109.4271205990028,1059.774735645082,1100.0069246834605,9673,
2018-09-27,1077.3394775390625,1094.1192191858636,1064.7791372436643,1093.9230125311128,5551,
2018-09-28,1038.775390625,1085.238635023,1035.2428324049297,1065.6622900395766,12587,
2018-10-01,1049.4222412109375,1055.849626535253,979.3103413403184,981.2728871145474,28722,
2018-10-03,1009.5824584960938,1052.660356758906,993.0480363924612,1013.213239590622,6610,
2018-10-04,1002.6155395507812,1014.5870204675248,972.8339323597386,1000.898312054609,10468,
2018-10-05,1001.2417602539062,1029.7967771364993,986.1792454861738,991.134661557203,6455,
2018-10-08,1020.0330200195312,1042.1116568164907,997.9543832225718,1022.4370903348253,8954,
2018-10-09,1014.6851806640624,1037.990409524196,1000.898249993094,1014.3907509121186,6116,
2018-10-10,1092.7454833984375,1117.6207275912352,1015.6665685567644,1035.1938035450385,18877,
2018-10-11,1039.7567138671875,1108.8383481891003,1026.4605382882353,1059.7747044639189,10806,
2018-10-12,1079.0567626953125,1086.2690945150453,1026.5586628248925,1047.950340060397,9946,
2018-10-15,1069.5872802734375,1090.1940076915496,1066.4472554377185,1089.7524828748692,2174,
2018-10-16,1095.5911865234375,1157.9020153136196,1060.6087838835876,1060.6087838835876,149833,
2018-10-17,1074.5430908203125,1114.7261739115895,1069.6367256182368,1114.7261739115895,153603,
2018-10-19,1036.763671875,1089.2126473872877,1015.6171982394978,1059.7744677281717,9065,
2018-10-22,1020.7689819335938,1066.9379129042363,1006.540527006377,1031.317664034806,3838,
2018-10-23,1023.41845703125,1049.9128236197864,1007.8163147565374,1012.3301458480984,7502,
2018-10-24,1015.4700317382812,1064.729993250717,1006.785792282174,1037.2052460450857,5328,
2018-10-25,1020.2291870117188,1026.411252988357,1010.7108896539272,1020.5236167379458,5427,
2018-10-26,1018.904541015625,1033.8689505267057,997.9543916569668,1033.8689505267057,11847,
2018-10-29,1073.8070068359375,1076.4563958125525,1020.5729507987168,1028.3740226176433,13177,
2018-10-30,1056.8306884765625,1100.7917529582812,1050.1579862623548,1081.3625057578197,3638,
2018-10-31,1107.3665771484375,1119.6324896113133,1049.9621068221782,1049.9621068221782,20987,
2018-11-01,1119.877685546875,1150.0518269099125,1096.327136190358,1104.9132739765882,15301,
2018-11-02,1106.1890869140625,1152.9957605121992,1099.0257461903516,1110.8501336054946,10667,
2018-11-05,1060.5595703125,1099.0254118122225,1047.9992319780831,1059.7745042475,10042,
2018-11-06,1080.1358642578125,1097.9949784876403,1046.0366398354106,1046.0366398354106,8546,
2018-11-07,1099.663330078125,1121.49664874247,1092.156569591732,1092.156569591732,4271,
2018-11-09,1099.369140625,1117.571802010396,1084.404727932651,1117.571802010396,3531,
2018-11-12,1126.15771484375,1146.1265916924965,1080.0378948013292,1080.0378948013292,5473,
2018-11-13,1193.5711669921875,1210.890656168964,1097.7008606857146,1135.9213889938676,46464,
2018-11-14,1144.5565185546875,1205.002893832425,1138.2763492228116,1187.4380882798057,10520,
2018-11-15,1148.2852783203125,1167.7145259088045,1124.097001825329,1142.250546976012,5309,
2018-11-16,1125.7652587890625,1176.546127947776,1118.749134069215,1176.546127947776,5969,
2018-11-19,1101.8712158203125,1148.1872425846288,1080.3813182310687,1137.1970354899931,60910,
2018-11-20,1107.46435546875,1114.774909021678,1084.8950831607676,1103.9317976730497,120860,
2018-11-21,1099.467041015625,1128.4636996463344,1090.6355859749146,1115.7071534764193,109471,
2018-11-22,1117.6207275390625,1133.370205582299,1101.7732659464475,1108.8383829506474,2470,
2018-11-26,1108.740234375,1152.9956166398072,1091.2245376875842,1112.763429165567,8467,
2018-11-27,1117.8170166015625,1135.3327134178326,1108.8383458618416,1110.80089160673,3056,
2018-11-28,1099.07470703125,1128.41466951159,1090.3413546817803,1126.010598935202,2417,
2018-11-29,1098.829345703125,1132.339716494302,1093.1379154647316,1094.8551428902822,9981,
2018-11-30,1096.965087890625,1111.782285926251,1087.2504614353804,1094.659120345343,4305,
2018-12-03,1110.5064697265625,1124.5387198159915,1099.172839839827,1124.5387198159915,3712,
2018-12-04,1105.6492919921875,1120.6137044198608,1095.5912442948988,1103.9811758975748,3176,
2018-12-05,1126.206787109375,1138.2764909181683,1100.2030569289168,1102.9015572306623,4882,
2018-12-06,1115.4127197265625,1131.2602990607293,1106.8756944648785,1126.501150040497,36402,
2018-12-07,1135.28369140625,1143.1829865661982,1119.5343324318596,1123.5084160081433,18136,
2018-12-10,1119.0433349609375,1143.1826177830235,1111.3403687464613,1143.1826177830235,3775,
2018-12-11,1124.09716796875,1128.463784263709,1100.6937145285492,1108.838327146079,5464,
2018-12-12,1178.26318359375,1197.152682893504,1127.2370036671416,1127.2370036671416,8329,
2018-12-13,1167.223876953125,1185.1321037327757,1156.773298738558,1185.0829921840568,5763,
2018-12-14,1155.939453125,1187.0457555203366,1153.976907364177,1157.8038955546397,1937,
2018-12-17,1149.2176513671875,1178.6558350518649,1140.3370847085994,1165.7029623600413,3296,
2018-12-18,1152.7010498046875,1158.932227585379,1141.2693181115294,1148.1382273513598,2005,
2018-12-19,1174.730712890625,1192.2464077638815,1152.7010674774283,1152.7010674774283,5433,
2018-12-20,1194.50341796875,1226.7871970076812,1160.7476099571068,1170.9528709537817,96275,
2018-12-21,1160.94384765625,1216.6310801083198,1152.9955617829428,1216.6310801083198,8541,
2018-12-24,1145.734130859375,1173.3078733896173,1133.517332055494,1133.517332055494,5873,
2018-12-26,1146.5191650390625,1167.616530267809,1112.0765136689877,1167.616530267809,8523,
2018-12-27,1155.3505859375,1167.7145989102837,1134.7928494894811,1155.2524826171357,3710,
2018-12-28,1154.1241455078125,1176.3500006538293,1132.3889268118876,1175.5158228612415,2075,
2018-12-31,1165.751953125,1175.5646800031566,1151.0819743558611,1159.7662136861773,2755,
2019-01-01,1189.3516845703125,1206.965482519387,1158.8831177686147,1177.1347669620536,12697,
2019-01-02,1180.0296630859375,1197.0547223466097,1162.808277393113,1197.0547223466097,4952,
2019-01-03,1177.9688720703125,1187.3400751223855,1160.8457098097372,1173.6022560713827,3197,
2019-01-04,1181.158203125,1189.253704970202,1164.3784596208957,1188.3215435805332,2010,
2019-01-07,1152.60302734375,1192.246473122966,1149.168572482902,1189.3026546708106,12419,
2019-01-08,1155.3505859375,1173.50413222308,1148.1382550187325,1159.8644167327352,2910,
2019-01-09,1175.5648193359375,1177.527364944178,1138.325564333289,1138.325564333289,4387,
2019-01-10,1157.2149658203125,1177.478151647076,1153.191651843643,1177.42915988167,1247,
2019-01-11,1168.3524169921875,1192.0501777245872,1162.8082020298746,1167.7145657515196,2044,
2019-01-14,1164.0838623046875,1181.4523413358688,1154.2220236680362,1181.4523413358688,1271,
2019-01-15,1164.37841796875,1177.6256023324747,1151.0822418298085,1165.7522240077724,5282,
2019-01-16,1160.94384765625,1176.546109427871,1160.845744331252,1166.6842696878457,1971,
2019-01-17,1170.7564697265625,1177.5272755176427,1163.7894573032702,1165.8501060785725,2315,
2019-01-18,1148.236328125,1173.602204661883,1143.280852842109,1162.857316002809,66900,
2019-01-21,1124.7349853515625,1152.9956936718756,1123.8028239810346,1133.370235056184,3093,
2019-01-22,1122.5762939453125,1128.4639318506202,1108.7403688246998,1124.5388399137485,6826,
2019-01-23,1146.17578125,1177.5274003711695,1112.076550280918,1112.076550280918,116466,
2019-01-24,1126.697509765625,1149.3158983033693,1119.632392712183,1146.1758728983486,2977,
2019-01-25,1104.0791015625,1147.10788936675,1099.0255227465868,1120.07377613905,6692,
2019-01-28,1047.5577392578125,1099.0254454642857,1042.1116277527422,1099.0254454642857,11223,
2019-01-29,1009.631591796875,1062.571210600017,993.0480577841386,1040.2472547555612,4323,
2019-01-30,1013.94921875,1025.4300624445202,997.0222032816248,1010.7109706390966,11526,
2019-01-31,1096.572509765625,1110.261219356364,1025.3321183229452,1025.3321183229452,25294,
2019-02-01,1079.1546630859375,1108.8381625706836,1069.587254161102,1108.740059256513,2766,
2019-02-04,1050.4525146484375,1069.6364454779598,1033.329352491512,1069.6364454779598,4482,
2019-02-05,1033.231201171875,1068.4589205009456,1030.336494173387,1062.0806469655863,2158,
2019-02-06,1046.3802490234375,1065.564180593327,1030.3855739070136,1036.4203059305098,1598,
2019-02-07,1072.2857666015625,1123.5572663086607,1047.7048370100983,1051.9734691767635,6518,
2019-02-08,1059.8726806640625,1089.310863368097,1042.2588825931907,1088.0352806548187,3711,
2019-02-11,1080.4793701171875,1093.82465517805,1025.5280976912986,1041.1303579262171,4067,
2019-02-12,1065.0733642578125,1097.062828870899,1058.7931953056352,1079.3999210715465,2665,
2019-02-14,1109.525146484375,1128.4637601112593,1099.12367839151,1101.1353356167251,5281,
2019-02-15,1123.70458984375,1148.0891953784796,1097.063008917214,1108.8873942705077,5803,
2019-02-18,1089.7032470703125,1123.704367390051,1065.0242166624769,1123.704367390051,2215,
2019-02-19,1082.0986328125,1094.3154318527795,1078.4188596335864,1087.250315262979,1557,
2019-02-20,1106.3358154296875,1110.0155879140882,1074.542676991873,1089.2617669294762,2825,
2019-02-21,1102.9996337890625,1118.6017739968956,1080.5774566154005,1091.2243613096316,3644,
2019-02-22,1126.697509765625,1131.3095643230947,1091.1263667018068,1091.1263667018068,4514,
2019-02-25,1108.691162109375,1133.3210879425444,1103.9320125012275,1133.3210879425444,1894,
2019-02-26,1104.717041015625,1113.7938150307189,1097.9952260526948,1097.9952260526948,1554,
2019-02-27,1109.819580078125,1124.538672652105,1096.08176034241,1096.08176034241,6431,
2019-02-28,1123.9498291015625,1134.3512962696725,1102.4599319714334,1106.6303411488957,2714,
2019-03-01,1115.5599365234375,1136.3138797872882,1112.7633330559456,1112.7633330559456,7703,
2019-03-05,1126.501220703125,1143.1828589887984,1108.936412904295,1118.5529346532785,17567,
2019-03-06,1157.9510498046875,1164.18210831214,1121.1533187162493,1121.1533187162493,12712,
2019-03-07,1178.9012451171875,1184.3963492096875,1145.292649458172,1146.1267074373782,5285,
2019-03-08,1178.4595947265625,1186.3588891728166,1123.7536327154917,1176.5461605609655,206556,
2019-03-11,1164.2310791015625,1213.8344676285508,1156.9206445707853,1206.6221364220517,5428,
2019-03-12,1181.7960205078125,1206.9656949321586,1158.8833217194142,1158.8833217194142,16575,
2019-03-13,1180.7166748046875,1199.1155425816148,1176.5462647752506,1199.0174392436638,4211,
2019-03-14,1172.6700439453125,1198.4284535481154,1152.9954774587966,1152.9954774587966,1365,
2019-03-15,1208.093994140625,1214.7665771027373,1153.09360749581,1153.09360749581,5769,
2019-03-18,1265.842041015625,1287.4300448158915,1209.9094857149346,1209.9094857149346,18766,
2019-03-19,1285.810791015625,1300.2355730629347,1236.4037294351322,1282.5235510886648,26253,
2019-03-20,1252.4967041015625,1294.2989040354644,1247.1978066937645,1294.2989040354644,15265,
2019-03-22,1237.3359375,1271.1898504202372,1231.4974120260197,1260.9847087296782,2601,
2019-03-25,1233.950439453125,1244.940645950452,1207.11265464732,1219.7219850816973,11650,
2019-03-26,1204.5614013671875,1236.4036539052454,1190.381938386363,1234.3919968720884,3761,
2019-03-27,1244.0576171875,1250.1414602104524,1177.576389613514,1203.0403690879236,5616,
2019-03-28,1244.25390625,1265.8419077779968,1238.3662694696372,1241.3100878598186,1828,
2019-04-01,1267.7064208984375,1294.7404160885844,1216.827447501458,1216.827447501458,8839,
2019-04-02,1296.359375,1351.2125443672603,1261.916726257296,1262.0148295730908,32465,
2019-04-03,1308.5765380859375,1343.3626148594135,1284.4371286532885,1300.2357183442978,28599,
2019-04-04,1290.4718017578125,1321.9216420935093,1285.4673345648348,1313.924245024667,3497,
2019-04-05,1289.833984375,1300.137348777626,1277.4699710487046,1295.2800963300988,2092,
2019-04-08,1296.899169921875,1316.0339887818743,1289.3924093353285,1305.0436619763368,3639,
2019-04-09,1314.75830078125,1324.7182433827977,1285.467332467752,1285.467332467752,14217,
2019-04-10,1282.57275390625,1312.452464913367,1275.3603024772412,1306.1722945823449,2270,
2019-04-11,1285.123779296875,1292.7286425075688,1276.7338500345984,1282.5233827583015,1424,
2019-04-12,1271.4842529296875,1291.1588208289213,1261.4753181076223,1285.467390575258,2067,
2019-04-15,1293.1212158203125,1296.8499802208453,1263.09417528358,1268.834716423068,5451,
2019-04-16,1320.84228515625,1324.7182647579425,1289.7849774367364,1292.385374283672,7976,
2019-04-18,1283.848388671875,1314.905700250317,1275.850990493345,1314.905700250317,5725,
2019-04-22,1277.6173095703125,1303.13040484591,1275.8509704452094,1280.5611282559585,3202,
2019-04-23,1295.9669189453125,1309.9010643597546,1280.6590874595986,1296.2613486944567,4352,
2019-04-24,1357.394775390625,1373.1932442497723,1297.242702034611,1307.7913851260423,21012,
2019-04-25,1364.7052001953125,1391.2486783914508,1354.1565171810398,1377.7070653059277,6052,
2019-04-26,1363.8221435546875,1371.8195418074909,1354.1566292520297,1371.8195418074909,3188,
2019-04-30,1363.5277099609375,1374.0272813368551,1349.25014235899,1363.8220199396108,4980,
2019-05-02,1401.40478515625,1410.628773511295,1349.2009998831638,1363.5276787120297,10014,
2019-05-03,1408.9603271484375,1427.7517225742215,1399.6382368635886,1402.2386333735828,7475,
2019-05-06,1395.1737060546875,1429.7144604806606,1386.2931393576207,1409.1077318120992,8160,
2019-05-07,1392.9168701171875,1405.5753143801471,1375.7445945081345,1398.3138710228898,3369,
2019-05-08,1341.056640625,1402.3370856765096,1309.9993292005777,1388.55027322104,16693,
2019-05-09,1335.021728515625,1353.3224913455556,1319.9101024866325,1323.197342616896,3273,
2019-05-10,1344.3927001953125,1354.1563155714152,1325.208771144345,1354.1563155714152,2922,
2019-05-13,1330.5078125,1364.5579307212895,1319.91001835407,1359.6025749554942,2239,
2019-05-14,1325.11083984375,1350.4276067245758,1319.9100459849844,1319.9100459849844,2962,
2019-05-15,1324.865478515625,1345.0305624360328,1319.9100030231111,1329.5265242580642,4294,
2019-05-16,1337.0330810546875,1344.3435142953642,1319.860809886681,1343.1660350432612,3738,
2019-05-17,1337.4749755859375,1356.0210575314782,1329.6247923103049,1332.568611038667,6445,
2019-05-20,1356.168212890625,1393.4074702559335,1344.3438269370629,1393.3583586989007,3169,
2019-05-21,1355.5794677734375,1401.3068830340935,1346.748011230541,1362.9881264536966,7006,
2019-05-22,1395.2718505859375,1408.2246039321622,1368.875587697847,1392.2299287923538,29175,
2019-05-23,1405.035400390625,1432.6582529925067,1386.047796131449,1421.815140903751,8931,
2019-05-24,1472.7923583984375,1499.7282486421134,1389.6294892239928,1413.032821371096,19124,
2019-05-27,1470.8299560546875,1558.2613464349547,1454.0011020654877,1491.436686706535,19640,
2019-05-28,1445.2186279296875,1490.5042718277798,1398.4118434934217,1440.0669457290603,17535,
2019-05-29,1461.3604736328125,1476.8155197699398,1413.032789680208,1422.8455173863206,5742,
2019-05-30,1470.7318115234375,1501.3474768634087,1456.944879916958,1461.360607790086,9997,
2019-05-31,1517.0478515625,1540.5984003577782,1467.002935372534,1472.8905725713537,20005,
2019-06-03,1554.5323486328125,1620.0814207160154,1507.8237865048216,1530.7364828227803,23818,
2019-06-04,1547.859619140625,1589.6618132355204,1540.5981770245476,1552.3734497151809,14404,
2019-06-06,1487.9532470703125,1569.0554821594278,1477.3064592814376,1564.6397537856208,16173,
2019-06-07,1462.2437744140625,1507.1859994739618,1419.9018266024068,1498.3055519729005,13543,
2019-06-10,1466.2178955078125,1501.347512672291,1458.4168239929363,1476.8156905698029,17487,
2019-06-11,1452.332763671875,1471.2222638768308,1444.874995036269,1469.4559250348673,45466,
2019-06-12,1451.400390625,1481.721740260021,1442.4708332332657,1471.909013503332,4916,
2019-06-13,1432.31494140625,1457.1901842307052,1422.894745990302,1447.328344161087,6001,
2019-06-14,1415.8294677734375,1451.2533927034815,1398.313771851314,1415.9766826536463,26055,
2019-06-17,1421.1282958984375,1449.3889997222975,1400.5215676306198,1414.357489796443,4753,
2019-06-18,1415.8294677734375,1442.3729455317657,1405.2807849331557,1442.3729455317657,4237,
2019-06-19,1394.7811279296875,1430.6956870637332,1373.7818668650389,1430.6956870637332,5925,
2019-06-20,1375.9898681640625,1393.407461431962,1351.26184000166,1387.6179276001417,6147,
2019-06-21,1342.773681640625,1388.255650546707,1326.9261024575258,1355.1376945785491,6442,
2019-06-24,1318.38916015625,1354.9905648862143,1296.6048314349616,1339.437414469922,25725,
2019-06-25,1334.236572265625,1383.5946417980904,1300.2845574946691,1383.5946417980904,20835,
2019-06-26,1396.694580078125,1405.1335019846915,1320.7931549029283,1329.722713196903,4194,
2019-06-27,1380.9454345703125,1427.752105155508,1346.306452421551,1412.934907952333,106799,
2019-06-28,1401.0611572265625,1414.3573299499192,1384.5757285617333,1385.3116830595511,2134,
2019-07-01,1404.9373779296875,1419.8526770699518,1401.797352779405,1414.3085813937605,2107,
2019-07-02,1404.2994384765625,1427.751881657901,1398.313698530934,1422.698302930917,12983,
2019-07-03,1369.3662109375,1409.1568714298685,1364.2145286677603,1406.94900759998,22495,
2019-07-04,1360.3875732421875,1382.6625385065015,1347.4348197110794,1369.3662436551128,3560,
2019-07-05,1347.7291259765625,1373.5366494251066,1340.5167946033423,1364.312660828425,4132,
2019-07-08,1352.3411865234375,1362.9879728657845,1333.0100397317335,1354.156517318058,4194,
2019-07-09,1371.0341796875,1398.362720432386,1334.481771314937,1349.200861934761,5860,
2019-07-10,1357.0023193359375,1373.7820619934278,1349.7408759085429,1373.7820619934278,2492,
2019-07-11,1385.6553955078125,1388.501110787131,1347.091443594685,1353.2243990310235,2082,
2019-07-12,1361.2706298828125,1417.841028186572,1358.08149342787,1417.841028186572,1944,
2019-07-15,1364.0185546875,1385.5574486993833,1350.280732958186,1359.2592849038338,3584,
2019-07-16,1366.2261962890625,1379.9640157800163,1349.0539219253703,1351.65419907302,2806,
2019-07-17,1410.039794921875,1426.7705428045072,1352.1938156702963,1352.1938156702963,3962,
2019-07-18,1435.5531005859375,1471.909308417566,1422.845664803647,1422.845664803647,22451,
2019-07-19,1377.952392578125,1451.9893808189568,1367.2564946108705,1434.6208993763353,16206,
2019-07-22,1391.592041015625,1410.92306720272,1354.3036747298067,1356.1190054473925,3856,
2019-07-23,1390.2674560546875,1420.8831218154494,1373.6348089667315,1408.1265744510845,8842,
2019-07-24,1379.375,1419.7054041928209,1368.5810001941732,1412.8854869903976,7807,
2019-07-25,1415.6173095703125,1425.035411829676,1375.7262280293414,1394.3651235826178,3510,
2019-07-26,1400.8245849609375,1410.292044763943,1385.5880949880573,1410.292044763943,907,
2019-07-29,1379.769775390625,1405.3119607183294,1376.9098182008304,1400.3810415579142,2816,
2019-07-30,1380.90380859375,1408.2704079070702,1366.4561924470831,1380.6572626539903,5425,
2019-07-31,1381.7421875,1389.5330641008115,1374.7403061437412,1383.9118642306337,2530,
2019-08-01,1380.854248046875,1414.0887080659734,1370.4500831503426,1370.7952233384635,1763,
2019-08-02,1408.1717529296875,1415.1736332403975,1378.882024318083,1382.8267591842582,2077,
2019-08-05,1382.8267822265625,1410.2427381568202,1365.8644701728642,1410.2427381568202,2653,
2019-08-06,1404.2763671875,1459.5520170684983,1390.5191513963398,1390.5191513963398,2607,
2019-08-07,1439.581787109375,1442.145840886011,1395.4500625173937,1395.4500625173937,2246,
2019-08-08,1453.83203125,1478.2894363219723,1449.690107667311,1449.690107667311,4498,
2019-08-09,1423.3590087890625,1484.2064960552336,1400.479474294038,1469.3643829411794,100422,
2019-08-13,1412.560302734375,1438.9407186538065,1395.4993956971116,1400.3809572184175,1384,
2019-08-14,1380.755859375,1412.5602856597789,1370.7954274679917,1412.5602856597789,5266,
2019-08-16,1410.73583984375,1420.005991075015,1380.7065931190689,1420.005991075015,4550,
2019-08-19,1406.2486572265625,1449.690099168061,1392.5900364914244,1448.506726832447,21511,
2019-08-20,1406.74169921875,1419.3648988085895,1384.7991117610525,1406.248607365768,19604,
2019-08-21,1410.045654296875,1415.173761935749,1396.5842212651232,1409.9962969530577,2088,
2019-08-22,1410.1441650390625,1420.1045968149715,1400.7754194350748,1400.8246563922094,4253,
2019-08-23,1400.4796142578125,1434.897453543267,1381.0518412190152,1434.897453543267,14527,
2019-08-26,1411.2288818359375,1425.035453705751,1381.8899166125836,1425.035453705751,82031,
2019-08-27,1407.6292724609375,1411.228867023107,1399.4440200257156,1411.228867023107,531,
2019-08-28,1400.5289306640625,1413.2013682636448,1382.679028177262,1408.319806666344,1812,
2019-08-29,1397.12646484375,1415.1736755495576,1383.6157956766756,1383.6157956766756,725,
2019-08-30,1412.313720703125,1429.621293625071,1386.081257096653,1386.081257096653,2266,
2019-09-03,1406.1007080078125,1417.540414366124,1390.5189580548338,1395.4498763458084,76042,
2019-09-04,1393.1817626953125,1406.5446009224356,1390.5191146717857,1392.1463419678346,501,
2019-09-05,1408.3199462890625,1415.1738761419542,1391.7520088538904,1398.7046534023837,919,
2019-09-06,1470.3505859375,1529.570967151913,1405.311817015781,1405.311817015781,4323,
2019-09-09,1487.855224609375,1530.4584305198482,1456.642608393707,1513.6439511337608,7422,
2019-09-11,1508.8612060546875,1535.43881117123,1477.9936051237232,1524.2456491769235,3325,
2019-09-12,1514.13720703125,1526.513861333453,1454.62104138099,1508.9105053501028,10341,
2019-09-13,1500.13330078125,1528.6340326756113,1467.4412883254752,1514.8274614144843,5050,
2019-09-16,1515.4686279296875,1528.5849208882353,1488.8416647916342,1518.7230826889563,2063,
2019-09-17,1566.996826171875,1572.9632867925286,1526.8098331080532,1558.1705286095269,6871,
2019-09-18,1552.8448486328125,1626.2169408726468,1533.4170776624867,1572.963020431699,5064,
2019-09-19,1501.51416015625,1560.6358295256932,1490.2716410042417,1560.6358295256932,2095,
2019-09-20,1509.84716796875,1538.446493815317,1498.555413331104,1508.910341654861,39537,
2019-09-23,1547.716796875,1576.9078117142851,1514.7782356429907,1514.7782356429907,8126,
2019-09-24,1597.2724609375,1617.3412752456577,1520.6952722126853,1529.570925552448,11041,
2019-09-25,1736.8175048828125,1765.268881493825,1611.5228134925555,1615.960640289607,96226,
2019-09-26,1706.9361572265625,1794.8544645532731,1689.3821583199797,1760.239438242212,34516,
2019-09-27,1674.1949462890625,1728.4842920588555,1666.3547128762352,1707.232103473472,11315,
2019-09-30,1705.7034912109375,1723.701345717182,1676.512474554275,1695.0034209648002,5995,
2019-10-01,1720.9892578125,1725.8215823197472,1688.6425026712773,1722.8136736942004,7228,
2019-10-03,1714.3323974609375,1754.371431292221,1706.5908795530063,1725.8214615531704,16103,
2019-10-04,1684.99365234375,1730.555417100422,1676.759041515838,1714.3326210160606,45031,
2019-10-07,1664.9246826171875,1724.835344230689,1649.9839750269457,1711.0287720070014,5551,
2019-10-09,1695.49658203125,1720.7922218294534,1647.8146170190346,1662.3608287886789,4140,
2019-10-10,1662.459228515625,1708.0702261836348,1657.8242131223244,1687.360367783025,4584,
2019-10-11,1671.0390625,1705.1117603469622,1665.664409037605,1666.6012354776972,17500,
2019-10-14,1825.7713623046875,1842.1913467256493,1691.1572729963088,1706.0486243668563,41528,
2019-10-15,1856.8853759765625,1903.383963090159,1826.4616318733208,1839.2326630692803,42835,
2019-10-16,1869.4591064453125,1896.3818485260704,1859.9424099106425,1876.7075323753725,11277,
2019-10-17,1874.8338623046875,1891.500391394245,1824.439897851592,1878.680002922856,9938,
2019-10-18,1914.1826171875,1955.8982370602355,1863.936604369491,1865.8596144867336,28117,
2019-10-22,1943.6695556640625,2048.2049116354,1923.058291438052,1923.058291438052,23906,
2019-10-23,1891.4510498046875,1971.3319324839088,1876.313153521858,1971.3319324839088,11008,
2019-10-24,1882.7725830078125,1924.241534218912,1873.7489783249189,1905.257498517462,6951,
2019-10-25,1875.474853515625,1918.0779412484787,1837.6547326562247,1883.6108690494773,9542,
2019-10-27,1924.14306640625,1982.2293126292004,1880.6523876536744,1886.7666786734555,5380,
2019-10-29,1885.8299560546875,1941.795886244832,1864.528410226469,1941.795886244832,10219,
2019-10-30,1886.964111328125,1913.1965763915864,1864.9721643841383,1907.180879274531,5901,
2019-10-31,1873.1573486328125,1918.8669391676087,1863.8871977524248,1902.4469564439923,8613,
2019-11-01,1855.110107421875,1892.4864931932707,1840.5638980552253,1864.183069562172,7094,
2019-11-04,1885.2381591796875,1890.1197205094893,1851.1162260600056,1851.1162260600056,5545,
2019-11-05,1891.25390625,1911.026938796836,1855.011653060227,1855.011653060227,5172,
2019-11-06,1891.6484375,1922.9597724457487,1879.912826467203,1901.362323634764,4511,
2019-11-07,1905.8001708984373,1913.196549310721,1878.680116720064,1878.680116720064,3263,
2019-11-08,1867.68408203125,1911.914399406537,1858.956379868302,1911.914399406537,7568,
2019-11-11,1929.221923828125,1970.395094598642,1873.1080454557464,1873.1080454557464,12942,
2019-11-13,1863.394287109375,1935.878796293042,1835.3866431575725,1928.9755097041216,7599,
2019-11-14,1899.3897705078125,2157.769895052489,1863.887157974956,1922.8609902802564,111960,
2019-11-15,1917.6343994140625,1944.754453918504,1874.7354041070369,1901.3623667113973,15972,
2019-11-18,1998.9449462890625,2019.7041607431693,1913.146966804368,1940.80946696414,22372,
2019-11-19,1990.2174072265625,2066.104319226299,1968.2255817718349,2014.7240494041523,17483,
2019-11-20,2020.4932861328125,2042.3865169148528,1999.339572768892,2009.8424536322889,8387,
2019-11-21,2014.6748046875,2083.16533827828,2011.8148477389625,2021.676685227879,18536,
2019-11-22,1950.0303955078125,2043.3233532970432,1925.0306617589547,2025.6214033057847,10673,
2019-11-25,1968.5213623046875,1973.4030441048983,1913.9854730766524,1965.661405348568,10227,
2019-11-26,1845.5933837890625,1970.394975565064,1799.7852004035244,1970.394975565064,21643,
2019-11-27,1848.9466552734373,1883.6110395812268,1839.232769015177,1849.094606918744,12295,
2019-11-28,1844.1636962890625,1879.666312902114,1817.881874080704,1848.0098371655624,13872,
2019-11-29,1797.91162109375,1854.0255021230569,1757.576680508044,1844.1636643458064,19422,
2019-12-02,1768.5233154296875,1805.0613500708907,1735.68334935933,1797.812923796624,14616,
2019-12-03,1770.1998291015625,1790.9096878264277,1755.3577155285725,1770.1998291015625,11356,
2019-12-04,1841.40234375,1863.8873825501423,1766.2551863213257,1771.1861053227808,17969,
2019-12-05,1874.7353515625,1898.403762103005,1846.18537950152,1858.9070538600329,34166,
2019-12-06,1865.0213623046875,1897.41747336306,1829.420154162932,1897.41747336306,11153,
2019-12-09,1850.7216796875,1876.7075963164448,1842.191166536584,1874.0941854135049,4923,
2019-12-10,1831.1461181640625,1851.757263166412,1796.08723610875,1848.3549772281808,9493,
2019-12-11,1771.6790771484375,1823.552317451317,1765.2688828809926,1820.5937662509584,8102,
2019-12-12,1773.9967041015625,1833.315683733212,1769.2137367495332,1776.2156176509975,18123,
2019-12-13,1786.225341796875,1799.7853685461955,1769.2136718749998,1775.1307744565215,6180,
2019-12-16,1758.26708984375,1796.185808126243,1750.476213885479,1786.9650138368945,6352,
2019-12-17,1766.8466796875,1792.8325959122612,1755.4069729294297,1772.9610908122245,4973,
2019-12-18,1770.545166015625,1789.9237029089977,1762.853004150742,1789.8251085999166,4022,
2019-12-19,1856.589599609375,1878.680140827618,1758.8588090110534,1771.1861065230455,19166,
2019-12-20,1912.3089599609373,1956.391447531552,1839.232765319113,1839.232765319113,49450,
2019-12-23,1878.088134765625,1922.9594900672128,1870.6424001829628,1922.9594900672128,7013,
2019-12-24,1874.48876953125,1903.3346443221424,1864.9228352754665,1893.4234494456143,5443,
2019-12-26,1865.6624755859373,1903.3346468678487,1854.025459125159,1875.2777671957624,27112,
2019-12-27,1921.1846923828125,1980.355722097701,1880.652561104868,1882.6249287620303,38188,
2019-12-30,1917.9300537109373,1972.17015567806,1905.3068545541803,1931.9338137016769,21108,
2019-12-31,1918.1767578125,1946.7267293215389,1914.182665457501,1917.930211874136,8002,
2020-01-01,1872.5162353515625,1925.0305155529952,1864.7747176521384,1924.9811582162083,10159,
2020-01-02,1874.09423828125,1892.683777624631,1863.936618032599,1863.936618032599,37805,
2020-01-03,1870.98779296875,1888.54191215956,1856.6388914016584,1880.553847730572,14082,
2020-01-06,1860.386474609375,1873.7493139227004,1836.3729219524355,1841.944884778486,7664,
2020-01-07,1902.4964599609373,1915.168897435185,1840.2189302853008,1840.2189302853008,44660,
2020-01-08,1890.3170166015625,1932.821511170529,1858.9563259205927,1858.9563259205927,32783,
2020-01-09,1913.04833984375,1934.004742520921,1889.626478028088,1898.4035366378648,8887,
2020-01-10,1914.1331787109373,1932.772074467916,1910.1884439637995,1919.212048774628,10210,
2020-01-13,2004.8128662109373,2021.676583390764,1918.32448355953,1922.072029770048,25775,
2020-01-14,2036.8145751953125,2044.9012332789555,1992.091048662159,1992.091048662159,16259,
2020-01-15,2024.7830810546875,2061.124048747506,2009.497353230032,2047.317476172164,4777,
2020-01-16,2017.583984375,2051.952463704922,2009.49732584458,2041.2525145653624,7679,
2020-01-17,2092.68212890625,2119.1119042297337,2012.8012370865488,2031.5387302294416,39422,
2020-01-20,2189.62353515625,2206.881748470914,2110.432942478896,2120.196063989911,35382,
2020-01-21,2177.2470703125,2234.692271012626,2159.7423095841355,2194.258739189361,17582,
2020-01-22,2208.45947265625,2252.443357824438,2171.0338529334604,2179.465770924697,24516,
2020-01-23,2196.379150390625,2216.9411788951293,2175.9158365729763,2216.9411788951293,5606,
2020-01-24,2203.676513671875,2238.636672585856,2175.9646594355204,2209.0511658997,34803,
2020-01-27,2204.466064453125,2220.885928496677,2185.3833115224847,2209.0517228386125,10799,
2020-01-28,2266.052978515625,2307.4726943634832,2185.4324601689004,2204.120593332468,19472,
2020-01-29,2381.58447265625,2444.7495919532007,2282.423645369669,2322.462803166514,63472,
2020-01-30,2341.39697265625,2417.3331071867656,2325.4208470513763,2400.6667012396542,27612,
2020-01-31,2306.535888671875,2365.854743093112,2290.7075918203136,2352.048171020039,9265,
2020-02-03,2317.876953125,2332.2750906691103,2218.9133226287554,2218.9133226287554,11068,
2020-02-04,2314.27734375,2341.2002081130595,2293.0250359145944,2319.997257618354,22052,
2020-02-05,2316.200439453125,2362.8469804180127,2312.6009649617936,2340.214110812084,13740,
2020-02-06,2340.75634765625,2387.1069811278976,2320.588939331129,2332.324428945673,10189,
2020-02-07,2348.44873046875,2359.838959978564,2332.3245301163315,2332.3245301163315,8990,
2020-02-10,2440.015869140625,2460.528539992262,2348.44884929722,2364.769998301184,21142,
2020-02-11,2384.29638671875,2514.86725872076,2366.840982625391,2469.404091872492,22755,
2020-02-12,2246.674560546875,2364.868787013859,2232.7695132238687,2364.868787013859,96107,
2020-02-13,2215.75732421875,2264.671885514378,2199.189391857539,2248.4985710471697,30748,
2020-02-14,2197.31640625,2293.419977504929,2177.543371240264,2218.913736982948,17411,
2020-02-17,2171.0341796875,2204.810973302415,2130.10755384753,2197.3161212235577,15310,
2020-02-18,2158.387939453125,2171.1824587699616,2129.094462472646,2145.890103243892,46875,
2020-02-19,2195.782958984375,2260.4955726237345,2163.7230940561058,2173.4545408494023,16710,
2020-02-20,2204.922119140625,2249.529274222858,2158.734101186184,2190.2999817930304,12933,
2020-02-24,2204.131591796875,2257.5319023227366,2159.7219862045963,2159.7219862045963,8431,
2020-02-25,2214.505615234375,2260.743083471817,2189.114601639977,2247.553466541832,7649,
2020-02-26,2214.702880859375,2256.5438851954705,2193.362680609024,2213.0728121006364,25109,
2020-02-27,2177.406494140625,2217.073989748209,2163.673684588333,2214.060606010253,9407,
2020-02-28,2105.926513671875,2119.1653347081583,2007.7707115572528,2094.515308912819,17268,
2020-03-02,2107.260009765625,2169.008688391203,2025.356658918968,2114.3242033238566,16377,
2020-03-03,2094.07080078125,2140.9503530251127,2035.236606936656,2106.371090285897,9080,
2020-03-04,2122.57373046875,2144.408160210985,2070.1616438207548,2124.05569878956,14665,
2020-03-05,2183.334228515625,2246.6637653492417,2075.842329277067,2130.1317154712456,23202,
2020-03-06,2196.474609375,2232.8322805921707,2084.6354478095045,2124.1546032182155,15314,
2020-03-09,2091.0078125,2170.688452377509,2030.8399963365423,2030.8399963365423,14999,
2020-03-11,2111.75537109375,2179.481370349155,2057.021438601744,2074.755610939812,8335,
2020-03-12,2006.486328125,2069.815750105502,1833.6887981841585,2047.0922359038664,40493,
2020-03-13,2150.731201171875,2208.132872551388,1704.2636264658363,1799.2083759703976,29881,
2020-03-16,2064.77734375,2149.8424374111446,1976.995548876078,2149.8424374111446,22613,
2020-03-17,2042.6959228515625,2108.64351765229,1981.441228055381,2025.3568440672905,12546,
2020-03-18,1894.8448486328125,2173.553685764071,1874.7395011600745,2054.996211995122,19356,
2020-03-19,1801.92529296875,1893.906104454727,1606.0091494252229,1783.301914820977,23084,
2020-03-20,1816.300537109375,1888.0772323943563,1749.7601785331558,1783.302015853337,33014,
2020-03-23,1534.1337890625,1766.802835921996,1503.4075466891798,1581.7543270575509,12345,
2020-03-24,1738.2994384765625,1798.121609495155,1505.5316322690871,1559.0307141666783,16875,
2020-03-25,1808.5447998046875,1831.663409277736,1689.443896737941,1736.8668833130412,6085,
2020-03-26,1887.2371826171875,1984.8495428721656,1820.1040668771764,1857.400269088936,5815,
2020-03-27,1931.004638671875,2050.006641455549,1903.8352206296763,2023.380660015349,9719,
2020-03-30,1855.226806640625,1951.208859257528,1816.9426246787657,1877.159889742779,2966,
2020-03-31,1883.1373291015625,1946.318534820699,1862.34032392742,1946.318534820699,3796,
2020-04-01,1858.437744140625,1921.6189460803623,1834.2815878551544,1911.7391571545,3348,
2020-04-03,1830.9224853515625,1881.4576312038853,1816.8932329360096,1877.1599470246967,2254,
2020-04-07,1877.6539306640625,1926.6083342140364,1859.722089210385,1896.9195195343327,26255,
2020-04-08,1942.1195068359373,2015.476939562667,1879.333400011836,1901.8593669892807,5176,
2020-04-09,2021.009521484375,2074.755595312085,1986.380934981494,1995.717286919244,21231,
2020-04-13,2026.739501953125,2091.600451315984,1990.1844089740007,2073.6684923624466,6626,
2020-04-15,2036.0272216796875,2138.974587778729,2025.35699997524,2064.8761609503667,6743,
2020-04-16,2055.39111328125,2099.455066692735,2026.3940786129824,2054.9960182215946,4363,
2020-04-17,2066.55517578125,2116.2011097139966,2054.9958722410456,2092.835507937405,3779,
2020-04-20,2092.637939453125,2114.2745781396347,2072.8289167766,2099.4548965171607,3165,
2020-04-21,2025.6531982421875,2074.755701605698,1982.429121125402,2074.755701605698,4973,
2020-04-22,2068.778076171875,2105.135742779462,2006.683635229121,2053.019863191704,5192,
2020-04-23,2022.442138671875,2147.8660045413576,2005.5970511586736,2074.755570164145,24739,
2020-04-24,1949.924560546875,2051.0441758270167,1932.0421667568228,2051.0441758270167,11673,
2020-04-27,1962.076416015625,1995.8159155783665,1953.4810488439848,1994.7291630375548,6454,
2020-04-28,1937.377197265625,2003.5224577181743,1914.999571414006,1995.7174002007707,12825,
2020-04-29,1970.6722412109373,2022.2941414656043,1948.047499084006,1956.1983254400056,97329,
2020-04-30,1989.2955322265625,2025.3567623861204,1985.837606046879,2019.4288889352345,6707,
2020-05-04,1942.5147705078125,1954.0247490039023,1896.919519397548,1954.0247490039023,8860,
2020-05-05,1951.752197265625,2050.0560917874827,1912.7270331087063,1926.5587368605256,57327,
2020-05-06,1939.204833984375,1980.848043859864,1933.523955892861,1980.848043859864,5504,
2020-05-07,1939.1556396484373,1984.849665038192,1898.9449455466124,1941.428039422492,111029,
2020-05-08,1920.630859375,2059.935875409915,1909.7630921666023,1951.258203325939,65616,
2020-05-11,1889.5096435546875,1945.3304513250607,1882.6432384506395,1926.5588522518383,16815,
2020-05-12,1849.00244140625,1889.55902195824,1803.061424294099,1877.1598389911169,17673,
2020-05-13,1930.80712890625,1936.438560151249,1862.9823562375177,1925.5707927218289,11348,
2020-05-14,1920.68017578125,1947.7506975930244,1889.904612979636,1916.678813522179,69908,
2020-05-15,1928.0902099609373,1951.2582661969043,1901.5628808470376,1941.3784775073,8367,
2020-05-18,1876.567138671875,1934.462677841128,1852.4604294954624,1921.618952196626,7942,
2020-05-19,1887.28662109375,1922.6068654094688,1876.270632662116,1906.7992036178184,6064,
2020-05-20,1963.6080322265625,1975.9577682783013,1878.1478587485256,1912.727119693396,14446,
2020-05-21,1950.4185791015625,1978.7241988456776,1946.3184425259165,1956.4452263004805,7301,
2020-05-22,1923.1502685546875,1960.150028050679,1897.907360829312,1960.150028050679,5873,
2020-05-26,1903.09423828125,1954.91368013632,1896.9193705386112,1923.5947991868104,6973,
2020-05-27,1914.40673828125,1945.62696917762,1892.1278856101765,1901.8594540205595,5346,
2020-05-28,1900.574951171875,1936.438633284578,1888.6698778544885,1936.438633284578,5348,
2020-05-29,1915.6910400390625,1931.4987020507308,1889.0650575793147,1906.799230157499,3535,
2020-06-01,1926.0648193359373,1949.282322928856,1896.9194424852528,1946.268939115002,13310,
2020-06-02,1974.0313720703125,2015.4770404201456,1927.54691463711,1946.3185145233765,29676,
2020-06-03,2041.8067626953125,2066.3086908424134,1974.970077901968,1995.7176374997373,19792,
2020-06-04,2028.8642578125,2095.5033909575177,1981.441267352358,2054.008274304894,29547,
2020-06-05,2035.1871337890625,2079.6956325025435,2019.428918211496,2029.1606070834328,9168,
2020-06-08,2011.623779296875,2062.2083704617007,1956.741624715021,2035.236498718115,15799,
2020-06-09,1944.935302734375,2025.3568119743247,1936.4387080339889,2015.5264698354133,8844,
2020-06-10,1936.1915283203125,1963.657388265666,1906.8486050645345,1952.5919529151925,6349,
2020-06-11,1911.837890625,1949.7268562364736,1906.7497753148507,1945.7256141675728,4527,
2020-06-12,1917.2225341796875,1957.1367859140712,1854.584646768545,1867.2801517218425,9244,
2020-06-15,1943.2557373046875,2040.176444010974,1913.764591036052,1944.3424899823715,44876,
2020-06-16,1926.3118896484373,1984.750866595125,1901.859411500573,1984.750866595125,9229,
2020-06-17,1896.6724853515625,1946.2196511001555,1894.943522283785,1946.2196511001555,7100,
2020-06-18,1897.907470703125,1927.546837762518,1882.198582041068,1882.198582041068,7814,
2020-06-19,1910.7017822265625,1947.2076756466429,1901.9581929136816,1914.604371318488,15050,
2020-06-22,1889.55908203125,1921.5695017157288,1884.0757509281889,1921.4214013639369,12223,
2020-06-23,1887.9288330078125,1925.521356374877,1880.123775871269,1906.700431400642,11215,
2020-06-24,1846.335205078125,1907.8368978826525,1835.6649836275024,1905.7620454984883,30755,
2020-06-25,1865.5511474609373,1881.90224640538,1831.71287032574,1831.71287032574,6663,
2020-06-26,1871.923583984375,1900.7231931998888,1867.2801313697453,1872.2200258971784,6246,
2020-06-29,1866.588623046875,1921.6190006865609,1857.499144615052,1882.0998438601016,10180,
2020-06-30,1841.9384765625,1895.3387854638995,1831.7129188545225,1895.3387854638995,9372,
2020-07-01,1838.0850830078125,1883.0381177423271,1831.712668083302,1833.68862565405,15656,
2020-07-02,1844.5567626953125,1876.6166324774308,1837.6409098089348,1840.6048467602395,20536,
2020-07-03,1859.919677734375,1871.2814347868689,1838.62868475572,1857.400283364188,8929,
2020-07-06,1892.078369140625,1904.773873897602,1852.4604393320228,1872.2200173515644,46786,
2020-07-07,1871.775390625,1915.691002550619,1860.660628490552,1911.7390871250373,187579,
2020-07-08,1901.9580078125,1936.438492851712,1871.7753271351385,1896.9193399363708,155602,
2020-07-09,1931.7950439453125,2015.4768021462096,1901.908684501723,1901.908684501723,44389,
2020-07-10,1970.96826171875,1994.729200134862,1927.744189155154,1931.7949987234188,16750,
2020-07-13,1963.657470703125,2020.416809104036,1956.1981819198,2009.0056048016809,17970,
2020-07-14,2108.248046875,2133.836844727929,1972.1540760268065,1978.9217072705835,149843,
2020-07-15,2041.164306640625,2173.553472705409,2007.5730256988145,2121.190593590233,69781,
2020-07-16,2100.640625,2109.532434829353,2001.200648224047,2056.7744596575035,27672,
2020-07-17,2099.948974609375,2125.3894291359293,2084.635302952614,2106.370836917049,13635,
2020-07-20,2066.061279296875,2131.860765801195,2054.995964651444,2087.5992660137026,16313,
2020-07-21,2099.65283203125,2114.274968841972,2084.6356001198874,2085.2284839766494,15812,
2020-07-22,2064.826171875,2114.8674410506555,2056.0827045273363,2114.8674410506555,10271,
2020-07-23,2044.12841796875,2084.586107144614,2000.90433953176,2064.875975618505,16300,
2020-07-24,2010.438232421875,2041.757235052001,2000.2620017906736,2027.332647026518,8854,
2020-07-27,2061.022705078125,2079.5965138591628,1975.9576325160049,2020.4166792476144,31284,
2020-07-28,2030.4940185546875,2082.8074487277227,2017.6997411024745,2079.695411933264,28383,
2020-07-29,2050.74755859375,2073.718065824521,2031.4325247026368,2049.957127308098,7744,
2020-07-30,1996.952392578125,2074.7557325487014,1992.1607189354368,2062.899985505566,8724,
2020-07-31,2077.2255859375,2109.3348993943223,1994.630576058376,1997.7920602191216,11537,
2020-08-03,2183.284912109375,2222.952161984262,2103.0116395932764,2124.154288118295,39780,
2020-08-04,2423.018310546875,2464.4145309705373,2206.156936779275,2222.952578483372,137083,
2020-08-05,2316.366455078125,2454.9305243276112,2301.991310882733,2431.1201314537434,44907,
2020-08-06,2289.196533203125,2363.739492143678,2264.447613790307,2361.36843929218,23951,
2020-08-07,2298.73046875,2341.510003553979,2243.700092013117,2292.111058331321,18144,
2020-08-10,2261.33544921875,2321.799705579239,2244.687909394323,2301.990681729213,16376,
2020-08-11,2280.8974609375,2336.5701701418006,2262.4223031821884,2280.84825495562,22698,
2020-08-12,2250.9619140625,2306.930824522012,2232.782956846001,2290.135182544763,12390,
2020-08-13,2253.135498046875,2309.894841878389,2145.4952370396823,2272.351640855558,36987,
2020-08-14,2244.68798828125,2282.2311852683483,2215.542611672845,2282.2311852683483,19160,
2020-08-17,2243.10693359375,2267.361860970017,2214.208554176148,2266.0282343357367,9991,
2020-08-18,2218.309326171875,2272.351729942831,2207.5896573982973,2256.148970611651,9796,
2020-08-19,2252.29541015625,2267.411535299402,2218.062038360513,2236.389094871736,11423,
2020-08-20,2239.205078125,2302.485184758696,2222.952870932017,2247.6523472757062,27921,
2020-08-21,2280.255126953125,2319.774279933248,2237.772037499492,2249.0348996165203,58670,
2020-08-24,2728.896728515625,2736.3065705706736,2283.3182262720347,2304.954868590458,429224,
2020-08-25,2656.92236328125,2910.5859560199174,2623.0840846004344,2823.643809336362,393362,
2020-08-26,2709.729736328125,2855.160185147746,2519.346246637136,2657.663295472116,352225,
2020-08-27,2731.81103515625,2795.9802148133726,2668.530940003858,2741.641376716293,92833,
2020-08-28,2667.197509765625,2763.3773654642355,2629.012216482063,2755.4735331711668,43918,
2020-08-31,2449.002197265625,2692.242559339871,2412.990413841485,2692.242559339871,86342,
2020-09-01,2483.2353515625,2521.272536663632,2350.204098074225,2455.9178332903584,90517,
2020-09-02,2539.94580078125,2660.627334024552,2491.485384647812,2509.4665534431347,89710,
2020-09-03,2515.1474609375,2582.5770255879897,2491.929955160408,2562.8174462032307,44513,
2020-09-04,2589.1962890625,2618.1441194546087,2406.272089802544,2425.4882314192696,74546,
2020-09-07,2572.302001953125,2626.739495496452,2516.4811932040466,2617.1561482532543,38627,
2020-09-08,2575.611572265625,2724.7469405516345,2520.334200469055,2588.307197746776,99433,
2020-09-09,2758.0419921875,2821.717184015908,2542.119155471501,2566.670286399367,154875,
2020-09-10,2789.88916015625,2865.2540970886525,2720.853994163232,2818.1263518638325,131131,
2020-09-11,2817.08740234375,2844.582808724996,2712.2984869877205,2768.327600318755,53968,
2020-09-14,3110.734130859375,3224.2761744998484,2854.819572530591,2868.221136825018,238308,
2020-09-15,3071.8154296875,3224.276119551986,3026.4677686592263,3164.933614284158,150375,
2020-09-16,3037.298095703125,3130.7625528280014,3016.5777167288184,3113.5038204138755,68616,
2020-09-17,2909.563232421875,3062.0239301907336,2888.101073530353,3036.358343624812,74711,
2020-09-18,2831.972900390625,2957.234946260672,2791.32318631578,2957.234946260672,113910,
2020-09-21,2649.9892578125,2940.6190474422115,2626.94453545425,2854.671411141404,158040,
2020-09-22,2632.0380859375,2694.149961537668,2423.2019988310035,2655.5773299297493,142428,
2020-09-23,2569.33251953125,2714.9194062471543,2534.4193000030355,2671.500573166862,69370,
2020-09-24,2460.488525390625,2559.0959360389634,2452.823452102804,2522.0563721218346,55837,
2020-09-25,2630.30712890625,2660.423402990272,2492.3853001719344,2502.2757180297594,82238,
2020-09-28,2689.303466796875,2763.3825958474813,2630.554243108359,2636.4389931135497,65391,
2020-09-29,2687.7705078125,2747.558034459354,2660.96737928476,2719.8648649255665,46115,
2020-09-30,2643.41162109375,2739.645423804181,2621.9494651642185,2705.028965380663,26844,
2020-10-01,2584.465087890625,2709.974389106569,2574.4756696512404,2679.3140949232466,28814,
2020-10-05,2515.429931640625,2639.7524313508693,2502.2756280695767,2634.807222599744,51032,
2020-10-06,2555.733154296875,2587.085726680794,2512.165820804441,2541.837070656462,46936,
2020-10-07,2547.2275390625,2597.2236480598285,2531.946892244159,2586.344188757217,19853,
2020-10-08,2506.87451171875,2569.9754220676487,2492.385147033412,2551.727650534207,15959,
2020-10-09,2588.12451171875,2631.048827282089,2484.7201479827286,2529.968808255476,47928,
2020-10-12,2511.42431640625,2618.982608976568,2502.325180408299,2610.0317326581207,28390,
2020-10-13,2520.078369140625,2562.162143731533,2498.616211542646,2498.616211542646,35049,
2020-10-14,2525.419189453125,2546.733088147272,2497.3304994317664,2530.76015995484,12844,
2020-10-15,2500.9404296875,2569.38231483692,2483.4839386522617,2535.9031536058933,24324,
2020-10-16,2538.425048828125,2546.683402226605,2496.4895354493533,2522.0068598577373,16745,
2020-10-19,2732.673095703125,2748.3495054083137,2533.529666669044,2538.8703960036205,132281,
2020-10-20,2753.8388671875,2863.2762551011874,2719.865181875048,2732.673225983908,120813,
2020-10-21,2668.63232421875,2776.932392705164,2645.686604576781,2775.893850604707,42164,
2020-10-22,2662.6982421875,2690.24315245383,2642.472386000826,2668.632492890599,12546,
2020-10-23,2707.00732421875,2757.6462145446208,2650.631943334399,2663.4894863431105,24134,
2020-10-26,2684.5068359375,2729.7060000981,2653.896039034919,2720.4091033130057,14878,
2020-10-27,2653.54931640625,2697.0176497746297,2622.740764784079,2697.0176497746297,14897,
2020-10-28,2651.323974609375,2697.0176517828413,2630.850860193402,2634.3125060620773,14604,
2020-10-29,2580.706787109375,2645.340523110767,2546.4858446400585,2630.851157494887,42940,
2020-10-30,2623.6806640625,2665.467680576171,2591.2895447530864,2601.179962862831,35760,
2020-11-02,2565.57470703125,2669.2263471889514,2553.706204145986,2617.9939281078327,20922,
2020-11-03,2449.757568359375,2566.0689820748003,2423.152440193972,2423.152440193972,88607,
2020-11-04,2451.7353515625,2522.0563123881307,2436.998726950727,2478.538477978296,29473,
2020-11-05,2418.849853515625,2499.011735454436,2409.10793718059,2480.4672026862936,41229,
2020-11-06,2399.810791015625,2472.6043599589234,2389.079832972565,2446.8892746153506,53124,
2020-11-09,2429.828369140625,2470.082320898053,2402.530719694728,2424.141378961503,23597,
2020-11-10,2414.448974609375,2462.714266355507,2393.481335172822,2462.714266355507,20978,
2020-11-11,2501.187744140625,2521.1665819341047,2427.108608938044,2442.834277177567,38450,
2020-11-12,2489.368896484375,2569.5307886655582,2453.812889406948,2522.056778713308,44346,
2020-11-13,2550.936767578125,2559.640384411689,2496.3417041171188,2507.221164792748,28937,
2020-11-14,2543.667236328125,2579.421000621019,2527.59530716398,2571.508666263286,4031,
2020-11-17,2568.39306640625,2618.9824533892,2552.56839901417,2560.035470767599,49840,
2020-11-18,2570.61865234375,2623.927909055061,2556.673066305063,2567.5525261616804,32387,
2020-11-19,2593.366455078125,2615.02637269856,2545.397930465462,2551.727701044737,18832,
2020-11-20,2570.32177734375,2615.9659580378043,2522.0564911033066,2596.2346231945803,25389,
2020-11-23,2587.135498046875,2651.225452733403,2569.876767534897,2571.5085898615844,34424,
2020-11-24,2593.21826171875,2624.521581529516,2555.7336717359235,2599.894294287098,26086,
2020-11-25,2520.5732421875,2606.0758647938346,2502.2759673275946,2595.295404840877,25573,
2020-11-26,2462.614990234375,2596.234629062923,2452.6753136838965,2581.399002611135,55536,
2020-11-27,2546.683349609375,2604.4930295306285,2438.72954579071,2481.3573391926207,138432,
2020-12-01,2609.982421875,2637.7745942384327,2571.113270632697,2581.3992092097146,40260,
2020-12-02,2597.718017578125,2636.7851646157555,2582.3878712722194,2615.026247278341,16530,
2020-12-03,2586.93798828125,2625.906141019488,2571.508838663152,2610.971512331901,16921,
2020-12-04,2560.184326171875,2609.9824383830373,2546.7827608266984,2588.3225184790176,29776,
2020-12-07,2552.96435546875,2585.1577169900943,2524.9744219418817,2538.4254881103275,30474,
2020-12-08,2510.73193359375,2584.366042146391,2507.2207871569462,2542.974549133256,25456,
2020-12-09,2510.435546875,2536.2496364773474,2507.221160771446,2529.9691239658227,17460,
2020-12-10,2512.41357421875,2531.9471508709776,2492.879997566523,2510.18823004318,15562,
2020-12-11,2462.813232421875,2532.7384436379066,2458.313043665359,2521.9577424836343,38375,
2020-12-14,2458.065673828125,2502.275794714409,2453.8127457258693,2500.2482106983616,13848,
2020-12-15,2453.91162109375,2497.330458015312,2443.4276817928035,2458.065548216008,20222,
2020-12-16,2471.318603515625,2512.1660765974493,2456.08745696016,2472.4066460404183,74356,
2020-12-17,2455.840576171875,2496.539554401889,2448.076500550351,2472.505787566125,26041,
2020-12-18,2471.714599609375,2492.3854778194573,2443.4279059337177,2455.8404295230607,16970,
2020-12-21,2381.76123046875,2482.445747376388,2347.985545098219,2479.5281219718768,34539,
2020-12-22,2375.332275390625,2438.9772153705367,2319.303150869387,2383.590871469178,30982,
2020-12-23,2329.53955078125,2347.737822147757,2304.46724617347,2346.996040845341,98582,
2020-12-24,2441.202392578125,2447.87842464534,2336.264962313277,2336.264962313277,37205,
2020-12-28,2471.9619140625,2506.1826181579254,2452.626097056909,2462.7142759182125,23631,
2020-12-29,2487.489501953125,2515.9244522693125,2437.9879140661515,2491.3961685730774,25373,
2020-12-30,2486.0556640625,2506.232020999823,2457.768970869992,2492.3854352484423,17436,
2020-12-31,2494.808349609375,2507.2208720421254,2472.653910679215,2473.741711740581,26820,
2021-01-01,2497.6767578125,2507.2209144114263,2477.549660986439,2496.1436947591533,11419,
2021-01-04,2520.424560546875,2530.9082578864013,2482.494714046945,2497.676601015768,29926,
2021-01-05,2509.396728515625,2525.9136777681733,2489.4181330708843,2513.155135531632,31654,
2021-01-06,2522.8974609375,2620.960862273817,2509.4958957826266,2527.001887965888,103323,
2021-01-07,2533.77685546875,2570.5196620941783,2513.155237160949,2557.662118574661,55955,
2021-01-08,2543.61767578125,2570.519563668177,2512.166099160127,2523.1938183242664,65941,
2021-01-11,2580.904541015625,2619.922191187052,2556.673017254413,2566.464434351404,92745,
2021-01-12,2561.568603515625,2631.592806926752,2552.222207375546,2589.3112725863903,54380,
2021-01-13,2523.63916015625,2596.086472198306,2503.264802436124,2594.5534091111863,16807,
2021-01-14,2486.748046875,2541.6398712083324,2473.593741579537,2535.9033800119687,16142,
2021-01-15,2462.17041015625,2510.7819664045314,2452.824012112835,2499.209982529971,47620,
2021-01-18,2401.9375,2492.1380634282064,2393.481144358075,2477.5496969491646,16531,
2021-01-19,2455.148193359375,2469.3407993770043,2405.349838400127,2405.349838400127,10577,
2021-01-20,2521.611572265625,2531.9470107939733,2452.8236667066617,2466.670251921941,23466,
2021-01-21,2462.614990234375,2557.562999525819,2452.8235733623046,2548.760624417201,36715,
2021-01-22,2420.2841796875,2485.412434494588,2415.239970141636,2472.604392036892,13850,
2021-01-25,2405.00341796875,2450.004820272637,2383.590759392685,2450.004820272637,9192,
2021-01-27,2345.562255859375,2423.0535401985653,2340.864307055453,2423.0535401985653,27315,
2021-01-28,2341.556396484375,2363.562575923352,2299.522121151498,2356.8865439587184,20262,
2021-01-29,2335.96875,2449.85683024162,2324.248506688658,2358.864973809553,18701,
2021-02-01,2329.490478515625,2380.426137309181,2324.248508055459,2353.919765605103,14301,
2021-02-02,2355.353515625,2395.459208385451,2339.0838265200623,2341.012409711875,11393,
2021-02-03,2388.28857421875,2419.196129015038,2356.93599892645,2364.7988325735714,10743,
2021-02-04,2394.915283203125,2413.2620573832564,2378.69509382978,2403.3716391152925,8380,
2021-02-05,2379.881591796875,2413.261749188312,2371.7219977678574,2404.360373883929,6478,
2021-02-08,2343.831298828125,2398.3273569637595,2339.08384990946,2391.7998259827164,18473,
2021-02-09,2332.803466796875,2398.426490239653,2314.35793284981,2398.426490239653,11971,
2021-02-10,2325.58349609375,2352.88090446119,2319.7975050694986,2344.474049294662,12799,
2021-02-11,2343.23779296875,2373.700328814932,2321.3801139867496,2332.1605730606702,17990,
2021-02-12,2392.7890625,2530.958164492026,2346.007333401753,2364.700128300157,152755,
2021-02-15,2356.14453125,2417.9101355864227,2347.78717738582,2392.788573617061,24347,
2021-02-16,2365.293701171875,2398.4266047843603,2354.513241060205,2356.1450636072336,18027,
2021-02-17,2356.58984375,2393.4811511076496,2347.6389671852394,2368.7551061581908,15594,
2021-02-18,2357.430908203125,2432.84535433102,2351.9416772738687,2365.788264103908,27501,
2021-02-19,2350.556640625,2403.371371713589,2343.5343478499376,2363.809703043406,23142,
2021-02-22,2331.962890625,2360.8428639606177,2328.253983737756,2334.138734372458,12365,
2021-02-23,2336.908447265625,2363.711340143393,2328.204829516423,2343.633981047524,11958,
2021-02-24,2299.62109375,2353.9193898112167,2262.927547852128,2348.627919806834,12139,
2021-02-25,2311.04443359375,2342.0509907200126,2255.0648123940555,2334.138656291904,47750,
2021-02-26,2303.4287109375,2319.3028791496804,2261.592197063196,2261.592197063196,56799,
2021-03-01,2301.15380859375,2339.034154554431,2280.0874132458425,2324.24802921482,19314,
2021-03-02,2334.188232421875,2353.128286987669,2301.59935223162,2320.1931455688336,65174,
2021-03-03,2349.5185546875,2367.766329611368,2334.138904712961,2347.9854914358343,25756,
2021-03-04,2339.7265625,2440.707823625536,2325.23719718109,2353.721648400055,51155,
2021-03-05,2368.5078125,2388.535908628249,2339.083819422696,2339.083819422696,22841,
2021-03-08,2379.980712890625,2457.7192496003977,2363.809783683917,2388.535827446301,55260,
2021-03-09,2398.17919921875,2408.316878068937,2389.0305622076053,2395.6570942361327,16759,
2021-03-10,2390.76123046875,2423.152348597968,2363.8098421016907,2408.217721210294,15733,
2021-03-12,2355.798583984375,2447.6807127524576,2340.2211755209696,2437.9880547488374,32073,
2021-03-15,2296.4560546875,2393.481151678429,2282.906230345022,2373.6013149482096,26971,
2021-03-16,2276.971923828125,2323.061367083008,2265.944204634047,2305.4563752126105,19561,
2021-03-17,2238.448974609375,2299.5223090541463,2230.981660323473,2294.577099787364,35919,
2021-03-18,2195.178466796875,2269.653369133551,2174.7053480420896,2269.653369133551,21848,
2021-03-19,2203.189697265625,2282.708564539551,2103.8402513602896,2177.870129599693,56135,
2021-03-22,2188.156005859375,2228.3111999682187,2164.0234822594152,2210.508447371935,19012,
2021-03-23,2224.75048828125,2296.752778318035,2197.650840035244,2232.2673024120368,35365,
2021-03-24,2207.887451171875,2287.653571866812,2185.7822714334866,2225.244940743394,49517,
2021-03-25,2205.365234375,2241.959777331782,2175.891743376216,2196.661619108443,24308,
2021-03-26,2241.416015625,2269.850967836459,2205.5632497931606,2215.453667953668,31284,
2021-03-30,2254.12548828125,2290.6210377631146,2236.2732337137395,2278.752534976777,42767,
2021-03-31,2258.8232421875,2289.63179808972,2225.49233990269,2289.63179808972,45265,
2021-04-01,2265.153076171875,2280.829485936608,2247.152562960151,2269.851024916255,25554,
2021-04-05,2256.00439453125,2288.593274252136,2244.383153130223,2278.7523564226217,18425,
2021-04-06,2329.836181640625,2368.4583115946893,2257.53737211724,2264.905685114184,148062,
2021-04-07,2370.48583984375,2399.415311342834,2339.924546025699,2350.952265070864,110980,
2021-04-08,2394.86572265625,2422.1633729761907,2368.7551156708764,2398.4263697293845,107172,
2021-04-09,2519.1884765625,2596.234736538814,2393.481166637688,2418.2072117475814,242111,
2021-04-12,2422.80615234375,2546.634379057919,2374.194844388438,2474.582587235939,61852,
2021-04-13,2489.27001953125,2557.464405227928,2445.158657449236,2502.275822973633,51658,
2021-04-15,2471.46728515625,2533.9251804296705,2457.027177783922,2501.286799885494,28863,
2021-04-16,2470.23095703125,2546.7826976482306,2455.790849809925,2516.122401094019,36858,
2021-04-19,2503.8583984375,2531.9470898797367,2280.3349444090545,2452.823743320995,109312,
2021-04-20,2452.230224609375,2587.135675534797,2437.988118797647,2509.1991307868684,70591,
2021-04-22,2529.4248046875,2565.5743293638425,2442.933150936273,2464.6425693084207,61042,
2021-04-23,2516.76513671875,2557.662112010052,2507.171479487253,2512.116688520528,34110,
2021-04-26,2474.82958984375,2557.661832085498,2458.807162622577,2543.815248307773,534111,
2021-04-27,2539.364990234375,2561.5194314403684,2474.582748029759,2488.3303333771382,87183,
2021-04-28,2760.613525390625,2858.330907117313,2527.0018919324343,2527.0018919324343,478418,
2021-04-29,2869.06201171875,2980.47747427554,2710.0240414534,2798.9883033681026,368871,
2021-04-30,2831.330078125,2915.6953968912003,2821.0936397756086,2829.995016496104,118008,
2021-05-03,2831.676025390625,2899.375884759794,2825.7417749016063,2848.5884944051663,83026,
2021-05-04,2829.35205078125,2865.897099863236,2798.9885134338792,2845.869001843082,54243,
2021-05-05,2855.314208984375,2941.410346955466,2813.7249525240422,2834.5938313296456,87295,
2021-05-06,2999.862548828125,3091.5466683247378,2848.4401643391298,2877.122374327267,186192,
2021-05-07,3073.8427734375,3105.4428506784634,2972.070473445396,3030.423936983924,197839,
2021-05-10,3206.968017578125,3337.0270135107457,3101.1405456025323,3115.481651617916,209567,
2021-05-11,3254.49169921875,3290.542226263018,3125.3722377490644,3206.473669234958,56835,
2021-05-12,3169.43359375,3300.1848567828474,3150.097780431069,3224.275907128818,50796,
2021-05-14,3125.767578125,3205.9789639210453,3066.0295505646272,3170.867980358128,51473,
2021-05-17,3194.50634765625,3213.3971445999787,3159.7416213329584,3172.8464265548573,48812,
2021-05-18,3170.670166015625,3224.1771810867963,3156.081799855413,3203.5063046052164,57473,
2021-05-19,3334.406494140625,3386.479453401936,3167.5056741168,3191.638199803752,117221,
2021-05-20,3469.9541015625,3509.120252830713,3316.949385731285,3392.41332221233,142745,
2021-05-21,3457.393310546875,3529.6923614286065,3427.029776119335,3481.427074152976,73161,
2021-05-24,3457.047119140625,3486.372109947409,3435.782721874279,3438.898106748125,31552,
2021-05-25,3359.874267578125,3493.6914407875665,3342.9615548417687,3461.6465804574527,35961,
2021-05-26,3222.842041015625,3396.369367666388,3210.4790191473,3392.0669394701026,64438,
2021-05-27,3214.83056640625,3275.8543914005727,3206.819473463239,3253.947214189021,34320,
2021-05-28,2970.19140625,3140.2075882197905,2957.284362988042,3066.0294562145987,186067,
2021-05-31,2870.84228515625,2967.125607712645,2863.276211442703,2967.125607712645,90967,
2021-06-01,3012.57177734375,3034.380197000516,2872.177344227346,2872.177344227346,131385,
2021-06-02,3010.890380859375,3060.4414696705167,2991.851326960535,3012.571703559984,54478,
2021-06-03,2955.2568359375,3046.2486796142907,2942.399292809258,3046.2486796142907,58640,
2021-06-04,2967.966064453125,2991.851326390097,2944.08056105088,2980.9718670214056,31453,
2021-06-07,2942.003662109375,3000.752644993476,2928.8493586487493,3000.752644993476,29666,
2021-06-08,2965.938720703125,2990.3185054945284,2930.234213661491,2942.399476597288,41195,
2021-06-09,2959.361328125,2989.774363504197,2937.454148820081,2989.774363504197,20717,
2021-06-10,2957.53173828125,2975.9277708537675,2949.421643826789,2975.9277708537675,15852,
2021-06-11,2947.591796875,2968.856195376069,2932.7561700137885,2967.0263714770745,22625,
2021-06-14,2898.2880859375,2947.3446573574856,2892.947356634445,2947.3446573574856,37820,
2021-06-15,2859.666259765625,2915.1018624832705,2852.8417260971487,2912.728258620937,56999,
2021-06-16,2835.08837890625,2896.903492697159,2823.7143979687226,2868.023519827104,32654,
2021-06-17,2828.26416015625,2848.440517233872,2769.317169532931,2838.5500987712544,47442,
2021-06-18,2795.13134765625,2856.0561824543342,2759.426839278745,2855.36390143288,38860,
2021-06-21,2806.702880859375,2855.3636893434914,2759.080373097666,2769.3170523594654,37666,
2021-06-22,2862.0400390625,2892.99709926836,2798.988617035637,2806.900952348812,56906,
2021-06-23,2904.716796875,2937.45417739096,2852.495582449167,2863.3255419818443,73351,
2021-06-24,2860.655029296875,2917.673190138385,2853.3854757794043,2917.673190138385,23202,
2021-06-25,2867.92431640625,2885.8260686812428,2816.939165861153,2885.8260686812428,48215,
2021-06-28,2851.30859375,2895.766217159357,2838.500550350716,2877.122682086705,25918,
2021-06-29,2840.28076171875,2891.9581952696526,2819.758144566956,2868.221192298903,22587,
2021-06-30,2862.781494140625,2905.8048125013497,2821.785759765819,2868.12222328205,61059,
2021-07-01,2857.193359375,2890.919538209807,2849.676545480206,2890.919538209807,18608,
2021-07-02,2915.003173828125,2924.5968317467464,2858.331025954717,2889.881365260622,60475,
2021-07-05,3055.59521484375,3072.9529471478945,2925.684716141373,2951.795323708687,110222,
2021-07-06,3021.324951171875,3098.6679719521203,3006.687084179523,3070.9748014399406,53135,
2021-07-07,3060.589599609375,3094.464278486939,2993.5820231435373,3021.3246916560256,29471,
2021-07-08,3012.76953125,3083.0904986202645,2988.1424874349104,3056.139110028588,28369,
2021-07-09,2994.472412109375,3030.374678976458,2987.8953804994235,3022.5118446892548,15871,
2021-07-12,3012.02783203125,3056.139193349857,2986.9062666396662,3025.478897235344,17189,
2021-07-13,2992.3955078125,3026.3689492348244,2981.961068384631,3011.632322796418,13768,
2021-07-14,2980.3291015625,3019.643511753089,2967.6198182858475,2986.9061327189665,14077,
2021-07-15,2982.010498046875,3016.5774603237583,2967.125370810254,3016.5774603237583,12451,
2021-07-16,2963.56494140625,2996.9451042791115,2949.322835166616,2967.1255886988083,22313,
2021-07-19,2887.705322265625,2983.889638218234,2873.7104772504085,2965.1473442254096,28323,
2021-07-20,2909.513916015625,2996.549600424353,2849.4791229040284,2892.947464721918,24562,
2021-07-22,2892.84814453125,2933.497857415326,2879.1500610472303,2924.101960704117,16046,
2021-07-23,2937.503662109375,2972.0706249113773,2873.1664443818804,2907.7829075672043,21112,
2021-07-26,2941.855224609375,2997.142804058038,2912.282972472264,2937.454037055663,18291,
2021-07-27,2918.019287109375,2986.856444808021,2895.3700872153963,2986.856444808021,19769,
2021-07-28,2918.167724609375,2981.9609183857874,2858.2811975076106,2927.5636213671414,23607,
2021-07-29,2898.189208984375,2933.497952636403,2883.106321668898,2925.5856183069723,12423,
2021-07-30,2967.322998046875,3005.697866084609,2888.0018983109767,2897.892315770946,44093,
2021-08-02,2973.356689453125,3004.709269149544,2944.377713712374,3001.6926430846243,21119,
2021-08-03,3015.58837890625,3065.0404677699144,2967.125331819859,2995.807543360784,39611,
2021-08-04,2991.10986328125,3055.002064411626,2977.856798862834,3054.161282239398,14749,
2021-08-05,2953.723876953125,3008.6156976268894,2910.750058430416,2992.8405289875764,10748,
2021-08-06,2963.169189453125,2995.7580679933403,2925.783361666969,2942.498312721624,11016,
2021-08-09,3013.659912109375,3034.380289850335,2968.411249051796,3003.7199935708823,35581,
2021-08-10,2960.15234375,3028.6929826872606,2925.5358838286825,3026.2698787858208,26658,
2021-08-11,2870.891357421875,2984.730156181057,2824.307637206751,2962.1799566321733,63027,
2021-08-12,2840.181884765625,2895.370467371509,2824.851736345396,2878.11173566889,35063,
2021-08-13,2874.583984375,2911.021344954853,2849.514649804704,2879.250307083586,29160,
2021-08-16,2860.03857421875,2908.837046660487,2828.714511429342,2874.583897490827,26460,
2021-08-17,2797.73779296875,2874.3856199091983,2780.015655380369,2868.329168528688,44062,
2021-08-18,2820.572998046875,2846.138754390415,2785.1284833619648,2830.6008285604926,15648,
2021-08-20,2821.36767578125,2831.792548605521,2793.766535443944,2823.2542267762115,25778,
2021-08-23,2742.0888671875,2877.7610299298,2714.9841521166845,2805.779772496676,27116,
2021-08-24,2819.133544921875,2843.5079369241967,2735.2878373694703,2764.8746653595194,19005,
2021-08-25,2812.03466796875,2847.479182536209,2776.1431792798057,2819.083721345597,17500,
2021-08-26,2833.82763671875,2854.4291689818365,2779.965799356223,2807.715766624612,28966,
2021-08-27,2825.2890625,2833.827625808376,2786.667491893723,2833.827625808376,14218,
2021-08-30,2793.26953125,2848.471800429133,2782.94404203655,2829.6077487706625,31737,
2021-08-31,2823.15478515625,2844.500952865362,2789.2986733670687,2807.666306047002,39373,
2021-09-01,2810.793701171875,2853.436342643197,2804.7869408375195,2852.443497708387,11471,
2021-09-02,3000.526123046875,3037.956569760124,2815.360548859354,2842.5149538813607,205050,
2021-09-03,3039.197998046875,3149.3541049128803,3000.526490470915,3027.1844763063727,151495,
2021-09-06,3011.447509765625,3063.919461400724,2982.357347161195,3055.976701941486,25917,
2021-09-07,3022.865234375,3071.8622288745164,2940.955527237913,3011.298687839821,113639,
2021-09-08,3084.62060546875,3167.1755708034902,3029.170114897005,3029.170114897005,119217,
2021-09-09,3151.339599609375,3161.2183585009325,3066.3022831914413,3101.5979700636376,38985,
2021-09-13,3151.5380859375,3225.7532460300663,3127.461595874025,3156.94904244208,69026,
2021-09-14,3196.61328125,3223.420096031608,3134.113737487937,3169.161214181169,38985,
2021-09-15,3222.427001953125,3251.5670971707777,3173.33086937689,3219.845750609959,43053,
2021-09-16,3229.724609375,3316.449712366608,3221.7818498069087,3226.746074536966,39912,
2021-09-17,3160.870849609375,3252.8580831990057,3126.4688677270265,3229.724746496036,36409,
2021-09-20,3091.66943359375,3191.4503494556893,3074.84076044206,3146.8717088788635,31122,
2021-09-21,3113.015625,3147.318466225792,3012.639146797335,3068.3872933346406,26665,
2021-09-22,3142.254638671875,3188.2234047276893,3087.747552152478,3133.4184162679167,41998,
2021-09-23,3139.772705078125,3181.968614541354,3123.638974989244,3123.638974989244,14171,
2021-09-24,3111.873779296875,3155.7077841214614,3080.996206338842,3143.346913751131,12896,
2021-09-27,3079.0107421875,3151.289903771025,3057.962477509375,3112.4201205355234,31250,
2021-09-28,3011.497314453125,3123.440584817944,2964.783910136985,3101.6476862057243,25483,
2021-09-29,3056.12548828125,3075.783866142176,2962.9968288605373,3008.3201024230293,24528,
2021-09-30,3053.6435546875,3105.1723543986045,2989.5059146487483,3069.8766670090527,27759,
2021-10-01,3242.97900390625,3269.736125217098,3020.432676342364,3047.0409678771985,101714,
2021-10-04,3477.935791015625,3568.23498895219,3233.646247424281,3242.9791352058387,212045,
2021-10-05,3445.023193359375,3504.742720952941,3405.1106319139444,3494.8142713185134,55447,
2021-10-06,3410.07470703125,3502.707186532716,3375.6727275156973,3473.964374581596,36645,
2021-10-07,3432.81103515625,3451.972990778179,3389.8704919468096,3427.1518675357274,25677,
2021-10-08,3382.870849609375,3454.1074725338663,3362.219626819408,3450.136092858633,13077,
2021-10-11,3308.904052734375,3399.5011556709924,3261.495705718228,3399.5011556709924,32741,
2021-10-12,3320.520263671875,3338.9375860792,3296.344634436417,3338.9375860792,12083,
2021-10-13,3444.52685546875,3493.821512156751,3276.38845982304,3325.981018486148,53717,
2021-10-14,3396.026123046875,3465.028846494253,3375.6728017422524,3448.200173211384,19619,
2021-10-18,3424.12353515625,3521.620855731001,3361.524615813712,3389.1257524766565,50370,
2021-10-19,3372.098388671875,3470.787319136868,3343.901689906894,3469.9929947222668,23075,
2021-10-20,3276.43798828125,3371.701411666268,3234.738500857816,3345.8874432612847,31653,
2021-10-21,3265.21875,3319.3287984606613,3211.30722204576,3316.10205245154,19826,
2021-10-22,3242.830078125,3316.8467165058782,3162.2111178840746,3276.3882854057915,17542,
2021-10-25,3373.98486328125,3404.06811215094,3132.971764439681,3259.063066408288,37669,
2021-10-26,3419.258544921875,3441.200514751868,3299.670422020982,3368.722835127838,24043,
2021-10-27,3429.783203125,3456.540328571327,3354.475809610223,3415.386949992763,16796,
2021-10-28,3342.412353515625,3435.243351600791,3308.159204489548,3435.243351600791,13803,
2021-10-29,3264.0771484375,3329.753744798942,3227.7389263783407,3298.230917695739,24474,
2021-11-01,3272.565673828125,3311.1377957829886,3168.515720517344,3231.710202480848,22516,
2021-11-02,3371.05615234375,3390.466076938686,3227.98710002636,3295.3020352046287,23769,
2021-11-03,3420.995849609375,3455.1001680532704,3312.1305059269284,3390.5155603986937,26091,
2021-11-04,3409.8759765625,3436.6827877480214,3385.005164372736,3421.3433831595034,4679,
2021-11-08,3359.88671875,3424.322259555652,3335.3632543765684,3424.322259555652,23117,
2021-11-09,3331.839111328125,3360.780447172695,3316.102420548538,3360.780447172695,13203,
2021-11-10,3332.6826171875,3415.386650547241,3311.0882393824413,3331.789153684116,14695,
2021-11-11,3308.705322265625,3354.177667195878,3282.2458602260326,3332.682429659724,8135,
2021-11-12,3274.60107421875,3334.519362236475,3248.588585733503,3309.1521259932047,7834,
2021-11-15,3723.86328125,3757.3717962947503,3270.8281093662195,3327.023227109888,421454,
2021-11-16,3589.03515625,3723.8635505711272,3534.577755519455,3723.8635505711272,146396,
2021-11-17,3535.669677734375,3628.84827274865,3511.692569278242,3609.984218800025,34426,
2021-11-18,3545.002685546875,3623.88417058958,3505.239195689456,3553.392177134276,47970,
2021-11-22,3495.112060546875,3643.74089830128,3460.0645859890897,3643.74089830128,57820,
2021-11-23,3579.70263671875,3604.027339145489,3445.519732330398,3484.885939504316,24782,
2021-11-24,3604.8212890625,3702.3186091596303,3494.814026345374,3494.814026345374,35128,
2021-11-25,3745.060791015625,3822.453005333159,3584.1702205851184,3623.884018043125,45881,
2021-11-26,3640.017578125,3860.180932492329,3609.984020201159,3734.0896314566994,74706,
2021-11-29,3510.103759765625,3625.373149523258,3381.1829950374104,3600.0556045929984,32277,
2021-11-30,3564.41259765625,3668.56193144532,3465.028725505864,3493.424186804196,36083,
2021-12-01,3719.197021484375,3746.301735923227,3566.39828726024,3626.663924634154,46305,
2021-12-02,3661.959716796875,3802.596105029283,3645.925125643576,3725.1542000182426,29913,
2021-12-03,3668.959228515625,3741.0398707535855,3636.890529695696,3684.944129591808,24313,
2021-12-06,3570.617919921875,3707.282926008017,3537.5064449294496,3698.347321740724,14345,
2021-12-07,3608.34619140625,3643.741017410776,3555.5763361401714,3584.170319578447,12141,
2021-12-08,3683.851806640625,3782.7392606481535,3615.941308997528,3615.941308997528,32845,
2021-12-09,3669.257080078125,3698.347485963252,3648.4073358619567,3683.4548115231314,8701,
2021-12-10,3665.83154296875,3713.239886438656,3623.8838463906654,3684.4473846454143,13614,
2021-12-13,3628.500732421875,3672.4838125839697,3613.4592282506646,3665.8317998374814,9186,
2021-12-14,3694.77294921875,3713.239961492776,3558.1576351091853,3647.712197466432,16484,
2021-12-15,3906.944091796875,4019.780818557566,3656.498963922557,3682.46176129176,138869,
2021-12-16,3875.37158203125,3957.9265392624734,3822.4528998993424,3906.944098618264,53071,
2021-12-17,3836.30322265625,3921.5390591618807,3763.13059781298,3882.0237813993135,32627,
2021-12-20,3621.05419921875,3832.381334258356,3587.5456836666203,3772.81063994346,27877,
2021-12-21,3721.57958984375,3752.953584491716,3599.7575735560654,3613.955303584615,23379,
2021-12-22,3723.764404296875,3802.596197171052,3705.148561295058,3723.168600363301,123149,
2021-12-23,3725.451904296875,3792.667454421347,3698.347190502492,3760.896418153944,11558,
2021-12-24,3725.352783203125,3772.661990637596,3688.667210678033,3744.117698246238,23077,
2021-12-27,3767.896240234375,3832.877893116708,3684.000842755198,3722.1756822418174,25950,
2021-12-28,3724.210693359375,3812.524193583554,3700.183896659814,3794.950888357507,13120,
2021-12-29,3709.56640625,3764.818127350455,3683.454537197581,3747.989454965193,17506,
2021-12-30,3660.71875,3745.805514617101,3628.848329817548,3728.132825845388,11042,
2021-12-31,3687.326904296875,3743.025605086045,3600.602040023798,3660.619471074867,24334,
2022-01-03,3769.981201171875,3807.560480446182,3671.59040955151,3703.311758035009,20343,
2022-01-04,3803.440185546875,3884.009456533557,3752.953922724143,3797.631945613716,22146,
2022-01-05,3750.521240234375,3822.452803605284,3734.139299647495,3815.502889416911,12317,
2022-01-06,3703.510009765625,3760.5489009807575,3684.3977453773336,3750.5213128938153,10290,
2022-01-07,3637.783935546875,3703.26201221804,3623.8841060988248,3629.9900056488455,16132,
2022-01-10,3599.410400390625,3685.4403150988783,3574.2913756263088,3653.6692778997503,18827,
2022-01-11,3714.7294921875,3752.954023912535,3598.467248087084,3629.096612673623,38610,
2022-01-12,3738.11083984375,3781.6469444443615,3715.225715803989,3750.868751715894,19019,
2022-01-13,3740.84130859375,3774.34982617135,3717.459761183067,3772.761177269416,9453,
2022-01-14,3706.587890625,3780.8527371624527,3675.561487692723,3743.025249749912,8830,
2022-01-17,3779.958984375,3815.254668391144,3676.206694258059,3745.01089302489,34562,
2022-01-18,3730.068603515625,3798.624592430162,3693.3830328908007,3798.624592430162,17364,
2022-01-19,3648.4072265625,3712.048683720885,3550.065887476936,3698.3473751676815,50416,
2022-01-20,3724.459228515625,3747.98960484077,3620.905454001136,3673.526235208172,16451,
2022-01-21,3744.31591796875,3767.300179820856,3666.675497380042,3713.239824965552,45409,
2022-01-24,3550.562255859375,3802.447205422132,3475.602464564917,3763.0807589948017,46642,
2022-01-25,3703.75830078125,3744.564324142973,3432.3642860571563,3494.814134861805,51300,
2022-01-27,3706.93505859375,3743.02506566717,3602.041097676524,3673.525926516851,14044,
2022-01-28,3794.901611328125,3896.817048520085,3723.168563668119,3744.713250611121,24669,
2022-01-31,3833.27490234375,3916.723567386331,3791.674796635894,3830.594269505168,30956,
2022-02-01,3804.234375,3893.888325275051,3777.824843938144,3852.486738040572,13760,
2022-02-02,3906.44775390625,3922.730313781442,3802.149345654591,3834.317424390958,55730,
2022-02-03,3872.144775390625,4009.107679970804,3850.2524970100985,3919.751639555407,32561,
2022-02-04,4057.0126953125,4148.354431126205,3890.859995219948,3890.859995219948,115967,
2022-02-07,4058.948486328125,4118.320660040834,3974.010556348287,4075.6283291869872,27391,
2022-02-08,3934.544921875,4090.52095122005,3848.6143904676646,4076.869333967799,32052,
2022-02-09,3898.7529296875,3979.322192999941,3887.6825640786,3954.252860321985,8974,
2022-02-10,3943.72900390625,3971.379832950685,3878.598520082132,3918.262627684969,8702,
2022-02-11,3805.674072265625,3936.630224125814,3708.275885778037,3936.630224125814,33679,
2022-02-14,3661.5126953125,3795.0503374829264,3604.02707121672,3795.0503374829264,28306,
2022-02-15,3747.244873046875,3801.6031314556494,3537.704907907448,3574.241648796118,27025,
2022-02-16,3903.865966796875,4006.1289867816354,3754.9392386637287,3766.0093618307874,37712,
2022-02-17,3942.636962890625,4021.022022731536,3882.222251097749,3941.594427220789,40570,
2022-02-18,3964.429931640625,3994.215280488413,3890.5623634556255,3951.5229471399166,18191,
2022-02-21,3860.18115234375,3963.437026789159,3803.63868111418,3926.701763765312,19280,
2022-02-22,3756.081298828125,3817.48885632232,3683.454787244684,3683.454787244684,18073,
2022-02-23,3934.992431640625,3981.060343899876,3733.097298600544,3733.097298600544,26213,
2022-02-24,3919.156005859375,3931.66594901831,3723.714625521844,3748.9824806800857,57972,
2022-02-25,4242.376953125,4336.746670152744,4031.00012131613,4060.735778599982,156758,
2022-02-28,4259.404296875,4418.110662067945,4186.033150650796,4259.304915420621,135736,
2022-03-02,4221.52685546875,4456.73170356518,4187.819578883495,4249.37595960677,102431,
2022-03-03,4167.3671875,4299.018521394441,4136.688376302526,4289.090072153345,36267,
2022-03-04,4033.283935546875,4224.505977268461,3979.322713470317,4169.94895124135,46012,
2022-03-07,3865.542236328125,3992.5272444620914,3822.452864629808,3971.379599615384,35417,
2022-03-08,4039.588134765625,4060.73578034004,3844.692625729228,3865.5423693446655,36468,
2022-03-09,4030.25537109375,4120.9021593933485,3991.23651785093,4100.449457394115,24230,
2022-03-10,4055.225341796875,4189.7560694169,4022.014728055571,4070.713576947542,19877,
2022-03-11,4033.3330078125,4115.342093164555,4016.35550553028,4054.778554519673,17367,
2022-03-14,3931.6162109375,4053.339095658603,3875.024050231752,3991.236597142224,25232,
2022-03-15,3995.406494140625,4026.8301814172346,3886.7396657023055,3971.379695461837,21169,
2022-03-16,3948.79248046875,4052.64415664734,3932.658750427234,4034.028314291745,15455,
2022-03-17,3976.49267578125,4020.922485296514,3961.5008631464434,3988.257984867384,12346,
2022-03-21,3929.2333984375,4040.729929639245,3896.916248332447,4040.729929639245,14386,
2022-03-22,3892.647216796875,3996.697417901666,3836.749996630658,3931.666072510396,21701,
2022-03-23,3914.390380859375,3961.5008226588993,3817.488622128208,3910.8160422790666,15095,
2022-03-24,3978.974853515625,3996.200809864728,3903.816541421273,3943.580029014335,12323,
2022-03-25,3996.59765625,4071.557444188383,3978.9746597479298,3978.9746597479298,14197,
2022-03-28,3986.868408203125,4069.4728198645976,3936.630355137173,3996.5980951154143,12155,
2022-03-29,3958.075927734375,4019.1358945213055,3936.779208818043,4018.043668076541,9417,
2022-03-30,4048.275390625,4090.5209896154383,3966.862108792848,3969.2945303200536,16975,
2022-03-31,3976.989013671875,4100.39992365771,3952.0190617902863,4080.543025972544,16804,
2022-04-01,3978.875732421875,4011.0935017979054,3943.977087830112,4011.0935017979054,10355,
2022-04-04,4070.21728515625,4095.485382827144,3981.1096940691286,4010.745970130408,14118,
2022-04-05,4102.53466796875,4222.520075762572,4006.228708919335,4060.735799093913,36268,
2022-04-06,4149.09912109375,4189.855213113367,4061.282032156681,4120.306617022987,27064,
2022-04-07,4163.44580078125,4249.326887951463,4122.838054971292,4149.098997506575,21910,
2022-04-08,4187.67138671875,4219.591256560861,4140.163656437363,4160.020556468237,42793,
2022-04-11,4206.43603515625,4275.935184849042,4165.778838670928,4231.405989838356,23574,
2022-04-12,4271.81494140625,4318.875696869795,4125.270924251495,4228.526802981255,23529,
2022-04-13,4252.30517578125,4364.149054636496,4224.554967450198,4318.875231118299,16354,
2022-04-18,4322.74755859375,4378.396809270987,4176.402308981924,4263.0774797582335,25081,
2022-04-19,4355.71044921875,4554.1800701653165,4259.305101593461,4326.570351158253,50320,
2022-04-20,4431.41455078125,4462.837996110028,4363.553502314478,4363.553502314478,19253,
2022-04-21,4500.466796875,4651.478611397854,4458.966071695808,4467.802294832517,49176,
2022-04-22,4488.701171875,4582.922539259223,4447.945083274743,4470.829963951128,54152,
2022-04-25,4373.87939453125,4472.270433879143,4350.249876752139,4457.8741809562325,29136,
2022-04-26,4330.6904296875,4479.31951739624,4290.629037709435,4393.339045004288,10585,
2022-04-27,4452.71044921875,4478.723178553425,4244.411790803789,4318.875155554733,21449,
2022-04-28,4682.30615234375,4706.084982404045,4487.659097144786,4487.659097144786,77950,
2022-04-29,4454.39892578125,4666.371325347571,4389.119369474526,4666.371325347571,36901,
2022-05-02,4447.15185546875,4522.260488462227,4385.049105132384,4412.203514901014,31536,
2022-05-04,4368.51708984375,4537.2013232418085,4305.967867875533,4517.344427378882,28624,
2022-05-05,4337.888671875,4452.90986306578,4299.01888675024,4388.57370043084,19726,
2022-05-06,4279.3603515625,4356.5540437942045,4257.31900050865,4313.911160729964,16443,
2022-05-09,4468.59619140625,4555.172461752132,4162.551746912986,4219.59088109123,49494,
2022-05-10,4389.71484375,4489.644584797776,4306.017728795552,4431.0667363893135,22636,
2022-05-11,4454.74658203125,4514.614940229601,4367.525053843866,4367.525053843866,27903,
2022-05-12,4165.33203125,4457.973071361722,4125.270641778467,4457.87368991223,48436,
2022-05-13,4167.71484375,4289.2889004765775,4102.484737326039,4197.748403162408,19886,
2022-05-16,4065.0048828125,4289.0899260732685,4026.532143313579,4219.143809636987,53128,
2022-05-17,4504.78564453125,4567.0866636935925,4072.00463785745,4100.449548055334,73771,
2022-05-18,4333.81787109375,4448.144360614705,4294.054622779352,4447.945597699769,24668,
2022-05-19,4341.51171875,4400.288327143092,4169.948324458706,4289.089705157527,17362,
2022-05-20,4386.63671875,4457.873336091779,4358.588851991739,4412.20247340576,16895,
2022-05-23,4413.39453125,4523.103897369751,4349.107821238653,4418.159993057821,16664,
2022-05-24,4442.7822265625,4596.027935972122,4416.621150912705,4431.612721281734,17335,
2022-05-25,4251.75927734375,4479.517820509693,4221.5768866824665,4447.945543823483,12079,
2022-05-26,4096.47802734375,4310.684312947098,4061.728456098711,4269.23303867623,26782,
2022-05-27,4066.39501953125,4365.5392519081,3993.0238745701818,4130.284446726382,44998,
2022-05-30,4475.447265625,4646.464804081872,4292.664417840723,4470.036066864751,328201,
2022-05-31,4833.9140625,5007.810766168283,4418.160221437741,4475.745231065469,536716,
2022-06-01,5089.67041015625,5206.478512472658,4866.032102579121,4866.032102579121,413942,
2022-06-02,5443.66943359375,6095.968560255221,5093.294550644364,5103.223000060824,1424219,
2022-06-03,4991.82568359375,5701.362720328233,4853.870167616413,5510.289514335044,1126488,
2022-06-06,5125.4130859375,5336.541461886047,4991.031428632774,5111.06628288308,255758,
2022-06-07,5011.28515625,5132.01519075754,4984.081303463504,5108.186913609507,91393,
2022-06-08,4859.8271484375,5083.26670812791,4845.083304130328,5062.516345852569,63578,
2022-06-09,4708.36865234375,4874.868952856347,4697.149697752216,4874.868952856347,71147,
2022-06-10,4721.02734375,4823.240928691968,4636.586071838512,4696.156770834296,72069,
2022-06-13,4738.10400390625,4786.505192064966,4576.022076379885,4696.15630750203,77963,
2022-06-14,4795.68896484375,4844.636023341508,4731.7993000817405,4785.412923414189,57492,
2022-06-15,4982.84033203125,5123.079673879203,4842.799753077924,4864.940000389165,163759,
2022-06-16,4991.97509765625,5113.151633223731,4905.994625662388,5073.437834130731,107443,
2022-06-17,4817.234375,4974.053948079544,4758.110165809327,4964.224879775106,57456,
2022-06-20,4512.1328125,4874.868820577252,4390.856895927271,4874.868820577252,118498,
2022-06-21,4662.15185546875,4763.620807224154,4582.178385547763,4593.993143955219,59650,
2022-06-22,4672.87451171875,4711.099044798586,4595.8795747158365,4674.910134872187,39546,
2022-06-23,4706.48193359375,4755.8759680676185,4677.292390078262,4709.956890792916,31261,
2022-06-24,4731.55126953125,4775.584038444062,4661.456321614456,4726.587044959063,31181,
2022-06-27,4772.60595703125,4855.012092756982,4740.83491675145,4770.620267013763,71444,
2022-06-28,4934.58837890625,4964.22489850786,4775.6837338200485,4803.384011796205,59897,
2022-06-29,4790.17919921875,4912.596787000812,4779.55556439408,4912.596787000812,38495,
2022-06-30,4763.5703125,4862.9047327762655,4745.798486255838,4820.261851625961,24366,
2022-07-01,4799.26416015625,4863.3026661248505,4745.799357052848,4770.074612532739,25788,
2022-07-04,4834.50927734375,4862.160104003118,4801.298422440324,4833.069458363469,16942,
2022-07-05,4914.23486328125,5058.5449723549145,4856.153434256174,4866.826517367619,80141,
2022-07-06,4861.4150390625,4935.083831201155,4815.297204906696,4914.532235034151,35306,
2022-07-07,4914.4833984375,4992.024690366707,4888.8681911967205,4899.640656469769,49523,
2022-07-08,5114.44189453125,5256.816245338257,4940.197609297946,4953.7997787554,198534,
2022-07-11,5281.14111328125,5315.29488300034,5086.096526673804,5130.873931396287,103934,
2022-07-12,5053.9775390625,5262.077925291932,5030.397472887843,5262.077925291932,67825,
2022-07-13,5045.7373046875,5212.435871112814,4987.060072495175,5093.294479773093,46519,
2022-07-14,4922.57470703125,5106.747445128997,4894.725600118021,5063.906282523612,42446,
2022-07-15,4979.86181640625,5027.96534581544,4900.037183255788,4967.798847806399,55637,
2022-07-18,4947.44580078125,5077.359660325375,4929.475210107131,5018.731874758604,79831,
2022-07-19,5042.95654296875,5106.647926540515,4954.295693707782,4961.74202992077,53477,
2022-07-20,5074.67919921875,5207.521671355153,5055.566932241991,5113.747748411883,58317,
2022-07-21,5045.58837890625,5187.515267766792,5023.94406901881,5106.2013666820585,49470,
2022-07-22,5130.27783203125,5150.879363796627,5003.987766282203,5078.401685778672,35802,
2022-07-25,5094.08837890625,5177.0408605208095,5073.437399063826,5113.151194751215,31577,
2022-07-26,5107.24365234375,5176.693347536131,5092.84740118547,5121.094032717944,21676,
2022-07-27,5145.12109375,5172.72198837178,5086.34448108035,5086.34448108035,64879,
2022-07-28,5410.70703125,5440.790037726058,5182.650364403288,5191.685349927095,114240,
2022-07-29,5347.95947265625,5524.785260151237,5269.772930658352,5500.361176741042,55601,
2022-08-01,5475.93701171875,5490.432645135394,5347.9593929515,5406.984219914145,60892,
2022-08-02,5656.13818359375,5679.072998429536,5381.567112173865,5461.044154888959,107604,
2022-08-03,5598.35546875,5713.8231519100445,5560.031553605904,5639.359774604527,58899,
2022-08-04,5628.23876953125,5708.709136608136,5522.252580329322,5624.466152964133,37109,
2022-08-05,5643.67822265625,5753.238758568236,5609.276242497565,5658.173855714673,35680,
2022-08-08,5785.40673828125,5842.941810602191,5609.970846759886,5659.216051817423,59955,
2022-08-10,6689.640625,6795.97441899045,6361.306597202696,6751.345843360847,680435,
2022-08-11,6481.2119140625,6659.964000418835,6412.414957859603,6659.964000418835,163687,
2022-08-12,6173.61474609375,6506.812185431443,6143.98858753215,6481.212232983392,161268,
2022-08-16,6165.71142578125,6242.411769531663,6090.0052549516095,6233.315184393792,114432,
2022-08-17,6176.59716796875,6325.922130974251,6119.283197658388,6207.615556467582,123345,
2022-08-18,6235.154296875,6292.120209192428,6166.7053964376855,6205.627167922125,58427,
2022-08-19,6100.29443359375,6269.353826631235,6036.617853473843,6268.210624882548,81792,
2022-08-22,6064.55419921875,6179.1326258462905,6014.746039883919,6092.29152601796,68020,
2022-08-23,6190.86376953125,6213.5807177224415,6025.433493589806,6064.454780497104,89966,
2022-08-24,6184.5009765625,6232.469818280804,6116.15159069445,6232.469818280804,52607,
2022-08-25,6149.80419921875,6251.507887234859,6132.05811682266,6193.696833301747,54877,
2022-08-26,6183.109375,6207.019039272837,6147.965265600548,6168.643867921057,30253,
2022-08-29,6104.4208984375,6127.932991450918,5970.555123321321,6030.653071896672,38636,
2022-08-30,6145.4794921875,6200.158999114672,6095.025219886519,6163.871689972095,34598,
2022-09-01,6045.1181640625,6188.329069413956,6007.48910608503,6163.872317647057,54834,
2022-09-02,6108.6953125,6158.90104336195,6020.064896590308,6089.308941177069,40276,
2022-09-05,6086.37548828125,6178.784045615721,6069.425035958806,6115.156985451697,29121,
2022-09-06,6228.6923828125,6326.46890130667,6086.326626259729,6131.06440773338,79618,
2022-09-07,6429.31591796875,6449.199375268793,6176.746495789348,6226.504653508317,197594,
2022-09-08,6465.20556640625,6660.908589272756,6382.589705375644,6449.199286413053,156842,
2022-09-09,6485.28759765625,6607.272801267212,6437.368757256517,6531.616149835085,58808,
2022-09-12,7056.14208984375,7145.071049067318,6529.827058736049,6540.6634461545655,267416,
2022-09-13,6921.7294921875,7118.128631464935,6882.658693058808,7108.335931730532,135557,
2022-09-14,7154.068359375,7286.044815004104,6712.854609984833,6760.375881566148,196333,
2022-09-15,6938.43212890625,7205.516579303427,6911.489946440954,7155.062305025251,93895,
2022-09-16,6949.2685546875,7125.237157574436,6800.142620037554,6958.166596296008,314631,
2022-09-19,6881.0185546875,7012.945004498618,6839.909409044492,6949.268425758866,61891,
2022-09-20,6921.87939453125,7100.97954777896,6856.363011194554,6932.815296577789,41160,
2022-09-21,6861.2841796875,7027.857652731343,6803.37360901927,6943.8500437791445,42678,
2022-09-22,7005.93603515625,7026.764150422804,6822.461630879082,6849.850898570536,54984,
2022-09-23,7046.44873046875,7176.9339191215695,6977.204687444181,7006.930359048181,70053,
2022-09-26,6965.72216796875,7028.802634727802,6636.153840753436,7013.890040736158,81172,
2022-09-27,7042.32373046875,7137.167734491801,6970.444733648737,7055.645551147557,71562,
2022-09-28,7077.81494140625,7113.307108153823,6939.326850442164,7027.808238649808,43664,
2022-09-29,6850.6962890625,7203.876204776704,6809.98471544125,7138.161280303981,54276,
2022-09-30,6936.94091796875,6987.693250294298,6691.280697509644,6878.682288993273,57629,
2022-10-03,6593.50390625,6936.344538540842,6526.745291030619,6936.344538540842,111892,
2022-10-04,6602.4013671875,6827.979088260818,6521.873366874581,6827.979088260818,73547,
2022-10-06,6629.791015625,6686.707414176847,6531.964499306054,6686.707414176847,48326,
2022-10-07,6839.56103515625,6869.634763361953,6551.648485560909,6626.161933587106,58448,
2022-10-10,6809.8359375,6879.676584911858,6670.900272363955,6670.900272363955,33706,
2022-10-11,6786.82080078125,6919.44336825222,6731.097118601479,6810.084349501108,27554,
2022-10-12,6802.03125,6889.12089034343,6756.846384400898,6786.820599290594,20854,
2022-10-13,7031.23828125,7080.499353993661,6793.481445202872,6805.908606383006,72349,
2022-10-14,7007.02978515625,7130.207704605678,6964.727438982378,7086.46409905595,34859,
2022-10-17,7005.240234375,7278.48875003461,6890.66180890485,7007.03003683699,77005,
2022-10-18,6866.10595703125,7137.167095287434,6815.601683538072,7057.633265001461,58696,
2022-10-19,6768.67724609375,6904.530877503433,6760.375805186947,6904.530877503433,35703,
2022-10-20,6740.0947265625,6840.357161159666,6673.336113051835,6780.259214853614,30890,
2022-10-21,6684.47021484375,6846.868447683684,6648.083391288542,6770.317137901247,24715,
2022-10-24,6794.02880859375,6831.956408974884,6692.573169320523,6738.355124236562,8135,
2022-10-25,6716.68115234375,6828.028509277169,6691.777317132575,6822.013957831487,14355,
2022-10-27,6658.9697265625,6790.200542314403,6632.127059704156,6767.185538002682,34099,
2022-10-28,6317.12353515625,6692.274770102493,6295.102702858053,6692.274770102493,67808,
2022-10-31,5707.74560546875,6293.114410487926,5656.843759190569,6265.52611271683,337944,
2022-11-01,5612.00634765625,5764.214311435542,5578.950099664661,5661.764991157805,121339,
2022-11-02,5975.177734375,6014.745618816969,5640.588577326181,5640.588577326181,203909,
2022-11-03,6210.74755859375,6248.377102511513,5945.601919347833,5965.037806693568,147683,
2022-11-04,5943.0166015625,6287.845570999666,5896.439503842187,6213.580660767774,124546,
2022-11-07,5868.05615234375,6004.804443467185,5797.121817335792,6004.804443467185,53501,
2022-11-09,5720.1728515625,5924.276355280204,5696.610759482392,5924.276355280204,81163,
2022-11-10,5903.845703125,6059.185204303512,5735.33341224655,5738.414959601178,188168,
2022-11-11,6152.58837890625,6710.667465918384,6085.332675390582,6561.541522231309,319248,
2022-11-14,6081.0078125,6205.627487537019,6015.789970590237,6182.761509931548,71306,
2022-11-15,6013.2548828125,6104.221704632347,5977.017085847573,6104.221704632347,43432,
2022-11-16,6174.0126953125,6203.439824601421,5933.223826413356,6034.629461516265,115929,
2022-11-17,6079.81494140625,6195.138999436141,6064.504290181074,6148.959473404085,36633,
2022-11-18,5922.88427734375,6172.769720662224,5879.190186344758,6111.727119229704,59378,
2022-11-21,5977.912109375,6003.014974999829,5865.669601064106,5922.884542492387,34235,
2022-11-22,6067.33740234375,6114.163040767553,5983.926397134943,5983.926397134943,29147,
2022-11-23,6084.83544921875,6132.704778956137,6014.746257294901,6067.3379084739645,25010,
2022-11-24,6051.5302734375,6130.666531156471,6035.623507481364,6084.835064658159,15675,
2022-11-25,6043.67626953125,6080.460664981305,6026.924359921532,6029.857364003421,17292,
2022-11-28,6088.3642578125,6118.786045158723,6029.658543170042,6073.402150078447,29919,
2022-11-29,6097.90869140625,6122.067384852584,6069.4257340657705,6095.274230230506,20161,
2022-11-30,6207.7646484375,6285.161106188535,6014.845590372749,6099.250772930506,55121,
2022-12-01,6121.52001953125,6261.3008241243015,6096.268125362054,6235.452329137444,34154,
2022-12-02,6070.02197265625,6143.988337103112,6056.35209569263,6143.988337103112,61879,
2022-12-05,6138.76904296875,6183.755366171201,6085.4317645904985,6114.163263979564,46871,
2022-12-06,6075.73876953125,6163.375015310347,6050.536388931168,6163.375015310347,17834,
2022-12-07,6004.75439453125,6096.168295228687,5989.8913165092645,6064.503793422688,13661,
2022-12-08,5989.54345703125,6079.864158948876,5967.02553871493,6019.716700586288,17031,
2022-12-09,5972.7421875,6031.6964457776485,5956.089791571304,5994.862534330657,17289,
2022-12-12,5782.45751953125,5934.018883612207,5766.202695878948,5905.386898882923,72333,
2022-12-13,5733.09716796875,5820.882442569568,5716.693314800108,5820.882442569568,43424,
2022-12-14,5758.2001953125,5791.007902567839,5728.673064608292,5732.401213160035,22807,
2022-12-15,5759.24365234375,5810.642585828723,5733.544185601264,5788.074666657227,55580,
2022-12-16,5759.392578125,5808.952193757259,5732.450395730458,5739.062033794883,19132,
2022-12-19,5741.099609375,5796.425230849082,5726.485074448582,5759.392292548859,12858,
2022-12-20,5717.14013671875,5790.013299592756,5653.861130420806,5746.915808448283,26050,
2022-12-21,5663.10693359375,5770.179549807123,5648.89045520401,5736.377670983305,20132,
2022-12-22,5568.76025390625,5694.970703830755,5467.951214065053,5676.727533147537,40181,
2022-12-23,5436.03759765625,5564.335894460472,5408.3002723905565,5563.93783697403,35833,
2022-12-26,5618.9658203125,5651.873040998123,5380.612863130565,5463.228729735257,27855,
2022-12-27,5616.67919921875,5754.471657456369,5592.271963756278,5666.735900807561,21765,
2022-12-28,5568.31298828125,5627.018704799148,5547.484871515768,5627.018704799148,38463,
2022-12-29,5621.9482421875,5726.435911195999,5478.9863731622445,5533.1187963736775,23589,
2022-12-30,5707.44677734375,5755.266588179679,5669.071608516407,5669.071608516407,17931,
2023-01-02,5661.26806640625,5775.150377963604,5631.989480317408,5750.395569832814,17695,
2023-01-03,5613.9453125,5686.66896272457,5578.304117106217,5685.625275358603,15168,
2023-01-04,5576.06689453125,5622.1469025721335,5537.542697131992,5614.094005512453,49959,
2023-01-05,5536.7978515625,5616.977805061732,5491.811524358082,5592.272509498732,18409,
2023-01-06,5544.154296875,5578.453262489069,5490.817017000031,5578.453262489069,12376,
2023-01-09,5675.78271484375,5705.558387972632,5542.514029089984,5542.514029089984,23764,
2023-01-10,5653.91064453125,5714.356646485249,5617.126248221721,5687.663007751816,10890,
2023-01-11,5634.22607421875,5725.988033937416,5590.233925683891,5666.785234998787,9649,
2023-01-12,5639.19677734375,5691.639393590369,5596.695889295542,5662.013237733482,11658,
2023-01-13,5602.263671875,5663.802875825829,5551.461340812959,5663.802875825829,16788,
2023-01-16,5526.955078125,5630.249542907417,5519.6478103954405,5630.249542907417,11294,
2023-01-17,5468.54736328125,5565.330188864243,5448.0673051564245,5526.955019153137,17283,
2023-01-18,5488.033203125,5521.536537167148,5468.895375614711,5495.936586081956,8296,
2023-01-19,5468.00048828125,5502.448967765046,5453.038380245492,5495.638786283194,8795,
2023-01-20,5435.09375,5501.752849017989,5415.259806396998,5494.793638692163,10899,
2023-01-23,5245.0078125,5452.889468340695,5223.981152209694,5435.640470993461,39030,
2023-01-24,5271.65087890625,5418.24185501116,5239.539291077535,5279.80329018358,29092,
2023-01-25,5262.703125,5298.19528741771,5225.471645653348,5298.046258587906,10972,
2023-01-27,5160.900390625,5273.19241032689,5149.815460225415,5269.116204477742,24185,
2023-01-30,4999.84423828125,5161.794896735556,4931.0972835225575,5161.745382267967,73433,
2023-01-31,4964.6513671875,5011.128954454787,4951.478575074311,5011.128954454787,37165,
2023-02-01,4898.09130859375,5090.116210574075,4862.003023115958,4964.899927909435,33493,
2023-02-02,4889.93896484375,4980.20967076131,4864.040469315686,4899.18457871842,17518,
2023-02-03,4821.78759765625,4941.038819269535,4796.883763174146,4931.097091262956,24104,
2023-02-06,4695.03125,4845.4994224015545,4680.566227816135,4821.788300562141,44472,
2023-02-07,4926.52392578125,5119.990054843699,4653.722999363758,4653.722999363758,56033,
2023-02-08,5086.78515625,5123.569553542934,4946.059691020442,4969.820811674666,42889,
2023-02-09,5013.5146484375,5213.442924811426,4985.926349207234,5136.891608028343,27075,
2023-02-10,4736.2890625,4975.785694996689,4723.315300733623,4970.864345120631,125882,
2023-02-13,4586.11962890625,4764.076579605192,4573.195381090126,4743.198948517606,93532,
2023-02-14,4531.986328125,4711.335493743462,4395.337564864835,4558.282393467804,96528,
2023-02-15,4747.970703125,4771.035708392267,4473.778013703938,4473.778013703938,220687,
2023-02-16,4714.5166015625,4766.164074396319,4696.273432995026,4738.227720709894,38688,
2023-02-17,4799.220703125,4841.622080728369,4656.506890366781,4672.563171242015,101655,
2023-02-20,4932.83740234375,4956.846580868302,4777.000799770589,4804.489583456265,45639,
2023-02-21,4989.85302734375,5019.578698345394,4912.953660635442,4955.951636215445,38931,
2023-02-22,4821.68896484375,4970.864411663377,4777.994872490838,4970.864411663377,33845,
2023-02-23,4760.646484375,4817.662397735351,4728.634407999357,4817.662397735351,16234,
2023-02-24,4760.84521484375,4831.680030099843,4749.859799073153,4784.953906351964,19171,
2023-02-27,4679.8701171875,4779.287411843925,4660.980831202779,4779.287411843925,19413,
2023-02-28,4598.24853515625,4733.853617025626,4564.297143425019,4690.50758296991,37276,
2023-03-01,4613.11083984375,4684.542252905311,4573.194898846441,4573.194898846441,20429,
2023-03-02,4515.0361328125,4636.623281816127,4499.626453178327,4636.623281816127,44517,
2023-03-03,4479.5439453125,4570.212705672962,4468.807072438539,4553.311766800558,43298,
2023-03-06,4490.2314453125,4590.990966442828,4468.807213358336,4481.532432383271,102790,
2023-03-08,4488.93896484375,4531.390339749839,4453.89437185095,4472.734141549124,41743,
2023-03-09,4483.67041015625,4531.34071099796,4473.778195305562,4511.357737971728,17056,
2023-03-10,4467.216796875,4496.992471971245,4443.953246096733,4468.807570739332,16898,
2023-03-13,4302.58154296875,4470.298715528491,4289.5582655389735,4374.361024869422,48913,
2023-03-14,4220.36328125,4324.651916588116,4180.4968527018455,4324.602402119783,45296,
2023-03-15,4254.26513671875,4324.652388312744,4236.519052245022,4324.652388312744,28380,
2023-03-16,4177.06689453125,4255.010437133708,4167.572737645405,4254.264807469291,20691,
2023-03-17,4113.48974609375,4218.374983422199,4062.2400863247353,4218.374983422199,50057,
2023-03-20,4103.99560546875,4273.850157412131,4072.331584176548,4113.539763232686,42479,
2023-03-21,4046.4326171875,4165.534818494194,4016.458402189051,4165.534818494194,61989,
2023-03-22,4380.62353515625,4462.642793415964,4026.399950931406,4061.195999890072,250487,
2023-03-23,4476.01513671875,4506.536440271189,4335.588208391464,4384.302682643053,159474,
2023-03-24,4253.36962890625,4473.777950088325,4225.234730638974,4473.777950088325,60499,
2023-03-27,4180.09912109375,4279.864460310763,4146.048702130656,4264.0072097141565,37041,
2023-03-28,4150.671875,4248.895963759736,4125.8175523952095,4180.09949005127,31506,
2023-03-29,4263.65966796875,4328.977024085529,4144.756487650067,4150.672010797942,72965,
2023-03-31,4281.80322265625,4354.477359696371,4240.147474681513,4330.269152173419,37214,
2023-04-03,4312.02587890625,4354.427740986824,4287.867671868861,4329.573418752481,17992,
2023-04-05,4317.39501953125,4340.608569325094,4244.521851787584,4340.559054852511,32426,
2023-04-06,4281.50537109375,4364.419298957122,4269.92335318486,4324.652380515599,26552,
2023-04-10,4328.77783203125,4342.54722377258,4268.779400476407,4322.067164961546,21538,
2023-04-11,4307.65185546875,4364.419227704454,4260.0310684996775,4328.629001691388,33137,
2023-04-12,4468.1611328125,4516.527547988039,4307.552207305369,4336.582250566548,126142,
2023-04-13,4463.14013671875,4512.501208788569,4417.806241529181,4478.699330711726,25056,
2023-04-17,4469.751953125,4484.664546989314,4399.264704444215,4472.783986369678,19416,
2023-04-18,4497.1904296875,4513.544767347097,4431.077934747284,4483.122980858842,40054,
2023-04-19,4430.482421875,4497.191041251766,4405.180525068452,4497.191041251766,16952,
2023-04-20,4266.74169921875,4434.01129574547,4226.27866653833,4434.01129574547,51185,
2023-04-21,4304.5693359375,4344.932850023753,4252.176718926889,4324.651821328163,32135,
2023-04-24,4330.5673828125,4354.775103152616,4276.931563842831,4310.2363540308215,13695,
2023-04-25,4295.87060546875,4365.115136142933,4281.0080119096,4334.593834008889,18528,
2023-04-26,4286.02880859375,4321.620493062143,4277.826881388279,4295.871024153109,12238,
2023-04-27,4316.30126953125,4328.9769743287125,4277.975611999677,4294.827037257762,11107,
2023-04-28,4398.8173828125,4406.770765781764,4330.617026763873,4330.617026763873,17811,
2023-05-02,4459.4619140625,4492.021075491504,4429.040127212633,4434.010991552939,28942,
2023-05-03,4458.1689453125,4483.222294341608,4431.574822599641,4459.5111756954775,15966,
2023-05-04,4473.67822265625,4492.46799206457,4445.940897773877,4458.219029317128,22206,
2023-05-05,4425.46142578125,4572.002423286941,4406.224081880122,4518.665140964994,58677,
2023-05-08,4432.52001953125,4471.789850364823,4407.168609752614,4468.807331567336,25785,
2023-05-09,4466.76904296875,4478.748631482351,4430.034162460678,4430.034162460678,19815,
2023-05-10,4503.9013671875,4521.448907503723,4445.941280359006,4488.690715747073,23747,
2023-05-11,4495.05322265625,4547.297299460485,4464.97949263408,4533.378878954357,25904,
2023-05-12,4473.47998046875,4498.632360597809,4438.932472285153,4495.053241080081,12891,
2023-05-15,4430.23388671875,4473.480411925357,4418.104782026622,4472.784296655665,20737,
2023-05-16,4422.330078125,4458.865936130079,4411.791747164219,4458.865936130079,13746,
2023-05-17,4453.1982421875,4473.728299839703,4383.755657129737,4457.871048745717,18930,
2023-05-18,4421.037109375,4473.777784414661,4404.185685545988,4469.801093050737,21215,
2023-05-19,4406.67138671875,4433.5140550642445,4385.2966693325225,4423.025725125863,13664,
2023-05-22,4355.9189453125,4409.107194222311,4324.652014162156,4409.107194222311,20355,
2023-05-23,4456.72802734375,4474.076052974981,4359.497627651344,4378.784970024238,24591,
2023-05-24,4477.6552734375,4501.167365677975,4446.537855520726,4478.798475197102,23711,
2023-05-25,4435.9501953125,4794.349544343817,4394.244445820859,4573.195577098632,291842,
2023-05-26,4446.88623046875,4500.521571543306,4424.069766375616,4455.485729668994,34297,
2023-05-29,4444.35009765625,4481.73109294547,4430.083620537169,4473.777710349293,29695,
2023-05-30,4466.61962890625,4478.9477607126,4431.077949179769,4468.807003371497,22926,
2023-05-31,4470.74609375,4490.082465726096,4444.947112376726,4490.082465726096,18323,
2023-06-01,4478.99755859375,4505.542169795939,4467.166997904518,4470.746117512319,28558,
2023-06-02,4472.734375,4522.144477005066,4463.836333345996,4498.632384942233,28807,
2023-06-05,4741.8564453125,4772.029688450625,4518.515611251686,4533.378689559891,213158,
2023-06-06,4917.17919921875,4946.209242284611,4748.12029051665,4791.913412906262,174397,
2023-06-07,4971.75927734375,4989.753904351004,4811.100835776949,4985.777212655965,116099,
2023-06-08,5031.95703125,5095.136530048187,4958.586773955691,4980.806637178813,96712,
2023-06-09,5005.06396484375,5077.986644352415,4970.864514074117,5068.193944172492,43369,
2023-06-12,4894.06494140625,5048.261264670307,4876.418371356996,5048.261264670307,66848,
2023-06-13,4850.42041015625,4931.097441573837,4828.697635831477,4921.106198391812,49883,
2023-06-14,4901.2724609375,4943.027723282201,4791.913440510903,4871.447273548428,46553,
2023-06-15,4902.216796875,4970.267637029247,4871.446953068479,4969.870064977414,46658,
2023-06-16,4888.6962890625,4927.021460827205,4869.11088842895,4902.167137909499,26786,
2023-06-19,4875.47314453125,4934.576914318862,4855.540173170811,4901.272124023771,27680,
2023-06-20,4861.306640625,4898.190553731478,4831.680481231359,4875.573119380035,19433,
2023-06-21,4769.0966796875,4906.78961952133,4747.175362502058,4861.505240342422,60185,
2023-06-22,4814.8291015625,4836.651391945166,4779.535961909046,4801.805824292709,26853,
2023-06-23,4799.3203125,4831.680447246976,4728.535005600499,4831.6309327748,26996,
2023-06-26,4838.490234375,4848.580991720032,4777.100060858758,4798.872349196759,21374,
2023-06-27,4837.49658203125,4875.424183270263,4821.7388435686735,4875.424183270263,14859,
2023-06-28,4899.880859375,4921.156063248103,4803.843656083805,4874.230906207981,36432,
2023-06-30,4859.666015625,4946.010026440098,4848.481570841593,4946.010026440098,26069,
2023-07-03,4869.21044921875,4921.056470232057,4857.528917336085,4885.216730417516,27991,
2023-07-04,4854.19873046875,4885.366151292838,4809.908517227598,4885.366151292838,17796,
2023-07-05,4813.63623046875,4879.35115730419,4799.817324023414,4871.397773976112,18169,
2023-07-06,4798.17626953125,4835.159694016609,4781.97144612314,4813.63594873196,16248,
2023-07-07,4780.72900390625,4827.703674129191,4772.029990902001,4811.796907492852,23051,
2023-07-10,4728.03759765625,4795.591837934983,4710.19200057424,4795.591837934983,18271,
2023-07-11,4682.05712890625,4742.204587510949,4673.606659515507,4742.204587510949,24137,
2023-07-12,4648.45458984375,4719.23941160729,4635.380827389882,4699.405952800752,90167,
2023-07-13,4602.72265625,4662.7706047617285,4595.067330434675,4662.67109038049,22736,
2023-07-14,4653.5244140625,4669.580695084136,4593.078894645033,4614.950698905248,19199,
2023-07-17,4781.47412109375,4850.072044860352,4672.761227428622,4712.379110923043,61949,
2023-07-18,4754.8310546875,4811.796969260753,4707.458326341743,4811.796969260753,24205,
2023-07-19,4743.59619140625,4796.585895036667,4714.616150209167,4772.029631715748,13174,
2023-07-20,4715.46142578125,4752.046793137494,4712.379392804247,4743.596323762212,15283,
2023-07-21,4680.2177734375,4712.329848119247,4653.723163770903,4689.9109588352285,15248,
2023-07-24,4662.521484375,4707.408289989613,4647.757920950674,4707.358775523126,19027,
2023-07-25,4638.61181640625,4692.446668378208,4622.904078443143,4692.446668378208,14868,
2023-07-26,4689.3642578125,4751.99714673746,4649.0007434181125,4672.612348369982,21317,
2023-07-27,4435.99951171875,4622.904018263601,4424.069436832909,4424.069436832909,190541,
2023-07-28,4449.66943359375,4472.734439444263,4406.720969401757,4429.0403455644655,38047,
2023-07-31,4487.64697265625,4504.497912111716,4443.952879365941,4448.923743884247,24793,
2023-08-01,4480.88623046875,4531.440018858924,4473.777991414033,4531.440018858924,33842,
2023-08-02,4494.85498046875,4523.43745306584,4452.155057666691,4493.661778742466,26062,
2023-08-03,4561.41455078125,4613.012030108152,4477.456935912393,4512.551047083227,34010,
2023-08-04,4574.93505859375,4606.947619560496,4545.457929737054,4606.947619560496,14939,
2023-08-07,4623.10302734375,4637.816592132605,4548.341030869597,4574.885641552018,19438,
2023-08-08,4570.46142578125,4632.845776092365,4553.311943026401,4622.904046959119,17408,
2023-08-09,4562.80615234375,4594.42114261054,4553.162966235841,4594.42114261054,11546,
2023-08-10,4556.89111328125,4586.815815392326,4547.34695611999,4563.303237381911,11231,
2023-08-11,4577.02294921875,4603.418045230636,4545.109902414812,4558.282693185742,11225,
2023-08-14,4584.64306640625,4610.143839946511,4532.346757663973,4602.075169320342,13672,
2023-08-16,4561.7822265625,4592.064670808817,4548.28499193617,4584.643380505086,12267,
2023-08-17,4523.1328125,4577.172333521445,4513.420640519187,4561.782081827892,13336,
2023-08-18,4500.91943359375,4542.308032625781,4487.521422583146,4542.308032625781,17439,
2023-08-21,4528.46240234375,4542.258765194944,4492.651684512547,4527.316961324375,13967,
2023-08-22,4542.009765625,4593.808019390742,4503.459716825372,4541.312286884953,18886,
2023-08-23,4536.53076171875,4579.015190524903,4528.013642266169,4562.628818852387,13830,
2023-08-24,4520.34423828125,4569.602094503273,4515.413248319673,4536.331774288063,14470,
2023-08-25,4509.6357421875,4572.191898664603,4504.306401629554,4520.344034760625,15784,
2023-08-28,4695.4619140625,4731.571273783479,4512.424814787192,4512.424814787192,117266,
2023-08-29,4793.28076171875,4809.268296276543,4724.149631150809,4756.473925998445,67869,
2023-08-30,4822.16845703125,4879.79362364623,4800.303423269055,4821.221948251136,39387,
2023-08-31,4776.6455078125,4847.519364527285,4756.972133373358,4847.469753070778,19963,
2023-09-01,4798.70947265625,4826.252099588762,4781.377078025772,4826.252099588762,22441,
2023-09-04,4851.10546875,4868.487961134235,4813.800571976648,4856.086069847279,30976,
2023-09-05,4874.86328125,4919.29034257514,4856.186026185074,4876.008722283279,26120,
2023-09-06,4920.1865234375,4940.706697319863,4859.721831313672,4881.736185531351,30561,
2023-09-07,4932.08984375,4960.678688578264,4882.034802765852,4960.678688578264,24251,
2023-09-08,4964.66357421875,4971.586804857127,4917.945629435357,4960.6790930195375,29646,
2023-09-11,4995.94140625,5008.492618681582,4934.381369334067,4965.659447917201,27739,
2023-09-12,4909.47802734375,5020.346009069592,4768.974983810196,5008.492276178591,50385,
2023-09-13,4905.84228515625,4961.625015351214,4822.018382727051,4871.027690238778,18954,
2023-09-14,4891.498046875,4960.678792053859,4861.813858296561,4955.10042143603,11927,
2023-09-15,4970.4404296875,4978.60880996486,4873.567739257512,4940.656532683562,19709,
2023-09-18,5072.044921875,5139.880808544895,4943.944246140439,4970.640074430337,74810,
2023-09-20,5085.09423828125,5144.861454119664,5068.259903097467,5090.174548904884,33025,
2023-09-21,4960.1806640625,5053.766353825319,4945.736920789299,5050.379155948347,30506,
2023-09-22,4896.2294921875,4965.061496236351,4849.511551439065,4943.744620939044,28456,
2023-09-25,4918.5927734375,4944.59160928744,4885.969835190306,4908.880600982228,11265,
2023-09-26,4878.34912109375,4949.621323376928,4843.683847990414,4930.844361244303,16802,
2023-09-27,4902.75439453125,4940.756283588339,4841.1938731979935,4841.1938731979935,13834,
2023-09-28,4802.54443359375,4937.917069222873,4771.415677866541,4902.7542213081415,48722,
2023-09-29,4776.49609375,4850.656951203093,4766.4351823990255,4850.109279644901,31174,
2023-10-03,4846.224609375,4874.912677332532,4781.377085377206,4781.377085377206,29131,
2023-10-04,4906.041015625,4951.5138027885205,4786.307666497739,4826.202083593784,18296,
2023-10-05,4923.3740234375,4950.717719278799,4865.947787411767,4950.717719278799,14451,
2023-10-06,4902.05712890625,4949.323229881726,4869.135548809663,4938.714646371301,13381,
2023-10-09,4885.8701171875,4901.907750490655,4767.531226036427,4781.377200234739,22211,
2023-10-10,4825.5048828125,4909.229077324588,4802.295476743265,4885.869864116132,20204,
2023-10-11,4882.6826171875,4895.881209941011,4833.125636848846,4833.125636848846,18638,
2023-10-12,4876.80517578125,4923.324184583844,4834.121813487693,4880.989075257629,15469,
2023-10-13,4876.955078125,4894.735435279634,4859.074525282275,4876.805270979699,10141,
2023-10-16,4853.6455078125,4877.353461488266,4821.221988375167,4876.00860187943,24944,
2023-10-17,4842.041015625,4925.814829209042,4831.183401752043,4876.00881475799,25258,
2023-10-18,4802.3955078125,4861.017282696638,4786.357874265479,4861.017282696638,16798,
2023-10-19,4787.55322265625,4796.368497543021,4750.4973557105695,4772.412000672959,10704,
2023-10-20,4732.41796875,4791.238674731055,4711.6487643401815,4771.415979109824,13589,
2023-10-23,4639.92822265625,4758.914983590615,4631.959260487669,4740.486758575771,21889,
2023-10-25,4553.3154296875,4686.29748760337,4517.853936686087,4636.890310625761,26946,
2023-10-26,4472.13134765625,4553.315145740734,4434.776839335168,4553.315145740734,21854,
2023-10-27,4554.0126953125,4573.188009882362,4472.6294773625605,4482.839709795864,15129,
2023-10-30,4570.49853515625,4599.635053658538,4523.382239961996,4577.969437336324,9190,
2023-10-31,4402.552734375,4490.509955315921,4387.909572574674,4482.491382093302,69287,
2023-11-01,4285.80712890625,4419.785294818601,4273.455335794667,4412.812453470003,50522,
2023-11-02,4209.056640625,4326.1503852330825,4198.646989122137,4326.1503852330825,58724,
2023-11-03,4226.388671875,4271.911073010872,4203.627228113656,4252.088378383149,30986,
2023-11-06,4250.99267578125,4307.223857091958,4216.427595772207,4226.587730244998,37094,
2023-11-07,4229.67578125,4283.316952455206,4219.565258279128,4283.316952455206,23599,
2023-11-08,4232.763671875,4259.907946760825,4218.568959320027,4253.433165595399,19021,
2023-11-09,4221.60693359375,4258.3140594980205,4216.427400490694,4255.027057459288,16208,
2023-11-10,4208.060546875,4238.44221567112,4201.884406532193,4221.657491534252,15292,
2023-11-13,4271.1142578125,4303.239133286689,4254.628663557986,4303.239133286689,12455,
2023-11-15,4271.4130859375,4313.748195001275,4253.43331064279,4313.748195001275,15701,
2023-11-16,4274.65087890625,4283.267708671359,4251.491081768327,4283.267708671359,14993,
2023-11-17,4265.08837890625,4303.189979450764,4250.445216299107,4274.650744443234,15934,
2023-11-20,4224.59521484375,4270.815579430036,4218.5688824235785,4243.471886452053,19619,
2023-11-21,4233.759765625,4255.1763493461785,4208.7570520033805,4228.53013471634,14568,
2023-11-22,4223.9482421875,4273.355904231744,4216.826079624483,4234.058765522707,18761,
2023-11-23,4238.98974609375,4258.414091070563,4216.577040351273,4233.361763929119,15388,
2023-11-24,4214.88330078125,4268.375151257221,4208.6079379374,4262.747169280303,18238,
2023-11-28,4207.11376953125,4242.426426055884,4198.646747620272,4242.426426055884,17636,
2023-11-29,4207.01416015625,4236.499416788649,4202.482007580399,4236.399707486433,21440,
2023-11-30,4212.89111328125,4230.771666045534,4201.684760642952,4230.771666045534,19415,
2023-12-01,4267.0302734375,4308.020523120068,4212.891042326056,4212.891042326056,85310,
2023-12-04,4257.3681640625,4308.120196905807,4243.472092584871,4282.96816161525,27841,
2023-12-05,4407.9814453125,4432.735130905147,4257.368354719244,4263.39468770203,78297,
2023-12-06,4451.61181640625,4512.424763532228,4419.7359681870375,4437.666132810345,59488,
2023-12-07,4493.298828125,4515.363279784858,4451.661198092512,4457.637919325127,37306,
2023-12-08,4440.05615234375,4552.16927825921,4407.980889649192,4512.424182406758,25877,
2023-12-11,4422.4248046875,4527.316550165003,4407.831741509917,4438.711466704676,19354,
2023-12-12,4454.79931640625,4482.93971496993,4426.808238610667,4426.808238610667,14140,
2023-12-13,4371.921875,4472.530013558191,4357.129392994033,4457.588210802024,18389,
2023-12-14,4410.9697265625,4432.735051000397,4378.994169703759,4417.793247457699,15041,
2023-12-15,4451.9599609375,4527.366457098919,4423.769952910077,4454.201231460816,32431,
2023-12-18,4555.20849609375,4880.889734605978,4457.638318675482,4457.638318675482,384305,
2023-12-19,4643.314453125,4680.270608629487,4575.080221627475,4631.859071194759,63407,
2023-12-20,4496.23779296875,4719.319118231956,4482.541139486984,4680.271009751022,54603,
2023-12-21,4567.2109375,4594.106181842966,4385.917068225191,4482.5407238276985,31602,
2023-12-22,4582.103515625,4637.487412138526,4566.215203162228,4619.756666331943,70876,
2023-12-26,4819.1298828125,4856.086040004566,4591.56651190838,4591.56651190838,132441,
2023-12-27,5012.42724609375,5100.13543534411,4836.163581756964,4871.027788834512,336847,
2023-12-28,5036.533203125,5068.210118267878,4897.923170411961,5011.480876620414,122518,
2023-12-29,4958.935546875,5045.398588491361,4933.7835110072565,4978.608921464621,47303,
2024-01-01,4943.197265625,5030.35778990608,4916.002890217191,4916.002890217191,37728,
2024-01-02,4894.93505859375,4970.590588455817,4834.171721480559,4945.737192901499,37502,
2024-01-03,4835.56591796875,4930.695399358006,4831.183086260642,4890.950299698919,27039,
2024-01-04,4815.59375,4891.597526134765,4783.369164494525,4835.16741450571,26501,
2024-01-05,4836.96044921875,4878.000797511996,4792.035815667856,4850.10943089359,22795,
2024-01-08,4788.8974609375,4876.7554569117465,4731.570938126088,4842.140280048614,72010,
2024-01-09,4799.90478515625,4930.794879218134,4771.564971548244,4814.199206982456,97709,
2024-01-10,4749.75,4828.692523462486,4731.570806899807,4806.180110345982,15896,
2024-01-11,4689.03662109375,4801.199857631845,4682.76125812324,4739.639821224653,22389,
2024-01-12,4721.01220703125,4768.427628122833,4681.765166529625,4696.706970252591,25773,
2024-01-15,4692.921875,4786.357759071892,4686.048256226099,4768.726236247528,17682,
2024-01-16,4639.47998046875,4744.570673744181,4617.615431377692,4700.79147771417,123173,
2024-01-17,4583.69677734375,4676.286345813348,4562.230581281315,4630.962876064811,24906,
2024-01-18,4544.30029296875,4603.420123342932,4491.505923059205,4583.69665180879,17408,
2024-01-19,4562.08154296875,4629.967042495613,4517.455062775234,4532.347255455043,18422,
2024-01-23,4440.0068359375,4557.7484504110735,4422.774149235092,4533.841563117911,22077,
2024-01-24,4484.4833984375,4503.857643931582,4392.889954158321,4442.64635125504,13946,
2024-01-25,4653.17626953125,4671.704203220751,4484.483696468954,4484.483696468954,36830,
2024-01-29,4576.07666015625,4711.299982349074,4561.234565900114,4656.8124972091855,21556,
2024-01-30,4565.21923828125,4619.009733342823,4532.347269076956,4619.009733342823,20212,
2024-01-31,4705.572265625,4718.9201794534765,4536.13211692197,4542.308256913734,32039,
2024-02-01,4724.69775390625,4751.393580349956,4663.934422529226,4705.572051770561,22582,
2024-02-02,4649.59033203125,4772.013404172631,4602.174914458265,4772.013404172631,24037,
2024-02-05,4488.1689453125,4582.152984788738,4482.540963380287,4532.346974084512,39048,
2024-02-06,4477.60986328125,4631.411209650323,4468.595170120952,4507.792596855348,35656,
2024-02-07,4486.52587890625,4582.15342872308,4466.205121847548,4482.541397663882,43565,
2024-02-08,4426.70849609375,4628.273026665312,4372.967617492619,4494.444668756506,70601,
2024-02-09,4380.9365234375,4472.181228615469,4333.122755105303,4333.122755105303,60084,
2024-02-12,4289.29345703125,4430.593200588193,4283.316736004267,4430.593200588193,28033,
2024-02-13,4264.59033203125,4337.307112381569,4233.5607962380345,4293.2287900459305,33162,
2024-02-14,4262.9462890625,4307.2736408917735,4245.315252189483,4265.038238898105,19766,
2024-02-15,4258.31396484375,4293.277879656128,4253.831424134132,4283.316678079199,22679,
2024-02-16,4290.78759765625,4333.122704539684,4283.366307894906,4301.097538609928,15075,
2024-02-19,4321.81689453125,4350.256418639776,4290.289786850681,4334.617136633558,18692,
2024-02-20,4341.0419921875,4367.9868476278425,4280.926043996951,4324.855039787511,29407,
2024-02-21,4357.27880859375,4381.883172222551,4315.242341369957,4377.948302856383,13729,
2024-02-22,4302.4921875,4388.108913516352,4293.825747177778,4387.909494920993,20729,
2024-02-23,4292.8798828125,4353.045448020357,4285.8073318324,4324.008640306925,17304,
2024-02-26,4281.7734375,4330.13488282591,4273.356026529365,4304.136046086436,12847,
2024-02-27,4276.642578125,4313.150771864616,4264.39049445459,4313.150771864616,13762,
2024-02-28,4255.525390625,4288.0982307637005,4237.495516935659,4282.320927904654,16796,
2024-02-29,4314.94384765625,4330.134681309337,4253.98109444126,4255.425663343337,46855,
2024-03-01,4295.619140625,4354.041494422417,4283.3169585944615,4348.064773084843,17423,
2024-03-04,4299.50341796875,4351.052633579496,4293.277667291123,4293.277667291123,34068,
2024-03-05,4296.615234375,4343.084145210959,4282.470132741831,4302.243216322507,20549,
2024-03-06,4235.0546875,4323.16171469641,4228.530294674254,4322.863073187911,23963,
2024-03-07,4217.5234375,4275.148603629587,4196.654524150831,4273.256072472136,23389,
2024-03-11,4178.2265625,4238.442228673084,4161.143196778951,4238.442228673084,21656,
2024-03-12,4129.6650390625,4203.577347444249,4116.964507373892,4197.052468744699,23667,
2024-03-13,4084.2421875,4139.82598712829,4074.13166463164,4128.918276258716,26984,
2024-03-14,4061.18212890625,4136.83765402032,4054.2092873800434,4084.1425053771,30695,
2024-03-15,4042.5546875,4128.469812219703,4034.286841137505,4059.189846329712,25747,
2024-03-18,4077.6181640625,4113.976552480304,4044.24813633657,4054.0600178855902,20494,
2024-03-19,4064.91748046875,4109.94230777902,4034.286784512268,4103.96558661678,16778,
2024-03-20,4028.509521484375,4095.996912537904,4011.177126174795,4044.2482702882207,23686,
2024-03-21,4052.81494140625,4089.07362118396,4030.9002959334007,4030.9002959334007,14758,
2024-03-22,4095.299072265625,4168.762935222047,4055.304944489422,4073.085543709274,26149,
2024-03-26,4037.3251953125,4095.2993447558574,4034.28697993584,4084.0929920338135,35690,
2024-03-27,4073.384521484375,4094.054015602074,4038.3211391378513,4038.3211391378513,46369,
2024-03-28,4019.19580078125,4111.237212606765,4005.3994383407353,4080.108455469697,42934,
2024-04-01,4193.466796875,4206.615778613656,4029.3562303297017,4081.10462822168,40956,
2024-04-02,4247.35693359375,4333.122982314161,4193.666150699452,4237.794082148518,33088,
2024-04-03,4243.57177734375,4290.787777724927,4233.560477463804,4233.560477463804,19800,
2024-04-04,4347.21826171875,4355.037903264335,4257.8164657860025,4268.574856738716,22165,
2024-04-05,4338.05419921875,4392.890425967756,4298.35870886319,4382.929223187784,15178,
2024-04-08,4352.39794921875,4379.940575826215,4328.242034057553,4379.940575826215,13852,
2024-04-09,4296.017578125,4358.026063253579,4259.41015919367,4352.347983313577,14749,
2024-04-10,4362.30908203125,4396.725327441782,4290.937165592408,4317.533770003702,30950,
2024-04-12,4331.23046875,4440.703984734712,4313.0011767113865,4362.309128089665,25895,
2024-04-15,4210.30126953125,4259.061059469845,4163.831875016259,4245.762758073211,20148,
2024-04-16,4210.10205078125,4276.095014430666,4163.782461200904,4211.596231090293,15112,
2024-04-18,4278.03759765625,4293.228430635806,4190.777371263537,4190.777371263537,20281,
2024-04-19,4279.38232421875,4313.200802199513,4196.754439020274,4241.2807235988585,21644,
2024-04-22,4285.60791015625,4322.165717486219,4246.012130651738,4322.165717486219,20851,
2024-04-23,4309.1162109375,4316.188761528236,4267.030133121998,4313.200400973289,12887,
2024-04-24,4434.1796875,4448.872461207656,4305.7793979893895,4332.874063381294,39619,
2024-04-25,4543.1044921875,4568.45594403865,4382.928569914431,4445.684138074569,48968,
2024-04-26,4464.46142578125,4580.907780148209,4432.884220814846,4580.907780148209,26936,
2024-04-29,4375.7568359375,4485.330063344654,4364.002811552196,4464.461635956941,18606,
2024-04-30,4372.91845703125,4412.663559282987,4343.134071282154,4387.909872825205,13971,
2024-05-02,4348.16455078125,4412.812656988889,4328.19204816526,4363.006645058992,13931,
2024-05-03,4281.5244140625,4382.879653310305,4273.455742456802,4382.879653310305,17966,
2024-05-06,4254.8779296875,4315.93990492608,4226.189375375022,4281.524145706604,18741,
2024-05-07,4225.54150390625,4262.846396556501,4207.511632649474,4262.846396556501,14902,
2024-05-08,4246.31103515625,4277.589111741303,4208.657400266861,4216.57675030586,7991,
2024-05-09,4199.24462890625,4332.7247425883525,4183.705055707682,4261.402435313682,13385,
2024-05-10,4389.10498046875,4433.730970474179,4134.944524606552,4200.638845762663,75026,
2024-05-13,4270.11865234375,4411.020061892143,4233.511231693226,4411.020061892143,19790,
2024-05-14,4270.36767578125,4332.8742238697205,4243.472427998163,4313.200848176536,13010,
2024-05-15,4392.04345703125,4431.489915795666,4254.429543211753,4274.003208641975,29936,
2024-05-16,4393.08935546875,4426.758022561777,4364.002452034911,4392.889936880612,15617,
2024-05-17,4443.94140625,4466.304500120018,4364.00275724993,4412.812648851219,34566,
2024-05-21,4340.9921875,4391.8940277618585,4301.247088200432,4343.084137228782,26140,
2024-05-22,4369.8798828125,4442.6963712874285,4353.045547651584,4384.423335924129,22770,
2024-05-23,4415.90087890625,4437.715815604579,4343.383031209713,4369.87992774524,16077,
2024-05-24,4384.42333984375,4415.900837448068,4348.164659529319,4415.900837448068,11293,
2024-05-27,4413.908203125,4422.773575401936,4306.277126423058,4405.739823138229,22596,
2024-05-28,4404.544921875,4439.757382147177,4334.368058609207,4402.951032263531,42657,
2024-05-29,4573.3876953125,4602.026153808489,4365.048746396536,4404.445595916179,84547,
2024-05-30,4489.015625,4553.1656677980845,4423.969171310521,4532.346853156551,28280,
2024-05-31,4418.689453125,4494.9427454943625,4388.656526676708,4471.583532486351,37717,
2024-06-03,4381.38525390625,4532.347081369437,4360.018280253632,4532.347081369437,25981,
2024-06-04,4353.6923828125,4415.651249935731,4213.588182714263,4381.384814474231,44666,
2024-06-05,4374.3623046875,4432.735047762367,4263.39460773549,4353.692809801867,20279,
2024-06-06,4439.7080078125,4473.874738244966,4344.080462658809,4373.964070519338,12471,
2024-06-07,4469.69091796875,4560.238144263596,4439.757214988761,4465.5571165351685,19865,
2024-06-10,4586.5859375,4634.200289419395,4469.591423209162,4492.502188249013,41859,
2024-06-11,4656.314453125,4751.493547557502,4589.325366946123,4611.987102419274,57054,
2024-06-12,4693.91748046875,4711.648224263273,4583.34814581902,4702.882561656566,32382,
2024-06-13,4679.27490234375,4700.6914878467605,4632.008801643997,4673.098762202098,21249,
2024-06-14,4655.318359375,4716.629365976731,4644.460259581443,4651.931161428291,49843,
2024-06-18,4643.314453125,4681.715177427585,4612.085988585634,4655.317992979638,20729,
2024-06-19,4703.38134765625,4854.990563311279,4624.538037931734,4666.574508544017,65443,
2024-06-20,4791.88623046875,4851.105775818651,4687.194377886543,4731.521730458192,45994,
2024-06-21,4724.05029296875,4840.546254973719,4701.687200606062,4840.147904183232,28004,
2024-06-24,4738.74365234375,4810.713343511928,4681.765377030254,4724.050878022219,31440,
2024-06-25,4769.9716796875,4846.474010746902,4751.493842632011,4755.478323841766,27059,
2024-06-26,4873.2197265625,4922.826320915408,4723.70197838076,4769.423801000197,63274,
2024-06-27,4874.7138671875,4917.845679503843,4813.900434027927,4917.845679503843,70895,
2024-06-28,4871.07763671875,4902.903873279026,4741.532392687559,4876.008626513782,50476,
2024-07-01,5097.64501953125,5178.82881417547,4894.984174419882,4895.930683145304,199972,
2024-07-02,5211.15283203125,5318.285357116523,5110.643922125224,5137.938002709642,159852,
2024-07-03,5194.5673828125,5279.437017727678,5123.84284917879,5279.437017727678,43619,
2024-07-04,5294.7275390625,5402.408228672817,5149.990983900364,5204.67837133617,77560,
2024-07-05,5321.9716796875,5361.1190096738665,5222.5585901658005,5339.702425001256,57232,
2024-07-08,5293.98046875,5478.661055036975,5260.51073302732,5321.572706231463,95184,
2024-07-09,5327.201171875,5367.045979528925,5267.483571848954,5348.467948850833,76067,
2024-07-10,5314.79931640625,5418.844265641631,5232.221049269767,5418.246496245471,39325,
2024-07-11,5314.30126953125,5354.146077550228,5270.471980710374,5348.169356347382,17393,
2024-07-12,5326.7529296875,5368.0919192306565,5242.531158799488,5368.0919192306565,21128,
2024-07-15,5284.7666015625,5331.185901927258,5206.670872186403,5329.243272908566,30042,
2024-07-16,5200.94287109375,5338.058716401541,5180.8210489311805,5326.254595007696,20770,
2024-07-18,5212.099609375,5309.321045114504,5143.965080107186,5180.821530138937,34019,
2024-07-19,5132.111328125,5211.651628772487,5085.293675546471,5211.651628772487,40592,
2024-07-22,5239.59228515625,5309.320699597492,5030.407041832521,5105.116057305281,38198,
2024-07-23,5159.50439453125,5269.376260364794,4962.023560696479,5227.63892037771,34571,
2024-07-24,5248.3583984375,5279.387934633936,5156.416690066875,5178.77978517064,16454,
2024-07-25,5213.693359375,5302.248351827941,5179.476531701275,5227.639042797096,19085,
2024-07-26,5170.5615234375,5269.476068697831,5154.922241117443,5213.693335267381,15624,
2024-07-29,5345.33056640625,5377.156802854091,5179.825284636995,5179.825284636995,34287,
2024-07-30,5849.865234375,5935.730990743974,5265.441800958619,5345.131417491562,601297,
2024-07-31,5513.82421875,5777.497443167935,5478.6117570636125,5777.497443167935,153428,
2024-08-01,5498.5341796875,5746.617733898117,5470.294073265391,5578.273411306891,85124,
2024-08-02,5439.8125,5543.110360961981,5411.223655243842,5525.976898690716,32169,
2024-08-05,5174.6953125,5338.208352190745,5144.462966017746,5275.801516595421,55390,
2024-08-06,5151.43603515625,5268.280749607372,5110.097043478983,5135.000050513481,37427,
2024-08-07,5318.236328125,5441.804848836263,5104.468828218993,5203.034633731272,27407,
2024-08-08,5228.48583984375,5352.403100916356,5191.280651454072,5301.501259172078,23668,
2024-08-09,5251.09716796875,5303.343866239527,5190.782285306944,5279.187951747357,17239,
2024-08-12,5410.27783203125,5434.931808286722,5160.998738781476,5209.708921863405,33544,
2024-08-13,5260.583984375,5413.271499849875,5235.435257500835,5413.271499849875,23514,
2024-08-14,5171.76611328125,5307.937147212463,5145.619426985429,5249.257430169051,72870,
2024-08-16,5259.037109375,5349.053085693372,5173.761919250541,5223.559909289278,22592,
2024-08-19,5214.72802734375,5284.485172571439,5200.357534032934,5258.239080180298,14799,
2024-08-20,5371.5068359375,5402.942500653158,5221.36391859626,5261.23252003019,25292,
2024-08-21,5470.3046875,5513.715843918179,5390.018802153241,5408.930293943264,27025,
2024-08-22,5524.64404296875,5591.157825238618,5468.808115561406,5525.043128586073,26199,
2024-08-23,5495.8525390625,5628.481010088096,5438.869061166688,5547.546549170633,18142,
2024-08-26,5489.86474609375,5544.60281886053,5438.869014391919,5528.685199950684,13199,
2024-08-27,5646.64404296875,5673.339409505012,5394.0608699856775,5394.0608699856775,51806,
2024-08-28,5510.27294921875,5686.362774088103,5488.867049678983,5686.362774088103,21643,
2024-08-29,5396.30615234375,5496.20180605161,5364.022126368252,5488.766826981468,21796,
2024-08-30,5333.53515625,5459.626720200034,5307.089277539298,5396.306597317844,19963,
2024-09-02,5252.75,5376.69653290163,5237.980421948842,5293.167284126532,16399,
2024-09-03,5392.11474609375,5428.889582727668,5239.576822769316,5257.240867979661,29516,
2024-09-04,5314.17431640625,5451.144007146929,5245.265533938118,5369.012285499824,19562,
2024-09-05,5333.63427734375,5383.981434887578,5309.134612345119,5341.069256629901,11047,
2024-09-06,5412.623046875,5514.713918531388,5317.866774045265,5334.083585694945,63746,
2024-09-09,5324.4033203125,5503.985996542046,5290.622843273668,5439.717620552078,18015,
2024-09-10,5372.5546875,5414.3193124208365,5294.464501739885,5331.089742243215,19524,
2024-09-11,5283.93603515625,5387.97311559726,5262.38005340664,5387.97311559726,14722,
2024-09-12,5267.4697265625,5335.031651308574,5244.267212255187,5325.101778229053,10990,
2024-09-13,5289.02587890625,5338.574378117084,5259.286448958899,5338.574378117084,10412,
2024-09-16,5208.44091796875,5307.23872625575,5200.007980832668,5289.175595162637,13212,
2024-09-17,5189.57958984375,5234.437494043112,5171.017480013251,5208.440892056995,23971,
2024-09-18,5396.4560546875,5656.424025514332,5191.375755244452,5191.375755244452,237594,
2024-09-19,5337.4267578125,5471.302675666351,5187.383731530085,5443.858840995886,53556,
2024-09-20,5280.892578125,5374.001829958877,5258.28844801023,5362.3757210426,18393,
2024-09-23,5293.5166015625,5333.734098753583,5244.316998503252,5298.855772288779,15689,
2024-09-24,5270.1142578125,5354.541569277475,5251.352849613168,5314.473668596823,14373,
2024-09-25,5265.3740234375,5284.335218304399,5213.08114136664,5279.095940775388,11238,
2024-09-26,5255.94384765625,5304.095305161866,5209.388732593035,5217.921563029207,10722,
2024-09-27,5274.00634765625,5338.674295180779,5219.368166796861,5256.242896555293,15926,
2024-09-30,5233.5888671875,5324.103816774277,5199.408819254132,5298.955090242554,17441,
2024-10-01,5323.705078125,5348.055147790062,5204.997818492298,5220.316566167161,22081,
2024-10-03,5143.4736328125,5320.062430622136,5109.792562748972,5211.933623791018,26205,
2024-10-04,5131.19921875,5170.917739659695,5017.581638969494,5096.469998976293,21445,
2024-10-07,5007.5517578125,5165.927833569829,4974.120176159919,5142.725317945276,37915,
2024-10-08,5005.7060546875,5044.676107448641,4943.133912803161,4989.838137638037,14145,
2024-10-09,5152.60498046875,5181.046773699796,5035.744041350349,5056.152470354301,14386,
2024-10-10,5131.59814453125,5184.040624278536,5093.475967276142,5174.111238002399,10213,
2024-10-11,5070.1240234375,5134.492294180875,5053.9569140116,5094.573986743123,9800,
2024-10-14,5042.13134765625,5086.6900594840445,5008.549682746697,5078.157229165523,9998,
2024-10-15,5313.97509765625,5339.073636077454,5046.123351389095,5052.060907268147,77747,
2024-10-16,5202.00390625,5284.235520092717,5145.070616580625,5259.286578557668,18455,
2024-10-17,5100.7109375,5249.656110693372,5079.653934486217,5221.214318827301,10401,
2024-10-18,5044.77587890625,5114.632915305423,4990.786271889515,5039.935686784647,16077,
2024-10-21,4908.95361328125,5074.664283886118,4889.992418190308,5064.635004554248,18713,
2024-10-22,4881.3603515625,4989.538865643423,4832.210936265147,4860.103560799528,29906,
2024-10-23,4824.5263671875,4939.790475797962,4700.48042616794,4850.123883461074,26929,
2024-10-24,4727.57470703125,4877.11875294942,4701.278426444941,4852.020216413535,14560,
2024-10-25,4615.20458984375,4752.32386877978,4552.832238864479,4751.226505229739,36154,
2024-10-28,4674.08447265625,4738.303147950165,4557.922294118659,4571.693915431186,16229,
2024-10-29,4641.89990234375,4713.10427485446,4560.017675839355,4697.48633580679,14305,
2024-10-30,4758.9609375,4869.434559237063,4655.47253217135,4790.096924444432,17319,
2024-10-31,4854.41552734375,4878.017128966335,4710.609728519506,4750.278546211079,11183,
2024-11-01,4843.6875,4864.594421055348,4747.583882908778,4844.086585615763,3251,
2024-11-04,5122.61669921875,5206.245358453247,4829.217139319661,4843.68752577727,259677,
2024-11-05,4965.88671875,5120.520443727032,4892.73662161035,5088.436204355565,35904,
2024-11-06,5088.23681640625,5099.563733505969,4880.06274736249,4965.887107652414,20817,
2024-11-07,5128.65380859375,5238.229847709104,5059.34594421153,5089.534162235527,50472,
2024-11-08,4990.1376953125,5167.175287189363,4945.379196691013,5167.175287189363,26185,
2024-11-11,5019.1279296875,5238.279519322468,4931.008467227088,5005.755395107925,82484,
2024-11-12,4859.5546875,5039.23676417165,4828.967383545592,5003.859458498745,12278,
2024-11-13,4701.77734375,4859.554537920045,4687.506744969733,4859.554537920045,21367,
2024-11-14,4756.41552734375,4825.973367117157,4667.547597798716,4695.390517437885,14894,
2024-11-18,4719.791015625,4763.202173518825,4654.474492340114,4756.765151745101,13004,
2024-11-19,4728.822265625,4829.067305232498,4716.148008714261,4736.15735171794,13731,
2024-11-21,4683.71435546875,4742.644045959892,4653.376540937903,4731.217236169366,15151,
2024-11-22,5134.29248046875,5223.3105004958925,4688.654673090338,4688.654673090338,117973,
2024-11-25,5183.44189453125,5265.075125151506,5102.5079164848485,5165.129760924672,45156,
2024-11-26,5081.1015625,5213.330956005107,5039.686318496514,5213.330956005107,12145,
2024-11-27,5151.2578125,5187.783161433295,5050.663872199676,5083.845965412606,11298,
2024-11-28,5170.01953125,5238.329440447586,5099.56362326434,5189.37981232379,12904,
2024-11-29,5187.2841796875,5328.445489859593,5154.45146914145,5209.339142094553,41674,
2024-12-02,5177.853515625,5279.195919120989,5114.8822910422,5189.379731461086,23493,
2024-12-03,5218.96923828125,5260.085289252606,5148.613222454276,5179.300420846893,16739,
2024-12-04,5139.880859375,5267.220349906461,5120.071303042558,5248.907730012985,15621,
2024-12-05,5088.486328125,5223.95908347865,5074.714707024757,5140.430317852008,15343,
2024-12-06,5105.3515625,5165.827893683543,5069.874362875887,5069.874362875887,13578,
2024-12-09,5078.755859375,5139.48167723171,5050.413960786481,5095.371756078573,9280,
2024-12-10,5178.5517578125,5263.178857526461,5049.665626868111,5084.544441081917,47738,
2024-12-11,5094.57373046875,5209.388561547398,5064.635001396456,5188.7311308579165,22434,
2024-12-12,4984.14990234375,5115.580632889962,4970.827070217723,5100.561565124028,15316,
2024-12-13,4996.9736328125,5027.960022266763,4901.918168688864,4959.849414115181,10997,
2024-12-16,4920.5302734375,5020.825021071877,4904.013781332268,5019.677467187593,12248,
2024-12-17,4884.70361328125,4969.729314586635,4865.043652224294,4929.910900920619,11835,
2024-12-18,4841.0927734375,4888.545466872054,4830.115238803855,4862.049885010822,7705,
2024-12-19,4843.88671875,4867.189127681121,4756.3661239128,4790.196791294514,10383,
2024-12-20,4761.8046875,4885.951010487768,4727.375148158849,4843.886705204628,23426,
2024-12-23,4655.572265625,4759.110370370333,4630.5731344703045,4715.349830570565,17010,
2024-12-24,4663.955078125,4715.5993865219125,4606.672406461362,4655.572331320274,16893,
2024-12-26,4591.10400390625,4670.241847794907,4570.246787227272,4623.53762636619,19263,
2024-12-27,4580.2763671875,4632.669145371855,4552.73263777092,4591.104305469072,11312,
2024-12-30,4313.97119140625,4736.157473177653,4290.269696906135,4571.9432473338165,68662,
2024-12-31,4450.791015625,4470.850060899673,4292.265352950812,4321.156420467764,21244,
2025-01-01,4582.87109375,4598.58892699657,4435.223062085277,4450.841489392416,19457,
2025-01-02,4560.0673828125,4595.99385659236,4478.833731222613,4582.870811543459,17761,
2025-01-03,4513.8623046875,4602.63034450811,4500.788962130056,4560.067548564723,14180,
2025-01-06,4410.22412109375,4549.68869560817,4368.060412519623,4391.462713138856,30361,
2025-01-07,4474.94189453125,4490.809323350288,4401.592008916528,4445.801336897244,19824,
2025-01-08,4470.3017578125,4510.719044152877,4417.958682193881,4464.862693502468,28140,
2025-01-09,4563.0615234375,4706.767426991166,4430.932026238016,4469.852375117134,78202,
2025-01-10,4448.44580078125,4562.562352255997,4431.680307653733,4540.707177802056,13876,
2025-01-13,4349.548828125,4424.894632667317,4301.197583806422,4351.544743477114,22334,
2025-01-14,4358.7294921875,4429.385183902353,4315.268632843314,4351.095213867673,15894,
2025-01-15,4405.0849609375,4435.821861648193,4348.1014816577335,4401.093130336943,15880,
2025-01-16,4376.99267578125,4420.553430999436,4346.105690712064,4420.553430999436,13544,
2025-01-17,4349.84765625,4401.591854877214,4311.127096575121,4391.013406940063,33886,
2025-01-20,4445.2529296875,4470.750553729178,4349.848077157282,4371.453763668462,18017,
2025-01-21,4504.53125,4610.564248130711,4441.859705783165,4467.557114741902,53906,
2025-01-22,4456.47998046875,4506.577164389804,4413.068820734107,4504.531546028566,16018,
2025-01-23,4461.91845703125,4500.789103291466,4410.473933923866,4456.4798800861545,9296,
2025-01-24,4353.09130859375,4506.427405443556,4339.16960433698,4448.596051474439,8469,
2025-01-27,4317.4638671875,4381.033962652571,4204.295570255961,4352.9415530367805,15999,
2025-01-28,4266.41845703125,4361.3740279041085,4196.461529832895,4311.426443522916,13152,
2025-01-29,4378.4892578125,4390.763941353056,4266.418327198131,4266.418327198131,10854,
2025-01-30,4472.0478515625,4537.7132676030005,4369.05843095798,4369.05843095798,13151,
2025-01-31,4445.751953125,4490.31066693133,4414.515584773927,4456.978977239452,13130,
2025-02-01,4446.64990234375,4450.891222454834,4351.195348359343,4445.751837894677,7707,
2025-02-03,4475.091796875,4528.682320046892,4376.0941985494455,4446.65000254798,21183,
2025-02-04,4558.1220703125,4679.872909139124,4452.787343203146,4476.588731692861,35488,
2025-02-05,4340.61669921875,4389.017644134742,4207.389355996379,4389.017644134742,115556,
2025-02-06,4306.08740234375,4383.329227639401,4241.469643968797,4383.329227639401,35908,
2025-02-07,4256.4892578125,4321.156720048814,4241.320106283479,4321.156720048814,17668,
2025-02-10,4227.9970703125,4289.820740033625,4179.296933174326,4281.038420571925,11194,
2025-02-11,4102.20458984375,4210.28320253136,4082.74441672996,4200.353816825739,21393,
2025-02-12,4031.05029296875,4110.587467141832,3903.0122806486297,4091.62627222178,77862,
2025-02-13,3981.152587890625,4089.13155922523,3936.294439282316,4047.566719661477,28465,
2025-02-14,3911.4951171875,4001.211414943135,3892.034942475125,3981.252261391981,21427,
2025-02-17,3866.087890625,3908.3015474518616,3808.206347605834,3891.535810400668,19084,
2025-02-18,3847.02685546875,3927.212850268562,3798.526259763844,3911.495017248619,17474,
2025-02-19,3836.99755859375,3870.0298105420593,3801.4202222738136,3807.258371968713,26397,
2025-02-20,3868.782470703125,3905.656958073207,3801.5202208517326,3838.145218803016,12520,
2025-02-21,3834.1533203125,3897.972663784511,3806.709484729836,3872.075711299453,18533,
2025-02-24,3692.4931640625,3830.560455481245,3658.6125513767047,3807.208344481721,48175,
2025-02-25,3690.04833984375,3792.089510544763,3682.4637641734735,3697.433129068488,23535,
2025-02-27,3541.05322265625,3717.392292895537,3522.7905487036905,3717.392292895537,42302,
2025-02-28,3495.9951171875,3562.658734515085,3400.041590081248,3544.146572051433,51108,
2025-03-03,3608.06591796875,3642.5953499337647,3469.349805349047,3495.945522766732,52468,
2025-03-04,3730.565185546875,3752.919582774761,3534.067424507928,3608.0658857482313,58950,
2025-03-05,3755.21484375,3778.816688986348,3712.4025568814777,3712.4025568814777,27315,
2025-03-06,3799.524169921875,3846.128742962113,3773.2278886619993,3786.2013379766095,12991,
2025-03-07,3799.97314453125,3877.314860426772,3752.320667963365,3799.524112328644,22766,
2025-03-10,3672.733642578125,3823.125811752455,3652.574946770128,3799.973242993508,14764,
2025-03-11,3753.318603515625,3769.784904222354,3602.6270031085896,3643.5432654707647,22539,
2025-03-12,3759.805419921875,3778.2176897064296,3734.85647884741,3752.320737599536,13934,
2025-03-13,3761.701416015625,3801.2206358615344,3725.924780947049,3797.5781879466113,15452,
2025-03-17,3722.631591796875,3782.658648082202,3670.8376862741848,3725.9249008303314,27880,
2025-03-18,3722.631591796875,3722.631591796875,3722.631591796875,3722.631591796875,0,
2025-03-19,3760.4541015625,3787.848234552639,3720.386198517566,3760.80348420425,22581,
2025-03-20,4009.3447265625,4077.954313649429,3764.695267295688,3771.9304601157646,320243,
2025-03-21,3960.294921875,4053.9033953623257,3951.9121753235368,4008.745813055914,24993,
2025-03-24,3964.286865234375,4026.759111483964,3929.55813398202,3972.8693984678216,27675,
2025-03-25,4126.455078125,4226.350738491606,3905.457400515984,3972.7198937553417,205133,
2025-03-26,4004.405029296875,4140.526357524911,3974.416352695824,4094.6700078443073,29932,
2025-03-27,4033.545166015625,4270.909240263592,3911.195464080768,4011.7896411239167,102408,
2025-03-28,3998.81640625,4103.0532803831775,3919.179335006312,4066.67752819285,43146,
2025-04-01,4117.87255859375,4149.158629155383,3982.9489733318537,3998.816402904293,26701,
2025-04-02,4242.71728515625,4264.27326901858,4043.0260947791817,4061.6878551148193,31906,
2025-04-03,4211.43115234375,4257.087716634937,4149.158689980444,4191.4222955843925,15280,
2025-04-04,4134.2890625,4232.8373806273,4096.0172890919885,4211.430994079969,22915,
2025-04-07,3900.26806640625,4041.678619612158,3592.7972106152133,3592.7972106152133,23543,
2025-04-08,3994.824462890625,4026.459671587563,3914.538818878693,3952.910241696169,11885,
2025-04-09,3894.57958984375,3994.8243848470224,3867.085808464205,3994.8243848470224,13620,
2025-04-11,4032.04833984375,4074.61113613644,3919.977647080933,3919.977647080933,19811,
2025-04-15,4335.82666015625,4371.054369176886,4032.147864466099,4072.565148016707,39939,
2025-04-16,4299.900390625,4345.806443263319,4235.332334717932,4295.908559960799,16906,
2025-04-17,4291.81689453125,4312.27502696394,4211.082215704902,4257.287461358783,16657,
2025-04-21,4301.197265625,4316.266522875518,4263.47466317418,4316.266522875518,10990,
2025-04-22,4251.099609375,4389.316737619042,4237.427882561686,4320.158470530383,15956,
2025-04-23,4270.46044921875,4320.1585438603015,4241.419784973701,4251.099681532721,11439,
2025-04-24,4243.1162109375,4329.7392287484,4160.485511076076,4270.460640823117,10953,
2025-04-25,4173.15966796875,4271.458495741171,4082.94415091424,4241.319980028309,13763,
2025-04-28,4166.8720703125,4191.42192475716,4094.021165429816,4094.021165429816,10255,
2025-04-29,4195.81298828125,4208.986223993001,4146.913064106299,4167.471088869304,6755,
2025-04-30,4070.4697265625,4195.813061679632,4053.2050104254176,4195.813061679632,10690,
2025-05-02,4050.111328125,4101.306849189565,4007.199148127952,4007.199148127952,10115,
2025-05-05,4046.818115234375,4091.726208943529,4016.879386094939,4033.145900680431,10995,
2025-05-06,4151.1044921875,4251.199443632089,4025.162049313764,4049.113031493189,36896,
2025-05-07,4108.0927734375,4168.469212838197,4033.7449265721793,4033.7449265721793,11798,
2025-05-08,4065.47998046875,4214.375215214172,3994.724635903558,4128.550856107276,27000,
2025-05-09,4034.642822265625,4061.687571612029,3854.212276897296,3892.134667000799,22233,
2025-05-12,4167.8701171875,4191.422014535498,4085.3390705344505,4087.135442983365,17480,
2025-05-13,4289.421875,4311.077264184162,4149.308227557007,4191.422236369374,17342,
2025-05-14,4513.36328125,4590.505211244023,4271.158769194356,4276.248450571323,65904,
2025-05-15,4566.55419921875,4636.51112619476,4471.049946867486,4520.748041683655,25202,
2025-05-16,4529.130859375,4593.499127204114,4512.265472702932,4553.081842753275,14348,
2025-05-19,4534.12060546875,4596.093871841269,4463.864485668439,4529.130817311285,17967,
2025-05-20,4616.65185546875,4740.2987074548255,4495.699196693357,4533.7214795720565,36224,
2025-05-21,4597.4912109375,4620.544131165348,4541.106601129543,4611.562511903903,10601,
2025-05-22,4579.427734375,4642.498850908856,4521.845872038294,4642.498850908856,8404,
2025-05-23,4593.69873046875,4634.51509889151,4552.582682395309,4602.281263293865,10137,
2025-05-26,4622.43994140625,4680.421378325895,4601.083745153846,4620.543919328123,9866,
2025-05-27,4638.2080078125,4655.47248040393,4570.646079367631,4595.595020848896,8590,
2025-05-28,4682.41748046875,4734.8102591824345,4607.969739354023,4670.441988191336,22443,
2025-05-29,4685.81005859375,4716.5474453131565,4643.496753440218,4710.260020007738,9926,
2025-05-30,4671.33984375,4732.115366883148,4626.531642939334,4641.501007616662,21337,
2025-06-02,4769.33935546875,4780.216996061444,4646.49067508603,4670.441657947298,17259,
2025-06-03,4800.076171875,4871.031054826192,4740.298608978573,4775.22712504473,22416,
2025-06-04,4760.7568359375,4803.1700348741615,4732.514830147392,4799.0783111670025,8451,
2025-06-05,4817.2412109375,4864.045324750875,4760.457521160336,4807.161741757276,13920,
2025-06-06,4787.40283203125,4830.913397548463,4725.32966871342,4817.24166954689,13688,
2025-06-09,4777.921875,4834.006800671849,4747.58357363394,4787.202685919016,17060,
2025-06-10,4807.06201171875,4831.112888064697,4768.540749734106,4785.007050633314,11961,
2025-06-11,4824.5263671875,4845.383584622115,4758.960841932734,4815.145662731416,12206,
2025-06-12,4793.0908203125,4862.049793119168,4705.470331351752,4862.049793119168,13415,
2025-06-13,4739.40087890625,4801.8731266481045,4668.845076562081,4705.370424824522,13627,
2025-06-16,4687.4072265625,4718.044722275656,4604.776525508603,4700.7797620279725,11914,
2025-06-17,4659.46435546875,4780.816105447507,4630.523583074534,4640.503159762195,10544,
2025-06-18,4609.86572265625,4670.242162379363,4594.597165044841,4659.364521109193,8338,
2025-06-19,4532.224609375,4654.9733987514455,4500.888837023505,4609.566326258533,11199,
2025-06-20,4533.8212890625,4610.464238150868,4510.768370948862,4532.224459438995,10757,
2025-06-23,4708.56396484375,4717.545583666472,4472.3471948925335,4490.809411361464,20999,
2025-06-24,4760.05810546875,4790.196620788141,4668.7449823849765,4710.459903661405,14868,
2025-06-25,4981.8046875,5009.7475022536055,4736.806079571064,4760.657170421802,48702,
2025-06-26,4890.69140625,5118.325163647836,4842.190565456335,4990.786366823778,67412,
2025-06-27,4789.69775390625,4955.15893780245,4741.2968077525975,4933.902634714554,81822,
2025-06-30,4891.58935546875,4908.554635660157,4802.172251826647,4802.172251826647,14754,
2025-07-01,5063.63720703125,5109.443366532021,4889.992572812993,4919.931302850623,28186,
2025-07-02,5147.96435546875,5224.00892062306,5044.076870320899,5063.736830244234,40382,
2025-07-03,5262.92919921875,5294.165077239671,5127.406264531837,5127.506157748809,39492,
2025-07-04,5258.5380859375,5314.124522333542,5218.320587283022,5262.9294894545255,17618,
2025-07-07,5209.93798828125,5339.073615276171,5169.121616417533,5257.340978323422,20722,
2025-07-08,5135.490234375,5262.230860058176,5089.584180977944,5204.349314470584,16866,
2025-07-09,5041.78173828125,5179.898974030466,4990.786006960093,5125.510284292549,22266,
2025-07-10,5060.14404296875,5099.56336841935,5017.131972678513,5017.131972678513,9117,
2025-07-11,5145.76904296875,5219.318719648731,5019.72718161245,5019.72718161245,31191,
2025-07-14,5288.9755859375,5352.046702272621,5127.007259542344,5127.007259542344,41154,
2025-07-15,5445.35595703125,5482.77936917982,5291.171498979142,5299.155160237503,36867,
2025-07-16,5368.8125,5467.710202956254,5359.531688544841,5438.8693236326935,15330,
2025-07-17,5420.80615234375,5436.773475011106,5320.112321229542,5369.012246898318,12094,
2025-07-18,5293.46630859375,5438.868925987411,5274.20592180614,5438.868925987411,12875,
2025-07-21,5224.50830078125,5449.846952579304,5196.365698970964,5314.124706552791,29284,
2025-07-22,5347.4560546875,5364.920313171847,5194.369452058651,5224.208287669394,20552,
2025-07-23,5327.19775390625,5413.920175013256,5279.096000939997,5354.641588894797,16280,
2025-07-24,5375.0,5380.987746008169,5274.605361139557,5359.0326773115485,10858,
2025-07-25,5194.5,5400.0,5162.5,5400.0,15978,
2025-07-28,5088.2998046875,5234.7998046875,5077.0,5180.39990234375,10452,
2025-07-29,5230.0,5257.0,5050.0,5050.0,20156,
2025-07-30,5276.60009765625,5310.0,5194.60009765625,5230.0,11127,
2025-07-31,5302.7998046875,5321.0,5050.0,5200.0,12408,
2025-08-01,5243.0,5360.0,5191.0,5278.0,14465,
2025-08-04,5280.5,5304.0,5211.5,5241.0,9752,
2025-08-05,5231.0,5293.0,5163.0,5280.0,14071,
2025-08-06,5178.0,5272.0,5120.0,5230.0,13885,
2025-08-07,5002.0,5159.5,4968.0,5128.5,20270,
2025-08-08,4838.5,5051.0,4734.5,5002.5,20833,
2025-08-11,4890.0,4955.0,4737.0,4950.0,17868,
2025-08-12,4853.5,4939.5,4810.0,4900.0,9783,
2025-08-13,4849.0,4931.5,4840.0,4852.5,7743,
2025-08-14,4802.5,4897.0,4782.0,4854.0,8517,
2025-08-18,4809.5,4900.0,4770.0,4824.5,22486,
2025-08-19,4859.0,4896.5,4795.0,4820.0,10364,
2025-08-20,4844.0,4908.5,4815.0,4880.0,6634,
2025-08-21,4834.0,4880.0,4823.0,4880.0,7086,
2025-08-22,4783.5,4857.5,4740.0,4834.5,19675,
2025-08-25,4780.5,4847.5,4757.0,4765.5,25434,
2025-08-26,4660.5,4824.5,4602.5,4732.5,56850,
2025-08-28,4721.5,4759.5,4636.5,4660.5,11748,
2025-08-29,4694.0,4762.5,4653.0,4653.0,7798,
2025-09-01,4717.10009765625,4728.2001953125,4661.60009765625,4661.60009765625,20195,
2025-09-02,4792.2001953125,4812.0,4671.60009765625,4680.0,36447,
2025-09-03,4863.60009765625,4899.0,4760.0,4792.2998046875,31705,
2025-09-04,4863.2001953125,4904.2001953125,4845.7998046875,4890.0,5737,
2025-09-05,4825.89990234375,4910.0,4782.5,4889.0,13617,
2025-09-08,4844.0,4873.0,4780.2998046875,4825.0,12940,
2025-09-09,4799.39990234375,4843.89990234375,4762.5,4819.7998046875,37653,
2025-09-10,4834.2001953125,4939.2001953125,4820.0,4820.0,7791,
2025-09-11,4842.5,4894.89990234375,4804.39990234375,4883.5,7119,
2025-09-12,4782.5,4892.0,4771.7001953125,4842.0,5099,
2025-09-15,4811.39990234375,4830.0,4760.60009765625,4783.0,6503,
2025-09-16,4833.2001953125,4851.2001953125,4794.0,4830.0,4344,
2025-09-17,4916.89990234375,4960.0,4831.89990234375,4874.0,10046,
2025-09-18,4880.7998046875,4950.0,4854.2998046875,4929.0,6122,
2025-09-19,4905.60009765625,4928.7998046875,4822.0,4856.39990234375,8724,
2025-09-22,4787.10009765625,4950.0,4770.0,4905.60009765625,6942,
2025-09-23,4783.60009765625,4833.89990234375,4725.60009765625,4820.0,7779,
2025-09-24,4729.60009765625,4807.60009765625,4701.0,4807.5,5767,
2025-09-25,4671.0,4748.0,4664.7998046875,4729.60009765625,4637,
2025-09-26,4629.60009765625,4679.0,4569.60009765625,4671.0,9281,
2025-09-29,4510.0,4718.89990234375,4497.0,4676.5,14265,
2025-09-30,4466.60009765625,4553.7998046875,4430.0,4481.10009765625,20660,
2025-10-01,4532.7998046875,4554.7998046875,4422.2001953125,4460.0,10853,
2025-10-03,4635.0,4668.10009765625,4481.0,4549.89990234375,15257,
2025-10-06,4654.7998046875,4714.39990234375,4600.0,4602.5,9285,
2025-10-07,4617.39990234375,4681.5,4603.60009765625,4630.0,4209,
2025-10-08,4596.89990234375,4642.0,4555.5,4635.0,5191,
2025-10-09,4566.60009765625,4607.7998046875,4509.2998046875,4602.5,10139,
2025-10-10,4658.2001953125,4693.0,4550.2001953125,4566.60009765625,6792,
2025-10-13,4559.5,4636.10009765625,4547.0,4599.89990234375,6928,
2025-10-14,4568.60009765625,4604.60009765625,4527.10009765625,4549.0,11120,
2025-10-15,4497.0,4570.7998046875,4462.89990234375,4568.60009765625,7500,
2025-10-16,4501.0,4548.5,4475.0,4497.0,7004,
2025-10-17,4520.7001953125,4545.0,4453.7998046875,4501.0,15049,
2025-10-20,4463.0,4596.5,4429.89990234375,4590.0,13690,
2025-10-21,4498.39990234375,4509.89990234375,4462.5,4508.5,2235,
2025-10-23,4459.0,4542.0,4452.0,4506.0,12982,
2025-10-24,4501.10009765625,4547.10009765625,4447.60009765625,4503.60009765625,20237,
2025-10-27,4498.60009765625,4525.89990234375,4467.0,4501.89990234375,8777,
2025-10-28,4510.2001953125,4542.5,4498.60009765625,4498.60009765625,8788,
2025-10-29,4484.2998046875,4535.10009765625,4472.0,4490.0,6158,
2025-10-30,4449.60009765625,4494.10009765625,4441.0,4482.0,8860,
2025-10-31,4437.2001953125,4500.7998046875,4420.0,4455.0,32809,
2025-11-03,4426.2001953125,4494.10009765625,4407.7001953125,4438.0,8508,
2025-11-04,4405.5,4460.2998046875,4399.0,4407.7001953125,9980,
2025-11-06,4387.2001953125,4445.7001953125,4370.0,4405.5,5758,
2025-11-07,4351.7001953125,4394.10009765625,4321.10009765625,4366.0,9250,
2025-11-10,4251.89990234375,4330.0,4240.0,4313.10009765625,19220,
2025-11-11,4202.89990234375,4290.0,4187.89990234375,4230.0,12841,
2025-11-12,4269.2998046875,4300.10009765625,4179.0,4187.0,22818,
2025-11-13,4367.2001953125,4399.0,4241.39990234375,4279.0,18558,
2025-11-14,4515.89990234375,4528.10009765625,4334.0,4367.2001953125,27966,
2025-11-17,4587.89990234375,4627.89990234375,4521.0,4529.89990234375,38227,
2025-11-18,4696.7001953125,4749.5,4550.0,4587.89990234375,22054,
2025-11-19,4655.7001953125,4765.60009765625,4630.5,4707.0,27330,
2025-11-20,4619.2998046875,4700.0,4588.0,4646.10009765625,8714,
2025-11-21,4538.10009765625,4616.7001953125,4509.0,4574.0,6711,
2025-11-24,4488.60009765625,4533.7001953125,4428.39990234375,4508.2001953125,7271,
2025-11-25,4410.0,4485.0,4401.0,4455.0,5299,
2025-11-26,4464.10009765625,4530.10009765625,4365.5,4370.0,8919,
2025-11-27,4454.10009765625,4493.7998046875,4419.5,4419.5,17809,
2025-11-28,4418.60009765625,4479.2998046875,4412.39990234375,4435.0,9535,
2025-12-01,4349.7001953125,4428.39990234375,4330.0,4401.0,6699,
2025-12-02,4398.7998046875,4415.0,4307.39990234375,4349.89990234375,7736,
2025-12-03,4422.2998046875,4443.5,4355.0,4355.0,8937,
2025-12-04,4499.2998046875,4515.0,4360.39990234375,4424.0,10004,
2025-12-05,4425.0,4493.2001953125,4408.0,4476.10009765625,7902,
2025-12-08,4374.5,4468.0,4286.5,4468.0,14215,
2025-12-09,4336.7001953125,4375.60009765625,4251.5,4344.5,24304,
2025-12-10,4357.89990234375,4419.0,4337.10009765625,4369.7998046875,5517,
2025-12-11,4420.7001953125,4436.89990234375,4290.0,4311.5,11635,
2025-12-12,4409.2001953125,4466.0,4384.0,4400.0,18342,
2025-12-15,4353.0,4451.2001953125,4350.0,4350.0,6125,
2025-12-16,4316.2001953125,4377.5,4302.0,4353.0,5999,
2025-12-17,4290.5,4327.89990234375,4262.60009765625,4302.5,8612,
2025-12-18,4267.89990234375,4280.0,4250.0,4275.0,3713,
2025-12-19,4265.7001953125,4300.0,4250.0,4267.10009765625,7768,
2025-12-22,4310.39990234375,4332.60009765625,4255.10009765625,4275.0,24696,
2025-12-23,4256.39990234375,4330.2998046875,4245.0,4310.39990234375,7539,
2025-12-24,4182.7998046875,4283.0,4174.0,4248.7998046875,23862,
2025-12-26,4202.7998046875,4230.10009765625,4171.2001953125,4182.7998046875,6876,
2025-12-29,4159.2001953125,4225.10009765625,4150.0,4202.7998046875,6545,
2025-12-30,4078.89990234375,4164.2001953125,4070.10009765625,4159.2001953125,8376,
2025-12-31,4116.2001953125,4175.0,4076.10009765625,4082.0,7626,
2026-01-01,4106.5,4156.0,4088.89990234375,4116.60009765625,7158,
2026-01-02,4184.7998046875,4198.10009765625,4050.0,4103.0,29778,
2026-01-05,4297.5,4393.0,4210.10009765625,4224.39990234375,39800,
2026-01-06,4273.60009765625,4328.39990234375,4245.0,4312.10009765625,8402,
2026-01-07,4253.2998046875,4296.89990234375,4203.2998046875,4296.89990234375,10417,
2026-01-08,4224.2001953125,4258.0,4180.5,4230.0,6076,
2026-01-09,4210.39990234375,4252.10009765625,4160.10009765625,4215.0,6999,
2026-01-12,4211.10009765625,4263.0,4140.39990234375,4211.0,12323,
2026-01-13,4209.7998046875,4236.7001953125,4175.0,4211.10009765625,5519,
2026-01-14,4211.89990234375,4244.0,4177.2998046875,4211.89990234375,4969,
2026-01-15,4211.89990234375,4211.89990234375,4211.89990234375,4211.89990234375,0,
2026-01-16,4123.7001953125,4238.10009765625,4062.800048828125,4211.89990234375,6820,
2026-01-19,4102.60009765625,4136.0,4042.0,4072.0,8225,
2026-01-20,4009.5,4102.60009765625,3990.0,4090.0,6945,
2026-01-21,3998.89990234375,4077.0,3879.199951171875,4000.0,14775,
2026-01-22,3971.5,4029.5,3950.0,3998.0,6269,
2026-01-23,3886.800048828125,3998.0,3873.800048828125,3998.0,10551,
2026-01-27,4045.60009765625,4109.60009765625,3856.0,3909.89990234375,21187,
2026-01-28,4150.39990234375,4322.39990234375,3979.60009765625,4041.0,30569,
2026-01-29,4067.39990234375,4150.39990234375,4007.0,4150.39990234375,15544,
2026-01-30,4243.2998046875,4314.89990234375,4006.39990234375,4006.39990234375,17991,
2026-02-02,4265.7001953125,4280.10009765625,4166.10009765625,4166.10009765625,11666,
2026-02-03,4520.89990234375,4670.0,4450.2998046875,4450.2998046875,68677,
2026-02-04,4516.7001953125,4542.2998046875,4476.2001953125,4500.0,9888,
2026-02-05,4482.0,4539.89990234375,4461.7001953125,4539.10009765625,4739,
2026-02-06,4412.7998046875,4499.0,4401.0,4420.0,4672,
2026-02-09,4487.39990234375,4521.60009765625,4422.7001953125,4444.5,6945,
2026-02-10,4663.60009765625,4674.0,4501.0,4519.7998046875,17158,
2026-02-11,4627.0,4679.89990234375,4559.0,4679.89990234375,10135,
2026-02-12,4596.60009765625,4658.0,4535.39990234375,4657.7998046875,10805,
2026-02-13,4422.89990234375,4524.0,4355.5,4500.0,20938,
2026-02-16,4393.0,4423.7998046875,4354.0,4402.10009765625,4951,
2026-02-17,4547.0,4577.0,4365.0,4365.0,15046,
2026-02-18,4512.60009765625,4559.10009765625,4496.5,4540.0,3460,
2026-02-19,4494.89990234375,4564.89990234375,4466.0,4466.0,8637,
2026-02-20,4470.39990234375,4512.89990234375,4448.7998046875,4494.0,6603,
2026-02-23,4647.5,4660.0,4461.10009765625,4470.39990234375,21430,
2026-02-24,4872.2998046875,4998.0,4632.5,4660.0,260076,
2026-02-25,4883.5,4949.0,4849.10009765625,4905.89990234375,27021,
2026-02-26,4709.2998046875,4939.89990234375,4683.0,4885.0,17272,
2026-02-27,4710.2998046875,4748.2998046875,4601.10009765625,4709.2998046875,12974,
2026-03-02,4467.2001953125,4603.60009765625,4450.10009765625,4491.10009765625,21516,
2026-03-04,4263.89990234375,4440.0,4250.0,4400.0,23287,
2026-03-05,4319.89990234375,4354.0,4254.10009765625,4309.0,15665,
2026-03-06,4276.60009765625,4353.0,4264.7001953125,4353.0,14202,
2026-03-09,4278.7998046875,4295.60009765625,4200.0,4246.60009765625,15412,
2026-03-10,4310.10009765625,4332.2001953125,4232.0,4298.10009765625,15453,
2026-03-11,4277.10009765625,4331.89990234375,4251.89990234375,4268.5,13935,
2026-03-12,4335.7001953125,4388.0,4191.2001953125,4225.0,10668,
2026-03-13,4287.7001953125,4338.39990234375,4270.10009765625,4302.0,11907,
2026-03-16,4311.10009765625,4350.7998046875,4218.89990234375,4267.0,12731,
2026-03-17,4291.60009765625,4336.7001953125,4270.10009765625,4320.0,5397,
2026-03-18,4320.10009765625,4339.89990234375,4270.10009765625,4270.10009765625,5818,
2026-03-19,4275.60009765625,4300.2998046875,4236.0,4236.0,6746,
2026-03-20,4256.10009765625,4309.10009765625,4230.5,4260.10009765625,10163,
2026-03-23,4008.5,4250.0,3951.0,4250.0,23396,
2026-03-24,4164.7001953125,4176.5,3890.5,4069.89990234375,19348,
2026-03-25,4231.5,4272.39990234375,4190.10009765625,4210.0,13349,
2026-03-27,3970.39990234375,4199.0,3935.5,4168.0,67667,
2026-03-30,3957.10009765625,4005.0,3902.0,3902.0,25808,
2026-04-01,4164.2001953125,4206.2001953125,3982.5,4000.0,19657,
2026-04-02,4363.2998046875,4382.0,4072.5,4100.0,35683,
2026-04-06,4329.10009765625,4392.0,4270.2001953125,4385.0,12220,
2026-04-07,4406.89990234375,4430.60009765625,4285.0,4285.0,11780,
2026-04-08,4491.7001953125,4557.60009765625,4414.7001953125,4500.0,11677,
2026-04-09,4586.0,4609.89990234375,4491.7001953125,4491.7001953125,11249,
2026-04-10,4653.2998046875,4700.10009765625,4578.5,4586.2998046875,10486,
2026-04-13,4561.2001953125,4692.0,4539.2001953125,4621.10009765625,14832,
2026-04-15,4641.7998046875,4676.0,4588.0,4606.5,4782,
2026-04-16,4901.2001953125,4934.39990234375,4618.0,4650.0,38763,
2026-04-17,4907.5,5025.89990234375,4862.2001953125,4900.10009765625,25142,
2026-04-20,4995.2001953125,5019.0,4820.0,4908.0,16706,
2026-04-21,5056.89990234375,5139.10009765625,4966.89990234375,5024.7998046875,29417,
2026-04-22,5086.0,5144.89990234375,4961.2998046875,5094.7001953125,12579,
2026-04-23,4978.7001953125,5100.0,4955.2998046875,5100.0,10167,
2026-04-24,4851.5,5009.89990234375,4842.0,4978.7001953125,9827,
2026-04-27,4883.7001953125,4947.89990234375,4852.10009765625,4861.0,8052,
2026-04-28,4745.0,4897.0,4725.7998046875,4897.0,12846,
2026-04-29,4721.60009765625,4797.2998046875,4696.0,4745.0,9619,
2026-04-30,4628.10009765625,4720.60009765625,4621.10009765625,4718.60009765625,5403,
2026-05-01,4628.10009765625,4628.10009765625,4628.10009765625,4628.10009765625,0,
2026-05-04,4597.7001953125,4739.7998046875,4561.0,4621.0,9731,
2026-05-05,4575.10009765625,4630.0,4541.2001953125,4541.2001953125,7275,
2026-05-06,4658.7998046875,4674.0,4570.0,4597.89990234375,8862,
2026-05-07,4658.7998046875,4760.0,4602.2001953125,4658.7998046875,16426,
2026-05-08,4653.89990234375,4815.89990234375,4612.0,4661.0,12494,
2026-05-11,4634.0,4666.2001953125,4540.0,4620.0,10489,
2026-05-12,4577.0,4650.10009765625,4551.0,4634.0,7399,
2026-05-13,4599.0,4658.89990234375,4518.0,4532.0,6801,
2026-05-14,4714.60009765625,4740.0,4618.0,4618.0,9135,
2026-05-15,4631.2998046875,4748.89990234375,4604.10009765625,4748.89990234375,4489,
2026-05-18,4531.7001953125,4603.2998046875,4429.7998046875,4567.0,8068,
2026-05-19,4567.2001953125,4620.0,4531.2001953125,4564.5,4580,
2026-05-20,4594.10009765625,4827.5,4576.0,4635.89990234375,62170,
2026-05-21,4607.2998046875,4648.2998046875,4551.0,4594.10009765625,5868,
2026-05-22,4604.10009765625,4750.0,4503.0,4608.0,11588,
2026-05-25,4557.7998046875,4690.0,4534.39990234375,4690.0,8434,
2026-05-26,4619.89990234375,4649.0,4522.0,4557.7998046875,10505,
2026-05-27,4677.2998046875,4760.7998046875,4623.7998046875,4623.7998046875,10488,
2026-05-28,4677.2998046875,4677.2998046875,4677.2998046875,4677.2998046875,0,
2026-05-29,4625.39990234375,4699.7998046875,4612.7001953125,4677.2998046875,6781,
2026-06-01,4491.60009765625,4631.7001953125,4451.10009765625,4626.0,9975,
2026-06-02,4586.5,4599.0,4424.10009765625,4473.2998046875,5839,
2026-06-03,4633.7998046875,4638.89990234375,4488.0,4595.7998046875,6706,
2026-06-04,4689.7001953125,4724.89990234375,4603.0,4625.0,7212,
2026-06-05,4754.39990234375,4808.0,4690.2001953125,4779.89990234375,17984,
2026-06-08,4692.89990234375,4807.0,4610.0,4725.0,14363,
2026-06-09,4737.39990234375,4750.0,4667.2001953125,4726.0,6595,
2026-06-10,4716.39990234375,4791.5,4700.0,4705.60009765625,9371,
2026-06-11,4677.10009765625,4736.60009765625,4664.0,4707.0,3437,
2026-06-12,4724.7001953125,4745.89990234375,4659.7998046875,4680.0,4522,
2026-06-15,4924.0,4975.5,4747.7998046875,4755.10009765625,36777,
2026-06-16,5037.7998046875,5049.0,4882.2001953125,4987.89990234375,21986,
2026-06-17,4990.60009765625,5087.89990234375,4952.0,5037.0,12732,
2026-06-18,5150.89990234375,5195.0,4937.2001953125,4937.2001953125,17806,
2026-06-19,5285.7998046875,5393.89990234375,5109.60009765625,5165.2998046875,49844,
2026-06-22,5203.7001953125,5399.0,5181.0,5300.0,24828,
2026-06-23,5100.0,5345.7001953125,5052.0,5190.0,20341,
2026-06-24,5270.60009765625,5289.7001953125,5103.10009765625,5159.89990234375,23348,
2026-06-25,5236.10009765625,5280.0,5185.0,5270.89990234375,29915,
2026-06-26,5236.10009765625,5236.10009765625,5236.10009765625,5236.10009765625,0,
2026-06-29,5334.10009765625,5369.0,5166.10009765625,5200.0,20773,
2026-06-30,5295.7998046875,5407.0,5210.0,5365.0,19911,
2026-07-01,5209.0,5369.0,5175.0,5279.5,9473,
2026-07-02,5192.5,5306.5,5138.0,5230.5,12139,
2026-07-03,5206.5,5285.0,5180.5,5220.5,8259,
2026-07-06,5137.5,5244.0,5116.0,5244.0,6817,
2026-07-07,5000.0,5139.0,4981.5,5137.5,7350,
2026-07-08,4878.0,5024.5,4852.0,4961.5,8859,
2026-07-09,4969.5,4991.5,4875.0,4875.0,14226,
2026-07-10,4999.5,5069.0,4995.0,5005.0,7186,
2026-07-13,5024.0,5070.0,4968.0,5038.5,4944,5024.0
2026-07-14,4984.0,5055.0,4950.0,5050.0,8593,4984.0
2026-07-15,5118.5,5152.5,4991.5,4993.0,11644,5118.5
2026-07-16,5078.0,5152.0,5067.5,5120.0,6315,5078.0
2026-07-17,5056.0,5100.0,5021.0,5100.0,6114,5056.0
2026-07-20,4933.0,5059.0,4916.5,5058.0,6431,4933.0
2026-07-21,4901.0,4975.0,4867.0,4933.5,8522,4901.0
2026-07-23,4816.0,4963.0,4803.0,4963.0,4971,4816.0
2026-07-24,4828.5,4850.0,4692.0,4745.5,7556,4828.5
2026-07-27,4838.5,4926.0,4806.0,4829.0,9918,4838.5
2026-07-28,4806.5,4857.0,4776.0,4839.0,4747,4806.5
2026-07-29,4794.0,4864.5,4783.0,4825.5,6077,4783.18701171875
2026-07-30,4877.0,4909.5,4765.5,4820.5,9357,4866.0
2026-07-31,4816.5,4915.0,4800.0,4915.0,10309,4816.5
2026-08-03,4933.7001953125,4989.60009765625,4768.60009765625,4800.0,21917,4933.7001953125
2026-08-04,4929.5,4950.0,4869.10009765625,4933.7001953125,5680,4929.5
2026-08-05,4940.39990234375,5014.7001953125,4858.0,4965.5,13656,4940.39990234375
2026-08-06,4989.0,5014.7001953125,4902.2001953125,4950.0,15029,4989.0
2026-08-07,5162.10009765625,5199.89990234375,4980.0,4989.0,54836,5162.10009765625
2026-08-10,5027.7998046875,5127.10009765625,4802.0,5100.0,78451,5027.7998046875
2026-08-11,5120.7001953125,5240.7998046875,5021.0,5027.0,232633,5120.7001953125
2026-08-12,5265.10009765625,5369.7998046875,5115.7001953125,5120.7001953125,108822,5265.10009765625
2026-08-13,5159.60009765625,5265.10009765625,5102.10009765625,5265.10009765625,28990,5159.60009765625
2026-08-14,,5311.7998046875,5126.7001953125,5166.0,26767,
