Date,Close,High,Low,Open,Volume,Adj Close
2014-12-18,66.96867370605469,66.96867370605469,63.79064879800108,63.79064879800108,947441,
2014-12-19,70.28486633300781,70.28486633300781,70.28486633300781,70.28486633300781,64601,
2014-12-22,69.64005279541016,73.78529287214884,68.350422882753,73.78529287214884,8076062,
2014-12-23,66.8765640258789,73.0944285537684,66.1856918566435,70.00852486197246,18978143,
2014-12-24,70.1927490234375,70.1927490234375,65.58692283992117,66.36991666719183,905139,
2014-12-26,73.69317626953125,73.69317626953125,72.31142461926709,73.69317626953125,936481,
2014-12-29,73.83135223388672,76.87119854944135,72.77201548871338,75.48945431639918,868340,
2014-12-30,71.9890365600586,74.24588920930675,70.5151703901394,74.24588920930675,533873,
2014-12-31,75.5815658569336,75.5815658569336,72.44960537339544,72.44960537339544,868138,
2015-01-01,79.35834503173828,79.35834503173828,77.00937080722207,77.37784294225655,594580,
2015-01-02,81.93760681152344,87.46459893313299,81.33884895656314,82.07578574087549,3675757,
2015-01-05,84.42475128173828,86.08284589302612,81.38490490905639,82.62847774311852,2180050,
2015-01-06,79.49651336669922,83.41146775464651,79.22017052973828,82.81270993646181,1790570,
2015-01-07,82.39817810058594,83.50357182038394,78.66746022929814,80.09526138850187,1871377,
2015-01-08,89.26085662841797,92.57705309100426,82.12183518519076,83.73387252728672,6814236,
2015-01-09,106.5787582397461,107.08540178676742,89.90567585924906,90.18202620286208,13220339,
2015-01-12,119.70536041259766,123.80454349422232,104.46008662109396,108.69744112577324,18666447,
2015-01-13,111.36881256103516,120.85680780779188,109.01983856654036,116.8957965143223,8002882,
2015-01-14,108.37503051757812,114.91530190403942,105.42730605577437,112.3820992018559,3494112,
2015-01-15,110.49371337890624,114.63895355424616,107.1775167372034,109.8488984072397,2943212,
2015-01-16,116.94185638427734,118.55389372092888,108.09867585042645,109.71071318707796,4448936,
2015-01-19,115.09952545166016,120.58045987940572,114.36259624388948,117.77090695900152,1765311,
2015-01-20,111.6451644897461,115.79041217086328,110.07918419979076,115.1455896962842,1221107,
2015-01-21,108.6053237915039,113.90202240028384,107.77627276932093,111.69122717684726,1164618,
2015-01-22,107.8683853149414,112.33604033211202,107.31569214475454,109.1119580770349,1212154,
2015-01-23,102.47956848144533,110.17129794869034,101.14388149393514,109.61859729786396,1274985,
2015-01-27,112.70451354980467,112.70451354980467,97.82770391041106,103.26257426588246,2047207,
2015-01-28,105.88788604736328,116.98791941130234,104.69037039345793,114.82318880910084,2306477,
2015-01-29,105.9339370727539,110.7239919094964,104.598250075444,105.74970852271632,1547884,
2015-01-30,100.03849792480467,108.42109280922726,98.19616723523916,107.17751996888978,1625324,
2015-02-02,109.2961883544922,110.0331175440203,99.76213601763742,101.3281161721728,2677607,
2015-02-03,107.45386505126952,111.13852624964458,104.82854807373889,110.07918202880018,1125077,
2015-02-04,106.11817169189452,110.40159045579549,105.01277039706169,108.23685250540132,1291338,
2015-02-05,105.7036590576172,111.46093670709718,104.32190732012026,106.80905294522984,1779407,
2015-02-06,104.27584838867188,108.00656676227337,103.63103342304086,106.71693683101134,1155357,
2015-02-09,99.57791137695312,105.33518914787184,99.11733245632904,103.17045096545309,728741,
2015-02-10,96.30778503417967,103.07834283665196,95.57084821383933,98.56463763500378,839953,
2015-02-11,92.8073501586914,99.39367871849431,90.59655492544772,97.36711204496318,1680463,
2015-02-12,97.13681030273438,98.5646190268983,93.03762767852608,93.03762767852608,1290780,
2015-02-13,98.61067962646484,102.06504746493567,97.27499262952682,98.0119218342407,1061597,
2015-02-16,98.56462860107422,101.88081773031168,97.73557756757243,99.2555007111333,832227,
2015-02-18,97.32106018066406,100.68331410391283,96.72230232437106,99.439741248902,827968,
2015-02-19,105.24307250976562,106.76299566787652,96.86047782333632,97.32105673365648,2609765,
2015-02-20,104.64431762695312,109.06590830126424,101.78870729572658,104.9206679818957,2162923,
2015-02-23,104.1376724243164,108.69743412482444,103.26256429417931,105.51941657540746,1126562,
2015-02-24,101.92687225341795,106.7629840460714,100.49906353231988,104.13766728754298,730218,
2015-02-25,102.1111068725586,103.7231442326991,100.49906951241807,102.1111068725586,798281,
2015-02-26,97.82769775390624,102.38745960777896,97.09076101313812,102.38745960777896,746132,
2015-02-27,98.88703918457033,100.72936987071414,97.64346634654248,97.82770241611088,520101,
2015-03-02,110.58582305908205,112.10574614402827,98.01192413232366,100.49906963452943,3006962,
2015-03-03,110.21736145019533,114.13230836444554,107.40780839904284,110.67794035088988,2165842,
2015-03-04,104.7824935913086,112.2899800949232,104.13767861547947,111.41487941514434,849228,
2015-03-05,106.0721206665039,107.96050840199196,103.67708939129574,104.82854788935884,792976,
2015-03-09,106.34847259521484,112.19786444724578,105.70365762723686,106.30240795260087,970270,
2015-03-10,110.07918548583984,115.05347675938695,106.85511058720186,106.85511058720186,2681332,
2015-03-11,110.6779327392578,113.99412910525642,109.6185960888446,111.18457624732478,1421260,
2015-03-12,110.49371337890624,113.34932361091307,109.61860520239168,111.82940046273198,850759,
2015-03-13,106.02606964111328,112.10575495642505,105.19701857441322,111.23064674752806,1013723,
2015-03-16,104.04554748535156,107.17750780158066,102.61774623957947,106.02605687810927,572964,
2015-03-17,104.87460327148438,106.6708766977898,103.26256590264022,104.96671754902272,427961,
2015-03-18,104.09160614013672,105.47335777179254,103.7231415391566,105.47335777179254,336836,
2015-03-19,105.33518981933594,109.15802264370927,104.73643196703829,105.05883946424586,928522,
2015-03-20,105.10489654541016,105.9339400486374,101.37417827373396,105.3351822394263,877203,
2015-03-23,99.6700210571289,105.8418278241748,98.65674147664838,105.8418278241748,672652,
2015-03-24,97.55135345458984,101.69659380635572,96.99865274038504,99.48579845192158,469120,
2015-03-25,95.6168975830078,100.1306020634505,94.97207515484598,98.01192123487392,511291,
2015-03-26,93.9127426147461,96.21565209328564,93.08369160132725,94.8799650458758,495356,
2015-03-27,94.00485229492188,95.70901137763668,89.44509070012292,94.14303120825824,1054597,
2015-03-30,97.55135345458984,98.33433988105904,94.78785738595089,95.38661524260858,703182,
2015-03-31,98.74885559082033,100.03849301209245,95.38660937474296,97.73557601203515,534723,
2015-04-01,101.8347625732422,102.70987076413977,97.64346518852268,98.93309515305177,717131,
2015-04-06,101.78870391845705,103.90738490113058,100.22272362733048,102.1111114047953,519079,
2015-04-07,100.54512786865234,102.6177516438688,99.3015551039994,102.6177516438688,433865,
2015-04-08,109.11195373535156,110.49370536179882,100.63723793521751,101.69658209922444,2085372,
2015-04-09,110.125244140625,112.19786039030306,106.39452588834304,110.03312236111287,1812113,
2015-04-10,126.84437561035156,128.68670616789433,110.30947273581656,110.30947273581656,6594640,
2015-04-13,123.94270324707033,130.48298170830435,122.69913054713138,126.79832074516908,2306766,
2015-04-15,124.4032974243164,132.00291301321542,120.44228589017465,124.3111831451736,3295843,
2015-04-16,122.74520874023438,125.8771619018816,119.2908405814454,124.35724621401788,1441107,
2015-04-17,123.43607330322266,129.37758677223576,121.0410420590862,122.51490801719976,1866069,
2015-04-20,116.02069091796876,125.69292242340838,113.7638386505892,123.43607015602882,1193755,
2015-04-21,119.10659790039062,122.97548762270922,115.14558639726592,116.9879169800037,1146742,
2015-04-22,118.92237854003906,122.51491820252636,115.1455953016916,119.88960104541584,933264,
2015-04-23,117.40245056152344,121.59374791506458,116.52734237713564,120.02776761230191,617773,
2015-04-24,110.5397720336914,118.04726609407253,108.42109102531242,117.90908716831686,675474,
2015-04-27,101.74263763427734,113.85594960481338,100.68330098933562,111.3688117211408,715051,
2015-04-28,99.94637298583984,101.2360029273772,93.59033755901,97.82769951181976,1065997,
2015-04-29,103.03226470947266,106.07211065614398,98.61067469743288,99.48578277327874,797403,
2015-04-30,104.5522003173828,106.48664524361956,101.28206829956142,101.3281254403216,437862,
2015-05-04,106.94722747802734,108.32897165639343,105.1048969052828,105.1048969052828,387638,
2015-05-05,107.03934478759766,109.9870692860458,105.9339434116891,107.31569513157478,451267,
2015-05-06,98.9791488647461,107.6841583260801,98.656741384785,106.7629930258506,554053,
2015-05-07,98.42644500732422,100.91359048743035,96.72229338321436,98.56462392421037,506258,
2015-05-08,101.0057144165039,104.46008237881684,100.22272054383812,100.59118515940482,450803,
2015-05-11,101.37417602539062,103.81526434689816,100.40695362482084,102.5716916172535,251100,
2015-05-12,98.51856994628906,102.38745970505497,98.10404068471794,100.63724338425055,316460,
2015-05-13,100.45301818847656,101.97294135955462,98.38039431839104,99.25550250808872,379557,
2015-05-14,102.0189971923828,103.35468427920034,98.93309374861587,100.40695975960566,329148,
2015-05-15,101.74263763427734,103.81526129011937,100.95964380788934,102.01898795521522,264804,
2015-05-18,99.854248046875,102.61774369908233,99.20943314493172,101.83474988821744,324413,
2015-05-19,103.44679260253906,105.74970951877492,99.5779029866964,100.03848937089734,568801,
2015-05-20,103.2625732421875,104.96672500969524,101.83476432693637,103.17045145571689,276884,
2015-05-21,101.55840301513672,104.09160557326172,100.72935954304246,103.58496956306728,239807,
2015-05-22,102.34140014648438,104.46008103675372,102.11110695131968,102.66380761876115,257896,
2015-05-25,100.2687759399414,102.84804320884037,99.94636846912712,102.295342543906,134306,
2015-05-26,100.8675308227539,102.98621164206948,99.6700152508632,100.22271589979496,204044,
2015-05-27,97.22893524169922,100.26877383010569,96.49199853649836,99.71608067918544,427391,
2015-05-28,101.42023468017578,101.78869929032548,97.4131661022309,97.4131661022309,353108,
2015-05-29,104.27584838867188,105.38124975968776,101.32812390327076,101.6965885261478,539990,
2015-06-01,101.32811737060548,104.8745994529329,100.8675309949148,104.50613485381092,183786,
2015-06-02,96.21565246582033,103.07833129115804,94.97207969206936,101.65052995974604,550392,
2015-06-03,92.9915771484375,96.6762383090975,89.44509490761378,96.4459451109601,764147,
2015-06-04,95.5247802734375,96.63018162782728,93.03763472844516,93.54427826627123,367793,
2015-06-05,95.3405532836914,97.18288390304556,93.72851586735273,93.72851586735273,222062,
2015-06-08,92.66917419433594,96.35383553481064,90.73472924130222,95.29449877549742,293155,
2015-06-09,92.66917419433594,94.4654477231751,90.8268435240986,92.66917419433594,257933,
2015-06-10,94.6036148071289,95.84718757736702,92.34676246546314,92.34676246546314,220031,
2015-06-11,91.79405212402344,95.8011203509182,91.19530187397564,95.47871290748456,245719,
2015-06-12,90.91896057128906,92.57705508714166,90.45837417653942,91.56377552203088,170896,
2015-06-15,92.25464630126952,93.45216190774606,90.91895927976162,90.91895927976162,193479,
2015-06-16,91.84012603759766,92.43887634812508,89.85961654012529,92.43887634812508,163577,
2015-06-17,92.76129913330078,94.1891005747282,91.28743304652406,92.30071269888953,275336,
2015-06-18,94.92601776123048,97.04469858408436,92.25464379090604,92.99157298912291,438084,
2015-06-19,96.07748413085938,97.87375764000824,94.87996845809346,95.57084057626304,302666,
2015-06-22,100.63723754882812,104.18372712443932,95.6629542198693,95.84718276776542,651540,
2015-06-23,101.14389038085938,104.82855170693928,100.5911896814704,102.43352034451036,394604,
2015-06-24,97.96587371826172,101.60447794417632,97.45923015437474,101.5123561583155,213975,
2015-06-25,98.1501007080078,100.59118151099428,96.81440620924484,96.81440620924484,215884,
2015-06-26,96.30778503417967,99.0712737277032,95.75508429452078,97.64347223636744,255100,
2015-06-29,93.77457427978516,94.64967495882443,92.02435791693684,93.49822393289412,276536,
2015-06-30,94.87996673583984,96.53806128982625,93.0836932592968,94.2351517702682,211422,
2015-07-01,97.59740447998048,98.97914867650452,94.69573716584918,95.24843034302798,559749,
2015-07-02,96.76834869384766,99.30155126427984,96.03141949232044,97.59739967235404,280214,
2015-07-03,94.87996673583984,97.91981300346887,94.28120891032547,97.1368191153406,274295,
2015-07-06,95.89324951171876,96.53806449872386,93.03763921178395,94.64967667929676,205826,
2015-07-07,96.16959381103516,98.56462504196732,95.11025711402222,96.53805842293598,443643,
2015-07-08,93.68245697021484,96.4459530687262,93.22187803832225,95.5708448455065,511271,
2015-07-09,98.33434295654295,100.82148874586696,93.6824588875338,93.6824588875338,1019025,
2015-07-10,97.82769775390624,100.31483580904656,96.95258959433548,99.67002084986488,394531,
2015-07-13,101.55840301513672,103.03226891341492,96.86047000024448,97.78162774648604,878792,
2015-07-14,105.79576873779295,107.49992038713565,101.78870012691448,101.78870012691448,1363257,
2015-07-15,110.4015884399414,112.05968284953084,105.56546911692811,106.5787486171003,1845030,
2015-07-16,106.76300048828124,111.3688273113629,106.02607119754228,111.3688273113629,508826,
2015-07-17,106.76300048828124,110.07918979899186,105.38125619254936,107.2235794193968,502234,
2015-07-20,107.8683853149414,109.5264873326558,106.02606224367752,107.59203497865568,439681,
2015-07-21,105.5654754638672,111.36881749992207,104.36795984512692,107.73021350488584,698518,
2015-07-22,107.36175537109376,109.43437175717612,105.05883827226668,105.51942469298608,271970,
2015-07-23,107.9144515991211,111.78334136124931,106.39452847760366,108.05262301817508,586212,
2015-07-24,106.5326919555664,109.29618765211386,105.93393417952858,107.77626464389355,454483,
2015-07-27,103.30862426757812,106.7169351031809,102.5716950337555,106.1642344266216,284382,
2015-07-28,110.44766235351562,114.9153102620469,102.7098747627179,103.81527620528269,2989564,
2015-07-29,114.73107147216795,116.52734502263095,110.63188830737796,111.55305365358576,1798440,
2015-07-30,116.43522644042967,118.18543528194468,114.04019512822676,115.4219393453378,1132552,
2015-07-31,129.05516052246094,130.80537656200056,116.4352061925057,116.4352061925057,4283975,
2015-08-03,141.39878845214844,146.8336663065681,129.79211846378547,129.79211846378547,5498097,
2015-08-04,147.29425048828125,150.840732930605,135.77969496057472,142.7805455616874,3295573,
2015-08-05,149.18264770507812,155.0781125665652,143.83989861692547,148.16937546668976,2703106,
2015-08-06,150.65650939941406,153.37393337121802,146.1888539628657,148.39965686067907,1992731,
2015-08-07,169.31008911132812,178.24538466468874,149.32080946809018,149.68928160632746,6603247,
2015-08-10,158.1639862060547,172.7183876706791,155.86106916879217,169.12584069369427,2146072,
2015-08-11,161.8946990966797,169.40218492750978,157.10463684562868,159.36148905878235,1501156,
2015-08-12,151.53160095214844,164.88848614129978,150.24197107194814,158.8087938462019,1438164,
2015-08-13,146.51123046875,157.88762004673043,145.1294864523589,152.8212153167848,930465,
2015-08-14,158.07186889648438,162.1249871994435,147.66270029266087,147.66270029266087,1974672,
2015-08-17,161.66441345214844,164.33578752226086,152.08428850316196,158.44033871153533,1179532,
2015-08-18,179.39682006835938,186.0752625800973,161.20382305411837,163.5988542318598,5059731,
2015-08-19,178.65988159179688,187.36488272354643,175.29762819034084,178.65988159179688,3250287,
2015-08-20,174.0540771484375,185.1541102340077,171.33663842521494,178.0150811321622,2129155,
2015-08-21,177.64662170410156,179.53501705520563,165.80965854407387,168.66527639068872,1629804,
2015-08-24,159.91419982910156,170.1391248919107,159.91419982910156,167.00716437670374,1205106,
2015-08-25,151.85401916503906,161.20383645793962,143.9319957656768,160.2826636184749,2332513,
2015-08-26,149.13658142089844,157.79551914955346,146.18884931904157,149.50503855564924,884437,
2015-08-27,159.68389892578125,164.01337487072547,152.31457689142778,152.91334218422253,1465171,
2015-08-28,153.55816650390625,164.335792385706,151.71583588263735,162.3092332037411,963440,
2015-08-31,155.6768341064453,158.07186532442134,149.96561389691652,152.45275939177333,962330,
2015-09-01,151.0249481201172,159.45360688134627,148.30750947508292,152.45275690035808,1101154,
2015-09-02,152.4066925048828,156.55193993681067,149.55108994458683,154.47931622084673,978946,
2015-09-03,157.61129760742188,160.00632910913674,153.37393533552412,153.37393533552412,1056437,
2015-09-04,156.2295379638672,160.55901409908648,152.1303550279386,157.5191678760798,1403672,
2015-09-07,146.1427764892578,160.19054157213444,144.30046090915295,157.51916747573625,689174,
2015-09-08,147.5245361328125,150.97890411442324,136.93113898857027,147.20212865459243,1028767,
2015-09-09,152.4066925048828,155.12413115427827,150.88678445159596,150.88678445159596,505006,
2015-09-10,154.525390625,155.53866272455028,147.20213270332516,148.39964837033253,593981,
2015-09-11,157.33493041992188,161.2959342112936,154.93989928848094,155.4004856610123,1023454,
2015-09-14,158.4863739013672,162.0328557927672,156.22952178865808,158.44032426913836,474464,
2015-09-15,154.2950897216797,159.72996709274588,153.28180266791125,158.48638684472238,336394,
2015-09-16,152.6830596923828,157.42705770830042,151.43947938469242,155.67684135180195,317121,
2015-09-18,147.80088806152344,159.17727978264818,146.46519342468537,154.38721695169667,1078429,
2015-09-21,153.7884521484375,154.75567455170685,146.14277219333457,147.57058098047565,1345616,
2015-09-22,149.64320373535156,159.0851345150459,147.8929874917731,154.75567355086525,1174331,
2015-09-23,157.0125274658203,159.17726547311605,146.55730953889426,146.55730953889426,1235554,
2015-09-24,161.43411254882812,166.54656724854445,156.04530002467024,156.59800066878495,1638713,
2015-09-28,157.5191650390625,164.42790087427645,156.7361711765301,162.58557031790144,719543,
2015-09-29,155.6307830810547,158.6245645744144,149.78138400603856,154.75567495134607,811608,
2015-09-30,158.85487365722656,161.80259080503328,156.69013543662268,157.24283615302903,719113,
2015-10-01,168.89553833007812,171.56691210805195,158.624549919767,160.46688028503763,3183662,
2015-10-05,173.36318969726562,176.31092148431202,169.6785287146498,170.87604428423836,2045801,
2015-10-06,169.81671142578125,175.1134098311568,168.57314619383936,174.3764806191058,1206664,
2015-10-07,178.93626403808594,180.3640579353597,169.03373101178258,170.6918331242951,2359502,
2015-10-08,174.79100036621094,179.99558443621717,172.53414811550155,179.12047631791393,1351101,
2015-10-09,175.29763793945312,178.15325550929057,172.39597073416147,176.1266964300856,1067744,
2015-10-12,179.4889373779297,182.5748481799911,173.0407879479043,176.86362796985878,1810661,
2015-10-13,186.2134552001953,192.0628546596616,178.70596865316176,179.62712647905803,4009342,
2015-10-14,190.9574432373047,196.48443491676107,182.71301285675787,185.75285903069727,3833797,
2015-10-15,188.3781890869141,193.35248024667644,185.2922931844548,191.8786217566615,1120744,
2015-10-16,198.4188842773437,200.72180128081067,187.59519386724952,188.83877415074323,3307987,
2015-10-19,203.07077026367188,205.3736722889296,195.7475124140039,198.6952294070969,2028608,
2015-10-20,201.68902587890625,208.36746875515425,198.18859319657344,203.99192790223825,1582088,
2015-10-21,193.95123291015625,203.301065019951,191.60226622435349,202.10354935557183,2983014,
2015-10-23,202.19566345214844,205.97243900412155,194.36576950502987,196.02385657360315,3018947,
2015-10-26,198.372802734375,203.9458587070952,196.02383629373145,203.7616151592717,930550,
2015-10-27,199.20187377929688,201.22843289530928,193.4445888996009,197.0371357448745,779921,
2015-10-28,229.4160919189453,233.65343898161183,197.72801320367512,198.7873649741118,8336565,
2015-10-29,224.257553100586,234.43642881196124,222.00070068117213,224.7642041573307,3258519,
2015-10-30,229.5542449951172,238.12108300855496,222.18493762294088,224.7181328120351,3629666,
2015-11-02,243.46383666992188,247.1484979407469,225.6853602927222,229.23184263957967,3635749,
2015-11-03,249.81988525390625,256.9128348900053,244.24682874627845,247.24061037973,3671259,
2015-11-04,242.7268981933593,255.71532642875644,240.5161105177336,252.3991224081641,1931091,
2015-11-05,226.9749755859375,244.10865088978264,224.9944811591668,242.7268917488377,1540728,
2015-11-06,231.8110809326172,239.82521769982392,227.1592126416973,229.2778859228992,1649779,
2015-11-09,239.7791748046875,242.2663202504511,218.40815282804053,222.92185733948628,1973963,
2015-11-10,233.0546875,243.0953844123381,231.212356827705,239.41072306774817,1037044,
2015-11-13,236.5550994873047,238.6737728220813,232.5019663625889,237.47625724010408,899989,
2015-11-16,234.48248291015625,238.71982970842265,232.5940877026413,236.6472209504745,919924,
2015-11-17,230.38331604003903,236.2787652592305,226.74470429087256,235.68001491081904,832953,
2015-11-18,218.7766265869141,230.199067650262,216.5658388027676,229.46213838887985,961864,
2015-11-19,225.5932464599609,226.9749906880737,220.1583688239785,220.1583688239785,888181,
2015-11-20,253.4124298095703,261.9792528644979,225.31689934933183,225.6853564673071,7765598,
2015-11-23,264.8348999023437,278.6063088153954,252.0306985335504,254.88631653817285,5516145,
2015-11-24,262.5319519042969,270.0855032644976,257.7419190981899,265.0191126010732,2174115,
2015-11-26,260.8277893066406,269.5328063696553,260.0908750637745,263.7294716641585,1514389,
2015-11-27,247.3787841796875,260.18296898118984,244.56923116515696,255.07051399081968,2684489,
2015-11-30,248.43814086914065,253.32031805837872,245.5364733427897,248.5302701597804,1238749,
2015-12-01,259.4920654296875,266.8613870834967,248.29993405118933,250.55678618183404,3032790,
2015-12-02,267.92071533203125,270.7302679994884,254.4256676067728,260.6895878160292,3015158,
2015-12-03,261.8410949707031,271.2830264051663,258.0182397480029,265.29546305741303,1883936,
2015-12-04,255.0244598388672,261.51867428758425,253.3203081053153,259.7684579105224,1104998,
2015-12-07,254.2414703369141,258.7551750123628,253.1360689864619,257.32735118032366,680311,
2015-12-08,246.0430908203125,255.0704996694269,244.24680997448067,254.2414562050544,713700,
2015-12-09,232.4098663330078,247.424854160678,229.78454181874588,247.424854160678,1009954,
2015-12-10,245.30616760253903,246.41156898607977,234.34431306260777,234.34431306260777,1627014,
2015-12-11,239.456771850586,246.6879151340597,234.8970026133254,246.2273287453016,799189,
2015-12-14,241.713607788086,246.41154062017227,232.13348357325145,234.80487244341688,987365,
2015-12-15,249.63563537597656,252.3070244629716,241.39121993181547,242.2663280803457,1306095,
2015-12-16,247.28668212890625,254.0572544854435,245.99705215714104,251.4779795371431,1023983,
2015-12-17,253.8729858398437,255.1626457699938,247.88542263836857,250.55681176372275,1335298,
2015-12-18,250.97134399414065,256.3140924582177,249.0368990325158,251.3858657709502,691476,
2015-12-21,258.9394226074219,260.2290526095116,246.96428044311568,251.017399019749,1776086,
2015-12-22,256.8207092285156,265.9402471196317,255.20865697098992,259.860555192221,1412451,
2015-12-23,258.9854736328125,263.4070491176513,256.1759205610421,258.9394089902588,1235656,
2015-12-24,255.25474548339844,260.3672005325664,253.41242988344607,260.13690733138,574835,
2015-12-28,257.8340148925781,261.1502191069428,252.39913715634435,256.4522856437478,905649,
2015-12-29,259.8605651855469,266.53900763305364,257.46553403084005,259.0315217107517,1491956,
2015-12-30,258.0182189941406,263.4530962150599,256.8667830642135,259.031521024684,619045,
2015-12-31,258.2024230957031,260.1829323202504,256.5443363074935,258.66300942788007,409883,
2016-01-01,260.8277893066406,264.37428663143595,255.2086831618604,257.69584375538136,628627,
2016-01-04,254.1032867431641,262.4398468473128,250.87922684867576,259.76845764098186,562370,
2016-01-05,252.537338256836,256.31409898833056,250.55682860076595,255.5771847039125,468519,
2016-01-06,242.3123779296875,252.3530893258965,240.5161119944151,252.214895401562,858196,
2016-01-07,233.4231414794922,239.13436161792703,232.225625885411,238.58166095875347,713171,
2016-01-08,240.14764404296875,243.3717188569592,235.08123862030243,235.08123862030243,581664,
2016-01-11,233.3770751953125,237.56837224268844,231.30445148920367,236.7393287621524,564803,
2016-01-12,231.4887084960937,240.8845907813491,230.2912077680089,234.89702712184248,551468,
2016-01-13,223.843017578125,235.17334362235013,208.18321552454933,234.0218926641413,1984445,
2016-01-14,217.16458129882807,233.4691987617811,213.24964192567367,214.67743575347023,1137057,
2016-01-15,202.74835205078125,226.05381894478825,199.2939841909222,219.14508322507007,1075260,
2016-01-18,187.91758728027344,204.3143179056997,185.61468545396707,202.65623099152205,1149394,
2016-01-19,203.53135681152344,206.3409098882892,186.2595165862863,191.6022648935431,1261797,
2016-01-20,193.3524627685547,200.16908392703112,188.378172058444,198.7873398419489,1004285,
2016-01-21,211.2230529785156,215.9210009039005,197.72798948422383,197.7740541227573,1542371,
2016-01-22,215.92100524902344,222.27704021323,213.8944462033633,216.8421629953168,1040277,
2016-01-25,205.28155517578125,225.40901282874503,191.7404410380958,218.3160482804336,3321981,
2016-01-27,220.9874267578125,223.658800925464,203.11682110835005,204.9131021042566,1973434,
2016-01-28,220.5268402099609,224.5799585993916,217.57910819643072,221.079540900296,698778,
2016-01-29,212.8811798095703,221.6322467689269,211.9600069692328,221.0795460656784,541766,
2016-02-01,214.9538116455078,219.23722349814096,213.0193666149786,217.11854989463868,488514,
2016-02-02,207.0778350830078,218.96086212571265,204.59068953907496,214.1707995952437,587149,
2016-02-03,199.98486328125,205.2815620512868,198.32677619117337,202.8404810549129,719766,
2016-02-04,193.3985137939453,207.2159847537511,190.08232496492704,203.5773884690676,606056,
2016-02-05,203.39317321777344,204.49857456794948,189.9441734731959,195.1948073793781,851624,
2016-02-08,199.47821044921875,206.06453862637605,198.0504016824742,201.0902477649728,463069,
2016-02-09,191.32589721679688,197.7279814259492,189.11509475265245,195.33296542948293,572640,
2016-02-10,181.6076202392578,191.510137277578,174.56070571672475,189.29933468040343,1181211,
2016-02-11,166.17811584472656,181.10097372763155,163.9673131925813,177.78478475418254,950914,
2016-02-12,176.67938232421875,181.008858320312,158.21004238993183,170.13911869456214,1358931,
2016-02-15,182.11427307128903,186.7200922344909,179.71924170470697,181.46945808834545,596393,
2016-02-16,171.56695556640625,185.98317969666763,170.3694397754081,183.95662028296744,653410,
2016-02-17,176.4951629638672,178.01508610568067,160.42083837765358,171.33664321214607,1073216,
2016-02-18,176.7254638671875,183.0814995531544,171.61299353064516,178.75202314297383,669690,
2016-02-19,177.32418823242188,180.36403420299243,173.17895600372685,175.02128644029176,544501,
2016-02-22,176.12669372558594,179.85740435945462,174.69888496259182,177.64660175807424,281060,
2016-02-23,169.0797882080078,177.60056159616846,168.2967943278583,175.1134160393407,482897,
2016-02-24,164.3818359375,168.8955555455952,162.6316346661473,168.8955555455952,454791,
2016-02-25,157.4270477294922,166.45445677849918,154.9399022765335,164.75030517299035,566221,
2016-02-26,153.28179931640625,162.95403823979032,150.14983895160194,159.40755613629798,794949,
2016-02-29,149.68927001953125,156.6440554254707,142.41206213961024,153.83450247879327,1298890,
2016-03-01,164.8424072265625,167.9283177475172,149.9195356152229,149.9195356152229,1852621,
2016-03-02,168.1586151123047,172.25779805945808,165.9938770387673,167.28352195928068,1007584,
2016-03-03,169.81671142578125,172.53415008659394,163.5527906161946,169.40218968180062,1157392,
2016-03-04,176.31092834472656,181.10097580469736,167.65197619912863,172.53415294130292,1630421,
2016-03-08,177.00180053710938,181.46945572050723,172.11963858982193,174.51466992515336,994078,
2016-03-09,176.86363220214844,180.9167505109345,173.82378596817423,176.21881724371568,722562,
2016-03-10,186.99644470214844,192.47737189933628,175.2055317787409,178.33749232067245,2506636,
2016-03-11,187.2267303466797,192.8918858750716,183.173597159384,186.996437153732,1670556,
2016-03-14,188.5163726806641,192.06285507592125,187.457035926918,188.3781937548107,979664,
2016-03-15,190.35870361328125,195.70145203318853,187.54915047727675,188.8387804410316,1227993,
2016-03-16,187.73336791992188,191.8325507768256,182.436669452654,189.7599270279348,756093,
2016-03-17,185.33834838867188,192.5234425040285,184.55535447774776,189.6678247134912,676316,
2016-03-18,186.5819091796875,188.1478818327788,182.390612220356,186.35161599442765,723784,
2016-03-21,185.9371032714844,188.6084773413432,184.7395876529748,187.180668526416,480230,
2016-03-22,187.96365356445312,193.35246609224427,186.1673877234456,186.1673877234456,649270,
2016-03-23,195.4711456298828,199.66244272916265,186.5358507691984,187.7794310101713,1828383,
2016-03-28,197.9122467041016,200.35332760532293,194.82633584271136,195.1948079621265,1174332,
2016-03-29,198.14254760742188,200.30727075205945,193.0761270411224,195.931744814508,1002724,
2016-03-30,209.19650268554688,210.71642575369435,200.39938675028736,200.8139084952787,1693102,
2016-03-31,208.0450439453125,211.68364024277608,206.15664883848729,207.99897930658355,914300,
2016-04-01,218.6844940185547,220.2504816972183,206.4330104362107,207.4462824590932,1491480,
2016-04-04,214.9538116455078,220.06626708129048,212.4666658912888,217.39489275409832,557118,
2016-04-05,205.6039581298828,214.35502452489385,204.3143282403929,212.7890518039857,583415,
2016-04-06,217.80938720703125,219.6056680847533,202.0114214406126,205.8342463762154,1108219,
2016-04-07,214.53927612304688,221.0795400927092,213.1114672619612,221.0795400927092,641650,
2016-04-08,216.2894744873047,218.2239193674048,210.3019112883575,213.7102146471712,632641,
2016-04-11,215.1380157470703,218.03968296280672,212.1442342553251,217.3948680259764,388967,
2016-04-12,221.0795440673828,223.7509182716296,214.63139426238365,214.63139426238365,1124228,
2016-04-13,222.0928192138672,227.4355673344596,220.34260293117453,222.96791235044444,658937,
2016-04-18,224.85630798339844,226.9749813792949,220.71106046429688,222.23098355431617,659555,
2016-04-20,222.0467529296875,228.7251955333918,220.57289449452085,225.68534938168773,587471,
2016-04-21,211.8678741455078,223.84301498855623,208.4595709459689,222.87579259370585,598068,
2016-04-22,211.0848999023437,216.84216975693064,209.058325788722,212.7890515392252,505605,
2016-04-25,208.7359161376953,214.17079346834365,207.4002366276257,211.8678765476883,369494,
2016-04-26,214.2168731689453,215.2762099253004,207.3541865649248,208.7359308125518,469953,
2016-04-27,213.1114654541016,216.28947562899725,211.1770205637904,214.6313885828845,382134,
2016-04-28,210.9467163085937,218.9608532941082,208.6898640548197,213.157503922492,851504,
2016-04-29,212.1442413330078,214.4010936872084,208.9201665412927,210.94672569540373,398924,
2016-05-02,215.9670562744141,217.3948650448931,210.02554300801816,210.71642257576343,773615,
2016-05-03,206.11062622070312,232.1335193596015,202.79442194059376,216.9343022591296,6092477,
2016-05-04,196.0699157714844,209.3346869755448,193.582770232925,205.3736679666881,1803290,
2016-05-05,201.458724975586,203.48528408037723,194.45787488327213,196.991070013069,1112062,
2016-05-06,196.5304718017578,201.4587128567851,194.9184345421044,200.21513268232783,476823,
2016-05-09,199.43215942382807,201.55083273697008,197.1292425581928,197.5437642929581,602599,
2016-05-10,196.5304718017578,200.4454258629595,195.28690663206865,199.24791032653584,378367,
2016-05-11,193.6748962402344,197.12926441938484,191.6022723317901,193.90518945281377,497851,
2016-05-12,196.43836975097656,198.5109935008321,193.6748814210152,194.36576100589008,619533,
2016-05-13,191.464096069336,197.45167466546368,190.2665803501104,195.3330010878641,439266,
2016-05-16,189.6217803955078,193.0761336187702,189.02301503337432,191.8325682589682,420666,
2016-05-17,191.2337951660156,195.7474996464583,190.0362795888904,190.0362795888904,563386,
2016-05-18,202.3798828125,203.99192016963363,191.83255053228712,191.92466480915635,1509737,
2016-05-19,195.7935485839844,206.0184880903481,194.54998337645745,203.3931637569887,787014,
2016-05-20,192.5695037841797,199.80064797568392,191.7865098259223,196.2081007008303,539714,
2016-05-23,191.32589721679688,195.65537287177327,190.2665456166132,193.76697784991933,444679,
2016-05-24,187.96365356445312,194.2736238298776,186.2134373577046,192.29312944229704,465041,
2016-05-25,194.8263397216797,195.74751253617336,189.8981131794012,189.8981131794012,483424,
2016-05-26,195.56326293945312,196.85289283615785,191.14167257864148,195.7475064995317,398141,
2016-05-27,200.1230316162109,202.1035410965131,194.5039256532783,195.70144126872043,769724,
2016-05-30,198.649169921875,201.5508371332931,197.45165432600533,200.8139079215508,317671,
2016-05-31,194.8724060058593,199.66245366535983,193.5367114154999,198.87947477216807,300519,
2016-06-01,195.2408599853516,199.70851509080703,193.859115779003,195.8856749486322,446455,
2016-06-02,192.43130493164065,196.2080803923087,191.60226141739645,195.51721579869496,393015,
2016-06-03,187.4109802246093,193.813080700836,186.99645843204263,192.984022110932,555617,
2016-06-06,189.1151123046875,190.35869255737904,183.35784244577584,188.28606880607248,506932,
2016-06-07,192.2010192871093,193.26035595975395,187.4570215754472,189.3914663702161,359239,
2016-06-08,192.93795776367188,194.78028837169552,188.24000946154223,191.74044211821803,679511,
2016-06-09,195.97781372070312,198.97159548018573,192.799788387957,193.30642445369875,937776,
2016-06-10,195.6553955078125,199.6163995421044,193.76700026748364,196.20808118302307,602092,
2016-06-13,190.72715759277344,195.1948127532852,189.62177121693423,195.1948127532852,393233,
2016-06-14,190.08233642578125,195.19480639087803,188.1478915751541,191.60225952338385,423453,
2016-06-15,191.2798309326172,194.82631276726545,190.2665439778173,191.8785961801522,545610,
2016-06-16,187.64126586914065,191.6022700662684,186.44375018074945,190.4968686608657,440040,
2016-06-17,187.45703125,190.9574489143832,186.58192308271185,189.02300401977865,365038,
2016-06-20,187.91758728027344,190.2205041113481,184.5092841746697,184.5092841746697,329705,
2016-06-21,187.2727813720703,189.11511192455416,186.53585215203057,188.1478895098578,325481,
2016-06-22,185.983154296875,191.9707324341398,184.32506727791645,187.4109631224653,569783,
2016-06-23,179.71923828125,186.99644652496968,178.89019474890625,184.4171866423272,547668,
2016-06-24,180.73252868652344,182.4827450688421,167.32957797632264,175.02130812693335,850002,
2016-06-27,189.29934692382807,190.68110613881527,180.22588777498328,180.45616597271163,997071,
2016-06-28,187.8254852294922,195.10269328616027,186.996441718458,190.3586954089857,746194,
2016-06-29,187.8715362548828,190.0362741588194,187.0885424374493,189.2993299749008,215542,
2016-06-30,187.64126586914065,190.54293330474505,187.0885651664393,189.0230101235089,252261,
2016-07-01,197.7280120849609,200.58362987646828,190.22052547965183,190.22052547965183,1816460,
2016-07-04,194.04335021972656,199.0176261277447,192.66159107357672,198.69521866126348,514077,
2016-07-05,198.3267517089844,201.59689085148835,191.74042379091983,194.73420511601248,908564,
2016-07-07,200.7218017578125,204.45251260762063,197.26743374678776,199.34004254958705,884002,
2016-07-08,196.99107360839844,201.73507148801977,195.6093294210389,199.89274090328408,379968,
2016-07-11,201.1363220214844,204.13010360748711,198.51099755111744,199.06369822934045,919035,
2016-07-12,196.115966796875,202.4259524688329,194.96451580032684,201.827187147194,358716,
2016-07-13,192.52345275878903,198.0504300591256,191.694394159922,197.1292721773264,285770,
2016-07-14,195.28692626953125,198.3728221898138,192.10890106391736,192.52343783359973,288608,
2016-07-15,190.08233642578125,196.115964174847,189.66781467275675,195.379034946718,314999,
2016-07-18,185.29229736328125,192.6616049843228,181.1009849916314,191.2798607431756,433904,
2016-07-19,181.7918395996093,187.4570097149729,180.17980237262947,185.1540929601012,552087,
2016-07-20,194.5500030517578,196.43838337374217,181.2391664953694,181.97609576747965,1379539,
2016-07-21,191.55621337890625,197.8661840767636,190.03629025359524,195.0105813901095,560879,
2016-07-22,191.87863159179688,193.44460444210875,189.16119267016865,191.9707458765481,318818,
2016-07-25,197.77407836914065,202.37989758211515,192.52344416625428,192.52344416625428,1062329,
2016-07-26,202.19566345214844,211.13095878149565,195.7014490875173,198.87947431023213,2506217,
2016-07-27,206.8014678955078,208.64379840051657,200.90601928234096,204.4064367385196,1034988,
2016-07-28,208.6898803710937,214.44715054819363,204.77492584723151,207.2620714853032,1493271,
2016-07-29,202.33384704589844,209.1044044099635,201.5508531316845,208.5517037060931,470649,
2016-08-01,197.2674255371093,204.26827554739896,194.27362904864984,203.57739597203857,688771,
2016-08-02,197.31349182128903,203.85377100462176,195.28693256924697,196.945034687156,798422,
2016-08-03,191.64833068847656,198.3267736150869,190.7271578683815,196.6686715417776,469442,
2016-08-04,193.95123291015625,196.02385675253444,190.2205219976913,193.62882542377608,431224,
2016-08-05,195.93174743652344,197.5898495533981,193.9051881857456,194.7802963859208,311503,
2016-08-08,197.2213592529297,200.21514071166607,192.61554046989147,197.1292449779365,579736,
2016-08-09,189.3914794921875,204.86703892256168,187.41096992018475,197.58984562035567,1733492,
2016-08-10,177.18605041503906,190.0823503649332,175.98853470472457,186.9964543068572,1586500,
2016-08-11,168.84950256347656,179.3047212964973,165.07272691964118,178.24538453141602,1255321,
2016-08-12,172.94866943359375,175.80428697107885,169.0337152306692,169.0337152306692,612063,
2016-08-16,176.81756591796875,178.42960329907834,169.26401504512123,172.94867620330578,577218,
2016-08-17,179.67318725585938,181.1931103899332,175.48188997892856,176.31093350487083,571978,
2016-08-18,178.33749389648438,183.0354422532781,177.64661428364806,180.08771024518734,988265,
2016-08-19,177.73873901367188,182.06821513169973,176.77151658335305,179.99559135108245,629684,
2016-08-22,176.03457641601562,179.35078054357132,175.0213043254594,177.0939281539893,281400,
2016-08-23,179.857421875,181.83793148121256,174.79101625900435,176.72546122121523,730572,
2016-08-24,179.1204833984375,181.3773357383589,177.92296776841013,180.27193438683068,298698,
2016-08-25,175.3437042236328,182.29848965253987,173.27108048477268,179.67318025443473,566944,
2016-08-26,172.0735626220703,176.81756033743463,171.42874768997746,176.771510702153,347942,
2016-08-29,173.5013885498047,174.83708318605534,171.52087891773033,172.16569391355404,200383,
2016-08-30,174.92919921875,178.1532742300903,173.5474399240867,174.88313457368642,351781,
2016-08-31,173.22500610351562,176.49514526306154,172.4880769278582,175.0212869117467,216694,
2016-09-01,169.35614013671875,174.60678937453085,168.48103193041672,173.40927367142126,298280,
2016-09-02,176.44911193847656,177.55449830174652,168.57315344954222,169.54037589538436,536737,
2016-09-06,179.99560546875,182.39063691399068,175.94247186801107,175.94247186801107,558194,
2016-09-07,181.1470489501953,188.5624211866395,179.71924007100787,179.76530471427222,1228709,
2016-09-08,186.5819091796875,188.3321103790793,180.5482817430455,180.5482817430455,766274,
2016-09-09,191.187744140625,194.08941151324748,184.27900801397053,184.27900801397053,1351483,
2016-09-12,182.1603240966797,187.41095785028816,181.331265605754,184.7856334710996,673784,
2016-09-14,188.654525756836,189.2072264237072,182.34455523586297,182.34455523586297,593211,
2016-09-15,184.23294067382807,190.1284046185194,182.9893753915262,189.20723181257475,418400,
2016-09-16,184.27899169921875,190.58897693841743,183.77235569624744,186.62795817317576,805016,
2016-09-19,181.37733459472656,185.89103924610927,180.5482910886924,184.2329372292717,329402,
2016-09-20,179.9034881591797,183.08149848117,178.24538603155202,181.93004742310004,392568,
2016-09-21,176.44911193847656,181.5615670073124,175.75823233225955,179.62712211562808,415213,
2016-09-22,174.92919921875,179.1665463737856,174.19225492635476,178.2453885154471,483696,
2016-09-23,172.2117462158203,176.35697874698434,171.6590455440446,175.94245699434484,537925,
2016-09-26,172.11962890625,174.92918185217334,171.56692824420963,171.56692824420963,292658,
2016-09-27,172.0735626220703,176.31092432072418,171.52086196530948,172.30385581278472,396651,
2016-09-28,171.10633850097656,175.25158588255786,170.04700183817226,172.25778943818534,327016,
2016-09-29,160.927490234375,174.10014875445216,155.67685568618248,172.25781794714808,746247,
2016-09-30,159.86813354492188,164.84242460649247,159.17726895595158,161.20382809091055,426959,
2016-10-03,164.75030517578125,166.08599967999663,161.38805159998674,161.4801658753173,440870,
2016-10-04,167.9283447265625,169.81672504610455,164.4739765766377,165.53331334172424,545176,
2016-10-05,167.09927368164062,169.35612597051374,164.42789964651288,167.92833217891877,491498,
2016-10-06,164.10549926757812,168.80343260115055,162.7237550521021,168.02045371540152,453623,
2016-10-07,163.7830810546875,164.79636808220184,161.43411454177766,164.79636808220184,250428,
2016-10-10,167.79014587402344,170.59969870245294,163.46067003973744,164.79636450087443,406236,
2016-10-13,162.81585693359375,168.7573701119697,158.48638105130675,166.9611042691187,501573,
2016-10-14,162.44740295410156,164.65820578090478,161.20383761760232,163.046168305015,262291,
2016-10-17,167.05322265625,170.23123268761287,162.21709564412325,162.21709564412325,549695,
2016-10-18,168.75738525390625,171.8893458537216,166.96111924988338,167.7440981462599,356265,
2016-10-19,167.28353881835938,170.23125606298132,166.31631628407325,169.03374030556458,237467,
2016-10-20,169.2179718017578,173.50138343271726,168.11257041158447,168.34286361826807,608051,
2016-10-21,168.2967987060547,171.19846609704496,167.65198373027906,170.13912935180926,223090,
2016-10-24,166.9150390625,169.95488509757976,166.22415950733884,168.6191906261755,218058,
2016-10-25,165.1648406982422,168.20468706163516,163.82916108734858,167.55987207574998,198848,
2016-10-26,166.03994750976562,168.0204570948027,163.69098079573456,164.88849647450468,280512,
2016-10-27,166.31629943847656,167.37563615376425,164.52001848190503,165.80964839699777,197895,
2016-10-28,173.5474395751953,177.41634458579617,166.27024599416276,166.31631063913375,1195849,
2016-11-01,173.593505859375,177.13998839820837,169.9088443890942,175.02131480494364,406995,
2016-11-02,168.80343627929688,171.70511870122326,168.0665070153036,170.8760601500572,305316,
2016-11-03,155.26231384277344,172.211746079675,153.1896900764454,168.57314958186146,2913812,
2016-11-04,147.15606689453125,158.44034385798113,145.59009411455443,155.6768404157138,1342843,
2016-11-07,145.63613891601562,150.14984354959117,144.39257366187036,149.64320752065447,485094,
2016-11-08,141.44485473632812,147.06396122575327,140.56974651209595,146.32703193291843,404561,
2016-11-09,134.99668884277344,139.00375734539406,115.4219327104877,118.36966454104316,733395,
2016-11-10,138.6352996826172,142.68843324747684,138.2207778986047,142.68843324747684,332312,
2016-11-11,130.25270080566406,137.3456655759609,129.33152797562715,136.6087363147933,247840,
2016-11-15,121.08710479736328,131.0817444865743,119.84353197884606,130.80540164013485,422201,
2016-11-16,126.9825668334961,131.6805154621456,120.99499569245953,122.65309035396888,555369,
2016-11-17,122.791259765625,130.71326781225088,122.14644480823058,127.12073590949302,210204,
2016-11-18,121.63980865478516,127.5813300552716,120.94893651597026,122.74521007879709,323805,
2016-11-21,111.00035095214844,123.06761452006324,109.5264924265901,122.46885668066082,521841,
2016-11-22,113.21114349365234,116.25098975797046,110.53976935416075,113.11902921363809,306246,
2016-11-23,120.7646942138672,122.00826700052812,114.31654458109549,116.06675340896864,526684,
2016-11-24,126.15351104736328,128.04189124137352,118.13937387114024,118.36966706646228,614927,
2016-11-25,130.9896240234375,133.0161831493427,127.1207343272269,127.58132072099554,657131,
2016-11-28,131.3580780029297,134.39792412169908,129.69999103252366,130.80539234930689,270571,
2016-11-29,129.23941040039062,133.24647909845223,128.0879593969548,132.41743557635996,212074,
2016-11-30,132.00289916992188,133.10828540848186,127.1207228491973,129.42362460056776,296382,
2016-12-01,137.48382568359375,142.227823095603,132.27924191960793,133.10828534935158,1197590,
2016-12-02,133.2464599609375,137.06929955053894,131.81865131869355,135.41119773972977,264805,
2016-12-05,132.785888671875,135.64150627997807,131.40414450866373,133.06224650737866,142784,
2016-12-06,134.8585205078125,137.16143758780493,132.37137486294708,132.37137486294708,155040,
2016-12-07,132.46348571777344,136.60873335354384,130.85144830492263,135.41121770331617,149606,
2016-12-08,133.93734741210938,136.3323634967775,131.7265448665472,133.66098959153,197867,
2016-12-09,158.53244018554688,160.69717805152263,134.4900304819733,134.5821597569237,4804325,
2016-12-12,151.99217224121094,158.16397880899552,148.30751115582405,156.874348929587,1458641,
2016-12-13,156.41375732421875,161.89469913361074,151.9921671702278,152.08428144357387,1958564,
2016-12-14,153.28179931640625,160.46689280289368,151.99216946059087,155.30837337963214,824271,
2016-12-15,148.7220458984375,156.59800398554066,146.69547182550448,151.80794163827164,826477,
2016-12-16,142.3199462890625,150.38013293021942,141.03031642647738,147.84693784504242,828357,
2016-12-19,138.7274169921875,147.29425573272556,138.2207809123224,142.78055064542025,816179,
2016-12-20,134.30580139160156,141.49089449362498,133.2004001444029,139.46432053883817,683607,
2016-12-21,130.7132568359375,136.977177325992,130.34479975109198,135.4112047058624,633017,
2016-12-22,125.60081481933594,132.09502913980907,124.8178209285172,130.71326991903382,629338,
2016-12-23,125.5086898803711,129.28547281407424,122.3306722615674,125.64686879992776,1055559,
2016-12-26,119.75140380859376,125.55474545609628,119.1526460393124,125.32445227505328,540116,
2016-12-27,122.14644622802734,126.84437954228862,119.56718636846908,120.21200133335864,1108675,
2016-12-28,124.77176666259766,127.81160550831407,122.5609713646289,122.79126457339656,909716,
2016-12-29,128.5946044921875,130.8054073797911,124.44936408270128,124.44936408270128,846949,
2016-12-30,128.68670654296875,131.0817377752319,128.1340058736181,128.9630643800286,386236,
2017-01-02,131.26597595214844,132.64773522919532,127.90373705802423,129.83818204016563,514382,
2017-01-03,132.1871337890625,134.16762818595595,130.80538967373096,131.4962542290125,385490,
2017-01-04,130.8975067138672,133.61494536748563,130.25269177943358,132.69377260128402,307749,
2017-01-05,133.7531280517578,135.87181670853255,131.3120468872851,132.09504084750122,741958,
2017-01-06,134.49005126953125,136.60873983027648,133.75312198939957,134.49005126953125,459907,
2017-01-09,133.33859252929688,135.77968844733604,132.73984221265744,134.49004352540234,164723,
2017-01-10,134.39793395996094,137.2074870930027,133.0161897152192,133.0161897152192,369970,
2017-01-11,134.72032165527344,137.6219886443022,133.246463344748,135.1809080041005,369265,
2017-01-12,133.2925262451172,136.10207892873362,132.23317465566168,134.58215600121866,282282,
2017-01-13,132.32533264160156,135.22700022246903,130.80540938427518,134.21371304932785,461126,
2017-01-16,131.40414428710938,133.10829591902225,130.25269332050289,132.23318778268452,206746,
2017-01-17,133.66099548339844,136.1481409544069,131.03568610077812,131.08173573639246,440930,
2017-01-18,136.93113708496094,140.20127646349016,133.56888342890218,134.44399157258658,828222,
2017-01-19,137.57595825195312,139.556467825065,136.74691471193873,137.5298936087213,362431,
2017-01-20,132.64773559570312,138.08259841564407,131.81867702623026,137.34566913537836,219782,
2017-01-23,132.2792510986328,134.67428228938405,131.72655043886184,133.56888096984213,288290,
2017-01-24,132.46348571777344,135.2269891432102,131.86473539504436,133.33859388543095,278516,
2017-01-25,138.58921813964844,141.30665673155693,132.97012741345074,133.24647023417452,1213883,
2017-01-27,141.03033447265625,143.5635298819798,138.49712405856204,138.68136763734188,900114,
2017-01-30,136.10208129882812,140.80001406221734,135.5954303109886,140.10913453594586,331839,
2017-01-31,130.52903747558594,137.20748015827104,129.97633680466984,136.24025773536013,333271,
2017-02-01,130.7132568359375,132.6477165504487,128.04188295173523,130.80538611191696,315722,
2017-02-02,138.58921813964844,139.92491261840115,130.80538946775826,130.80538946775826,1049786,
2017-02-03,128.73277282714844,140.20127810182228,125.7389837486083,139.46433386343602,1958484,
2017-02-06,123.34395599365234,130.2526917178213,122.5149050058937,129.8842196105612,748356,
2017-02-07,121.13316345214844,126.38380481545651,119.29083288599176,124.35723819173036,636556,
2017-02-08,122.05433654785156,124.58753936286963,120.76469906708532,121.87010047848923,460168,
2017-02-09,121.36344909667967,124.54146669617047,120.67257701024856,123.4360728583576,410062,
2017-02-10,119.01448822021484,122.51491346170528,118.50784466455264,122.14644883139866,471877,
2017-02-13,117.3103256225586,120.85681540564286,115.14558754145024,120.6725793445845,868468,
2017-02-14,110.86217498779295,118.59995443718518,110.53976751073496,117.77091092611296,6973293,
2017-02-15,102.8019790649414,106.2102898453295,99.30155400741388,103.1704436758836,5167461,
2017-02-16,104.92066192626952,106.16423470054426,103.21651025526344,103.21651025526344,1138295,
2017-02-17,103.5389175415039,106.4866419813132,102.84804544649693,106.11817736413512,577285,
2017-02-20,103.99950408935548,105.65759873984685,103.2165176580403,104.552204806981,524630,
2017-02-21,102.47956848144533,105.19700709602148,101.97293247017473,104.46007789650916,506068,
2017-02-22,103.72314453125,105.28912475737742,101.4202350819042,102.52562891673176,734457,
2017-02-23,105.24307250976562,107.45386778454922,102.52563368148344,104.09161398038786,890838,
2017-02-27,103.95343780517578,106.7629907865901,103.63103033197692,105.74971122830571,427592,
2017-02-28,102.61775207519533,105.19701189349908,102.24928745863544,104.04555340216292,333308,
2017-03-01,110.125244140625,112.19786039030306,103.1704436626474,103.63103005305445,3008668,
2017-03-02,112.0596923828125,114.96135972204428,111.27669849626028,112.93480054929393,1805492,
2017-03-03,113.7177963256836,114.68501885197938,109.7107272868094,112.10575878185728,850991,
2017-03-06,111.96756744384766,114.40865581222828,110.5397661356598,114.22442725756382,406989,
2017-03-07,110.6779327392578,113.11902100149722,110.12523959691156,111.96756257537275,541059,
2017-03-08,110.4015884399414,112.1057399855772,108.23685052907383,111.00033871092816,523046,
2017-03-09,108.5132064819336,111.59910999445934,107.91445613846228,109.61860789040225,416553,
2017-03-10,106.34847259521484,109.66466171556306,105.93394332838272,109.61860457533388,320625,
2017-03-14,105.9339370727539,108.74348998228623,105.33517928036304,107.77626758743588,603984,
2017-03-15,103.58497619628906,107.54598026688326,103.07833265126666,106.39452925915424,503893,
2017-03-16,104.5522003173828,105.79577312744712,103.99949962349092,103.99949962349092,744645,
2017-03-17,105.88788604736328,107.96050987161372,104.8746064565144,105.0127778770182,533934,
2017-03-20,105.84182739257812,107.59203620583764,104.82854781622947,106.21029201103356,377870,
2017-03-21,105.88788604736328,106.3945295939801,104.5521989729541,106.11817925058772,408057,
2017-03-22,105.9339370727539,107.177509795045,104.5521929379346,105.01277181541292,510690,
2017-03-23,105.05882263183594,107.03933194226892,104.6443009168076,106.39451705116532,284551,
2017-03-24,106.5787582397461,107.54598069119926,104.36796299322673,105.84182899170123,793899,
2017-03-27,107.08539581298828,109.11195488325204,106.1181734154918,106.57875229423016,838758,
2017-03-28,105.97999572753906,110.53976494201508,105.74971003669516,107.13145419129638,910554,
2017-03-29,105.01277923583984,106.5327023929727,104.7364288888716,106.39453097068102,649239,
2017-03-30,105.33518981933594,106.99329194987638,104.46008911433331,105.93394767163358,318430,
2017-03-31,105.9339370727539,107.03933838251685,104.6443072129534,105.56547247029438,524559,
2017-04-03,109.25012969970705,109.8028303353644,105.93393338814695,105.93393338814695,651828,
2017-04-05,113.48748779296876,116.48127675786306,109.71071248487708,110.07917708769844,1769374,
2017-04-06,110.3094711303711,114.59288998943632,109.80283511097036,114.13230360556176,669516,
2017-04-07,111.46092987060548,114.22442567371452,109.61859933519943,109.61859933519943,613759,
2017-04-10,110.44766235351562,113.21115095515708,109.98707591831854,111.36882772152453,348184,
2017-04-11,109.75677490234376,110.63188306513231,109.0198456612506,109.71071776257352,295248,
2017-04-12,109.20408630371094,110.35553735342302,107.1775195521154,109.61860808141648,370573,
2017-04-13,112.56632995605467,114.68501093993952,108.97379046371506,109.29619795023766,760921,
2017-04-17,114.36260223388672,116.5273403352785,111.92151378951036,113.0729723015486,858101,
2017-04-18,112.8426742553711,118.27754409443943,111.96756612387772,115.88252039534405,749200,
2017-04-19,114.1783676147461,116.43522752725778,112.8426805254199,113.25720979633034,337581,
2017-04-20,114.5468292236328,116.75762429001163,110.86216827887336,114.77711490589216,470220,
2017-04-21,114.36260223388672,116.80369067826308,113.62567298751772,115.0995314802557,414870,
2017-04-24,113.48748779296876,116.15886929259632,112.93479463992888,115.09952511930248,351765,
2017-04-25,115.5140609741211,116.02069701860634,113.16508680530433,113.48749428902576,494146,
2017-04-26,119.15265655517578,123.80454021040111,115.60617426460722,115.60617426460722,2006070,
2017-04-27,118.78418731689452,120.7186321274611,117.44850030517728,120.21199610700856,369536,
2017-04-28,119.6593017578125,121.3173963254167,118.41572895651314,118.83025072281798,392888,
2017-05-02,115.69828033447266,120.67257111769268,114.91529400872056,119.3829412853592,371213,
2017-05-03,128.50247192382812,134.21369189790258,116.15886673769452,116.15886673769452,6191001,
2017-05-04,121.45557403564452,127.6734379800186,120.76469442885929,127.6734379800186,1456252,
2017-05-05,118.36966705322266,123.80453694647696,117.90908066263007,121.13316288962442,758244,
2017-05-08,118.46178436279295,119.98170748684042,116.57339661827017,118.46178436279295,375701,
2017-05-09,119.06053924560548,122.10038541866574,118.13937396596248,119.61323991386816,635084,
2017-05-10,118.00120544433594,120.25805780898106,117.40244762276288,119.06054216583496,316508,
2017-05-11,116.0667495727539,119.19871000583602,115.56011354828692,118.64601684299792,316984,
2017-05-12,116.43522644042967,118.23149242219708,115.23771078432824,116.43522644042967,325438,
2017-05-15,113.6717300415039,116.98791915003692,113.30326541859854,116.43522596687126,351231,
2017-05-16,115.56011199951172,117.72484999063396,112.70450193731274,113.99413180395844,440971,
2017-05-17,114.36260223388672,116.80369067826308,113.94808047060224,115.14558862035568,285651,
2017-05-18,110.21736145019533,113.9480798051216,109.61860362762307,113.9480798051216,372543,
2017-05-19,112.01364135742188,114.04020064079756,110.53977528617628,110.53977528617628,413034,
2017-05-22,112.70451354980467,113.7638503344453,111.50699783528086,112.24392712004084,282230,
2017-05-23,106.9932861328125,112.88873504625704,106.30240653145684,112.88873504625704,325539,
2017-05-24,107.13146209716795,111.92151735597471,105.4733674888089,107.59204101522909,662884,
2017-05-25,109.57254791259766,110.35553430467522,106.57875876080736,107.77627442152348,354668,
2017-05-26,111.7372817993164,112.24391782724952,108.23685673293264,110.44765190656368,431130,
2017-05-29,110.21736145019533,113.85595802307492,109.1580172245438,112.38209953894456,401185,
2017-05-30,112.8426742553711,113.25720350324842,108.697434293289,109.71071383915182,366032,
2017-05-31,115.56011199951172,116.0667480171886,111.55304348392862,113.30325973288171,574999,
2017-06-01,114.27049255371094,116.3431089559524,113.62567756158448,115.14559325560752,219838,
2017-06-02,111.50698852539062,114.96135645066838,110.72399466111948,114.68500611636,285601,
2017-06-05,111.18458557128906,113.11903048768448,110.58582773968313,112.24392231053852,226680,
2017-06-06,110.3094711303711,112.10574452319,109.66465619485425,111.6912227796104,200057,
2017-06-07,108.78955078125,111.27669630954034,107.82232835384649,110.26341674307731,213012,
2017-06-08,109.11195373535156,110.6318767732514,108.69743199860956,108.973782323899,137159,
2017-06-09,110.07918548583984,112.2439236327496,108.14474054665703,109.48043514956558,362664,
2017-06-12,108.92772674560548,110.07917769800817,106.67087447622563,108.55926214074124,280818,
2017-06-13,110.72399139404295,111.82939269865992,108.28291060071844,109.52648331722035,362486,
2017-06-14,111.23064422607422,111.82940206583146,108.5132053765902,110.26342175470904,223316,
2017-06-15,110.3094711303711,111.6912227796104,109.66465619485425,109.94100652470208,177562,
2017-06-16,109.52649688720705,111.1385344041795,108.78956009203016,110.1252547509947,174174,
2017-06-19,109.61859893798828,110.4937070644928,108.60531939790198,109.61859893798828,230647,
2017-06-20,111.36881256103516,112.24391316448988,109.2501317527894,109.2501317527894,267308,
2017-06-21,113.5335464477539,114.50077635886429,110.90822955298133,111.4609302157917,407057,
2017-06-22,112.9808578491211,114.86924560464966,111.96757075892742,114.59289526208636,219290,
2017-06-23,112.24392700195312,117.44851163945222,109.94101736271216,113.53355700011888,682244,
2017-06-27,111.27669525146484,113.30326186750588,110.17130141739344,111.55304558557884,270208,
2017-06-28,110.86217498779295,112.75056271090196,110.263417172916,110.63188178921308,180518,
2017-06-29,112.42815399169922,113.6717267469528,110.86217376294972,110.86217376294972,228367,
2017-06-30,113.5335464477539,115.0534695192902,109.75677108919048,113.3032607569033,263376,
2017-07-03,116.29705047607422,117.26427295313664,111.73728844169216,112.84268234302706,416048,
2017-07-04,120.90287017822266,123.62030138453363,116.06675056956765,117.40244510572433,1071011,
2017-07-05,118.4157257080078,122.46885148615,118.00120395307457,121.962207950488,388048,
2017-07-06,118.18543243408205,120.396227629618,117.49456034217415,119.06054058494485,176610,
2017-07-07,112.93479919433594,118.64601952434876,111.4609332212284,117.0800392724172,711729,
2017-07-10,114.40865325927734,115.09952532862188,112.38209418888214,112.65844451709684,63428,
2017-07-11,113.90202331542967,115.09953146502464,112.38210018040807,113.53355118990918,236820,
2017-07-12,119.01448822021484,120.67258280778718,113.53355339945072,114.27049016244892,873861,
2017-07-13,121.68585968017578,124.35724131899674,119.8895937100284,120.6725800940236,929399,
2017-07-14,120.30410766601562,123.15971767936684,116.52733240619138,122.37672384379182,712563,
2017-07-17,116.23226928710938,119.32983134348646,115.64225925312913,116.92062057874018,731810,
2017-07-18,114.26555633544922,116.03559381837812,114.0688888384056,116.03559381837812,245280,
2017-07-19,115.59309387207033,117.01895205157692,114.2655619435272,114.70807508716972,376894,
2017-07-20,114.46223449707033,116.23226452651488,114.0688919897323,116.23226452651488,172004,
2017-07-21,113.23304748535156,115.937266994326,112.69220058260284,113.77388688571573,218823,
2017-07-24,111.56134033203124,114.75723602028336,111.16800532615385,114.06889225761356,324167,
2017-07-25,115.39642333984376,117.41229912241384,113.03637565601127,113.18388004294796,562148,
2017-07-26,112.10220336914062,116.28145217895508,111.41385950730182,116.03561401367188,629708,
2017-07-27,110.87300872802734,113.82306660992607,110.4305030466966,112.88888461494554,341966,
2017-07-28,109.15213012695312,110.28298702964618,108.80795824414682,110.13548265061937,237513,
2017-07-31,108.3162841796875,111.65968432845597,106.8904184900148,110.18465551303322,324826,
2017-08-01,109.2504653930664,111.0205029611523,107.23459719304108,108.36544660902344,265680,
2017-08-02,110.92217254638672,112.05302199640492,108.36544987055942,108.70962927087942,850056,
2017-08-03,108.70963287353516,111.11884374130868,107.87377716206868,111.11884374130868,182992,
2017-08-04,105.80873107910156,109.1521311926878,105.366225440085,109.1521311926878,279175,
2017-08-07,103.30119323730467,106.64458606265607,102.07200249198875,106.4970891751261,260664,
2017-08-08,103.84202575683594,106.59541584415784,102.76033947338249,104.23536826965112,326051,
2017-08-09,103.25201416015624,105.61206169857954,102.26866164434524,103.94035792027024,470107,
2017-08-10,99.22027587890624,104.43204000191224,97.54857200737304,103.25201991808798,303006,
2017-08-11,97.89275360107422,100.20363069336751,94.89352519248222,98.33525926682096,359144,
2017-08-14,100.84280395507812,101.5803183452838,98.33525202742504,98.33525202742504,170923,
2017-08-16,102.0228271484375,102.80951219005398,99.71195015446789,100.54779832219504,231949,
2017-08-17,110.5288314819336,112.495536641746,101.87532577780512,103.74369718010388,981577,
2017-08-18,109.98798370361328,111.11884066215642,105.36622961507923,109.15213551769348,321736,
2017-08-21,106.6937484741211,109.2013004023468,106.152901586893,109.05379602379512,297424,
2017-08-22,106.64458465576172,108.95546922837757,105.66123207248172,106.89042280158172,228108,
2017-08-23,108.9062957763672,112.1021915892177,105.71039996351668,107.4804375685108,382321,
2017-08-24,107.08708953857422,109.15212830329484,106.25124140789973,109.15212830329484,179264,
2017-08-28,104.97288513183594,107.6771046551385,103.94036194925748,106.2020758242462,237892,
2017-08-29,103.20285034179688,104.9728879879814,102.26866839110131,104.23537355246864,216137,
2017-08-30,103.9895248413086,105.26788606726176,103.4486779759321,104.08785858890867,153179,
2017-08-31,105.61206817626952,107.57877332851892,103.5470292668846,103.98953492518682,329415,
2017-09-01,111.61051940917967,113.970567135049,104.72705125178534,104.72705125178534,1004437,
2017-09-04,108.02127838134766,111.56134613507707,106.59542015491289,111.11884047925516,327943,
2017-09-05,108.41462707519533,111.80719063577796,106.54625558430676,108.9063033884615,303627,
2017-09-06,107.6771011352539,109.98797806096742,106.98875737095943,107.627930508211,293977,
2017-09-07,108.11961364746094,112.4955371492142,106.34958349707604,108.36545179354646,901934,
2017-09-08,110.13549041748048,111.70885306582464,108.31628962088298,109.10296719386264,359884,
2017-09-11,110.5288314819336,111.46301343189056,109.34880388461528,110.23382270700782,281767,
2017-09-12,115.59309387207033,117.46145769283495,110.97133244087146,111.11883682208564,1261404,
2017-09-13,119.62484741210938,124.29577234495156,114.85558871800016,115.93727509670764,1814627,
2017-09-14,117.7564697265625,121.49321247666823,116.28144087821308,119.4281660870713,447045,
2017-09-15,115.05224609375,117.60896117313423,114.26556106822358,117.60896117313423,297145,
2017-09-18,119.67399597167967,121.4932040943707,116.08476535690576,116.08476535690576,659885,
2017-09-19,121.1981964111328,124.78743455989068,118.49397701859232,120.41151140507644,634290,
2017-09-20,126.50830078125,130.78589041710046,120.6081929264722,121.4440411015933,2063013,
2017-09-21,128.524169921875,131.57256870160006,124.49242613556076,127.83582616654728,1148902,
2017-09-22,119.91984558105467,128.47501012961672,117.11729219462126,128.47501012961672,718305,
2017-09-25,115.7406005859375,120.95237248247798,112.20053264790296,119.52651418180932,628136,
2017-09-26,116.8222885131836,119.32983306946475,115.101421512793,115.64226092577064,343411,
2017-09-27,112.69220733642578,119.96901813352652,111.65969159982234,117.80564539764644,450692,
2017-09-28,114.2164077758789,116.0356086138392,113.08555076772464,113.47889331435026,327726,
2017-09-29,117.1664581298828,118.83815446816514,114.46223861053018,114.46223861053018,390428,
2017-10-03,117.21562957763672,119.52651424195832,116.37978134915568,118.24815283200957,150693,
2017-10-04,118.198974609375,119.77234470592936,115.3964213162626,116.87145015499382,330327,
2017-10-05,124.9841079711914,130.68754827649295,117.5598006983413,117.75646820796445,1599900,
2017-10-06,128.47500610351562,130.68754936595116,123.06657451994676,125.9674690765708,1301112,
2017-10-09,129.55670166015625,132.65425626720096,127.19666148381454,127.19666148381454,822202,
2017-10-10,129.45835876464844,132.55592833731367,127.1474892471803,130.24504381507626,596055,
2017-10-11,125.52495574951172,131.76924300329543,124.44326943428996,129.40920286186054,835043,
2017-10-12,132.55592346191406,135.11263102580722,127.93416959219634,128.81918086339616,1785259,
2017-10-13,130.6383819580078,136.14514680049265,129.90086760372046,133.53926875058448,838551,
2017-10-16,129.45835876464844,132.7525958487283,126.75413921958176,131.86758454497786,609727,
2017-10-17,127.88499450683594,131.42505447299595,127.44248888666196,130.5892138581714,321829,
2017-10-18,129.0650177001953,130.7367139761203,127.19665392206184,127.93416830892008,353119,
2017-10-19,127.88499450683594,131.22838697567065,126.36079514422048,130.04836698695064,109822,
2017-10-23,126.21331024169922,128.86835921929952,125.5741220588151,127.93417726483624,188558,
2017-10-24,127.34416198730467,129.60587597336138,125.86913308397683,125.96747434610668,297619,
2017-10-25,127.24581909179688,129.6058743096888,126.0657989852358,128.4750098287917,370443,
2017-10-26,130.9333953857422,135.16181465381524,127.78667000186348,128.6716963629598,871299,
2017-10-27,129.11419677734375,133.5392833881111,126.9508241019225,132.75259832302078,375607,
2017-10-30,132.40843200683594,134.96515496992325,129.65505651399863,130.78590609107314,664336,
2017-10-31,138.21022033691406,140.07858440215847,130.2942283672336,132.35927496967926,1579225,
2017-11-01,139.78355407714844,142.58611474824554,138.70187531295394,140.61940971723524,847371,
2017-11-02,145.83119201660156,149.27292607968158,137.12851559804847,140.32441151376565,1922004,
2017-11-03,143.22531127929688,146.91288381485828,142.09446170363313,144.5528433940074,701750,
2017-11-06,143.42198181152344,150.01044118920797,141.94695292078347,143.1269730324215,775132,
2017-11-07,141.5044403076172,147.06039178197935,140.02941133288272,144.30700136152092,754174,
2017-11-08,141.84860229492188,147.30621183131282,140.3244028741613,141.65193479009412,700890,
2017-11-09,143.61865234375,151.43630262780266,140.96360328564515,142.38946157566718,2270590,
2017-11-10,142.9794464111328,148.43705574559658,142.38944391847917,142.6844526671901,919760,
2017-11-13,140.47190856933594,145.04449162545137,139.29187358280586,142.9794454037919,491587,
2017-11-14,139.58689880371094,142.34028908929375,138.7510580951677,141.2094395993006,330311,
2017-11-15,134.52264404296875,140.37358924523093,133.24428261105984,136.8335137422171,428276,
2017-11-16,135.45681762695312,137.12851400869118,133.293444956188,134.2276269043855,332358,
2017-11-17,136.53851318359375,138.94772402920177,133.83429355990174,137.07934510451634,478350,
2017-11-20,137.71852111816406,141.1110842543355,136.19432173676284,136.4893304887709,449852,
2017-11-21,137.6693572998047,139.5377211469658,136.68600474766322,138.60353922338524,243046,
2017-11-22,137.6201934814453,139.14439301364416,136.24350584222887,138.60354608224844,147453,
2017-11-23,140.86526489257812,142.83197016158445,135.801004826795,137.76771009580133,401158,
2017-11-24,140.66859436035156,143.02863463081368,139.1443948084918,142.5369583240699,238315,
2017-11-27,138.3577117919922,140.12774952377285,136.9318534820026,139.8819113667136,208239,
2017-11-28,139.73440551757812,144.4053302023032,137.66935912873927,138.60354106473042,325975,
2017-11-29,138.75103759765625,142.58610617564585,137.66934389372702,140.0785544109137,256826,
2017-11-30,137.52186584472656,140.5702498737756,136.68601014052052,138.7510565834003,316077,
2017-12-01,136.2926788330078,140.12774804063287,135.16181431964236,138.4560515912776,233049,
2017-12-04,135.5059814453125,138.30852714902903,134.27679078453275,137.6693540073311,147583,
2017-12-05,134.22763061523438,139.3410611615274,132.80177233859064,134.42429813532834,366754,
2017-12-06,137.0301971435547,138.8493905347508,132.7526071339955,132.7526071339955,414927,
2017-12-07,137.52186584472656,139.24273287886982,136.04683695831807,136.04683695831807,242876,
2017-12-08,139.88189697265625,142.58611642203977,137.91519191855917,138.4560388093896,414364,
2017-12-11,140.37356567382812,141.9960912541403,139.439383824413,139.6852219429311,202701,
2017-12-12,139.63607788085938,141.4552863058634,138.70189585373737,140.32442174269818,229608,
2017-12-13,138.70187377929688,141.504419414637,138.01353002700816,140.17690253624488,340762,
2017-12-14,140.7177734375,144.8478516610705,138.65272682332926,138.65272682332926,578331,
2017-12-15,143.22531127929688,147.40456015293313,141.01276775796003,141.01276775796003,593605,
2017-12-18,155.32052612304688,157.82807802723704,135.6534759015843,143.07779036114013,2157599,
2017-12-19,162.1548309326172,163.23652474912754,155.91055118754525,159.3031145142088,2004862,
2017-12-20,163.2365264892578,164.9573934853795,156.94307604820625,162.7448502046516,909894,
2017-12-21,167.36660766601562,169.1366453273723,160.77814831991495,161.31899524488085,1085695,
2017-12-22,169.677490234375,171.59502475938558,166.2849268432379,167.71078507953965,780359,
2017-12-26,172.4800262451172,174.34840503856762,165.8423967259187,170.11998619575408,742858,
2017-12-27,164.12155151367188,172.62756095098467,162.2531874779552,171.49669639903348,583332,
2017-12-28,164.4165496826172,167.02244304320308,162.79402391462142,164.90822597652738,285341,
2017-12-29,162.00733947753906,166.48159677058894,160.43396932896007,164.76072973516744,401039,
2018-01-01,162.00733947753906,165.44907354838207,159.79479614628283,159.79479614628283,368382,
2018-01-02,158.22142028808594,163.38402120805154,153.59966627497533,161.2698192141638,728829,
2018-01-03,164.8098907470703,166.97326332153037,158.36892864658898,160.2864630874793,924349,
2018-01-04,171.9883575439453,172.97171010852995,165.30157210858528,166.38325092676675,881789,
2018-01-05,169.38247680664062,174.3484101871215,167.71078047191207,172.08669632024447,501231,
2018-01-08,178.92100524902344,180.44520480280767,169.62832604078653,169.92333482615933,1165501,
2018-01-09,177.2984619140625,182.4118920043354,175.7742625109162,178.97015819293287,1017911,
2018-01-10,175.52842712402344,181.92021858792344,171.3983494867649,177.74097032306574,768851,
2018-01-11,177.00344848632812,179.75683846373576,172.6275328997031,175.62676100000843,576873,
2018-01-12,179.75685119628906,183.39525267193665,176.85596414157422,177.2001285351479,988431,
2018-01-15,182.0185546875,184.4277653239299,178.62597654124713,179.9535084249781,783850,
2018-01-16,186.83697509765625,189.0495182238127,180.44518384431527,182.0185538470451,1576605,
2018-01-17,185.4602966308593,192.19625258456367,183.00191525985,188.8036892935245,837345,
2018-01-18,171.93919372558594,188.55784527317903,170.16915619273274,187.0336458697563,595134,
2018-01-19,171.9883575439453,175.3809358955778,167.26827723775455,175.03675649606544,302432,
2018-01-22,170.6608428955078,174.79092072173412,169.1366433988088,171.98835987281117,394592,
2018-01-23,177.93763732910156,180.4451892819296,171.10334024553538,171.49667525568654,930975,
2018-01-24,177.6426544189453,183.4936148285417,175.03677583676702,175.23344337046086,828155,
2018-01-25,173.90591430664062,178.8718329612295,172.57838228713925,177.98682161807525,359174,
2018-01-29,172.1358642578125,177.24929443901047,169.1366360250197,175.38093062436258,316307,
2018-01-30,159.0081024169922,172.8242085788745,157.28723547523953,170.26748597779155,1098335,
2018-01-31,174.93841552734375,178.62598765064163,159.352286355733,161.07315334660535,1781205,
2018-02-01,181.3302154541016,192.73711174283017,171.64420123927545,176.21678487820498,1940637,
2018-02-02,168.74330139160156,181.9202193886561,167.1699313301164,177.0034567024762,1463136,
2018-02-05,189.7378845214844,193.1304480504729,163.23653448419162,163.23653448419162,2007063,
2018-02-06,178.8226776123047,182.90358493007304,170.6116773406864,172.0867062514128,1191927,
2018-02-07,183.1494140625,189.19702629675,180.9860414342592,182.36272901456627,923352,
2018-02-08,188.31201171875,195.39214701740457,183.6902577741261,183.6902577741261,1432846,
2018-02-09,192.9337615966797,195.68715165611133,181.9693869907196,182.41189262416407,1171525,
2018-02-12,197.8013610839844,201.0955981559281,194.0646333665649,194.1137889906605,979306,
2018-02-14,198.29302978515625,201.4889254772364,195.1954753470476,199.62056168992777,778506,
2018-02-15,188.90203857421875,200.6039283953744,185.06695446968064,198.63722321502755,650011,
2018-02-16,180.2976989746093,191.5570828541433,179.5110139208703,189.88538649292863,502473,
2018-02-19,175.8234405517578,181.6743852769073,172.8242122458266,180.838529599842,363969,
2018-02-20,175.77427673339844,179.90435464030614,174.4467447253921,175.8234473642079,231066,
2018-02-21,179.75685119628906,181.4285475494493,173.66006831753242,177.05263165286908,396157,
2018-02-22,180.494369506836,183.837762285206,177.2984736139233,178.97017000310828,421744,
2018-02-23,183.5919342041016,185.5586394767856,180.4452087687612,180.4452087687612,339701,
2018-02-26,190.819564819336,192.3437642687231,182.90357381200243,184.8702789067552,674042,
2018-02-27,191.26206970214844,193.4254422967973,187.67283892044247,191.7537459738764,394741,
2018-02-28,190.72122192382807,192.14708010431767,187.23031740968548,187.23031740968548,273233,
2018-03-01,192.98292541503903,195.68714475206508,189.2461829665585,190.77038232110863,421400,
2018-03-05,191.50791931152344,196.62134984289256,190.7704048597461,193.62212140471053,365947,
2018-03-06,185.4111328125,195.1954880275359,183.1002482369664,192.73710656623192,357583,
2018-03-07,174.59425354003906,185.60779943256728,173.36506281532007,185.60779943256728,464032,
2018-03-08,174.93841552734375,177.93764385524656,168.44829759320112,175.77427121053236,462427,
2018-03-09,174.3975830078125,180.24852775529467,173.0700510461756,175.4792618239895,329668,
2018-03-12,175.0859375,177.6918159486534,174.1025848771466,175.7251107029466,307147,
2018-03-13,175.47926330566406,178.67515916162657,173.8075669358068,175.67593081892323,250938,
2018-03-14,175.97093200683594,177.3967901724723,174.15173883163402,175.03675010554102,236489,
2018-03-15,181.08436584472656,182.46106841579487,175.43008868959137,176.7576206322699,405961,
2018-03-16,181.87106323242188,183.2969215239166,179.80603174277198,179.80603174277198,448734,
2018-03-19,167.07159423828125,182.36272957434363,165.0557334905229,181.6743857820772,552243,
2018-03-20,169.18582153320312,170.61167983345084,166.1865930366178,166.727439979407,365812,
2018-03-21,167.95663452148438,174.29925607151048,167.0224525110538,170.07083670323624,481543,
2018-03-22,164.6132049560547,171.10333755487105,162.74484118006413,168.15328001082153,345935,
2018-03-23,157.3855743408203,161.26981380654868,156.05804243257842,161.26981380654868,618084,
2018-03-26,158.6639404296875,159.74561923513437,154.6321889604486,158.31976103422716,433927,
2018-03-27,163.03985595703125,163.72819974177858,159.45061014301365,160.48313332251922,275334,
2018-03-28,162.54818725585938,163.62986610950318,158.36893871936,161.71233154665157,399399,
2018-04-02,163.8756866455078,166.2357416270894,160.77813230034425,164.2198660193119,177498,
2018-04-03,166.03909301757812,168.1041244810052,161.81067382374653,161.81067382374653,245196,
2018-04-04,163.8265380859375,170.51332331004198,162.4006649085219,166.53075755311085,315298,
2018-04-05,167.6124267578125,170.1199785759257,165.69489242799702,167.0715798943343,227712,
2018-04-06,168.4482879638672,171.10333673991212,165.3507185545077,167.56326170200654,214128,
2018-04-09,170.6608428955078,172.3817099068329,168.6941377397077,169.1366433988088,189904,
2018-04-10,168.546630859375,171.8408680951529,167.56327825224966,171.05418300849863,184130,
2018-04-11,166.57992553710938,170.02165965981635,165.49824667283488,169.62832461912924,175106,
2018-04-12,167.71078491210938,169.92332820909033,165.39990035557702,165.39990035557702,163636,
2018-04-13,169.5791473388672,174.0534045239103,167.2191071777389,167.71078346170472,259250,
2018-04-16,169.08746337890625,170.5624921638425,167.41576709026558,168.64495774437913,116201,
2018-04-17,177.5443115234375,179.95352234624477,167.26828005161406,169.3824820991293,572196,
2018-04-18,176.36428833007812,180.1010160689281,175.28259450792513,178.92099599325076,287029,
2018-04-19,178.18348693847656,181.92022979467245,174.0534090467947,177.39680186273483,257837,
2018-04-20,184.42776489257807,185.11610864355268,178.18347049817908,178.67514674955638,485222,
2018-04-23,188.3611755371093,191.45872992929696,184.378594886605,185.75528239318427,511551,
2018-04-24,188.2136688232422,191.65540268890584,186.83698127888425,189.78703887802453,273384,
2018-04-25,186.0994873046875,189.24621275485623,184.3786201829797,187.32867810590736,255596,
2018-04-26,186.3453063964844,188.31201147718608,183.98526630155,185.0177744651032,122439,
2018-04-27,190.47537231445312,192.93375351367104,187.8203236202513,188.8036760999385,361891,
2018-04-30,195.78550720214844,196.37550975488747,191.2129086433794,191.2129086433794,583984,
2018-05-02,192.4420928955078,203.35731230799664,188.803691426268,196.67051190236248,663900,
2018-05-03,191.7537384033203,195.4904809218772,189.93453026784297,192.24541465563647,287025,
2018-05-04,192.4420928955078,195.09714180523585,189.7870439857797,192.0487578736108,287561,
2018-05-07,205.6681671142578,213.8791664009845,199.1780496883992,202.5706127751853,3049624,
2018-05-08,207.09405517578125,211.2241329275827,203.70147683934536,207.2907226868633,888767,
2018-05-09,206.89735412597656,213.3874864436824,205.86484603409568,206.94652475053468,952666,
2018-05-10,198.883056640625,208.4707441671817,198.1455422155053,208.07740914235893,583109,
2018-05-11,201.48892211914065,202.91479525411944,198.8830439847826,199.6205583629709,493275,
2018-05-14,206.307357788086,209.94575904219607,199.62055777782567,201.4889215285188,642195,
2018-05-15,208.32325744628903,215.3542226401673,206.5040491070097,207.73323987550384,914212,
2018-05-16,205.81570434570312,208.91325906637493,202.8656465146747,207.33990389268848,316021,
2018-05-17,209.699951171875,211.46998893066907,205.76654059889728,206.40571381509795,460151,
2018-05-18,213.9283599853516,221.10683692786424,210.044120237106,210.3882846424009,1602552,
2018-05-21,199.62057495117188,218.10760656829345,195.98217338405027,214.3708637406673,773465,
2018-05-22,206.6515350341797,210.78162780102903,200.0139052364467,200.0139052364467,562258,
2018-05-23,204.1439971923828,209.4540950075684,202.7672946073119,206.6515342133059,343967,
2018-05-24,209.60159301757807,211.32246000460185,204.6848301975104,205.47151524967512,501531,
2018-05-25,209.99493408203125,215.2558610720699,208.0282290379565,210.63410721944803,436777,
2018-05-28,212.6499938964844,216.9275835906452,210.7324593802214,210.9782975234544,355157,
2018-05-29,208.1757354736328,215.2558709564627,206.01236282676388,213.5350039638764,357342,
2018-05-30,203.35731506347656,208.17573666846607,202.1281243474313,206.5040402955985,251298,
2018-05-31,203.89816284179688,207.97907003441784,201.63644891375475,204.291497870687,334800,
2018-06-01,196.0313415527344,205.27484974283948,192.39292502653072,205.02901159943488,261722,
2018-06-04,173.5617218017578,197.5555175673454,172.18503425962874,196.0313331474057,723132,
2018-06-05,180.2976989746093,190.6720565418983,168.39912692432588,171.59502276376566,1747020,
2018-06-06,182.11688232421875,184.72277548535044,174.8892503598012,179.8551685443887,836590,
2018-06-07,194.8021545410156,197.11302413011188,182.461076506413,182.51024713698308,899501,
2018-06-08,205.6681671142578,207.92988084037128,192.8845847546588,195.6871453507858,1065448,
2018-06-11,209.94577026367188,212.1091428813601,205.52068377099496,205.6681806521765,483803,
2018-06-12,214.9117126464844,218.2059348369994,209.503273373776,210.43745533810804,925256,
2018-06-13,213.87918090820312,223.22103018925105,210.24077945232776,215.99338290147995,1114619,
2018-06-14,214.07583618164065,216.28837930594395,208.96240618420435,213.38749243281103,402965,
2018-06-15,209.4049224853516,219.7301242585669,205.6190241713674,214.37085586294705,611410,
2018-06-18,200.7022399902344,211.8632812361123,198.73553510058883,208.71655641363296,341191,
2018-06-19,190.47537231445312,200.1122296163411,188.3611704850329,200.1122296163411,582109,
2018-06-20,194.11378479003903,197.3588511628947,187.32865828706096,189.88538088501244,425249,
2018-06-21,190.819564819336,198.2930351765348,189.7870416436369,194.75297500884136,388544,
2018-06-22,194.11378479003903,194.90046982054483,188.9511839711043,190.7703921663508,174812,
2018-06-25,191.50791931152344,197.063855513005,190.22955792748868,193.42545388519065,204086,
2018-06-26,188.5086975097656,192.7371168497708,187.32867734633336,190.5245734165464,153498,
2018-06-27,182.264404296875,190.96706551203584,180.78937544636275,187.8695109278678,330765,
2018-06-28,181.6743927001953,187.57450829533025,179.9535256516143,183.3952597487763,269678,
2018-06-29,190.2787170410156,191.21289895576703,181.0843647634827,181.0843647634827,250560,
2018-07-02,189.1478729248047,191.65540997559472,186.4928089808185,190.2787223788955,244202,
2018-07-03,186.8861541748047,191.7537462715124,186.00112788145933,188.803688636566,235058,
2018-07-04,183.6410980224609,188.90204043358,180.4943727038868,186.5911558220185,346812,
2018-07-05,183.83775329589844,190.67205040868163,182.9035713892191,186.29613463177503,343395,
2018-07-06,183.3460693359375,187.57448805718417,182.11687871957324,184.7719274499664,289814,
2018-07-09,189.1478729248047,190.1803811199444,184.67361572837805,184.67361572837805,224873,
2018-07-10,194.8021545410156,196.86718598203123,189.78705031826243,189.78705031826243,561451,
2018-07-11,194.7529754638672,199.91557634965508,193.5237847767748,195.63798675666604,369823,
2018-07-12,195.88381958007807,203.7506397640553,194.3596201684788,196.178828337931,546177,
2018-07-13,192.98292541503903,197.0638322308256,188.60700985244148,196.6704972382564,294086,
2018-07-16,187.27951049804688,194.11380846227024,182.2152503171258,193.6713027676373,427986,
2018-07-17,185.9519805908203,190.27872598072213,184.62444859369808,186.05030684686324,170112,
2018-07-18,175.8234405517578,188.85286195862668,171.6441921759697,186.148642421352,370398,
2018-07-19,179.0193328857422,181.42854360748947,174.59424645629124,176.90511592214312,262835,
2018-07-20,184.3786163330078,186.4436628378456,177.15096857084583,178.87183565662056,235705,
2018-07-23,189.63954162597656,190.67204977982428,184.870275848198,185.46029336876995,288160,
2018-07-24,201.53810119628903,203.3573094073448,188.60702122506305,190.7212231959491,711352,
2018-07-25,206.5532073974609,208.47074188078795,201.5872739884977,203.35731159032625,624181,
2018-07-26,188.95118713378903,198.6372157866809,183.24775432788783,198.6372157866809,1112597,
2018-07-27,193.6221160888672,198.5388789657279,189.1478738747396,189.93454393122164,482277,
2018-07-30,201.83311462402344,203.25897284696643,193.47461779428312,193.7204559363343,495057,
2018-07-31,202.17730712890625,207.24156718149248,198.2438966011437,202.61981281232548,437384,
2018-08-01,199.1288909912109,205.91401757122603,197.70303279741287,203.5539774576823,164758,
2018-08-02,199.0797271728516,200.3089179000299,196.67051634853595,199.52223283368184,170730,
2018-08-03,200.94810485839844,205.7173558479712,199.03055533185145,200.1122491670949,335360,
2018-08-06,200.25973510742188,204.53732458011544,198.63720944799672,201.58726701405607,197830,
2018-08-07,229.41616821289065,240.28221761586727,194.85131477282508,200.5547629440716,4951705,
2018-08-08,236.54547119140625,251.7382658771805,226.6627745495708,230.20284991537656,3942254,
2018-08-09,249.0340270996093,251.639905290452,237.03712928865696,237.03712928865696,1958948,
2018-08-10,241.11802673339844,251.5907397194194,238.85631301307689,250.7548841038327,677459,
2018-08-13,235.31626892089844,239.6430141519525,231.57952621875032,238.9054997372432,517280,
2018-08-14,243.33059692382807,250.55824450766028,235.56211741591272,235.56211741591272,756885,
2018-08-16,245.6414794921875,249.5748898443289,241.4130603626815,243.6747743161168,684316,
2018-08-17,250.0665740966797,256.80253053623096,247.165686870609,247.2148424977593,939756,
2018-08-20,246.1331329345703,252.32825666497573,243.6747516927244,251.0990660440528,350209,
2018-08-21,245.00230407714844,250.2140760663385,241.31473167981164,246.133168615194,315991,
2018-08-23,243.1339263916016,248.9357006352365,241.9539062917672,246.32982228957005,303371,
2018-08-24,237.774658203125,243.3797649401875,235.36544736931748,242.6914211312096,257203,
2018-08-27,233.3495635986328,242.88808035240925,232.2678697894877,238.95467014427305,271688,
2018-08-28,236.9387969970703,241.8555598108911,228.62947084266705,233.98873930877784,410491,
2018-08-29,265.849365234375,276.3220637851797,237.97131471890924,237.97131471890924,3972124,
2018-08-30,266.0459899902344,270.07774098632206,260.6867372110077,268.20937735677944,1087496,
2018-08-31,265.65264892578125,272.290277727417,261.8667361259044,266.3901632370741,847689,
2018-09-03,259.5067443847656,268.50441464673816,257.6383804520973,266.488553826406,584122,
2018-09-04,251.8365936279297,262.5551304027641,248.78819472621467,260.5884253061142,550931,
2018-09-05,256.163330078125,258.3267176142695,244.6581086571437,251.73824376199616,595661,
2018-09-06,257.8842163085937,262.70263798985883,253.2132915136812,257.0483606065436,452939,
2018-09-07,262.70263671875,267.4719027513342,252.0332551842981,258.03171194643807,820155,
2018-09-10,251.63992309570312,261.3751077857309,250.80408239269173,261.1292696369447,464109,
2018-09-11,247.11651611328125,257.3433923519898,243.379773160768,252.72162303966613,496796,
2018-09-12,262.85009765625,269.19273295713634,243.379731166726,248.29649341251843,1102407,
2018-09-14,271.40533447265625,278.9771619671956,263.83350697811693,265.30853596981615,1466074,
2018-09-17,267.7668762207031,275.04370879558,266.4885299627042,269.4385874899666,509116,
2018-09-18,255.47496032714844,272.093641118431,252.96742352632864,268.4552249667161,431577,
2018-09-19,258.5725402832031,263.09593757272324,251.6398874633739,257.6383434462822,369140,
2018-09-21,239.4955139160156,262.505972335475,222.2376738526133,260.98175789403746,717228,
2018-09-24,227.3019256591797,243.96976263230192,225.38439127428384,239.5446763572645,478301,
2018-09-25,226.6136016845703,234.03791675050888,217.81259899259547,228.5803068673477,578970,
2018-09-26,223.9585418701172,231.67786534153268,222.2868455464642,229.0228014692243,284958,
2018-09-27,217.8617553710937,225.48273745580863,216.583394084962,224.3027174242904,231032,
2018-09-28,199.62057495117188,221.1068349564448,188.9020377660464,218.3042740845328,588145,
2018-10-01,209.4049224853516,217.3209135124372,186.39447882123648,196.916348103464,870628,
2018-10-03,208.81491088867188,216.82922781978604,207.19237024906408,208.81491088867188,368485,
2018-10-04,204.1439971923828,209.8966006580389,199.3747312806784,202.57062709652155,388209,
2018-10-05,199.22723388671875,207.4873893568368,195.53966180099297,205.42234298692264,305354,
2018-10-08,191.26206970214844,202.078947680162,187.37783015645192,195.8838236554368,352462,
2018-10-09,189.39370727539065,196.1788338736233,186.836984641546,193.72045249676088,355473,
2018-10-10,202.4722900390625,207.0940591647459,188.8528658211013,190.2295534299626,478696,
2018-10-11,196.5721740722656,200.3580874943113,191.7537524485434,194.75298080830785,415626,
2018-10-12,201.19395446777344,208.96243425706928,198.63723162319056,198.63723162319056,578656,
2018-10-15,206.7498779296875,210.92912635394995,200.40725685146668,201.83311507761408,405141,
2018-10-16,211.17495727539065,214.0266736301705,205.17650079907148,207.4873852624327,427813,
2018-10-17,199.22723388671875,214.3708572501916,197.35885502708948,213.28916343647097,311952,
2018-10-19,198.7847137451172,201.34143639971973,192.73710151084285,197.0638467673418,361768,
2018-10-22,196.1788482666016,202.5706403153881,195.0479987521859,201.5381170603993,227864,
2018-10-23,192.49127197265625,206.15986714786152,189.7378816842262,194.7038153286637,6480222,
2018-10-24,193.4254608154297,197.6047095252397,188.8037064196527,193.67129897483028,298915,
2018-10-25,209.94577026367188,217.910931952398,189.2461960025293,189.6887016508432,1237171,
2018-10-26,225.2860717773437,230.9895044767042,205.52067982132763,210.92911876399413,2012903,
2018-10-29,253.26242065429688,258.3267099626026,227.1544241662735,227.1544241662735,1897374,
2018-10-30,253.31163024902344,261.4242890224656,248.78820238556,252.67245707484187,1419795,
2018-10-31,246.9198303222656,254.5899681778641,243.87143142751407,253.70495688830093,343514,
2018-11-01,249.77154541015625,255.67166065606543,243.4780951497607,247.5098315649373,467515,
2018-11-02,245.14979553222656,255.3766711308572,243.3797579281588,249.91904643219965,312645,
2018-11-05,239.44635009765625,251.14823964466885,236.49629239624767,245.8381417840413,308174,
2018-11-06,266.6852111816406,276.272898098985,239.9871816858667,240.72469606412395,2918571,
2018-11-07,266.6852111816406,272.2903024506737,261.5717661552422,271.35613557727,480867,
2018-11-09,260.3917236328125,266.98019722562015,257.0975168459447,263.7351460587364,533037,
2018-11-12,252.9674530029297,267.76689743329894,251.39408286183937,260.5884355520947,574927,
2018-11-13,253.85243225097656,256.65499277165463,249.42734616870663,252.7215829207481,373215,
2018-11-14,246.9198303222656,259.8509103012927,244.8547839735928,255.91750011697795,580762,
2018-11-15,239.29884338378903,248.68984801032937,238.4629877341536,247.7064954835906,349082,
2018-11-16,236.8404693603516,243.281416605022,229.95700146120643,240.38052956276465,476111,
2018-11-19,233.1529083251953,238.65967390272309,230.39951803404645,237.47965377930785,199628,
2018-11-20,226.46609497070312,238.7580018296778,224.4993898732672,232.9562127893803,472735,
2018-11-21,230.1044921875,235.02125484107907,225.2369001614105,226.4660908248053,533706,
2018-11-22,228.6786346435547,235.41459049449605,227.64611148252897,229.7111578045804,358489,
2018-11-26,228.0394592285156,231.97286958177864,224.4993989134408,229.71117063246817,270755,
2018-11-27,222.58184814453125,230.84200328244285,221.54932500110013,227.4002694741849,245915,
2018-11-28,216.48504638671875,227.25276824134176,215.69837639230084,223.17184637264927,403530,
2018-11-29,212.89581298828125,221.1559678598223,211.9124605033469,218.50091915145327,349871,
2018-11-30,225.92526245117188,227.5477882579448,211.5191526972163,212.9450109826788,529366,
2018-12-03,232.56288146972656,235.4145979044455,224.6960609548944,227.3019392485248,808563,
2018-12-04,227.7444610595703,233.44789395788968,225.58107340322084,233.44789395788968,239077,
2018-12-05,216.0917358398437,227.49863210679013,214.66587755766795,224.54857427962503,434812,
2018-12-06,210.0441131591797,215.0592022204665,203.84898902016025,212.502494563174,399998,
2018-12-07,212.6499938964844,215.5017103560785,209.55243929365724,210.437450607388,267062,
2018-12-10,210.78163146972656,213.38750980413653,199.76807057279416,208.32325002037007,232054,
2018-12-11,222.041015625,225.18774088089705,206.5040418558445,206.5040418558445,431611,
2018-12-12,229.6619873046875,231.87453050607223,223.2210252063693,223.81104272864613,330616,
2018-12-13,229.56365966796875,235.7096133697497,227.15444881782457,230.05533596411124,306535,
2018-12-14,227.5477752685547,231.0386798404253,224.20438258282377,228.13779280357508,209582,
2018-12-17,232.612045288086,235.80794102866165,228.1377882503262,228.1377882503262,413087,
2018-12-18,240.0855255126953,243.67477141921583,229.6619972063013,231.08785544104745,885183,
2018-12-19,238.80715942382807,243.57641002194023,235.07041694169965,240.4296850387467,289355,
2018-12-20,236.9879608154297,239.4463421516893,234.0379032119181,237.3321402044136,193191,
2018-12-21,228.23614501953125,237.6271503686593,225.72859288245084,235.11961323634884,221825,
2018-12-24,221.8934936523437,228.13778825520188,220.86098549379696,228.13778825520188,126527,
2018-12-26,217.8617553710937,220.27096606143687,212.6991546040288,220.27096606143687,307636,
2018-12-27,218.6976013183593,224.2043816053097,218.30426629990683,221.10682707188087,117187,
2018-12-28,219.8284606933593,224.7943939620235,219.33678442922965,219.3859550565964,178707,
2018-12-31,220.86099243164065,224.89272895131643,220.07430737750872,220.86099243164065,125427,
2019-01-01,225.08938598632807,228.0886141754169,220.81181152414425,221.30348778449425,271005,
2019-01-02,219.58262634277344,228.97364615033,218.7467706774509,224.30272156065843,246527,
2019-01-03,217.46841430664065,222.58185966159544,216.6325736271045,220.2709751259997,163550,
2019-01-04,214.2725067138672,219.6809455387261,212.94498982335384,219.6809455387261,186659,
2019-01-07,216.38671875,218.9434262249737,215.25585438194287,216.38671875,213887,
2019-01-08,219.58262634277344,223.2210277590374,214.37085485229144,217.5175799959584,277877,
2019-01-09,218.0584411621093,223.12270109925373,216.6817535106828,220.86100210116288,144427,
2019-01-10,216.7308959960937,220.22180054919323,216.04255221211744,219.18927737084425,88410,
2019-01-11,216.1900634765625,219.8776355280974,215.35420780964023,217.56675104056123,91588,
2019-01-14,211.8141326904297,216.5342279185108,210.1916069892624,216.5342279185108,124863,
2019-01-15,215.6984100341797,218.30428855784933,212.8958489764612,212.8958489764612,175207,
2019-01-16,213.8300170898437,220.6643145700627,213.436682056864,214.86254030737777,236747,
2019-01-17,215.74755859375,220.17264537898456,213.28917704639747,214.46921219294285,346718,
2019-01-18,213.1416778564453,218.2551084188293,212.40416340019465,215.74755626662304,127846,
2019-01-21,210.1916046142578,216.3375579655519,205.2748419332225,213.9775178805625,173000,
2019-01-22,207.9298858642578,210.68327590149715,206.6023689746241,209.35574400709487,124382,
2019-01-23,207.19239807128903,209.5524534081493,206.60239549065184,207.4874068639929,188065,
2019-01-24,208.81491088867188,212.8958177913092,205.1273389869748,205.7665121146949,172656,
2019-01-25,203.406478881836,213.3875011599925,199.6205656012833,210.19160540529217,267177,
2019-01-28,190.3770751953125,206.4057110626351,185.2144738871236,206.0615466449514,1003742,
2019-01-29,188.4103546142578,190.57372722367543,182.01856303816035,186.0502994909911,382358,
2019-01-30,183.6902770996093,191.7537657882108,181.42856301499944,189.24621354233392,287906,
2019-01-31,177.6918182373047,186.24698316536472,177.10181565885563,183.7886015765676,456749,
2019-02-01,168.49746704101562,179.95351835516047,165.98991501380135,179.95351835516047,436654,
2019-02-04,161.8106689453125,168.0549487832085,157.82808802230056,165.20323232240807,780669,
2019-02-05,165.25241088867188,167.66162180812788,160.13898026263317,161.26982977438692,546591,
2019-02-06,179.31434631347656,181.9202246100369,166.08824230422866,167.12076549891518,807239,
2019-02-07,180.6910400390625,185.70614429511588,175.62678015688246,178.97017299107142,320832,
2019-02-08,171.93919372558594,181.5760363954459,170.11998556589293,179.80601386736134,274949,
2019-02-11,167.21910095214844,172.7750367522065,166.0390809155166,172.08669298123533,122639,
2019-02-12,163.72821044921875,168.5958028940523,162.2531815262528,167.66162091046124,204127,
2019-02-14,159.79478454589844,167.0715871940811,157.33640324519232,167.0715871940811,225454,
2019-02-15,154.4846954345703,162.89234794157116,153.6488397444527,160.23729899174091,301997,
2019-02-18,149.3220977783203,156.3530628412879,148.53541270017746,154.38635764831574,211231,
2019-02-19,150.4529571533203,155.27137919096276,149.4696044921875,149.4696044921875,321322,
2019-02-20,159.79478454589844,162.8431833606815,151.4362881234976,151.4362881234976,324706,
2019-02-21,165.6949005126953,168.44829058448315,160.08979411945106,160.23729099633826,499767,
2019-02-22,164.02320861816406,167.85827756773793,161.85983600546163,164.31821738461647,209184,
2019-02-25,167.415771484375,170.1199909944016,163.97403756252294,164.66238134593954,343236,
2019-02-26,173.75839233398438,178.6751550769085,162.30234114487885,165.20322816225024,821549,
2019-02-27,184.1327667236328,186.39448061091167,175.52843183000513,175.9709374807235,1086942,
2019-02-28,182.3627319335937,187.9186829821832,181.0352149609276,183.8869314249685,394900,
2019-03-01,187.2303161621093,189.19702122685743,182.4610653829566,184.57526732565324,334414,
2019-03-05,199.1780548095703,206.4056867881623,187.3286540090914,187.3286540090914,875068,
2019-03-06,196.0313415527344,202.1772951378493,193.818798262093,199.5714018148989,326161,
2019-03-07,191.6553955078125,197.1621754884496,189.885373018464,195.1954704960461,258392,
2019-03-08,187.13198852539065,193.3762680568445,185.46029223369308,190.7703898672661,193085,
2019-03-11,189.63954162597656,194.7038011592723,187.82033344152023,187.82033344152023,376980,
2019-03-12,195.0479888916016,197.8997053519076,190.13122602571568,190.13122602571568,549113,
2019-03-13,195.4413146972656,198.5880397820037,191.9504102262475,195.19547656557097,360000,
2019-03-14,196.8180084228516,200.6039217719255,195.0971414468669,197.60469346996985,362766,
2019-03-15,197.0146942138672,203.79982097294027,196.5721735517268,197.260532357381,626922,
2019-03-18,197.8997039794922,201.29226733247248,196.2771782469097,197.7030364671745,243013,
2019-03-19,200.7514038085937,202.7672794037748,196.6704969977968,197.8505169788299,270733,
2019-03-20,198.1947021484375,205.717342876762,196.9163408796012,200.5055715529025,796974,
2019-03-22,197.3096923828125,199.71891824679565,196.2280135300891,198.0472068298025,220390,
2019-03-25,197.35885620117188,198.63721753278227,193.425445952998,193.86795160496368,377315,
2019-03-26,195.0971527099609,198.63722812397955,193.5237975296628,197.4572079875633,248840,
2019-03-27,200.6039276123047,203.5539853713092,192.7371069216261,195.1954883874632,409197,
2019-03-28,206.307357788086,210.2407677935604,201.93144215794933,204.88149966205515,489464,
2019-04-01,212.6499938964844,215.3542134720466,202.57063002393423,202.57063002393423,1544007,
2019-04-02,215.4033660888672,217.468397316477,211.4207855005771,214.61668109535327,608570,
2019-04-03,211.0274658203125,217.02590744602625,209.159086949534,216.2883930244801,302425,
2019-04-04,212.40415954589844,214.3708647268789,207.4873965934471,208.5690904448943,219858,
2019-04-05,222.23768615722656,224.0077238266894,211.66664577585408,213.63335096308617,572386,
2019-04-08,219.23846435546875,224.05690121231825,217.3209297410605,223.3193867448712,357948,
2019-04-09,224.9910583496093,226.466087121563,218.7959345064505,218.7959345064505,341134,
2019-04-10,222.58184814453125,226.1710788283785,219.484278714238,222.4343362641733,178003,
2019-04-11,221.69683837890625,223.7618848194822,217.86176928043068,221.7460090093523,138286,
2019-04-12,220.2709808349609,223.0243710963519,217.6159318347792,221.1068365409301,151992,
2019-04-15,223.81105041503903,230.44868024715083,220.2709751693384,221.89350090416903,441020,
2019-04-16,224.8927154541016,229.1211342371136,221.30348480379664,224.4993804530268,338685,
2019-04-18,218.10760498046875,226.9086075598424,215.84589104825747,226.8594369299481,268069,
2019-04-22,218.00927734375,219.7793150971645,214.42004620872464,217.2225922305913,180238,
2019-04-23,219.1401214599609,221.7459997118736,215.84588442020504,216.3375606945108,171113,
2019-04-24,220.22178649902344,222.8276795928642,217.8125759064297,219.287604637173,139788,
2019-04-25,220.516830444336,221.7951918826485,218.3042869950617,219.53347780021403,112416,
2019-04-26,221.0576629638672,221.9426742838749,219.2876253190821,220.27097789898832,57911,
2019-04-30,223.5160369873047,225.77775084689733,218.5992742511333,220.4676380889708,225629,
2019-05-02,225.43356323242188,230.0061464084022,219.48427753765725,222.5326763248232,1121137,
2019-05-03,213.33834838867188,225.0894092231916,212.10915761090263,220.2709873762444,393232,
2019-05-06,218.25509643554688,220.1726309155625,206.553207040769,210.43744662947128,433361,
2019-05-07,220.7626495361328,223.1718603051724,219.2876206973613,220.17263199871653,519701,
2019-05-08,221.1068420410156,222.23769154920308,219.04179554241145,219.53347185114865,253404,
2019-05-09,221.30349731445312,222.5326880182606,219.287621559255,219.287621559255,169927,
2019-05-10,221.2543182373047,224.9910608351552,220.2709657118056,220.2709657118056,171579,
2019-05-13,218.5992889404297,222.7293669153902,216.58341308218405,220.61516479867527,540584,
2019-05-14,221.30349731445312,223.0243642997836,216.6325726399847,217.3700870622692,290106,
2019-05-15,220.8118133544922,222.5326802799818,219.53345206603183,220.22179583527392,194557,
2019-05-16,217.9600830078125,221.20514936871248,214.4691935183521,220.8118143572932,124078,
2019-05-17,221.54933166503903,222.23767544644147,216.92757769874387,217.76341836017207,152460,
2019-05-20,226.07275390625,234.33292464564303,224.10604873088545,224.7944075460788,304967,
2019-05-21,226.318588256836,230.3503398006114,222.0410135750331,225.1877388018784,195068,
2019-05-22,226.22024536132807,228.03943848133903,224.2535403636288,224.79438723894967,263713,
2019-05-23,235.0704345703125,245.29729528382543,226.07274956301816,228.2361372181727,680247,
2019-05-24,246.8214874267578,249.7715450454044,237.67630580799985,237.87297331495583,619445,
2019-05-27,242.3963928222656,254.8357960260445,240.3313465569637,246.62481160064627,260681,
2019-05-28,247.6573486328125,249.6732093802115,240.4788719324121,243.67476775750816,274827,
2019-05-29,246.18231201171875,250.01738087874776,243.87142756314432,247.8048376851305,129480,
2019-05-30,246.0839691162109,249.23069419186808,244.01892281402755,246.1823103705125,168725,
2019-05-31,252.7216186523437,255.57333519554004,246.3298267409032,246.3298267409032,371311,
2019-06-03,256.6549987792969,266.29184113577776,249.91902825004024,250.4107044929125,556220,
2019-06-04,265.6035461425781,268.2094245589329,255.6716787729516,257.5892283675648,599836,
2019-06-06,260.3917236328125,270.2744340220239,259.6542092758357,265.6035097611705,396070,
2019-06-07,261.1292724609375,265.16102414654154,257.884220865681,258.67089094648867,221074,
2019-06-10,261.67010498046875,264.5218212147051,259.0642268700379,259.0642268700379,155591,
2019-06-11,260.5392761230469,264.03016575208,258.1792059410954,262.45679563395873,209076,
2019-06-12,260.6375732421875,261.5717701393573,258.91670633337594,260.5884176200364,298097,
2019-06-13,260.4900817871094,263.5384806623501,258.72005921931174,261.227596191948,332180,
2019-06-14,270.1761169433594,273.3720127761744,260.5884294449144,260.5884294449144,590985,
2019-06-17,262.2601623535156,273.1261970739743,259.9000919985288,269.5369659226152,437729,
2019-06-18,263.4401550292969,265.5052014872165,261.03095916967374,262.26014991729977,214045,
2019-06-19,261.52264404296875,267.3735741877725,259.94927383251525,266.5377184500746,278978,
2019-06-20,260.686767578125,262.7518139395576,258.62172121669244,261.5717788731566,176975,
2019-06-21,260.9817810058594,264.7676946188448,259.9984283796055,260.6867872217995,75269,
2019-06-24,260.8833923339844,263.4893003276478,259.1625255507535,260.58839860353027,344496,
2019-06-25,258.0809020996094,262.5059888034809,256.99920823675507,260.5392836017602,83816,
2019-06-26,257.6875305175781,261.17845016783866,252.3282769845052,258.03170992106004,132863,
2019-06-27,260.5392761230469,266.88188221080924,256.85170397567146,256.85170397567146,145590,
2019-06-28,261.0801086425781,262.50598188003494,257.6383746303408,260.539276730185,112570,
2019-07-01,260.6375732421875,263.5384751779991,257.7858569380644,260.7359144960271,205938,
2019-07-02,260.7850952148437,262.55511771246137,258.9167014557024,259.01504270768936,52280,
2019-07-03,260.9817810058594,263.0468275229005,259.60509333101214,260.6867872217995,68769,
2019-07-04,261.0801086425781,262.4567962455653,258.8184097240663,260.8342704988469,67181,
2019-07-05,259.1625671386719,261.57179302561855,258.42505268465226,260.9817754604949,121976,
2019-07-08,260.58843994140625,261.0801162431825,255.0816593596044,258.5233934720381,205039,
2019-07-09,260.686767578125,262.35844891106507,257.73670992166086,262.35844891106507,124422,
2019-07-10,260.6375732421875,261.08009387969685,258.9658919650644,260.686758873876,113844,
2019-07-11,260.6375732421875,262.55512265867816,259.6542207228666,259.9492444843853,62434,
2019-07-12,275.8795471191406,282.6155181183474,259.8509124870473,260.7359237840548,878964,
2019-07-15,278.8296203613281,286.94227938799867,275.4862274916386,276.56792136376936,602562,
2019-07-16,279.27215576171875,283.89392527285963,278.28880310058594,281.1405198159628,213979,
2019-07-17,267.37353515625,281.238811221894,266.4885239200464,281.238811221894,198949,
2019-07-18,262.1618347167969,268.35694469686496,251.39411069336973,267.3735920010102,2356571,
2019-07-19,258.3758544921875,272.04444745295,256.1633114946331,268.45521703660205,405317,
2019-07-22,251.73825073242188,264.0301575064659,250.0665544121057,254.19663208723068,215968,
2019-07-23,251.000732421875,257.63836197661607,250.16487677233343,251.73824681684624,147473,
2019-07-24,244.6581268310547,253.3116326041344,240.92138399668283,250.80408050443947,401988,
2019-07-25,231.5795288085937,238.75800552633208,207.97906727396,214.9117058507125,1973501,
2019-07-26,226.26942443847656,231.38285462253,223.4176930824381,229.36697892364063,293583,
2019-07-29,227.6461181640625,232.95621599837912,223.41769914537443,223.41769914537443,192372,
2019-07-30,223.81105041503903,234.7262549138723,222.33602156345867,227.6461194272404,210554,
2019-07-31,221.6476593017578,226.0235901636092,216.97673467801152,221.2543242827184,207330,
2019-08-01,221.3526611328125,224.59771248720256,218.64844166764152,218.64844166764152,222496,
2019-08-02,217.2717437744141,221.20515398985407,212.60081914357903,217.4192556603546,384098,
2019-08-05,203.3081512451172,214.61670621159288,199.42391145323825,214.37086806014773,236968,
2019-08-06,208.1757354736328,214.321689018584,200.7022649658338,200.8005912196914,182209,
2019-08-07,211.22413635253903,215.01003476775745,208.3232492539251,208.3724048789157,111180,
2019-08-08,213.97750854492188,215.84587228029272,210.486604192738,210.486604192738,82310,
2019-08-09,217.7142333984375,223.0243458013068,214.6166790836732,215.4525346948409,106031,
2019-08-13,213.97750854492188,220.7626347468142,209.2574135761076,216.3375485269449,159745,
2019-08-14,213.24002075195312,216.33757549001567,211.17497425673128,214.66587904400143,73652,
2019-08-16,216.14089965820312,218.30427232897785,209.60159601125264,212.40415686062707,107600,
2019-08-19,220.8118133544922,224.20437657807508,214.9116981813849,214.9116981813849,133358,
2019-08-20,218.9925994873047,226.95776076606384,216.8783976070848,222.18849512307847,148171,
2019-08-21,218.3534393310547,222.28684957793783,216.5834017190034,220.17263256737647,194356,
2019-08-22,207.4873809814453,218.3534292897212,205.9140109531383,216.09171550081803,561569,
2019-08-23,213.1416778564453,215.1575537044845,196.8671891875597,207.6840678792363,209504,
2019-08-26,213.04331970214844,218.3042617415205,209.45408896821564,214.91169851270743,124975,
2019-08-27,212.7974853515625,216.43590178240103,211.42079778648835,212.6008178429475,114967,
2019-08-28,211.0766143798828,214.32168072702763,207.29071614552123,212.79748130589323,151887,
2019-08-29,209.06076049804688,214.12502018595623,207.5857316563525,209.3065986383293,167854,
2019-08-30,209.7982635498047,211.3716185594893,206.89736164785867,210.437436677994,93722,
2019-09-03,205.3240203857422,210.09327136523788,204.53733532584275,208.47074562057048,134263,
2019-09-04,205.3731842041016,207.83156555677328,203.30813786594973,204.5373285422856,160303,
2019-09-05,206.2090301513672,206.94654457608937,203.848989994164,204.53733378961743,251737,
2019-09-06,205.2748413085937,208.3723957863129,204.04565064207523,205.6190206971265,294776,
2019-09-09,210.4374389648437,214.86252529821664,204.29148572404807,204.58649448056,289167,
2019-09-11,216.58338928222656,219.48427617177265,210.9291123770152,211.1257798771124,249539,
2019-09-12,216.43589782714844,220.66430170179103,216.3375565722536,218.2059203771064,100119,
2019-09-13,220.516830444336,225.18775550391496,218.3042869950617,218.3042869950617,197131,
2019-09-16,217.32090759277344,222.2868408351005,216.28838444262323,219.2876126388619,177080,
2019-09-17,210.8799591064453,222.5326932546469,210.04411841104977,218.2551035028337,194477,
2019-09-18,210.3882598876953,215.6983722773227,208.76573429920165,211.51912424144163,87163,
2019-09-19,204.88153076171875,211.4699905200194,201.5381227466972,210.33912596892668,82350,
2019-09-20,201.8822631835937,208.2248835541844,199.8663876381959,204.93064680891712,345080,
2019-09-23,195.78550720214844,205.176512458314,192.54044064538937,203.55398668231936,321729,
2019-09-24,191.1145782470703,198.4405519028,189.7378756442949,194.70380913065185,263267,
2019-09-25,184.77194213867188,193.72045653908563,183.3952545408095,192.14708642315483,282158,
2019-09-26,183.6410980224609,191.1637394094249,181.67439282275583,184.8702887722766,398989,
2019-09-27,179.4618377685547,186.19780864013129,178.52765586057626,183.88692417928613,178836,
2019-09-30,179.36351013183594,182.60857674705176,172.08670681691444,178.970175089591,334962,
2019-10-01,175.3809356689453,181.72355670136625,172.67671611983204,179.46184280479036,228581,
2019-10-03,185.85362243652344,187.3778218119565,173.41421931767934,175.72508868902906,314459,
2019-10-04,181.7235565185547,188.85286259540865,179.95351890541642,187.72199814587364,97445,
2019-10-07,175.67593383789062,184.3786102432814,173.3158936286845,180.9368761854068,105477,
2019-10-09,178.871826171875,180.88770193784404,175.23342467011864,176.70845352256873,156569,
2019-10-10,178.92100524902344,180.8385398467913,176.21678555851813,178.0359938976752,153147,
2019-10-11,177.5443115234375,181.5760481031965,176.75762645758195,179.2160079103995,82149,
2019-10-14,180.8385162353516,183.34606807646293,177.00344754054697,178.82265564217653,101775,
2019-10-15,182.8544158935547,189.2953785275232,178.97017606238552,180.88771066209992,299581,
2019-10-16,183.1494140625,186.8369861577181,180.4451945260067,185.3127866907408,165637,
2019-10-17,184.42776489257807,186.09946114630728,179.95350800409105,183.88691801510944,78174,
2019-10-18,188.4595184326172,192.14709065609472,183.14942043271745,184.91945810094063,257611,
2019-10-22,185.21446228027344,189.78704572192493,183.24775714325867,189.78704572192493,74162,
2019-10-23,182.21522521972656,187.7711609638313,179.6093320351074,185.75528529397047,130528,
2019-10-24,178.0851593017578,183.8869335564436,176.21678038575567,182.46107530789573,143890,
2019-10-25,183.78858947753903,186.00113276180207,171.79169111493354,177.10180400002642,460099,
2019-10-27,185.8044586181641,189.6395425102266,181.92021910313207,189.6395425102266,153908,
2019-10-29,182.65774536132807,186.0994794596573,180.74021079321287,186.0994794596573,154357,
2019-10-30,183.6902770996093,187.082840724139,181.4777336482069,182.4119156600672,176014,
2019-10-31,187.6728515625,193.6221228473483,186.246978274624,187.6236809310612,570919,
2019-11-01,190.6720428466797,195.1954703272023,185.65695412324985,188.31200285974427,518095,
2019-11-04,183.83775329589844,192.6387554773829,181.92021885486847,192.2454204655502,361585,
2019-11-05,147.9453887939453,166.18658167722137,147.1095481256492,166.18658167722137,3815159,
2019-11-06,151.78048706054688,156.35307086701354,139.2427408117769,142.8811426045835,1981104,
2019-11-07,149.17457580566406,156.0580435159233,146.7653651080271,153.40299468577706,698961,
2019-11-08,145.7328643798828,151.2888160325547,144.94617923382285,149.96128391078037,299091,
2019-11-11,147.60121154785156,149.66624272917792,145.33949786897878,145.53616536175733,166610,
2019-11-13,148.09291076660156,152.812991344927,145.6836848406506,149.02709275586307,399083,
2019-11-14,143.12698364257812,149.0270996429199,142.68447794350666,147.5029000085441,141019,
2019-11-15,143.02862548828125,145.487006864858,136.63683390918172,145.487006864858,298751,
2019-11-18,140.37356567382812,143.52029058990607,139.78354818747752,142.68444998980533,148087,
2019-11-19,145.88035583496094,150.45293916047967,140.76691060477646,142.0452719123226,417657,
2019-11-20,153.99301147460938,155.36969900821774,144.15948622092472,146.8145350384658,848705,
2019-11-21,151.14129638671875,157.1397534378449,149.9612762304496,155.369715701056,316993,
2019-11-22,152.5179901123047,155.2713653135769,149.96126741995826,150.45294370658107,303342,
2019-11-25,149.5679168701172,155.5663579415239,148.4862231498995,153.25548863708488,189708,
2019-11-26,148.9779052734375,151.68212467609064,147.40453525544098,150.45293403852102,133773,
2019-11-27,149.42042541503906,151.19046310601468,146.5195382295687,149.46959604627142,230929,
2019-11-28,147.404541015625,150.01043427196518,146.81453848939694,148.9779110951047,117916,
2019-11-29,147.3553924560547,149.37125327326652,145.9295191885851,148.4862419391135,103484,
2019-12-02,148.92872619628906,150.40375487767477,145.78200134361978,147.35537127233826,131539,
2019-12-03,149.5679168701172,152.1737949168672,147.60121192773445,148.14204378307534,184270,
2019-12-04,149.61709594726562,151.19046614975656,148.1420670092192,149.4695990553691,130061,
2019-12-05,149.5679168701172,150.84626307885165,147.74870879650595,150.55126934130857,99697,
2019-12-06,149.42042541503906,150.2562811316795,148.04373776915244,149.3220991573443,102150,
2019-12-09,146.56869506835938,150.94461075039766,145.53617192872215,148.97790572433385,81055,
2019-12-10,147.404541015625,149.32209048898125,144.79866276405392,147.15870287850436,111907,
2019-12-11,147.65037536621094,148.83041039794296,146.2245172084316,147.65037536621094,108292,
2019-12-12,147.55206298828125,148.63374186270048,146.1753603234248,147.06038668042612,88347,
2019-12-13,149.5187530517578,151.14127870117446,146.61786613064726,148.4862299090524,87783,
2019-12-16,150.05960083007812,151.82962336552075,147.69954577487346,149.86291832190122,111250,
2019-12-17,148.3878936767578,150.4037694036312,147.5520530127746,150.4037694036312,59387,
2019-12-18,147.10955810546875,150.25628349175665,145.24117912268173,147.99456946247247,157971,
2019-12-19,147.50289916992188,149.3712632241659,146.61788777681068,146.61788777681068,62195,
2019-12-20,146.81454467773438,148.48624107966407,146.175356491417,148.48624107966407,66391,
2019-12-23,144.3561553955078,148.19122428691605,143.56947036515592,146.51952797539883,76814,
2019-12-24,139.98023986816406,144.99532881203896,139.29188108734587,144.3561556638723,164562,
2019-12-26,139.83273315429688,142.29111459162547,139.0460480933978,139.9802450433983,72840,
2019-12-27,136.19432067871094,141.50441815452953,134.91595943311955,140.66857753589662,142406,
2019-12-30,136.3909912109375,139.34104876418678,135.7518180763076,137.47268498236969,87396,
2019-12-31,136.0468292236328,139.04604245166635,135.21097356694776,137.12850800930704,118485,
2020-01-01,139.09521484375,144.0119775812793,136.68600410331447,136.68600410331447,360533,
2020-01-02,143.0778045654297,145.9295211287433,139.6852410663787,140.6194230436869,370869,
2020-01-03,141.2585906982422,144.99533346571587,140.52107627063958,142.58612266983462,106412,
2020-01-06,143.0778045654297,143.4219839803817,137.7677064803733,141.8486138045583,196203,
2020-01-07,147.65037536621094,150.35459480518747,142.78278337700692,142.78278337700692,322288,
2020-01-08,147.404541015625,149.17457860384738,144.30698648981263,146.51952972389836,262742,
2020-01-09,150.4529571533203,153.00968007417396,148.14207239774987,148.5354224650655,371958,
2020-01-10,149.71542358398438,152.12463429587632,148.78124167587552,150.4529379858759,80379,
2020-01-13,154.189697265625,155.3697174350638,147.15871687250504,151.23963933964276,313191,
2020-01-14,151.436279296875,155.0746804088983,150.84626181718784,154.38633668577515,130767,
2020-01-15,157.04139709472656,159.1064434235028,150.55127935600063,150.55127935600063,518471,
2020-01-16,159.20477294921875,162.84318941331313,156.00887713951423,156.69723593311213,345860,
2020-01-17,157.72975158691406,161.22065633001466,157.3364165474534,159.59813053627704,118786,
2020-01-20,156.15638732910156,160.28646502196526,154.3863497450831,158.31975992967122,108176,
2020-01-21,159.15562438964844,162.00734092913342,154.4355289063889,154.4846995373669,221121,
2020-01-22,167.46495056152344,168.9399794595907,159.1556241033652,159.1556241033652,1103607,
2020-01-23,168.00579833984375,170.1200004358378,164.76073174676108,168.84163905010584,352036,
2020-01-24,168.00579833984375,169.6283241340001,166.62909569183628,167.85828644643047,139198,
2020-01-27,167.6124267578125,169.5791317124475,165.98990117214586,166.87491239982438,132106,
2020-01-28,167.51409912109375,175.0367395081609,167.02242288652027,167.4157578722719,319710,
2020-01-29,169.2349853515625,170.5625023343023,167.66161521857128,168.5957971704481,144776,
2020-01-30,168.05494689941406,169.48082011860058,165.05573358813862,168.98914383743815,155991,
2020-01-31,167.36660766601562,168.74331029363515,165.44907311819995,168.39913088553783,137071,
2020-02-03,161.122314453125,164.56404823145434,158.0247450497675,162.0073257085023,143076,
2020-02-04,168.05494689941406,169.13664071987915,162.253172783605,164.21987790825474,130949,
2020-02-05,164.12155151367188,170.1200086890076,163.23654012933676,170.07083805548436,153274,
2020-02-06,162.4498291015625,166.62907720347349,161.36815036039943,164.90821033798073,177698,
2020-02-07,162.30233764648438,165.10488334668133,160.53230009623067,162.25316701916117,177936,
2020-02-10,158.17227172851562,163.13819035522113,156.45140467833494,162.6465140551695,108614,
2020-02-11,155.1238555908203,163.23651364866035,153.6488268530312,158.5655893123282,175673,
2020-02-12,152.4687957763672,156.35303483579997,151.53461397798722,156.35303483579997,113146,
2020-02-13,149.81378173828125,152.37048961703732,148.83042909150493,152.37048961703732,107731,
2020-02-14,141.94696044921875,149.764610983811,140.6194283752366,149.32210529407382,235101,
2020-02-17,134.32595825195312,140.4227407850425,130.3433776037616,137.6693507687145,313000,
2020-02-18,135.70266723632812,138.55438395170495,132.01509475708008,132.7526092529297,169819,
2020-02-19,144.01197814941406,146.02785388070762,133.93261449771538,136.44016650470158,232527,
2020-02-20,140.0785675048828,147.99455851967997,139.63606185910004,145.97868279470393,177321,
2020-02-24,135.4076385498047,139.98023675536032,135.2109710474167,139.3902192434278,79305,
2020-02-25,130.98255920410156,138.99689164518546,129.99920663499452,136.68600710587617,126974,
2020-02-26,121.24737548828124,132.40841821073312,120.41151979769356,129.65504300477974,371547,
2020-02-27,119.13316345214844,127.14748827005106,118.10064026919495,122.27988862490776,154061,
2020-02-28,113.72472381591795,119.87067724844287,112.20052436369797,119.87067724844287,197295,
2020-03-02,111.0205078125,120.80486298519205,108.16878382925184,114.26556682594668,195720,
2020-03-03,110.3321533203125,115.05224857030446,106.79208563401082,111.16800899132066,164770,
2020-03-04,106.54624938964844,112.10219290700778,102.95701101100852,110.6271640529682,130299,
2020-03-05,108.7587890625,110.13548411440698,106.05456958647662,107.18542650419964,115970,
2020-03-06,105.56289672851562,108.36545004827742,103.10451530725358,106.2020773985207,142119,
2020-03-09,102.6128387451172,104.6287145060468,99.5152766622385,104.13703822312588,130493,
2020-03-11,95.286865234375,105.02205714729354,92.77931318779224,103.645362053138,124804,
2020-03-12,76.25899505615234,90.665104252293,76.25899505615234,89.53425479496832,607425,
2020-03-13,74.8331298828125,76.84900567398644,68.63801312649406,68.63801312649406,384099,
2020-03-16,67.35965728759766,74.58729784644675,67.35965728759766,73.75144958496094,183074,
2020-03-17,62.39371871948242,69.7196958112633,61.95120933116424,64.90126691836254,173113,
2020-03-18,56.19860076904297,63.91791692837781,56.19860076904297,63.91791692837781,134769,
2020-03-19,50.5934944152832,54.57607188357589,50.5934944152832,50.5934944152832,185049,
2020-03-20,50.15098190307617,53.10103966208065,48.08594297225,48.08594297225,335955,
2020-03-23,47.6434326171875,52.11768604640451,47.6434326171875,47.88927075891582,38754,
2020-03-24,45.33255386352539,49.06929678602407,45.283386983217255,47.643434749933,113329,
2020-03-25,44.103363037109375,45.23422003855013,43.070843547337496,43.070843547337496,75796,
2020-03-26,46.2667350769043,46.2667350769043,43.464181909849664,44.201696296042165,53865,
2020-03-27,48.57761764526367,48.57761764526367,48.57761764526367,48.57761764526367,31535,
2020-03-30,50.9868278503418,50.9868278503418,50.9868278503418,50.9868278503418,58737,
2020-03-31,53.49437713623047,53.49437713623047,53.49437713623047,53.49437713623047,12113,
2020-04-01,56.14942932128906,56.14942932128906,56.14942932128906,56.14942932128906,12833,
2020-04-03,58.95198440551758,58.95198440551758,58.95198440551758,58.95198440551758,35292,
2020-04-07,61.852874755859375,61.852874755859375,61.852874755859375,61.852874755859375,10855,
2020-04-08,64.9012680053711,64.9012680053711,64.9012680053711,64.9012680053711,26324,
2020-04-09,68.1463394165039,68.1463394165039,68.1463394165039,68.1463394165039,14385,
2020-04-13,71.53890228271484,71.53890228271484,68.53967382523464,71.53890228271484,250700,
2020-04-15,75.0789566040039,75.0789566040039,75.0789566040039,75.0789566040039,45009,
2020-04-16,78.81570434570312,78.81570434570312,76.06231434578959,78.42236184537488,143931,
2020-04-17,82.7491226196289,82.7491226196289,80.83158055215699,82.7491226196289,56804,
2020-04-20,86.87919616699219,86.87919616699219,86.87919616699219,86.87919616699219,52518,
2020-04-21,82.55243682861328,91.20594156274362,82.55243682861328,91.20594156274362,347066,
2020-04-22,78.47154235839844,81.61826775273038,78.47154235839844,78.66820988214977,102695,
2020-04-23,74.8331298828125,78.86487396277558,74.58729173766372,74.58729173766372,322760,
2020-04-24,71.14555358886719,74.73479180083136,71.09639046411306,74.73479180083136,57248,
2020-04-27,74.58728790283203,74.68562165535886,68.9330108551191,72.7680872227404,79293,
2020-04-28,71.88307189941406,76.94733917293395,71.3422324833355,76.60316727135945,65536,
2020-04-29,72.6205825805664,74.8331257651615,70.70304815487108,72.12890631732304,51276,
2020-04-30,71.24388885498047,74.68562276106425,70.80138321086636,72.71891767187351,71893,
2020-05-04,69.32635498046875,72.66975516085479,68.78550807541197,69.9163650117405,82071,
2020-05-05,66.42546844482422,71.7355662681852,65.88462153574115,71.63723251263863,49772,
2020-05-06,63.22957611083984,66.37630147616319,63.13123484748563,64.90127255447068,83378,
2020-05-07,62.93456268310547,65.39294403791428,60.57451508201211,60.57451508201211,45733,
2020-05-08,66.08129119873047,66.08129119873047,63.18040405252566,65.58961490260187,36108,
2020-05-11,69.37551879882812,69.37551879882812,69.37551879882812,69.37551879882812,30193,
2020-05-12,71.24388885498047,72.81725892824068,66.03212487005574,72.81725892824068,176023,
2020-05-13,68.63801574707031,74.63646521724243,67.70382625840702,74.63646521724243,122159,
2020-05-14,65.54045867919922,67.85133601398084,65.24544986948851,67.85133601398084,57711,
2020-05-15,66.86796569824219,68.78549994892948,64.90126082476448,67.85131813498104,104492,
2020-05-18,63.91791534423828,66.81880234736913,63.62290658015722,66.81880234736913,43732,
2020-05-19,62.2462158203125,66.27796353610306,61.90204392742934,65.83545038606648,28967,
2020-05-20,62.29538345336914,64.01625044104445,61.26286401100243,63.5245741588515,30679,
2020-05-21,63.18040466308594,63.917919114406,62.14788518147634,62.29538582102487,34330,
2020-05-22,64.21292877197266,64.95044323335496,60.52535271386864,63.81958622542509,55810,
2020-05-26,64.9012680053711,66.91714372467355,63.91791545983517,66.91714372467355,26018,
2020-05-27,66.67130279541016,66.86797029532508,64.21292153455262,66.72046591919678,33091,
2020-05-28,66.57295227050781,67.85131334905192,66.13044670614119,67.85131334905192,37647,
2020-05-29,65.58961486816406,67.85132883012209,64.01625222185561,66.57296745990496,51834,
2020-06-01,68.83467864990234,68.83467864990234,66.86797354561942,67.5563173311646,53830,
2020-06-02,72.1780776977539,72.27641145095178,69.17884945971981,71.19472516100626,118362,
2020-06-03,75.76731872558594,75.76731872558594,73.75144295064767,74.73479552332297,91760,
2020-06-04,75.4723129272461,78.07819884801238,72.57142572448186,77.6848563029634,151157,
2020-06-05,82.99494934082031,82.99494934082031,76.06231147879541,76.79982582571789,222534,
2020-06-08,91.255126953125,91.255126953125,85.30584054796152,89.38675545793758,316531,
2020-06-09,88.10839080810547,97.1552391626498,84.12581730898107,93.12348753055004,322301,
2020-06-10,89.33758544921875,90.96011879853452,86.38752754223925,88.50173720938494,202454,
2020-06-11,86.63335418701172,91.45178296182108,85.55166793202616,91.40261233561908,105979,
2020-06-12,86.2400131225586,87.37087002260262,80.53657300008531,80.53657300008531,93195,
2020-06-15,86.19084930419922,88.69839371206119,84.66664990740101,88.69839371206119,93796,
2020-06-16,94.7951889038086,94.7951889038086,93.66433195194335,94.7951889038086,134764,
2020-06-17,104.2353744506836,104.2353744506836,98.33525891573925,99.31861150489664,201206,
2020-06-18,114.65890502929688,114.65890502929688,109.1521322882066,111.1188373744806,142060,
2020-06-19,119.57566833496094,120.3623533743058,111.1188379227342,120.3623533743058,760726,
2020-06-22,115.7406005859375,122.91907772609552,115.10142738366989,122.82074396439168,314622,
2020-06-23,110.87300872802734,115.9372762590972,110.3321617820585,115.9372762590972,177879,
2020-06-24,105.90706634521484,112.10219039427324,105.46456069987548,110.87299971012553,148877,
2020-06-25,102.26866912841795,108.02128026641452,100.64613585811514,100.9903077633588,229820,
2020-06-26,107.38209533691406,107.38209533691406,99.46611181984812,99.46611181984812,121324,
2020-06-29,109.8896484375,112.74137235827894,108.66045773909396,110.82383036733474,312241,
2020-06-30,109.79131317138672,115.3472565522097,105.36622671801372,112.1021901521157,318756,
2020-07-01,109.59463500976562,111.56134004360536,107.48043310029536,110.72549190470032,90567,
2020-07-02,107.6279296875,110.13548159987954,106.3987390446442,109.98797722226,212581,
2020-07-03,105.46456909179688,108.70963575711392,103.25202568427666,108.61129449264936,78907,
2020-07-06,106.20207977294922,108.0704511953577,105.317060941031,106.44791792057178,76777,
2020-07-07,105.3662338256836,108.6604635738248,103.74370051618568,105.46456758635937,132061,
2020-07-08,105.3662338256836,107.87377848364852,104.2353768219496,106.20208204500524,114154,
2020-07-09,105.75957489013672,107.136262525094,104.33370912195248,105.36623235055538,51257,
2020-07-10,109.10296630859376,111.0205083508414,104.2845446438339,105.21872659866249,256409,
2020-07-13,114.2164077758789,114.51140905905932,110.13549292161008,110.13549292161008,471518,
2020-07-14,113.036376953125,118.00231052187448,110.92217489151597,114.36390894840396,293728,
2020-07-15,118.64148712158205,118.64148712158205,113.67555372372324,114.0688962457372,352756,
2020-07-16,123.55825805664062,124.541610675472,115.78977086739566,119.96901949742906,375593,
2020-07-17,125.62329864501952,127.34416574974584,122.91907890902108,124.8857841715654,307310,
2020-07-20,131.86758422851562,131.86758422851562,125.91829824269244,126.70498329123232,404767,
2020-07-21,138.4560546875,138.4560546875,138.4560546875,138.4560546875,27533,
2020-07-22,145.33950805664062,145.33950805664062,145.33950805664062,145.33950805664062,35881,
2020-07-23,152.567138671875,152.567138671875,152.567138671875,152.567138671875,50874,
2020-07-24,147.50289916992188,160.18814249662682,144.94617624906823,160.18814249662682,1155055,
2020-07-27,140.12774658203125,145.9786915962568,140.12774658203125,145.53618592379385,150508,
2020-07-28,147.10955810546875,147.10955810546875,133.8834533490263,137.91520509708812,536494,
2020-07-29,154.43553161621094,154.43553161621094,147.55206329206706,154.43553161621094,257950,
2020-07-30,156.3038787841797,161.1223150959251,151.09210746953485,157.33640192275146,352316,
2020-07-31,157.1889190673828,161.1714850924388,151.82963539508495,155.36971075599016,292221,
2020-08-03,156.35305786132812,159.30311555682488,152.71465637116933,158.4181042500836,180800,
2020-08-04,158.22142028808594,164.17070625395252,156.50055331476406,161.2698192141638,528003,
2020-08-05,162.40066528320312,166.08823729240183,157.23806447032496,159.25394016964069,829950,
2020-08-06,170.51332092285156,170.51332092285156,166.137405210915,168.93996589411177,322582,
2020-08-07,179.0193328857422,179.0193328857422,172.28336198567035,179.0193328857422,271175,
2020-08-10,187.96783447265625,187.96783447265625,182.0185635318149,186.8369850388028,376421,
2020-08-11,182.8544158935547,195.6871705297512,179.4618523702492,191.75376006684164,413989,
2020-08-12,182.0677185058593,185.8536318226733,176.0201063294102,182.5102391568715,208435,
2020-08-13,185.5586395263672,190.672070235758,183.34609609400644,186.0503158446696,237445,
2020-08-14,184.6735992431641,193.130421591118,179.06849309299628,186.8369717040468,245368,
2020-08-17,187.0336456298828,189.78703567692668,182.3627211766942,182.3627211766942,191731,
2020-08-18,188.4103546142578,190.08205094859105,185.50945258744443,189.39370716442664,138873,
2020-08-19,185.4602966308593,191.70457631036183,184.77193784316145,188.8036892935245,86709,
2020-08-20,183.5427398681641,188.7545111686697,182.31354923147728,185.06693925860927,70925,
2020-08-21,184.08360290527344,187.23032821040883,181.1335451183147,185.65697306022605,79144,
2020-08-24,185.50946044921875,186.59115430215363,182.6085733042368,182.6085733042368,88616,
2020-08-25,183.10025024414065,189.19703333405445,181.92023013073307,187.82034570254064,107257,
2020-08-26,179.9535369873047,185.11613845825195,178.42933736159466,184.476965230424,84329,
2020-08-27,188.95118713378903,188.95118713378903,175.0859251337189,179.4618409953924,1500005,
2020-08-28,198.3913726806641,198.3913726806641,190.770390582646,198.3913726806641,962561,
2020-08-31,188.5086975097656,208.2740915151452,188.5086975097656,205.52070113062297,333470,
2020-09-01,184.1327667236328,186.8369862616301,179.11766266943926,179.11766266943926,510913,
2020-09-02,182.80523681640625,185.4111301305564,178.77350028104797,184.1327687882157,168059,
2020-09-03,188.4595184326172,191.9012525078629,181.9694003221586,184.4769524350773,928557,
2020-09-04,183.93609619140625,187.32865946421376,179.21600098348011,179.4618391192599,287773,
2020-09-07,183.395248413086,186.98447917636744,180.24852329113423,180.24852329113423,92192,
2020-09-08,183.4935913085937,189.2953653351397,181.9202212311733,181.9202212311733,193745,
2020-09-09,182.21522521972656,183.49358649852385,178.38014138333477,180.44518768022024,116661,
2020-09-10,186.0994873046875,191.31125930281385,183.59193506924487,185.7553078784377,244026,
2020-09-11,191.26206970214844,193.22877478906,182.01856179557177,184.9686194259391,260104,
2020-09-14,200.80059814453125,200.80059814453125,192.7371098164305,196.1788439202953,431226,
2020-09-15,201.63644409179688,205.8156924440821,196.4738431860328,205.8156924440821,447574,
2020-09-16,204.8323516845703,206.40570685786665,196.6705220197948,202.0789613753392,185233,
2020-09-17,212.0599822998047,215.05921073233867,203.5539883072317,204.83234968885915,720819,
2020-09-18,209.8474273681641,219.9759615955084,206.5040347128165,215.3050370008137,353504,
2020-09-21,205.3240203857422,214.3708610626621,199.37473431401256,214.3216904330241,290109,
2020-09-22,204.19314575195312,206.5040301869045,195.09713489848232,206.5040301869045,247310,
2020-09-23,199.57139587402344,212.3058083223476,198.14553768567583,207.88072187279155,157291,
2020-09-24,196.52301025390625,202.5706223463184,191.99958258795468,199.1288884715023,191780,
2020-09-25,201.7839508056641,203.06231218843385,197.6538728807516,201.2922745049657,117296,
2020-09-28,202.275619506836,206.5040385349337,201.0955994304473,206.2090297646442,103916,
2020-09-29,209.10992431640625,212.35499089624776,203.11148246132453,206.5040459292076,499881,
2020-09-30,219.5334625244141,219.5334625244141,209.4540986235171,209.4540986235171,412553,
2020-10-01,230.49783325195312,230.49783325195312,226.1710880050682,230.49783325195312,354984,
2020-10-05,242.0030670166016,242.0030670166016,231.18618903544905,235.02125795413187,345975,
2020-10-06,245.00230407714844,252.62328703164448,243.7239576498881,252.62328703164448,479498,
2020-10-07,232.75955200195312,243.67477160982745,232.75955200195312,240.0363700754592,418539,
2020-10-08,226.318588256836,240.872209311361,221.30349914664268,231.08785422900183,495212,
2020-10-09,235.7095947265625,237.62712912889896,228.13778336580623,231.08784090932963,441121,
2020-10-12,227.89195251464844,237.774648601998,225.2860742698945,237.38129858077247,111605,
2020-10-13,226.07275390625,231.0878581053376,225.1877425792438,228.1378003422907,111941,
2020-10-14,230.9403533935547,234.578754843736,215.35420940502743,226.9086019187675,177612,
2020-10-15,235.1195831298828,242.4455560787553,233.15287817690933,235.5129181185703,490526,
2020-10-16,232.1203765869141,240.380532152988,229.12114825472875,236.0046162280468,110044,
2020-10-19,232.8087158203125,238.9546692474591,232.0712014090549,232.16954266579688,111050,
2020-10-20,235.7095947265625,236.9879559963764,232.1203640505165,232.80870780971824,91603,
2020-10-21,233.5462188720703,242.0030563783979,232.3661988724072,235.80793262420613,137694,
2020-10-22,243.87144470214844,245.1989767135237,229.17032633900112,234.5295950058968,398239,
2020-10-23,241.06887817382807,255.0816523916712,238.95467613585083,244.7564503364184,621552,
2020-10-26,232.2678680419922,244.3631073419648,230.35033358090644,242.88807852501125,157096,
2020-10-27,231.481201171875,234.9721059802501,226.17110301601576,234.9721059802501,146551,
2020-10-28,230.69451904296875,241.5113973185513,228.03945509878287,236.447122577576,207065,
2020-10-29,234.82460021972656,236.0046203203745,228.08862901284127,232.8578950503901,162217,
2020-10-30,234.7262420654297,242.39639467475288,231.2845082668024,236.05377396109336,586183,
2020-11-02,234.13624572753903,243.23225672066,232.07119939205808,243.23225672066,245507,
2020-11-03,230.74368286132807,237.971330513118,228.48198387266407,236.0046253022658,134600,
2020-11-04,228.82614135742188,234.67708618170363,225.63024548649483,231.18619654189123,226926,
2020-11-05,236.20127868652344,236.9879637247378,229.1211433521324,231.08784844528373,308412,
2020-11-06,234.92291259765625,237.62713204574663,233.0545487990649,236.4962826420891,152241,
2020-11-09,235.31626892089844,237.9713178128984,231.57952621875032,235.02126015406083,288551,
2020-11-10,236.69297790527344,243.18311134374625,223.56522913872087,236.8896454327001,278509,
2020-11-11,240.036361694336,243.28141308169245,234.62792270904976,235.7096015032456,288814,
2020-11-12,251.73825073242188,252.03324449118367,239.9380202293396,241.8063840570867,581953,
2020-11-13,248.099853515625,260.78511052339843,245.7397983723148,254.68831265675715,225728,
2020-11-14,252.5741271972656,253.7541323390376,248.29653728568337,253.65582108437863,83696,
2020-11-17,253.9999389648437,259.06422835183275,247.8048302133253,247.8048302133253,504120,
2020-11-18,258.0809020996094,262.0634681292778,253.70497102196487,255.67167622368564,287562,
2020-11-19,257.1466979980469,265.5051948737004,253.70496399042483,255.67166913763745,267998,
2020-11-20,252.7216186523437,259.6050868646644,249.86990210914743,257.1467053602641,118928,
2020-11-23,258.2775573730469,260.6867832747066,252.6724654939918,253.99996751170207,266677,
2020-11-24,261.2767639160156,265.50516754344875,257.14667152819203,259.6050527091499,212633,
2020-11-25,259.4576110839844,265.5052240748929,258.6217553025809,261.2768195471467,254014,
2020-11-26,272.2903137207031,272.38865497711515,257.73670805787106,260.14590378750535,406819,
2020-11-27,268.2094116210937,277.30542283097503,263.7843250865569,273.81453323532253,351373,
2020-12-01,276.07623291015625,277.30542361768147,268.2094123819951,268.2094123819951,239871,
2020-12-02,282.61553955078125,285.1722623878912,272.6345163691132,274.35538346972976,324274,
2020-12-03,280.5996398925781,287.1389279694266,279.02626990179726,282.4680036274582,254654,
2020-12-04,285.51641845703125,287.13894416013807,277.10873616168783,281.3371701259333,213253,
2020-12-07,285.3689270019531,291.5640361714259,283.5005331166637,288.17145781080967,230372,
2020-12-08,283.45135498046875,289.8923017802,278.58374815565395,287.13892681455985,182774,
2020-12-09,281.6321716308594,287.13895205575426,269.29110881173074,283.45137989750395,136663,
2020-12-10,278.4854431152344,284.1397200534076,275.3387030762622,279.7637893757022,121177,
2020-12-11,281.6813659667969,283.1072092396427,277.40377612917945,279.27214007850085,106656,
2020-12-14,295.7432556152344,295.7432556152344,281.2388066698488,281.2388066698488,535022,
2020-12-15,310.4935302734375,310.4935302734375,290.08896731801764,303.8067457424632,675467,
2020-12-16,313.64031982421875,325.0963714680475,303.4626145404762,308.6252156254648,545466,
2020-12-17,300.07000732421875,319.491219066611,298.0049610864115,313.9352834814542,345762,
2020-12-18,290.8265075683594,302.872575929179,285.073889328836,302.872575929179,285393,
2020-12-21,290.3348388671875,305.3309651761616,276.4204063594568,293.03905836552707,615298,
2020-12-22,293.4324035644531,299.72585406799004,275.8303984026952,287.6797849755372,339942,
2020-12-23,305.2818298339844,308.08436076536333,294.31742422285294,297.9558408843324,385605,
2020-12-24,298.9391784667969,311.3785823583266,297.5133052498997,307.7893515135113,158390,
2020-12-28,301.9875793457031,308.0843472557452,300.9058855200305,300.9058855200305,135056,
2020-12-29,313.7386474609375,317.0820704410829,298.84086098238487,306.21600577469223,433780,
2020-12-30,311.57525634765625,324.5063361656844,310.2477244250709,316.63951589500107,388850,
2020-12-31,309.80523681640625,317.1312259784853,307.83853153902027,314.08282679662886,166479,
2021-01-01,304.2492980957031,312.1161191454151,303.2659454644891,310.73943146362365,123444,
2021-01-04,310.6410522460937,312.7060985212547,301.0533652631308,309.46104723852824,238525,
2021-01-05,323.27716064453125,326.12887712435463,307.2976812210373,308.821865716078,638210,
2021-01-06,318.70458984375,336.7982720328012,316.14786703224985,327.4564221515994,729416,
2021-01-07,334.6348571777344,334.6348571777344,320.5729278671324,321.359597894893,560738,
2021-01-08,342.55084228515625,351.0568352321513,340.5349516961687,344.17336787465814,600767,
2021-01-11,338.9616394042969,358.13701432251383,334.8807022730455,347.12345364772256,429915,
2021-01-12,330.7998046875,346.7301286210673,327.2597293678696,338.96164917575067,249248,
2021-01-13,316.4428405761719,337.87994430670454,314.2794829582903,333.2581752888247,283939,
2021-01-14,319.0979309082031,327.9481046467974,308.7727282131765,317.5245606861004,340389,
2021-01-15,328.9314270019531,334.3398660109538,319.2453984111987,321.5562828987703,432850,
2021-01-18,318.6553955078125,332.5698586954767,313.5911356597439,330.40647098875826,216343,
2021-01-19,320.9171142578125,328.9314316273944,312.7061143722314,317.72121843482586,219216,
2021-01-20,324.3588562011719,329.76729541928904,319.0979138689137,323.52300050191866,233037,
2021-01-21,324.80133056640625,329.4230994884171,319.98290914296086,327.45639441684443,239861,
2021-01-22,311.8702697753906,329.4231196134164,308.5760325773485,322.4413101808957,375276,
2021-01-25,320.228759765625,323.62133815021133,306.5601649870362,314.7711649829833,277091,
2021-01-27,312.6569519042969,321.9004597726976,310.7394024486624,320.57292784260744,127162,
2021-01-28,320.2779235839844,325.4896798680876,308.3301666144295,312.6569416535382,235166,
2021-01-29,323.4246520996094,328.9314324565444,317.13120169577155,322.5396407944591,180487,
2021-02-01,339.2074584960937,339.5516078651052,318.11453526671187,324.40798529481054,401634,
2021-02-02,356.12109375,356.12109375,342.25581781435847,343.1900146718642,717659,
2021-02-03,373.9198303222656,373.9198303222656,373.9198303222656,373.9198303222656,206123,
2021-02-04,392.603515625,392.603515625,392.603515625,392.603515625,271732,
2021-02-05,442.6069946289063,451.3588264381078,378.93491617167865,414.7289434646448,2659382,
2021-02-08,472.1075744628906,493.9379834928553,425.791662452834,446.1470726385748,2931683,
2021-02-09,433.8059997558594,473.8776187848269,428.8400810579261,472.00925481974014,716667,
2021-02-10,439.90277099609375,443.9836780929362,425.8899971027951,433.6584762768214,381153,
2021-02-11,440.1485900878906,448.4087451814306,433.65845751098885,438.5752200678028,168009,
2021-02-12,438.7227478027344,456.27559736715006,436.70688701645815,439.55860349809495,261605,
2021-02-15,430.6100769042969,444.1803601397656,427.7583605028522,444.1803601397656,142451,
2021-02-16,421.1207275390625,438.5752352187317,417.6789936303953,430.708414856064,185603,
2021-02-17,436.8052368164063,446.44208029022064,417.97401052340496,423.6774736077264,286245,
2021-02-18,437.7393798828125,447.32706720703135,428.7417100881455,441.2302994270971,542662,
2021-02-19,426.0374755859375,446.4420401985358,421.6615449061679,439.5585726183822,354006,
2021-02-22,441.3778076171875,453.8663672666141,428.79087669918704,429.92175616378057,979622,
2021-02-23,433.8551940917969,446.9337721191912,430.85595055259927,444.4753905343772,525970,
2021-02-24,433.5601501464844,439.9519419699467,425.0541562602462,437.5919017601146,180012,
2021-02-25,432.0851135253906,439.5585990639563,429.2333970725211,434.2485011845545,342536,
2021-02-26,426.82415771484375,434.641822406744,424.1199382315439,431.4950822769072,391375,
2021-03-01,419.6948547363281,440.49278509717806,414.4339426215131,428.74171016565725,542258,
2021-03-02,428.6925659179688,432.6751318321536,417.8756876221649,423.82495868104144,520084,
2021-03-03,451.9980163574219,457.258958766645,428.8400746430561,428.8400746430561,1061491,
2021-03-04,471.7633972167969,483.80946624421904,446.4420684448688,452.34218388687145,1133841,
2021-03-05,452.9321899414063,486.4645178545968,447.5237509234574,471.7142296238272,506787,
2021-03-08,459.5206298828125,463.0115494051146,452.4405096013885,454.21053216936,242336,
2021-03-09,463.5032348632813,476.4343150171539,455.3905762484381,466.8957831874016,477961,
2021-03-10,476.1393432617188,480.76108249868815,468.07583989831,468.07583989831,382645,
2021-03-12,489.7586975097656,500.5264193201734,475.3034338573215,478.9910057088945,966441,
2021-03-15,513.9000244140625,518.2267996904562,492.9054712425829,493.6429856633947,1071320,
2021-03-16,604.6635131835938,616.5620551525919,520.1935042674978,520.1935042674978,4688811,
2021-03-17,578.7030029296875,637.1141711582598,570.3445058610345,595.7149908420715,3469313,
2021-03-18,580.91552734375,603.6801632142804,555.6433544381413,593.5515837870157,1303577,
2021-03-19,662.09130859375,682.4467198792677,555.8400697575736,570.3445209365638,3940784,
2021-03-22,670.646484375,719.8141151942816,659.141246759472,687.3634788535558,1806164,
2021-03-23,640.3591918945312,685.6917203945204,611.9402792216032,678.4149475435719,1881104,
2021-03-24,645.0301513671875,670.7940015466576,639.1791913807326,640.1625439828567,1698489,
2021-03-25,606.3351440429688,653.6344365955001,578.2112857829259,653.6344365955001,962074,
2021-03-26,613.0220336914062,627.6247957662321,601.5167962892905,612.5303573923336,319546,
2021-03-30,683.626708984375,701.4745218656175,620.1513134938073,633.9674049027894,1227152,
2021-03-31,727.680908203125,733.5810236750423,686.5276267941337,691.2968627929688,1909474,
2021-04-01,718.5848388671875,760.9181519584565,703.588713252785,741.4477844760306,1118716,
2021-04-05,699.01611328125,722.5182624646612,672.3181284340142,717.7490267608877,682379,
2021-04-06,725.8616943359375,737.4160865683532,699.163649127449,705.4571293297566,657638,
2021-04-07,722.8624267578125,736.1869016644781,717.8473528210765,732.4993296465616,326916,
2021-04-08,704.424560546875,730.1392532026524,702.0645504873621,730.0409419573259,299683,
2021-04-09,696.3611450195312,712.2914086054734,689.3301501508749,699.1636758306306,198001,
2021-04-12,640.94921875,684.3151048323951,624.4289069172647,683.4300634763764,434865,
2021-04-13,691.9360961914062,711.9472980331874,632.2957356841705,647.9310663751285,728888,
2021-04-15,673.9898681640625,706.0471375901925,658.8462147429373,658.8462147429373,473646,
2021-04-16,675.7107543945312,703.0970999441655,669.6631119747925,680.0866253929067,395177,
2021-04-19,673.7931518554688,684.806711971278,646.849269073853,653.9294191496641,375339,
2021-04-20,702.162841796875,728.6642037200631,674.7273430123815,685.3966936476168,795133,
2021-04-22,696.9020385742188,716.0774153459456,686.4293087912578,707.0305589164938,325044,
2021-04-23,703.7362670898438,723.0591084298487,700.1470063222748,700.3928444565172,182032,
2021-04-26,699.114501953125,735.5477016415834,693.7552185937661,712.8814375453471,325883,
2021-04-27,686.675048828125,711.8980648310852,683.429997534295,703.9820890936755,217439,
2021-04-28,686.7242431640625,701.0320710709952,681.4633309228662,696.1153082216239,217899,
2021-04-29,684.4625244140625,696.2135992872027,673.7440177246176,693.2635416631044,244963,
2021-04-30,669.9580688476562,686.8225887992212,666.4671793587036,678.5132478900855,512062,
2021-05-03,691.1493530273438,701.8187647815952,657.9120470489698,667.6964174528683,596566,
2021-05-04,684.7083740234375,716.7164877774666,679.4966174706761,702.1137263011038,373798,
2021-05-05,684.4625244140625,698.0327774810996,679.4966060839789,686.5767563856301,174607,
2021-05-06,780.929443359375,793.467188239731,683.5283262931915,691.2968353639444,2382352,
2021-05-07,782.60107421875,811.2658240079955,752.3629844148156,786.6820111592684,945458,
2021-05-10,808.856689453125,834.3747020682202,779.7986313966985,790.6155102685317,1002220,
2021-05-11,744.2504272460938,781.7653547555166,732.5977223809558,776.8485915180605,1221855,
2021-05-12,697.7869262695312,765.8349328606906,688.3467660569517,759.5906683476611,1146398,
2021-05-14,707.817138671875,722.7641091228567,674.5798351813329,707.4238336715526,653613,
2021-05-17,707.817138671875,721.4366072157712,700.147000946223,713.6189426030763,357896,
2021-05-18,707.7680053710938,719.8140742363885,698.2294735310858,710.9639011924985,350488,
2021-05-19,730.82763671875,748.2821447094525,708.9971978195207,711.9472555080902,681399,
2021-05-20,743.168701171875,754.4772556720094,726.7958569531799,736.9735920147473,388126,
2021-05-21,748.970458984375,759.6398096494925,743.4144933268819,749.3146083532857,342103,
2021-05-24,762.3931884765625,773.8001135961875,749.3146121063428,754.1330634096694,551188,
2021-05-25,756.5914916992188,780.7819409242534,745.971235923274,769.9650626494841,304380,
2021-05-26,749.7572021484375,762.0982652791419,743.4145658722983,761.9015827552539,177276,
2021-05-27,754.8214111328125,769.9159091419219,715.1431588143404,751.9205690573189,1809395,
2021-05-28,752.8546752929688,774.8817960408463,747.347925115537,757.1322948231674,318431,
2021-05-31,760.8690795898438,769.670097425426,743.1687326656212,759.1482125277665,443918,
2021-06-01,733.7285766601562,766.9167273698295,717.847407942562,762.0982755554596,302336,
2021-06-02,745.52880859375,751.4780799068843,728.6642872496383,733.7285772212862,266624,
2021-06-03,739.776123046875,755.7064466123297,737.1702747596582,746.3645972397635,145854,
2021-06-04,723.157470703125,743.3161974603423,719.1256893402365,739.776092359825,238832,
2021-06-07,723.4033813476562,737.5144674845618,718.9290788963184,732.5977043679981,224045,
2021-06-08,756.1490478515625,762.0000082438233,709.9806279759053,728.6643287121134,845214,
2021-06-09,735.3510131835938,770.9483869309021,729.6475804881752,763.8682366797624,557502,
2021-06-10,751.379638671875,761.114852655329,739.4810971534978,749.2654667592773,275611,
2021-06-11,754.7230834960938,770.94840060057,751.3796608123891,762.098227634492,380330,
2021-06-14,750.5438232421875,761.9999042963575,726.6975242397334,752.264690180509,268149,
2021-06-15,756.7388916015625,760.7706727949721,743.4144774552207,756.0997484987919,232243,
2021-06-16,751.1830444335938,800.4489836715982,747.3479454427697,760.6232049999768,1163175,
2021-06-17,753.1004638671875,765.0482203650936,741.005240510474,746.2662122275124,237227,
2021-06-18,728.9100341796875,762.0981807612247,702.5561994165333,757.0831070631993,397673,
2021-06-21,734.22021484375,747.3479475463075,707.1288037299345,707.1288037299345,403994,
2021-06-22,728.3201293945312,747.2988226279625,724.9767065368143,741.4478626364978,169785,
2021-06-23,723.157470703125,744.053711853899,718.8306955866288,732.5976309330212,261412,
2021-06-24,714.99560546875,733.5809924210971,712.9305891491895,717.847351832977,152138,
2021-06-25,726.0092163085938,731.6143381612255,720.7974595056161,720.7974595056161,174432,
2021-06-28,708.653076171875,734.5643932098656,704.8179770189707,728.6642776017542,291395,
2021-06-29,702.8020629882812,715.4872745740093,698.3769766171744,710.3738894493237,296504,
2021-06-30,711.8980712890625,727.6808672851483,703.5395748405168,706.0471117712656,315725,
2021-07-01,718.5357666015625,727.9267720555382,710.9639394747101,716.6182170016527,604041,
2021-07-02,726.0092163085938,737.4652981651212,722.3216440396359,726.1075875805471,244019,
2021-07-05,712.0455932617188,732.4501597005242,709.9805768104835,728.3201267980537,313892,
2021-07-06,697.0986938476562,725.7142309803043,691.2968894026476,716.3232254965027,367452,
2021-07-07,696.3611450195312,710.865595397171,690.3135027188505,703.8837561530978,227329,
2021-07-08,691.7885131835938,706.2438075524393,688.0026299051448,698.180304705546,306836,
2021-07-09,700.8353881835938,710.865596394837,691.6902212924017,693.2635613957397,144417,
2021-07-12,700.097900390625,722.7641659727574,695.4761311350104,706.0471716577412,210082,
2021-07-13,700.737060546875,709.9805992820018,695.2303098232344,705.9980331319508,170101,
2021-07-14,698.8195190429688,705.997980709396,695.6236232308744,703.0479230366935,176244,
2021-07-15,759.5906982421875,770.751725809164,692.2802033941535,705.063786695466,1676467,
2021-07-16,764.06494140625,796.5155759833494,752.3630218996044,767.0149990950772,1049772,
2021-07-19,761.5574340820312,790.6154914466849,747.3479769894036,755.11648654732,606332,
2021-07-20,747.2496337890625,769.6209045122202,733.3351710679073,765.4416561353667,326815,
2021-07-22,789.9270629882812,796.0238605827235,752.8055055614773,753.9363849609169,897033,
2021-07-23,839.340576171875,856.5000905641457,801.4323465095048,805.365756799122,2853649,
2021-07-26,829.4087524414062,877.1505085901128,812.4459202965862,841.4548216456988,1174196,
2021-07-27,819.0343627929688,844.6998403369017,803.3990332424315,836.0955055255538,477440,
2021-07-28,732.4993286132812,826.950327761799,703.3429018917866,819.1326630910287,1919201,
2021-07-29,693.607666015625,748.2821013540602,683.4791472088642,743.1195006981842,1361790,
2021-07-30,735.1543579101562,750.2980115078542,695.7710994540903,698.1803252563257,864626,
2021-08-02,724.8291625976562,751.9697298128829,719.8140884480674,745.3812555240917,320001,
2021-08-03,714.1597900390625,733.1384822662336,708.9971891472139,730.6309452654368,322365,
2021-08-04,710.6688842773438,731.1717604868204,708.013820446853,717.8473457308371,282857,
2021-08-05,705.1129760742188,722.7641674044426,703.0971152301721,715.8806991434479,234539,
2021-08-06,708.8004760742188,724.7307987146376,703.8345579104503,706.5387773086392,151982,
2021-08-09,647.635986328125,711.3572816403162,644.0959410414827,696.2136278738469,1570446,
2021-08-10,614.5953369140625,656.4861310704946,596.8949912109375,648.0293232421875,1351577,
2021-08-11,643.0634155273438,648.0293339276783,579.0471281673515,619.4137985767424,941345,
2021-08-12,670.1547241210938,673.8914515914686,642.1291780646724,649.0126455171267,630490,
2021-08-13,657.1253662109375,677.5299323895787,645.3251351678679,675.3665446945334,340427,
2021-08-16,660.8621215820312,676.5466080009867,636.0816233549231,644.095971280009,404528,
2021-08-17,661.7471313476562,673.1539972789335,646.0134900526099,663.7629921347684,221756,
2021-08-18,641.9325561523438,666.9097358449728,639.1791809152936,665.4347069659375,164611,
2021-08-20,611.5469970703125,639.1791807215671,605.7451928069006,634.2624177929398,292113,
2021-08-23,579.8829956054688,626.3955580028039,567.836927182338,622.462147905455,471690,
2021-08-24,608.4002075195312,614.5461606825719,580.2271342125235,587.7498048917148,324121,
2021-08-25,628.509765625,634.2623536622143,612.1860783410095,618.5287138814462,164428,
2021-08-26,647.2918090820312,658.4528363969699,620.4954523824713,620.4954523824713,604793,
2021-08-27,641.2933959960938,658.8462151840376,637.2124588645618,658.8462151840376,138242,
2021-08-30,639.6216430664062,654.3719305073147,635.1474012131454,642.129179927546,205948,
2021-08-31,640.5558471679688,648.9634991003236,631.1647827093856,644.0958921860948,238946,
2021-09-01,635.688232421875,648.1768211126869,634.2623593002536,642.0308680186922,112883,
2021-09-02,651.2252197265625,655.7978330459762,631.9023183046219,637.2124460291619,201905,
2021-09-03,639.4249877929688,653.9294377275266,635.2457395067402,649.012675037846,163084,
2021-09-06,632.492431640625,648.6193789656863,630.5257263556847,643.899298285646,121556,
2021-09-07,635.688232421875,639.6216424020316,623.4454818548229,634.0656767974311,154782,
2021-09-08,624.6255493164062,639.0808437485829,623.7896636407355,639.0808437485829,159200,
2021-09-09,621.3805541992188,627.3298256384458,614.595397008611,627.3298256384458,157074,
2021-09-13,632.9840698242188,638.9333409489,616.5620696805852,625.4122429295888,144561,
2021-09-14,632.492431640625,639.0809063489914,625.6581187716409,639.0809063489914,172327,
2021-09-15,623.593017578125,634.2623682929426,622.4621381851669,632.2956632749799,206903,
2021-09-16,651.2744750976562,662.3371928688953,625.4123113340435,626.3465083940985,643210,
2021-09-17,666.3197021484375,696.2136453932957,655.158674072434,673.5965354440785,825017,
2021-09-20,650.4877319335938,670.6464598317625,645.7676515514968,665.6313856793616,246568,
2021-09-21,667.5488891601562,670.3514800843656,631.9515730203431,639.1791906298332,266573,
2021-09-22,675.1206665039062,684.9050361672535,663.6154299155156,670.4497419930743,358623,
2021-09-23,680.5291137695312,693.263541175073,677.6774274130227,679.4966056056389,268605,
2021-09-24,674.7764282226562,705.1128257253051,670.8921742426486,685.3966221284369,533329,
2021-09-27,705.4571533203125,708.5055222606454,685.200054493364,685.200054493364,656031,
2021-09-28,703.2445678710938,717.5523348132531,685.9375277737976,708.9971560170002,472549,
2021-09-29,695.4269409179688,704.1787426714208,689.3301430554603,696.2136109604363,259155,
2021-09-30,698.1311645507812,714.8973137568056,693.8043892631916,698.1803201751471,379565,
2021-10-01,687.4617309570312,699.901164491629,684.019997095815,693.165223656593,166836,
2021-10-04,690.3626708984375,698.9178503992258,688.2976544757653,694.246925616396,139865,
2021-10-05,678.2674560546875,691.8868655611658,671.7773529003607,689.330172808026,290542,
2021-10-06,667.4013671875,685.937538177973,659.8786964034516,680.3816324525859,199693,
2021-10-07,669.8106079101562,678.7590920336467,667.6963759374808,672.4164561346963,113378,
2021-10-08,678.21826171875,690.3134860082415,671.8756258050299,682.4466656548713,243798,
2021-10-11,683.7250366210938,702.8512562989415,673.7931995743434,678.611591203141,402675,
2021-10-12,687.0684814453125,702.8512788511658,682.446712168883,684.0200523391619,167927,
2021-10-13,675.8090209960938,693.2635282680918,674.1864653265598,693.2143726457886,196853,
2021-10-14,694.5419311523438,708.0138738106116,678.7099782594884,681.365042290094,687443,
2021-10-18,702.4087524414062,708.0138742832983,694.7386141404864,699.0653896020718,291869,
2021-10-19,675.2682495117188,706.9322155678931,670.6464802393907,706.9322155678931,306514,
2021-10-20,658.6986694335938,679.840748867775,645.521781518619,675.5140337392017,333576,
2021-10-21,652.2085571289062,671.5314581023605,647.144267656951,658.8461866209833,208865,
2021-10-22,659.2887573242188,665.7297047981398,645.9643417061516,656.5845376961613,139696,
2021-10-25,656.043701171875,675.3173878326377,637.2124751591543,664.4021981454133,255933,
2021-10-26,661.2554321289062,667.4505411702067,651.2252241472846,656.5845075313983,213249,
2021-10-27,650.8319091796875,672.1215174639769,639.7200365494979,666.2214017291067,307474,
2021-10-28,648.6685791015625,668.4339427349338,634.3115948533652,654.1753297600804,442717,
2021-10-29,643.7518310546875,668.6797965202736,635.24580669426,659.8296227427994,528084,
2021-11-01,683.7250366210938,690.7068759479972,645.0792922449887,649.0127025635556,606459,
2021-11-02,697.6394653320312,707.9155112878935,682.3483454741877,687.2158924888444,505059,
2021-11-03,686.3800659179688,701.8678682649717,680.4799507381581,701.6220301324795,260909,
2021-11-04,691.4935913085938,698.0820660276293,684.806805332785,693.2636140640899,83763,
2021-11-08,680.1849975585938,699.1636905153205,675.4649171369897,699.1636905153205,253826,
2021-11-09,687.1666870117188,691.935982453936,673.5964350681741,685.7900295792264,247231,
2021-11-10,736.9244384765625,747.7413167247054,683.430034769025,687.363445041077,1641996,
2021-11-11,728.467529296875,745.2828932730089,712.9305716023221,744.3978520040797,701090,
2021-11-12,713.6681518554688,733.9744071215442,709.1447538878541,728.9592728331926,278818,
2021-11-15,696.45947265625,721.4858081039085,691.2968715529033,717.7490802614924,251010,
2021-11-16,684.413330078125,704.0803797930137,678.6115264046038,694.2468549355693,260804,
2021-11-17,670.056396484375,695.4760338041956,664.2545929087793,685.6425091127259,306697,
2021-11-18,661.9929809570312,681.7091885425082,650.0943785101499,672.465650113961,463949,
2021-11-22,630.3781127929688,660.6653580136153,625.4121946349807,660.6653580136153,315529,
2021-11-23,636.5733032226562,645.4234769232396,621.2330261492779,625.41227484122,140325,
2021-11-24,663.4188232421875,677.5299083563473,641.9325339686426,647.0459792430718,290508,
2021-11-25,661.9929809570312,672.6131770112883,653.9786332759462,667.2047377224549,114118,
2021-11-26,641.4900512695312,656.8303880004149,637.6550121011205,649.2094052712082,169212,
2021-11-29,604.3684692382812,634.2624115581086,593.6499621706841,630.3290012538723,441021,
2021-11-30,610.5636596679688,619.2171506337306,597.190028158082,597.190028158082,500463,
2021-12-01,619.561279296875,629.2473381943021,601.0742628482615,616.0703896514287,181607,
2021-12-02,626.6906127929688,639.0808918178168,620.4955032900853,629.247365616706,160451,
2021-12-03,640.5558471679688,648.5209784682893,629.3456045787797,629.3456045787797,206351,
2021-12-06,634.3115844726562,639.1791918606417,626.1497698727133,635.2457814491916,127895,
2021-12-07,649.65185546875,657.1744661093569,635.4423997888388,635.8357047788089,248158,
2021-12-08,666.0247192382812,679.4966621708096,658.2562695317133,659.829609720135,306886,
2021-12-09,669.3189697265625,674.4323552200603,658.8462405519483,669.5648078760222,105129,
2021-12-10,685.9867553710938,696.951160958532,665.4838775007922,672.514872656013,290189,
2021-12-13,681.1683349609375,699.4586686940347,661.7471217684975,688.4451079431141,170137,
2021-12-14,665.6805419921875,681.8567039602675,659.6820552341135,680.2341481933025,159565,
2021-12-15,676.9891357421875,691.6902696864333,650.9794464591498,668.6797939459544,388492,
2021-12-16,702.2612915039062,711.6031413130704,679.7916483198895,679.7916483198895,694083,
2021-12-17,667.9422607421875,710.963937455431,658.7970934675312,707.571358945085,399652,
2021-12-20,640.211669921875,668.6797384370931,628.9031155218358,668.6797384370931,310173,
2021-12-21,655.552001953125,657.8628564397146,644.2926032434282,649.0126834831266,147804,
2021-12-22,647.24267578125,667.1555653915402,642.1292303960265,662.7796344363276,190269,
2021-12-23,663.4679565429688,669.6139097864395,650.1435419149391,650.1435419149391,165828,
2021-12-24,659.0919799804688,672.3180824441669,655.1585701782727,669.3680250925199,112630,
2021-12-27,670.203857421875,677.0381690258778,646.1117221406346,655.8960911260139,160685,
2021-12-28,675.9074096679688,682.4467286984323,668.6797918082622,672.1215260308047,110452,
2021-12-29,707.3746337890625,720.7974201222994,677.8249016255176,680.725803655746,904741,
2021-12-30,760.0823974609375,771.9317841824704,704.7688141994547,710.963923520925,2407227,
2021-12-31,729.8934936523438,772.9151714526671,724.7308923163049,771.9318188172311,672346,
2022-01-03,727.1400146484375,740.3661177139469,723.747436535861,732.204243987754,481379,
2022-01-04,717.0115966796875,733.4827532897909,712.8815036154273,730.5326953894738,246118,
2022-01-05,705.5554809570312,717.8473882907774,702.9987882392436,711.9472727705793,238016,
2022-01-06,707.1780395507812,719.2732644115706,691.2968712046642,705.0638074733204,324600,
2022-01-07,700.0487670898438,719.8141311085524,698.1803730697708,710.8164304620627,187443,
2022-01-10,742.8245239257812,761.1148569455243,702.9495308857911,705.3096009614693,987836,
2022-01-11,730.041015625,762.0982873160827,725.7142400506698,751.3305640269618,378094,
2022-01-12,738.006103515625,751.2813632057795,730.8767973857273,738.4977798004455,291566,
2022-01-13,732.5484619140625,749.3146101504916,726.205826241651,738.3502056924973,183039,
2022-01-14,734.613525390625,749.314658315459,725.2225203512481,728.7625655955011,157179,
2022-01-17,780.0935668945312,790.8121337106732,736.0885402265608,737.3177309156101,1336414,
2022-01-18,748.2821044921875,791.6970817974677,740.7102781613335,785.7969667374372,480568,
2022-01-19,752.8546752929688,761.8523749779768,729.6475795206954,744.3978675163968,245865,
2022-01-20,751.62548828125,778.8152099598262,747.544611260709,757.1814541276088,272587,
2022-01-21,739.03857421875,752.2646776132821,728.66421713914,743.2178224277127,164852,
2022-01-24,669.7613525390625,737.8093564046169,663.7629263970294,723.74742789365,566268,
2022-01-25,709.2429809570312,715.6839277404175,655.0110673136584,668.6796908849653,347107,
2022-01-27,720.4041137695312,739.481178826682,699.4095590963798,708.9972472527097,749403,
2022-01-28,743.4144897460938,766.031597238369,725.5666178695601,729.6475547507957,730027,
2022-01-31,755.3131103515625,768.9325799144683,746.9054575997852,750.2980360839283,349428,
2022-02-01,753.3955688476562,765.9333136713988,744.9387010335296,758.9514746600654,278388,
2022-02-02,761.7540893554688,784.7153477668296,755.1656151586235,755.1656151586235,739280,
2022-02-03,737.1702270507812,766.8674245926533,734.5643189131387,766.8674245926533,270507,
2022-02-04,729.0083618164062,756.6897590768135,725.7141549040784,735.4001531536373,447945,
2022-02-07,709.783935546875,734.2694407044281,708.0139127687696,734.2694407044281,317108,
2022-02-08,693.7060546875,732.3517971347004,686.9700538417175,707.7679838706956,440445,
2022-02-09,703.490478515625,721.534974832597,693.3127430295366,695.2302926155312,487445,
2022-02-10,708.06298828125,716.7164786765856,697.3936371717456,705.0637750217231,272406,
2022-02-11,673.8914794921875,701.081201062731,670.8431106446629,698.1311434609682,439365,
2022-02-14,644.3417358398438,662.7795955071418,617.4470685461081,659.8295379603742,659587,
2022-02-15,664.893798828125,674.5306410626317,638.244910790304,647.0459274301361,664499,
2022-02-16,675.8582153320312,687.1176143618842,668.7289091365054,675.1698565231303,350234,
2022-02-17,661.4028930664062,683.1350201681523,658.8462004751776,678.5132512356307,177238,
2022-02-18,669.8106079101562,687.5109536640217,652.9952434325384,654.9127928930224,227634,
2022-02-21,659.0429077148438,668.679750945239,647.1443055468714,668.679750945239,236703,
2022-02-22,640.0149536132812,647.0459480288227,630.5747935767213,633.2790129643797,347691,
2022-02-23,655.1586303710938,660.5670693460146,643.4075555035869,643.4075555035869,272290,
2022-02-24,610.7110595703125,633.1314846196982,605.9909795629271,624.4288389816775,490753,
2022-02-25,634.1640625,647.0459564707389,616.0703521716079,616.0703521716079,361291,
2022-02-28,642.86669921875,649.0126523661568,620.7412678880855,634.1640535696515,225027,
2022-03-02,641.834228515625,656.3878344134102,633.1807379833535,642.1292222800853,417417,
2022-03-03,645.0792846679688,657.5187186619562,640.7525093607355,649.0126949403344,303254,
2022-03-04,667.6963500976562,680.3816214046374,634.0656824630022,643.9975787630862,1222819,
2022-03-07,669.8598022460938,675.268241539007,642.2275582108527,649.0618707757136,468536,
2022-03-08,698.4752807617188,707.1287709067658,673.5964740875553,676.2515378870438,881203,
2022-03-09,707.7680053710938,717.8473691155241,697.3936478623492,700.835381823862,364228,
2022-03-10,707.4730224609375,720.7974378554039,699.5570462318254,720.7974378554039,271776,
2022-03-11,725.566650390625,734.8101883094075,693.9027464974712,706.0471264050246,395348,
2022-03-14,722.1741333007812,740.1694728765747,708.0138326403438,732.4501193842585,478192,
2022-03-15,701.9170532226562,731.8601510154127,696.9511347425916,721.8299427867303,219385,
2022-03-16,749.1180419921875,759.1482510959769,708.013912939253,713.9140288804135,949473,
2022-03-17,754.2806396484375,766.2775540056306,745.0863163606549,759.1482472792388,594353,
2022-03-21,789.5338134765625,803.4482165247558,753.4939172755866,761.1148997994179,1190290,
2022-03-22,805.07080078125,830.4412863350957,777.8319212445953,793.7130900412291,2549888,
2022-03-23,823.7544555664062,827.7861770746003,802.9073691880809,811.2658659891815,853287,
2022-03-24,835.456298828125,839.7830740368823,814.2159078484058,825.0327858512228,595354,
2022-03-25,844.503173828125,868.6936830247903,824.09860803165,842.5364686911154,1555123,
2022-03-28,845.7323608398438,854.7300608099414,819.4276797473865,850.5999680364691,577776,
2022-03-29,888.557373046875,898.243432034182,840.7664613563558,844.060668513103,2002872,
2022-03-30,901.3901977539062,908.3228216797374,880.3464278037984,889.9341157916086,1003507,
2022-03-31,930.0057373046876,935.1683385426992,898.784291722426,909.6011705068316,1230753,
2022-04-01,894.8507690429688,930.792290674891,892.1465496859707,926.3180488334908,866107,
2022-04-04,912.5511474609376,917.4679101088952,896.965033874542,902.42262840996,542951,
2022-04-05,942.19921875,955.1794236915844,911.5677644692142,915.5011744561364,1065121,
2022-04-06,957.1953735351562,961.7187711505246,929.2681377681448,941.0683680890104,773462,
2022-04-07,936.3483276367188,970.224835622002,926.9081069686076,957.1954140906682,586601,
2022-04-08,941.56005859375,955.4253054228528,934.184914531658,934.184914531658,408085,
2022-04-11,936.004150390625,947.9519085149128,916.1404758415722,947.3619209612284,467615,
2022-04-12,902.7667846679688,934.1849102316808,886.2464740487394,934.1849102316808,626457,
2022-04-13,897.8992309570312,911.4695447904004,886.9840411544475,902.717682682686,323383,
2022-04-18,865.940185546875,880.7888442749588,851.4357362044619,880.1004855226906,600564,
2022-04-19,815.8384399414062,875.1837403496186,803.4481622126523,866.8252439530211,530302,
2022-04-20,822.0827026367188,832.8995803029914,809.3482755621557,822.0827026367188,381332,
2022-04-21,830.2937622070312,848.4366300830101,822.820306289003,822.820306289003,242551,
2022-04-22,802.1206665039062,831.7195534935212,798.2855676494571,827.9828259029996,348710,
2022-04-25,820.5585327148438,833.2437443721291,788.5504197870944,791.6479442528972,996612,
2022-04-26,797.44970703125,837.8163144008571,793.6146083450257,825.9669290002932,544947,
2022-04-27,803.9890747070312,809.2992028402251,774.881861285659,793.467249732757,453033,
2022-04-28,802.2681884765625,816.1826516662146,798.7772987774687,810.282536112001,269715,
2022-04-29,777.6351928710938,809.2008460758691,771.9317600237781,806.3490996426726,289559,
2022-05-02,774.4393310546875,781.0278055034174,755.3623265539965,763.1307761119248,270717,
2022-05-04,750.8880004882812,793.5655261500802,745.0371006961174,775.3735035555617,539329,
2022-05-05,700.3928833007812,778.8152524734555,675.8090685131091,764.5566398966057,1160217,
2022-05-06,667.05712890625,700.1469637719197,650.2418255536263,662.7795696380251,1514976,
2022-05-09,641.44091796875,663.7630350015061,631.5582358958774,663.6647237446942,848608,
2022-05-10,596.3049926757812,658.5511952443508,581.4563335988861,631.8039946723075,960896,
2022-05-11,586.2747802734375,603.8275986234273,556.5283667542224,594.9282703843035,1322640,
2022-05-12,569.2135620117188,585.0947286542488,561.5925802519365,580.1779662285828,520621,
2022-05-13,562.1826782226562,589.2248739914478,553.2833494371059,575.2612554452016,822541,
2022-05-16,567.2468872070312,580.9155114848943,554.6108311087269,565.0343439978209,512481,
2022-05-17,630.6731567382812,652.3069136204986,573.9829161924636,578.1130090556117,2157074,
2022-05-18,635.3932495117188,644.0958952335809,620.1512855787104,635.245722627318,843958,
2022-05-19,615.3820190429688,620.9871406296647,601.4184007098719,609.5310593166727,708999,
2022-05-20,616.4144897460938,633.22985348377,610.8585841403909,623.8388491258585,489087,
2022-05-23,616.8570556640625,647.0459915916846,610.4652639538102,614.5953567550196,559550,
2022-05-24,599.7958984375,627.3789253950174,595.5182788438154,619.5121050138886,309534,
2022-05-25,584.45556640625,606.9252082744424,577.2771047665534,603.7293124742487,434841,
2022-05-26,594.8299560546875,599.8450298375026,571.1802802237038,592.9124066604086,460456,
2022-05-27,612.9237060546875,623.6422741451667,600.3368039061718,603.7785382447001,473498,
2022-05-30,662.6321411132812,667.4997486017728,620.1021401613193,624.1830775550937,1340188,
2022-05-31,661.7963256835938,672.3182109189323,653.9295045759136,664.7463835989738,507533,
2022-06-01,657.6170043945312,675.5140324431769,650.3401716653766,668.6797203563084,527420,
2022-06-02,670.5481567382812,676.4482722924445,654.027785171361,657.6170461411085,560907,
2022-06-03,668.6797485351562,707.0304988187902,662.1404299278798,682.8400495705907,1581153,
2022-06-06,657.6170043945312,672.4164479662492,645.3742533930161,668.6797203563084,497504,
2022-06-07,650.6351928710938,656.3386252554121,642.1291699053012,656.2402539958974,202755,
2022-06-08,656.5353393554688,662.1404007500531,642.7191883212059,656.8794887326537,253144,
2022-06-09,651.0776977539062,658.7970512639597,640.900022893946,655.6503111078457,306635,
2022-06-10,635.294921875,647.0459972018585,632.2957085118466,647.0459972018585,216759,
2022-06-13,611.153564453125,625.7563247288894,608.5968720205638,617.5453555536002,366422,
2022-06-14,616.0703125,621.4295953787145,602.7950543695132,605.2534355047885,289628,
2022-06-15,607.9085693359375,624.4288804689379,604.7618291155856,619.5121176305998,252254,
2022-06-16,595.5182495117188,626.2480151119163,585.0947370277611,618.2337282548289,584414,
2022-06-17,618.5779418945312,624.2322193524686,574.9171224046888,596.4033527372189,765559,
2022-06-20,600.533447265625,622.8555633802041,591.9782676070231,620.4954931229761,432675,
2022-06-21,617.2996215820312,630.722409165283,602.3034937777685,611.5470326286846,416579,
2022-06-22,604.95849609375,620.7412923955972,593.8957799916502,619.0204254463816,271316,
2022-06-23,638.2941284179688,641.1458748751982,605.3518173622646,610.0719577078962,430740,
2022-06-24,630.8206176757812,651.3727085726134,621.5770803304246,650.9793435718897,512056,
2022-06-27,654.2736206054688,660.4687899269053,636.130813366938,637.8516803964307,505509,
2022-06-28,654.912841796875,657.2236964352228,637.2616503482332,649.0127261050112,229926,
2022-06-29,637.0158081054688,652.9461323750619,634.065750278473,647.0460167210704,176015,
2022-06-30,622.8063354492188,647.6359882103864,619.0696076315519,640.2608438258811,212117,
2022-07-01,643.2108764648438,648.0293279488772,612.9727856690502,625.0188543600574,329488,
2022-07-04,651.3236083984375,659.7313216315977,638.8350776689963,643.1126377195898,256900,
2022-07-05,634.0657348632812,667.6472496517927,631.5581977751133,649.504382453036,455885,
2022-07-06,662.7796020507812,666.1230246444242,630.9681718650244,638.4907826721083,324277,
2022-07-07,653.9293823242188,671.7772533832524,647.9309563586474,668.581357905728,297793,
2022-07-08,656.3878784179688,676.9399723266283,652.0611028522253,657.8629073582339,402954,
2022-07-11,686.2326049804688,688.6909865416499,649.0618877792263,658.5021089856104,529058,
2022-07-12,664.3529663085938,686.871763966671,661.1079148605982,680.4308166949221,362897,
2022-07-13,665.4838256835938,676.9890623058027,658.9445073415774,667.303003859214,237137,
2022-07-14,646.0626220703125,668.1388987095593,639.6708305277599,666.7130255154823,245114,
2022-07-15,655.699462890625,659.8295555701401,644.5875911717241,648.9143663634209,193593,
2022-07-18,659.7803955078125,670.1547527505392,657.3220141697694,662.77960873641,221840,
2022-07-19,660.7146606445312,667.5981291018289,650.9794455330061,659.8296192638173,212591,
2022-07-20,673.54736328125,688.3468076417315,664.7463456654435,665.7296982477889,635254,
2022-07-21,691.8059692382812,696.7900788593884,670.1916353310614,676.0640283550723,422947,
2022-07-22,681.1468505859375,705.3272421660489,676.508151173802,697.2835367897428,435852,
2022-07-25,685.7362060546875,695.7538217071731,678.0379704035709,680.8014318887226,369124,
2022-07-26,645.0736083984375,690.6709304542169,636.8325602306636,686.9205144061091,665410,
2022-07-27,646.0606079101562,656.1768949221616,629.6771818204365,645.6658621213458,308214,
2022-07-28,658.1508178710938,661.703891475778,646.0606209541083,658.9404299425415,551918,
2022-07-29,622.1763305664062,642.8529854535595,616.8467505461116,641.0271431675192,1455670,
2022-08-01,627.6539306640625,636.5858597491891,621.7815374294405,624.7917375866678,573519,
2022-08-02,621.0906982421875,634.6119922397187,617.0442073017116,627.7033080318213,420722,
2022-08-03,608.0628051757812,626.321468284887,604.2630534351372,623.2619326162338,593358,
2022-08-04,612.2080688476562,616.550694194144,596.2193885578781,614.4780529082984,541368,
2022-08-05,603.226806640625,619.6595684847771,601.0554939578492,617.2415773324225,612844,
2022-08-08,606.286376953125,609.543316042733,590.6925017370131,604.0163927536374,489918,
2022-08-10,605.9902954101562,612.8989795597835,595.4298661622228,605.9409597140194,456970,
2022-08-11,610.2341918945312,620.3011437453474,605.6448878335774,608.2109464328885,617425,
2022-08-12,602.9800415039062,616.0078567906185,600.4633188350839,610.7276125163269,275869,
2022-08-16,622.8671875,631.5524384514803,602.1411354583155,606.9772383636194,734552,
2022-08-17,625.9267578125,635.5002315977807,617.9323876409197,623.7554451644556,471399,
2022-08-18,618.8206787109375,627.4565334776372,614.7247920688687,622.9165653530063,280159,
2022-08-19,602.486572265625,628.9862846625525,599.2296334595859,619.8076170313728,539152,
2022-08-22,576.5296630859375,597.5024523156648,572.5324480062966,597.4037206935728,881780,
2022-08-23,587.1394653320312,589.212046424883,566.5120848373248,567.4990396889577,548864,
2022-08-24,586.3004760742188,592.3209363864978,579.3424569103912,588.2250499464959,278866,
2022-08-25,583.3889770507812,596.416792879879,581.3657316931391,589.1626989608633,383420,
2022-08-26,579.4905395507812,590.2976465060723,577.664637012812,585.8563498705474,329409,
2022-08-29,574.851806640625,581.2670125207064,563.6004983861379,567.4989816995134,451473,
2022-08-30,584.1785888671875,589.0639670920152,573.4207571081361,573.4207571081361,285613,
2022-09-01,596.367431640625,601.4996085945465,580.2800806172633,582.3033258882396,470713,
2022-09-02,590.1989135742188,601.6969599827352,588.7184815167583,597.3049994978156,230390,
2022-09-05,606.0396118164062,609.3459466975705,591.1859534152801,593.2585344986212,570121,
2022-09-06,596.7622680664062,611.9120007639362,594.8376940807311,606.0396074184938,226569,
2022-09-07,591.5313720703125,599.7724813061711,584.7707553654625,597.0090197421064,341606,
2022-09-08,598.24267578125,613.6884822492539,597.1076536663081,599.3283019650671,470180,
2022-09-09,608.8030395507812,612.652187336429,594.1467849803146,604.3617429853138,407208,
2022-09-12,614.0339965820312,621.6828968259757,608.9511549049936,609.9381097751799,459192,
2022-09-13,607.9641723632812,622.6204274228907,605.9902627127511,613.8365656213967,232778,
2022-09-14,592.2715454101562,607.2732702666214,589.2120096565941,601.0554671371286,433796,
2022-09-15,577.6646728515625,598.193322081591,572.9766372232148,595.0844503872113,386227,
2022-09-16,550.9182739257812,576.677774436105,522.0005054772884,576.677774436105,2282543,
2022-09-19,548.4508056640625,560.0968604952953,543.1212255391033,550.9181927147026,434808,
2022-09-20,551.3623046875,564.3407237303605,549.9312082275432,553.3855499120893,358854,
2022-09-21,549.1910400390625,556.7906044554968,544.8484145899733,547.759943454321,296366,
2022-09-22,554.7672729492188,557.3827272834869,545.9340756172422,549.832498913951,250555,
2022-09-23,536.8540649414062,560.5409796751995,534.9294910714976,558.6164058052909,399607,
2022-09-26,527.3792724609375,538.6305812589451,520.3719174874554,528.0208171755119,491050,
2022-09-27,528.31689453125,546.7729614137626,524.1716723066788,531.9686393538232,501373,
2022-09-28,528.267578125,534.8308519067635,521.6056329548109,528.020839414993,265600,
2022-09-29,504.8274230957031,539.8643214728243,501.37308100218416,538.3838891470305,796262,
2022-09-30,510.65045166015625,513.2165101151552,498.90566512155954,500.2873958556676,619684,
2022-10-03,505.0247802734375,516.2266930927748,502.1132515825663,510.6504346485388,295327,
2022-10-04,521.6056518554688,523.5795616070504,509.3180516040836,511.2426256596648,311591,
2022-10-06,518.694091796875,528.0208268611833,516.1773690624277,525.0106267184545,494297,
2022-10-07,512.7723999023438,515.980003287654,506.55459615707,515.980003287654,242909,
2022-10-10,513.1178588867188,518.1513046073264,501.3730718867082,506.3078462163018,234350,
2022-10-11,496.09283447265625,532.9556030401616,493.4774102223719,515.7825650688463,1504174,
2022-10-12,514.2528076171875,517.065665056101,496.43828479317335,498.5108959822081,565300,
2022-10-13,518.0526123046875,522.0991029960364,510.15697369605175,514.2034643874008,297901,
2022-10-14,521.4082641601562,537.7917517232705,518.1513250220925,525.9482928656226,932391,
2022-10-17,516.9669799804688,522.7900381596043,511.1933177389627,514.252853924574,184937,
2022-10-18,516.5722045898438,526.540424710911,514.4008918215974,524.0730375285731,210271,
2022-10-19,505.3702087402344,518.1019501449911,503.5443663999987,517.164331008542,175519,
2022-10-20,506.2584838867188,512.3282198494256,501.4223812025649,504.3339099516395,230320,
2022-10-21,504.8274230957031,510.3543463497553,498.26417914191165,508.8245783275575,275863,
2022-10-24,505.0247802734375,509.7621512381238,498.461506795996,509.7621512381238,51551,
2022-10-25,494.1189575195313,505.8637146358879,493.1813684497663,503.3469917250517,255742,
2022-10-27,500.4847717285156,505.7156501004033,492.9345737341876,497.425205906388,317557,
2022-10-28,494.069580078125,505.1234557927141,491.5528272604615,500.3860847892431,265126,
2022-10-31,425.9697265625,471.2709489276741,421.77516837832695,471.2709489276741,6384567,
2022-11-01,419.5545349121094,432.2862471254718,415.5080137895516,431.2992922233588,3049513,
2022-11-02,418.2714538574219,423.3049296220349,415.5573280168383,421.4297214287988,938581,
2022-11-03,410.8692932128906,420.19602862054825,406.1319219667777,415.5079930692914,1142584,
2022-11-04,426.3151550292969,430.26297438784775,402.13476145817305,406.625393930736,2500183,
2022-11-07,430.4110412597656,440.1818888218263,424.3906102990702,426.3151844168205,2627357,
2022-11-09,421.4297180175781,436.23404066456567,419.4558083313131,434.951011416282,570871,
2022-11-10,418.4688720703125,425.8710337224996,413.0406201920419,422.8114675490344,490698,
2022-11-11,439.441650390625,451.53184739744177,423.40363395301097,428.7825499752611,1364971,
2022-11-14,447.0905456542969,451.137066550559,437.2209971851071,439.1455711843877,901052,
2022-11-15,452.07464599609375,454.2952943545672,443.6361942816833,447.73205078564,420296,
2022-11-16,437.7637939453125,457.8483303535141,434.7535938224797,453.5057352132336,566127,
2022-11-17,442.6986083984375,445.5114358876577,432.384947763928,432.384947763928,529179,
2022-11-18,433.2731628417969,444.8205461999474,429.8188209968167,444.7711803876225,489385,
2022-11-21,436.5794677734375,440.0831453135567,428.4370905621032,435.4444757618122,293127,
2022-11-22,428.7825317382813,440.0831463066176,425.130786872321,436.62880445159,354565,
2022-11-23,432.3355407714844,434.3094503837171,426.7099164483033,429.2760049681,438066,
2022-11-24,439.8857727050781,442.1557567297865,432.0394698849644,434.5068569202869,322205,
2022-11-25,438.0105285644531,447.78140518833305,432.7796801677958,441.316833171157,345020,
2022-11-28,451.0383605957031,452.814867254856,436.4807767471547,441.1688122238059,523569,
2022-11-29,444.9685974121094,453.8511910075268,443.1427249269348,452.0253185223522,300847,
2022-11-30,453.4563903808594,456.2198517454832,443.1427007760345,446.0542294547564,533485,
2022-12-01,461.8948669433594,470.5800575218561,456.4172796075248,456.4172796075248,1049706,
2022-12-02,464.1648254394531,466.2374365212319,455.2822323342327,460.4144092872591,358226,
2022-12-05,458.5392456054688,469.79052527083365,453.9992471104695,465.8427057307426,692294,
2022-12-06,450.4461669921875,459.4767974343257,447.8307427827498,455.9731199242543,313951,
2022-12-07,440.8233642578125,451.8279044751386,438.60271591317166,449.0644430273739,362743,
2022-12-08,446.2516479492188,448.6203336637637,438.84948626659497,442.5999329241415,250141,
2022-12-09,421.9725341796875,448.225539220424,418.4688565090631,448.07750201677976,952584,
2022-12-12,424.39056396484375,425.77229466083526,417.4818803654161,422.4166543650073,453881,
2022-12-13,423.2555541992188,428.3383651815111,421.4296818721319,426.5124928544242,385799,
2022-12-14,433.2238159179688,437.3690079528018,423.6010067421303,425.3775133114203,1302030,
2022-12-15,424.43994140625,435.3951467868237,423.1569120879417,435.3951467868237,409349,
2022-12-16,415.2612609863281,424.3905935213811,408.007136677824,421.429728915418,536423,
2022-12-19,419.94927978515625,423.6010247006417,410.5732089086369,414.5210282250661,299798,
2022-12-20,427.548828125,429.9175136029188,413.5340580248196,419.9985998673957,510512,
2022-12-21,422.169921875,433.519902241014,419.3077589370297,430.6577393030437,504417,
2022-12-22,426.3151550292969,429.9668698642736,418.4688520063885,423.5516634066285,454913,
2022-12-23,419.3570861816406,425.574919459006,410.7705975407123,421.4790329660354,643579,
2022-12-26,432.13818359375,437.0235919899689,417.5805996742448,417.5805996742448,805727,
2022-12-27,437.2209777832031,440.5766180899251,430.36162985371465,434.3094490662041,785800,
2022-12-28,436.2340393066406,441.9090296369872,431.74340683215496,434.2601296265201,300872,
2022-12-29,435.1484069824219,437.0236152581689,428.33842423393367,436.72754083759366,382036,
2022-12-30,440.3792724609375,449.9527165721488,435.2470951192258,435.2470951192258,536915,
2023-01-02,441.8597106933594,444.9686125335112,435.5431753819411,442.5999268514656,190812,
2023-01-03,441.7609558105469,446.3502894124528,439.3922704146731,441.1687769317112,292101,
2023-01-04,433.0757751464844,443.340129658699,430.8551267390389,441.7609958783989,240806,
2023-01-05,423.2555541992188,434.7042354215124,420.7388014934064,434.2600937324076,251346,
2023-01-06,416.3468933105469,426.31514293191685,414.4716851923416,422.8114352789435,226919,
2023-01-09,434.3094787597656,439.1949174170248,416.6429925999191,418.4195294386826,882451,
2023-01-10,420.2947387695313,434.7536216377903,416.49495648387625,434.7536216377903,540870,
2023-01-11,421.4790649414063,429.3253682011472,418.715603354797,422.0712438869575,335688,
2023-01-12,416.6923522949219,427.7462286116041,410.22777991575714,423.35429757362425,329139,
2023-01-13,417.8273620605469,421.1830026895981,409.58628263897646,418.81431695847215,666228,
2023-01-16,414.9158325195313,425.8710378960234,413.53410168814327,417.9753987229802,313530,
2023-01-17,413.8795166015625,416.9884183118274,409.5862570400199,414.5210312212249,256017,
2023-01-18,420.9855651855469,424.1931683411168,413.5340683642421,413.5340683642421,337594,
2023-01-19,414.2249450683594,419.4557935042715,412.0536324424314,419.2583904948343,260771,
2023-01-20,406.0825805664063,419.2584035718707,403.2697532512784,414.2249579883982,355440,
2023-01-23,423.1568908691406,425.2295020728022,404.8982261902389,406.8721358852553,699868,
2023-01-24,421.1336364746094,431.1512219387213,418.666249408598,424.7853512606236,604181,
2023-01-25,404.8982238769531,423.4036271620058,400.3088898861544,417.2844950946265,519381,
2023-01-27,396.0650024414063,414.2249972985137,388.31743031535547,406.87217100217055,614581,
2023-01-30,425.87103271484375,427.4008007382204,388.7615230291227,398.1375944330416,1328324,
2023-01-31,434.062744140625,436.97427308417537,414.8171239822028,421.52843523733617,777253,
2023-02-01,423.304931640625,441.0701190455244,417.7779784240953,435.0496884010808,342400,
2023-02-02,434.062744140625,441.16883132383145,421.42973372544975,424.7853742932801,399151,
2023-02-03,431.39794921875,438.6520730245754,426.4631752174362,437.3196780203266,380067,
2023-02-06,415.9521484375,433.026455904581,409.6356130763051,424.3906006586207,744965,
2023-02-07,435.4444885253906,439.8364195024959,415.0638469337516,417.0871224324043,1191125,
2023-02-08,455.8250732421875,458.2924602034211,429.2266297523015,435.4937986577288,1443441,
2023-02-09,459.5261840820313,463.3259662775833,453.0616117442812,459.6248855909037,813699,
2023-02-10,458.24310302734375,460.9078930434775,445.462056398998,460.9078930434775,610872,
2023-02-13,451.28509521484375,458.4405177196171,446.4490225803394,458.29248051927465,334822,
2023-02-14,451.6798706054688,467.8165880526997,450.10073685818986,451.03835599173794,534003,
2023-02-15,457.6015930175781,459.4768011383595,447.8307463928999,450.5448721286144,232841,
2023-02-16,464.6582946777344,466.8296072242395,457.3054996969412,457.9470142749411,567648,
2023-02-17,455.3809814453125,465.59597060814576,450.8409829152229,461.89488976070425,617427,
2023-02-20,459.3287963867188,467.8166144018709,450.0514265131922,454.8874994145491,472034,
2023-02-21,458.7859802246094,466.9283579532442,456.1705558265787,460.4144497464418,346885,
2023-02-22,453.65380859375,458.637948853662,450.3968695086376,455.9731586062261,228238,
2023-02-23,452.6174926757813,458.5885573707837,447.0905395841797,455.28225265460026,266641,
2023-02-24,455.5783386230469,461.8948432764375,448.4722520633137,454.88745821993086,282311,
2023-02-27,444.4751281738281,457.354877076537,440.03383129434616,457.354877076537,258931,
2023-02-28,444.0309753417969,450.54488329281617,441.56358824818886,447.7814217957638,239547,
2023-03-01,450.9890441894531,452.1733719730491,445.1659863054172,447.23859757605095,141421,
2023-03-02,439.046875,452.02532537047625,436.3327491380594,450.9396690018056,386587,
2023-03-03,451.5318298339844,453.703142484253,438.6520814897869,442.1557590505464,305696,
2023-03-06,448.17620849609375,459.1807491746108,447.28795514490565,453.0122812920931,263167,
2023-03-08,447.7814025878906,450.3474609595931,438.99748081586114,447.18922368693234,262056,
2023-03-09,439.9351196289063,449.9527052241559,438.7507617739283,448.3735714573424,189974,
2023-03-10,423.7984008789063,438.1586118253812,419.5545071286462,438.1586118253812,517095,
2023-03-13,417.5806274414063,432.2862495411724,415.5080161114922,425.7230054293393,398678,
2023-03-14,398.18695068359375,420.4427707494185,387.5278201140379,419.4558158885044,1313238,
2023-03-15,394.3377990722656,409.4875620744927,392.8573667942527,404.5527878144495,470926,
2023-03-16,396.4104309082031,398.63107944074943,383.5800171646024,394.7819613415639,484857,
2023-03-17,410.4251708984375,417.48189188873823,399.4206305994962,399.9634437066458,1304999,
2023-03-20,402.3321228027344,409.5862466896868,397.7427889540814,399.7166985766823,378207,
2023-03-21,404.4541015625,409.5862790343338,399.9634688642501,406.9214887855984,282645,
2023-03-22,403.9606018066406,412.349717901834,402.3814981666518,406.6253919081964,164630,
2023-03-23,401.6412963867188,407.414958280532,399.3712821140781,404.651496692373,331263,
2023-03-24,397.4960632324219,408.5993052221543,395.2754148344754,402.52953895832826,394878,
2023-03-27,393.350830078125,406.3293100110012,392.1665023699778,397.7427910594481,492341,
2023-03-28,391.821044921875,396.7064830965224,387.8238901385957,393.7456187772135,433176,
2023-03-29,392.561279296875,396.4597628801069,388.1199826109267,391.5743244777754,412029,
2023-03-31,405.24365234375,407.5136363664335,394.7819252994212,394.7819252994212,545795,
2023-04-03,419.2091064453125,421.8245309854673,407.02020703801657,409.5862958794696,336490,
2023-04-05,423.0581970214844,426.0684274325784,415.60669983565,421.873869254711,210622,
2023-04-06,424.6866760253906,426.9073245221711,417.8273576292412,422.4166918320264,204179,
2023-04-10,427.7955627441406,430.0162110059166,414.5703445562102,414.5703445562102,267822,
2023-04-11,421.0349426269531,434.50687022854345,418.9623314299073,429.32535729566473,920801,
2023-04-12,428.9305725097656,432.4836158998567,420.6894937059427,421.0349339182171,390789,
2023-04-13,426.06842041015625,429.2266578556369,420.5414672312254,426.3644948171017,227743,
2023-04-17,427.1540222167969,430.8057669974383,407.56299367801057,419.4557868818128,461311,
2023-04-18,431.8420715332031,433.5199067831117,421.8244860856151,428.2890582595842,241886,
2023-04-19,424.39056396484375,434.75358936398527,422.1699156650277,433.9640375718388,238870,
2023-04-20,421.2323303222656,429.3253723781016,420.048002539113,424.390597982951,157878,
2023-04-21,422.7127685546875,426.80865545554326,417.5312553672885,426.80865545554326,204590,
2023-04-24,430.6083984375,434.6549194350128,418.6662685865457,426.3645045373477,307413,
2023-04-25,427.5982055664063,441.07013377443656,422.7127668191279,431.29928639935264,423358,
2023-04-26,425.0814514160156,432.5329482310788,422.9101387724296,424.6866453939304,144252,
2023-04-27,433.5199279785156,440.9220895262421,423.4529762258186,425.0814758618964,479881,
2023-04-28,440.0831604003906,444.6231587220013,434.3094685196179,437.220997367029,433496,
2023-05-02,442.8466491699219,451.1370638097805,438.20794936979536,444.82055885176777,484811,
2023-05-03,442.5999145507813,445.2646745742216,437.9118790130642,440.18186312038057,244303,
2023-05-04,446.7450866699219,451.4331219958815,440.5766191357645,441.7609769501108,372235,
2023-05-05,444.7218627929688,449.0644581223454,440.4779388533162,447.0905484163131,227443,
2023-05-08,451.23577880859375,454.83815806177046,445.8568627169588,445.8568627169588,253681,
2023-05-09,458.2925109863281,468.80357458200905,451.7786026629782,453.604475240508,824716,
2023-05-10,452.6668395996094,463.572708852236,450.5448926787953,461.8948735458405,402540,
2023-05-11,460.3157348632813,464.8063974912178,453.9992298629948,453.9992298629948,489038,
2023-05-12,524.41845703125,527.2313146128625,471.8137734094053,477.6861670563375,13952767,
2023-05-15,535.4723510742188,547.7599512168727,523.0860795404369,528.0208538757241,5305737,
2023-05-16,533.1036987304688,540.8512703877074,527.0339021661237,539.8149798188775,1524492,
2023-05-17,539.1734008789062,542.8251457252095,527.9714878763352,535.9164620523433,1146240,
2023-05-18,544.009521484375,550.7208023686778,536.6566958565745,539.8149634018179,1071961,
2023-05-19,539.5682373046875,547.1678018208835,532.906291959006,545.6873695218432,859528,
2023-05-22,553.286865234375,560.5903552254958,532.9556194045207,532.9556194045207,1218909,
2023-05-23,550.4247436523438,558.4190540125609,545.8353794062168,555.7049281170749,741395,
2023-05-24,557.2840576171875,561.3798839357279,544.2069063833943,545.2925325789253,780794,
2023-05-25,557.5801391601562,560.5903393217541,550.7701267876075,557.2840647611198,513683,
2023-05-26,559.6033935546875,570.4105610864688,557.6294838772459,558.6164387159668,806979,
2023-05-29,559.1099243164062,567.9431822999969,555.7542537200771,561.774714467733,560074,
2023-05-30,561.9721069335938,566.4627393833694,556.1983850076458,559.1099138175913,320856,
2023-05-31,578.3555297851562,581.3657299657718,557.8762170837194,560.0968654489354,872996,
2023-06-01,594.6403198242188,597.1077070434064,579.0957803433367,579.39185476185,1025639,
2023-06-02,587.9290771484375,600.019275314432,584.277331777041,598.0947011096063,479303,
2023-06-05,589.5574951171875,595.08447879147,584.8694592650729,590.1497042102968,403636,
2023-06-06,582.84619140625,589.212062419882,576.4309846964858,589.212062419882,601096,
2023-06-07,579.6385498046875,588.2744044210832,571.1507625058638,586.2511591016016,409555,
2023-06-08,566.80810546875,582.3033072170593,565.0315989521465,582.2046358368349,471727,
2023-06-09,569.8677368164062,576.2335472103748,564.5381566960764,566.8081407329051,300911,
2023-06-12,589.9029541015625,597.0090414091596,571.4468854762167,572.828646427869,1319484,
2023-06-13,597.3544311523438,600.0192213316672,585.6096441807431,594.9363796889031,732052,
2023-06-14,605.7927856445312,608.5562467696647,593.6532548255611,602.0423698147835,863190,
2023-06-15,596.8609619140625,606.5824433577213,592.3209935750731,605.7928915038465,348202,
2023-06-16,600.5126953125,605.2500665824375,593.4559439832258,597.1076890050954,307799,
2023-06-19,607.9149169921875,611.862736814864,599.0816580911588,599.1309937911523,608662,
2023-06-20,606.0889282226562,616.3532824014596,604.3124216021937,606.9772116523582,524866,
2023-06-21,610.4808959960938,618.2778632224549,605.7435248758106,606.0395992760267,681886,
2023-06-22,591.2846069335938,611.911986710208,590.1989807301684,611.911986710208,477746,
2023-06-23,588.6692504882812,594.3935767470641,583.5864087584193,589.2120636247361,338024,
2023-06-26,601.7463989257812,604.8059349406211,586.3498667428921,587.2381502253655,538020,
2023-06-27,604.2138061523438,609.4939908095572,599.6244417389175,602.2892320357796,463619,
2023-06-28,613.4911499023438,616.452014641716,601.4996838512546,604.2138098623459,635672,
2023-06-30,620.3997192382812,630.4666695329748,613.4910361276593,613.4910361276593,820751,
2023-07-03,613.2443237304688,624.9397739266824,607.1252523327867,623.5086774589256,719026,
2023-07-04,602.14111328125,617.7843833656456,600.2165995679865,612.8989449451063,356393,
2023-07-05,599.8711547851562,613.2443811555747,596.959625886171,605.2994065416242,261918,
2023-07-06,615.4157104492188,616.8468070894555,599.1802904388351,599.8711709105645,801446,
2023-07-07,593.949462890625,606.9772799719591,567.4990829006122,606.9772799719591,5481141,
2023-07-10,581.1683349609375,603.9176922736893,575.5920762436948,597.1076797642717,760149,
2023-07-11,590.0509643554688,594.4922614166542,574.4077532466498,574.4077532466498,1148516,
2023-07-12,589.7054443359375,596.564791677674,586.3497741972801,592.074159756041,355773,
2023-07-13,597.9959106445312,609.9380390943306,591.4819731127826,592.0741821096349,1044242,
2023-07-14,632.489990234375,636.0923995250905,600.1178832683189,600.1178832683189,2511476,
2023-07-17,630.219970703125,645.4190986032019,624.0021675581626,636.5858411625384,1488628,
2023-07-18,631.2562866210938,640.5830218337861,627.3084672920339,632.6380474818417,472836,
2023-07-19,629.479736328125,639.9414929681714,626.716275037166,631.6510488563564,484681,
2023-07-20,627.45654296875,635.598920443374,626.0747820896001,632.8354589240175,277956,
2023-07-21,626.4161987304688,629.1410397827411,614.3278008759443,624.2363137932982,374409,
2023-07-24,624.8307495117188,638.9008488043023,620.7682837370243,626.4161477354901,895494,
2023-07-25,613.188232421875,628.8932600100369,609.3734795455043,624.830733860346,771621,
2023-07-26,594.4612426757812,617.2012918439247,586.881206127479,613.3864780968539,1222884,
2023-07-27,571.9193115234375,603.131123602413,566.7668733071124,599.1677188939717,1329320,
2023-07-28,684.5791625976562,686.2635613653159,593.6189681665173,598.9695891836767,16495461,
2023-07-31,668.4778442382812,687.4030796086946,645.5396127784715,680.7148334287182,6801551,
2023-08-01,661.3931884765625,682.6469592128466,658.9160604298338,662.3840396952539,1438142,
2023-08-02,655.15087890625,673.1843843106744,649.9984401511626,659.4115273179858,831832,
2023-08-03,657.6279296875,668.0318669102174,653.1690994491926,658.9160241054377,571711,
2023-08-04,685.6195068359375,708.954040735442,662.7308075995139,662.8794594717132,4303002,
2023-08-07,693.2490844726562,703.454840005267,686.1149435499906,690.3755917265066,1091816,
2023-08-08,669.3200073242188,700.4822906710092,663.8703255473376,696.8161290166645,635050,
2023-08-09,681.6561279296875,687.5517049486741,662.433589534192,668.7750617099821,524147,
2023-08-10,681.5570068359375,690.623319947037,673.4320749826751,681.656128246807,282380,
2023-08-11,687.7498168945312,701.7703860374843,682.6964997950253,684.2818375777206,601417,
2023-08-14,697.9556274414062,701.4731371966222,669.3200028334037,687.5516895735295,612450,
2023-08-16,708.4586181640625,724.3122375915101,690.2765225739121,698.5501060219078,874066,
2023-08-17,696.2216186523438,713.3138018224331,693.6948997153592,708.4586067602264,286204,
2023-08-18,672.2925415039062,696.2216222566129,664.5639142127723,696.2216222566129,517812,
2023-08-21,683.5882568359375,688.6415736895755,671.7971035417729,678.7330618379269,259253,
2023-08-22,680.1698608398438,693.5958833434977,677.2468375218295,686.0654379436157,213847,
2023-08-23,689.5333862304688,706.4769178536465,681.656106958488,681.656106958488,590836,
2023-08-24,685.8671875,712.4219865876084,682.6964516813104,693.3976321522266,686052,
2023-08-25,685.8671875,693.5958144802863,678.8321079527894,684.678154008397,222059,
2023-08-28,695.4288940429688,698.0546739269387,679.8229875641196,687.7002667392712,268717,
2023-08-29,686.7589721679688,698.5005956807604,684.6782087488717,694.5867211764964,146757,
2023-08-30,701.0272216796875,711.6788720444318,687.3534872602974,688.9883554488315,927084,
2023-08-31,728.275634765625,735.6079578641726,702.5135034677934,702.5135034677934,1554855,
2023-09-01,726.3434448242188,734.2207237942861,720.9432938021754,734.072071926702,453500,
2023-09-04,722.925048828125,732.6354394732186,717.2276541325956,730.1583113447276,372698,
2023-09-05,723.61865234375,740.1658802355324,721.3397065749231,723.4204699993388,472434,
2023-09-06,725.8480224609375,736.2024294250531,720.0020367636702,723.6186072978064,267045,
2023-09-07,724.1140747070312,736.2024719405731,718.4166800722287,728.1766010805119,356350,
2023-09-08,718.26806640625,732.23904427823,688.6415910329769,727.1361363554118,286968,
2023-09-11,703.2070922851562,725.0058181752164,698.5500796587467,718.367103195165,390253,
2023-09-12,664.217041015625,709.7466632343901,653.9617558531747,707.2200049093992,702446,
2023-09-13,665.257568359375,678.1881653664967,658.5197313268676,666.793375735964,271332,
2023-09-14,679.1294555664062,698.5501154360522,668.8245786089863,668.8245786089863,525668,
2023-09-15,710.836669921875,727.4829578659488,682.7460023192905,685.2726607656374,1564385,
2023-09-18,716.3854370117188,723.3213955996607,699.144601473845,712.3725016383328,557175,
2023-09-20,717.3267822265625,728.275676561143,712.4220563911045,715.9395662709795,340394,
2023-09-21,702.5630493164062,726.244417795582,692.4068242554507,717.4753481642135,347250,
2023-09-22,712.6697387695312,715.9890661601664,695.1316601100908,704.4456857529093,253058,
2023-09-25,721.8350830078125,727.2847644855653,707.4677409301004,713.0660742752218,563077,
2023-09-26,710.836669921875,732.9326394264749,708.4586028683971,722.8259451643295,456443,
2023-09-27,711.480712890625,717.3762897985479,700.5318189054881,710.4403311955233,163774,
2023-09-28,706.2787475585938,725.0058600734554,702.0676298137436,712.6697501137774,266458,
2023-09-29,699.8381958007812,712.9174438358596,696.2711556442864,709.4494646094169,193800,
2023-10-03,694.8839721679688,708.4091159725251,691.6637055932421,700.1354717175553,138448,
2023-10-04,683.5882568359375,694.4876198727509,675.7605082824324,694.0912552079822,226541,
2023-10-05,699.9373168945312,701.522654635207,683.9350457089712,683.9350457089712,185834,
2023-10-06,690.7223510742188,708.2108990397404,686.6598853228962,701.3740015319694,164230,
2023-10-09,681.6065673828125,702.4639731304525,669.9144747948835,688.6911172049472,254974,
2023-10-10,681.6561279296875,698.5501296071029,679.8230168354422,686.8580969799532,168073,
2023-10-11,681.8543090820312,698.3519460408206,679.8230156464525,686.362670155691,541405,
2023-10-12,686.8580322265625,697.4601516724674,683.7368268999497,685.4708164199002,186061,
2023-10-13,670.409912109375,686.2140011837192,664.8611694610594,678.7330865586076,389203,
2023-10-16,665.10888671875,685.8177015722797,659.9069177723464,668.8741092893665,320617,
2023-10-17,664.6134643554688,674.7696894909791,651.9801111381266,668.5768692863996,666083,
2023-10-18,687.3534545898438,702.5134650837472,667.7841443847606,668.3786308838334,1391045,
2023-10-19,678.5844116210938,691.019642406585,675.36414526147,688.6415753656985,192052,
2023-10-20,668.8740844726562,690.5737497489666,664.9106797081618,683.4891395417297,296963,
2023-10-23,629.9832153320312,672.9366534881368,621.511449203879,664.8611915756123,516687,
2023-10-25,638.5541381835938,645.0442021622233,622.8491086498066,633.1539864541639,304375,
2023-10-26,652.3268432617188,656.835264464432,619.2819809489833,634.0952180286342,336125,
2023-10-27,638.2568359375,664.6134541320557,634.1943096597317,662.8794645014466,441117,
2023-10-30,673.23388671875,689.1370370160766,624.2362808341169,624.2362808341169,1769726,
2023-10-31,673.085205078125,706.4273720008867,668.7750265679526,675.8100458660347,957057,
2023-11-01,658.27197265625,687.1553094202785,654.9031148514194,676.2559461850614,319800,
2023-11-02,645.8863525390625,670.8062852589582,643.062450713536,664.8611778563677,269768,
2023-11-03,652.0791625976562,660.2536851489463,640.5853126556369,650.8901895170576,238714,
2023-11-06,659.708740234375,665.6043171785733,649.0075589906446,654.9526664012459,262718,
2023-11-07,658.2224731445312,665.4061447055567,649.1562204949489,659.9069323645376,212759,
2023-11-08,656.8848266601562,665.0593492035753,651.1874321601975,662.9289948954959,172619,
2023-11-09,659.2133178710938,677.7422481542897,655.9435208744734,658.717892251098,499797,
2023-11-10,655.2003784179688,663.8703267146149,652.1782942499184,652.1782942499184,114297,
2023-11-13,661.4427490234375,666.0997620584324,657.7765872521965,664.8116675109048,83520,
2023-11-15,683.5882568359375,688.6415736895755,667.6355164687292,668.8245499862784,467428,
2023-11-16,688.492919921875,695.3793477351257,681.7551439766917,686.6598694250794,290698,
2023-11-17,683.340576171875,694.5867134616122,679.2285193693798,689.6324573028277,209147,
2023-11-20,680.8634643554688,691.5151153512793,677.2468330824657,681.7551941992938,155142,
2023-11-21,693.1995239257812,700.5318475105141,681.9038557399575,683.9350887470048,283521,
2023-11-22,695.1316528320312,698.9959967336843,686.6598870995315,696.5683991788899,179876,
2023-11-23,689.7315063476562,712.3724928891368,688.6415942022123,697.5592551343274,359308,
2023-11-24,703.7025146484375,710.2916386580442,692.5059084970275,692.604969423553,321698,
2023-11-28,695.4784545898438,717.2771801473036,693.5958131919064,704.6933582983279,265133,
2023-11-29,691.4655151367188,705.0897197161443,688.6911437540788,698.5005952419692,192139,
2023-11-30,727.7306518554688,738.9272579496326,692.1095402987843,693.5462865865953,1964070,
2023-12-01,738.233642578125,774.746544007078,733.4775691189056,743.1383679016268,1679577,
2023-12-04,747.25048828125,772.3685430731028,739.2740874024222,744.4265259557347,915340,
2023-12-05,739.819091796875,756.9608059046795,733.229906955825,749.0835265656807,274282,
2023-12-06,743.3861083984375,759.0910756347458,738.0850787005278,741.6521188087044,381954,
2023-12-07,739.0263671875,750.9661729143625,736.2024653670383,749.034000916634,220235,
2023-12-08,741.70166015625,753.0469185908987,730.3068712565192,741.0080522148278,403996,
2023-12-11,772.5171508789062,782.7724364569752,743.4356323016974,743.4356323016974,1465172,
2023-12-12,770.5355224609375,792.136068280188,764.9371885354843,775.7870221521628,614697,
2023-12-13,770.6840209960938,797.3379414199662,763.9462451960709,775.7373982036775,663931,
2023-12-14,771.2290649414062,791.1452118352306,768.8510581698199,778.4127366780386,361359,
2023-12-15,793.0277709960938,809.525468442074,775.8365260589278,775.8365260589278,1299192,
2023-12-18,792.3837280273438,806.7015401667336,788.5193841015712,792.6809712962281,603183,
2023-12-19,790.7982788085938,798.725088010441,784.5063981953293,797.28840222401,173848,
2023-12-20,763.896728515625,802.3417421639751,754.1368081168015,793.671794348063,343190,
2023-12-21,769.1482543945312,772.6657641067166,741.4044204195916,751.957010032906,220655,
2023-12-22,804.27392578125,807.2464793614615,773.7557211197632,773.7557211197632,887892,
2023-12-26,816.312744140625,822.3074423349887,798.972847987444,805.5620327163562,523146,
2023-12-27,826.7166748046875,834.2967106779157,814.0337915358143,816.9568146721396,435572,
2023-12-28,827.2120971679688,834.9903153461782,814.5292139487236,832.8104306186304,302795,
2023-12-29,828.9461059570312,836.2288987056564,819.4339584415213,825.3790657579048,219437,
2024-01-01,821.4652099609375,829.3424894290023,818.443125768645,827.360786945301,111419,
2024-01-02,811.6558227539062,833.3554287660054,791.987389225001,825.8745139503495,732411,
2024-01-03,819.2357788085938,836.2784319338778,807.5437464764341,810.5163001444455,568706,
2024-01-04,811.1107788085938,839.0527951118372,809.5254410584239,820.4248044019278,236926,
2024-01-05,814.97509765625,819.7807017009671,806.5528626044833,816.5604353576446,207583,
2024-01-08,800.1619262695312,817.452292924313,792.681011320546,814.9751647639364,196374,
2024-01-09,816.0155029296875,819.4339517038521,804.7198354074912,807.4446762384291,160460,
2024-01-10,804.27392578125,823.2982807899552,798.6260618834966,816.4613833647658,215352,
2024-01-11,801.2518310546875,814.0833054567962,799.6169024166645,806.5528606780234,202474,
2024-01-12,809.2281494140625,829.788310855673,806.5528392034176,808.0391159341365,604755,
2024-01-15,823.744140625,832.3150279006328,812.4484729609756,815.470557097882,359406,
2024-01-16,845.98876953125,850.1008263335144,823.3973735438115,826.3699272389155,892118,
2024-01-17,849.6549682617188,857.6313089296395,835.2876247750775,847.0787791375776,435387,
2024-01-18,858.2753295898438,861.2478832177397,834.9903261713255,842.2235279038539,469876,
2024-01-19,915.298828125,947.5510237216304,862.040574255751,862.040574255751,3767825,
2024-01-23,884.6815185546875,939.47564132017,877.3987860234581,937.7911820918536,534832,
2024-01-24,906.7775268554688,915.9429007282208,879.1327533620856,879.1327533620856,480174,
2024-01-25,902.0709838867188,925.4550487215269,887.257745904443,909.7004899754992,364742,
2024-01-29,873.3858032226562,910.8399665253556,863.0313960767853,906.6288489210776,571424,
2024-01-30,870.7600708007812,881.8576169521607,858.0771868321025,878.8355327197555,379057,
2024-01-31,892.5092163085938,896.7203338987258,869.9178210968835,871.9490539567721,491915,
2024-02-01,871.503173828125,892.2615188722538,868.9765153258929,892.2119884068686,167518,
2024-02-02,886.7622680664062,891.7660543873395,875.2188277272455,877.8941379857587,194235,
2024-02-05,919.90625,927.43669469787,882.8483920681647,882.8483920681647,949929,
2024-02-06,938.7324829101562,954.1897379637244,921.4916472546872,921.4916472546872,900135,
2024-02-07,996.4495239257812,1001.7505536043,944.330715018969,945.2720357453038,1891039,
2024-02-08,1039.3533935546875,1048.3206459491785,997.5395182507896,997.5395182507896,1164615,
2024-02-09,990.9006958007812,1047.5773945534584,980.9426536844868,1046.7351952536235,576176,
2024-02-12,936.3048706054688,1015.2261338382566,923.5228657017324,997.143099108578,521807,
2024-02-13,931.5983276367188,946.5601568438824,906.7279257687784,941.3086574817046,220423,
2024-02-14,914.4070434570312,932.539669546576,908.2142232015202,911.5831416112223,190601,
2024-02-15,897.017578125,934.1249676132072,889.7843764695413,922.3834050988278,348548,
2024-02-16,922.9779663085938,929.2203172704008,899.9406740738382,906.0344336298656,234512,
2024-02-19,900.5350952148438,938.0388496826668,893.7477886381729,927.4367296733146,298599,
2024-02-20,891.617431640625,911.087681988005,885.3750811513931,906.6288515704454,165471,
2024-02-21,893.8468627929688,907.9169622346992,886.811843310483,897.7112067478187,177858,
2024-02-22,885.5237426757812,902.6654565947985,876.655612208834,900.4360413617156,240512,
2024-02-23,944.0830078125,951.2171485217648,892.063320002716,892.7569279355313,1583060,
2024-02-26,974.2049560546876,985.8969886488392,944.1325844867292,949.2354925885306,928743,
2024-02-27,1049.01416015625,1071.308313072182,971.6782933910956,972.9663879086642,5241913,
2024-02-28,1051.7388916015625,1074.0826331353665,1043.0689441477484,1051.2930569710552,1371046,
2024-02-29,1095.9310302734375,1108.7625050740764,1045.397618514029,1049.113310555162,2751707,
2024-03-01,1104.7991943359375,1119.6619637664658,1068.137696407301,1107.5736263443805,933421,
2024-03-04,1102.5201416015625,1124.2198082481195,1085.9729740463167,1087.4592509268546,699227,
2024-03-05,1079.780029296875,1105.0963242931305,1074.0826352446088,1102.8173182908208,337669,
2024-03-06,1065.61083984375,1094.196992792617,1055.306084463232,1088.9454332227858,522179,
2024-03-07,1080.4736328125,1096.8722684044694,1067.1467326753511,1067.7412191992305,356458,
2024-03-11,1082.05908203125,1116.2434478212042,1075.6680193331938,1080.919578980882,470241,
2024-03-12,1107.672607421875,1119.6618830407224,1083.991238979248,1083.991238979248,969808,
2024-03-13,1119.4140625,1184.0670986390794,1045.645244359495,1109.8028549342905,5162918,
2024-03-14,1162.3675537109375,1172.1274141356382,1092.1657682568273,1121.6435923490392,1673455,
2024-03-15,1109.01025390625,1188.0306405482188,1090.9272187185895,1168.8081022402205,814800,
2024-03-18,1089.1932373046875,1132.8897532687583,1079.0370119852669,1109.7534007561974,595325,
2024-03-19,1043.01953125,1097.9127114670032,1026.4722437746564,1093.602412019816,692736,
2024-03-20,1003.9304809570312,1050.3023065469602,996.5981576451504,1042.870922302524,704773,
2024-03-21,1083.941650390625,1097.8631584984798,1015.622506733702,1016.4152360959748,2039864,
2024-03-22,1087.40966796875,1094.8906433704733,1050.6491103775138,1068.3853721395592,782042,
2024-03-26,1090.6298828125,1123.625276618416,1073.0918647070057,1086.963781702295,778843,
2024-03-27,1117.4324951171875,1127.5887204108706,1073.3396145738802,1090.9768151726116,652121,
2024-03-28,1086.765625,1135.4163938544953,1080.0277885797484,1120.652687049262,359382,
2024-04-01,1070.2679443359375,1115.1039609878578,1066.700904218421,1094.6428595847317,341062,
2024-04-02,1075.61865234375,1079.9288312088563,1044.3572461667416,1076.9562773772625,453565,
2024-04-03,1087.0628662109375,1108.613880581766,1068.8807702313106,1072.0514458033117,393664,
2024-04-04,1104.5513916015625,1118.3242476767798,1076.1634801093253,1092.9088898286825,452045,
2024-04-05,1070.1689453125,1113.7168095463603,1065.165098098165,1107.7717020220914,508321,
2024-04-08,1036.7276611328125,1078.6901853508086,1023.9456564350912,1071.110149464083,333355,
2024-04-09,1020.5767211914062,1053.12615844841,1015.6224652632928,1039.4524846589247,386685,
2024-04-10,999.1743774414062,1032.4669536763513,991.8420543474352,1024.0943093911883,303262,
2024-04-12,987.2841796875,1008.2901771677268,979.0600661810192,997.7871784276134,723711,
2024-04-15,1013.0463256835938,1040.3937955472752,954.1897382019296,978.7628367061704,1797516,
2024-04-16,1030.93115234375,1044.357235392684,1003.5341510979212,1012.4518125007052,619287,
2024-04-18,1002.0477905273438,1035.885322183112,995.8054401619784,1016.8610278270946,387717,
2024-04-19,990.603515625,999.4716462148192,973.263619127438,984.9061210615154,253736,
2024-04-22,989.4144897460938,1007.2498119965028,983.4693823292909,991.792556903519,272237,
2024-04-23,985.4015502929688,1001.7505956221132,982.9244222127954,997.192704145298,137510,
2024-04-24,1019.2391357421876,1027.512719271753,988.869521536364,993.724716724591,327971,
2024-04-25,1039.749755859375,1049.3114948044356,1013.2940753349504,1020.5768079778742,487262,
2024-04-26,1031.9715576171875,1048.320602937095,1024.242869630005,1042.1277827401605,238415,
2024-04-29,1083.198486328125,1090.9271740900056,1030.4852507298872,1033.457804337762,1571505,
2024-04-30,1069.87158203125,1097.3677028012128,1067.1467412342267,1083.1984822752852,247538,
2024-05-02,1051.986572265625,1075.4698160813316,1047.3296204425988,1075.0734514477008,303715,
2024-05-03,1040.1956787109375,1062.1925278274489,1017.4061002221024,1061.2016765888036,309861,
2024-05-06,1038.5606689453125,1046.3388263711,1011.064549218231,1043.366272887091,240189,
2024-05-07,1021.6171875,1043.0195494253546,987.135517042722,1030.4852574398303,402644,
2024-05-08,1032.318359375,1042.42511478281,1007.7452602619928,1015.4738879821728,162074,
2024-05-09,1015.4243774414062,1063.6787834171637,1010.321469473713,1040.2947188434096,913568,
2024-05-10,866.9453125,939.3269841517872,856.0954792269453,921.4916616678923,3863723,
2024-05-13,872.8408813476562,876.9033472402119,844.254786792809,871.9490910411147,901697,
2024-05-14,872.1472778320312,880.519982946555,867.3416130083438,874.7234668779952,277860,
2024-05-15,872.1472778320312,884.3347360486096,867.2425520745608,872.8904162656855,272428,
2024-05-16,870.3141479492188,884.8301425638422,868.9765229882302,875.9124815525604,203364,
2024-05-17,882.6007690429688,885.8210356715285,868.0352432738227,876.6556614210122,266543,
2024-05-21,887.2577514648438,908.2142188223912,878.8355159579583,893.4505716904949,355227,
2024-05-22,887.753173828125,898.157111769075,881.2631103507891,887.2577482118893,319449,
2024-05-23,891.6669921875,896.7203089644426,886.415432604425,889.1402733222727,169132,
2024-05-24,888.1494140625,895.3826759199443,886.663137320848,886.8117891857154,177486,
2024-05-27,889.2394409179688,897.1662506907483,881.5108134848606,893.6487409494292,136576,
2024-05-28,888.0009155273438,894.6891615641279,881.857625590797,881.857625590797,349286,
2024-05-29,886.7622680664062,894.1441213897416,880.0740226585012,887.8026497011736,399577,
2024-05-30,881.8575439453125,894.5404268640062,876.5069234205598,883.839246291257,137099,
2024-05-31,909.8986206054688,929.3193398937398,881.0153451815924,881.857544488435,431328,
2024-06-03,897.9093627929688,921.4916090805384,892.6082726267198,921.4916090805384,226900,
2024-06-04,871.65185546875,904.5976594839432,805.9088388395937,904.5976594839432,775960,
2024-06-05,893.8468627929688,903.6563140772744,861.0497115495082,885.6723402149671,176268,
2024-06-06,908.412353515625,953.000656801504,898.305659342141,898.305659342141,707196,
2024-06-07,943.6371459960938,958.4999144665112,908.016092610068,908.1151535425,426279,
2024-06-10,995.5082397460938,1030.1879722102876,944.2812192208193,944.3802801528036,1379523,
2024-06-11,1009.9251098632812,1019.2391355577522,980.9922420328224,991.8420750288392,426321,
2024-06-12,1033.0614013671875,1046.9333176896605,1010.1727636258092,1010.1727636258092,479676,
2024-06-13,1055.0584716796875,1106.7808591511805,1033.358804861041,1033.606517676429,1463765,
2024-06-14,1065.5615234375,1083.000482310532,1049.7079024704656,1058.2787904964744,673858,
2024-06-18,1043.416015625,1065.165153399039,1037.4213168453894,1065.165153399039,243444,
2024-06-19,1051.6673583984375,1063.74637184544,1040.5825004391413,1040.5825004391413,273452,
2024-06-20,1027.0123291015625,1052.6614667210306,1022.6380208802752,1051.6673112778683,178983,
2024-06-21,1038.1468505859375,1052.6614961910825,1031.6848400244735,1033.921689834211,389992,
2024-06-24,1059.769775390625,1068.7171749952363,1036.5562684655915,1037.8983541349085,1052667,
2024-06-25,1069.1644287109375,1111.9628693181885,1063.845721332018,1067.7229518531374,1104611,
2024-06-26,1051.4188232421875,1081.59141812932,1037.9480891502883,1077.664552481752,293814,
2024-06-27,1021.3953247070312,1052.8106123820926,1010.0619284043496,1052.8106123820926,277549,
2024-06-28,1061.857421875,1068.717118815983,1021.9918122258888,1021.9918122258888,479229,
2024-07-01,1078.16162109375,1136.46886443119,1063.7463665931882,1066.2317553001817,1707979,
2024-07-02,1083.032958984375,1108.483313938863,1076.7200962212082,1085.7171301256064,498546,
2024-07-03,1086.6119384765625,1091.5329595545454,1073.1908395109324,1083.629472039756,173001,
2024-07-04,1090.9862060546875,1096.1557658090735,1073.6878770967555,1096.1557658090735,179691,
2024-07-05,1079.10595703125,1096.8517284448958,1074.9803091048727,1090.9861871686987,93725,
2024-07-08,1075.3779296875,1090.9364871559742,1066.032965299977,1073.6879139212976,264475,
2024-07-09,1074.3341064453125,1082.9832102783707,1070.8048060710596,1070.8048060710596,113785,
2024-07-10,1054.5006103515625,1080.7960941468764,1052.810594672454,1069.3135504497714,232851,
2024-07-11,1058.5767822265625,1064.1440285305357,1055.2960206662003,1060.4655805148468,61529,
2024-07-12,1076.3223876953125,1108.4832912000122,1062.7521419666484,1062.7521419666484,575586,
2024-07-15,1081.740478515625,1102.5183508783934,1074.6819993683891,1083.6293980680334,169051,
2024-07-16,1087.6060791015625,1115.4424321315842,1077.962819630338,1082.6353017747729,465926,
2024-07-18,1067.8223876953125,1090.5885726910487,1055.7931305359104,1071.6996183782594,299961,
2024-07-19,1064.491943359375,1108.4833218264796,1056.7872386560969,1075.6761921221982,968553,
2024-07-22,1016.7227783203124,1067.7229401410857,1002.108681249734,1064.7404738278424,410434,
2024-07-23,985.8045654296876,1016.9216809930526,970.2460683264408,1016.7228377581922,486415,
2024-07-24,987.1466674804688,1007.0297765059944,986.1525120291924,991.1729849224512,104157,
2024-07-25,991.0736083984376,1002.1087098004616,971.2898903522332,978.845447623006,303866,
2024-07-26,994.2051391601562,1000.5180626335912,983.020890420515,991.0735859201164,222765,
2024-07-29,989.632080078125,994.1554753553048,954.3892563410924,958.3161826044328,687927,
2024-07-30,975.5150756835938,998.2812607021316,970.4946025890112,998.2812607021316,249099,
2024-07-31,963.8834228515624,990.1788471427984,955.6816402321568,975.2665151075156,189670,
2024-08-01,949.8658447265624,978.5969010631062,944.4476853433796,969.3015717997844,221650,
2024-08-02,940.6202392578124,953.8921907514532,937.4886251991876,937.4886251991876,127858,
2024-08-05,895.5352172851562,929.5850414499696,884.8977418337469,929.5850414499696,267951,
2024-08-06,911.8394165039062,928.4915207594314,899.7107075373293,899.7107075373293,128457,
2024-08-07,938.2341918945312,939.9242682699218,912.6346894401904,921.1844019108496,122724,
2024-08-08,930.4797973632812,947.4301355007188,924.862794848908,944.3979735406264,166015,
2024-08-09,932.41845703125,943.2547154499512,928.5412263543276,939.327789134286,161002,
2024-08-12,923.7196044921876,943.4535668401782,917.456376317096,932.4184650926632,182275,
2024-08-13,937.1406860351562,941.21669922544,916.8598900033396,916.8598900033396,187550,
2024-08-14,937.3394775390624,947.4301800130946,926.1055326609531,947.4301800130946,120549,
2024-08-16,948.2254638671876,968.3074162579152,939.4769079709752,942.509069982708,169734,
2024-08-19,984.114501953125,990.477060411368,952.89799662386,953.3950743477118,295030,
2024-08-20,989.6817626953124,1008.9186466189708,984.2139076527968,990.1788404264504,199454,
2024-08-21,978.099853515625,1005.0911993115376,975.9624556214798,989.830936827786,91999,
2024-08-22,976.4595336914062,986.3016366280648,972.2840685008076,975.2665349686016,107720,
2024-08-23,976.5092163085938,985.2080767236614,971.2899000595532,977.2548329155996,121345,
2024-08-26,977.4039916992188,988.19055446603,969.003365695083,983.2197770290782,76350,
2024-08-27,965.6729125976562,981.231470314236,962.342515971814,977.4039959425406,101504,
2024-08-28,976.2109985351562,1032.977313595316,966.418530521562,971.4887599431736,955105,
2024-08-29,987.7431640625,1008.0239601062488,973.7255960794384,980.1876066931852,417212,
2024-08-30,987.1963500976562,993.3601259499644,977.6027258479928,987.7431234529604,90481,
2024-09-02,983.2197265625,992.2665167620256,975.614413202954,989.1846591806748,83544,
2024-09-03,977.7022094726562,990.1788484901332,975.2665164345588,975.2665164345588,84439,
2024-09-04,978.2489624023438,989.1349767111052,969.3015633559808,969.3015633559808,100700,
2024-09-05,982.2255859375,987.6934409199456,978.248964132085,983.1700457519728,70994,
2024-09-06,990.47705078125,1018.01516855058,979.8395754585604,982.2255727812238,481339,
2024-09-09,978.596923828125,990.4770939663406,975.2665272368656,990.3777026895764,76550,
2024-09-10,992.9127807617188,998.0824013679548,977.6027621737186,984.5121548613896,147841,
2024-09-11,984.5618286132812,1022.9859611433428,979.9390421638628,997.1379193651826,351184,
2024-09-12,993.6583862304688,1001.3133954386664,985.2577604242992,994.15546396245,258472,
2024-09-13,980.0384521484376,1034.4187686017767,975.3162136565024,1014.0385814260568,226839,
2024-09-16,988.6876220703124,994.9010938027806,970.1963544658616,983.170071307568,236949,
2024-09-17,985.5062866210938,995.1496066332464,974.272342158423,995.1496066332464,92095,
2024-09-18,979.49169921875,992.2665730290412,970.2957609109365,989.1350196339824,101766,
2024-09-19,977.1554565429688,994.155491170612,971.6378450242232,987.1964027324176,166539,
2024-09-20,975.46533203125,989.3338125857534,971.3395626747092,977.205104055116,82019,
2024-09-23,971.5384521484376,977.254846213266,966.8162135731444,977.254846213266,64822,
2024-09-24,992.5648193359376,1009.0677754312228,971.5384074287316,971.5384074287316,435459,
2024-09-25,1006.4830322265624,1019.0093670032282,986.8981571348136,994.1057843648364,487770,
2024-09-26,1019.1087646484376,1048.834037957664,1009.1672097862796,1014.0385959401112,2118598,
2024-09-27,982.2255859375,1033.7228868603706,975.3161934149048,1030.9392030538336,296267,
2024-09-30,956.4769287109376,985.6554274088514,952.4506112971196,982.2255789902536,243766,
2024-10-01,920.1902465820312,967.5120817062708,908.6580678046796,963.9330857323658,928198,
2024-10-03,882.1141357421875,914.6230317228044,869.8860356059282,909.4037155091688,1076115,
2024-10-04,882.3626708984375,891.5586089504521,861.1871716278634,880.8217420632461,264458,
2024-10-07,862.8772583007812,918.5499650065192,855.0234057619907,882.3626813764156,514715,
2024-10-08,868.9912719726562,873.6141191790887,851.2953167440327,869.2895671563754,189752,
2024-10-09,889.7194213867188,913.0820741800584,870.0351558497191,877.5410172710417,317935,
2024-10-10,879.1813354492188,901.2019026253364,875.3538612924532,896.6785075277684,196850,
2024-10-11,894.6405029296875,896.7282050781195,871.3772414090596,885.9913384833806,260951,
2024-10-14,879.1813354492188,903.5878999428218,876.0994778693633,903.5878999428218,143088,
2024-10-15,888.9738159179688,891.8071346803457,868.8918636834204,885.6931150672077,211255,
2024-10-16,878.6842651367188,894.9387430574089,863.5731509267321,888.6755758942654,302912,
2024-10-17,865.909423828125,882.6112237708679,864.020504143119,882.6112237708679,179177,
2024-10-18,853.7310180664062,865.9094226909343,849.0087795385281,865.9094226909343,117610,
2024-10-21,836.4326782226562,864.716413405773,831.3128139726249,854.9737019609743,164530,
2024-10-22,806.0612182617188,839.7134162979743,800.3448244842334,835.090569232635,232258,
2024-10-23,811.0320434570312,823.9560649361994,796.4179454949001,806.0612659650435,191766,
2024-10-24,788.3156127929688,810.9326503299549,782.0026889854736,810.9326503299549,157107,
2024-10-25,759.236572265625,792.2425472091085,750.587407225485,790.3536274758419,246935,
2024-10-28,740.9937744140625,746.8593161097933,702.1223188053798,734.6809112880363,843261,
2024-10-29,730.2072143554688,750.6370977337432,718.8241217509318,750.5874020944574,553491,
2024-10-30,752.0289306640625,774.9442025155247,732.9908288068355,747.6049266089475,903082,
2024-10-31,731.8475952148438,754.0172507175989,725.7335146216567,752.6751043862369,444930,
2024-11-01,738.6575317382812,747.5055399026176,731.6984432831426,734.6809097639164,47024,
2024-11-04,732.294921875,740.5961567619999,725.236442049661,738.6575413884827,166459,
2024-11-05,738.0112915039062,743.5785985627372,727.3738764798788,732.1955062551274,236914,
2024-11-06,783.8419189453125,787.5700020837944,739.6516946748192,741.6400056820095,1007198,
2024-11-07,770.1722412109375,795.1255187980756,765.2511595852257,783.8418786832297,290566,
2024-11-08,750.0902709960938,772.4587681430946,740.6457944229156,770.3710660140806,227738,
2024-11-11,740.1487426757812,750.9850615007695,736.9674330564645,745.6165977257702,112133,
2024-11-12,727.423583984375,747.4060850569376,725.7335075161161,742.2862206917963,103285,
2024-11-13,712.8591918945312,730.9031385606461,710.8211852473415,725.4352832895127,156123,
2024-11-14,718.1779174804688,730.5054085869649,704.3094368920318,716.4381454523459,192863,
2024-11-18,714.3007202148438,727.6721237031957,703.2158622198849,724.6399615916242,171305,
2024-11-19,712.8094482421875,729.7597863052866,705.850360184035,720.7626917372189,169550,
2024-11-21,701.8240356445312,720.7626843882889,697.8474139375614,718.774373534804,107616,
2024-11-22,704.9556274414062,715.7919464577659,696.1076800658644,707.0930859973416,167205,
2024-11-25,721.408935546875,736.5698063481585,713.6047787601375,730.7042648487474,223044,
2024-11-26,719.8182373046875,727.7714808590318,712.8591491946363,721.4089224226161,182132,
2024-11-27,718.02880859375,728.1195111721187,713.8036477262893,725.4352791912212,190199,
2024-11-28,712.8094482421875,734.8797110765861,710.4234509223052,725.3855387900788,228486,
2024-11-29,712.8094482421875,717.7802254265821,688.9497177570934,716.2392966351063,633534,
2024-12-02,759.6341552734375,763.7102290265696,712.9088491111471,712.9088491111471,1083092,
2024-12-03,755.3593139648438,795.2746803564285,753.5698462545436,759.5347790745004,1069609,
2024-12-04,774.8447875976562,783.3945002580328,754.613687636978,757.2979195070515,405973,
2024-12-05,774.5962524414062,799.2016001244049,770.4704830029845,779.865264253998,342965,
2024-12-06,785.780517578125,792.3419194907394,772.7073487128949,776.4354317719793,260593,
2024-12-09,788.514404296875,799.2512708150061,782.5494717114208,792.2424871627838,202402,
2024-12-10,847.7163696289062,863.3743180638988,787.8185033934583,789.2600409406206,1261373,
2024-12-11,846.3245239257812,856.3655303953583,838.8186624008734,852.9853775880881,305526,
2024-12-12,845.9766235351562,863.6725790625641,837.6256931755801,846.9210833831995,317089,
2024-12-13,825.3975830078125,844.5847715370467,819.5320414347269,835.3391377564762,247540,
2024-12-16,832.3069458007812,841.0058058934349,820.1782373073378,820.1782373073378,111953,
2024-12-17,832.356689453125,851.9912605092005,826.8888342223192,833.1023060755076,193473,
2024-12-18,832.356689453125,840.6578635776104,825.1490621034264,825.1490621034264,163600,
2024-12-19,832.0584106445312,836.035032418873,807.6021503252693,815.2074637400713,149075,
2024-12-20,815.0086669921875,843.9883240966647,810.1870370872139,835.0906202334896,232240,
2024-12-23,956.42724609375,978.000431664891,822.1665636461142,822.1665636461142,23006641,
2024-12-24,909.9505004882812,938.2839317237048,895.7340892321594,936.4447683534812,6590244,
2024-12-26,1045.752197265625,1072.6937871097978,909.9505192281662,909.9505192281662,26773960,
2024-12-27,1015.3309936523438,1032.9275580277724,979.7402391110392,1013.1438394303608,6628500,
2024-12-30,958.6641235351562,1020.7989021223624,944.9447899565868,992.2168712058924,2154947,
2024-12-31,950.3629150390624,969.1027210095727,928.541190764949,958.6640887793458,825670,
2025-01-01,961.19921875,1018.0152297190748,947.082259224379,957.1232054805072,2959236,
2025-01-02,950.3629150390624,976.509191251468,939.128970584124,969.0033297358964,601444,
2025-01-03,967.1144409179688,1001.1145705438234,951.2079532032704,958.3658848105716,1948311,
2025-01-06,896.6288452148438,975.8629878564784,886.9855249927263,968.7548126328198,746671,
2025-01-07,973.079345703125,1007.6759433475676,909.6025442715886,909.6025442715886,16514463,
2025-01-08,920.2400512695312,967.1144460977782,912.6347375188336,965.3249783559776,1672494,
2025-01-09,900.704833984375,929.3861943271842,891.1112096600777,921.5820983482512,954109,
2025-01-10,904.0352783203124,924.4652223579304,886.0907837074651,907.1171967728288,1255081,
2025-01-13,890.6638793945312,924.4651642189395,880.3743342247476,885.7924934866995,1185187,
2025-01-14,895.1376342773438,911.0441222383562,887.4826248104193,899.7107252947604,476059,
2025-01-15,898.81591796875,920.935876728669,889.1726586476218,904.780850668054,548074,
2025-01-16,897.6229858398438,919.494405880276,892.7515998321921,910.447554820128,547077,
2025-01-17,890.962158203125,902.693180795842,876.8948338125205,901.3013388448268,347165,
2025-01-20,913.728271484375,919.6435086877876,885.3948404877056,891.2603820531268,514610,
2025-01-21,896.5791015625,938.2839363723912,892.2545494659889,920.9359109908196,605414,
2025-01-22,881.5176391601562,901.6989824193008,863.3743024135716,901.1025134277724,386812,
2025-01-23,893.6463623046875,923.3218783495834,879.7281859419481,881.5176536243279,741234,
2025-01-24,886.9855346679688,910.6464230436786,880.374376430175,897.7224017559408,446444,
2025-01-27,856.4649047851562,891.7077269900635,840.3098790129463,864.9152259583121,601713,
2025-01-28,851.0467529296875,860.7397684771291,819.184083188912,856.4649122175337,474720,
2025-01-29,817.0963745117188,868.0965360800471,810.2366777538409,844.7338834086173,1485285,
2025-01-30,771.9120483398438,829.0759894587039,763.2628833739985,820.178285618429,1116806,
2025-01-31,806.2600708007812,819.9794038895716,770.9178566516741,780.5611766625366,1463534,
2025-02-01,820.1285400390625,828.4794093043328,788.8126437678262,806.2600595546857,236995,
2025-02-03,788.1167602539062,813.0203430023067,783.4442173415641,809.2425642972938,263935,
2025-02-04,809.2425537109375,812.2250201251056,790.6021386223871,791.6956853695415,217732,
2025-02-05,819.4326171875,858.4035223698955,810.336070687112,817.0963761869401,565176,
2025-02-06,809.8389892578125,827.2864656024698,802.6313623880769,824.8507726625279,216889,
2025-02-07,806.7074584960938,816.5993174384673,801.5378379790229,816.5993174384673,165119,
2025-02-10,786.3272705078125,804.9676853184546,781.4061888621163,798.3068316237651,148368,
2025-02-11,746.2628173828125,787.0231910823649,743.3300466516702,782.4997352144238,391886,
2025-02-12,734.5814819335938,745.616583091982,712.2129844408342,745.616583091982,321603,
2025-02-13,729.908935546875,751.7306595715231,727.2247037255303,734.581478246485,244753,
2025-02-14,701.1778564453125,738.359296121379,689.7450682861157,735.6750641570109,314838,
2025-02-17,697.6486206054688,704.5580134511068,674.534505280813,700.9293216126358,290690,
2025-02-18,690.3912963867188,704.160325736018,670.7070297000712,701.0784679695521,236348,
2025-02-19,709.4790649414062,713.8036169005585,677.4175515081987,681.046182512959,283723,
2025-02-20,716.2393188476562,728.020036868651,695.9088273972914,711.8153148806581,447937,
2025-02-21,721.0609741210938,731.6984501378613,704.8562515594343,720.6633483269937,433646,
2025-02-24,723.2977905273438,737.5639577408289,699.8854416531832,720.0667852924391,385471,
2025-02-25,708.3854370117188,728.964466475805,700.8795756773849,723.29776840911,166615,
2025-02-27,697.9965209960938,724.2422492911976,689.9935817154535,717.0346222392261,224987,
2025-02-28,661.809326171875,707.043401263728,652.0666144416247,691.8825299417333,645195,
2025-03-03,643.765380859375,671.0052657871694,629.9963514777781,666.9789481542982,384995,
2025-03-04,643.7156372070312,650.177647464708,627.908541689957,636.2594715250965,421522,
2025-03-05,656.043212890625,675.9760177451125,636.3091905855617,636.3091905855617,444285,
2025-03-06,676.4730834960938,685.6690213461691,658.0812077959431,658.0812077959431,581603,
2025-03-07,666.0344848632812,679.5052796616322,662.7537838711214,668.6192648744529,289374,
2025-03-10,649.8794555664062,678.4117302483097,646.2010681198828,666.0841779081869,308902,
2025-03-11,664.2449951171875,681.5432637205547,633.6249583950629,646.2010492401093,1599606,
2025-03-12,652.91162109375,668.4204225384966,646.4496103786995,662.157255058058,321343,
2025-03-13,641.5781860351562,667.7742181679102,636.8062520803936,659.3238969660733,362104,
2025-03-17,638.5957641601562,649.3823877930017,631.288745472129,641.5782306741978,275703,
2025-03-18,638.5957641601562,638.5957641601562,638.5957641601562,638.5957641601562,0,
2025-03-19,676.821044921875,692.9263759828449,653.4583909253229,658.8268548384581,1030778,
2025-03-20,685.2216796875,703.8620953482045,676.6719666424981,676.7713579213139,359402,
2025-03-21,705.50244140625,708.484907764884,671.0549306926538,671.0549306926538,545613,
2025-03-24,721.0609741210938,731.6984501378613,705.1047904351606,705.6018681866129,564709,
2025-03-25,723.7451782226562,732.6925774039803,716.0901690096144,724.6896380497051,419203,
2025-03-26,717.6808471679688,734.6808811754868,711.0199934844122,720.2159314422921,362843,
2025-03-27,722.403076171875,730.704249840871,702.669054241902,712.8094518855843,283699,
2025-03-28,688.6514892578125,728.6165503040079,683.9789465281111,722.7013132673878,381913,
2025-04-01,680.2508544921875,694.3678737653078,674.6836083431639,688.6514800300793,206946,
2025-04-02,679.057861328125,684.1777861167934,667.9730645763799,680.4993988521762,270966,
2025-04-03,681.8912353515625,696.9029581093642,671.1046125030102,673.0432277318682,330264,
2025-04-04,670.7567138671875,686.9614360404132,661.3122368159807,680.5988167029631,266061,
2025-04-07,621.247802734375,630.244897968011,574.0254159893078,588.9874442854785,531814,
2025-04-08,630.244873046875,651.1718335780869,625.0752524614079,631.3881154315926,296148,
2025-04-09,608.7710571289062,630.692233041418,605.4406606887728,622.9377720957617,224594,
2025-04-11,656.7390747070312,664.9906135941937,619.0606190594723,619.0606190594723,1238125,
2025-04-15,747.4060668945312,760.379783584788,672.6953200625377,677.6660973904853,4331554,
2025-04-16,746.1136474609375,765.4002870031193,730.7042383528169,739.6516371897902,1251468,
2025-04-17,754.1166381835938,757.3476435405744,729.7101329303964,741.4908512683206,482323,
2025-04-21,776.2862548828125,788.8623455322357,760.0815332665451,763.0143039647019,1262218,
2025-04-22,761.6224975585938,797.3623996039368,758.4412485294118,779.8155915908194,709135,
2025-04-23,798.65478515625,800.2951659790097,766.89156593126,767.4880349512987,975360,
2025-04-24,804.7191772460938,821.8683595280809,797.8097844228813,800.3448687984444,505052,
2025-04-25,760.7774658203125,804.1226196080904,747.2072195189523,804.1226196080904,477303,
2025-04-28,758.0435180664062,773.5026229221069,753.1224365347477,762.51721751729,289797,
2025-04-29,785.4822387695312,795.3244025221171,760.5289599117745,760.5289599117745,886162,
2025-04-30,784.9354248046875,810.1373019139684,772.1605515208917,788.414968885862,758586,
2025-05-02,785.283447265625,802.5320207774514,778.7219846125045,787.3711495270877,212744,
2025-05-05,810.534912109375,835.5876411480119,790.2541776902362,794.2307994208633,961711,
2025-05-06,778.3243408203125,815.9531010442477,775.341874413815,810.485245965669,246417,
2025-05-07,809.292236328125,823.7571860684269,769.9237045658803,775.4412552076324,799136,
2025-05-08,837.8742065429688,879.7778833028393,814.213318815637,819.3829393247563,2847592,
2025-05-09,837.9736938476562,883.456307898095,820.1782861554543,823.6578303997502,2657933,
2025-05-12,891.2603759765625,943.453537982998,851.0467752092504,859.9444787727011,3574240,
2025-05-13,908.0118408203124,914.523607451798,881.0205572106868,887.780802022089,963419,
2025-05-14,970.1963500976562,983.9156834854888,901.5996224800588,904.6814801741132,2470279,
2025-05-15,1019.6555786132812,1027.9069961721314,973.377593099232,974.2723572905664,1875364,
2025-05-16,1068.269775390625,1072.6937185508923,1015.1320943684012,1022.091182440557,1083206,
2025-05-19,1055.9422607421875,1103.5125758909787,1039.4393041488854,1068.717134308831,1197957,
2025-05-20,1063.10009765625,1088.600209015521,1040.3339137625433,1043.863214124472,1065581,
2025-05-21,1084.9715576171875,1096.5534932176508,1060.565113424516,1063.100137081568,873214,
2025-05-22,1098.790283203125,1104.1587467681388,1068.717081604487,1081.6908584401986,660341,
2025-05-23,1075.775634765625,1100.9278172827162,1065.4363933664577,1098.7903587012693,311702,
2025-05-26,1079.503662109375,1093.570985880944,1058.7755454210956,1071.699566163325,229893,
2025-05-27,1072.7930908203125,1121.4073151917532,1061.9567724571048,1073.6878549708274,1205939,
2025-05-28,1091.6324462890625,1125.185192907102,1073.2902053237474,1078.658669054007,1151282,
2025-05-29,1141.1910400390625,1157.892778414854,1098.0446701937567,1098.0446701937567,1926038,
2025-05-30,1165.697021484375,1168.1326537942207,1123.3956585425271,1144.2729229933177,1018768,
2025-06-02,1185.8287353515625,1190.8989041575896,1161.9690032226126,1169.1268743185483,730229,
2025-06-03,1163.8577880859375,1202.6298523453709,1158.1911503138458,1188.0158151287949,516431,
2025-06-04,1187.1209716796875,1195.4719015418725,1162.2670859927462,1174.5946375648418,554847,
2025-06-05,1175.8870849609375,1194.97482057378,1169.3255620719635,1193.9806651490098,483552,
2025-06-06,1156.1033935546875,1190.9982254720187,1150.3372434195055,1183.0449818962456,321900,
2025-06-09,1142.4833984375,1173.1034349431702,1129.4599862700975,1160.77588305036,304449,
2025-06-10,1168.2320556640625,1179.0683744391347,1145.2670888312675,1145.2670888312675,446567,
2025-06-11,1207.998291015625,1231.758631092578,1175.39006431414,1178.0742355485916,1688173,
2025-06-12,1198.255615234375,1231.7586054351011,1179.963130640156,1213.9631985670464,495717,
2025-06-13,1180.957275390625,1201.9339309732936,1143.2787598174425,1180.857884117666,394260,
2025-06-16,1203.7235107421875,1212.670910114334,1126.6764605931485,1178.0742506659526,632199,
2025-06-17,1220.7235107421875,1247.665099373623,1189.2087099199844,1209.588896802183,1024767,
2025-06-18,1192.688232421875,1225.893048378018,1185.03328407921,1220.7234886345125,328279,
2025-06-19,1135.2261962890625,1195.571386945432,1130.3548100395053,1192.0918426753017,517858,
2025-06-20,1071.5008544921875,1142.284678081188,1059.372084486949,1128.3665009766305,1756194,
2025-06-23,1064.83984375,1097.0505035585702,1037.2023959488677,1059.371988952019,807285,
2025-06-24,1069.8106689453125,1077.0680523644482,1039.9860050697428,1073.6878995205102,491922,
2025-06-25,1109.875244140625,1113.1558845346412,1068.7171814398455,1074.5827232651698,554130,
2025-06-26,1114.348876953125,1140.8927791344415,1106.4950245648938,1111.4658018540442,610623,
2025-06-27,1141.1910400390625,1153.2202964461364,1103.711307590445,1118.4248564671582,803531,
2025-06-30,1142.1851806640625,1147.7524267171734,1109.4774432363497,1140.3956523741622,475062,
2025-07-01,1133.138427734375,1175.0917390809834,1123.8927335288088,1142.0858267629103,394123,
2025-07-02,1135.2261962890625,1143.2788316142753,1122.0038795198177,1139.799287344145,217860,
2025-07-03,1132.9395751953125,1147.1560472834926,1128.3664842003243,1130.5535777414882,172231,
2025-07-04,1120.6119384765625,1137.3137980394674,1105.5008246677342,1137.3137980394674,141438,
2025-07-07,1142.5828857421875,1150.5361291926315,1112.3605363591266,1123.395637375245,263783,
2025-07-08,1159.28466796875,1170.1209868507208,1135.5243279915717,1143.2787891914436,653426,
2025-07-09,1173.202880859375,1186.425197547399,1158.191157086114,1159.2847038643488,434555,
2025-07-10,1140.5946044921875,1182.3491336910688,1134.3313765696084,1177.974825408384,360323,
2025-07-11,1145.26708984375,1157.1969553629556,1131.0506182239494,1142.1852321893286,257374,
2025-07-14,1165.3489990234375,1168.9280558182304,1123.4950778055295,1142.7817182881165,232085,
2025-07-15,1162.664794921875,1178.9689685192154,1157.4952351417537,1163.6589503685802,233329,
2025-07-16,1176.28466796875,1193.2848230768475,1162.6647869846136,1162.6647869846136,513575,
2025-07-17,1190.699951171875,1202.9281119267705,1166.343142294019,1179.2671633312486,235853,
2025-07-18,1171.9000244140625,1194.9000244140625,1166.4000244140625,1194.9000244140625,140193,
2025-07-21,1172.300048828125,1189.0,1157.199951171875,1171.9000244140625,168474,
2025-07-22,1176.0,1188.0,1162.9000244140625,1172.0,146693,
2025-07-23,1192.0,1205.0,1174.0,1176.0,611159,
2025-07-24,1142.0,1203.4000244140625,1128.0,1199.9000244140625,438686,
2025-07-25,1036.4000244140625,1150.699951171875,1016.0,1108.699951171875,1619571,
2025-07-28,1050.5,1090.0,1018.0999755859376,1037.0,847551,
2025-07-29,1038.800048828125,1058.0,1020.0,1050.5,350587,
2025-07-30,1058.199951171875,1067.0,1035.800048828125,1044.800048828125,376637,
2025-07-31,1022.5999755859376,1048.0,1015.0999755859376,1048.0,193779,
2025-08-01,981.9000244140624,1029.9000244140625,978.2999877929688,1020.0,405300,
2025-08-04,1007.9000244140624,1013.7999877929688,971.0999755859376,975.0,421950,
2025-08-05,972.7999877929688,1009.9000244140624,970.0,1009.9000244140624,342893,
2025-08-06,945.0999755859376,982.5999755859376,932.0,970.0,414123,
2025-08-07,947.0,954.7000122070312,922.7999877929688,940.0,337890,
2025-08-08,936.0999755859376,963.0,927.5999755859376,953.0,157347,
2025-08-11,939.4000244140624,946.2999877929688,909.7000122070312,922.2000122070312,236635,
2025-08-12,932.0,953.4000244140624,921.5999755859376,939.4000244140624,356466,
2025-08-13,922.7999877929688,942.9000244140624,913.5,932.0,256323,
2025-08-14,928.2000122070312,942.9000244140624,917.0,927.0,196503,
2025-08-18,939.0,944.2999877929688,928.5,931.9000244140624,183212,
2025-08-19,906.5,938.9000244140624,901.0999755859376,935.5,479849,
2025-08-20,987.7000122070312,995.4000244140624,905.0,906.4000244140624,2334053,
2025-08-21,960.7000122070312,1001.2999877929688,957.5999755859376,988.4000244140624,415916,
2025-08-22,967.9000244140624,982.7999877929688,954.2999877929688,968.2000122070312,312731,
2025-08-25,988.7000122070312,1007.2000122070312,964.2000122070312,965.2999877929688,475074,
2025-08-26,983.0999755859376,993.0,968.0,990.0,215196,
2025-08-28,975.5999755859376,990.0,961.0,984.2000122070312,283068,
2025-08-29,977.2000122070312,985.0,962.7000122070312,975.2000122070312,192817,
2025-09-01,989.5999755859376,992.1500244140624,971.0,971.0,166511,
2025-09-02,985.8499755859376,993.4000244140624,980.0,988.0,104913,
2025-09-03,953.0499877929688,985.5499877929688,948.2999877929688,985.0,318020,
2025-09-04,926.75,962.5999755859376,922.0999755859376,957.7999877929688,321563,
2025-09-05,906.5499877929688,943.2000122070312,904.5999755859376,934.3499755859376,232269,
2025-09-08,902.4000244140624,913.9500122070312,890.25,909.0,340465,
2025-09-09,959.7999877929688,976.5,905.0,905.0,2206411,
2025-09-10,1015.6500244140624,1020.0,954.0,954.0,1111187,
2025-09-11,1014.0499877929688,1019.5,1000.9500122070312,1014.0499877929688,307020,
2025-09-12,1021.9500122070312,1032.449951171875,996.5999755859376,1013.0,396873,
2025-09-15,1026.25,1028.5,1008.4500122070312,1017.0999755859376,127151,
2025-09-16,1039.1500244140625,1045.0,1015.0,1026.050048828125,264565,
2025-09-17,1027.050048828125,1061.300048828125,1021.1500244140624,1040.0,393465,
2025-09-18,1040.050048828125,1060.0,1028.0,1030.0,382881,
2025-09-19,1061.1500244140625,1072.4000244140625,1040.0,1040.0,488285,
2025-09-22,1072.199951171875,1104.0,1051.1500244140625,1057.5,740337,
2025-09-23,1062.6500244140625,1078.3499755859375,1048.300048828125,1073.0,290739,
2025-09-24,1029.050048828125,1060.0,1025.25,1060.0,160825,
2025-09-25,1059.3499755859375,1078.0,1025.050048828125,1025.949951171875,921126,
2025-09-26,986.1500244140624,1055.0,980.2000122070312,1055.0,519120,
2025-09-29,957.4000244140624,991.2000122070312,951.7000122070312,984.0,424608,
2025-09-30,974.5999755859376,985.0499877929688,962.7999877929688,966.2000122070312,230945,
2025-10-01,976.2000122070312,981.6500244140624,942.0499877929688,974.5999755859376,330410,
2025-10-03,986.0999755859376,995.3499755859376,967.5999755859376,984.8499755859376,99178,
2025-10-06,981.5,993.5499877929688,976.0499877929688,990.0,86278,
2025-10-07,982.1500244140624,990.1500244140624,970.5,989.0499877929688,132444,
2025-10-08,974.75,999.25,971.9500122070312,990.3499755859376,129177,
2025-10-09,974.9500122070312,978.0499877929688,964.0,977.9500122070312,77476,
2025-10-10,1008.1500244140624,1021.4500122070312,971.5499877929688,980.0,332876,
2025-10-13,984.75,1008.0,981.0999755859376,1008.0,153245,
2025-10-14,957.5,994.5999755859376,933.0,977.0,207840,
2025-10-15,994.9500122070312,1019.7999877929688,958.0,960.9500122070312,944797,
2025-10-16,972.6500244140624,1002.9500122070312,970.5499877929688,1002.9000244140624,170393,
2025-10-17,966.25,980.4500122070312,951.5,980.0,197216,
2025-10-20,951.5,961.4500122070312,943.2000122070312,961.0,181602,
2025-10-21,970.0999755859376,975.9500122070312,956.4500122070312,956.4500122070312,43296,
2025-10-23,963.5,977.9000244140624,945.6500244140624,970.0999755859376,273505,
2025-10-24,997.9500122070312,1008.0,950.5,965.0,401485,
2025-10-27,1044.75,1053.699951171875,972.0,972.0,777244,
2025-10-28,1024.0999755859375,1048.0,1015.0,1048.0,237006,
2025-10-29,1028.9000244140625,1046.0,1006.5,1020.9500122070312,283022,
2025-10-30,1046.75,1063.9000244140625,1035.0,1035.0,374102,
2025-10-31,1133.5,1144.5,1053.5,1053.5,5421616,
2025-11-03,1198.0,1244.5999755859375,1126.0999755859375,1128.9000244140625,6604643,
2025-11-04,1197.5999755859375,1204.0999755859375,1165.0,1181.0,723142,
2025-11-06,1133.199951171875,1208.4000244140625,1126.4000244140625,1200.0,915570,
2025-11-07,1132.699951171875,1146.699951171875,1117.9000244140625,1125.800048828125,445678,
2025-11-10,1099.0999755859375,1139.0,1092.0999755859375,1125.0,517997,
2025-11-11,1098.9000244140625,1123.9000244140625,1095.0,1123.800048828125,437416,
2025-11-12,1148.0,1168.0,1090.0999755859375,1098.9000244140625,1145529,
2025-11-13,1120.4000244140625,1153.199951171875,1106.5999755859375,1148.0,392976,
2025-11-14,1089.699951171875,1108.300048828125,1083.300048828125,1108.199951171875,232872,
2025-11-17,1096.199951171875,1101.800048828125,1084.800048828125,1094.4000244140625,265652,
2025-11-18,1088.300048828125,1112.800048828125,1072.4000244140625,1097.300048828125,460925,
2025-11-19,1142.800048828125,1172.4000244140625,1100.0,1112.800048828125,4203457,
2025-11-20,1097.5,1154.0,1085.0,1154.0,917775,
2025-11-21,1091.300048828125,1098.699951171875,1070.199951171875,1086.0,314523,
2025-11-24,1096.300048828125,1110.800048828125,1077.4000244140625,1094.4000244140625,394374,
2025-11-25,1088.800048828125,1104.9000244140625,1080.0,1104.9000244140625,169763,
2025-11-26,1098.800048828125,1109.4000244140625,1086.800048828125,1089.800048828125,292215,
2025-11-27,1096.4000244140625,1119.0,1090.0,1111.0,264557,
2025-11-28,1112.5,1118.0,1090.800048828125,1100.0,284775,
2025-12-01,1107.800048828125,1146.5,1101.0,1120.0,348067,
2025-12-02,1096.4000244140625,1114.5999755859375,1084.0,1109.4000244140625,228876,
2025-12-03,1097.4000244140625,1125.800048828125,1087.0,1103.0,311508,
2025-12-04,1089.699951171875,1115.800048828125,1082.5,1098.5,240674,
2025-12-05,1056.0999755859375,1091.9000244140625,1049.0,1090.9000244140625,260464,
2025-12-08,1022.5999755859376,1059.300048828125,1017.2000122070312,1056.0,297047,
2025-12-09,1039.300048828125,1044.0,1003.5,1022.5999755859376,240736,
2025-12-10,1018.7000122070312,1048.800048828125,1015.5,1041.9000244140625,119552,
2025-12-11,1038.0999755859375,1043.5999755859375,1011.2000122070312,1022.0,127835,
2025-12-12,1030.0,1039.0,1023.0,1038.699951171875,93447,
2025-12-15,1030.4000244140625,1035.0,1019.0,1031.0,150115,
2025-12-16,1021.5999755859376,1059.0,1010.5,1040.0,464472,
2025-12-17,1022.7999877929688,1029.5,1015.7999877929688,1028.0999755859375,102543,
2025-12-18,1024.300048828125,1032.0,1008.4000244140624,1025.0,91212,
2025-12-19,1053.5999755859375,1064.300048828125,1027.0,1035.0,295225,
2025-12-22,1027.699951171875,1069.0,1025.0,1065.0,325654,
2025-12-23,1021.0,1030.0,1017.0,1027.0,92674,
2025-12-24,1010.2000122070312,1024.9000244140625,1008.2999877929688,1021.0,90365,
2025-12-26,991.4000244140624,1018.0,989.0999755859376,1011.9000244140624,110804,
2025-12-29,997.5,1011.7000122070312,986.4000244140624,999.9000244140624,155153,
2025-12-30,945.2999877929688,999.5,938.7999877929688,997.5,749815,
2025-12-31,971.0,980.7000122070312,949.5999755859376,950.0,259598,
2026-01-01,947.75,980.75,942.2000122070312,977.4000244140624,141317,
2026-01-02,961.25,968.0,943.9000244140624,944.0,185822,
2026-01-05,967.7999877929688,974.0,949.4500122070312,964.1500244140624,200888,
2026-01-06,946.5,971.4500122070312,945.0,967.7999877929688,109584,
2026-01-07,991.4000244140624,998.6500244140624,946.0,946.0,465740,
2026-01-08,943.0999755859376,996.25,938.5,991.4000244140624,273846,
2026-01-09,919.5,972.4000244140624,915.5499877929688,947.7000122070312,384707,
2026-01-12,913.6500244140624,925.5,881.6500244140625,925.5,346561,
2026-01-13,931.0,947.0,916.0,916.0,208188,
2026-01-14,915.0499877929688,937.25,911.2999877929688,931.0,113240,
2026-01-15,915.0499877929688,915.0499877929688,915.0499877929688,915.0499877929688,0,
2026-01-16,921.5999755859376,940.5,914.0,920.0,209729,
2026-01-19,900.7000122070312,918.3499755859376,898.0,912.5,121081,
2026-01-20,905.5499877929688,911.0,883.0499877929688,905.0,385058,
2026-01-21,894.75,905.25,879.5499877929688,895.0,246162,
2026-01-22,923.5499877929688,928.0,899.0499877929688,908.0999755859376,171485,
2026-01-23,891.0499877929688,926.75,890.0,926.7000122070312,208090,
2026-01-27,895.7999877929688,900.0,871.0,891.0,208961,
2026-01-28,910.0999755859376,914.0,897.5999755859375,900.0,120072,
2026-01-29,902.9500122070312,913.4500122070312,885.9000244140625,910.0,181276,
2026-01-30,913.7000122070312,932.0999755859376,900.0999755859375,902.9500122070312,272591,
2026-02-02,828.0999755859375,870.0,808.0,869.0999755859375,1184840,
2026-02-03,816.4500122070312,877.9000244140625,795.7000122070312,860.0,1471414,
2026-02-04,798.7000122070312,813.0499877929688,791.7000122070312,813.0499877929688,514768,
2026-02-05,774.0999755859375,796.0,763.7000122070312,795.5,426249,
2026-02-06,760.4000244140625,774.0499877929688,754.7999877929688,774.0,376991,
2026-02-09,771.7000122070312,779.5,760.0499877929688,770.0,331295,
2026-02-10,760.5499877929688,787.9500122070312,758.5,771.7000122070312,334583,
2026-02-11,746.5,773.0,740.2999877929688,763.0,429428,
2026-02-12,711.2000122070312,746.0,698.25,746.0,1117943,
2026-02-13,678.9000244140625,700.0,672.0,695.75,667444,
2026-02-16,684.2999877929688,692.5999755859375,664.0,678.7000122070312,342645,
2026-02-17,702.5,721.8499755859375,681.0,688.9000244140625,768344,
2026-02-18,697.4500122070312,704.7000122070312,679.1500244140625,704.7000122070312,427085,
2026-02-19,700.9000244140625,741.2999877929688,698.5,712.5499877929688,2118965,
2026-02-20,704.2000122070312,711.5499877929688,686.4000244140625,699.0,543797,
2026-02-23,701.4000244140625,714.4500122070312,696.7999877929688,710.25,442185,
2026-02-24,697.0,708.0,683.0,701.4500122070312,300914,
2026-02-25,688.0,705.7000122070312,686.2999877929688,701.0,417184,
2026-02-26,700.7000122070312,705.5999755859375,685.1500244140625,689.5999755859375,240060,
2026-02-27,697.5999755859375,705.2999877929688,688.5,702.9500122070312,341970,
2026-03-02,683.5,690.3499755859375,658.0,661.5,353822,
2026-03-04,669.9500122070312,678.9500122070312,664.4500122070312,668.9000244140625,307920,
2026-03-05,658.3499755859375,676.3499755859375,652.25,676.3499755859375,448391,
2026-03-06,681.0,692.25,658.0499877929688,658.3499755859375,521440,
2026-03-09,674.0,680.0499877929688,657.0,674.0999755859375,356708,
2026-03-10,676.4000244140625,686.0,674.0,684.0999755859375,236261,
2026-03-11,662.25,686.0,660.0,680.0,303237,
2026-03-12,667.0999755859375,675.4500122070312,650.2999877929688,660.0,320822,
2026-03-13,660.75,669.2999877929688,656.5999755859375,666.0,290635,
2026-03-16,645.2000122070312,666.75,642.0,666.75,290738,
2026-03-17,642.6500244140625,659.7999877929688,640.4000244140625,654.2000122070312,499216,
2026-03-18,676.8499755859375,699.0,646.0,646.0,2781252,
2026-03-19,661.0,681.0,657.5,665.0499877929688,295912,
2026-03-20,650.5499877929688,678.4000244140625,648.1500244140625,665.9500122070312,465296,
2026-03-23,636.7999877929688,654.25,634.4000244140625,648.0,346023,
2026-03-24,643.0499877929688,654.0,631.5,652.0,306387,
2026-03-25,657.0999755859375,663.8499755859375,645.4000244140625,651.0,315676,
2026-03-27,629.9500122070312,660.0,626.0,649.9500122070312,346929,
2026-03-30,598.5499877929688,629.9500122070312,595.2000122070312,626.0,534089,
2026-04-01,635.9000244140625,644.7000122070312,607.9500122070312,607.9500122070312,325238,
2026-04-02,657.9000244140625,663.4000244140625,616.2000122070312,625.0,266739,
2026-04-06,652.2999877929688,659.2000122070312,642.5499877929688,656.9500122070312,212140,
2026-04-07,667.3499755859375,674.9000244140625,651.7999877929688,654.9000244140625,293150,
2026-04-08,685.2999877929688,692.0,674.0,690.0,358189,
2026-04-09,671.7000122070312,690.0999755859375,666.3499755859375,687.2000122070312,266618,
2026-04-10,679.5,690.5499877929688,670.0,675.0499877929688,204961,
2026-04-13,652.0499877929688,659.6500244140625,639.0499877929688,650.0,752920,
2026-04-15,689.9000244140625,692.0,661.0,661.0499877929688,706452,
2026-04-16,698.9500122070312,732.0,692.0999755859375,700.0,912657,
2026-04-17,694.5499877929688,703.7000122070312,692.2000122070312,703.7000122070312,325792,
2026-04-20,679.7999877929688,701.3499755859375,674.8499755859375,701.3499755859375,366893,
2026-04-21,677.5,689.7000122070312,673.0,680.3499755859375,493525,
2026-04-22,695.7000122070312,698.0,660.25,675.0,535452,
2026-04-23,701.1500244140625,715.5,690.0,698.0,848229,
2026-04-24,688.7000122070312,704.9000244140625,681.6500244140625,704.9000244140625,434921,
2026-04-27,708.6500244140625,715.0,685.5,685.5,483122,
2026-04-28,753.9500122070312,770.9000244140625,706.5499877929688,709.0499877929688,2774772,
2026-04-29,739.75,766.9500122070312,736.0,761.0,553484,
2026-04-30,745.3499755859375,751.1500244140625,728.25,735.0,397984,
2026-05-01,745.3499755859375,745.3499755859375,745.3499755859375,745.3499755859375,0,
2026-05-04,737.3499755859375,752.0499877929688,728.5999755859375,751.5,417088,
2026-05-05,754.0,761.7000122070312,732.0,738.8499755859375,921258,
2026-05-06,784.4000244140625,789.2999877929688,762.0,762.2000122070312,1504960,
2026-05-07,782.1500244140625,804.0,776.5,795.0,1082509,
2026-05-08,806.7999877929688,834.4000244140625,775.1500244140625,792.0999755859375,4767464,
2026-05-11,760.3499755859375,805.0,755.0,805.0,984199,
2026-05-12,723.5499877929688,765.0,720.0,760.4000244140625,730496,
2026-05-13,721.0,740.5999755859375,716.0999755859375,737.7999877929688,376020,
2026-05-14,693.5999755859375,729.0,680.0,729.0,822815,
2026-05-15,686.5999755859375,705.75,683.0,690.5999755859375,352046,
2026-05-18,691.1500244140625,697.4500122070312,667.0,685.0,482957,
2026-05-19,697.0999755859375,723.2999877929688,693.0,696.0,819507,
2026-05-20,689.9500122070312,714.5999755859375,688.0,697.0999755859375,281092,
2026-05-21,696.4000244140625,705.2000122070312,690.2000122070312,692.7000122070312,253098,
2026-05-22,697.9500122070312,702.5,685.0999755859375,696.8499755859375,247007,
2026-05-25,713.2999877929688,726.3499755859375,700.0,701.7000122070312,350927,
2026-05-26,710.5499877929688,724.2000122070312,706.7000122070312,710.0,202572,
2026-05-27,710.0999755859375,718.0499877929688,701.4000244140625,710.0,239388,
2026-05-28,710.0999755859375,710.0999755859375,710.0999755859375,710.0999755859375,0,
2026-05-29,716.8499755859375,746.5999755859375,707.4000244140625,717.7000122070312,904651,
2026-06-01,730.0499877929688,753.0,719.6500244140625,719.6500244140625,871303,
2026-06-02,748.25,760.2000122070312,731.6500244140625,735.7000122070312,1179056,
2026-06-03,744.9500122070312,748.0,720.2000122070312,746.9500122070312,423506,
2026-06-04,732.9000244140625,743.2999877929688,728.25,743.0,326352,
2026-06-05,745.9500122070312,753.2000122070312,732.75,734.5,468120,
2026-06-08,722.0,748.0999755859375,716.4000244140625,740.0,326763,
2026-06-09,751.9000244140625,756.0,722.0,727.9000244140625,503191,
2026-06-10,746.4500122070312,790.9500122070312,743.3499755859375,756.2000122070312,1252071,
2026-06-11,729.7000122070312,749.7000122070312,726.1500244140625,741.0,289067,
2026-06-12,743.0499877929688,747.7000122070312,736.2000122070312,740.0,176128,
2026-06-15,758.5499877929688,766.0,745.8499755859375,755.0,317336,
2026-06-16,759.5999755859375,779.0,755.0999755859375,760.9000244140625,559248,
2026-06-17,764.9000244140625,773.5,757.25,759.9500122070312,275230,
2026-06-18,757.2999877929688,766.1500244140625,749.9500122070312,766.0999755859375,263831,
2026-06-19,746.7000122070312,754.4000244140625,730.1500244140625,749.7000122070312,624525,
2026-06-22,752.2000122070312,763.9500122070312,746.0,746.0,231079,
2026-06-23,747.5499877929688,756.5,735.0999755859375,756.5,217988,
2026-06-24,755.3499755859375,759.6500244140625,746.2999877929688,750.0,237573,
2026-06-25,747.0499877929688,767.4000244140625,743.2999877929688,758.2000122070312,179077,
2026-06-26,747.0499877929688,747.0499877929688,747.0499877929688,747.0499877929688,0,
2026-06-29,727.0999755859375,759.5999755859375,721.25,747.0499877929688,612452,
2026-06-30,717.25,734.0,707.0999755859375,734.0,224713,
2026-07-01,726.0,746.75,720.2999877929688,724.9000244140625,376552,
2026-07-02,755.4000244140625,759.7000122070312,728.7000122070312,728.75,554201,
2026-07-03,787.0,798.25,762.0999755859375,762.0999755859375,1475847,
2026-07-06,769.3499755859375,792.75,766.2999877929688,791.0,211344,
2026-07-07,779.9500122070312,794.0,753.0499877929688,765.0,592604,
2026-07-08,749.7999877929688,778.5999755859375,737.5499877929688,776.0,465107,
2026-07-09,743.25,760.8499755859375,740.5,750.2999877929688,469378,
2026-07-10,758.75,770.0,749.2000122070312,760.0,500050,
2026-07-13,778.2999877929688,796.3499755859375,754.4500122070312,758.7000122070312,1094736,778.2999877929688
2026-07-14,757.7999877929688,781.9500122070312,751.9500122070312,777.0,565957,757.7999877929688
2026-07-15,755.4000244140625,766.9000244140625,750.0,763.25,281101,755.4000244140625
2026-07-16,760.0,778.0,757.0,759.0,342794,760.0
2026-07-17,760.0,771.5499877929688,749.2999877929688,765.4500122070312,306011,760.0
2026-07-20,751.4500122070312,766.4500122070312,744.5499877929688,762.0,286367,751.4500122070312
2026-07-21,759.3499755859375,783.9000244140625,753.3499755859375,755.2000122070312,577239,759.3499755859375
2026-07-23,737.9000244140625,745.5,728.4000244140625,739.7000122070312,198490,737.9000244140625
2026-07-24,732.2000122070312,735.2000122070312,710.0,726.7000122070312,312739,732.2000122070312
2026-07-27,717.7000122070312,748.2999877929688,713.25,735.3499755859375,545930,717.7000122070312
2026-07-28,727.4500122070312,755.2000122070312,721.9500122070312,721.9500122070312,965161,727.4500122070312
2026-07-29,720.0,735.3499755859375,716.0499877929688,728.0,654980,720.0
2026-07-30,705.5,725.9500122070312,702.0,723.9500122070312,574449,705.5
2026-07-31,719.9000244140625,724.0499877929688,685.0999755859375,705.5,2151841,719.9000244140625
2026-08-03,748.8499755859375,764.4000244140625,722.1500244140625,727.7000122070312,1625516,748.8499755859375
2026-08-04,748.7000122070312,760.3499755859375,741.2999877929688,759.0,381735,748.7000122070312
2026-08-05,746.2000122070312,760.0,742.0,760.0,270664,746.2000122070312
2026-08-06,721.6500244140625,759.7999877929688,718.0499877929688,745.0,554196,721.6500244140625
2026-08-07,721.3499755859375,729.0,715.0,721.9500122070312,265077,721.3499755859375
2026-08-10,727.8499755859375,729.7999877929688,716.0,721.9000244140625,208179,727.8499755859375
2026-08-11,723.6500244140625,736.7999877929688,721.2999877929688,727.8499755859375,180178,723.6500244140625
2026-08-12,703.25,724.8499755859375,697.5,723.7999877929688,417539,703.25
2026-08-13,701.0499877929688,708.3499755859375,695.7000122070312,703.9500122070312,249362,701.0499877929688
2026-08-14,,703.7000122070312,695.0999755859375,701.0499877929688,165377,
