Date,Close,High,Low,Open,Volume,Adj Close
2015-03-30,17.912248611450195,18.807860662412672,17.912248611450195,18.807860662412672,3577,
2015-03-31,17.016637802124023,17.016637802124023,17.016637802124023,17.016637802124023,25,
2015-04-01,16.1707820892334,16.1707820892334,16.1707820892334,16.1707820892334,200,
2015-04-06,16.1707820892334,16.1707820892334,16.1707820892334,16.1707820892334,0,
2015-04-07,15.374679565429688,15.374679565429688,15.374679565429688,15.374679565429688,1,
2015-04-08,14.628336906433104,14.628336906433104,14.628336906433104,14.628336906433104,6701,
2015-04-09,13.93174934387207,13.93174934387207,13.93174934387207,13.93174934387207,3061,
2015-04-10,13.235162734985352,13.235162734985352,13.235162734985352,13.235162734985352,951,
2015-04-13,12.588329315185549,12.588329315185549,12.588329315185549,12.588329315185549,5250,
2015-04-15,11.991255760192873,11.991255760192873,11.991255760192873,11.991255760192873,2251,
2015-04-16,9.951249122619627,13.93174877166748,9.602955023717913,9.602955023717913,17530,
2015-04-17,10.399055480957031,11.941499334846377,8.359049154782422,8.359049154782422,32830,
2015-04-20,8.657586097717285,10.249786254342888,8.359048449721858,10.249786254342888,31698,
2015-04-21,8.309293746948242,8.657586911493459,7.8117307953495665,8.657586911493459,6529,
2015-04-22,7.960999488830566,8.906367988324178,7.513193457388866,8.309293596076941,16915,
2015-04-23,7.413680553436279,7.9609994558295805,7.26441219324951,7.761974659238858,10889,
2015-04-24,7.065386772155762,7.413680396051902,6.717093148259622,7.413680396051902,14135,
2015-04-27,6.368799686431885,7.015630989849097,6.368799686431885,7.015630989849097,6865,
2015-04-28,6.319043159484863,6.667336787265123,6.070261928997171,6.070261928997171,11232,
2015-04-29,6.567824363708496,6.617580799412079,6.319043134215655,6.51806840251745,16035,
2015-04-30,6.866361618041992,6.866361618041992,6.368799188828985,6.368799188828985,11783,
2015-05-04,6.766849517822266,7.164899098683844,6.667336648094341,6.667336648094341,2964,
2015-05-05,7.015630722045898,7.065386682247891,6.567824233152793,6.567824233152793,1308,
2015-05-06,6.667336463928223,7.264411767753153,6.667336463928223,6.766849330907389,4722,
2015-05-07,6.368799686431885,6.816605717906275,6.368799686431885,6.816605717906275,4132,
2015-05-08,6.120018005371094,6.468311612690381,6.070261572391548,6.120018005371094,6595,
2015-05-11,5.920992374420166,6.418554774775222,5.821479989251651,6.368798819447205,9119,
2015-05-12,5.920992374420166,5.970748804260665,5.672211174242639,5.771724033923635,12207,
2015-05-13,5.67221212387085,6.169774607526628,5.67221212387085,6.120018643868587,8842,
2015-05-14,5.423430442810059,5.721968098630576,5.423430442810059,5.672211664489649,4435,
2015-05-15,5.174649238586426,5.224405672895199,5.174649238586426,5.224405672895199,5938,
2015-05-18,4.925868034362793,4.925868034362793,4.925868034362793,4.925868034362793,10001,
2015-05-19,4.925868034362793,5.0751368633309895,4.726843245413549,4.826355639888171,853,
2015-05-20,4.726843357086182,4.876112189580884,4.726843357086182,4.876112189580884,24833,
2015-05-21,4.52781867980957,4.925868277342787,4.52781867980957,4.577574642244947,2461,
2015-05-22,4.328793048858643,4.527818305693098,4.328793048858643,4.328793048858643,12628,
2015-05-25,4.1297688484191895,4.1297688484191895,4.1297688484191895,4.1297688484191895,3981,
2015-05-26,4.1297688484191895,4.179524813754012,3.930743800798453,4.1297688484191895,1860,
2015-05-27,3.980499744415283,4.129768579733366,3.930743545061347,4.129768579733366,3014,
2015-05-28,3.9307432174682617,3.9804994126754543,3.781474394590431,3.781474394590431,205,
2015-05-29,3.7814745903015137,3.980499618687123,3.7814745903015137,3.980499618687123,1478,
2015-06-01,3.9307432174682617,3.9307432174682617,3.6322058089688536,3.880987022261069,10421,
2015-06-02,3.9307432174682617,4.080011803089839,3.9307432174682617,3.9307432174682617,285,
2015-06-03,3.7814745903015137,3.930743420904787,3.7814745903015137,3.930743420904787,2050,
2015-06-04,3.6322062015533447,3.7317186027234586,3.6322062015533447,3.6819624021384016,2650,
2015-06-05,3.7814745903015137,3.7814745903015137,3.5824495619159045,3.7814745903015137,1609,
2015-06-08,3.6322062015533447,3.9307436423199658,3.6322062015533447,3.7317186027234586,1401,
2015-06-09,3.6322062015533447,3.6322062015533447,3.6322062015533447,3.6322062015533447,0,
2015-06-10,3.7814745903015137,3.7814745903015137,3.731718392519178,3.731718392519178,960,
2015-06-11,3.8809871673583984,3.8809871673583984,3.681962141832485,3.681962141832485,1415,
2015-06-12,3.7317185401916495,3.7317185401916495,3.7317185401916495,3.7317185401916495,103,
2015-06-15,3.8809871673583984,3.8809871673583984,3.5824495104413967,3.5824495104413967,438,
2015-06-16,3.7317185401916495,3.8809873767018255,3.7317185401916495,3.7317185401916495,839,
2015-06-17,3.582449436187744,3.7814744575884536,3.582449436187744,3.582449436187744,6820,
2015-06-18,3.433180809020996,3.731718219097549,3.433180809020996,3.482937004491045,1077,
2015-06-19,3.283912181854248,3.5824496097944034,3.283912181854248,3.383424816005146,15919,
2015-06-22,3.433180809020996,3.433180809020996,3.134643398944443,3.1843995944144927,1489,
2015-06-23,3.283912181854248,3.532693411347089,3.283912181854248,3.283912181854248,4323,
2015-06-24,3.134644031524658,3.3834252963359392,3.134644031524658,3.3834252963359392,7802,
2015-06-25,3.2341558933258057,3.2839120903872576,2.985374670762282,3.2341558933258057,25198,
2015-06-26,3.0848872661590576,3.2839123046465435,3.0848872661590576,3.0848872661590576,6544,
2015-06-29,2.9356186389923096,2.9356186389923096,2.9356186389923096,2.9356186389923096,3940,
2015-06-30,2.836106061935425,2.9853749019346707,2.836106061935425,2.9853749019346707,9307,
2015-07-01,2.73659348487854,2.9356185130482326,2.73659348487854,2.9356185130482326,5477,
2015-07-02,2.637080907821656,2.8361056850294224,2.637080907821656,2.8361056850294224,7062,
2015-07-03,2.5375685691833496,2.7365936061745737,2.5375685691833496,2.6370812063071,33368,
2015-07-06,2.438055992126465,2.637081014653244,2.438055992126465,2.637081014653244,7868,
2015-07-07,2.5375685691833496,2.5375685691833496,2.338543532192125,2.338543532192125,68856,
2015-07-08,2.637080907821656,2.637080907821656,2.5375682819615224,2.637080907821656,56548,
2015-07-09,2.73659348487854,2.73659348487854,2.5873246544372046,2.73659348487854,67465,
2015-07-10,2.836106061935425,2.836106061935425,2.836106061935425,2.836106061935425,16670,
2015-07-13,2.9356186389923096,2.9356186389923096,2.9356186389923096,2.9356186389923096,1372,
2015-07-14,3.0351312160491943,3.0351312160491943,3.0351312160491943,3.0351312160491943,1,
2015-07-15,3.1843998432159424,3.1843998432159424,3.1843998432159424,3.1843998432159424,1669,
2015-07-16,3.333668231964112,3.333668231964112,3.333668231964112,3.333668231964112,3960,
2015-07-17,3.4829373359680176,3.4829373359680176,3.184399897479157,3.4829373359680176,21182,
2015-07-20,3.6322062015533447,3.6322062015533447,3.6322062015533447,3.6322062015533447,11902,
2015-07-21,3.7814745903015137,3.7814745903015137,3.7814745903015137,3.7814745903015137,7563,
2015-07-22,3.9307432174682617,3.9307432174682617,3.9307432174682617,3.9307432174682617,7847,
2015-07-23,4.08001184463501,4.08001184463501,3.980499453207329,3.980499453207329,1713,
2015-07-24,4.1297688484191895,4.279037693448814,4.1297688484191895,4.279037693448814,7482,
2015-07-27,3.9307432174682617,3.9307432174682617,3.9307432174682617,3.9307432174682617,6562,
2015-07-28,3.7814745903015137,4.080012014251794,3.7814745903015137,3.7814745903015137,5684,
2015-07-29,3.9307432174682617,3.9307432174682617,3.6819620041760457,3.6819620041760457,2590,
2015-07-30,3.831230878829956,4.080012110890506,3.831230878829956,4.080012110890506,3386,
2015-07-31,3.980499744415283,3.980499744415283,3.980499744415283,3.980499744415283,950,
2015-08-03,3.980499744415283,3.980499744415283,3.980499744415283,3.980499744415283,691,
2015-08-04,3.831230878829956,4.179524508812217,3.781474679869101,3.781474679869101,1600,
2015-08-05,3.7317185401916495,3.980499776204427,3.68196234044035,3.68196234044035,5343,
2015-08-06,3.681962251663208,3.781474648766429,3.582449617303718,3.781474648766429,2871,
2015-08-07,3.532693386077881,3.6819622176083793,3.532693386077881,3.6819622176083793,2660,
2015-08-10,3.383424758911133,3.681962181813582,3.383424758911133,3.383424758911133,991,
2015-08-11,3.2341558933258057,3.5326933129507814,3.2341558933258057,3.5326933129507814,3085,
2015-08-12,3.2341558933258057,3.2341558933258057,3.2341558933258057,3.2341558933258057,6,
2015-08-13,3.134644031524658,3.134644031524658,3.134644031524658,3.134644031524658,136,
2015-08-14,3.134644031524658,3.184400237035654,3.134644031524658,3.184400237035654,540,
2015-08-17,2.985374927520752,2.985374927520752,2.985374927520752,2.985374927520752,1500,
2015-08-18,3.134644031524658,3.134644031524658,2.83610632394608,2.83610632394608,4290,
2015-08-19,3.283912181854248,3.283912181854248,2.985374753914092,3.0351309523614067,5966,
2015-08-20,3.134644031524658,3.433181501846935,3.134644031524658,3.3834252963359392,29501,
2015-08-21,3.283912181854248,3.283912181854248,3.084887150808721,3.134643586512305,47712,
2015-08-24,3.383424758911133,3.383424758911133,3.383424758911133,3.383424758911133,10000,
2015-08-25,3.383424758911133,3.383424758911133,3.383424758911133,3.383424758911133,0,
2015-08-26,3.532693386077881,3.532693386077881,3.234155960273151,3.532693386077881,12000,
2015-08-27,3.681962251663208,3.681962251663208,3.3834248230972763,3.3834248230972763,3000,
2015-08-28,3.532693386077881,3.6819622176083793,3.532693386077881,3.632206019516969,7000,
2015-08-31,3.4829373359680176,3.5824497363788783,3.4829373359680176,3.5824497363788783,1500,
2015-09-01,3.6322062015533447,3.6322062015533447,3.6322062015533447,3.6322062015533447,4914,
2015-09-02,3.4829373359680176,3.781474774456878,3.4829373359680176,3.6322061738405855,6301,
2015-09-03,3.383424758911133,3.582449549341922,3.383424758911133,3.582449549341922,20096,
2015-09-04,3.2341558933258057,3.3834247217664246,3.2341558933258057,3.3834247217664246,387,
2015-09-07,3.2341558933258057,3.2341558933258057,3.2341558933258057,3.2341558933258057,0,
2015-09-08,3.0848872661590576,3.3834249425184253,3.0848872661590576,3.3834249425184253,1899,
2015-09-09,2.985374927520752,2.985374927520752,2.935618726179996,2.935618726179996,10550,
2015-09-10,2.836106061935425,2.836106061935425,2.836106061935425,2.836106061935425,100,
2015-09-11,2.885862350463867,2.9356185487981543,2.786349716539025,2.786349716539025,32057,
2015-09-14,2.9356186389923096,2.9853748388553094,2.836106002010034,2.836106002010034,1690,
2015-09-15,3.0351312160491943,3.0351312160491943,2.8361061677126607,2.8858626077390115,9776,
2015-09-16,3.1843998432159424,3.1843998432159424,2.9853748085293947,2.9853748085293947,600,
2015-09-18,3.134644031524658,3.2341564425466496,3.0351313832463647,3.08488758875736,4315,
2015-09-21,3.1843998432159424,3.28391224193108,2.9853748085293947,2.9853748085293947,18721,
2015-09-22,3.0351312160491943,3.3336686699258498,3.0351312160491943,3.0351312160491943,2788,
2015-09-23,3.1843998432159424,3.1843998432159424,2.8858624098142576,2.8858624098142576,538,
2015-09-24,3.0351312160491943,3.0351312160491943,3.0351312160491943,3.0351312160491943,40,
2015-09-28,3.1843998432159424,3.1843998432159424,2.935618609171826,2.935618609171826,1211,
2015-09-29,3.283912181854248,3.3336683803015625,3.184399784959619,3.184399784959619,396,
2015-09-30,3.383424758911133,3.383424758911133,3.134643533616381,3.134643533616381,1499,
2015-10-01,3.2341558933258057,3.2341558933258057,3.2341558933258057,3.2341558933258057,70,
2015-10-05,3.0848872661590576,3.532693543441831,2.935618665235652,2.935618665235652,20100,
2015-10-06,3.0351312160491943,3.3834251099522,2.7863499649426,2.7863499649426,2162,
2015-10-07,3.1843998432159424,3.333668441288648,2.7365935744852785,2.8858624098142576,2936,
2015-10-08,2.9356186389923096,3.184399875563585,2.8858624391293093,2.8858624391293093,522,
2015-10-09,2.985374927520752,3.1843999701400585,2.786349884901445,2.786349884901445,38381,
2015-10-12,3.283912181854248,3.283912181854248,2.8361059213158804,2.8361059213158804,1540,
2015-10-13,3.134644031524658,3.184400237035654,2.985375177735369,2.985375177735369,4032,
2015-10-14,3.333668231964112,3.3834246654536946,3.035130817307905,3.333668231964112,852,
2015-10-15,3.1843998432159424,3.1843998432159424,3.134643643858374,3.134643643858374,2116,
2015-10-16,3.4829373359680176,3.4829373359680176,2.885862458990297,2.885862458990297,1756,
2015-10-19,3.283912181854248,3.731718442392616,3.184399784959619,3.4829372128997744,3025,
2015-10-20,3.0848872661590576,3.582449743749633,3.0848872661590576,3.234156104338741,2932,
2015-10-21,2.985374927520752,3.3336685741623264,2.985374927520752,2.985374927520752,1397,
2015-10-23,3.0848872661590576,3.2839123046465435,2.736593626748166,2.736593626748166,1390,
2015-10-26,3.333668231964112,3.333668231964112,2.836105795118348,2.885862228607931,3416,
2015-10-27,3.0351312160491943,3.3336686699258498,3.0351312160491943,3.0351312160491943,5791,
2015-10-28,3.283912181854248,3.3336683803015625,2.736593524421252,2.985374753914092,12171,
2015-10-29,3.134644031524658,3.2341564425466496,2.985375177735369,2.985375177735369,144,
2015-10-30,3.0848872661590576,3.433181142826227,2.985374865543453,2.985374865543453,1446,
2015-11-02,3.1843998432159424,3.333668441288648,2.9853748085293947,2.9853748085293947,1805,
2015-11-03,3.2341558933258057,3.482937115889329,2.985374670762282,2.985374670762282,2015,
2015-11-04,3.0848872661590576,3.3834249425184253,2.985374865543453,2.985374865543453,341,
2015-11-05,3.283912181854248,3.283912181854248,2.985374753914092,2.985374753914092,1136,
2015-11-06,3.9307432174682617,3.9307432174682617,3.283911968005999,3.283911968005999,15547,
2015-11-09,3.532693386077881,4.08001203959593,3.184399762181741,3.184399762181741,7382,
2015-11-10,3.433180809020996,3.831230610037649,3.2341557898845426,3.2341557898845426,319,
2015-11-13,3.383424758911133,3.681962181813582,3.184399731224078,3.681962181813582,3982,
2015-11-16,3.582449436187744,3.9307432829530495,3.0848870013140988,3.0848870013140988,3684,
2015-11-17,3.532693386077881,3.9307434453216974,3.234155960273151,3.2839121583645614,6307,
2015-11-18,4.229280948638916,4.229280948638916,3.3336684175540485,4.080012114372681,14369,
2015-11-19,4.627330780029297,4.627330780029297,4.627330780029297,4.627330780029297,3907,
2015-11-20,5.075137138366699,5.075137138366699,5.075137138366699,5.075137138366699,1473,
2015-11-23,5.572699069976807,5.572699069976807,5.572699069976807,5.572699069976807,2123,
2015-11-24,5.82148027420044,5.82148027420044,5.82148027420044,5.82148027420044,2649,
2015-11-26,6.070262432098389,6.070262432098389,6.070262432098389,6.070262432098389,220,
2015-11-27,6.368799686431885,6.368799686431885,6.368799686431885,6.368799686431885,1302,
2015-11-30,6.667336463928223,6.667336463928223,6.667336463928223,6.667336463928223,5693,
2015-12-01,6.965874671936035,6.965874671936035,6.965874671936035,6.965874671936035,12381,
2015-12-02,6.667336463928223,7.314167726730218,6.617580504951157,7.314167726730218,10807,
2015-12-03,6.965874671936035,6.965874671936035,6.6673369961908975,6.916118234474327,22247,
2015-12-04,7.314168453216553,7.314168453216553,6.965874807732443,6.965874807732443,18522,
2015-12-07,7.662461757659912,7.662461757659912,6.96587449769539,7.662461757659912,6450,
2015-12-08,8.010754585266113,8.010754585266113,7.314166961822883,8.010754585266113,17910,
2015-12-09,7.911243438720703,8.408805931080812,7.612706228012179,8.110268245859718,11153,
2015-12-10,7.911243438720703,7.911243438720703,7.662462192540649,7.662462192540649,6157,
2015-12-11,7.960999488830566,7.960999488830566,7.562949419486529,7.612705856096738,8002,
2015-12-14,7.562949180603027,8.259536898580793,7.562949180603027,7.562949180603027,2205,
2015-12-15,7.562949180603027,7.562949180603027,7.562949180603027,7.562949180603027,0,
2015-12-16,7.861486434936523,7.861486434936523,7.662461179595247,7.662461179595247,1000,
2015-12-17,7.811730861663818,7.811730861663818,7.811730861663818,7.811730861663818,100,
2015-12-18,7.463437080383301,7.463437080383301,7.463437080383301,7.463437080383301,3106,
2015-12-21,7.115143299102783,7.115143299102783,7.115143299102783,7.115143299102783,2550,
2015-12-22,6.816605567932129,7.115143232021873,6.766849606925529,6.766849606925529,8894,
2015-12-23,6.816605567932129,7.115143232021873,6.518068378354922,6.518068378354922,3746,
2015-12-24,6.717093467712402,6.766849905426406,6.717093467712402,6.766849905426406,968,
2015-12-28,6.866361618041992,6.916117576255787,6.567823970709184,6.567823970709184,1488,
2015-12-29,6.866361618041992,6.866361618041992,6.567823970709184,6.617580403435489,175,
2015-12-30,6.816605567932129,7.164899193028472,6.766849606925529,7.164899193028472,1482,
2015-12-31,7.065386772155762,7.065386772155762,6.567824316729123,6.567824316729123,350,
2016-01-01,6.816605567932129,7.065386796502736,6.567824339361522,6.567824339361522,8711,
2016-01-04,6.567824363708496,6.965874425799549,6.468311966813867,6.816605593201337,24550,
2016-01-05,6.418555736541748,6.4683121738378295,6.219530936382529,6.319043336462139,31956,
2016-01-06,6.418555736541748,6.816605811372741,5.871237298847618,5.871237298847618,62182,
2016-01-07,6.269288063049316,6.667337707137282,6.020506798238036,6.020506798238036,28850,
2016-01-08,6.816605567932129,6.866362003451265,6.518068378354922,6.816605567932129,50305,
2016-01-11,7.463437080383301,7.463437080383301,6.965874608357748,7.2644122813781,19171,
2016-01-12,8.2097806930542,8.2097806930542,7.463436993685636,7.562949392032269,13086,
2016-01-13,8.607830047607422,8.607830047607422,8.55807456158344,8.607830047607422,59032,
2016-01-14,9.005881309509277,9.005881309509277,9.005881309509277,9.005881309509277,3837,
2016-01-15,9.453686714172363,9.453686714172363,9.453686714172363,9.453686714172363,4001,
2016-01-18,9.005881309509277,9.901493416941634,9.005881309509277,9.901493416941634,14592,
2016-01-19,8.558073997497559,8.558073997497559,8.558073997497559,8.558073997497559,4451,
2016-01-20,8.16002368927002,8.16002368927002,8.16002368927002,8.16002368927002,68,
2016-01-21,7.761974334716797,7.761974334716797,7.761974334716797,7.761974334716797,1161,
2016-01-22,7.413680553436279,7.413680553436279,7.413680553436279,7.413680553436279,901,
2016-01-25,7.065386772155762,7.065386772155762,7.065386772155762,7.065386772155762,12052,
2016-01-27,6.717093467712402,7.41368074863311,6.717093467712402,6.717093467712402,27057,
2016-01-28,6.866361618041992,6.965874008982091,6.41855514704278,6.965874008982091,19376,
2016-01-29,6.567824363708496,7.164899219588807,6.567824363708496,6.965874425799549,1294,
2016-02-01,6.567824363708496,6.86636202890492,6.567824363708496,6.567824363708496,1161,
2016-02-02,6.567824363708496,6.567824363708496,6.269287173024609,6.269287173024609,102287,
2016-02-03,6.866361618041992,6.866361618041992,6.269286797888886,6.816605185315687,6039,
2016-02-04,6.567824363708496,7.164899219588807,6.567824363708496,6.567824363708496,1935,
2016-02-05,6.319043159484863,6.816605620460247,6.269287198094848,6.269287198094848,1438,
2016-02-08,6.169774532318115,6.617581046857167,6.169774532318115,6.617581046857167,1913,
2016-02-09,6.468311786651611,6.468311786651611,5.87123694740166,5.87123694740166,14,
2016-02-10,6.169774532318115,6.169774532318115,6.169774532318115,6.169774532318115,2111,
2016-02-11,6.169774532318115,6.169774532318115,6.169774532318115,6.169774532318115,0,
2016-02-12,6.120018005371094,6.418555179710835,6.120018005371094,6.418555179710835,300,
2016-02-15,5.970749855041504,5.970749855041504,5.821481013762953,5.970749855041504,1209,
2016-02-16,5.67221212387085,5.67221212387085,5.67221212387085,5.67221212387085,700,
2016-02-17,5.423430442810059,5.423430442810059,5.423430442810059,5.423430442810059,110,
2016-02-18,5.274161815643311,5.522943024409269,5.174648952526929,5.174648952526929,14246,
2016-02-19,5.025381565093994,5.473187636453321,5.025381565093994,5.473187636453321,3603,
2016-02-22,4.776599884033203,5.274162352181972,4.776599884033203,5.224405915562077,2956,
2016-02-23,4.677087306976318,4.975624996575903,4.627331341718105,4.975624996575903,4665,
2016-02-24,4.52781867980957,4.726843478576178,4.52781867980957,4.677087041628251,925,
2016-02-25,4.328793048858643,4.677086655178302,4.328793048858643,4.527818305693098,6293,
2016-02-26,4.1297688484191895,4.478062503813261,4.1297688484191895,4.378550098631037,3620,
2016-02-29,3.9307432174682617,4.22928062596767,3.9307432174682617,3.9307432174682617,85,
2016-03-01,4.08001184463501,4.08001184463501,3.980499453207329,4.030255886177425,1481,
2016-03-02,4.030256271362305,4.2790375109646055,3.880987432698413,3.880987432698413,2863,
2016-03-03,4.229280948638916,4.229280948638916,3.880987318359397,3.880987318359397,2305,
2016-03-04,4.08001184463501,4.428305451888149,4.08001184463501,4.428305451888149,350,
2016-03-08,3.980499744415283,4.229280978441238,3.8809873457074096,3.8809873457074096,1270,
2016-03-09,3.980499744415283,4.129768579733366,3.781474709743264,3.781474709743264,2659,
2016-03-10,4.030256271362305,4.129768672300713,3.781474794503725,3.831230994972929,12027,
2016-03-11,3.980499744415283,4.129768579733366,3.8312309090972008,3.8312309090972008,15101,
2016-03-14,3.831230878829956,4.179524508812217,3.781474679869101,4.179524508812217,13992,
2016-03-15,3.681962251663208,3.98049968022914,3.681962251663208,3.831230847318039,1746,
2016-03-16,3.831230878829956,3.831230878829956,3.5326934478085508,3.681962281947389,6781,
2016-03-17,3.980499744415283,3.980499744415283,3.781474709743264,3.930743545061347,8083,
2016-03-18,3.980499744415283,4.179524541831029,3.781474709743264,3.781474709743264,6154,
2016-03-21,3.8809871673583984,4.080011955628049,3.7814745359673103,3.7814745359673103,2821,
2016-03-22,3.9307432174682617,3.9307432174682617,3.781474394590431,3.781474394590431,4479,
2016-03-23,4.08001184463501,4.08001184463501,3.831230628809552,3.831230628809552,3414,
2016-03-28,3.8809871673583984,3.8809871673583984,3.8809871673583984,3.8809871673583984,1663,
2016-03-29,3.7317185401916495,3.7317185401916495,3.7317185401916495,3.7317185401916495,3725,
2016-03-30,3.831230878829956,3.880987315047083,3.582449646769406,3.582449646769406,4700,
2016-03-31,3.980499744415283,3.980499744415283,3.781474709743264,3.8312309090972008,2892,
2016-04-01,3.7317185401916495,3.781474739942951,3.68196234044035,3.68196234044035,2700,
2016-04-04,3.9307432174682617,4.030255845138901,3.5326931812982147,3.5326931812982147,1091,
2016-04-05,3.980499744415283,4.179524541831029,3.5824496750712456,4.179524541831029,3763,
2016-04-06,3.8809871673583984,4.279037218410226,3.7814745359673103,3.7814745359673103,1622,
2016-04-07,3.8809871673583984,3.8809871673583984,3.8809871673583984,3.8809871673583984,0,
2016-04-08,3.8809871673583984,3.8809871673583984,3.532693313373984,3.532693313373984,616,
2016-04-11,3.7814745903015137,3.8312307880838494,3.5326933641335683,3.5326933641335683,587,
2016-04-12,3.980499744415283,3.980499744415283,3.4331810770094364,3.4331810770094364,3893,
2016-04-13,3.7814745903015137,3.980499618687123,3.632205996954506,3.980499618687123,836,
2016-04-18,4.030256271362305,4.08001223457523,3.73171859403452,3.880987432698413,2945,
2016-04-20,3.7814745903015137,4.378549675458341,3.632205996954506,4.030256053725725,8215,
2016-04-21,3.9307432174682617,4.129768235553286,3.6819620041760457,4.129768235553286,11754,
2016-04-22,3.9307432174682617,3.9307432174682617,3.7317181993832382,3.7317181993832382,2255,
2016-04-25,3.681962251663208,3.681962251663208,3.681962251663208,3.681962251663208,2486,
2016-04-26,3.7317185401916495,3.930743576453127,3.68196234044035,3.68196234044035,1699,
2016-04-27,3.7317185401916495,3.781474739942951,3.68196234044035,3.7317185401916495,3072,
2016-04-28,3.9307432174682617,3.9307432174682617,3.6322058089688536,3.9307432174682617,1847,
2016-04-29,3.681962251663208,3.98049968022914,3.582449617303718,3.731718450214818,8263,
2016-05-02,3.681962251663208,3.681962251663208,3.681962251663208,3.681962251663208,200,
2016-05-03,3.582449436187744,3.831230653624567,3.532693240151631,3.532693240151631,3788,
2016-05-04,3.7814745903015137,3.7814745903015137,3.5326933641335683,3.5326933641335683,2000,
2016-05-05,3.6322062015533447,3.6322062015533447,3.482937362541895,3.532693563126952,738,
2016-05-06,3.8809871673583984,3.8809871673583984,2.935618474052505,3.4829371163065708,8500,
2016-05-09,4.229280948638916,4.4780621809117935,3.4829372518202835,3.4829372518202835,7948,
2016-05-10,4.279036998748779,4.8761118074198295,3.731718147334691,4.8761118074198295,995,
2016-05-11,4.726843357086182,4.8263557539118045,4.229280898445531,4.527818563434936,7591,
2016-05-12,4.229280948638916,4.229280948638916,4.129768550632273,4.229280948638916,2371,
2016-05-13,4.1297688484191895,4.776600193872509,4.080012408571789,4.080012408571789,1971,
2016-05-16,4.1297688484191895,4.229281253601413,4.080012408571789,4.1297688484191895,1346,
2016-05-17,4.925868034362793,4.925868034362793,4.876112074381745,4.876112074381745,5724,
2016-05-18,5.871237277984619,5.871237277984619,5.871237277984619,5.871237277984619,7596,
2016-05-19,6.418555736541748,6.418555736541748,6.418555736541748,6.418555736541748,1468,
2016-05-20,7.015630722045898,7.015630722045898,6.5180682729508,7.015630722045898,38930,
2016-05-23,7.21465539932251,7.712217840655096,7.164898965384243,7.712217840655096,28172,
2016-05-24,7.164898872375488,7.413680089812311,6.567824045429616,6.965874088231036,5613,
2016-05-25,6.766849517822266,7.314167928763202,6.667336648094341,7.164899098683844,1620,
2016-05-26,6.816605567932129,6.9161179644578645,6.368799546310051,6.4185555073166505,796,
2016-05-27,6.567824363708496,6.617580799412079,6.468311966813867,6.468311966813867,1976,
2016-05-30,6.319043159484863,6.766849659070232,6.1200183648997255,6.717093223167677,5650,
2016-05-31,6.916118144989014,6.916118144989014,6.468312111677872,6.468312111677872,2397,
2016-06-01,7.463437080383301,7.513193517390876,6.71709337234497,7.015631045365323,2939,
2016-06-02,7.21465539932251,8.160023848049416,6.965874178656216,8.11026741411115,8195,
2016-06-03,6.916118144989014,7.86148712294177,6.916118144989014,7.5629494510593105,5993,
2016-06-06,6.667336463928223,6.965874115840688,6.518068112484508,6.717092897417806,5901,
2016-06-07,7.21465539932251,7.314167792686523,6.518068171261897,6.76684939192819,2858,
2016-06-08,6.567824363708496,6.717093196306708,6.51806840251745,6.567824363708496,997,
2016-06-09,6.617581367492676,6.816606178367048,6.468312522080608,6.51806896205549,8494,
2016-06-10,7.164898872375488,7.264411738960229,6.46831165335739,6.518068086649762,3892,
2016-06-13,7.363924503326416,7.363924503326416,6.518068416180232,7.264412106223196,3818,
2016-06-14,6.518068313598633,7.761974444093599,5.920992991351024,6.965874330771808,9190,
2016-06-15,7.015630722045898,7.214655511878926,6.319043008605244,6.319043008605244,1849,
2016-06-16,6.468311786651611,7.51319311122342,6.1697741297703725,7.264411888659896,2315,
2016-06-17,6.965874671936035,7.363924748092034,6.567824595780037,6.567824595780037,1246,
2016-06-20,8.359047889709473,8.359047889709473,6.965873557766214,6.965873557766214,72227,
2016-06-21,9.90149211883545,10.00100498395943,9.20490491004263,9.20490491004263,69332,
2016-06-22,8.956124305725098,9.752224433816789,8.956124305725098,8.956124305725098,26494,
2016-06-23,8.856612205505371,8.856612205505371,8.060512957074677,8.458562581290025,13474,
2016-06-24,8.06051254272461,8.558075021929211,8.010756104999126,8.16002446915046,12052,
2016-06-27,8.359047889709473,8.458560748716117,7.761973582744487,7.761973582744487,3688,
2016-06-28,8.259537696838379,8.607830877719874,7.861487601596907,7.861487601596907,5365,
2016-06-29,8.309293746948242,8.309293746948242,7.712218394834854,7.8117307953495665,8093,
2016-06-30,8.010754585266113,8.8068545907691,7.761973392860488,8.757098162482988,16095,
2016-07-01,8.2097806930542,8.458561926177055,7.314168158909414,7.861487061584712,7894,
2016-07-04,8.110268592834473,8.359049849657925,7.662462520357295,7.662462520357295,1996,
2016-07-05,7.662461757659912,8.309293530432392,7.662461757659912,8.110267785563885,1534,
2016-07-07,7.761974334716797,7.861486728851622,7.662461466069447,7.662461466069447,1723,
2016-07-08,7.712218284606934,7.811730683699352,7.66246184780445,7.66246184780445,7552,
2016-07-11,8.110268592834473,8.1600250340042,7.463437704703568,7.463437704703568,6726,
2016-07-12,7.761974334716797,8.25953677990345,7.51319311212347,8.209780345579775,18920,
2016-07-13,8.508318901062012,8.508318901062012,7.662462275303597,7.662462275303597,39063,
2016-07-14,9.354174613952637,9.354174613952637,8.060512874063024,9.15514980389463,84950,
2016-07-15,8.607830047607422,9.25466180519487,8.458561691485354,9.25466180519487,38500,
2016-07-18,8.010754585266113,8.757098162482988,7.761973392860488,8.010754585266113,16144,
2016-07-19,7.911243438720703,8.259537562982835,7.562949788971141,7.662462192540649,16931,
2016-07-20,7.911243438720703,8.259537562982835,7.264412578262617,7.861487474192234,9928,
2016-07-21,7.761974334716797,8.508318002496775,7.463436677799795,7.463436677799795,6517,
2016-07-22,7.861486434936523,8.359048387008448,7.363924008352091,7.363924008352091,10014,
2016-07-25,8.607830047607422,8.607830047607422,8.607830047607422,8.607830047607422,19274,
2016-07-26,8.010754585266113,9.453685311413752,7.861485774920244,9.40392888312764,17129,
2016-07-27,7.861486434936523,8.607829600300665,7.612705221644307,7.612705221644307,4626,
2016-07-28,8.110268592834473,8.408806290827652,7.662462520357295,8.408806290827652,6515,
2016-07-29,8.359047889709473,8.80685480621441,8.160023120721144,8.80685480621441,15242,
2016-08-01,7.911243438720703,8.160024684900756,7.662462192540649,8.160024684900756,10699,
2016-08-02,7.911243438720703,8.060512755843819,7.463437385401633,7.960999877761742,13678,
2016-08-03,7.612706184387207,7.911243393384948,7.5629497456312995,7.5629497456312995,4657,
2016-08-04,7.911243438720703,8.309294002023874,7.861487474192234,8.209781123941797,11450,
2016-08-05,8.856612205505371,9.403931150570347,8.060512957074677,8.20978132889914,24229,
2016-08-08,8.359047889709473,9.155147914687744,8.309292409231109,9.155147914687744,3536,
2016-08-09,8.558073997497559,8.956123553603259,8.458561133958634,8.458561133958634,4412,
2016-08-10,8.2097806930542,9.05563726528194,8.110267820195022,9.05563726528194,2176,
2016-08-11,8.707343101501465,9.055637205171555,8.010755843186365,8.010755843186365,2125,
2016-08-12,7.115143299102783,8.160024184242852,6.965874465650619,8.160024184242852,33592,
2016-08-16,7.21465539932251,7.612705447291083,7.164898965384243,7.612705447291083,3326,
2016-08-17,7.015630722045898,7.413680301711954,6.965874287331378,7.214655511878926,7130,
2016-08-18,7.314168453216553,7.314168453216553,7.015631246164129,7.065387210083252,18765,
2016-08-19,7.015630722045898,7.662461526259504,7.015630722045898,7.214655511878926,6589,
2016-08-22,7.363924503326416,7.761974566251838,7.115143273312095,7.164899234607436,4218,
2016-08-23,7.164898872375488,7.363924131032455,7.164898872375488,7.363924131032455,1688,
2016-08-24,7.21465539932251,7.264411833260777,6.816605351353936,6.965874178656216,559,
2016-08-25,7.314168453216553,7.7619749755640335,6.766850003030828,6.766850003030828,4271,
2016-08-26,7.712218284606934,7.911243082791771,6.916118142842489,7.513193486422097,11408,
2016-08-29,7.413680553436279,8.757099591217557,7.065386922146244,7.463436989840232,4526,
2016-08-30,7.2644124031066895,7.911243247968709,7.1648995274240175,7.1648995274240175,2393,
2016-08-31,7.115143299102783,7.662461722410664,7.115143299102783,7.662461722410664,2742,
2016-09-01,7.363924503326416,7.960999360458279,6.816605607489894,7.960999360458279,4273,
2016-09-02,7.115143299102783,7.164899260578477,7.115143299102783,7.115143299102783,494,
2016-09-06,6.965874671936035,7.960999625069754,6.518068632830883,7.960999625069754,8654,
2016-09-07,7.015630722045898,7.861486790605061,6.5180682729508,6.5180682729508,7701,
2016-09-08,7.015630722045898,7.065386682247891,6.965874287331378,7.015630722045898,1191,
2016-09-09,6.965874671936035,7.363924748092034,6.916118234474327,7.015631109397743,17542,
2016-09-12,6.965874671936035,7.463437148502894,6.567824595780037,6.766849871114313,13899,
2016-09-14,6.916118144989014,7.314168215994777,6.66733690992448,6.66733690992448,3717,
2016-09-15,6.866361618041992,7.413680005468794,6.7170927943755885,6.866361618041992,3850,
2016-09-16,6.916118144989014,7.164899380053547,6.717093346742407,7.115143417748169,6380,
2016-09-19,6.766849517822266,6.9161178733890925,6.717093082958304,6.9161178733890925,930,
2016-09-20,7.513193130493164,7.6624614848040995,6.7668494608883805,7.314167867224373,8371,
2016-09-21,7.463437080383301,8.20978078842163,7.214655844370524,8.20978078842163,2574,
2016-09-22,8.508318901062012,8.956124959217876,6.96587496828057,7.16489977756927,108085,
2016-09-23,8.657586097717285,9.403929743193345,8.508317748232082,8.508317748232082,62343,
2016-09-26,8.906368255615234,9.05563756992562,7.413680806662119,8.657587014123049,27985,
2016-09-27,9.304417610168455,10.349297930315986,8.209779909316286,9.055636400795237,72283,
2016-09-28,9.702467918395996,10.050762018153574,9.155149025501975,9.801980789476756,31931,
2016-09-29,8.657586097717285,9.702467391188772,7.960998885077967,9.60295452551529,25101,
2016-09-30,8.707343101501465,8.906367896873626,8.060512279285675,8.110267766359902,10119,
2016-10-03,9.05563735961914,9.75222462981482,8.259537215527606,9.155149284489896,16039,
2016-10-04,8.906368255615234,9.851736783480517,8.3590493345274,9.801981294402175,7577,
2016-10-05,8.956124305725098,9.45368676715427,8.607830203114645,9.45368676715427,12047,
2016-10-06,8.607830047607422,9.70246782258614,8.359048821387265,9.70246782258614,8723,
2016-10-07,8.259537696838379,9.155149817990967,8.259537696838379,9.155149817990967,4810,
2016-10-10,8.408804893493652,8.906367324458069,7.712217679948472,8.906367324458069,9542,
2016-10-13,8.558073997497559,8.757098775550409,7.960998714314008,8.060511577852933,9408,
2016-10-14,8.16002368927002,8.856610903776298,7.761974123559296,8.856610903776298,5697,
2016-10-17,8.458561897277832,8.458561897277832,7.911242996472485,8.060512305251262,6606,
2016-10-18,8.110268592834473,8.408806290827652,7.961000218350473,8.1600250340042,6689,
2016-10-19,8.508318901062012,8.65758727077225,8.11026833345946,8.11026833345946,4627,
2016-10-20,8.707343101501465,9.354173923717257,7.960999407087054,9.354173923717257,17968,
2016-10-21,8.806856155395508,9.105392880100355,8.11026793368392,8.856611643496247,2117,
2016-10-24,8.657586097717285,8.906367312875972,8.209780100236653,8.657586097717285,2681,
2016-10-25,8.558073997497559,8.956123553603259,8.458561133958634,8.956123553603259,2029,
2016-10-26,8.259537696838379,8.906368567779122,8.160024817143578,8.906368567779122,14286,
2016-10-27,7.960999488830566,8.309293596076941,7.911243052220357,8.309293596076941,1561,
2016-10-28,8.2097806930542,8.806856032159086,7.71221822680849,7.761974663238079,8603,
2016-11-01,8.906368255615234,9.05563756992562,8.458562210734325,8.906368255615234,7314,
2016-11-02,8.508318901062012,8.906368519639413,8.508318901062012,8.85661208006095,1554,
2016-11-03,8.458561897277832,8.906367925563995,8.110267792485768,8.508318333537424,1656,
2016-11-04,8.010754585266113,8.707341734196877,7.761973392860488,8.458560541791252,5190,
2016-11-07,7.960999488830566,8.458561956882477,7.015630989336955,7.015630989336955,5899,
2016-11-08,8.2097806930542,8.508318362606643,7.960999459931345,7.960999459931345,5396,
2016-11-09,7.960999488830566,8.408805520272267,7.761974691414821,7.761974691414821,4021,
2016-11-10,7.960999488830566,8.408805520272267,7.811730653512484,8.408805520272267,7063,
2016-11-11,7.811730861663818,8.757099860860272,7.761974898240358,8.060512576831357,12879,
2016-11-15,6.816605567932129,8.209780542830037,6.766849606925529,7.065386796502736,13421,
2016-11-16,6.965874671936035,7.861487224658894,5.771724917980594,6.567824595780037,2727,
2016-11-17,6.866361618041992,6.965874008982091,6.667336361649284,6.667336361649284,7367,
2016-11-18,6.667336463928223,6.965874115840688,6.667336463928223,6.965874115840688,1273,
2016-11-21,6.617581367492676,6.766850212904744,6.617581367492676,6.717093772929862,1862,
2016-11-22,6.667336463928223,6.667336463928223,6.667336463928223,6.667336463928223,245,
2016-11-23,7.513193130493164,7.513193130493164,6.717093026443052,6.717093026443052,1899,
2016-11-24,7.015630722045898,7.413680301711954,6.717093062783828,6.965874287331378,4741,
2016-11-25,6.916118144989014,7.911243085247148,6.866362182683636,7.911243085247148,2089,
2016-11-28,7.164898872375488,7.911242524685957,7.015630521523407,7.911242524685957,1960,
2016-11-29,7.21465539932251,7.861486667957377,7.06538657202023,7.06538657202023,1238,
2016-11-30,7.21465539932251,7.21465539932251,7.21465539932251,7.21465539932251,0,
2016-12-01,7.164898872375488,7.164898872375488,7.065386480303262,7.065386480303262,1050,
2016-12-02,7.164898872375488,7.164898872375488,7.164898872375488,7.164898872375488,0,
2016-12-05,6.965874671936035,7.015631109397743,6.418555757907468,6.965874671936035,937,
2016-12-06,7.861486434936523,7.911242392887463,6.965873972182045,6.965873972182045,911,
2016-12-07,7.811730861663818,7.960999700959317,7.015631176275422,7.861487299599838,9472,
2016-12-08,7.761974334716797,8.856611144712403,7.115143061071643,7.811730294527947,15185,
2016-12-09,7.662461757659912,7.960999425937588,7.513193398033616,7.662461757659912,2484,
2016-12-12,7.463437080383301,8.458562024434407,7.2644122813781,7.314168243873125,13934,
2016-12-13,7.911243438720703,8.408805931080812,6.567824804250923,6.567824804250923,14275,
2016-12-14,7.314168453216553,7.96099978026565,7.164899612434059,7.164899612434059,7925,
2016-12-15,7.2644124031066895,7.662462007787146,7.2644124031066895,7.662462007787146,583,
2016-12-16,7.761974334716797,7.811730294527947,7.264411889530144,7.264411889530144,3643,
2016-12-19,7.463437080383301,7.712218316396077,7.2644122813781,7.463437080383301,10960,
2016-12-20,7.115143299102783,7.463436927482806,7.065386863114548,7.463436927482806,2046,
2016-12-21,7.314168453216553,7.463437293999046,7.065387210083252,7.463437293999046,3333,
2016-12-22,6.916118144989014,7.314168215994777,6.866362182683636,7.164899380053547,8095,
2016-12-23,7.662461757659912,7.81173059179875,6.816605663556552,6.816605663556552,8296,
2016-12-26,7.015630722045898,7.662461526259504,6.5180682729508,7.662461526259504,3488,
2016-12-27,6.866361618041992,7.861486476468005,6.169773932436277,7.413680005468794,5930,
2016-12-28,7.065386772155762,7.712218059112899,6.965874375972941,7.0156308113206185,8961,
2016-12-29,7.413680553436279,7.413680553436279,6.965874523850883,6.965874523850883,1218,
2016-12-30,7.2644124031066895,7.363924804276803,6.96587472508379,7.363924804276803,4585,
2017-01-02,7.463437080383301,8.060512426424005,6.965874608357748,8.060512426424005,853,
2017-01-03,7.363924503326416,8.06051223207404,7.115143273312095,7.413680464621757,14851,
2017-01-04,7.363924503326416,7.363924503326416,7.015630876208874,7.363924503326416,3775,
2017-01-05,7.662461757659912,7.662461757659912,7.015630933912517,7.463436961816489,5010,
2017-01-06,7.612706184387207,7.612706184387207,7.115143694878404,7.314168500876898,512,
2017-01-09,7.463437080383301,8.060512426424005,7.164899407362948,7.3639246808807,4060,
2017-01-10,7.513193130493164,7.562949090425967,7.513193130493164,7.513193130493164,505,
2017-01-11,7.960999488830566,8.160024286246312,7.115143388044828,7.363924622070783,43467,
2017-01-12,7.960999488830566,8.359049083662057,7.314168185460574,7.761974691414821,15113,
2017-01-13,7.911243438720703,7.960999877761742,7.413680946360594,7.562949788971141,10589,
2017-01-16,7.612706184387207,7.960999832140856,7.065387256122496,7.712218587386454,81520,
2017-01-17,7.463437080383301,7.861487152906253,7.164899407362948,7.612705916893477,70632,
2017-01-18,7.21465539932251,7.463436619988803,7.164898965384243,7.463436619988803,13507,
2017-01-19,7.314168453216553,7.463437293999046,6.965874807732443,7.214656050865745,67512,
2017-01-20,7.065386772155762,7.413680396051902,7.0156308113206185,7.065386772155762,12938,
2017-01-23,7.115143299102783,7.164899260578477,6.617580837270596,6.86636206818669,20800,
2017-01-24,7.065386772155762,7.463436831399579,6.86636197979012,6.965874375972941,17642,
2017-01-25,7.115143299102783,7.960999389314993,6.965874465650619,7.065386863114548,76436,
2017-01-27,7.363924503326416,7.413680464621757,7.015630876208874,7.015630876208874,16320,
2017-01-30,7.2644124031066895,7.562949606617032,7.11514356409524,7.562949606617032,12129,
2017-01-31,7.413680553436279,7.463436989840232,7.214655756845557,7.413680553436279,9264,
2017-02-01,7.463437080383301,7.662461879388502,7.214655844370524,7.413680643375725,18219,
2017-02-02,7.463437080383301,7.861487152906253,7.3639246808807,7.861487152906253,9026,
2017-02-03,7.612706184387207,7.712218587386454,7.264412536633558,7.363924939632805,29173,
2017-02-06,7.811730861663818,7.960999700959317,7.2644124169304,7.36392481828988,14896,
2017-02-07,8.458561897277832,9.15514915783687,7.463436968186322,7.463436968186322,52495,
2017-02-08,8.359047889709473,9.105391485184423,7.562948339243679,7.960998351732815,95197,
2017-02-09,10.001006126403809,10.001006126403809,7.861487348547327,7.960999750526395,170127,
2017-02-10,10.54832363128662,11.294667257584496,9.005879947132682,9.951248350638323,339489,
2017-02-13,10.10051727294922,10.896617376256437,9.652711261409236,10.896617376256437,120027,
2017-02-14,9.60295581817627,10.15027475500539,8.956124951303313,9.901493506358076,100732,
2017-02-15,8.806856155395508,9.553199865207835,8.757099718269666,9.005880954873774,15387,
2017-02-16,8.458561897277832,8.906367925563995,8.359049024758646,8.806856002069894,9964,
2017-02-17,8.408804893493652,8.757098974778753,7.960998895430681,8.757098974778753,45203,
2017-02-20,8.06051254272461,8.458562146478245,8.06051254272461,8.408805708752762,11256,
2017-02-21,9.453686714172363,9.652711507823607,7.811730505755708,7.960999338250411,43497,
2017-02-22,8.856612205505371,10.249787788309414,8.508319021573234,10.249787788309414,37830,
2017-02-23,8.607830047607422,9.25466180519487,8.25953690031424,8.25953690031424,17683,
2017-02-27,9.4039306640625,9.453687101771584,8.309293779588227,8.458562143690365,15500,
2017-02-28,9.05563735961914,10.050762302477285,8.458562014294214,9.304418595333676,51010,
2017-03-01,8.856612205505371,9.65271240296123,8.806856714247326,9.60295596267802,20211,
2017-03-02,8.856612205505371,9.453687590853557,8.160024888615931,8.90636864578858,37739,
2017-03-03,8.508318901062012,8.956124959217876,8.309294091773312,8.458562461483549,10828,
2017-03-06,8.408804893493652,8.607829676074415,8.060511761233574,8.55807419219799,6304,
2017-03-07,8.408804893493652,8.607829676074415,8.359048460592206,8.408804893493652,6252,
2017-03-08,8.2097806930542,8.707343159299908,8.2097806930542,8.408805489747465,14338,
2017-03-09,8.06051254272461,8.458562146478245,8.010756104999126,8.458562146478245,6093,
2017-03-10,8.06051254272461,8.458562146478245,8.06051254272461,8.06051254272461,1137,
2017-03-14,8.110268592834473,8.259537916343652,8.060513100689926,8.110268592834473,2895,
2017-03-15,8.06051254272461,8.309293782326911,7.81173082860975,7.960999667273643,7284,
2017-03-16,8.16002368927002,8.359048472125382,7.960998906414658,7.960998906414658,10170,
2017-03-17,7.960999488830566,8.259537159466731,7.960999488830566,8.060512362050986,5220,
2017-03-20,8.06051254272461,8.16002446915046,7.612706026732932,7.861487266335233,171369,
2017-03-21,8.309293746948242,8.508318547977668,7.363924755777082,7.960999633377914,108984,
2017-03-22,8.757099151611328,9.05563680602337,7.960999056187563,8.259536710599605,79346,
2017-03-23,10.498567581176758,10.498567581176758,8.458561405370606,8.956123840980641,513110,
2017-03-24,10.896617889404297,11.742474466943824,10.598080217977104,10.598080217977104,288183,
2017-03-27,10.896617889404297,11.54344966900073,10.74734952820325,11.54344966900073,235344,
2017-03-28,11.294668197631836,12.140523808421069,10.946374096761222,10.946374096761222,106964,
2017-03-29,11.792231559753418,12.28979405680588,11.24491262319068,11.443937432206637,228999,
2017-03-30,11.294668197631836,11.841986143249835,11.145398890533682,11.244911761932451,31633,
2017-03-31,11.891742706298828,11.991255578763289,11.195155446122866,11.195155446122866,90844,
2017-04-03,11.69271755218506,11.891742341991709,11.443936327670484,11.742473986892984,25951,
2017-04-05,11.493692398071287,11.941498398198735,11.244911181442149,11.74247361470043,66511,
2017-04-06,11.39418125152588,11.79223182762503,11.244912878629428,11.44393769216642,52409,
2017-04-07,11.09564208984375,11.841985753708354,10.448811294104445,10.448811294104445,36806,
2017-04-10,11.145398139953612,11.543448649717142,10.84686049488722,10.84686049488722,62641,
2017-04-11,11.742474555969238,11.941499355421238,11.443936882278686,11.443936882278686,73640,
2017-04-12,11.244912147521973,11.64296174871607,11.045887346924925,11.244912147521973,7140,
2017-04-13,10.99613094329834,11.593205346923634,10.598080391856366,11.145399306948386,26608,
2017-04-17,10.99613094329834,11.195155744506772,10.846861630623184,10.99613094329834,29365,
2017-04-18,10.448811531066896,11.841986022265788,10.249786739327776,11.841986022265788,32263,
2017-04-19,10.647836685180664,10.896617920577526,10.249787088155726,10.249787088155726,6479,
2017-04-20,10.647836685180664,11.145399155974388,10.299543525040118,11.145399155974388,20712,
2017-04-21,10.10051727294922,11.195155033624772,10.10051727294922,10.647836153286995,20602,
2017-04-24,10.200030326843262,10.548324424930865,9.95124909935928,10.00100553466109,5727,
2017-04-25,10.200030326843262,10.448811554327245,9.95124909935928,9.95124909935928,24149,
2017-04-26,9.75222396850586,10.249786406194678,9.45368631608756,10.249786406194678,30691,
2017-04-27,10.050763130187988,10.200031504299371,9.50344417673762,9.752225432940044,8535,
2017-04-28,9.702467918395996,10.050762018153574,9.204905461042356,9.204905461042356,15843,
2017-05-02,9.851736068725586,10.2995430301427,9.254661701877854,10.2995430301427,43030,
2017-05-03,9.702467918395996,10.3492987333457,9.453686689719175,9.453686689719175,21430,
2017-05-04,9.951249122619627,9.951249122619627,9.50344310190676,9.652711459136023,10192,
2017-05-05,9.90149211883545,10.150273332620383,9.553198988951548,9.95124855139744,13303,
2017-05-08,9.60295581817627,9.851737066823585,9.25466263948512,9.25466263948512,4454,
2017-05-09,9.652711868286133,10.200030783034467,9.453687067202678,9.60295543075899,7703,
2017-05-10,9.851736068725586,9.951248937712734,9.005880478435035,9.453686490827096,35938,
2017-05-11,10.79710578918457,10.79710578918457,9.95124922541432,10.100517584185503,57196,
2017-05-12,10.200030326843262,11.742474127048965,10.100517456239642,10.996130444597018,37097,
2017-05-15,11.045886993408203,11.195155351822471,10.24978686747359,10.24978686747359,123326,
2017-05-16,10.54832363128662,11.593203948883648,10.299542422520664,11.593203948883648,32088,
2017-05-17,10.299543380737305,10.797105844559878,10.299543380737305,10.498568176461315,9081,
2017-05-18,9.951249122619627,11.294668133783306,9.354173795652423,10.299543221521343,77267,
2017-05-19,9.4039306640625,10.249787258041582,9.005881060440059,10.249787258041582,56755,
2017-05-22,9.20490550994873,9.801980841555435,9.055637151559594,9.503443175752084,30376,
2017-05-23,9.15514850616455,9.40392972072894,8.558074160625026,9.40392972072894,24119,
2017-05-24,9.005881309509277,9.752225048711288,8.5580752557931,9.752225048711288,9797,
2017-05-25,8.806856155395508,9.304418628603726,8.806856155395508,9.20490575435204,18741,
2017-05-26,8.956124305725098,9.15514910049175,8.309293485477207,8.309293485477207,40634,
2017-05-29,8.956124305725098,8.956124305725098,8.707343075010511,8.707343075010511,9426,
2017-05-30,8.657586097717285,9.005880178549456,8.607829664880544,8.757098963390769,37122,
2017-05-31,8.806856155395508,9.055637391999618,8.657586844017981,8.657586844017981,10949,
2017-06-01,8.856612205505371,9.403931150570347,8.707343833680907,8.856612205505371,18638,
2017-06-02,8.757099151611328,9.15514872481069,8.757099151611328,9.15514872481069,3353,
2017-06-05,9.005881309509277,9.204906116824786,8.607830745853121,8.657587184938283,2448,
2017-06-06,8.707343101501465,8.956124332972935,8.657586665402155,8.956124332972935,6286,
2017-06-07,9.304417610168455,9.403929524502749,8.657585896383084,8.956123537435948,21855,
2017-06-08,8.956124305725098,9.403930331206336,8.906367869777165,9.403930331206336,4838,
2017-06-09,9.005881309509277,9.254662555909947,8.956124870424116,8.956124870424116,5476,
2017-06-12,8.956124305725098,9.30441840833555,8.956124305725098,9.30441840833555,4549,
2017-06-13,9.05563735961914,9.304418595333676,9.005880922671214,9.254662158385749,8883,
2017-06-14,9.05563735961914,9.05563735961914,8.956124485723286,8.956124485723286,1000,
2017-06-15,8.956124305725098,9.204905536439684,8.806855946906378,8.806855946906378,7171,
2017-06-16,9.05563735961914,9.851736554685576,9.05563735961914,9.40393052020443,9375,
2017-06-19,8.956124305725098,9.30441840833555,8.906367869777165,9.15514910049175,13561,
2017-06-20,8.856612205505371,9.155149898179465,8.458562581290025,8.90636864578858,25071,
2017-06-21,8.558073997497559,8.856610690064333,8.558073997497559,8.856610690064333,16637,
2017-06-22,8.757099151611328,9.05563680602337,8.558074365011647,8.558074365011647,11258,
2017-06-23,8.458561897277832,8.8566114893044,8.359049024758646,8.558074769797017,5690,
2017-06-27,9.005881309509277,9.304418994995109,8.209781131222107,8.209781131222107,47560,
2017-06-28,8.856612205505371,9.254662778745882,8.757100273964117,9.055637966638209,22022,
2017-06-29,9.005881309509277,9.204906116824786,8.806856502193769,9.05563774859444,16108,
2017-06-30,10.399055480957031,10.797106028200304,8.856611627067688,8.856611627067688,92391,
2017-07-03,10.001006126403809,10.448812172565894,9.354174327258464,10.39905573432008,7147,
2017-07-04,9.90149211883545,10.150273332620383,9.20490491004263,10.150273332620383,31620,
2017-07-05,9.75222396850586,9.801980402079748,9.503442749661447,9.75222396850586,11024,
2017-07-06,11.69271755218506,11.69271755218506,9.503442966261805,9.75222419077638,296185,
2017-07-07,11.09564208984375,12.588329417572956,10.399054860041796,11.841985753708354,127947,
2017-07-10,12.687843322753906,13.235162244128707,10.946374631395528,11.941499597886027,172703,
2017-07-11,11.941499710083008,12.936624685923258,11.742474904719984,12.936624685923258,70045,
2017-07-12,11.841984748840332,12.93662240923144,11.244910437829244,11.841984748840332,21854,
2017-07-13,11.69271755218506,12.289792870630064,11.593204682769205,11.891742341991709,22414,
2017-07-14,11.195155143737791,11.94149881998698,11.04588678809798,11.841985950210397,50555,
2017-07-17,11.09564208984375,11.244911392031698,10.896617302618198,10.946373736680847,33907,
2017-07-18,11.244912147521973,11.941499424124196,10.69759323411126,11.244912147521973,22969,
2017-07-19,11.045886993408203,11.792230683529702,10.946374121781972,11.792230683529702,9877,
2017-07-20,10.896617889404297,11.493693232258682,10.598080217977104,11.443936795516631,10551,
2017-07-21,10.697593688964844,10.94637493754542,10.598080809922552,10.94637493754542,17571,
2017-07-24,10.299543380737305,10.69759297218533,9.155149144530334,10.548324612648592,88565,
2017-07-25,10.050763130187988,10.399056319456276,9.4536877356921,10.349299878410754,17252,
2017-07-26,10.200030326843262,10.349298683723624,9.354173773787696,9.85173622875566,13231,
2017-07-27,9.851736068725586,10.448811384598372,9.652711279776344,10.200030161155553,20149,
2017-07-28,10.647836685180664,11.39418039137125,9.752224617362002,9.752224617362002,27113,
2017-07-31,12.439061164855955,12.73759882261751,10.15027372071745,10.249786589646318,312144,
2017-08-01,12.787355422973633,13.931748685376691,12.43906132622919,12.737598987863702,468401,
2017-08-02,11.244912147521973,14.926874280155245,10.946374472113847,13.036137250945623,199463,
2017-08-03,11.244912147521973,11.941499424124196,11.045887346924925,11.941499424124196,19816,
2017-08-04,11.39418125152588,11.64296250570341,10.598081048352746,10.647837488993286,11199,
2017-08-07,10.54832363128662,11.443935603234072,10.448810768170238,11.443935603234072,36500,
2017-08-08,10.647836685180664,10.946374357461918,10.448811886668194,10.896617920577526,13507,
2017-08-09,10.647836685180664,10.697593122065056,10.448811886668194,10.498568323552586,42684,
2017-08-10,10.448811531066896,10.846861114545131,10.150273868945684,10.448811531066896,66079,
2017-08-11,10.24978733062744,10.548325009970982,9.453687168719703,9.9512496512839,20943,
2017-08-14,10.846860885620115,10.846860885620115,9.70246764550402,10.697592532222382,10663,
2017-08-16,10.498567581176758,10.548324014542768,10.24978636337174,10.349298281078728,3733,
2017-08-17,10.697593688964844,10.94637493754542,10.448812440384266,10.846862058503133,6208,
2017-08-18,10.150274276733398,10.747349624963348,9.95124947699845,10.747349624963348,23055,
2017-08-21,10.10051727294922,10.448811364716454,10.050761787575372,10.050761787575372,3960,
2017-08-22,10.10051727294922,10.498567799115351,10.10051727294922,10.150273707348116,3300,
2017-08-23,10.200030326843262,10.498567989629054,10.100517456239642,10.15027389154145,9208,
2017-08-24,11.195155143737791,11.742474029458876,10.349298597712025,10.399055032600316,26186,
2017-08-28,11.244912147521973,11.941499424124196,11.195155710116431,11.244912147521973,15071,
2017-08-29,11.045886993408203,11.294668223448705,10.747349327554588,11.294668223448705,1610,
2017-08-30,11.39418125152588,11.49369413280696,10.946375183811355,11.39418125152588,16245,
2017-08-31,12.389304161071776,13.38442900853176,10.548323762685817,11.0956416695688,231096,
2017-09-01,13.235162734985352,14.130774858432604,11.59320590996518,12.389306102487826,255943,
2017-09-04,14.031261444091797,15.275167566829545,12.638086017210489,13.981505009377276,759738,
2017-09-05,12.886868476867676,14.379555967215866,12.339549540601643,14.1307747188245,105748,
2017-09-06,12.837111473083496,13.434186822586264,11.642961723103072,12.041012272446618,125377,
2017-09-07,13.235162734985352,14.42931254925674,12.936625044161216,13.085893415060704,278416,
2017-09-08,13.185405731201172,14.379555494410594,12.93662449098983,13.9317494518352,45062,
2017-09-11,13.434186935424805,14.379555455890417,12.43906197724519,12.43906197724519,122325,
2017-09-12,13.085892677307127,14.130774061770936,12.936624314823058,13.4341867884701,85238,
2017-09-13,12.638086318969728,13.48394288223791,12.588329883067171,12.936623985359972,34387,
2017-09-14,12.190279006958008,13.18540382385254,11.991254233384096,12.83710975832946,45542,
2017-09-15,12.986379623413086,13.434185620973878,12.19027954495778,12.83711032487614,39253,
2017-09-18,13.036136627197266,13.782480305494245,12.53857417499928,13.782480305494245,46336,
2017-09-19,13.533699035644531,14.877117082821156,12.737598924896313,13.235161375485816,209366,
2017-09-20,14.031261444091797,15.42443592194805,13.782480219544247,13.881992139948231,291871,
2017-09-21,14.130773544311523,14.280042850354556,13.235161504153602,13.98150518729356,66609,
2017-09-22,12.837111473083496,14.081017660360002,12.78735598481252,14.081017660360002,65094,
2017-09-25,12.837111473083496,13.732724497337644,12.439061872765055,13.732724497337644,20001,
2017-09-26,12.936623573303224,13.533698887065698,12.538573996811603,13.533698887065698,19483,
2017-09-27,12.538576126098633,13.73272600738774,12.538576126098633,13.13565059223058,34650,
2017-09-28,12.986379623413086,13.235160838616306,12.538573625852296,12.538573625852296,20835,
2017-09-29,12.936623573303224,13.43418601843027,12.886867138985508,13.036136441938652,28707,
2017-10-03,13.135648727416992,13.633211186402674,12.737599139838476,13.384429956909832,24349,
2017-10-04,12.687843322753906,13.135649367869608,12.588330446494806,12.837111688117432,61642,
2017-10-05,12.787355422973633,13.036136649498216,12.588329682533914,12.687842552753771,38673,
2017-10-06,12.588329315185549,13.036136269082098,12.289792611287895,12.439060963236722,26561,
2017-10-09,12.140524864196776,12.638087366409966,12.041012933169236,12.289794184275827,89380,
2017-10-10,12.33954906463623,12.737599616123758,12.240037138533182,12.737599616123758,6878,
2017-10-11,12.190279006958008,12.936622619628906,12.090766145658565,12.339547349882196,30239,
2017-10-12,12.190279006958008,12.289791868257453,11.941497802734377,11.941497802734377,9055,
2017-10-13,12.190279006958008,12.339547349882196,11.941497802734377,12.190279006958008,17462,
2017-10-16,11.742474555969238,12.289793466231066,11.543449756517235,11.941499355421238,45588,
2017-10-17,11.742474555969238,12.14052415487324,11.692718118849962,11.792230993088516,12195,
2017-10-18,12.140524864196776,12.687843806436316,11.941500053116531,12.140524864196776,64773,
2017-10-19,12.439061164855955,12.687842388153076,12.09076707262997,12.240036376023273,8745,
2017-10-23,12.090767860412598,12.439061975331937,11.99125593402501,12.439061975331937,24995,
2017-10-24,11.991255760192873,12.090767685137877,11.941499323207818,11.991255760192873,8158,
2017-10-25,11.891742706298828,12.140523938434892,11.34442380579447,11.991255578763289,14480,
2017-10-26,12.986379623413086,13.38442918812823,11.69271711455134,12.439060760161,85435,
2017-10-27,13.334672927856444,13.533698661814778,12.936623357989848,12.98637979147943,97086,
2017-10-30,14.578579902648926,15.822486070077163,13.434186608224982,13.782480714714923,404632,
2017-10-31,14.777605056762695,15.175654634786415,14.62833575323501,15.175654634786415,92491,
2017-11-01,14.42931079864502,15.32492281343366,14.329797930768486,15.02638610785414,129399,
2017-11-02,13.782480239868164,15.17565471977882,13.483942580165865,15.17565471977882,46625,
2017-11-03,14.37955379486084,15.175653859249415,12.986379393949584,13.78247945833816,76853,
2017-11-06,14.230286598205566,15.026386726942082,14.031261803277708,15.026386726942082,29366,
2017-11-07,13.483942985534668,14.578579838651176,13.434186549250944,14.031261886605463,40605,
2017-11-08,13.93174934387207,14.329798945515511,13.434186867305211,13.533699742228626,33911,
2017-11-09,13.832236289978027,14.37955519692502,13.583455054913491,14.37955519692502,11128,
2017-11-10,13.832236289978027,14.37955519692502,13.732724365367272,14.329798760107094,35165,
2017-11-13,13.93174934387207,14.329798945515511,13.68296810558864,13.832236468948654,49384,
2017-11-14,13.881993293762209,14.280043855537638,13.682968487387058,14.280043855537638,117647,
2017-11-15,13.732723236083984,14.081016367118076,13.68296680335768,14.081016367118076,33193,
2017-11-16,13.483942985534668,14.031261886605463,13.284918189424856,13.732724217928205,16918,
2017-11-17,14.180530548095703,14.329798911097194,13.583455198039523,13.931749310409812,85567,
2017-11-20,13.483942985534668,14.329798606257638,13.38443011296722,14.130773810147828,121683,
2017-11-21,13.434186935424805,13.782481050397717,13.036137331763005,13.036137331763005,36470,
2017-11-22,13.334672927856444,13.63321057976891,13.036136224969017,13.235161009902312,25289,
2017-11-23,13.483942985534668,14.031261886605463,13.434186549250944,13.58345490907703,33326,
2017-11-24,13.981505393981934,14.13077375320653,13.334673622950158,13.434186495116611,60932,
2017-11-27,13.434186935424805,14.329799018176413,13.135649258165898,14.329799018176413,102024,
2017-11-28,14.329797744750977,15.225410696938557,13.63321052573288,13.63321052573288,334374,
2017-11-29,16.12102508544922,17.165905532558792,13.533699813975238,14.329799021482511,584572,
2017-11-30,16.36980438232422,17.66346591550759,15.02638546829533,16.121023172246648,277222,
2017-12-01,16.36980438232422,17.41468470543002,16.17077865504216,16.817609421633847,182901,
2017-12-04,15.275168418884276,17.11614996283682,15.125899106414415,17.11614996283682,55866,
2017-12-05,14.976630210876465,17.016636483285897,14.42931131598246,14.926873775154268,167488,
2017-12-06,14.976630210876465,15.971754180195006,14.926873775154268,15.822485822053494,66183,
2017-12-07,15.026386260986328,15.42443583849886,14.926873392095668,14.926873392095668,33549,
2017-12-08,16.270294189453125,17.0663934331611,15.076143425840849,15.125899865828886,326541,
2017-12-11,16.867368698120117,18.310298739903853,16.320048835608866,16.71809843685782,583357,
2017-12-12,16.568830490112305,17.265418733344763,16.071268001532054,17.066392978692555,93032,
2017-12-13,16.867368698120117,17.21566091293157,16.41956171043366,16.917124186507404,171624,
2017-12-14,16.36980438232422,16.96687776807039,16.220534137837674,16.867366802479363,20296,
2017-12-15,17.31517219543457,17.61371079245502,16.419560200473306,17.31517219543457,169998,
2017-12-18,17.912248611450195,18.75810517548982,15.921998765733507,18.111274355241928,228431,
2017-12-19,18.40981101989746,19.205910196672967,18.01176143150971,18.40981101989746,367400,
2017-12-20,19.50444793701172,19.852742023003906,18.061516108494114,18.758104280478488,290191,
2017-12-21,19.90249824523925,20.84786767110818,19.40493578910828,20.151279473304747,327205,
2017-12-22,20.698596954345703,20.94737817686452,20.201034509308062,20.798109822963248,158874,
2017-12-26,19.50444793701172,21.345429336070364,18.26054184278967,21.345429336070364,203231,
2017-12-27,18.85762023925781,20.499576173213025,18.658594472332776,20.499576173213025,186325,
2017-12-28,19.10639953613281,19.50444913104179,18.80786091641344,19.50444913104179,58717,
2017-12-29,20.449817657470703,21.34543166131344,18.65859344588577,19.504450061709324,449716,
2018-01-01,21.1961612701416,21.94250500356983,20.64884329151434,21.79323663649424,276038,
2018-01-02,20.350305557250977,21.59421171849981,19.95225406721121,21.59421171849981,115442,
2018-01-03,21.54445457458496,22.48982402694524,19.8527433151642,21.096649490348668,272444,
2018-01-04,21.49469947814941,23.037142404241173,21.19616085183956,21.89274908184565,232358,
2018-01-05,21.842992782592773,22.688847447290087,21.39518580877053,22.3903107301087,92988,
2018-01-08,21.7932357788086,23.28592318691945,21.54445454412345,22.48982399514708,119331,
2018-01-09,23.58446311950684,24.231293986064976,21.494700252276434,22.44006785784593,353556,
2018-01-10,22.887874603271484,24.52983044520047,22.58933786766632,23.83324409610498,135244,
2018-01-11,24.33080673217773,25.27617433258313,21.99226262919548,22.88787473938753,285773,
2018-01-12,23.83324432373047,25.574713060176947,23.68397405645197,25.17666154483466,250800,
2018-01-15,24.57958602905273,24.878122742745628,23.7834849624548,23.93275331930124,149638,
2018-01-16,22.34055519104004,25.12690420505365,20.20103509672406,25.12690420505365,214605,
2018-01-17,21.99226188659668,22.88787396654718,20.44981706741228,22.88787396654718,78173,
2018-01-18,21.395187377929688,23.13665611799373,20.748356511230245,22.390312372252,71903,
2018-01-19,20.59908676147461,21.39518594437066,19.504448961454912,21.39518594437066,80689,
2018-01-22,20.64884185791016,21.89274799392884,19.902498176298945,20.40006063070642,54834,
2018-01-23,19.20591163635254,21.34543189315968,18.80786201812689,21.09665064451237,104692,
2018-01-24,18.658592224121094,19.753230014212896,18.45956648117708,19.753230014212896,50843,
2018-01-25,18.21078491210937,19.753229646052045,18.16102942632579,18.608836390578528,68416,
2018-01-29,16.36980438232422,18.758103619458907,16.220534137837674,18.31029668209928,122581,
2018-01-30,16.568830490112305,16.767856244764513,15.026387534733631,16.419562123148282,105534,
2018-01-31,18.658592224121094,18.85761796706512,15.573704596789709,17.165904846191406,229355,
2018-02-01,17.962003707885742,18.708347383804263,17.56395412700589,18.16102944735073,85469,
2018-02-02,16.519075393676758,18.11127577464265,16.17078126377011,18.11127577464265,67783,
2018-02-05,16.767854690551758,17.912247928602454,14.180529610143608,16.519073469321167,84740,
2018-02-06,15.673216819763184,16.121023773833592,14.926873161679223,14.926873161679223,51497,
2018-02-07,17.613712310791016,18.807861107660617,15.67321790605888,15.67321790605888,192592,
2018-02-08,17.81273651123047,19.305423960183585,17.116150173882495,17.613712656866866,114300,
2018-02-09,17.265417098999023,17.66346667257377,16.46931605379945,17.315172583927083,80790,
2018-02-12,17.016637802124023,17.86249442788244,16.867369432413785,17.51420029985835,66808,
2018-02-14,16.917123794555664,17.663467491374295,16.81761092203648,17.663467491374295,13256,
2018-02-15,16.12102508544922,17.116150043858422,16.12102508544922,16.767855928805155,29411,
2018-02-16,15.822486877441406,17.41468723260381,15.62346207030239,16.17078100170354,47779,
2018-02-19,14.926874160766602,16.22053582881296,14.479068125748624,15.47419306979973,66587,
2018-02-20,16.12102508544922,16.96687978165686,14.877117938412598,14.92687437613808,397981,
2018-02-21,15.822486877441406,16.51907512596567,15.225412456024358,16.270293879785616,37976,
2018-02-22,17.066390991210938,18.310297067801383,15.32492248398431,15.722972997908268,530391,
2018-02-23,18.36005592346192,18.80786100814989,16.91712399957242,17.066392361135083,454948,
2018-02-26,17.962003707885742,18.90737312326925,17.663466996738382,18.409810672656903,51921,
2018-02-27,17.41468620300293,18.509324001087435,17.11614948445723,18.509324001087435,38520,
2018-02-28,17.265417098999023,17.812735025408035,16.668341789611866,17.414685451833293,21672,
2018-03-01,17.41468620300293,17.56395456227578,16.91712374005999,17.11614948445723,6704,
2018-03-05,17.066390991210938,17.315172206529027,16.668341426312,17.11614837310458,9171,
2018-03-06,16.767854690551758,17.912247928602454,16.767854690551758,17.86249244357637,9377,
2018-03-07,15.623461723327637,16.71809861279447,15.523949796480716,16.66834312388357,28421,
2018-03-08,15.772730827331545,16.32004879027214,15.225411915365838,16.32004879027214,32121,
2018-03-09,15.673216819763184,16.121023773833592,15.424435600401864,15.921998039124505,16558,
2018-03-12,15.175655364990234,17.066392375116685,15.125898928086889,16.618587290061843,18711,
2018-03-13,15.275168418884276,15.822486384198449,15.076142668924462,15.076142668924462,14679,
2018-03-14,15.47419261932373,15.92199864130543,15.07614208387605,15.324923312646447,13021,
2018-03-15,15.872241973876951,15.971753894516349,15.324923088772564,15.324923088772564,19821,
2018-03-16,15.47419261932373,16.220535356609847,15.424436183764636,15.722973848094128,31565,
2018-03-19,15.175655364990234,16.121024819078556,15.026387003305288,16.071267433150112,8326,
2018-03-20,14.52882480621338,15.523949766939635,14.23028712819048,15.1756556510754,20791,
2018-03-21,14.777605056762695,15.52394872732596,14.678092187744236,15.424435858307504,16455,
2018-03-22,14.42931079864502,15.722973335914752,14.13077314404046,14.926873239977606,43827,
2018-03-23,13.881993293762209,14.777606345988078,13.732724926237127,13.981506171462348,14928,
2018-03-26,12.687843322753906,14.429312014112284,12.289793715767754,13.732724727373958,62300,
2018-03-27,13.185405731201172,13.5336998471071,12.240037208203091,12.687843250778489,28219,
2018-03-28,13.434186935424805,13.732724612683713,13.185405695879902,13.434186935424805,15628,
2018-04-02,14.37955379486084,14.628335005668209,13.93174780521258,14.429310226827312,16390,
2018-04-03,14.727849006652832,15.076142159257836,13.931748880801988,14.130773675008433,23665,
2018-04-04,14.877117156982422,15.772730141923128,14.479067574136597,14.877117156982422,36969,
2018-04-05,15.673216819763184,16.7180971818607,14.976629595356496,14.976629595356496,42477,
2018-04-06,15.424436569213867,15.872242602386024,15.424436569213867,15.47419300601635,11759,
2018-04-09,16.07126808166504,16.220536449373327,15.623462029515032,16.021512591779032,17646,
2018-04-10,16.07126808166504,16.618587960662467,15.523950100717885,16.56883057272619,35766,
2018-04-11,15.424436569213867,16.41956150916315,15.22541177102903,16.41956150916315,7242,
2018-04-12,15.076141357421877,16.071266224552694,14.130772923452604,16.071266224552694,23672,
2018-04-13,15.324923515319824,15.77273049224888,14.976630359850104,15.77273049224888,7955,
2018-04-16,14.926874160766602,15.47419306979973,14.7278493617614,15.47419306979973,2970,
2018-04-17,14.777605056762695,15.374679423798275,14.727848622253466,14.926873411265326,5919,
2018-04-18,15.374679565429688,16.71809761540409,14.62833588799111,14.926873548771551,106459,
2018-04-19,14.976630210876465,15.87224225777569,14.777605417012756,15.42443623432608,29965,
2018-04-20,14.926874160766602,15.424436632792156,14.62833648774625,15.424436632792156,7156,
2018-04-23,14.727849006652832,15.374679825080037,14.628336135037072,15.374679825080037,4810,
2018-04-24,14.777605056762695,15.125898200277188,14.429310964223149,14.727848622253466,1784,
2018-04-25,14.678092002868652,14.877116789373728,14.528823650246109,14.777604870633713,3191,
2018-04-26,16.4195613861084,17.464441806004317,14.678092754248416,15.275168093353304,646546,
2018-04-27,15.822486877441406,17.663468478783866,15.673218509343428,16.46931773789949,70188,
2018-04-30,15.523948669433594,16.917123136346202,15.275167446840266,16.917123136346202,25201,
2018-05-02,15.324923515319824,16.867368292925335,15.175655155693528,16.369805828804235,64314,
2018-05-03,15.324923515319824,15.673217619814627,15.175655155693528,15.175655155693528,34845,
2018-05-04,15.275168418884276,15.722974458243648,14.926874305479709,15.125899106414415,22161,
2018-05-07,15.374679565429688,15.822485582087822,15.225411209551996,15.424436000397272,28660,
2018-05-08,15.523948669433594,15.87224181164922,15.275167446840266,15.67321702337957,21807,
2018-05-09,15.374679565429688,15.722973661177717,15.324923130462103,15.52394887033244,25943,
2018-05-10,14.926874160766602,15.673217868804931,14.777605798768976,15.673217868804931,18520,
2018-05-11,14.479068756103516,15.42443730430423,14.28004394843365,14.97663124979075,17849,
2018-05-14,13.93174934387207,14.727849496184067,13.93174934387207,14.42931182043893,17748,
2018-05-15,13.782480239868164,14.827360625288629,13.633210935504485,14.827360625288629,15271,
2018-05-16,13.036136627197266,14.32979824369198,12.787355401098273,12.787355401098273,32284,
2018-05-17,13.384429931640623,14.329798412123592,13.135648702617472,14.329798412123592,9318,
2018-05-18,13.185405731201172,13.9317494518352,13.13564929335388,13.384430533565224,6061,
2018-05-21,12.886868476867676,13.881993470433136,12.837112037384374,13.881993470433136,7063,
2018-05-22,12.936623573303224,13.682967240993792,12.339548259540743,12.787355219375128,10400,
2018-05-23,12.588329315185549,13.533698707611569,12.53857383055263,12.936623401766193,6706,
2018-05-24,12.73759937286377,13.334673765154593,12.538574575433495,13.18540540433816,7867,
2018-05-25,12.986379623413086,13.235160838616306,12.439060760161,12.737598408209866,7606,
2018-05-28,12.73759937286377,13.334673765154593,12.439061702205812,13.334673765154593,7918,
2018-05-29,13.185405731201172,14.329799056563305,12.93662449098983,14.031262327529785,7853,
2018-05-30,13.085892677307127,13.78248089963307,12.936624314823058,13.78248089963307,2321,
2018-05-31,13.235162734985352,13.533700425809489,12.986381484136098,13.03613792411098,9436,
2018-06-01,12.638086318969728,13.185405215847664,12.538574396189697,13.03613685716508,6790,
2018-06-04,11.841984748840332,12.78735406873491,11.642959978503304,12.439060008876384,8742,
2018-06-05,11.991255760192873,12.787355904878412,11.59320521333755,12.787355904878412,7607,
2018-06-06,11.991255760192873,13.235161939693684,11.742474524292708,13.235161939693684,8573,
2018-06-07,12.538576126098633,12.936625770186598,11.941500710941476,11.941500710941476,8203,
2018-06-08,12.538576126098633,12.737600948142616,12.041013596476072,12.240038418520054,6597,
2018-06-11,12.687843322753906,13.036137440635631,12.33954920487218,12.837111688117432,4592,
2018-06-12,12.488818168640137,13.235161872554585,12.240036934001989,12.439061731907488,4589,
2018-06-13,12.638086318969728,13.13564877994511,12.190280293896896,12.439061524384588,5940,
2018-06-14,13.085892677307127,13.93174926211714,12.389305404006294,12.837111440483609,28476,
2018-06-15,12.588329315185549,13.384429406637706,12.53857383055263,12.837110534450282,6019,
2018-06-18,12.687843322753906,12.886868126246982,12.33954920487218,12.38930564300173,6955,
2018-06-19,12.538576126098633,12.737600948142616,12.33955035502944,12.488819683331336,2763,
2018-06-20,12.488818168640137,12.936624201183786,12.439061731907488,12.538574605372784,4821,
2018-06-21,12.439061164855955,12.73759882261751,12.439061164855955,12.439061164855955,3089,
2018-06-22,12.33954906463623,12.737599616123758,12.289793576097262,12.289793576097262,4154,
2018-06-25,12.090767860412598,12.737599652544926,12.04101237173136,12.737599652544926,5395,
2018-06-26,11.841984748840332,12.488816438716883,11.54344806784727,12.041010468202328,14447,
2018-06-27,10.896617889404297,12.339548860773114,10.74734952820325,11.19515556083149,16183,
2018-06-28,11.742474555969238,11.941499355421238,10.249787136541585,10.79710604680341,17987,
2018-06-29,11.792231559753418,12.638087235327514,10.946374935154171,12.638087235327514,9319,
2018-07-02,10.94637393951416,11.841985973137112,10.747349148600732,11.443936391310258,20794,
2018-07-03,10.747349739074709,11.344424144619063,10.6975933013564,10.846861665486207,4489,
2018-07-04,10.79710578918457,10.946374147955751,10.548324558549211,10.79710578918457,2831,
2018-07-05,10.54832363128662,11.045886048818538,10.448810768170238,10.448810768170238,2018,
2018-07-06,10.399055480957031,11.14539918938493,9.752224646596227,10.548324792057672,11769,
2018-07-09,10.24978733062744,10.94637461641229,10.200030892565998,10.94637461641229,11035,
2018-07-10,10.498567581176758,10.647835932249755,10.29954279673775,10.647835932249755,2881,
2018-07-11,10.846860885620115,10.946373753901971,10.44881131054279,10.747348966363308,4663,
2018-07-12,10.647836685180664,11.344423954486858,10.249787088155726,11.145399155974388,9079,
2018-07-13,10.54832363128662,11.095641531351731,10.49856719972843,11.095641531351731,5888,
2018-07-16,10.200030326843262,10.747349217113037,10.15027389154145,10.448811554327245,17923,
2018-07-17,10.150274276733398,10.39905551365836,9.95124947699845,10.050762351378475,1798,
2018-07-18,10.24978733062744,10.399055695786652,9.9512496512839,10.050762527406787,2718,
2018-07-19,10.24978733062744,10.399055695786652,9.9512496512839,9.9512496512839,2110,
2018-07-20,9.90149211883545,10.44881097896731,9.652710905050514,10.44881097896731,9732,
2018-07-23,9.951249122619627,10.20003035068512,9.30441830925938,9.801980765390365,1546,
2018-07-24,10.001006126403809,10.448812172565894,9.752224884199858,9.801981322445672,6711,
2018-07-25,10.24978733062744,10.299543768688885,9.752224848063246,9.851736775161012,5768,
2018-07-26,9.90149211883545,10.39905454640532,9.702467337612504,10.05076141652142,10546,
2018-07-27,10.001006126403809,10.349299296074264,9.752224884199858,9.951249688157992,8615,
2018-07-30,10.448811531066896,10.647836322806013,9.851736206824476,10.647836322806013,9671,
2018-07-31,10.150274276733398,10.896617987508282,9.95124947699845,9.95124947699845,1732,
2018-08-01,10.697593688964844,10.846862058503133,10.548325319426556,10.6478372494437,6873,
2018-08-02,10.747349739074709,10.946374540922823,10.349299186353353,10.548324937226589,2978,
2018-08-03,10.647836685180664,10.946374357461918,10.647836685180664,10.647836685180664,749,
2018-08-06,10.99613094329834,11.891743023248836,10.498568465764706,11.891743023248836,9435,
2018-08-07,10.79710578918457,11.04588701981993,10.448811686685035,10.84686127609158,4727,
2018-08-08,10.697593688964844,11.095643307083709,10.548325319426556,10.6478372494437,2498,
2018-08-09,11.39418125152588,12.538575590157624,10.399056234815756,10.598081048352746,51119,
2018-08-10,11.195155143737791,12.240036480291666,11.04588678809798,11.244911578626084,9064,
2018-08-13,11.045886993408203,11.095642480196242,10.647836455928358,11.095642480196242,1907,
2018-08-14,10.846860885620115,11.095642107299708,10.2000300888632,10.2000300888632,5692,
2018-08-16,10.94637393951416,11.792230487177552,10.001005470906586,10.64783627863149,6244,
2018-08-17,10.747349739074709,11.294668655925872,10.548324937226589,10.846861665486207,7977,
2018-08-20,10.647836685180664,11.39418039137125,10.548324760436978,10.598080248296272,6896,
2018-08-21,12.090767860412598,12.737599652544926,10.448812059278827,10.946374538292105,127868,
2018-08-23,12.33954906463623,13.732724571304908,12.240037138533182,13.732724571304908,31567,
2018-08-24,11.841984748840332,12.687841209053913,11.493691638006773,12.53857286855738,14443,
2018-08-27,11.145398139953612,13.0361359260241,11.145398139953612,13.0361359260241,11027,
2018-08-28,10.846860885620115,11.593204550658887,10.24978652300413,11.145398541440636,18510,
2018-08-29,10.747349739074709,11.394180582337372,10.24978725994185,10.548324937226589,17356,
2018-08-30,10.697593688964844,10.94637493754542,10.6478372494437,10.846862058503133,7780,
2018-08-31,10.647836685180664,11.294668466627565,10.448811886668194,10.548324760436978,17204,
2018-09-03,10.896617889404297,11.19515556083149,10.24978705883296,10.24978705883296,6805,
2018-09-04,10.99613094329834,11.593205346923634,10.548324903323092,11.593205346923634,6615,
2018-09-05,10.647836685180664,11.443936828255644,10.498568323552586,11.39418039137125,15936,
2018-09-06,10.299543380737305,10.69759297218533,10.200030508362756,10.548324612648592,20487,
2018-09-07,10.399055480957031,10.647836717099665,10.249787118881493,10.647836717099665,545,
2018-09-10,10.299543380737305,11.34442379554464,10.15027407217548,11.34442379554464,3548,
2018-09-11,10.150274276733398,10.5483248252284,10.150274276733398,10.299543588303438,11703,
2018-09-12,10.299543380737305,10.448811740274042,9.951249276451469,10.399055304086769,7943,
2018-09-14,10.050763130187988,10.448812760501797,10.050763130187988,10.448812760501797,6552,
2018-09-17,10.399055480957031,10.797106028200304,9.951249445705312,10.797106028200304,12855,
2018-09-18,10.10051727294922,11.145398599225874,10.10051727294922,10.10051727294922,11325,
2018-09-19,10.150274276733398,10.448811950848372,9.95124947699845,10.448811950848372,3667,
2018-09-21,9.702467918395996,10.3492987333457,9.553199560799934,10.150273940209258,6959,
2018-09-24,8.458561897277832,9.70246805864222,8.359049024758646,9.70246805864222,39595,
2018-09-25,8.458561897277832,9.055637234342772,8.458561897277832,8.458561897277832,33028,
2018-09-26,8.707343101501465,8.956124332972935,8.458561870029994,8.956124332972935,4900,
2018-09-27,7.612706184387207,9.204906055912865,7.264412536633558,9.204906055912865,66975,
2018-09-28,6.866361618041992,8.259536514740912,6.468311579769085,7.612705261861501,38690,
2018-10-01,6.717093467712402,7.41368074863311,6.219530988622595,6.468312228167499,31567,
2018-10-03,7.015630722045898,7.264411946593448,6.468311838236279,7.214655511878926,16898,
2018-10-04,6.766849517822266,7.363924363627164,6.717093082958304,7.214655533547807,15098,
2018-10-05,6.866361618041992,7.264411656314899,6.7668492271018925,6.916117576255787,22745,
2018-10-08,6.916118144989014,7.065386980930244,6.66733690992448,6.717093346742407,3793,
2018-10-09,6.916118144989014,7.065386980930244,6.717093346742407,6.96587458180694,6929,
2018-10-10,7.164898872375488,7.363924131032455,6.46831165335739,6.46831165335739,16458,
2018-10-11,6.965874671936035,6.965874671936035,6.6673369961908975,6.6673369961908975,10053,
2018-10-12,7.065386772155762,7.3639244352167585,6.86636197979012,6.965874375972941,13403,
2018-10-15,7.2644124031066895,7.2644124031066895,6.96587472508379,7.11514356409524,2097,
2018-10-16,7.363924503326416,7.662461694636078,7.214655670415316,7.662461694636078,6938,
2018-10-17,7.562949180603027,7.662461576167699,6.916117897663863,7.662461576167699,6331,
2018-10-19,7.115143299102783,7.513193363471041,7.015630901638854,7.214655696566712,10458,
2018-10-22,7.164898872375488,7.413680089812311,6.965874088231036,7.413680089812311,1992,
2018-10-23,6.866361618041992,7.363924047254999,6.617580403435489,6.617580403435489,1440,
2018-10-24,7.015630722045898,7.214655511878926,6.866361892414863,6.866361892414863,4335,
2018-10-25,7.065386772155762,7.115143207503439,6.567824316729123,6.86636197979012,21759,
2018-10-26,7.164898872375488,7.164898872375488,6.518068086649762,7.065386480303262,1733,
2018-10-29,7.413680553436279,7.712218222834906,6.965874523850883,7.712218222834906,10666,
2018-10-30,7.115143299102783,7.115143299102783,7.115143299102783,7.115143299102783,1300,
2018-10-31,6.766849517822266,7.06538670346845,6.717093082958304,6.766849517822266,24484,
2018-11-01,6.866361618041992,7.065386399922191,6.866361618041992,6.965874008982091,2845,
2018-11-02,7.015630722045898,7.164899077164406,6.667336628069307,6.866361892414863,7043,
2018-11-05,6.866361618041992,7.363924047254999,6.468311579769085,7.363924047254999,2741,
2018-11-06,6.916118144989014,7.4634370519360065,6.766849783560333,7.264412253689399,19157,
2018-11-07,7.2644124031066895,7.463437205446917,6.866362323913676,7.1648995274240175,2007,
2018-11-09,7.164898872375488,7.463436523104681,6.965874088231036,7.065386480303262,10715,
2018-11-12,6.965874671936035,7.363924748092034,6.965874671936035,7.115143509808604,23378,
2018-11-13,7.065386772155762,7.164899168338582,6.965874375972941,6.965874375972941,20686,
2018-11-14,7.115143299102783,7.115143299102783,6.86636206818669,6.86636206818669,600,
2018-11-15,7.513193130493164,7.712217919249429,6.965874249644646,7.363924301669702,23475,
2018-11-16,7.21465539932251,8.209780281987683,7.06538657202023,7.712217840655096,2663,
2018-11-19,7.21465539932251,7.463436619988803,7.115143005958497,7.115143005958497,6417,
2018-11-20,7.065386772155762,7.3639244352167585,7.065386772155762,7.21465560368626,2971,
2018-11-21,7.463437080383301,7.761974753403653,6.965874608357748,7.065387007860347,17109,
2018-11-22,7.314168453216553,8.209781023398952,7.214656050865745,8.209781023398952,39596,
2018-11-26,7.21465539932251,7.712217840655096,7.115143005958497,7.115143005958497,4075,
2018-11-27,7.363924503326416,7.463436900429637,7.164899234607436,7.164899234607436,2085,
2018-11-28,7.164898872375488,7.513192956397052,7.164898872375488,7.164898872375488,4886,
2018-11-29,7.164898872375488,7.463436523104681,7.115142913595633,7.463436523104681,2369,
2018-11-30,6.965874671936035,7.413680711041187,6.965874671936035,7.015631109397743,20014,
2018-12-03,7.21465539932251,7.36392422662479,7.015630612594483,7.015630612594483,2310,
2018-12-04,7.015630722045898,7.264411946593448,7.015630722045898,7.264411946593448,4906,
2018-12-05,7.015630722045898,7.015630722045898,6.866361892414863,7.015630722045898,865,
2018-12-06,6.717093467712402,7.164899509088206,6.567824629082949,6.617581066796952,1894,
2018-12-07,7.015630722045898,7.214655511878926,6.816605457700343,6.965874287331378,4117,
2018-12-10,7.115143299102783,7.115143299102783,6.717093234734525,6.717093234734525,1810,
2018-12-11,7.2644124031066895,8.110268050308937,6.96587472508379,7.065387126253904,6209,
2018-12-12,7.314168453216553,7.562949696349854,7.264412489297431,7.264412489297431,1436,
2018-12-13,7.2644124031066895,7.662462007787146,7.1648995274240175,7.513193643288254,1740,
2018-12-14,7.413680553436279,7.562949388135593,7.015630960254836,7.015630960254836,1202,
2018-12-17,7.115143299102783,7.413680491494571,7.015630901638854,7.065386863114548,750,
2018-12-18,7.21465539932251,7.463436619988803,7.115143005958497,7.115143005958497,3494,
2018-12-19,7.363924503326416,8.010755796266158,7.314168067518536,7.463436900429637,4696,
2018-12-20,7.2644124031066895,7.662462007787146,6.96587472508379,7.413680767605581,11972,
2018-12-21,7.065386772155762,7.513193266747257,7.065386772155762,7.164899168338582,5367,
2018-12-24,7.413680553436279,7.712218222834906,7.214655756845557,7.513193426244184,17826,
2018-12-26,7.712218284606934,8.85661158593857,7.214655814632293,8.85661158593857,14119,
2018-12-27,7.413680553436279,7.562949388135593,7.363924591544871,7.562949388135593,1603,
2018-12-28,7.413680553436279,8.558074794626835,7.26441219324951,7.413680553436279,3463,
2018-12-31,7.463437080383301,7.662461879388502,7.2644122813781,7.413680643375725,2518,
2019-01-01,7.463437080383301,8.01075598941643,7.164899407362948,7.164899407362948,2889,
2019-01-02,7.363924503326416,7.861486963355059,7.314168067518536,7.861486963355059,2871,
2019-01-03,7.21465539932251,7.36392422662479,7.21465539932251,7.314167792686523,2367,
2019-01-04,7.164898872375488,7.712217740541504,7.164898872375488,7.712217740541504,1633,
2019-01-07,7.2644124031066895,7.513193643288254,7.2146559652653535,7.513193643288254,4420,
2019-01-08,7.21465539932251,7.264411833260777,7.06538657202023,7.264411833260777,1105,
2019-01-09,7.463437080383301,7.463437080383301,6.965874608357748,7.164899407362948,3527,
2019-01-10,7.164898872375488,7.463436523104681,6.965874088231036,7.363924131032455,833,
2019-01-11,6.866361618041992,7.463436438195098,6.816605185315687,7.015630441708396,34026,
2019-01-14,6.766849517822266,7.0156307431170175,6.617580687742908,6.86636191303766,3213,
2019-01-15,6.866361618041992,7.015630441708396,6.567823970709184,6.7668492271018925,14389,
2019-01-16,6.816605567932129,6.965874399977,6.766849606925529,6.965874399977,1554,
2019-01-17,6.766849517822266,7.264411968411769,6.766849517822266,7.264411968411769,6232,
2019-01-18,6.766849517822266,7.164899098683844,6.617580687742908,7.164899098683844,5259,
2019-01-21,6.766849517822266,6.86636191303766,6.617580687742908,6.766849517822266,3407,
2019-01-22,6.667336463928223,6.866361723374038,6.368799286528275,6.567824071461573,1973,
2019-01-23,6.667336463928223,6.866361723374038,6.567824071461573,6.866361723374038,2259,
2019-01-24,6.717093467712402,6.766849905426406,6.468312228167499,6.766849905426406,3486,
2019-01-25,6.468311786651611,6.61758061509223,6.070261735647469,6.468311786651611,9955,
2019-01-28,6.269288063049316,6.468312885093299,6.269288063049316,6.468312885093299,7293,
2019-01-29,6.468311786651611,6.468311786651611,6.120018169965183,6.120018169965183,8185,
2019-01-30,6.319043159484863,6.319043159484863,6.219530762192294,6.219530762192294,1188,
2019-01-31,6.518068313598633,6.766849539697626,6.219530652474829,6.766849539697626,592,
2019-02-01,6.617581367492676,6.766850212904744,6.31904367666854,6.31904367666854,3235,
2019-02-04,6.020505905151367,6.56782432183897,6.020505905151367,6.319043093932095,5738,
2019-02-05,5.970749855041504,6.219531099001566,5.970749855041504,6.020506293638542,7760,
2019-02-06,6.468311786651611,7.164899020024467,5.821480513083945,5.821480513083945,27231,
2019-02-07,5.82148027420044,6.766849165856284,5.522943104082152,6.219530308870663,12941,
2019-02-08,5.622456073760986,6.368799787768749,5.274162435459875,6.368799787768749,9503,
2019-02-11,5.622456073760986,6.169774512659147,5.274162435459875,6.169774512659147,10695,
2019-02-12,6.717093467712402,6.717093467712402,5.572699670903334,5.672212071818784,41429,
2019-02-14,7.314168453216553,7.712218537132348,6.8166059669499495,7.562949696349854,38325,
2019-02-15,6.020505905151367,7.960999293019971,5.92099303437859,7.960999293019971,83588,
2019-02-18,5.721968650817871,6.219531142193338,5.522943844072712,6.219531142193338,15516,
2019-02-19,5.970749855041504,6.070262257723016,5.57269976980289,5.721968611081441,15882,
2019-02-20,5.771724700927734,5.970749494264883,5.57269943307805,5.970749494264883,20938,
2019-02-21,6.020505905151367,6.070261866025221,5.47318701395123,5.572699410211473,6329,
2019-02-22,6.020505905151367,6.866361985132232,5.572699410211473,6.866361985132232,12716,
2019-02-25,6.020505905151367,6.56782432183897,5.721968241858105,5.871237073504736,5601,
2019-02-26,6.020505905151367,6.368799529318484,5.821480638118347,5.871237073504736,1567,
2019-02-27,6.070262432098389,6.16977483763851,5.821481180991794,5.821481180991794,7471,
2019-02-28,5.871237277984619,6.36879975112717,5.572699604294067,5.871237277984619,19241,
2019-03-01,6.070262432098389,6.16977483763851,5.721968775451672,5.721968775451672,5704,
2019-03-05,6.368799686431885,6.567824483862159,5.9707496170587895,5.9707496170587895,13080,
2019-03-06,6.169774532318115,6.567824609293087,6.169774532318115,6.169774532318115,5119,
2019-03-07,6.269288063049316,6.518069327860598,6.070262766492729,6.070262766492729,5571,
2019-03-08,6.269288063049316,6.468312885093299,6.070262766492729,6.070262766492729,3026,
2019-03-11,6.418555736541748,6.866362248668822,6.319043336462139,6.319043336462139,34970,
2019-03-12,6.617581367492676,6.717093772929862,6.31904367666854,6.717093772929862,18960,
2019-03-13,6.368799686431885,6.717093319191138,6.368799686431885,6.567824483862159,13081,
2019-03-14,6.368799686431885,6.667336882577296,6.368799686431885,6.667336882577296,5132,
2019-03-15,6.269288063049316,6.96587541471586,6.219531620282019,6.96587541471586,4232,
2019-03-18,6.2195305824279785,6.717093029022217,5.970749359130859,6.269287016892412,26499,
2019-03-19,5.970749855041504,6.468312342961629,5.970749855041504,5.970749855041504,818457,
2019-03-20,5.970749855041504,6.070262257723016,5.920993416444465,6.070262257723016,654735,
2019-03-22,5.970749855041504,6.120018696320054,5.970749855041504,6.120018696320054,623495,
2019-03-25,5.67221212387085,5.871237402040697,5.622456160212809,5.721968562041452,466695,
2019-03-26,5.67221212387085,5.67221212387085,5.572699722042207,5.67221212387085,490323,
2019-03-27,5.67221212387085,5.771725000212054,5.224406078385673,5.771725000212054,385680,
2019-03-28,5.572699069976807,5.8712367150432,5.473186679792177,5.8712367150432,281618,
2019-04-01,5.970749855041504,6.468312342961629,5.57269976980289,5.721968611081441,47796,
2019-04-02,5.871237277984619,6.319043314007895,5.821480840865343,6.319043314007895,27810,
2019-04-03,6.020505905151367,6.169774262285464,5.672211806471715,5.771724677244493,3465,
2019-04-04,5.771724700927734,6.020505929855438,5.57269943307805,5.771724700927734,1766,
2019-04-05,5.871237277984619,5.920993240591344,5.572699604294067,5.622456041413344,3877,
2019-04-08,5.970749855041504,5.970749855041504,5.522943805718417,5.522943805718417,2402,
2019-04-09,5.67221212387085,6.120018643868587,5.37367491838492,5.970749803869341,5940,
2019-04-10,5.622456073760986,5.970749712062098,5.622456073760986,5.920993274656559,3503,
2019-04-11,5.871237277984619,5.920993240591344,5.572699604294067,5.622456041413344,6945,
2019-04-12,5.871237277984619,5.871237277984619,5.572699604294067,5.771724878258619,2673,
2019-04-15,5.871237277984619,6.169774477162619,5.622456041413344,5.871237277984619,1678,
2019-04-16,5.871237277984619,5.871237277984619,5.672212004020068,5.871237277984619,4020,
2019-04-18,5.871237277984619,5.871237277984619,5.672212004020068,5.672212004020068,4056,
2019-04-22,5.721968650817871,5.821481054190451,5.672212211875297,5.821481054190451,4307,
2019-04-23,5.920992374420166,6.020505234101163,5.572698789074124,5.672211174242639,7212,
2019-04-24,5.67221212387085,5.970749803869341,5.622456160212809,5.67221212387085,1842,
2019-04-25,5.67221212387085,5.821480963870095,5.473187320213563,5.821480963870095,1563,
2019-04-26,5.47318696975708,5.672211760670507,5.47318696975708,5.47318696975708,7470,
2019-04-30,5.522943496704102,5.67221185511837,5.224405830850487,5.473187060890986,4887,
2019-05-02,5.423430442810059,5.473186876950986,5.224405655271395,5.274162089412323,2976,
2019-05-03,5.622456073760986,5.77172491146505,5.224405998054336,5.77172491146505,3931,
2019-05-06,5.622456073760986,5.77172491146505,5.373674835758399,5.572699636355448,444,
2019-05-07,5.224405765533447,5.721968219393776,5.124893369663888,5.423430557272566,1944,
2019-05-08,5.274161815643311,5.473186592851078,5.025380606877352,5.224405384085119,5560,
2019-05-09,5.025381565093994,5.274162821296418,4.627331460267598,5.274162821296418,9538,
2019-05-10,4.776599884033203,5.025381118107587,4.726843447413307,4.876112282760447,5903,
2019-05-13,4.577574253082275,4.975624291287801,4.478061862159021,4.975624291287801,8610,
2019-05-14,4.1297688484191895,4.5278189436606615,3.930743800798453,4.378550098631037,18063,
2019-05-15,4.229280948638916,4.328793346645559,3.98049971636604,4.328793346645559,17228,
2019-05-16,4.229280948638916,4.229280948638916,4.030256152625631,4.229280948638916,3346,
2019-05-17,4.478062152862549,4.478062152862549,4.179524486200029,4.179524486200029,1945,
2019-05-20,4.229280948638916,4.6273310151780285,4.030256152625631,4.229280948638916,4803,
2019-05-21,4.328793048858643,4.3785494816953845,4.179524224860929,4.179524224860929,1406,
2019-05-22,4.229280948638916,4.4283057446522,4.080012114372681,4.080012114372681,6874,
2019-05-23,4.030256271362305,4.378549911903015,3.980499833636821,4.229281073239123,10219,
2019-05-24,4.030256271362305,4.17952463551364,3.880987432698413,4.030256271362305,17744,
2019-05-27,4.179523944854736,4.378549188355544,3.731717977374757,4.378549188355544,7381,
2019-05-28,4.1297688484191895,4.328793658783637,4.030256443236966,4.229281253601413,1806,
2019-05-29,4.279036998748779,4.328792956005742,4.030255788926467,4.030255788926467,1713,
2019-05-30,4.627330780029297,4.67708673924788,4.279037167449139,4.67708673924788,11204,
2019-05-31,5.075137138366699,5.075137138366699,4.726843501574264,5.025381175689239,11810,
2019-06-03,5.274161815643311,5.323917772689003,5.025380606877352,5.323917772689003,29194,
2019-06-04,5.323918342590332,5.522943615615351,5.124893544077863,5.274162380218489,11660,
2019-06-06,5.423430442810059,5.572699270720317,5.174649221130468,5.423430442810059,9693,
2019-06-07,5.572699069976807,5.622455502325375,5.224405467074351,5.572699069976807,2040,
2019-06-10,5.323918342590332,5.622456014871586,5.323918342590332,5.323918342590332,359,
2019-06-11,5.323918342590332,5.473187178730959,5.075137107193471,5.075137107193471,4159,
2019-06-12,5.124893665313721,5.473187308206145,5.075137227252277,5.473187308206145,1710,
2019-06-13,4.925868034362793,5.3736745212673815,4.876112074381745,4.876112074381745,4537,
2019-06-14,5.025381565093994,5.124893972672446,4.72684386784605,5.124893972672446,2949,
2019-06-17,5.124893665313721,5.224406066924048,4.776600022421296,4.776600022421296,900,
2019-06-18,4.87611198425293,5.17464916215871,4.87611198425293,4.87611198425293,1827,
2019-06-19,4.677087306976318,5.075137401604906,4.677087306976318,5.075137401604906,4555,
2019-06-20,4.478062152862549,4.876112216908394,4.478062152862549,4.826355780960461,998,
2019-06-21,4.279036998748779,4.577574165828055,4.279036998748779,4.279036998748779,598,
2019-06-24,4.179523944854736,4.478061572849708,4.080011560360572,4.080011560360572,574,
2019-06-25,4.328793048858643,4.3785494816953845,4.080011833699956,4.080011833699956,1562,
2019-06-26,4.179523944854736,4.527818002353031,4.179523944854736,4.179523944854736,1328,
2019-06-27,4.229280948638916,4.378549782905151,3.98049971636604,4.179524512379323,20275,
2019-06-28,4.1297688484191895,4.378550098631037,4.080012408571789,4.378550098631037,2451,
2019-07-01,4.1297688484191895,4.229281253601413,3.980500003389565,4.080012408571789,2113,
2019-07-02,4.08001184463501,4.328793060460468,4.030255886177425,4.229280669032787,4610,
2019-07-03,3.980499744415283,4.229280978441238,3.980499744415283,4.229280978441238,2827,
2019-07-04,3.9307432174682617,4.179524193504224,3.9307432174682617,3.9804994126754543,4615,
2019-07-05,4.08001184463501,4.08001184463501,3.781474433095712,3.781474433095712,3260,
2019-07-08,4.229280948638916,4.279037384898508,3.930743517362717,4.279037384898508,1821,
2019-07-09,4.08001184463501,4.279037102002883,4.030255886177425,4.279037102002883,6508,
2019-07-10,3.9307432174682617,4.179524193504224,3.9307432174682617,3.9307432174682617,92,
2019-07-11,3.9307432174682617,4.080011803089839,3.9307432174682617,3.9307432174682617,2479,
2019-07-12,4.030256271362305,4.08001223457523,3.831230994972929,3.880987432698413,18751,
2019-07-15,4.08001184463501,4.08001184463501,3.930743257493488,3.980499453207329,2112,
2019-07-16,3.9307432174682617,4.129768235553286,3.9307432174682617,3.9804994126754543,618,
2019-07-17,4.08001184463501,4.08001184463501,3.831230628809552,3.831230628809552,3541,
2019-07-18,3.980499744415283,4.080012143123156,3.930743545061347,4.080012143123156,5822,
2019-07-19,4.030256271362305,4.17952463551364,3.880987432698413,3.880987432698413,4434,
2019-07-22,3.8809871673583984,4.0302559958169,3.8809871673583984,4.0302559958169,2406,
2019-07-23,3.8809871673583984,3.8809871673583984,3.731718338899897,3.731718338899897,2057,
2019-07-24,3.7317185401916495,4.030256213212002,3.7317185401916495,3.781474739942951,18727,
2019-07-25,3.6322062015533447,3.880987441734909,3.5824497637120087,3.7317186027234586,1414,
2019-07-26,3.7814745903015137,3.7814745903015137,3.7814745903015137,3.7814745903015137,1216,
2019-07-29,3.9307432174682617,3.9307432174682617,3.9307432174682617,3.9307432174682617,1101,
2019-07-30,4.030256271362305,4.08001223457523,3.831230994972929,3.9307436331676167,6485,
2019-07-31,4.08001184463501,4.229280669032787,4.030255886177425,4.030255886177425,3758,
2019-08-01,3.9307432174682617,4.279037058431117,3.880987022261069,4.279037058431117,2363,
2019-08-02,3.980499744415283,4.080012143123156,3.781474709743264,3.930743545061347,5852,
2019-08-05,4.179523944854736,4.179523944854736,4.030255605369729,4.129767989863894,3939,
2019-08-06,4.378549575805664,4.378549575805664,3.9804995280937816,3.9804995280937816,2495,
2019-08-07,4.478062152862549,4.776599819525068,4.080012088816703,4.080012088816703,22968,
2019-08-08,4.726843357086182,4.9258681507374265,4.478062127765856,4.9258681507374265,52824,
2019-08-09,4.726843357086182,5.174649380057752,4.478062127765856,5.174649380057752,5771,
2019-08-13,4.975624561309815,5.174649353957193,4.378549708855144,4.378549708855144,2384,
2019-08-14,4.826355934143066,5.423430811905988,4.627331133059611,5.423430811905988,6605,
2019-08-16,4.826355934143066,5.025381209739077,4.478062294990743,5.025381209739077,3919,
2019-08-19,4.627330780029297,4.87611199965977,4.627330780029297,4.87611199965977,540,
2019-08-20,4.577574253082275,4.577574253082275,4.577574253082275,4.577574253082275,16,
2019-08-21,4.378549575805664,4.378549575805664,4.378549575805664,4.378549575805664,11,
2019-08-22,4.179523944854736,4.577573957343873,4.179523944854736,4.577573957343873,2467,
2019-08-23,4.179523944854736,4.179523944854736,4.179523944854736,4.179523944854736,23,
2019-08-26,4.179523944854736,4.179523944854736,3.980499175866408,4.179523944854736,4042,
2019-08-27,3.980499744415283,4.378549813759321,3.980499744415283,4.378549813759321,2251,
2019-08-28,4.08001184463501,4.08001184463501,3.781474433095712,3.781474433095712,101,
2019-08-29,3.8809871673583984,3.980499561493224,3.8809871673583984,3.980499561493224,19,
2019-08-30,3.831230878829956,3.831230878829956,3.7317184809082447,3.831230878829956,2812,
2019-09-03,3.9307432174682617,3.9307432174682617,3.6819620041760457,3.6819620041760457,538,
2019-09-04,3.7814745903015137,3.7814745903015137,3.7814745903015137,3.7814745903015137,559,
2019-09-05,3.6322062015533447,3.9307436423199658,3.6322062015533447,3.6322062015533447,626,
2019-09-06,3.7317185401916495,3.781474739942951,3.482937304178874,3.781474739942951,549,
2019-09-09,3.582449436187744,3.731718261552341,3.582449436187744,3.731718261552341,6384,
2019-09-11,3.4829373359680176,3.5824497363788783,3.4829373359680176,3.5824497363788783,134,
2019-09-12,3.4829373359680176,3.6322061738405855,3.4829373359680176,3.4829373359680176,1798,
2019-09-13,3.582449436187744,3.6322058694801145,3.582449436187744,3.6322058694801145,22910,
2019-09-16,3.6322062015533447,3.7317186027234586,3.6322062015533447,3.7317186027234586,52043,
2019-09-17,3.7814745903015137,3.7814745903015137,3.6819621947368417,3.7814745903015137,3694,
2019-09-18,3.7814745903015137,3.930743420904787,3.7814745903015137,3.930743420904787,64211,
2019-09-19,3.7814745903015137,3.8312307880838494,3.632205996954506,3.6819621947368417,46910,
2019-09-20,3.831230878829956,3.831230878829956,3.781474679869101,3.781474679869101,51109,
2019-09-23,3.7317185401916495,3.980499776204427,3.7317185401916495,3.7317185401916495,100888,
2019-09-24,3.7814745903015137,3.880987223122451,3.6819621947368417,3.6819621947368417,51832,
2019-09-25,3.681962251663208,3.9307434816775295,3.632206053111598,3.681962251663208,133240,
2019-09-26,3.7317185401916495,3.7317185401916495,3.5326935039301737,3.582449703681474,707,
2019-09-27,3.8809871673583984,3.8809871673583984,3.5824495104413967,3.5824495104413967,132034,
2019-09-30,4.030256271362305,4.030256271362305,3.73171859403452,3.880987432698413,128614,
2019-10-01,3.831230878829956,4.030256149185921,3.831230878829956,4.030256149185921,1016,
2019-10-03,3.980499744415283,3.980499744415283,3.681962311035392,3.8809873457074096,7586,
2019-10-04,4.179523944854736,4.179523944854736,3.980499175866408,3.980499175866408,4406,
2019-10-07,4.378549575805664,4.378549575805664,4.030255961999962,4.328793141899483,4922,
2019-10-09,4.52781867980957,4.7765999155241055,4.279037444095034,4.279037444095034,135542,
2019-10-10,4.826355934143066,4.876112371670208,4.129768655838418,4.527818732517884,95227,
2019-10-11,4.726843357086182,4.975624586406507,4.577574524591479,4.975624586406507,5960,
2019-10-14,4.577574253082275,4.726843076723411,4.577574253082275,4.726843076723411,211,
2019-10-15,4.4283061027526855,4.627331389372941,4.378550136982058,4.627331389372941,3430,
2019-10-16,4.826355934143066,4.826355934143066,4.4283058574636005,4.4283058574636005,7588,
2019-10-17,4.677087306976318,5.274162686175488,4.478062496918313,5.274162686175488,8887,
2019-10-18,4.478062152862549,4.726843383577135,4.229280922147963,4.229280922147963,26873,
2019-10-22,4.030256271362305,4.776599990169209,4.030256271362305,4.030256271362305,7024,
2019-10-23,4.030256271362305,4.2790375109646055,3.880987432698413,3.880987432698413,3919,
2019-10-24,3.831230878829956,4.179524508812217,3.681962281947389,3.831230878829956,3025,
2019-10-25,3.681962251663208,3.781474648766429,3.681962251663208,3.681962251663208,8323,
2019-10-29,3.7317185401916495,3.831230939694251,3.7317185401916495,3.781474739942951,4479,
2019-10-30,3.8809871673583984,3.8809871673583984,3.681962141832485,3.8809871673583984,2500,
2019-10-31,3.8809871673583984,3.8809871673583984,3.8809871673583984,3.8809871673583984,1101,
2019-11-01,3.7317185401916495,3.930743576453127,3.7317185401916495,3.7317185401916495,4272,
2019-11-04,3.8809871673583984,3.8809871673583984,3.681962141832485,3.681962141832485,4690,
2019-11-05,3.980499744415283,3.980499744415283,3.731718510389328,3.8809873457074096,2100,
2019-11-06,4.08001184463501,4.179524236062691,3.880987061779648,3.880987061779648,1272,
2019-11-07,3.9307432174682617,4.22928062596767,3.9307432174682617,4.22928062596767,2901,
2019-11-08,3.8809871673583984,4.080011955628049,3.8809871673583984,3.8809871673583984,3706,
2019-11-11,4.030256271362305,4.030256271362305,3.781474794503725,4.030256271362305,1479,
2019-11-13,3.8809871673583984,4.0302559958169,3.8312307330347233,3.8809871673583984,1382,
2019-11-14,3.9307432174682617,4.030255845138901,3.9307432174682617,3.9804994126754543,3360,
2019-11-15,3.831230878829956,4.080012110890506,3.831230878829956,4.080012110890506,784,
2019-11-18,3.980499744415283,3.980499744415283,3.731718510389328,3.980499744415283,1161,
2019-11-19,3.980499744415283,4.179524541831029,3.781474709743264,3.781474709743264,4548,
2019-11-20,3.831230878829956,4.080012110890506,3.831230878829956,3.880987315047083,596,
2019-11-21,3.831230878829956,3.831230878829956,3.831230878829956,3.831230878829956,410,
2019-11-22,3.9307432174682617,3.9804994126754543,3.6819620041760457,3.8312305897976233,6183,
2019-11-25,3.980499744415283,4.080012143123156,3.8312309090972008,4.080012143123156,3762,
2019-11-26,3.9307432174682617,4.179524193504224,3.8312305897976233,4.179524193504224,4132,
2019-11-27,3.831230878829956,4.080012110890506,3.781474679869101,4.080012110890506,994,
2019-11-28,3.7814745903015137,3.980499618687123,3.731718392519178,3.8312307880838494,2668,
2019-11-29,3.9307432174682617,3.9307432174682617,3.781474394590431,3.9307432174682617,2794,
2019-12-02,3.831230878829956,3.9307435140079385,3.781474679869101,3.9307435140079385,26726,
2019-12-03,3.681962251663208,3.781474648766429,3.681962251663208,3.731718450214818,2933,
2019-12-04,3.582449436187744,3.681962065516228,3.582449436187744,3.681962065516228,1443,
2019-12-05,3.7317185401916495,3.7317185401916495,3.5326935039301737,3.7317185401916495,5558,
2019-12-06,3.8809871673583984,4.080011955628049,3.632205944765072,4.080011955628049,5576,
2019-12-09,3.7814745903015137,4.080012014251794,3.5824495619159045,3.632205996954506,7536,
2019-12-10,4.030256271362305,4.030256271362305,3.532693554901423,3.532693554901423,7322,
2019-12-11,3.7814745903015137,4.179524409816467,3.632205996954506,3.6819621947368417,3760,
2019-12-12,3.681962251663208,3.98049968022914,3.681962251663208,3.781474648766429,1032,
2019-12-13,4.030256271362305,4.030256271362305,3.6819623935653154,3.880987432698413,25856,
2019-12-16,3.980499744415283,4.030256181025493,3.8312309090972008,4.030256181025493,15413,
2019-12-17,4.179523944854736,4.328792758852223,3.731717977374757,3.980499175866408,12590,
2019-12-18,3.8809871673583984,4.229280784086551,3.8312307330347233,4.229280784086551,5803,
2019-12-19,3.9307432174682617,4.030255845138901,3.8312305897976233,3.880987022261069,5096,
2019-12-20,3.831230878829956,4.179524508812217,3.831230878829956,4.179524508812217,7490,
2019-12-23,3.7317185401916495,3.980499776204427,3.68196234044035,3.781474739942951,6231,
2019-12-24,3.7317185401916495,3.980499776204427,3.5326935039301737,3.5326935039301737,12439,
2019-12-26,4.030256271362305,4.08001223457523,3.781474794503725,3.9307436331676167,4916,
2019-12-27,3.980499744415283,4.279037415051448,3.781474709743264,3.781474709743264,3861,
2019-12-30,4.378549575805664,4.378549575805664,3.582449480381899,3.7814745042378406,9424,
2019-12-31,4.577574253082275,4.776599509441293,4.279037080312513,4.378549471235767,8489,
2020-01-01,4.229280948638916,4.925868209197955,4.129768550632273,4.229280948638916,18920,
2020-01-02,4.378549575805664,4.428305535199324,4.030255961999962,4.129768355299802,35610,
2020-01-03,4.279036998748779,4.577574165828055,4.179524135209854,4.179524135209854,25418,
2020-01-06,4.1297688484191895,4.42830606396586,4.080012408571789,4.378550098631037,6951,
2020-01-07,4.179523944854736,4.328792758852223,3.980499175866408,4.328792758852223,1530,
2020-01-08,4.1297688484191895,4.279037693448814,4.030256443236966,4.080012408571789,9749,
2020-01-09,4.179523944854736,4.179523944854736,4.080011560360572,4.179523944854736,3807,
2020-01-10,4.179523944854736,4.179523944854736,3.980499175866408,4.080011560360572,17194,
2020-01-13,4.030256271362305,4.17952463551364,3.980499833636821,4.129768672300713,320780,
2020-01-14,4.179523944854736,4.2292803743580585,3.8312303618689216,4.179523944854736,525015,
2020-01-15,4.08001184463501,4.378549493430564,4.030255886177425,4.030255886177425,158495,
2020-01-16,4.279036998748779,4.279036998748779,4.080011746183429,4.080011746183429,538436,
2020-01-17,4.478062152862549,4.478062152862549,4.1297685247646365,4.1297685247646365,441505,
2020-01-20,4.378549575805664,4.677086755705185,4.378549575805664,4.378549575805664,417216,
2020-01-21,4.328793048858643,4.577574264017329,4.279037090534412,4.577574264017329,452726,
2020-01-22,4.179523944854736,4.378549188355544,4.129767989863894,4.328792758852223,419577,
2020-01-23,4.378549575805664,4.378549575805664,4.080011921393622,4.080011921393622,408723,
2020-01-24,4.378549575805664,4.577574362405345,4.179524314693462,4.229280748599643,343741,
2020-01-27,4.229280948638916,4.4283057446522,4.229280948638916,4.229280948638916,12770,
2020-01-28,4.229280948638916,4.328793346645559,4.080012114372681,4.229280948638916,2559,
2020-01-29,4.08001184463501,4.279037102002883,4.08001184463501,4.179524236062691,6508,
2020-01-30,3.8809871673583984,4.080011955628049,3.8809871673583984,4.080011955628049,1767,
2020-01-31,3.831230878829956,4.030256149185921,3.781474679869101,3.980499712968794,4314,
2020-02-03,3.980499744415283,4.080012143123156,3.781474709743264,3.781474709743264,4940,
2020-02-04,3.9307432174682617,4.080011803089839,3.8312305897976233,4.080011803089839,1051,
2020-02-05,3.8809871673583984,4.0302559958169,3.7814745359673103,3.930743364425811,13999,
2020-02-06,3.7814745903015137,3.930743420904787,3.5326933641335683,3.7814745903015137,19902,
2020-02-07,3.8809871673583984,3.8809871673583984,3.632205944765072,3.8809871673583984,11343,
2020-02-10,3.831230878829956,3.880987315047083,3.681962281947389,3.880987315047083,6058,
2020-02-11,3.7317185401916495,3.831230939694251,3.63220614068905,3.831230939694251,543,
2020-02-12,3.831230878829956,3.831230878829956,3.7317184809082447,3.831230878829956,105459,
2020-02-13,3.7814745903015137,3.880987223122451,3.5824495619159045,3.632205996954506,6153,
2020-02-14,3.831230878829956,3.880987315047083,3.5326934478085508,3.7317184809082447,158249,
2020-02-17,3.831230878829956,3.831230878829956,3.681962281947389,3.831230878829956,249,
2020-02-18,3.582449436187744,3.731718261552341,3.582449436187744,3.681962065516228,1402,
2020-02-19,3.433180809020996,3.6322058281574496,3.283911985354592,3.333668180824642,3110,
2020-02-20,3.7317185401916495,3.7317185401916495,3.3336684676686974,3.383424904676273,5818,
2020-02-24,3.582449436187744,3.980499478989164,3.433180848079405,3.482937044115518,7650,
2020-02-25,3.333668231964112,3.632205883876576,3.234155839497462,3.3834246654536946,27158,
2020-02-26,3.134644031524658,3.333668853568641,3.134644031524658,3.134644031524658,5740,
2020-02-27,3.433180809020996,3.433180809020996,2.985374575278039,2.985374575278039,17653,
2020-02-28,3.7317185401916495,3.7317185401916495,3.63220614068905,3.68196234044035,31740,
2020-03-02,3.8809871673583984,4.080011955628049,3.532693313373984,3.731718338899897,4579,
2020-03-03,3.8809871673583984,3.8809871673583984,3.681962141832485,3.681962141832485,388,
2020-03-04,3.8809871673583984,4.229280784086551,3.5824495104413967,3.5824495104413967,171900,
2020-03-05,3.7317185401916495,3.831230939694251,3.5326935039301737,3.582449703681474,3279,
2020-03-06,3.383424758911133,3.6322059842058847,3.383424758911133,3.383424758911133,2105,
2020-03-09,3.383424758911133,3.43318095651883,3.0848870987524184,3.184399731224078,55669,
2020-03-11,3.0848872661590576,3.3336685049543453,3.0848872661590576,3.3336685049543453,9551,
2020-03-12,2.786349534988404,2.985374552613915,2.786349534988404,2.985374552613915,7085,
2020-03-13,2.6868374347686768,2.7863498356927363,2.6868374347686768,2.6868374347686768,9120,
2020-03-16,2.786349534988404,2.786349534988404,2.686837144803774,2.686837144803774,645,
2020-03-17,2.885862350463867,2.885862350463867,2.786349716539025,2.786349716539025,2313,
2020-03-18,2.885862350463867,2.985374747132441,2.885862350463867,2.9356185487981543,6610,
2020-03-19,2.786349534988404,2.786349534988404,2.786349534988404,2.786349534988404,1496,
2020-03-20,2.786349534988404,2.786349534988404,2.786349534988404,2.786349534988404,0,
2020-03-23,2.786349534988404,2.786349534988404,2.786349534988404,2.786349534988404,74,
2020-03-24,2.786349534988404,2.786349534988404,2.786349534988404,2.786349534988404,1000,
2020-03-25,2.6868374347686768,2.6868374347686768,2.6868374347686768,2.6868374347686768,996,
2020-03-26,2.587324619293213,2.587324619293213,2.587324619293213,2.587324619293213,1118,
2020-03-27,2.4878122806549072,2.5873246769785965,2.4878122806549072,2.5873246769785965,746,
2020-03-30,2.4878122806549072,2.4878122806549072,2.4878122806549072,2.4878122806549072,778,
2020-03-31,2.4878122806549072,2.4878122806549072,2.4878122806549072,2.4878122806549072,0,
2020-04-01,2.3882999420166016,2.3882999420166016,2.3882999420166016,2.3882999420166016,730,
2020-04-03,2.3882999420166016,2.3882999420166016,2.2887873060330834,2.2887873060330834,31,
2020-04-07,2.338543653488159,2.487812498287952,2.2887874509736577,2.3883000932589487,1090,
2020-04-08,2.438055992126465,2.438055992126465,2.288787165917316,2.288787165917316,792,
2020-04-09,2.637080907821656,2.637080907821656,2.637080907821656,2.637080907821656,50,
2020-04-13,2.885862350463867,2.885862350463867,2.637081121536164,2.637081121536164,45,
2020-04-15,3.134644031524658,3.134644031524658,2.8858627667133776,2.8858627667133776,702,
2020-04-16,3.433180809020996,3.433180809020996,2.88586218433794,3.134643398944443,4755,
2020-04-17,3.383424758911133,3.43318095651883,3.383424758911133,3.43318095651883,721,
2020-04-20,3.383424758911133,3.383424758911133,3.383424758911133,3.383424758911133,40,
2020-04-21,3.383424758911133,3.383424758911133,3.383424758911133,3.383424758911133,0,
2020-04-22,3.2341558933258057,3.2341558933258057,3.2341558933258057,3.2341558933258057,249,
2020-04-23,3.1843998432159424,3.1843998432159424,3.134643643858374,3.1843998432159424,1665,
2020-04-24,3.2341558933258057,3.2341558933258057,3.0351308678237343,3.0351308678237343,646,
2020-04-27,3.1843998432159424,3.28391224193108,3.134643643858374,3.28391224193108,3182,
2020-04-28,3.134644031524658,3.184400237035654,3.134644031524658,3.184400237035654,1365,
2020-04-29,2.985374927520752,3.1843999701400585,2.985374927520752,3.1843999701400585,1124,
2020-04-30,3.134644031524658,3.134644031524658,3.0351313832463647,3.0351313832463647,1650,
2020-05-04,3.283912181854248,3.283912181854248,3.134643586512305,3.134643586512305,2726,
2020-05-05,3.433180809020996,3.433180809020996,3.283911985354592,3.283911985354592,4063,
2020-05-06,3.582449436187744,3.582449436187744,3.383424652043292,3.383424652043292,7930,
2020-05-07,3.7317185401916495,3.7317185401916495,3.482937304178874,3.482937304178874,14538,
2020-05-08,3.7317185401916495,3.781474739942951,3.68196234044035,3.7317185401916495,2237,
2020-05-11,3.8809871673583984,3.8809871673583984,3.731718338899897,3.731718338899897,2049,
2020-05-12,3.7317185401916495,3.8809873767018255,3.7317185401916495,3.8809873767018255,6425,
2020-05-13,3.831230878829956,3.880987315047083,3.582449646769406,3.880987315047083,5323,
2020-05-14,3.831230878829956,3.831230878829956,3.681962281947389,3.831230878829956,111,
2020-05-15,3.831230878829956,3.831230878829956,3.831230878829956,3.831230878829956,499,
2020-05-18,3.7317185401916495,3.831230939694251,3.68196234044035,3.7317185401916495,12057,
2020-05-19,3.7317185401916495,3.7317185401916495,3.7317185401916495,3.7317185401916495,0,
2020-05-20,3.7317185401916495,3.7317185401916495,3.7317185401916495,3.7317185401916495,0,
2020-05-21,3.7317185401916495,3.7317185401916495,3.582449703681474,3.7317185401916495,50,
2020-05-22,3.7814745903015137,3.7814745903015137,3.5824495619159045,3.5824495619159045,136,
2020-05-26,3.9307432174682617,3.9307432174682617,3.781474394590431,3.781474394590431,12782,
2020-05-27,4.08001184463501,4.08001184463501,3.930743257493488,3.930743257493488,2010,
2020-05-28,4.08001184463501,4.08001184463501,4.08001184463501,4.08001184463501,300,
2020-05-29,3.980499744415283,4.229280978441238,3.980499744415283,4.229280978441238,180,
2020-06-01,3.8809871673583984,4.179524349762875,3.8809871673583984,3.8809871673583984,3569,
2020-06-02,3.7814745903015137,3.930743420904787,3.731718392519178,3.930743420904787,8145,
2020-06-03,3.6322062015533447,3.9307436423199658,3.6322062015533447,3.9307436423199658,2453,
2020-06-04,3.7814745903015137,3.7814745903015137,3.5326933641335683,3.5326933641335683,253,
2020-06-05,3.9307432174682617,3.9307432174682617,3.9307432174682617,3.9307432174682617,1361,
2020-06-08,4.08001184463501,4.08001184463501,3.781474433095712,3.930743257493488,3027,
2020-06-09,4.179523944854736,4.27903680386138,4.080011560360572,4.27903680386138,9209,
2020-06-10,4.328793048858643,4.3785494816953845,4.328793048858643,4.328793048858643,30837,
2020-06-11,4.478062152862549,4.527818588810482,4.1297685247646365,4.527818588810482,40697,
2020-06-12,4.279036998748779,4.67708655485448,4.279036998748779,4.627330597597517,10528,
2020-06-15,4.1297688484191895,4.478062503813261,4.1297688484191895,4.478062503813261,1344,
2020-06-16,4.279036998748779,4.328792956005742,3.930743162643792,3.930743162643792,10293,
2020-06-17,4.08001184463501,4.478061884858245,4.08001184463501,4.279037102002883,17595,
2020-06-18,4.279036998748779,4.279036998748779,4.080011746183429,4.080011746183429,2717,
2020-06-19,4.478062152862549,4.478062152862549,4.478062152862549,4.478062152862549,5851,
2020-06-22,4.677087306976318,4.677087306976318,4.478062496918313,4.478062496918313,6541,
2020-06-23,4.87611198425293,4.87611198425293,4.677086724469891,4.87611198425293,4561,
2020-06-24,5.075137138366699,5.075137138366699,4.876112338631751,4.876112338631751,3018,
2020-06-25,5.075137138366699,5.323918375291661,4.826355901441738,5.323918375291661,11599,
2020-06-26,5.323918342590332,5.323918342590332,5.075137107193471,5.323918342590332,6863,
2020-06-29,5.572699069976807,5.572699069976807,5.572699069976807,5.572699069976807,6864,
2020-06-30,5.82148027420044,5.82148027420044,5.82148027420044,5.82148027420044,1132,
2020-07-01,6.070262432098389,6.070262432098389,5.572699929885199,6.070262432098389,18846,
2020-07-02,5.970749855041504,6.368799940280117,5.77172504967848,6.368799940280117,21619,
2020-07-03,5.721968650817871,6.169774703250764,5.672212211875297,5.672212211875297,9086,
2020-07-06,5.920992374420166,5.970748804260665,5.87123641909215,5.970748804260665,5843,
2020-07-07,5.871237277984619,5.970749677710619,5.672212004020068,5.970749677710619,2149,
2020-07-08,5.871237277984619,5.920993240591344,5.672212004020068,5.871237277984619,631,
2020-07-09,5.622456073760986,5.77172491146505,5.622456073760986,5.77172491146505,200,
2020-07-10,5.3736748695373535,5.871237348670209,5.3736748695373535,5.622456109103781,2182,
2020-07-13,5.124893665313721,5.373674906595818,5.124893665313721,5.373674906595818,3386,
2020-07-14,5.274161815643311,5.3736742042471946,4.876111786715278,5.3736742042471946,1376,
2020-07-15,5.025381565093994,5.274162821296418,5.025381565093994,5.274162821296418,1142,
2020-07-16,4.776599884033203,5.274162352181972,4.776599884033203,4.776599884033203,4302,
2020-07-17,4.577574253082275,4.577574253082275,4.577574253082275,4.577574253082275,1264,
2020-07-20,4.577574253082275,4.776599509441293,4.577574253082275,4.776599509441293,2053,
2020-07-21,4.378549575805664,4.776599623517546,4.378549575805664,4.378549575805664,1940,
2020-07-22,4.179523944854736,4.577573957343873,4.179523944854736,4.378549188355544,4426,
2020-07-23,4.179523944854736,4.2292803743580585,4.179523944854736,4.179523944854736,2085,
2020-07-24,3.980499744415283,4.179524541831029,3.980499744415283,4.179524541831029,280,
2020-07-27,3.980499744415283,4.129768579733366,3.980499744415283,3.980499744415283,297,
2020-07-28,3.980499744415283,4.179524541831029,3.781474709743264,3.781474709743264,5635,
2020-07-29,3.8809871673583984,4.179524349762875,3.7814745359673103,4.179524349762875,1708,
2020-07-30,3.980499744415283,3.980499744415283,3.8809873457074096,3.8809873457074096,2056,
2020-07-31,3.980499744415283,3.980499744415283,3.980499744415283,3.980499744415283,3791,
2020-08-03,4.08001184463501,4.08001184463501,3.781474433095712,3.781474433095712,348,
2020-08-04,3.9307432174682617,4.080011803089839,3.880987022261069,4.080011803089839,4565,
2020-08-05,3.8809871673583984,4.080011955628049,3.7814745359673103,3.8809871673583984,18391,
2020-08-06,3.980499744415283,4.030256181025493,3.731718510389328,3.8809873457074096,10777,
2020-08-07,3.831230878829956,3.980499712968794,3.781474679869101,3.980499712968794,5925,
2020-08-10,3.831230878829956,3.9307435140079385,3.681962281947389,3.880987315047083,13171,
2020-08-11,3.980499744415283,3.980499744415283,3.8809873457074096,3.980499744415283,3633,
2020-08-12,3.9307432174682617,4.179524193504224,3.781474394590431,3.880987022261069,11719,
2020-08-13,4.08001184463501,4.08001184463501,3.831230628809552,3.831230628809552,19757,
2020-08-14,4.279036998748779,4.279036998748779,4.279036998748779,4.279036998748779,3537,
2020-08-17,4.378549575805664,4.478061969105505,4.080011921393622,4.478061969105505,18912,
2020-08-18,4.577574253082275,4.577574253082275,4.179524214876749,4.179524214876749,11915,
2020-08-19,4.378549575805664,4.726843189611365,4.378549575805664,4.577574362405345,4715,
2020-08-20,4.577574253082275,4.577574253082275,4.378549471235767,4.378549471235767,12426,
2020-08-21,4.52781867980957,4.7765999155241055,4.378549843478338,4.378549843478338,22945,
2020-08-24,4.4283061027526855,4.677087355143569,4.328793696698849,4.677087355143569,14485,
2020-08-25,4.328793048858643,4.627330696854071,4.22928065769767,4.627330696854071,20664,
2020-08-26,4.4283061027526855,4.4283061027526855,4.129768884591175,4.179524850361803,20299,
2020-08-27,4.4283061027526855,4.577574949089732,4.229281290645012,4.577574949089732,5824,
2020-08-28,4.478062152862549,4.527818588810482,4.279037358095896,4.478062152862549,3604,
2020-08-31,4.279036998748779,4.279036998748779,4.279036998748779,4.279036998748779,232,
2020-09-01,4.08001184463501,4.279037102002883,4.08001184463501,4.279037102002883,7556,
2020-09-02,3.980499744415283,4.179524541831029,3.980499744415283,3.980499744415283,4160,
2020-09-03,3.8809871673583984,4.179524349762875,3.7814745359673103,3.7814745359673103,1681,
2020-09-04,3.9307432174682617,4.030255845138901,3.7317181993832382,3.781474394590431,3608,
2020-09-07,4.08001184463501,4.08001184463501,3.930743257493488,4.08001184463501,1299,
2020-09-08,3.980499744415283,4.229280978441238,3.980499744415283,4.229280978441238,991,
2020-09-09,3.9307432174682617,4.129768235553286,3.8312305897976233,3.9804994126754543,5366,
2020-09-10,3.9307432174682617,4.080011803089839,3.880987022261069,4.080011803089839,1109,
2020-09-11,4.08001184463501,4.08001184463501,3.781474433095712,3.781474433095712,4811,
2020-09-14,3.980499744415283,4.129768579733366,3.8809873457074096,3.930743545061347,9139,
2020-09-15,3.980499744415283,4.179524541831029,3.980499744415283,4.129768579733366,4211,
2020-09-16,3.9307432174682617,4.179524193504224,3.880987022261069,3.880987022261069,4668,
2020-09-17,3.9307432174682617,4.080011803089839,3.9307432174682617,3.9307432174682617,1770,
2020-09-18,3.980499744415283,4.080012143123156,3.930743545061347,4.080012143123156,35515,
2020-09-21,3.980499744415283,4.179524541831029,3.930743545061347,3.980499744415283,5360,
2020-09-22,3.9307432174682617,4.129768235553286,3.9307432174682617,3.9307432174682617,1854,
2020-09-23,3.980499744415283,3.980499744415283,3.980499744415283,3.980499744415283,1744,
2020-09-24,4.08001184463501,4.179524236062691,3.831230628809552,4.179524236062691,578,
2020-09-25,3.980499744415283,3.980499744415283,3.8809873457074096,3.8809873457074096,1288,
2020-09-28,3.980499744415283,4.179524541831029,3.8809873457074096,4.129768579733366,6365,
2020-09-29,3.980499744415283,4.179524541831029,3.8809873457074096,3.8809873457074096,1458,
2020-09-30,3.9307432174682617,4.179524193504224,3.9307432174682617,4.179524193504224,2892,
2020-10-01,3.980499744415283,4.080012143123156,3.980499744415283,4.080012143123156,4410,
2020-10-05,4.030256271362305,4.17952463551364,3.880987432698413,3.880987432698413,7170,
2020-10-06,4.08001184463501,4.08001184463501,4.030255886177425,4.030255886177425,1993,
2020-10-07,4.229280948638916,4.229280948638916,3.98049971636604,4.030256152625631,14013,
2020-10-08,4.030256271362305,4.527818750566907,4.030256271362305,4.030256271362305,644,
2020-10-09,4.08001184463501,4.428305451888149,3.980499453207329,4.279037102002883,5424,
2020-10-12,4.1297688484191895,4.279037693448814,3.980500003389565,4.279037693448814,876,
2020-10-13,4.08001184463501,4.428305451888149,4.030255886177425,4.428305451888149,3210,
2020-10-14,4.030256271362305,4.478062312841424,3.781474794503725,4.328793474177532,17293,
2020-10-15,4.030256271362305,4.08001223457523,4.030256271362305,4.030256271362305,2913,
2020-10-16,3.980499744415283,4.328793377149111,3.930743545061347,3.980499744415283,9819,
2020-10-19,4.030256271362305,4.378549911903015,3.9307436331676167,3.980499833636821,7860,
2020-10-20,3.9307432174682617,4.279037058431117,3.8312305897976233,3.8312305897976233,6659,
2020-10-21,3.980499744415283,4.229280978441238,3.8312309090972008,3.8312309090972008,3781,
2020-10-22,4.030256271362305,4.229281073239123,3.73171859403452,4.17952463551364,32525,
2020-10-23,3.8809871673583984,4.179524349762875,3.8312307330347233,3.8312307330347233,17588,
2020-10-26,4.08001184463501,4.229280669032787,3.930743257493488,3.980499453207329,7619,
2020-10-27,4.1297688484191895,4.42830606396586,3.930743800798453,4.378550098631037,6462,
2020-10-28,4.030256271362305,4.129768672300713,3.9307436331676167,3.980499833636821,5623,
2020-10-29,3.9307432174682617,4.129768235553286,3.880987022261069,3.880987022261069,755,
2020-10-30,3.9307432174682617,4.279037058431117,3.582449376505408,3.880987022261069,116263,
2020-11-02,3.831230878829956,4.080012110890506,3.831230878829956,3.880987315047083,29158,
2020-11-03,3.831230878829956,4.080012110890506,3.831230878829956,3.831230878829956,6477,
2020-11-04,3.831230878829956,4.030256149185921,3.831230878829956,3.9307435140079385,2598,
2020-11-05,4.08001184463501,4.179524236062691,3.831230628809552,3.831230628809552,9599,
2020-11-06,3.8809871673583984,4.279037218410226,3.8809871673583984,4.179524349762875,11394,
2020-11-09,4.030256271362305,4.129768672300713,3.880987432698413,3.980499833636821,8560,
2020-11-10,4.328793048858643,4.428305440019615,3.8809870513780114,3.8809870513780114,22021,
2020-11-11,4.478062152862549,4.577574550245875,4.279037358095896,4.428305716914616,9276,
2020-11-12,4.179523944854736,4.826355155835524,4.129767989863894,4.478061572849708,30710,
2020-11-13,4.478062152862549,4.577574550245875,4.478062152862549,4.527818588810482,6229,
2020-11-14,4.4283061027526855,4.826356201480615,4.229281290645012,4.229281290645012,1710,
2020-11-17,4.627330780029297,4.776599606710085,4.378549560398825,4.776599606710085,16773,
2020-11-18,4.677087306976318,4.726843746747108,4.527818936689102,4.726843746747108,5133,
2020-11-19,4.726843357086182,4.876112189580884,4.577574524591479,4.677086921417102,6506,
2020-11-20,5.174649238586426,5.174649238586426,4.527818439647516,4.527818439647516,14818,
2020-11-23,5.572699069976807,5.672211460161436,5.075136644541154,5.473186679792177,19198,
2020-11-24,5.67221212387085,5.721968562041452,5.37367491838492,5.721968562041452,24878,
2020-11-25,5.572699069976807,5.672211460161436,5.423430247443609,5.672211460161436,1695,
2020-11-26,5.47318696975708,5.821480591111842,5.323918139315745,5.522943404741702,5080,
2020-11-27,5.47318696975708,5.721968195655129,5.274162178843653,5.47318696975708,4353,
2020-12-01,5.224405765533447,5.423430557272566,5.224405765533447,5.224405765533447,13981,
2020-12-02,5.274161815643311,5.423430161292886,4.975624175319162,5.174648952526929,16759,
2020-12-03,5.274161815643311,5.423430161292886,5.075136563923045,5.423430161292886,6667,
2020-12-04,5.174649238586426,5.522943329722792,5.124893278790177,5.124893278790177,8147,
2020-12-07,5.3736748695373535,5.423430832743104,5.174649593176676,5.3736748695373535,16348,
2020-12-08,5.622456073760986,5.622456073760986,5.373674835758399,5.373674835758399,20581,
2020-12-09,5.871237277984619,5.871237277984619,5.871237277984619,5.871237277984619,16922,
2020-12-10,5.970749855041504,6.120018696320054,5.622456208399929,6.120018696320054,39958,
2020-12-11,6.269288063049316,6.269288063049316,5.821481501681448,6.120019209260027,17567,
2020-12-14,6.567824363708496,6.567824363708496,6.567824363708496,6.567824363708496,9572,
2020-12-15,6.866361618041992,6.866361618041992,6.866361618041992,6.866361618041992,5995,
2020-12-16,6.965874671936035,7.164899472757757,6.6673369961908975,7.164899472757757,71902,
2020-12-17,7.115143299102783,7.3141680940306415,6.66733679874629,6.965874465650619,81497,
2020-12-18,7.314168453216553,7.463437293999046,6.8663624053816354,7.463437293999046,90241,
2020-12-21,6.965874671936035,7.662461949324617,6.965874671936035,7.463437148502894,36945,
2020-12-22,7.2644124031066895,7.314168366435467,6.617581083732112,6.766849922743562,58405,
2020-12-23,7.314168453216553,7.61270613478154,6.965874807732443,7.314168453216553,81617,
2020-12-24,6.965874671936035,7.562949548913756,6.965874671936035,7.562949548913756,99799,
2020-12-28,6.916118144989014,7.264412253689399,6.717093346742407,7.015631018624866,52346,
2020-12-29,7.21465539932251,7.21465539932251,6.916117744717949,6.965874178656216,99409,
2020-12-30,7.562949180603027,7.562949180603027,6.965874332702465,7.513193220076957,83195,
2020-12-31,7.911243438720703,7.911243438720703,7.463437385401633,7.911243438720703,24843,
2021-01-01,8.259537696838379,8.259537696838379,8.20978125699098,8.20978125699098,8985,
2021-01-04,8.657586097717285,8.657586097717285,8.657586097717285,8.657586097717285,5632,
2021-01-05,8.259537696838379,9.055637887321325,8.259537696838379,9.055637887321325,283945,
2021-01-06,7.911243438720703,8.408805931080812,7.861487474192234,7.960999877761742,33710,
2021-01-07,8.16002368927002,8.259536555210213,7.761974123559296,8.259536555210213,23327,
2021-01-08,7.861486434936523,8.508317684398786,7.861486434936523,8.259536471106571,60553,
2021-01-11,7.513193130493164,8.160023931207288,7.513193130493164,7.612705524871297,45233,
2021-01-12,7.2644124031066895,7.8614872846399315,7.1648995274240175,7.314168366435467,54348,
2021-01-13,7.513193130493164,7.612705524871297,6.965874249644646,7.562949090425967,69299,
2021-01-14,7.861486434936523,7.861486434936523,7.513192831229922,7.513192831229922,23530,
2021-01-15,8.2097806930542,8.2097806930542,7.513193430115225,7.861487061584712,99224,
2021-01-18,8.607830047607422,8.607830047607422,8.160024030216151,8.607830047607422,141017,
2021-01-19,8.359047889709473,8.956123145699417,8.259535979727788,8.956123145699417,25463,
2021-01-20,8.757099151611328,8.757099151611328,8.110267408881063,8.607829849892786,39695,
2021-01-21,9.105392456054688,9.155148890863332,8.408805215808847,9.055636970271102,136637,
2021-01-22,9.304417610168455,9.553198819541675,8.757098759742371,8.806855191422015,106770,
2021-01-25,8.856612205505371,9.752225283527649,8.856612205505371,9.752225283527649,38898,
2021-01-27,8.558073997497559,9.204904763425573,8.458561133958634,8.458561133958634,59194,
2021-01-28,8.906368255615234,8.956124693718696,8.160024531138676,8.259537407345599,97350,
2021-01-29,8.558073997497559,9.304417626964495,8.508317565728095,9.254661195195034,9902,
2021-02-01,8.259537696838379,8.806856637109474,8.160024817143578,8.20978125699098,6045,
2021-02-02,8.657586097717285,8.657586097717285,8.01075531791471,8.45856131539534,57826,
2021-02-03,9.05563735961914,9.05563735961914,8.607830376112897,8.856611611827432,69825,
2021-02-04,9.503442764282228,9.503442764282228,8.657586239299894,8.657586239299894,136514,
2021-02-05,10.299543380737305,10.448811740274042,9.752224480727456,10.24978694455003,160764,
2021-02-08,10.448811531066896,10.896617549736176,10.299543174518822,10.896617549736176,51533,
2021-02-09,10.050763130187988,10.896618831861122,10.050763130187988,10.896618831861122,28783,
2021-02-10,10.697593688964844,10.94637493754542,9.702468694642532,9.75222513416368,97261,
2021-02-11,11.742474555969238,11.742474555969238,10.946374409136135,10.946374409136135,57692,
2021-02-12,11.841984748840332,12.837109549550444,10.647835177793192,12.837109549550444,84883,
2021-02-15,11.941499710083008,12.936624685923258,10.996131172839796,12.936624685923258,84564,
2021-02-16,11.991255760192873,12.638086593923257,11.493693288392546,12.638086593923257,63614,
2021-02-17,12.140524864196776,12.687843806436316,11.344424670850644,11.443937550903344,41253,
2021-02-18,11.792231559753418,12.78735655385834,11.443937432206637,12.190281177785328,58657,
2021-02-19,11.09564208984375,12.687842285698254,10.946373736680847,12.687842285698254,24693,
2021-02-22,11.493692398071287,11.891741965067904,10.797105181314702,10.797105181314702,16736,
2021-02-23,12.33954906463623,12.6380867409956,10.946374506992663,12.041012337301972,347904,
2021-02-24,12.73759937286377,12.936624170294044,11.59320512684578,12.886867733680202,223468,
2021-02-25,12.240036010742188,12.83711035942167,11.941498361889934,12.83711035942167,219332,
2021-02-26,12.090767860412598,12.339549099919235,11.742474694518371,11.841986620905958,214375,
2021-03-01,11.891742706298828,12.488818043035415,11.642961474162764,11.792230782859454,227330,
2021-03-02,11.69271755218506,12.240036435922136,11.045886748057184,11.941498776699634,89587,
2021-03-03,11.493692398071287,11.99125483132957,10.996129964813008,11.443935964940456,218747,
2021-03-04,11.593205451965332,11.891743130995474,11.443937086962825,11.443937086962825,114235,
2021-03-05,10.697593688964844,12.041012810910024,10.548325319426556,11.642962243766007,135848,
2021-03-08,11.493692398071287,11.692717181569597,10.647835881922202,11.045886397943844,122411,
2021-03-09,12.289793014526367,12.439061371372814,10.647836344090116,12.439061371372814,165969,
2021-03-10,12.936623573303224,13.13564836154903,11.941498683049128,12.28979277424808,158173,
2021-03-12,14.230286598205566,14.230286598205566,12.986380443625098,12.986380443625098,121283,
2021-03-15,15.47419261932373,15.62346097697594,14.976630161782936,15.324923312646447,569834,
2021-03-16,14.777605056762695,16.071266659852313,14.727848622253466,15.52394872732596,87397,
2021-03-17,14.08101749420166,14.827361197760585,14.08101749420166,14.827361197760585,160234,
2021-03-18,13.633211135864258,14.678092485665823,13.38442990729365,14.081017157486336,171023,
2021-03-19,14.280043601989746,14.280043601989746,12.986380959983077,13.434187003632468,228018,
2021-03-22,14.678092002868652,14.827360355491198,13.633210687435708,14.777604870633713,319815,
2021-03-23,14.82736110687256,15.324923572861907,14.578579873877883,15.324923572861907,156910,
2021-03-24,14.230286598205566,15.076142213905236,14.18053016221733,15.076142213905236,121418,
2021-03-25,13.533699035644531,14.52882393682354,13.533699035644531,14.52882393682354,129599,
2021-03-26,12.886868476867676,13.93174990991644,12.886868476867676,13.93174990991644,31525,
2021-03-30,12.289793014526367,13.235161488945687,12.289793014526367,13.235161488945687,132427,
2021-03-31,11.742474555969238,12.73759950225434,11.692718118849962,12.53857470280234,116524,
2021-04-01,12.289793014526367,12.289793014526367,11.195155234235532,11.195155234235532,117674,
2021-04-05,12.886868476867676,12.886868476867676,12.538575298534854,12.837112037384374,17675,
2021-04-06,12.787355422973633,13.483942667437454,12.43906132622919,13.483942667437454,177800,
2021-04-07,12.638086318969728,13.334673574530246,12.33954865257948,12.68784275487228,132004,
2021-04-08,12.488818168640137,12.837111327718487,12.240036934001989,12.240036934001989,114190,
2021-04-09,12.488818168640137,12.687842966545636,11.941499262631188,12.190280497269338,142498,
2021-04-12,11.891742706298828,12.936624071075313,11.891742706298828,12.936624071075313,388471,
2021-04-13,12.041011810302734,12.090767296664051,11.39418004832982,11.44393648371621,130891,
2021-04-15,12.588329315185549,12.6380857488435,11.443936086177784,12.041011392023162,164043,
2021-04-16,13.085892677307127,13.185405551646578,12.190280604352496,12.837111440483609,176133,
2021-04-19,12.73759937286377,13.682967872426392,12.538574575433495,13.085892531110476,130281,
2021-04-20,12.986379623413086,13.334672755282584,12.19027954495778,12.687841975364218,240783,
2021-04-22,13.533699035644531,13.633210956347396,12.538574134465524,13.235161375485816,75040,
2021-04-23,14.180530548095703,14.180530548095703,13.185405597352146,13.633211635381723,130243,
2021-04-26,13.93174934387207,14.727849496184067,13.832236468948654,14.727849496184067,31249,
2021-04-27,14.628336906433104,14.628336906433104,13.48394356762997,13.981506053896572,235738,
2021-04-28,15.275168418884276,15.324923907349122,14.031262226760967,15.324923907349122,264172,
2021-04-29,15.523948669433594,16.021511114620246,15.175654578192916,15.474192235109918,198715,
2021-04-30,15.523948669433594,15.87224181164922,15.076141709545563,15.87224181164922,137550,
2021-05-03,15.921998977661133,16.220535699272205,14.827361168336893,15.424436509609222,197114,
2021-05-04,16.1707820892334,16.61858912169387,15.922000826322115,15.922000826322115,136345,
2021-05-05,16.519075393676758,16.767856643888607,15.523950392829368,16.767856643888607,165632,
2021-05-06,16.1707820892334,16.867370384605152,16.02151371109671,16.867370384605152,124831,
2021-05-07,16.817609786987305,16.96687813666662,15.7229730082806,16.17077900634357,229045,
2021-05-10,17.464441299438477,17.613711553422664,16.121024197981768,17.01663623163628,201254,
2021-05-11,18.011762619018555,18.260543865419223,16.917124755245553,17.812736862677905,170776,
2021-05-12,17.116147994995117,18.70834621941792,17.116147994995117,18.658590736673457,163424,
2021-05-14,16.817609786987305,17.414685083754613,16.270291872146462,17.11614838439598,190887,
2021-05-17,16.12102508544922,17.116150043858422,16.07126769869862,17.116150043858422,134882,
2021-05-18,15.872241973876951,16.56882921445297,15.722973618405328,15.92199840870918,143204,
2021-05-19,16.1707820892334,16.41956335214468,15.125900595200967,15.573706678636238,141271,
2021-05-20,15.97175407409668,16.718097757896526,15.772730230580136,16.718097757896526,133739,
2021-05-21,15.722972869873049,15.971753134140249,15.37467879165394,15.971753134140249,128146,
2021-05-24,15.125898361206056,16.220535186929975,14.976630005115313,16.220535186929975,53889,
2021-05-25,14.82736110687256,15.37468000926586,14.628336310281837,15.37468000926586,42642,
2021-05-26,14.877117156982422,15.424436045164232,14.727848800671504,14.727848800671504,52586,
2021-05-27,15.573704719543455,15.573704719543455,14.976630333080418,15.424436360183968,75447,
2021-05-28,15.076141357421877,16.320047441335397,14.827360140639172,16.27029195719888,114817,
2021-05-31,14.578579902648926,15.275168115628812,14.528824415171869,15.275168115628812,40126,
2021-06-01,14.37955379486084,14.877116216475574,14.230285447986422,14.578578573701732,31019,
2021-06-02,14.52882480621338,14.8771179730525,14.130774252507807,14.479068368372044,23951,
2021-06-03,15.225412368774414,15.225412368774414,14.976631124020011,15.175655930018507,49564,
2021-06-04,14.926874160766602,15.57370499478978,14.82736128675145,15.225411833786954,51443,
2021-06-07,15.324923515319824,15.673217619814627,14.42931145951188,14.42931145951188,65857,
2021-06-08,15.47419261932373,15.92199864130543,15.07614208387605,15.92199864130543,79074,
2021-06-09,15.125898361206056,15.97175396076203,14.976630005115313,15.822485604671288,122301,
2021-06-10,15.623461723327637,15.872242963982616,14.92687443929872,15.424436920608676,63289,
2021-06-11,15.872241973876951,16.220535119652432,15.324923088772564,15.42443595843702,159380,
2021-06-14,15.673216819763184,16.568828829853924,15.424435600401864,16.568828829853924,129755,
2021-06-15,15.872241973876951,16.41956085898134,15.37467952360479,16.41956085898134,149014,
2021-06-16,15.623461723327637,16.320049007356552,15.32492404473664,15.872242963982616,330384,
2021-06-17,15.374679565429688,16.121024191893326,15.125898339616828,15.125898339616828,557731,
2021-06-18,14.777605056762695,15.822485436331226,14.62833575323501,15.822485436331226,125793,
2021-06-21,14.52882480621338,14.976630848735171,14.23028712819048,14.379555492689372,242921,
2021-06-22,15.225412368774414,15.225412368774414,14.877118246508198,15.02638756277592,39752,
2021-06-23,14.52882480621338,15.97175486043631,14.479068368372044,15.97175486043631,295214,
2021-06-24,13.981505393981934,15.026386755629352,13.832236085732257,14.72784908815508,432003,
2021-06-25,14.130773544311523,14.379554772024845,13.583454653537206,14.230286415006878,485925,
2021-06-28,14.82736110687256,14.82736110687256,14.031261920509673,14.32979864088321,169410,
2021-06-29,15.424436569213867,15.523949442818834,14.578579990646938,15.424436569213867,506965,
2021-06-30,15.324923515319824,15.87224241565805,15.026386796067232,15.87224241565805,510331,
2021-07-01,15.125898361206056,16.021511344825694,14.926873570076712,16.021511344825694,643055,
2021-07-02,14.37955379486084,15.523947933989731,14.37955379486084,15.175653859249415,440496,
2021-07-05,14.42931079864502,14.479067232583288,13.8322354894359,13.8322354894359,246928,
2021-07-06,14.280043601989746,14.92687444848052,13.981505923215112,14.92687444848052,354095,
2021-07-07,13.981505393981934,14.429311420680804,13.931748957898709,14.230286625372983,74685,
2021-07-08,13.832236289978027,14.429311633742946,13.782480802185198,13.782480802185198,53829,
2021-07-09,14.130773544311523,14.42931120737252,13.633211088884885,13.832235881250526,307186,
2021-07-12,14.130773544311523,14.628335999738162,13.931748751945882,14.42931120737252,242386,
2021-07-13,14.37955379486084,14.578578573701732,14.081016152086995,14.081016152086995,90188,
2021-07-14,14.280043601989746,14.57858033173926,14.081017850123244,14.479068404831128,36097,
2021-07-15,14.230286598205566,14.578579752073049,14.130773726229096,14.528824265109897,78429,
2021-07-16,14.08101749420166,14.777605710076733,13.73272433528922,14.777605710076733,67818,
2021-07-19,14.130773544311523,14.42931120737252,14.031261622641235,14.42931120737252,59694,
2021-07-20,14.031261444091797,14.429311023757853,13.633210915400683,14.429311023757853,47380,
2021-07-22,13.93174934387207,14.37955538297722,13.93174934387207,14.37955538297722,17905,
2021-07-23,13.732723236083984,14.429310447177189,13.434185588751175,14.429310447177189,20183,
2021-07-26,13.185405731201172,14.180530692046544,13.085892855506588,13.583455335929274,41110,
2021-07-27,13.434186935424805,13.732724612683713,13.135649258165898,13.732724612683713,32340,
2021-07-28,13.384429931640623,13.434186367250271,12.936623909203965,13.384429931640623,43223,
2021-07-29,13.832236289978027,13.93174916361388,12.88686778653782,12.88686778653782,28038,
2021-07-30,13.633211135864258,14.28004289956288,13.483942778331922,14.28004289956288,32922,
2021-08-02,13.583455085754396,13.981505632176471,13.185405488357418,13.981505632176471,42564,
2021-08-03,13.732723236083984,13.88199158523788,13.48394202147748,13.88199158523788,17933,
2021-08-04,13.284917831420898,14.031261508488926,13.284917831420898,14.031261508488926,17136,
2021-08-05,13.135648727416992,13.682967622106258,12.88686749792415,13.284918034527742,26471,
2021-08-06,13.085892677307127,13.483943225639823,12.837111440483609,13.235161988816303,16094,
2021-08-09,12.986379623413086,13.38442918812823,12.936623190567438,13.38442918812823,15451,
2021-08-10,12.190279006958008,13.235160254502262,11.792229459810189,12.687841415405272,24720,
2021-08-11,11.841984748840332,12.886865979390942,10.996129237651717,12.439060008876384,36724,
2021-08-12,12.687843322753906,12.98638100250608,11.941499597886027,11.941499597886027,51746,
2021-08-13,12.588329315185549,13.185404621030925,12.041011392023162,13.185404621030925,45438,
2021-08-16,12.041011810302734,12.5883297524778,11.493692919102598,12.5883297524778,25607,
2021-08-17,11.891742706298828,12.240036810899351,11.543449550723391,12.041012014995518,51855,
2021-08-18,11.39418125152588,12.090768573417932,11.195156437988889,12.090768573417932,59522,
2021-08-20,11.891742706298828,12.339548734338726,10.996130650219031,10.996130650219031,31703,
2021-08-23,11.891742706298828,12.488818043035415,11.244911882355098,12.240036810899351,46546,
2021-08-24,12.090767860412598,12.389305537625589,11.543449892718083,11.89174305861231,56530,
2021-08-25,12.090767860412598,12.638086777132225,11.94149949631866,12.538574850744638,33613,
2021-08-26,12.041011810302734,12.488817830730094,11.642961276236694,12.488817830730094,28367,
2021-08-27,11.841984748840332,12.389303579035886,11.792229268024798,12.389303579035886,29894,
2021-08-30,11.742474555969238,12.090767717753964,11.642961681730686,11.841986481182689,18789,
2021-08-31,11.39418125152588,12.090768573417932,11.195156437988889,11.39418125152588,56011,
2021-09-01,11.64296054840088,11.84198532847974,11.29466742051913,11.84198532847974,35917,
2021-09-02,12.090767860412598,12.439061975331937,11.493693455011734,12.04101237173136,48877,
2021-09-03,12.389304161071776,12.787354669470776,11.841985305163789,12.240035813562784,40916,
2021-09-06,12.439061164855955,12.936623611450194,11.792230363893468,11.792230363893468,69133,
2021-09-07,12.439061164855955,12.936623611450194,12.09076707262997,12.936623611450194,51141,
2021-09-08,12.240036010742188,12.588329143548965,11.99125479486948,12.289792443721732,18202,
2021-09-09,12.33954906463623,12.687843178559678,11.841986587045657,11.841986587045657,37464,
2021-09-13,12.289793014526367,12.78735546938128,12.190280143945358,12.638086163509763,28788,
2021-09-14,12.33954906463623,13.185405656150254,11.941499462173814,13.185405656150254,16339,
2021-09-15,13.235162734985352,13.434187545859723,12.240037731588336,12.439062542462707,389430,
2021-09-16,14.013113975524902,14.561670221410973,12.76639566722501,13.713901391298812,119718,
2021-09-17,14.362195014953612,15.409438619437248,14.013114447572814,14.41206393919962,334048,
2021-09-20,14.212589263916016,14.960620277806331,14.0629834416062,14.66140768201608,65279,
2021-09-21,14.013113975524902,14.661407115372612,13.015739328884989,14.212588714618768,38739,
2021-09-22,14.711275100708008,14.910749827093673,13.614162678831065,14.312325647936678,303485,
2021-09-23,14.661407470703123,15.11022588233443,14.162720135297096,14.91075113840614,270284,
2021-09-24,14.412063598632812,14.811014032002769,14.31232670366827,14.51180144476795,242341,
2021-09-27,14.362195014953612,14.71127653350503,13.8635076748348,14.661407609259026,253793,
2021-09-28,13.863506317138672,14.461931447143868,13.015738492663589,13.813638348947007,307153,
2021-09-29,14.062981605529783,14.312325244272012,13.46455649208024,13.46455649208024,228748,
2021-09-30,13.963244438171388,14.461931739534652,13.863506597430518,14.262457009223452,225014,
2021-10-01,14.062981605529783,14.36219321108406,13.46455649208024,14.062981605529783,187474,
2021-10-04,14.1627197265625,14.461932309404997,13.713901327884049,14.36219446473397,226624,
2021-10-05,14.61153793334961,14.76114469839138,13.813638991142426,13.813638991142426,318033,
2021-10-06,14.96061897277832,15.40943735172756,14.661406403088646,15.309700462611362,290454,
2021-10-07,16.905500411987305,17.354317845389303,15.259831733660556,15.259831733660556,664060,
2021-10-08,16.40681266784668,17.753266834382888,15.957993344107244,17.354317381248418,369675,
2021-10-11,16.157470703125,17.35431918706755,15.957995004630618,16.157470703125,315817,
2021-10-12,16.05773162841797,16.855630556820646,15.608912292228274,16.50654906226656,255218,
2021-10-13,15.808387756347656,16.50654883343611,15.509175186759364,16.057731405809477,238941,
2021-10-14,18.451431274414062,18.950118606154984,15.50917620737675,16.356944100633957,644234,
2021-10-18,18.55116844177246,19.29919941198634,17.95274328513313,18.3018247850345,574823,
2021-10-19,21.293949127197266,22.24145390192336,17.952743674057263,18.800512505800423,887608,
2021-10-20,20.29657554626465,24.38581220092284,19.997361994553305,24.38581220092284,1180047,
2021-10-21,19.049854278564453,21.09447134438708,18.65090483917723,20.645653938454327,369278,
2021-10-22,19.748016357421875,19.897624069585337,18.102348644693567,19.748016357421875,355139,
2021-10-25,18.700773239135746,19.89762348737684,18.601035401392146,19.89762348737684,268675,
2021-10-26,18.451431274414062,19.59841175694994,18.002611914910755,18.551169121230487,259459,
2021-10-27,18.800512313842773,19.199461788724665,18.05248133506129,18.451430809943183,237385,
2021-10-28,18.25195503234864,18.950118036744083,17.95274340323124,18.950118036744083,229303,
2021-10-29,17.902875900268555,19.14959422473457,17.753268179459678,18.650906894948168,261904,
2021-11-01,18.10235023498535,18.95011910157677,17.753268713172268,17.902876438478767,238084,
2021-11-02,19.149593353271484,19.648280660363543,17.85300521342747,17.85300521342747,277834,
2021-11-03,21.643030166625977,22.889748450363854,19.7480168534715,20.3963118828881,1521518,
2021-11-04,21.69289779663086,22.83987821920289,21.443554143796025,22.241453071931065,115342,
2021-11-08,22.83987617492676,23.43830126863673,20.94486496346261,21.74276382018196,1092164,
2021-11-09,21.94224166870117,23.93699091131037,21.64303004324624,23.83725306871169,459062,
2021-11-10,21.14434242248535,22.3411908090929,20.49604740627253,22.3411908090929,327305,
2021-11-11,21.59316062927246,21.84250428989302,21.044605336843688,21.59316062927246,310323,
2021-11-12,20.69552421569824,22.59053569112526,20.29657473176748,21.792636723263737,304361,
2021-11-15,20.396312713623047,20.89500004742956,19.049856531877207,20.69552435297048,299457,
2021-11-16,20.196834564208984,21.194209110589675,19.797885126124903,20.047228762720074,407901,
2021-11-17,20.29657554626465,20.74539302031976,19.5485445204982,19.64828237106865,272052,
2021-11-18,21.14434242248535,23.03935379470312,19.99736010293412,20.59578524740844,400971,
2021-11-22,19.698148727416992,22.69027258474616,17.055106367244456,22.69027258474616,271461,
2021-11-23,20.34644317626953,20.795262545075243,19.19946266996089,19.947493683076253,265892,
2021-11-24,19.947490692138672,20.695521593093872,19.59840922455805,20.34644012551325,270727,
2021-11-25,21.09447288513184,21.792635881809183,19.24932945306266,19.24932945306266,402105,
2021-11-26,21.194211959838867,21.892374997099463,20.44618094949161,20.994736262809774,276107,
2021-11-29,19.64828109741211,21.44355468194043,19.34906756509662,21.44355468194043,274175,
2021-11-30,20.34644317626953,20.944868367230068,19.64828203876661,19.64828203876661,271605,
2021-12-01,20.69552421569824,21.64303090458235,19.74801752681413,21.64303090458235,276136,
2021-12-02,20.29657554626465,20.895000747346064,19.64828237106865,20.895000747346064,245937,
2021-12-03,19.698148727416992,20.496047661768323,19.648280757397952,20.446179691749283,289042,
2021-12-06,19.199460983276367,20.296573419931804,18.85037949402131,20.097097739688607,278335,
2021-12-07,19.199460983276367,19.99735989956701,18.650905716119187,19.947491930676748,270483,
2021-12-08,19.34906768798828,19.94749285407888,19.19946187205092,19.94749285407888,253743,
2021-12-09,19.09972381591797,19.49867328811577,18.65090637307337,19.49867328811577,305423,
2021-12-10,19.09972381591797,19.29919950318744,18.99998597228324,19.29919950318744,283936,
2021-12-13,19.09972381591797,19.648281004738443,18.850380158001705,19.49867328811577,251639,
2021-12-14,18.99998664855957,19.34906816253561,18.750642981768284,18.900250703716026,236157,
2021-12-15,18.95011711120605,19.44880440360621,18.75064143330957,19.199460757406136,241989,
2021-12-16,20.2467041015625,21.44355441102105,18.4514305397158,18.9501178516,498935,
2021-12-17,20.196834564208984,23.388433873563585,19.59840945591237,20.39631023442152,555946,
2021-12-20,22.740140914916992,23.33856607632873,19.598411195431783,20.89499936221408,1085741,
2021-12-21,26.92911529541016,27.27819680007815,23.23882836436193,23.23882836436193,1531520,
2021-12-22,29.422550201416016,29.6220258789722,25.433051869020623,27.82675048798965,1946806,
2021-12-23,28.923864364624023,30.86874566042313,28.425177047992573,30.46979428524505,715896,
2021-12-24,31.81624984741211,31.81624984741211,27.627277604581742,28.824126001529947,887015,
2021-12-27,34.95798110961914,34.95798110961914,34.95798110961914,34.95798110961914,155742,
2021-12-28,36.70338821411133,36.70338821411133,36.70338821411133,36.70338821411133,72136,
2021-12-29,38.498661041259766,38.498661041259766,38.498661041259766,38.498661041259766,110470,
2021-12-30,40.39366912841797,40.39366912841797,40.39366912841797,40.39366912841797,119923,
2021-12-31,42.38842391967773,42.38842391967773,42.38842391967773,42.38842391967773,100332,
2022-01-03,44.482906341552734,44.482906341552734,44.482906341552734,44.482906341552734,69520,
2022-01-04,46.67713165283203,46.67713165283203,44.682382404380384,46.67713165283203,712095,
2022-01-05,48.97109222412109,48.97109222412109,47.62463801163366,48.97109222412109,1194939,
2022-01-06,51.4146614074707,51.4146614074707,51.06558180889856,51.4146614074707,1175058,
2022-01-07,53.95796203613281,53.95796203613281,53.75849016838856,53.95796203613281,1087392,
2022-01-10,56.65087890625,56.65087890625,55.05508100087824,56.60101093508506,189471,
2022-01-11,59.44352722167969,59.44352722167969,59.44352722167969,59.44352722167969,168554,
2022-01-12,56.50127410888672,62.385782121988775,56.50127410888672,62.385782121988775,408939,
2022-01-13,53.7086181640625,53.7086181640625,53.7086181640625,53.7086181640625,38826,
2022-01-14,51.06557846069336,51.06557846069336,51.06557846069336,51.06557846069336,60693,
2022-01-17,48.522274017333984,48.522274017333984,48.522274017333984,48.522274017333984,58217,
2022-01-18,46.12857437133789,46.12857437133789,46.12857437133789,46.12857437133789,31705,
2022-01-19,43.83461380004883,43.83461380004883,43.83461380004883,43.83461380004883,38668,
2022-01-20,41.69025802612305,41.69025802612305,41.69025802612305,41.69025802612305,39743,
2022-01-21,43.68500900268555,43.73487697435595,39.64564242246519,39.64564242246519,700663,
2022-01-24,41.540653228759766,41.540653228759766,41.540653228759766,41.540653228759766,31345,
2022-01-25,39.49603271484375,39.49603271484375,39.49603271484375,39.49603271484375,29600,
2022-01-27,37.55115509033203,37.55115509033203,37.55115509033203,37.55115509033203,18614,
2022-01-28,35.70601272583008,35.70601272583008,35.70601272583008,35.70601272583008,36847,
2022-01-31,33.96060562133789,33.96060562133789,33.96060562133789,33.96060562133789,40924,
2022-02-01,32.26506805419922,32.26506805419922,32.26506805419922,32.26506805419922,28135,
2022-02-02,33.860870361328125,33.860870361328125,30.669270698440155,30.669270698440155,722832,
2022-02-03,35.506534576416016,35.506534576416016,32.21519912599422,32.21519912599422,199087,
2022-02-04,37.25193786621094,37.25193786621094,35.60627214392405,37.25193786621094,179185,
2022-02-07,35.40680313110352,39.09709041556352,35.40680313110352,39.09709041556352,111691,
2022-02-08,33.66139602661133,34.16008337515372,33.66139602661133,33.66139602661133,98709,
2022-02-09,32.015724182128906,34.35955685136832,32.015724182128906,32.015724182128906,81414,
2022-02-10,30.419925689697266,31.417300302474224,30.419925689697266,30.419925689697266,54598,
2022-02-11,31.41730117797852,31.91598849826389,28.92386457655165,28.92386457655165,192181,
2022-02-14,29.87137031555176,29.87137031555176,29.87137031555176,29.87137031555176,23108,
2022-02-15,28.87399673461914,29.67189568970845,28.425177383418177,28.425177383418177,93937,
2022-02-16,30.020977020263672,30.270320680062635,27.47767054890953,28.425177217082062,85687,
2022-02-17,31.367431640625,31.51703744877216,28.92386313230425,31.46716757782906,70611,
2022-02-18,29.82150077819824,31.36743258167425,29.82150077819824,31.36743258167425,26055,
2022-02-21,28.37530899047852,28.37530899047852,28.37530899047852,28.37530899047852,15292,
2022-02-22,26.978981018066406,26.978981018066406,26.978981018066406,26.978981018066406,13426,
2022-02-23,25.632530212402344,26.92911654434155,25.632530212402344,25.83200400836309,97006,
2022-02-24,24.38580894470215,24.38580894470215,24.38580894470215,24.38580894470215,11999,
2022-02-25,24.08659744262696,25.43305360202597,23.188960637141328,23.188960637141328,141901,
2022-02-28,22.939617156982425,24.43567914548128,22.88974918496893,24.43567914548128,66013,
2022-03-02,24.08659744262696,24.08659744262696,21.792636506125785,21.792636506125785,63453,
2022-03-03,25.283445358276367,25.283445358276367,22.98948273959529,25.23357548910489,57657,
2022-03-04,24.63515281677246,25.931739006143207,24.0865956579302,25.881871038221654,63784,
2022-03-07,23.538042068481445,24.38581089957728,23.43830422323349,23.6377799137294,35824,
2022-03-08,23.538042068481445,23.93699154713208,22.391061603982934,23.039354744582862,41784,
2022-03-09,24.685022354125977,24.685022354125977,22.93961673312717,23.08922254874455,20405,
2022-03-10,25.881872177124023,25.881872177124023,25.68239649197804,25.68239649197804,8961,
2022-03-11,27.128591537475582,27.128591537475582,25.88187321134787,27.07872166302576,16782,
2022-03-14,28.47504615783692,28.47504615783692,28.47504615783692,28.47504615783692,22743,
2022-03-15,29.522289276123047,29.871370775289893,27.078720684296247,29.871370775289893,62041,
2022-03-16,30.96847915649414,30.96847915649414,29.622025029783,30.96847915649414,87179,
2022-03-17,32.51441192626953,32.51441192626953,31.21782564786289,32.51441192626953,55325,
2022-03-21,31.4671688079834,34.110213098719626,30.918613522552,34.110213098719626,83756,
2022-03-22,29.92123794555664,30.91861254374186,29.92123794555664,30.91861254374186,27900,
2022-03-23,28.42517852783203,29.62202891099304,28.42517852783203,28.42517852783203,46448,
2022-03-24,27.3779354095459,28.3753100779834,27.02885389512453,27.02885389512453,47728,
2022-03-25,26.92911529541016,28.42517725626628,26.08134647045679,26.08134647045679,38734,
2022-03-28,27.028852462768555,27.37793395869084,25.582658509236705,25.68239635126323,66817,
2022-03-29,26.28082275390625,27.826752720819066,25.682397575560863,25.782135422341963,71978,
2022-03-30,26.679771423339844,27.52754024155906,24.984233786901417,25.183709474367515,82266,
2022-03-31,25.931739807128903,27.926489023061897,25.78213399640215,26.18108345912053,57703,
2022-04-01,27.17845916748047,27.2283271389614,25.931740857045583,26.58003399800349,49315,
2022-04-04,28.12596321105957,28.47504278342589,27.07871878693762,28.47504278342589,59012,
2022-04-05,29.522289276123047,29.522289276123047,28.6745204645296,29.4225514331695,105909,
2022-04-06,28.624652862548828,29.62202750023567,28.12596554370541,29.522289655998755,159168,
2022-04-07,27.42780113220215,29.17320665879684,27.27819532467653,28.72438733387892,87228,
2022-04-08,28.12596321105957,28.524912652578934,27.028850820125573,27.028850820125573,59343,
2022-04-11,27.17845916748047,28.923864802089305,26.729639814787443,28.67452114000233,75952,
2022-04-12,27.17845916748047,28.524915323218377,26.62990387182559,26.62990387182559,61518,
2022-04-13,26.679771423339844,28.425177030474227,26.18108410701573,27.57740821225501,113407,
2022-04-18,26.081348419189453,26.82937945550851,25.732266888438968,26.67977362871296,50161,
2022-04-19,26.18108367919922,27.3779339797562,26.031477867214875,26.081345837095952,49731,
2022-04-20,25.6823959350586,26.430426884623408,25.43305228520365,26.430426884623408,36084,
2022-04-21,26.3306884765625,26.779507797561937,25.53278957516465,26.23095063830251,31027,
2022-04-22,26.480297088623047,26.77951063510756,25.732266075923626,25.732266075923626,30200,
2022-04-25,25.582658767700195,26.4802955503256,25.43305295431948,26.181083923564174,36639,
2022-04-26,25.981609344482425,26.530166553372,25.58265985768896,26.530166553372,27716,
2022-04-27,24.884496688842773,25.68239559693742,24.685021010648587,25.6325276285594,68588,
2022-04-28,25.333314895629883,26.03147788858477,24.73488974486013,25.732264362029348,47134,
2022-04-29,24.33593940734864,25.68239547279851,24.13646563245968,24.934364536697583,40041,
2022-05-02,23.98685836791992,24.385809729773765,23.4881710679437,23.93699039885873,26419,
2022-05-04,23.438304901123047,24.83462906795575,22.93961756280128,24.13646793571001,36818,
2022-05-05,23.18896102905273,24.53541721120791,22.989485334533,23.737516335470183,31300,
2022-05-06,22.39105987548828,23.43830241389617,22.041978395238644,22.93961512849412,52457,
2022-05-09,21.94224166870117,23.338565758059385,21.54329220064756,22.291323166626007,36603,
2022-05-10,21.99210929870605,22.939615935227994,21.044604564525205,21.443554026408776,37774,
2022-05-11,23.089221954345703,23.089221954345703,23.089221954345703,23.089221954345703,55815,
2022-05-12,24.236202239990234,24.236202239990234,22.790010198212027,23.78738480730366,114557,
2022-05-13,24.53541755676269,25.43305439006132,24.136468064445666,25.43305439006132,88136,
2022-05-16,23.78738594055176,25.33331589735656,23.637780122528905,25.33331589735656,44710,
2022-05-17,23.388437271118164,24.335942086415866,23.039355748706903,23.73751689118817,41653,
2022-05-18,22.291322708129883,23.787384609315232,22.241452836685724,23.388435149467355,70936,
2022-05-19,21.742765426635746,22.440928404604303,21.34381596879988,21.942241106724207,27168,
2022-05-20,22.790008544921875,22.790008544921875,21.74276413994284,22.291321276553084,23405,
2022-05-23,21.79263496398925,23.637778318348264,21.692897125472896,23.637778318348264,24527,
2022-05-24,20.89499855041504,22.44092841352118,20.79526071033117,21.942241115442933,32656,
2022-05-25,20.79526329040528,21.69290015784796,19.94749439802112,21.69290015784796,32574,
2022-05-26,19.79788589477539,21.44355357972818,19.79788589477539,20.54591683360312,41800,
2022-05-27,20.745391845703125,20.745391845703125,19.94749289099961,20.196836552137103,11810,
2022-05-30,21.742765426635746,21.742765426635746,21.194210159904063,21.69289745778416,11069,
2022-05-31,22.790008544921875,22.790008544921875,21.74276413994284,22.54066491073748,27681,
2022-06-01,23.88712310791016,23.88712310791016,22.939616450120884,23.538041607548784,34172,
2022-06-02,23.338565826416016,24.93436560564556,22.98948432746875,24.485546263807485,86197,
2022-06-03,23.03935432434082,24.3359405818907,22.49079713665345,23.63777948257197,34525,
2022-06-06,22.241453170776367,23.53804131268447,21.9921095168334,23.039354004798533,20735,
2022-06-07,21.742765426635746,22.34119056456007,21.44355380884411,22.34119056456007,19766,
2022-06-08,21.59316062927246,22.740141087658813,21.144343181560146,22.19158579523004,50948,
2022-06-09,22.241453170776367,22.540666696912595,21.09447274310693,21.09447274310693,25186,
2022-06-10,22.440927505493164,23.33856422524469,21.79263442469156,23.03935261944118,24040,
2022-06-13,21.34381675720215,22.0419797609596,21.34381675720215,21.44355460093052,29854,
2022-06-14,21.194211959838867,21.742767273157025,20.795262468121912,21.04460613823766,11188,
2022-06-15,21.393686294555664,21.6928979187048,20.496047617426026,20.496047617426026,14307,
2022-06-16,20.44618034362793,22.141718011109155,20.346442498068825,21.393687022927647,25073,
2022-06-17,19.748016357421875,20.6456550210383,19.498672706937555,19.9973600079062,40673,
2022-06-20,18.800512313842773,19.69814910791232,18.800512313842773,19.0498559734366,29017,
2022-06-21,19.149593353271484,19.698148630136306,18.102348866973497,18.102348866973497,25387,
2022-06-22,18.55116844177246,19.49867319597203,18.20208694187109,19.49867319597203,16853,
2022-06-23,19.34906768798828,19.448805532726908,18.40156291882424,18.95011821137493,22832,
2022-06-24,19.29919815063477,20.24670284290759,19.14959234683811,20.24670284290759,15813,
2022-06-27,20.2467041015625,20.2467041015625,19.947492475368424,20.04723031821349,20708,
2022-06-28,19.49867248535156,20.246703428303785,19.24932883770082,20.246703428303785,24586,
2022-06-29,19.34906768798828,19.84775500934025,18.65090657950022,19.84775500934025,7916,
2022-06-30,19.79788589477539,19.947491702072725,18.750641439011943,19.698148055796818,14346,
2022-07-01,19.34906768798828,20.595785991368214,19.04985605611356,20.595785991368214,17375,
2022-07-04,19.698148727416992,19.847754539815227,19.049855605463897,19.349067230260367,9120,
2022-07-05,19.59840965270996,20.296572603123444,19.398935882835392,20.296572603123444,10064,
2022-07-06,19.34906768798828,20.047230698817508,19.29919971678955,20.047230698817508,11165,
2022-07-07,19.59840965270996,20.14696680013227,19.149592243736432,19.149592243736432,19444,
2022-07-08,20.196834564208984,20.446178200804155,19.3490658193172,19.49867162080611,21110,
2022-07-11,19.54854202270508,20.595784564031355,19.2991983793092,20.595784564031355,21931,
2022-07-12,19.249330520629883,19.897625583073754,19.099724699427924,19.897625583073754,35810,
2022-07-13,19.698148727416992,19.947492382194422,19.049855605463897,19.049855605463897,13301,
2022-07-14,19.049854278564453,19.94749099277095,18.9501164431324,19.69814735536131,39302,
2022-07-15,19.09972381591797,19.44880531746897,18.60103650008543,19.44880531746897,9089,
2022-07-18,19.09972381591797,19.398937346822176,18.70077434372017,18.95011800163644,12872,
2022-07-19,19.199460983276367,19.548542472531427,18.85037949402131,18.95011733414291,15162,
2022-07-20,19.897624969482425,20.14696863124365,18.95011829385329,19.249329927030296,31835,
2022-07-21,19.84775352478028,20.44617864611024,19.04985463123433,20.09709716680601,19482,
2022-07-22,19.748016357421875,20.39631137055398,19.299198927954745,20.39631137055398,33257,
2022-07-25,19.698148727416992,20.446179691749283,19.44880507263956,19.947492382194422,15333,
2022-07-26,19.748016357421875,20.196835689230088,19.349066897115176,19.349066897115176,16553,
2022-07-27,19.997360229492188,20.146967943313413,19.498672922997702,20.146967943313413,19827,
2022-07-28,19.897624969482425,20.396312293004875,19.54854346254847,20.396312293004875,11964,
2022-07-29,19.54854202270508,20.645654434115148,18.950116898086765,20.645654434115148,41797,
2022-08-01,19.249330520629883,19.748017859530567,18.700775208775624,19.099724699427924,45908,
2022-08-02,19.29919815063477,19.5485417910762,18.999984640700447,18.999984640700447,20079,
2022-08-03,19.199460983276367,19.398936663519564,18.900249365252645,19.049855174264508,16009,
2022-08-04,19.09972381591797,19.34906747383424,18.95011800163644,18.95011800163644,18225,
2022-08-05,19.698148727416992,20.944867001304143,19.049855605463897,19.4986730426586,42524,
2022-08-08,19.54854202270508,20.24670308280892,19.04985473591332,20.24670308280892,23657,
2022-08-10,19.149593353271484,19.847754441795704,18.5511682042928,19.09972348115761,19660,
2022-08-11,19.34906768798828,19.748017164601627,18.750642521897685,19.54854337746553,17848,
2022-08-12,19.34906768798828,19.748017164601627,19.19946187205092,19.748017164601627,13754,
2022-08-16,19.249330520629883,19.598412038328608,18.999986851179543,19.099724699427924,35644,
2022-08-17,19.149593353271484,19.648280660363543,19.09972348115761,19.149593353271484,25755,
2022-08-18,19.049854278564453,19.249328047087573,18.9501164431324,18.999984409677936,19589,
2022-08-19,19.3989372253418,19.84775466537581,18.75064219694635,18.80051206962199,50477,
2022-08-22,18.99998664855957,19.74801764893343,18.950118676137794,19.74801764893343,26092,
2022-08-23,18.95011711120605,19.59841021085805,18.700773465005977,19.59841021085805,28816,
2022-08-24,18.95011711120605,19.44880440360621,18.65090549670238,18.65090549670238,27066,
2022-08-25,18.90024948120117,19.29919894179396,18.65090583053805,18.950117450397364,18617,
2022-08-26,18.95011711120605,19.39893643530262,18.601035626057733,19.199460757406136,22827,
2022-08-29,18.850379943847656,19.448805096516384,18.65090616118549,18.65090616118549,16288,
2022-08-30,18.90024948120117,19.19946110106049,18.60103595900077,18.950117450397364,24142,
2022-09-01,20.745391845703125,20.745391845703125,18.601036740388903,18.601036740388903,202847,
2022-09-02,22.790008544921875,22.790008544921875,19.947490734751582,21.44355253985795,164888,
2022-09-05,24.98423194885254,25.03410181822079,22.79000905985652,23.43830214291577,248323,
2022-09-06,23.73751449584961,25.73226367709213,23.73751449584961,25.73226367709213,98463,
2022-09-07,22.790008544921875,24.88449545253898,22.64040274487943,24.286070350028243,58070,
2022-09-08,23.288698196411133,23.5879098271142,22.24145368426811,23.388436040759206,56275,
2022-09-09,22.14171600341797,23.7873836477288,22.14171600341797,23.637777844126184,41179,
2022-09-12,21.04460525512696,22.440929368711902,21.04460525512696,21.34381688577332,88603,
2022-09-13,20.34644317626953,21.39368773603578,20.2467053273859,20.89500039395887,73883,
2022-09-14,19.54854202270508,20.645654434115148,19.349066347051963,19.94749147167028,92934,
2022-09-15,19.59840965270996,20.296572603123444,19.24932817750322,19.448803849718782,52013,
2022-09-16,19.698148727416992,20.54591753412848,19.19946141786213,19.947492382194422,183817,
2022-09-19,18.800512313842773,20.14696845611767,18.750642440519314,20.047230611811905,172441,
2022-09-20,18.95011711120605,19.548542242554458,18.800511303954217,18.800511303954217,45739,
2022-09-21,18.99998664855957,19.79788752369641,18.700775009346508,19.249330315350857,41859,
2022-09-22,18.800512313842773,19.398937477336187,18.05248133506129,19.398937477336187,35981,
2022-09-23,18.99998664855957,19.448806009720368,18.800512856531263,19.09972449574433,32151,
2022-09-26,18.152219772338867,19.199462415906364,18.05248192477501,18.999986720778644,46871,
2022-09-27,18.800512313842773,18.95011812913084,18.05248133506129,18.05248133506129,28332,
2022-09-28,18.601036071777344,18.80051175445368,18.15221863926723,18.750641882614048,9721,
2022-09-29,18.20208740234375,18.99998636315385,18.052481584984506,18.99998636315385,12294,
2022-09-30,18.99998664855957,19.09972449574433,17.50392464781185,18.750642981768284,38787,
2022-10-03,19.09972381591797,19.648281004738443,18.750642314366964,19.04985584527117,21918,
2022-10-04,18.90024948120117,19.897624083853664,18.800511640467708,19.897624083853664,56901,
2022-10-06,18.850379943847656,19.349067254014745,18.60103628876412,18.900249816269035,20852,
2022-10-07,18.99998664855957,19.448806009720368,18.601037162161752,19.448806009720368,7641,
2022-10-10,18.90024948120117,19.19946110106049,18.251954467604182,18.99998541959356,62720,
2022-10-11,18.65090560913086,19.19946087314133,18.5511677695814,18.85037938588873,26131,
2022-10-12,18.25195503234864,18.800512222185382,17.75326771559221,18.650906407626685,29919,
2022-10-13,18.05248069763184,18.30182434842139,17.90287488762632,17.9527428568478,9528,
2022-10-14,17.952743530273438,18.2519551615082,17.952743530273438,18.10234934589082,17882,
2022-10-17,18.800512313842773,19.748017078894623,17.55379401587364,18.20208715034936,110796,
2022-10-18,18.351694107055664,18.85038145726012,17.653532958174193,18.85038145726012,36111,
2022-10-19,18.152219772338867,18.900250775556,17.503924714344382,18.800512927992138,29628,
2022-10-20,17.902875900268555,18.202087537203923,17.803138053843035,17.803138053843035,12960,
2022-10-21,17.902875900268555,18.251955509246088,17.603662360991994,18.202087537203923,9399,
2022-10-24,17.902875900268555,18.251955509246088,17.503924514566474,17.503924514566474,10951,
2022-10-25,18.00261116027832,18.20208684554956,17.05510641109274,18.20208684554956,16438,
2022-10-27,18.00261116027832,18.351692658332425,17.703399534712585,18.351692658332425,18246,
2022-10-28,17.753267288208008,18.25195459295925,17.653531349130635,18.05248081246341,23840,
2022-10-31,17.85300636291504,18.25195585380732,17.653532568639516,17.653532568639516,14622,
2022-11-01,17.553794860839844,18.002612328308235,17.50392498511586,17.85300650581877,65471,
2022-11-02,17.503921508789062,17.803134996684616,17.40418558183141,17.40418558183141,17781,
2022-11-03,17.454055786132812,17.703399440220423,17.005236447838666,17.50392375601389,19288,
2022-11-04,17.503921508789062,17.85300296016344,17.10497209393586,17.85300296016344,18892,
2022-11-07,17.85300636291504,18.55116939873244,17.70340054162309,17.952744211223415,46706,
2022-11-09,17.952743530273438,18.650906539609423,17.454056209988064,17.853005685748133,30260,
2022-11-10,17.503921508789062,18.152216448059,17.00523426463734,18.152216448059,32025,
2022-11-11,17.803138732910156,18.15222025754393,17.50392518222066,17.90287658313999,20954,
2022-11-14,17.952743530273438,18.55116869508412,17.055106734227998,18.55116869508412,28399,
2022-11-15,17.753267288208008,18.50129824533488,17.553793507712168,18.50129824533488,23458,
2022-11-16,17.753267288208008,17.952742971044945,17.603661477250853,17.80313716008779,16873,
2022-11-17,17.85300636291504,18.00261218420699,17.55379472033114,17.85300636291504,12280,
2022-11-18,17.503921508789062,18.20208441153781,17.15484195975555,18.20208441153781,28498,
2022-11-21,17.653532028198242,18.052481506877168,17.503924309145123,17.503924309145123,34450,
2022-11-22,17.2047119140625,17.952742866847824,17.154843944813244,17.553793405830536,24629,
2022-11-23,17.503921508789062,17.85300296016344,17.055104130457032,17.055104130457032,20085,
2022-11-24,17.254579544067383,17.853004674998154,17.154843607529795,17.853004674998154,25078,
2022-11-25,17.35431671142578,17.5537923814644,17.005235240028682,17.5537923814644,29215,
2022-11-28,17.454055786132812,17.803137282323693,17.005236447838666,17.803137282323693,17459,
2022-11-29,17.454055786132812,17.753267410101504,17.30444997414847,17.354317944029546,48852,
2022-11-30,17.703401565551758,17.803139419628767,17.104976343431037,17.753269541419595,42508,
2022-12-01,18.451431274414062,18.70077494028452,17.45405661093222,17.703400276802682,75267,
2022-12-02,19.149593353271484,20.296573779115,18.152218739087367,18.75064198572496,331141,
2022-12-05,19.149593353271484,19.698148630136306,18.05248089720073,19.698148630136306,51930,
2022-12-06,18.90024948120117,19.548542592457075,18.65090583053805,19.548542592457075,41757,
2022-12-07,19.947490692138672,22.24145136079824,18.900248191737774,18.95011615753174,806341,
2022-12-08,20.097097396850582,20.64565455699096,19.94749159039086,19.94749159039086,93231,
2022-12-09,19.44880485534668,20.44617946331317,19.0498553926283,20.39631149385129,66900,
2022-12-12,19.149593353271484,19.847754441795704,18.75064198572496,18.850379827611587,70456,
2022-12-13,18.95011711120605,19.548542242554458,18.85037927225781,19.548542242554458,43118,
2022-12-14,18.90024948120117,19.19946110106049,18.501298118267307,19.09972326032702,40513,
2022-12-15,18.10235023498535,19.14959480042461,17.853006562596185,18.65090745564628,126090,
2022-12-16,18.30182456970215,18.90024971930064,17.70339942010366,18.10234888572228,67738,
2022-12-19,18.55116844177246,18.90024994167383,18.10234909870768,18.55116844177246,27796,
2022-12-20,18.700773239135746,19.24932849321398,18.052480147313908,18.551167433690864,28500,
2022-12-21,18.00261116027832,18.95011781180502,17.753267504859835,18.95011781180502,36001,
2022-12-22,17.803138732910156,18.35169405566233,17.50392518222066,18.052482407314105,34852,
2022-12-23,16.606287002563477,17.65353149244762,16.257205505935428,17.204712153591398,69380,
2022-12-26,17.35431671142578,17.703398182822877,15.50917437293245,16.60628580229242,25118,
2022-12-27,18.00261116027832,18.30182468818517,17.35431803665848,18.05248103276669,102003,
2022-12-28,17.803138732910156,18.15222025754393,17.50392518222066,18.002612531028554,14763,
2022-12-29,17.703401565551758,18.50130059348516,17.454057881529902,17.90287727370578,41620,
2022-12-30,17.952743530273438,18.15221921932405,17.703399870130752,17.703399870130752,19419,
2023-01-02,18.152219772338867,18.650907107816955,17.65353243686078,18.30182559251405,39578,
2023-01-03,18.05248069763184,18.451430158426906,17.75326717527972,18.15221853841588,29027,
2023-01-04,17.803138732910156,18.30182608171805,17.60366303245049,17.952744557084273,27617,
2023-01-05,17.703401565551758,18.052483103650623,17.60366371147475,17.803139419628767,9510,
2023-01-06,17.703401565551758,17.952745249573614,17.60366371147475,17.60366371147475,12363,
2023-01-09,17.85300636291504,18.102350032515364,17.603662693314714,18.102350032515364,12223,
2023-01-10,18.20208740234375,18.30182524803031,17.454056413206334,17.85300589361139,21356,
2023-01-11,18.95011711120605,19.199460757406136,17.803136719153898,18.301824011554057,109197,
2023-01-12,18.601036071777344,19.349067028301963,18.251954578264304,19.349067028301963,17065,
2023-01-13,19.09972381591797,19.44880531746897,18.052481213606097,18.10234918425289,56532,
2023-01-16,18.95011711120605,19.44880440360621,18.501297787109493,19.299198596354376,35341,
2023-01-17,18.75064277648925,19.648281488983653,18.55116898664476,18.55116898664476,28264,
2023-01-18,18.601036071777344,19.349067028301963,18.05248079792906,19.349067028301963,29104,
2023-01-19,18.55116844177246,18.90024994167383,18.45143059860905,18.6010364121836,15324,
2023-01-20,18.20208740234375,18.90025041980848,18.052481584984506,18.20208740234375,19060,
2023-01-23,20.097097396850582,21.443553459670177,18.251954044271223,18.50129768915111,381890,
2023-01-24,20.29657554626465,21.34381822140117,19.448806669927748,20.446181370949684,204248,
2023-01-25,19.698148727416992,20.64565537650768,19.099723575482937,20.296573879351048,136566,
2023-01-27,18.700773239135746,19.59840997414605,18.251953920460075,19.24932849321398,64915,
2023-01-30,18.700773239135746,19.448804168701173,18.251953920460075,18.650905271434457,25893,
2023-01-31,19.59840965270996,20.296572603123444,18.45142929332295,18.750640899305303,152920,
2023-02-01,20.59578514099121,21.24407825151324,19.648280410948573,19.648280410948573,320891,
2023-02-02,19.49867248535156,20.94486640266229,19.099723029578588,20.845128563133777,150188,
2023-02-03,18.30182456970215,20.346441769960776,17.65353145027925,20.346441769960776,73812,
2023-02-06,18.30182456970215,19.14959337310491,17.803137262093593,19.14959337310491,46393,
2023-02-07,17.803138732910156,18.7506435542404,17.703400882680324,18.451431905892168,55882,
2023-02-08,17.703401565551758,18.20208893359547,17.50392585739774,17.50392585739774,55690,
2023-02-09,17.653532028198242,17.952743661622144,17.503924309145123,17.952743661622144,26828,
2023-02-10,18.25195503234864,18.55116856380717,17.454056086474814,17.703399744853026,32402,
2023-02-13,17.603662490844727,19.64828169945577,17.45405667127348,18.25195564388093,115958,
2023-02-14,17.803138732910156,18.551169756122,17.65353290873604,17.952744557084273,14538,
2023-02-15,17.553794860839844,17.80313853243603,17.204713340136934,17.703400683329306,14755,
2023-02-16,17.454055786132812,17.85300525220477,17.354317944029546,17.85300525220477,24618,
2023-02-17,17.803138732910156,18.20208823148822,17.154845559928145,17.404189234332094,20073,
2023-02-20,17.503921508789062,17.85300296016344,17.454053545310238,17.803134996684616,10431,
2023-02-21,17.35431671142578,17.853003984181353,17.005235240028682,17.204710910067302,12059,
2023-02-22,17.10497283935547,17.703397938884546,17.005235005710464,17.703397938884546,19578,
2023-02-23,16.955368041992188,17.204711689668542,16.257205067561966,17.05510588153094,11551,
2023-02-24,16.955368041992188,17.354317497806143,16.805762233854587,16.855630202453433,7897,
2023-02-27,16.157470703125,17.055107541667223,15.957995004630618,16.95536969242003,27934,
2023-02-28,16.656156539916992,16.905500189302927,16.15746924114512,16.15746924114512,13746,
2023-03-01,16.556419372558594,16.90550087635403,16.30707571303916,16.656157216834597,12792,
2023-03-02,16.157470703125,16.656158047019705,15.559045509983102,16.556420197772514,21733,
2023-03-03,16.656156539916992,16.905500189302927,16.257205179026634,16.257205179026634,12707,
2023-03-06,16.456680297851562,17.005235546843544,16.207336656975023,17.005235546843544,28689,
2023-03-08,16.506549835205078,16.805763374122932,16.257206170610797,16.257206170610797,13545,
2023-03-09,16.805763244628906,16.955369061764475,16.556419581955897,16.556419581955897,23374,
2023-03-10,17.404186248779297,17.753265811189927,15.957992424383194,16.905498985517323,27257,
2023-03-13,16.30707550048828,17.2545802529074,16.207337657512287,16.75589294036856,18832,
2023-03-14,16.356943130493164,16.85563043265662,16.257205289592253,16.307075161213252,18940,
2023-03-15,16.40681266784668,16.905499959850033,15.957993344107244,16.70602428211227,19261,
2023-03-16,15.708650588989258,16.356943724892012,15.509175851109225,16.257205880366705,54413,
2023-03-17,15.40943717956543,16.10759920026075,15.259831371977334,15.65878082632594,35369,
2023-03-20,14.412063598632812,15.409438255301804,14.062983039501022,15.409438255301804,36700,
2023-03-21,15.808387756347656,16.50654883343611,14.112850179070843,14.112850179070843,184429,
2023-03-22,15.908124923706056,17.85300523329535,15.608912348883727,15.808388032878982,383091,
2023-03-23,15.40943717956543,16.706024332954186,15.259831371977334,16.356942847021262,118771,
2023-03-24,14.761144638061523,15.40943776374788,14.51180098184822,15.40943776374788,38760,
2023-03-27,14.661407470703123,16.207338400695935,14.162720135297096,14.6115385469284,211095,
2023-03-28,14.013113975524902,14.960619699598704,13.863507207826563,14.661407115372612,137105,
2023-03-29,14.61153793334961,14.71127577671079,13.96324480501363,14.013113726694222,27909,
2023-03-31,14.761144638061523,14.960619372798051,14.46193206037145,14.611537873631203,31013,
2023-04-03,14.661407470703123,15.160094806109154,14.21258905907182,14.761145318252574,58786,
2023-04-05,15.160093307495115,15.409436950549871,14.611537102540549,14.661406021385602,18370,
2023-04-06,15.608912467956545,15.708650310715022,14.910750422158875,15.160094077884512,21233,
2023-04-10,15.55904483795166,15.908125392897976,15.060357515596422,15.608912809250718,19495,
2023-04-11,15.309700965881348,15.808388281367115,15.160094200533276,15.559044623624231,12243,
2023-04-12,15.50917625427246,15.808388844455877,15.060357844582644,15.808388844455877,13388,
2023-04-13,15.459306716918944,15.60891253048542,15.209963060194449,15.309700903352471,18384,
2023-04-17,15.359567642211914,15.658780196524196,14.9606182039092,15.060356039070122,10807,
2023-04-18,15.160093307495115,15.509174788239982,15.110224388650062,15.35956803170482,27522,
2023-04-19,15.060357093811035,15.45930656005388,14.960619251665046,15.35956871790789,45149,
2023-04-20,15.110225677490234,15.359569341812982,15.010488782463492,15.359569341812982,26714,
2023-04-21,15.060357093811035,15.35956871790789,14.960619251665046,15.160093984786467,8561,
2023-04-24,15.160093307495115,15.409436950549871,14.960618583285411,15.409436950549871,14677,
2023-04-25,15.65878200531006,16.057732440867046,14.761145189855384,14.761145189855384,52339,
2023-04-26,15.65878200531006,16.406813953083088,15.409438339775916,15.65878200531006,19248,
2023-04-27,15.808387756347656,15.957993565556531,15.1600936970446,15.85825572530359,39558,
2023-04-28,15.459306716918944,15.908125108788932,15.209963060194449,15.908125108788932,25542,
2023-05-02,15.459306716918944,15.80838821680147,15.160094138615433,15.160094138615433,11434,
2023-05-03,15.309700965881348,15.95799409554462,15.160094200533276,15.808388281367115,20434,
2023-05-04,15.459306716918944,15.758519295222458,15.160094138615433,15.209963060194449,23525,
2023-05-05,15.359567642211914,15.75851803168512,15.209961840641018,15.25983075822148,21284,
2023-05-08,15.40943717956543,15.957993392672655,15.160093532804918,15.40943717956543,27362,
2023-05-09,16.656156539916992,17.952742755787433,15.20996261254213,15.7585188314253,793812,
2023-05-10,16.40681266784668,16.755892250376185,16.10759915124004,16.755892250376185,43397,
2023-05-11,16.257205963134766,16.955368976025213,16.207337991788805,16.40681368185498,54099,
2023-05-12,16.20733642578125,16.45668006310096,16.20733642578125,16.30707426117733,13564,
2023-05-15,16.05773162841797,16.356943250983697,15.858255945146748,16.207337439700833,17053,
2023-05-16,16.007862091064453,16.35694359291588,15.808388305964456,16.107599934785025,589510,
2023-05-17,15.858256340026855,16.157469872384283,15.509175787951008,16.007862155034992,606980,
2023-05-18,15.608912467956545,16.107599779407813,15.509175576368628,16.107599779407813,431019,
2023-05-19,15.65878200531006,15.908125670844202,15.359569416434969,15.908125670844202,19897,
2023-05-22,15.708650588989258,16.356943724892012,15.160094346441232,15.85825640460664,597331,
2023-05-23,16.007862091064453,16.207337778505593,15.708650462243885,15.808388305964456,248472,
2023-05-24,15.858256340026855,16.356943658281416,15.80838836913786,15.858256340026855,435670,
2023-05-25,18.95011711120605,18.999985079509653,15.359568225456698,15.858255517856858,1230957,
2023-05-26,19.947490692138672,20.944865226745605,17.753265955067036,18.85037832360285,810677,
2023-05-29,17.753267288208008,20.79526098859528,17.454055666293698,19.748016507213,993618,
2023-05-30,17.454055786132812,18.15221877851457,16.157469545813676,18.15221877851457,135506,
2023-05-31,16.805763244628906,17.853005866919066,16.60628755355403,17.853005866919066,92011,
2023-06-01,17.154844284057617,17.753267536247083,16.95536859843371,17.354318067340397,146867,
2023-06-02,16.506549835205078,17.952743850788398,14.960619875657,17.603662339888164,513190,
2023-06-05,17.154844284057617,17.603661723199718,16.456681286715074,16.50654925695049,155140,
2023-06-06,17.05510711669922,17.503924573616366,16.855631423175243,17.30445078243359,48955,
2023-06-07,17.803138732910156,18.002612531028554,16.905501885524195,17.055107709698312,319222,
2023-06-08,18.351694107055664,18.950119307769263,17.952744607360355,17.952744607360355,203843,
2023-06-09,18.10235023498535,18.45143175679844,17.753268713172268,18.35169390737452,55007,
2023-06-12,18.451431274414062,18.85038075933856,18.002611914910755,18.35169342759764,65460,
2023-06-13,18.401561737060547,18.900249026386405,18.20208606039379,18.35169186672334,268045,
2023-06-14,18.55116844177246,18.95011791208497,18.40156262819791,18.40156262819791,56077,
2023-06-15,18.152219772338867,18.900250775556,18.10234989738633,18.900250775556,32958,
2023-06-16,18.00261116027832,18.451430500968044,17.753267504859835,18.10234900291394,55889,
2023-06-19,18.25195503234864,18.45143071998766,18.05248124705075,18.05248124705075,32353,
2023-06-20,17.803138732910156,18.601037730066285,17.454057208276375,18.601037730066285,52344,
2023-06-21,17.753267288208008,18.152218653881885,17.653531349130635,17.853005129626478,261785,
2023-06-22,17.3044490814209,18.10234797240162,17.104973407505213,17.753266494219673,136503,
2023-06-23,17.603662490844727,17.753268310415972,17.15484503213099,17.553794518434714,61713,
2023-06-26,17.503921508789062,17.95274078946196,17.35431571601172,17.85300296016344,22605,
2023-06-27,17.703401565551758,17.952745249573614,17.50392585739774,17.853007395496604,32877,
2023-06-28,17.653532028198242,17.952743661622144,17.553794182943218,17.553794182943218,21660,
2023-06-30,17.2047119140625,17.952742866847824,17.00523623238331,17.902874897598572,42760,
2023-07-03,17.3044490814209,17.703398526911258,17.104973407505213,17.25457921177147,27711,
2023-07-04,17.952743530273438,18.650906539609423,17.40418823889599,17.454056209988064,173157,
2023-07-05,18.00261116027832,18.351692658332425,17.902875219983823,18.20208684554956,43505,
2023-07-06,18.10235023498535,18.55116960622236,18.002612385561434,18.152220110867937,49368,
2023-07-07,17.85300636291504,18.30182572913212,17.50392484500634,18.30182572913212,52637,
2023-07-10,17.603662490844727,18.00261197714845,17.503924643683494,17.853006157577205,29080,
2023-07-11,17.2047119140625,17.85300502600823,17.055106103973653,17.85300502600823,63418,
2023-07-12,17.35431671142578,17.703398182822877,17.204710910067302,17.40418658010592,28889,
2023-07-13,17.05510711669922,17.80313811390233,16.95536926993723,17.254580907881994,98888,
2023-07-14,17.503921508789062,17.703397167386097,17.055104130457032,17.35431571601172,52045,
2023-07-17,17.653532028198242,18.301825168844143,17.204712675721222,17.753267971112095,95738,
2023-07-18,17.2047119140625,17.65353124667013,17.154843944813244,17.553793405830536,63538,
2023-07-19,16.30707550048828,17.703399595128808,15.359568845728036,17.204712282589966,265974,
2023-07-20,16.506549835205078,16.855631346105312,16.356944016916746,16.4566818632227,75457,
2023-07-21,16.755891799926758,16.905499505378693,16.20733655440633,16.755891799926758,63370,
2023-07-24,16.905500411987305,18.15221867533914,16.40681310664657,16.556418917780572,258311,
2023-07-25,17.05510711669922,17.603662420378356,16.905501297726836,17.254580907881994,77732,
2023-07-26,17.2047119140625,17.503923534240194,16.95536826313406,17.304449754902095,32553,
2023-07-27,17.454055786132812,17.90287512442696,17.204712132045202,17.204712132045202,71922,
2023-07-28,17.2047119140625,17.60366137507979,17.154843944813244,17.60366137507979,41076,
2023-07-31,16.905500411987305,17.40418771732804,16.506549045841837,17.204712034255305,85394,
2023-08-01,16.855628967285156,17.653529722784544,16.8057610023406,16.8057610023406,63310,
2023-08-02,16.805763244628906,17.15484475283935,16.706025399091466,16.955369061764475,26417,
2023-08-03,16.855628967285156,17.25457839386439,16.70602317011056,16.955366799515197,99408,
2023-08-04,16.706024169921875,17.454055102903453,16.606286331722792,16.855629976049983,165389,
2023-08-07,16.855628967285156,17.503922023269023,16.70602317011056,17.005234764459754,150296,
2023-08-08,17.3044490814209,17.85300433117752,16.656155994706435,17.204711244463056,439066,
2023-08-09,16.905500411987305,17.603661498059672,16.755892698512206,17.603661498059672,178129,
2023-08-10,16.955368041992188,17.204711689668542,16.805762233854587,17.154843721069696,49445,
2023-08-11,17.00523567199707,17.30444918465565,16.80576189923238,16.855629866838296,46682,
2023-08-14,16.755891799926758,17.254579078523875,16.706023833003446,16.805761669191067,198423,
2023-08-16,16.855628967285156,17.25457839386439,16.75589113505512,17.25457839386439,18580,
2023-08-17,16.855628967285156,17.20471042891983,16.8057610023406,17.20471042891983,28970,
2023-08-18,16.855628967285156,17.454054058324466,16.8057610023406,17.055104631745234,84336,
2023-08-21,19.49867248535156,19.94749181205932,17.05510587977893,17.05510587977893,499251,
2023-08-22,19.928205490112305,20.42765924269392,18.72951572181049,19.928205490112305,782366,
2023-08-23,19.22896957397461,20.427659348484173,19.079133828477133,20.32776821639756,174974,
2023-08-24,18.9792423248291,19.878258685478563,18.829406582265,19.52864068265243,134957,
2023-08-25,18.779460906982425,19.37880580938929,18.47978940841145,19.37880580938929,35373,
2023-08-28,18.9792423248291,19.17902458509113,18.72951545213398,19.07913345496012,57980,
2023-08-29,18.779460906982425,19.27891467477733,18.62962515769693,19.27891467477733,49814,
2023-08-30,18.579679489135746,19.328860098332623,18.47978836018986,19.129077840440864,125277,
2023-08-31,18.180116653442383,18.879350736873374,18.08022552573373,18.57967925901221,54727,
2023-09-01,18.929298400878903,19.328861030670737,18.280006984044164,18.280006984044164,123238,
2023-09-04,20.87716484069824,21.326673944899248,19.079132234423643,19.228967967402408,603895,
2023-09-05,23.47432518005371,24.47323263452408,21.176838796877764,21.176838796877764,1285135,
2023-09-06,23.224597930908203,24.87279482237132,22.42547274270328,24.37334110342706,553739,
2023-09-07,25.821758270263672,27.1702837248344,23.52426996481526,23.52426996481526,1245081,
2023-09-08,26.720775604248047,27.669738490617004,25.97159497982988,27.420011615810942,464413,
2023-09-11,26.720775604248047,27.469956228666216,24.7229606057996,27.469956228666216,385223,
2023-09-12,24.07366943359375,26.720773740890728,24.07366943359375,26.720773740890728,313982,
2023-09-13,23.124706268310547,23.97377795182392,22.874979414645715,22.874979414645715,90722,
2023-09-14,23.27454376220703,24.07367089761702,22.27563627189317,23.12470801971292,42523,
2023-09-15,22.225690841674805,23.92383427483002,22.12579971526601,23.77399663258445,72525,
2023-09-18,22.275634765625,23.12470645603091,21.32667385715403,22.725143867976573,69493,
2023-09-20,21.87607383728028,22.72514559210417,21.476511218911632,22.72514559210417,34650,
2023-09-21,21.576400756835938,22.475417058107286,21.576400756835938,22.17574559277174,26863,
2023-09-22,22.625253677368164,22.625253677368164,21.376619347433223,21.97596420685496,64810,
2023-09-25,23.27454376220703,23.57421715246009,22.675200792230584,23.42438140996597,29709,
2023-09-26,22.525362014770508,23.674107095230987,22.37552627979102,23.674107095230987,33969,
2023-09-27,22.12579917907715,22.62525289375277,21.975963445727405,22.5253617697647,38722,
2023-09-28,23.224597930908203,23.224597930908203,21.476509914603284,22.12579936817788,79312,
2023-09-29,24.373340606689453,24.373340606689453,23.07476172600578,23.973778020730222,208514,
2023-10-03,24.02372360229492,24.42328810969844,23.27454300881049,24.273450466789733,74916,
2023-10-04,24.77290344238281,25.222412546908856,23.07476195862105,24.02372287168255,111993,
2023-10-05,24.722959518432617,25.47214010990028,24.17356118012891,25.272357856736324,61466,
2023-10-06,25.77181053161621,25.921648168000768,23.773995702645507,23.773995702645507,145825,
2023-10-09,24.82285118103028,25.2723584024585,24.52317779481331,24.623068923552296,64226,
2023-10-10,25.172468185424805,25.422195044783127,23.5742159044786,24.822850201270207,38546,
2023-10-11,25.37224769592285,25.57202993894979,24.273449169804035,24.87279399362017,92509,
2023-10-12,25.422195434570312,25.671922297757582,24.52317720288432,25.072577445055177,35587,
2023-10-13,25.07257652282715,25.921648207485987,24.173560229473843,25.921648207485987,105740,
2023-10-16,24.922740936279297,25.122521277482583,24.373340711124666,24.972685545263943,70878,
2023-10-17,24.27345085144043,24.97268684521229,23.773997114536183,24.9227422336278,184943,
2023-10-18,25.422195434570312,25.472140045101863,23.524269750135225,24.27345033969705,130988,
2023-10-19,26.071483612060547,26.27126394959912,24.72295823630032,26.17137473346217,157391,
2023-10-20,25.62197494506836,26.47104663322473,25.472139213103045,25.87170180009878,109160,
2023-10-23,25.172468185424805,26.37115596718592,24.67301446670816,25.472139654548897,84753,
2023-10-25,24.47323226928711,25.52208431872209,23.9238339396335,25.172468239086925,29452,
2023-10-26,24.02372360229492,24.82285071183718,23.27454300881049,24.42328810969844,47526,
2023-10-27,24.62306785583496,24.97268583862871,24.123614139062383,24.872794714221246,31152,
2023-10-30,24.57312393188477,24.972686535398186,24.27345055030112,24.822850797238747,16307,
2023-10-31,25.272357940673828,25.47214019450132,23.973779006589474,24.02372361741396,23901,
2023-11-01,25.422195434570312,25.572031171429725,24.27345033969705,25.272357792446137,40812,
2023-11-02,25.572031021118164,25.921649008578257,24.57312357424062,25.47213989537746,35727,
2023-11-03,25.92164802551269,26.371155216401405,25.07257634681445,26.371155216401405,25800,
2023-11-06,25.971593856811523,26.37115645817105,25.37224900213984,26.37115645817105,27193,
2023-11-07,25.67192268371582,26.670830151482743,25.47214042805652,26.670830151482743,28017,
2023-11-08,25.92164802551269,26.17137487776132,25.472138929359307,26.17137487776132,35757,
2023-11-09,26.32121086120605,26.720773447593768,25.72186602899213,25.92164827481834,61349,
2023-11-10,26.57093811035156,27.070391827067706,26.071484393635423,26.620882719917287,46797,
2023-11-13,26.2213191986084,26.920555139343826,25.82175662044444,26.920555139343826,13519,
2023-11-15,25.721866607666016,26.32121145336361,25.02263063680803,26.27126493815104,44554,
2023-11-16,25.77181053161621,25.97159277661916,25.17246760713676,25.72186592299782,25934,
2023-11-17,27.02044677734375,27.02044677734375,25.17246944950453,26.12143041956105,96521,
2023-11-20,28.368972778320312,28.368972778320312,27.86951902551444,27.86951902551444,79346,
2023-11-21,28.319026947021484,29.767441624696986,27.96940895404299,29.767441624696986,240748,
2023-11-22,28.41891860961914,29.118152703481663,27.46995574012701,27.46995574012701,147989,
2023-11-23,28.61870002746582,29.018262653861623,27.96941052141453,28.96831804003648,73961,
2023-11-24,28.86842536926269,29.06820762445038,27.96940903144769,28.91837188569201,86582,
2023-11-28,30.266895294189453,30.266895294189453,29.16809861173709,29.16809861173709,91248,
2023-11-29,31.765256881713867,31.765256881713867,30.366786800460297,31.765256881713867,106304,
2023-11-30,31.565475463867188,33.06383471759679,30.9661306192165,31.765255808574256,177835,
2023-12-01,30.1170597076416,32.76416411050375,30.017168580025807,31.615420906084115,98431,
2023-12-04,30.017168045043945,31.61542034261735,29.118151723054137,31.61542034261735,58534,
2023-12-05,29.41782569885254,30.716404645329664,28.518807453313983,30.616513517462625,86912,
2023-12-06,30.416732788085938,30.516622009443843,28.96831621521908,29.26798768982233,58621,
2023-12-07,30.56656837463379,30.766348721629058,29.76744127085844,30.56656837463379,40734,
2023-12-08,30.21695137023925,30.96613198272453,29.96722449941084,30.766349723955862,80454,
2023-12-11,31.715312957763672,31.715312957763672,30.11706058513836,30.216951715664603,61463,
2023-12-12,33.26361846923828,33.26361846923828,32.61433089067998,33.26361846923828,76159,
2023-12-13,34.312469482421875,34.91181624047118,33.2136728084591,34.91181624047118,192801,
2023-12-14,33.563289642333984,35.46121536941598,32.6143305893226,35.46121536941598,115094,
2023-12-15,32.91400146484375,32.91400146484375,32.91400146484375,32.91400146484375,11104,
2023-12-18,32.26471328735352,32.26471328735352,32.26471328735352,32.26471328735352,4513,
2023-12-19,31.615421295166016,31.615421295166016,31.615421295166016,31.615421295166016,2904,
2023-12-20,31.016077041625977,31.016077041625977,31.016077041625977,31.016077041625977,6621,
2023-12-21,30.416732788085938,30.416732788085938,30.416732788085938,30.416732788085938,3450,
2023-12-22,29.8173885345459,29.8173885345459,29.8173885345459,29.8173885345459,59026,
2023-12-26,29.21804428100586,29.21804428100586,29.21804428100586,29.21804428100586,24532,
2023-12-27,29.068208694458008,29.218044438731862,29.01826217619015,29.068208694458008,15575,
2023-12-28,28.61870002746582,28.96831804003648,28.61870002746582,28.61870002746582,26610,
2023-12-29,28.16919136047364,28.26908058306452,28.16919136047364,28.16919136047364,38178,
2024-01-01,28.718589782714844,28.718589782714844,28.16919143593405,28.718589782714844,27106,
2024-01-02,29.26798820495605,29.26798820495605,28.718589856758765,29.26798820495605,29374,
2024-01-03,29.8173885345459,29.8173885345459,29.8173885345459,29.8173885345459,22418,
2024-01-04,30.36678695678711,30.36678695678711,29.867333217677896,30.36678695678711,28874,
2024-01-05,30.96613121032715,30.96613121032715,30.51662209194229,30.96613121032715,28189,
2024-01-08,30.51662254333496,31.36569427658513,30.51662254333496,30.51662254333496,26199,
2024-01-09,29.917280197143555,29.917280197143555,29.917280197143555,29.917280197143555,18579,
2024-01-10,30.46667861938477,30.46667861938477,30.01716948420594,30.46667861938477,41372,
2024-01-11,30.46667861938477,30.46667861938477,29.917280258846063,30.46667861938477,26793,
2024-01-12,31.066022872924805,31.066022872924805,30.51662261817333,31.066022872924805,43520,
2024-01-15,31.665367126464844,31.665367126464844,31.665367126464844,31.665367126464844,28471,
2024-01-16,31.81520271301269,32.26470992305264,31.81520271301269,31.81520271301269,37807,
2024-01-17,31.415639877319336,31.66536673833057,31.21585762640445,31.415639877319336,16827,
2024-01-18,31.016077041625977,31.016077041625977,30.81629668524394,31.016077041625977,17449,
2024-01-19,31.615421295166016,31.615421295166016,31.016076427360087,31.615421295166016,26812,
2024-01-23,31.81520271301269,34.81192316240662,31.56547585012447,34.61214472051966,117235,
2024-01-24,33.3635139465332,33.3635139465332,30.21695361602447,32.46449562052216,62443,
2024-01-25,34.91181564331055,35.01170486267875,34.21257967614476,34.662088784360584,131329,
2024-01-29,34.961761474609375,36.36023345780559,33.96285400390625,35.9606689453125,67576,
2024-01-30,34.312469482421875,35.86077908281878,33.713126534902095,33.81301575597888,83619,
2024-01-31,34.462310791015625,35.4612183501755,33.66318550579371,33.96285701143569,31948,
2024-02-01,36.11050415039063,36.16044875844545,33.663180250410946,34.46230541087612,183627,
2024-02-02,37.908538818359375,37.908538818359375,36.4601222411924,37.50897431068243,89977,
2024-02-05,35.06165313720703,39.756519338306425,34.76198163724959,39.60668549359264,293819,
2024-02-06,35.611053466796875,37.15935931089029,35.41127120711683,35.41127120711683,72943,
2024-02-07,35.710941314697266,36.65990415369722,35.11159836929178,36.65990415369722,82176,
2024-02-08,33.563289642333984,36.31028519911973,32.564382167139165,35.5111599810698,68147,
2024-02-09,32.16482162475586,35.36132632352265,31.7652571084614,34.51225267902933,98596,
2024-02-12,35.361328125,35.361328125,34.06274528615172,34.462309822801934,251280,
2024-02-13,34.41236114501953,37.15935653117374,32.364601710174085,36.01061148184296,255559,
2024-02-14,35.11159896850586,36.759794001763794,34.01279846913766,34.01279846913766,146778,
2024-02-15,34.36241912841797,35.41127122923112,34.11269225629438,34.312470705569524,78175,
2024-02-16,33.16373062133789,35.36132794038091,32.86405912567971,35.36132794038091,122544,
2024-02-19,36.46012496948242,36.46012496948242,33.563291598380104,34.91181905480215,192010,
2024-02-20,40.10613632202149,40.10613632202149,37.10941392118888,38.55782669983431,616986,
2024-02-21,43.802093505859375,44.10176881218565,37.60886989096642,42.35368064108816,1015299,
2024-02-22,40.455753326416016,44.10176718745303,40.106137229288485,44.00187415218112,408231,
2024-02-23,39.25706481933594,42.85313418181643,38.95739332509501,41.954115888563855,398321,
2024-02-26,38.75761032104492,40.9052629748644,38.50788344550916,40.9052629748644,115407,
2024-02-27,36.510066986083984,38.90744641988967,36.21039550949067,38.90744641988967,205023,
2024-02-28,40.00624084472656,40.15607847982532,36.4601203158398,36.85968480241691,634477,
2024-02-29,40.2559700012207,44.00187298788261,38.15826585290186,40.8053683438252,1144844,
2024-03-01,40.05618667602539,42.85313054641066,39.55673295781794,41.40471400150317,328071,
2024-03-04,39.55673599243164,42.25378703976329,39.45684676533889,41.1050456860776,177798,
2024-03-05,38.10832214355469,40.15608172927714,37.558919977420906,39.05728120753923,79997,
2024-03-06,35.860782623291016,38.9074498932795,35.261435806069244,38.75761223634158,160957,
2024-03-07,36.95957565307617,38.95739055324245,36.3602327072381,36.4601219280346,195908,
2024-03-11,33.26361846923828,36.95957692371579,33.26361846923828,36.95957692371579,273175,
2024-03-12,30.666460037231445,32.96394645208933,29.967224047353938,31.9650389838442,412951,
2024-03-13,30.1170597076416,32.16482115533858,29.66755249126772,29.66755249126772,261163,
2024-03-14,31.565475463867188,31.61542007372777,28.61869775573908,29.118151475403856,203682,
2024-03-15,33.11378479003906,33.11378479003906,31.8651485233177,32.2147665255785,151982,
2024-03-18,31.465585708618164,34.412363545023254,31.465585708618164,34.412363545023254,271999,
2024-03-19,29.917280197143555,30.96613230337784,29.917280197143555,30.51662316912609,207022,
2024-03-20,30.416732788085938,31.365693727839425,28.96831621521908,29.068207341841752,331038,
2024-03-21,30.416732788085938,31.26580260121675,30.16700592416164,30.86623999999082,119417,
2024-03-22,29.018260955810547,30.66645978930162,28.918371734005447,30.416732924259307,153798,
2024-03-26,29.018260955810547,30.06711493214712,28.568753741893257,29.018260955810547,98409,
2024-03-27,29.068208694458008,29.767442802824306,28.46886381209772,29.01826217619015,79849,
2024-03-28,30.167007446289062,30.51662354921174,28.618699668677035,29.06820880852744,152054,
2024-04-01,31.665367126464844,31.665367126464844,30.06711481534961,30.466677416812225,73607,
2024-04-02,33.21367263793945,33.21367263793945,31.46558460436369,32.36460283155731,47644,
2024-04-03,34.861873626708984,34.861873626708984,33.96285534340691,34.462309098457006,70438,
2024-04-04,36.56001281738281,36.56001281738281,36.56001281738281,36.56001281738281,55230,
2024-04-05,36.16045379638672,40.206028580933705,36.06056075583045,40.206028580933705,518762,
2024-04-08,36.11050415039063,37.95848132212442,35.71093966489337,37.45902762051752,161808,
2024-04-09,34.41236114501953,37.50897260156344,34.06274126410046,35.81082923710768,209355,
2024-04-10,34.81192398071289,35.461215363696645,32.914002064466615,34.91181701453403,67261,
2024-04-12,34.562198638916016,36.46012444954247,34.112693303715346,34.96176317079415,137262,
2024-04-15,33.71312713623047,34.76197921836283,31.9650390625,34.162636260152794,115824,
2024-04-16,37.05946731567383,37.05946731567383,33.51334639633519,33.51334639633519,77342,
2024-04-18,37.70875549316406,40.75542239341977,37.45902863559344,39.8564079924832,674225,
2024-04-19,37.3091926574707,38.208210908952005,36.21039595946432,36.26034057109559,123411,
2024-04-22,41.005149841308594,41.005149841308594,37.30919153394974,37.50897378498824,536780,
2024-04-23,45.10067367553711,45.10067367553711,41.95411362913979,42.75323884092225,843301,
2024-04-24,47.34821319580078,47.34821319580078,43.80208880910424,46.94864870389629,825662,
2024-04-25,49.695648193359375,49.695648193359375,47.84767084002925,48.94646756732883,235808,
2024-04-26,50.7944450378418,52.142972454125655,48.4969585414871,51.64351870228639,690524,
2024-04-29,48.54690170288086,52.1429708949092,48.24723022284424,50.79444351894997,337969,
2024-04-30,49.14624786376953,50.84439131028252,47.94755814796451,48.54690110060224,227921,
2024-05-02,49.74559020996094,51.443733635771935,49.04635423338824,50.69455304884322,217376,
2024-05-03,50.04526138305664,51.34384410771674,49.196191580498414,51.34384410771674,106257,
2024-05-06,52.54253005981445,52.54253005981445,49.04635400384313,51.74340486626976,342603,
2024-05-07,53.39160537719727,55.13969346094675,51.99313338598584,53.141878508090194,373995,
2024-05-08,50.99422454833984,54.69018287457208,50.74449768589887,54.64023826418979,193271,
2024-05-09,52.742313385009766,53.54143859482984,50.045262467653615,50.4947715889679,196889,
2024-05-10,52.342750549316406,55.13969057481153,51.94318605544736,53.94100090373379,46605,
2024-05-13,53.39160537719727,54.93991120355517,51.343845812625226,54.93991120355517,140077,
2024-05-14,54.74013137817383,55.13969591070895,53.69127924343136,54.8400244165725,94228,
2024-05-15,55.739036560058594,56.937726296834725,54.93991133905105,56.937726296834725,50669,
2024-05-16,56.6879997253418,57.73685182159021,55.13969388701989,56.93772659637855,76134,
2024-05-17,59.43499374389648,59.48493835468461,56.6879982347248,56.73794284551292,227744,
2024-05-21,58.236305236816406,59.93444871244151,56.687999407184265,57.68690688572495,82195,
2024-05-22,57.986576080322266,58.93553890961691,57.48712236074924,58.93553890961691,101265,
2024-05-23,57.43717956542969,58.935540771484376,55.739036103128456,58.73575851523783,140449,
2024-05-24,58.48603057861328,58.935539694319935,57.03761401046053,58.03652146290664,167610,
2024-05-27,60.48384475708008,61.38286297769596,58.93553898649005,59.93444642693903,127251,
2024-05-28,62.63150024414063,63.48057008451775,60.93335675285672,63.23084321257981,87843,
2024-05-29,62.38177108764648,64.87903590504092,60.18417393296749,64.87903590504092,103881,
2024-05-30,62.03215408325195,63.930079853102825,61.432811108840994,62.38177399376643,83596,
2024-05-31,63.130950927734375,65.12876199586402,61.932261238433,62.03215045815416,79296,
2024-06-03,64.52942657470703,66.17762556584185,63.13095828302984,63.8301943341334,122932,
2024-06-04,64.07991790771484,65.92789526595783,61.33292227163327,65.72811681357568,239812,
2024-06-05,63.63040542602539,66.82691003310056,60.88340993425493,66.82691003310056,78628,
2024-06-06,64.97893524169922,65.92789430831948,62.9311718397595,63.93007932927949,104780,
2024-06-07,66.02777862548828,66.92679682344784,63.930074577621816,65.9278894081725,74388,
2024-06-10,69.32418060302734,69.32418060302734,67.02669035170341,67.92570860748492,68899,
2024-06-11,72.7803955078125,72.79038671594698,67.9257048184558,71.72155607732246,267663,
2024-06-12,71.3219985961914,71.3219985961914,71.3219985961914,71.3219985961914,22083,
2024-06-13,69.8935546875,69.8935546875,69.8935546875,69.8935546875,24338,
2024-06-14,68.49508666992188,68.49508666992188,68.49508666992188,68.49508666992188,6605,
2024-06-18,67.11659240722656,67.11659240722656,67.11659240722656,67.11659240722656,10060,
2024-06-19,65.76806640625,65.82800603881134,65.76806640625,65.76806640625,111309,
2024-06-20,64.44950866699219,64.52942309619556,64.44950866699219,64.44950866699219,93239,
2024-06-21,63.15093231201172,63.160919710211424,63.15093231201172,63.15093231201172,33164,
2024-06-24,61.88231658935547,61.88231658935547,61.88231658935547,61.88231658935547,11187,
2024-06-25,60.643672943115234,61.64258043541704,60.643672943115234,60.643672943115234,201421,
2024-06-26,59.42500686645508,59.42500686645508,59.42500686645508,59.42500686645508,128641,
2024-06-27,60.2341194152832,60.2341194152832,59.38504959371094,60.2341194152832,51348,
2024-06-28,61.43280792236328,61.43280792236328,59.68471989205214,61.43280792236328,38505,
2024-07-01,62.66146469116211,62.66146469116211,62.66146469116211,62.66146469116211,9262,
2024-07-02,63.910099029541016,63.910099029541016,63.43062390453407,63.910099029541016,14322,
2024-07-03,62.63150024414063,63.93007921611197,62.63150024414063,62.63150024414063,18519,
2024-07-04,61.37287139892578,62.63149690019048,61.37287139892578,61.37287139892578,5644,
2024-07-05,61.9322624206543,61.9322624206543,60.14421715559541,61.9322624206543,18581,
2024-07-08,60.93335723876953,60.93335723876953,60.69361776316426,60.93335723876953,42050,
2024-07-09,62.15202331542969,62.15202331542969,59.9344475371844,62.15202331542969,21351,
2024-07-10,60.93335723876953,61.83237550912719,60.90339123326751,60.93335723876953,16115,
2024-07-11,59.9344482421875,60.53379120039754,59.71468737926335,59.9344482421875,30289,
2024-07-12,58.73575973510742,58.94552939378463,58.73575973510742,58.73575973510742,26055,
2024-07-15,58.73575973510742,58.73575973510742,58.73575973510742,58.73575973510742,0,
2024-07-16,58.73575973510742,58.73575973510742,58.73575973510742,58.73575973510742,0,
2024-07-18,62.08209991455078,62.08209991455078,60.43390108794059,62.08209991455078,54990,
2024-07-19,62.93117141723633,62.93117141723633,61.432810193016415,62.93117141723633,45408,
2024-07-22,65.53832244873047,66.07773341954605,60.93335821036104,64.18979883222127,102291,
2024-07-23,63.7003288269043,67.92570690192208,62.281878260124095,67.02668866871424,48145,
2024-07-24,61.67254638671875,65.8180099336835,61.13313546015012,61.13313546015012,72239,
2024-07-25,64.74918365478516,64.74918365478516,63.73029755051727,64.74918365478516,86748,
2024-07-26,64.25971984863281,66.9268009841717,62.98111568643178,64.92898602942032,77176,
2024-07-29,63.940067291259766,65.37848882080662,63.08100628421007,65.37848882080662,18376,
2024-07-30,63.80022048950195,64.92898702316059,62.43171829150057,64.26970441989386,19699,
2024-07-31,64.03996276855469,65.92789740267375,63.630410831050185,64.37958767282345,49682,
2024-08-01,64.95894622802734,65.9178964060653,63.98002125549338,65.7780499814176,27834,
2024-08-02,65.05884552001953,66.2974963602743,63.05104303559267,66.2974963602743,10459,
2024-08-05,63.1209602355957,64.91899287898585,61.80240270974096,62.03215096540192,29763,
2024-08-06,61.4028434753418,64.7192159749541,61.0432361760174,61.93226321571961,20170,
2024-08-07,61.512725830078125,62.91119404719377,60.334014672341816,61.83237592602054,11371,
2024-08-08,60.27407455444336,63.93007560042128,58.945525841817975,63.43062188479298,33110,
2024-08-09,61.512725830078125,62.82129221955186,58.93554264469645,60.27407885040397,19852,
2024-08-12,62.951148986816406,63.73029559120212,60.19416224578614,61.93226291387301,20903,
2024-08-13,59.9344482421875,63.23084213340189,59.7946018059738,62.95114926097449,81965,
2024-08-14,58.06649017333984,61.4328071571148,57.936631140043225,58.13641338883892,23447,
2024-08-16,58.85562515258789,59.73466477594901,56.9377246767413,58.92555217980789,144334,
2024-08-19,61.712501525878906,61.79241595156015,58.14640220623864,58.98548462324397,99893,
2024-08-20,63.1808967590332,63.63040587752749,59.93444751845047,62.68144302971278,27384,
2024-08-21,64.78913879394531,65.92789269443722,60.23411938144809,63.03105952153042,92594,
2024-08-22,64.42953491210938,65.92789618913517,63.43062739409217,64.78914222828033,47109,
2024-08-23,64.00999450683594,66.07773272950617,62.93117257647075,64.03996051250284,59901,
2024-08-26,63.06102752685547,65.27859944450256,62.74137745204995,65.0788210056462,47235,
2024-08-27,65.68815612792969,66.2075846493124,62.73138717623476,64.92898433108509,119970,
2024-08-28,64.01997375488281,66.926798044475,63.55048985229802,66.926798044475,112283,
2024-08-29,62.951148986816406,65.92789277928418,61.93226291387301,64.92898531293139,21294,
2024-08-30,64.0699234008789,65.92789187242282,60.03433637779745,60.03433637779745,36275,
2024-09-02,65.41844177246094,66.72701561438258,63.93007191948187,64.17979876291734,85525,
2024-09-03,68.68487548828125,68.68487548828125,65.9878209148194,66.91680510883535,113466,
2024-09-04,69.1743392944336,72.11112956747762,68.92461243777498,71.90135992241146,165679,
2024-09-05,70.30310821533203,71.92134113443832,66.9767519798695,70.42297986080419,75685,
2024-09-06,70.99235534667969,73.71937616059947,69.42407088477253,69.92352463214499,75568,
2024-09-09,71.16217041015625,72.91025859028107,69.92352720499308,71.42188850224292,107851,
2024-09-10,71.95130157470703,73.1699698690282,70.92242813243689,71.62166029095283,69546,
2024-09-11,68.95458221435547,71.92133865316814,68.42516246863913,71.92133865316814,34790,
2024-09-12,66.62712097167969,69.67379161022782,65.86795682982728,69.67379161022782,34589,
2024-09-13,65.12764739990234,67.8767038259193,63.97804046003081,67.8767038259193,25458,
2024-09-16,63.02836227416992,68.37652859467126,61.86876050564688,65.47752226666955,169921,
2024-09-17,60.91908645629883,62.718471818995184,60.07937455816994,62.02870615883217,71127,
2024-09-18,60.45924758911133,61.778794364424975,59.979412744759856,59.979412744759856,37140,
2024-09-19,63.47821044921875,63.47821044921875,60.44925139137492,60.44925139137492,53118,
2024-09-20,64.5578384399414,65.8273992293145,63.97803566133428,64.28792683100049,31715,
2024-09-23,67.77674102783203,67.77674102783203,65.02768454645911,67.47684090642605,55488,
2024-09-24,69.12627410888672,71.16557503957937,67.97666718264836,70.27588103512508,158374,
2024-09-25,66.73709106445312,71.97529063638132,65.9773497500162,69.37618444431168,70334,
2024-09-26,63.92805480957031,67.72674998713025,63.398234098485865,67.72674998713025,78674,
2024-09-27,66.30724334716797,67.11696298753652,61.97872718284298,63.92805888111008,83841,
2024-09-30,69.61610412597656,69.61610412597656,66.95702080588558,69.61610412597656,153688,
2024-10-01,70.80569458007812,73.0949096192035,68.97632076416737,72.66505688038474,363081,
2024-10-03,68.85636138916016,70.97563666624244,67.25691194738887,69.95599003048092,145369,
2024-10-04,69.56611633300781,72.06525845090768,66.87704460035557,71.6753928906574,134864,
2024-10-07,69.30621337890625,73.034929273436,66.97701101612792,69.97598165864112,116276,
2024-10-08,69.21623992919922,70.02596718462176,68.52648187126178,69.3062130139247,74010,
2024-10-09,68.91634368896484,70.67573420286692,67.9766638365384,70.67573420286692,248505,
2024-10-10,69.00630950927734,70.47580626443705,66.27725064407473,69.90600217843392,148204,
2024-10-11,66.35721588134766,70.47580465806853,65.54749631095099,70.47580465806853,84989,
2024-10-14,64.20796203613281,66.07731544134585,63.37824503048164,65.1776227621323,257269,
2024-10-15,62.3286018371582,64.9277080703039,61.5788592145137,63.95804353812096,59077,
2024-10-16,61.41891479492188,62.9783808360632,60.48923362988988,62.31860747507806,43684,
2024-10-17,61.78879165649414,62.8784177823221,60.47923980201099,61.92874300622444,33136,
2024-10-18,60.94908142089844,61.788793355761605,60.029395104910975,61.788793355761605,23817,
2024-10-21,59.09971237182617,61.87876102991698,58.19002478366459,60.37927574305361,37180,
2024-10-22,62.04870223999024,62.04870223999024,56.98044216317857,59.979412803345866,52804,
2024-10-23,60.36927795410156,64.83774539697515,58.97975551068684,64.83774539697515,77553,
2024-10-24,59.9094352722168,60.71915869281544,57.98009724836397,59.87944678702775,16815,
2024-10-25,57.9701042175293,60.27930917248695,56.9104665506585,60.27930917248695,27697,
2024-10-28,59.18968200683594,60.85911095280786,56.680544955891406,56.94045406266079,38751,
2024-10-29,59.80947113037109,61.75879893600166,57.18037254868531,60.34928293087511,121188,
2024-10-30,59.35962677001953,60.879105689523264,58.77982394755341,60.47924141103709,41090,
2024-10-31,59.59954071044922,62.068694366026136,58.98974941790688,59.95941778889311,67366,
2024-11-01,61.24897766113281,61.94873824170617,59.47958452113284,61.94873824170617,27654,
2024-11-04,59.6395263671875,61.85876575163171,59.17968514027742,61.85876575163171,21730,
2024-11-05,61.26897048950195,62.61850573891069,59.78947877921905,60.52922272766634,140125,
2024-11-06,62.65849304199219,64.32791818780476,60.97906919196216,60.97906919196216,147034,
2024-11-07,62.98837661743164,65.78741504261151,62.34859684177776,63.67814228643645,236911,
2024-11-08,65.02767944335938,66.13729912799556,62.98837479406624,62.98837479406624,380124,
2024-11-11,61.768798828125,65.94736484408733,61.768798828125,65.94736484408733,180772,
2024-11-12,59.14969253540039,63.22829421393509,58.67985642051146,61.768796163893775,151628,
2024-11-13,58.28999328613281,60.59919820827657,56.98044141757576,58.81981020534531,1223467,
2024-11-14,60.45924758911133,60.92908754256289,58.419946640576285,59.479584305220186,269534,
2024-11-18,62.9783821105957,63.47821054004488,60.13935647878888,61.96873036099922,583062,
2024-11-19,63.588172912597656,65.97735217673424,62.95838802861648,62.97838162324632,730042,
2024-11-21,63.49820327758789,65.77742347821011,61.97872441496916,65.77742347821011,357171,
2024-11-22,62.55852890014648,64.82774664452877,61.92874400283681,64.37790410269591,172855,
2024-11-25,65.6674575805664,65.67744865727968,62.78844493109763,63.678138872251,1036127,
2024-11-26,68.94633483886719,68.94633483886719,65.64746415090379,65.66746155909414,524427,
2024-11-27,69.92599487304688,71.86533163773392,69.0263097931761,70.87567347381007,1579100,
2024-11-28,70.70573425292969,73.41480347388601,69.77605305242037,71.44547820627555,1847876,
2024-11-29,74.2345199584961,74.2345199584961,71.20556091748642,71.20556091748642,692803,
2024-12-02,77.94324493408203,77.94324493408203,77.94324493408203,77.94324493408203,68324,
2024-12-03,81.8319091796875,81.8319091796875,81.8319091796875,81.8319091796875,69316,
2024-12-04,85.92050170898438,85.92050170898438,83.92118804383732,85.92050170898438,1716324,
2024-12-05,90.2090301513672,90.2090301513672,87.27004425908018,88.36966524608695,2518349,
2024-12-06,94.7174835205078,94.7174835205078,88.76952850317588,93.76781259396785,1368594,
2024-12-09,99.44586944580078,99.44586944580078,96.72680152100452,96.96671703590518,242197,
2024-12-10,104.14424896240234,104.41415295100047,94.46757053290274,101.95499806186506,3335300,
2024-12-11,101.15528106689452,108.4627703424881,99.96568695160194,104.96397129918203,1405954,
2024-12-12,100.8053970336914,102.46483113041242,100.09564155765982,101.9650026858738,332077,
2024-12-13,96.32693481445312,100.46551356925336,95.75713071420604,99.9656851435357,232857,
2024-12-16,97.43655395507812,98.96602770847024,92.06839394888824,97.96637086293012,151592,
2024-12-17,102.2848892211914,102.30487900253372,94.96740133888716,97.26661515885506,189561,
2024-12-18,107.39313507080078,107.39313507080078,102.96465494619902,103.02463191627884,142425,
2024-12-19,109.74232482910156,112.71130681424891,107.16320839485476,111.76163588293252,308325,
2024-12-20,104.9639663696289,114.36074202712236,104.26420964454188,114.36074202712236,158762,
2024-12-23,102.26490020751952,107.7130270639898,100.9653432339951,105.9636275525097,78720,
2024-12-24,103.84435272216795,104.96397116018284,101.9650005556062,104.86400699871896,82217,
2024-12-26,106.8533172607422,107.91295105315288,103.06461698421693,104.91398058245728,110664,
2024-12-27,111.91158294677734,112.16149716293968,105.51378511444318,107.9129554881802,126269,
2024-12-30,115.46036529541016,117.49966616908772,113.46105161064116,114.9605368742179,457338,
2024-12-31,117.92951965332033,118.35937240330284,112.96122389533843,117.809558085845,231831,
2025-01-01,117.799560546875,118.94916745952568,115.5103530524328,118.40935184071292,65779,
2025-01-02,115.44037628173828,115.44037628173828,115.44037628173828,115.44037628173828,43726,
2025-01-03,113.13116455078124,113.1411632548376,113.13116455078124,113.13116455078124,98793,
2025-01-06,110.9619140625,113.66098459709336,110.86194989951076,110.9619140625,127017,
2025-01-07,111.46173858642578,112.46139543473454,111.46173858642578,111.46173858642578,28876,
2025-01-08,110.16218566894533,111.21182844883604,109.23250446088622,110.16218566894533,22788,
2025-01-09,111.51172637939452,111.51172637939452,110.96191205274684,111.51172637939452,29477,
2025-01-10,110.41209411621094,110.46208000855432,109.41243728355433,110.41209411621094,25790,
2025-01-13,108.2028579711914,109.96225620598464,108.2028579711914,108.2028579711914,92065,
2025-01-14,106.56341552734376,107.8629724445506,106.06358711715286,106.56341552734376,27553,
2025-01-15,108.69269561767578,108.69269561767578,106.96328586427538,108.69269561767578,65517,
2025-01-16,110.86194610595705,110.86194610595705,108.01292561098126,110.86194610595705,20581,
2025-01-17,112.50138092041016,113.07118501024723,112.50138092041016,112.50138092041016,39108,
2025-01-20,113.91089630126952,113.96088219504816,112.50138409267566,113.91089630126952,20856,
2025-01-21,111.63167572021484,113.91089205894794,111.63167572021484,111.63167572021484,11331,
2025-01-22,110.9619140625,110.9619140625,110.46208562077705,110.9619140625,17273,
2025-01-23,112.9612274169922,112.9612274169922,108.74267416396714,112.9612274169922,14951,
2025-01-24,110.70199584960938,110.96190876238803,110.70199584960938,110.70199584960938,3917,
2025-01-27,108.48275756835938,108.48275756835938,108.48275756835938,108.48275756835938,2599,
2025-01-28,106.30350494384766,106.30350494384766,106.30350494384766,106.30350494384766,3602,
2025-01-29,105.963623046875,108.4227779118063,105.963623046875,105.963623046875,31696,
2025-01-30,104.06427764892578,105.9636272091623,103.96431348823472,104.06427764892578,15360,
2025-01-31,104.9639663696289,104.9639663696289,101.97499460564826,104.9639663696289,29409,
2025-02-01,105.46379852294922,105.46379852294922,103.96431323589306,105.46379852294922,13391,
2025-02-03,104.9639663696289,104.9639663696289,103.36451697887551,104.9639663696289,32953,
2025-02-04,105.963623046875,106.16355136040389,105.0639303824425,105.963623046875,22269,
2025-02-05,104.9639663696289,105.9636231921968,104.36417380144344,104.9639663696289,11874,
2025-02-06,104.46414184570312,104.80402151717132,103.61443504025608,104.46414184570312,28199,
2025-02-07,104.86400604248048,104.86400604248048,103.46448491441804,104.86400604248048,18974,
2025-02-10,99.61580657958984,104.864005039547,99.61580657958984,104.864005039547,129682,
2025-02-11,95.8870849609375,99.5658225407398,94.62752279836847,99.5658225407398,113816,
2025-02-12,97.21662902832033,98.9660285224032,91.08873526040097,95.8371053157688,135105,
2025-02-13,95.36726379394533,97.96637004530211,92.3482958746157,96.9567145042358,33412,
2025-02-14,95.32727813720705,97.816421566332,90.59889786549608,97.816421566332,61233,
2025-02-17,90.55891418457033,94.92741754820864,90.55891418457033,91.96843406312983,25792,
2025-02-18,86.03046417236328,91.95842946714716,86.03046417236328,91.95842946714716,23857,
2025-02-19,89.9691162109375,90.32899328592336,81.7219472249349,81.7219472249349,294956,
2025-02-20,90.95877838134766,94.4675762044386,85.48066288937629,89.96912019470342,108749,
2025-02-21,88.30968475341797,93.96774633168954,86.97014820060627,90.8588128375947,27396,
2025-02-24,86.30037689208984,88.07976484833475,83.89120024503758,88.07976484833475,52033,
2025-02-25,85.19075775146484,87.15008425705798,82.97151833006325,86.26039027305846,31010,
2025-02-27,81.65196990966797,86.97014392262405,80.97220296244308,82.47168820248832,84793,
2025-02-28,78.5030517578125,84.86086997830348,77.5633718716893,84.86086997830348,227353,
2025-03-03,76.5437240600586,81.77193269766899,74.57439886172415,75.96392126147533,52411,
2025-03-04,76.00390625,78.71297529722892,72.71503442097342,78.71297529722892,128637,
2025-03-05,79.38275146484375,79.80260549737774,74.47443283462209,75.4740896511942,74917,
2025-03-06,83.35138702392578,83.35138702392578,79.78261230528194,79.78261230528194,71061,
2025-03-07,87.46997833251953,87.50996552354191,82.47169385637555,83.35138917853723,158233,
2025-03-10,83.09148406982422,88.96946388176642,83.09148406982422,88.96946388176642,28064,
2025-03-11,79.32276916503906,82.47168975371814,78.93290360543634,82.47168975371814,73893,
2025-03-12,76.55372619628906,80.762280773114,76.02390926674431,76.57371597823668,22019,
2025-03-13,75.24417114257812,79.77262328412542,72.72503912256789,75.9739240318235,168754,
2025-03-17,73.70470428466797,77.97323575821412,72.17522286907216,72.17522286907216,42501,
2025-03-18,73.70470428466797,73.70470428466797,73.70470428466797,73.70470428466797,0,
2025-03-19,79.55269622802734,79.8725861241027,73.23486506045657,73.23486506045657,237180,
2025-03-20,82.78157806396484,83.52132959525524,79.83259352273748,79.83259352273748,76636,
2025-03-21,83.3114013671875,86.01047954027432,79.97255102283691,86.01047954027432,48287,
2025-03-24,80.96220397949219,83.6712730552856,80.77227436928264,83.6712730552856,43276,
2025-03-25,78.51305389404297,82.95153297359813,77.82328819201024,80.56234596435576,41100,
2025-03-26,76.05389404296875,80.92221796145174,74.97426282782178,80.92221796145174,58649,
2025-03-27,78.08319854736328,79.37275682192887,75.96392324216782,75.96392324216782,97469,
2025-03-28,78.46306610107422,81.97186387309057,78.1731646916757,81.97186387309057,78851,
2025-04-01,78.63301086425781,81.472032635107,78.47306210866135,78.47306210866135,11531,
2025-04-02,82.56165313720703,82.56165313720703,77.1235252203583,77.1235252203583,27572,
2025-04-03,86.68024444580078,86.68024444580078,82.97151845189896,85.95049921715844,39197,
2025-04-04,89.3193359375,90.96877122685876,85.47065868018046,87.46997233351803,56173,
2025-04-07,87.52995300292969,87.52995300292969,87.52995300292969,87.52995300292969,12658,
2025-04-08,85.77056121826172,86.07045369872569,85.77056121826172,85.77056121826172,29611,
2025-04-09,84.0511474609375,84.0511474609375,84.0511474609375,84.0511474609375,22705,
2025-04-11,82.97151947021484,84.47100476184524,82.97151947021484,82.97151947021484,12409,
2025-04-15,84.63095092773438,84.63095092773438,83.01150411674705,84.63095092773438,16668,
2025-04-16,86.32036590576172,86.32036590576172,86.32036590576172,86.32036590576172,4641,
2025-04-17,88.03977966308594,88.03977966308594,88.03977966308594,88.03977966308594,19609,
2025-04-21,89.79917907714844,89.79917907714844,89.76919059112745,89.79917907714844,43526,
2025-04-22,91.58856201171876,91.58856201171876,91.58856201171876,91.58856201171876,11135,
2025-04-23,93.41793060302734,93.41793060302734,90.76884602298897,93.41793060302734,37598,
2025-04-24,95.27729034423828,95.27729034423828,92.9680854998114,95.27729034423828,31504,
2025-04-25,95.01738739013672,95.27729268190072,94.41758717400052,95.01738739013672,60566,
2025-04-28,94.91741180419922,95.95705580997696,94.91741180419922,94.91741180419922,44235,
2025-04-29,93.01807403564452,94.4475836530042,93.01807403564452,93.01807403564452,3962,
2025-04-30,91.14871215820312,92.96808732552404,91.14871215820312,91.14871215820312,6271,
2025-05-02,89.3193359375,89.56925014416719,89.3193359375,89.3193359375,7,
2025-05-05,88.16973114013672,89.31933804326384,88.1197528736908,88.16973114013672,18762,
2025-05-06,86.47032165527344,88.16973533073569,86.47032165527344,86.47032165527344,9451,
2025-05-07,86.47032165527344,86.97015010414785,85.48066346199963,86.47032165527344,6643,
2025-05-08,86.37035369873047,87.46997471261952,86.37035369873047,86.37035369873047,30337,
2025-05-09,84.64094543457031,84.64094543457031,84.64094543457031,84.64094543457031,125821,
2025-05-12,88.84949493408203,88.86949234136829,84.47100083186841,84.47100083186841,39677,
2025-05-13,92.52823638916016,93.2879777371748,88.86949625269841,88.86949625269841,150968,
2025-05-14,94.9474105834961,95.96705721057684,90.06908029415483,93.1680149912244,33979,
2025-05-15,90.2090301513672,93.16801345123736,90.19903907435196,91.56856404952056,82373,
2025-05-16,91.97843170166016,92.86812571507942,86.42033426039421,90.96877611695254,98861,
2025-05-19,88.73953247070312,94.11769103829356,88.07976293605813,91.82847600747095,70473,
2025-05-20,89.64923095703125,90.96877775789892,88.47963421628471,88.76953563204509,286787,
2025-05-21,89.3393325805664,92.95808538100546,87.96979999410956,88.46962840316701,662209,
2025-05-22,93.7978057861328,93.7978057861328,90.46894658415678,90.8588121526646,93434,
2025-05-23,98.48619079589844,98.48619079589844,93.97774383463926,98.4761997185467,594923,
2025-05-26,97.96636962890624,101.3652043862848,95.99704444771444,97.26661289655318,228644,
2025-05-27,97.16664123535156,99.9656834218746,96.59683714491794,99.9656834218746,122475,
2025-05-28,101.79505920410156,102.02497600937052,96.23696191342889,97.1766417961191,299237,
2025-05-29,106.88330841064452,106.88330841064452,101.97499725045851,101.97499725045851,182263,
2025-05-30,110.32212829589844,112.22147779699615,108.30281722964064,111.86160072829232,245128,
2025-06-02,110.24215698242188,114.85057570386682,107.9629405684826,112.761296533348,194463,
2025-06-03,107.17321014404295,110.34212053316556,106.46345469462533,110.15219091757096,86211,
2025-06-04,112.5313720703125,112.5313720703125,108.86263323610656,108.86263323610656,73295,
2025-06-05,118.14944458007812,118.14944458007812,113.940890191058,113.96087997211356,100452,
2025-06-06,126.61653900146484,129.95538918584856,120.05878494557098,120.37867482926508,537750,
2025-06-09,125.44693756103516,134.75374813870644,122.95779410848284,127.40626409665632,391156,
2025-06-10,123.4276351928711,130.06535621209622,121.05844566084588,125.92677737260274,262739,
2025-06-11,127.97607421875,130.5052048291783,120.21873492660065,123.42763250015716,159296,
2025-06-12,121.89816284179688,129.55553823197076,120.45865448866664,129.55553823197076,109440,
2025-06-13,125.6468734741211,128.09602973626113,118.30938813826906,118.30938813826906,197757,
2025-06-16,125.63687133789062,127.65617478897006,124.25734765112011,124.25734765112011,69538,
2025-06-17,132.38455200195312,134.47384645342015,124.19736742103322,125.6568655363459,283350,
2025-06-18,137.5028076171875,138.95230705009286,127.95608131231572,132.25460896961204,430952,
2025-06-19,131.04501342773438,139.00228870307188,127.95607740742354,138.55244616914703,242140,
2025-06-20,128.51588439941406,132.95436333010022,126.95642212723855,132.95436333010022,74533,
2025-06-23,129.44557189941406,132.6844503537001,121.32835547523518,129.95539140518605,222143,
2025-06-24,129.64549255371094,131.8547255349698,124.95709973122696,131.8547255349698,84546,
2025-06-25,135.29354858398438,138.95229615806363,129.16566273014868,131.45487010636955,146859,
2025-06-26,129.52554321289062,135.8133779828089,125.15703247893674,135.7433946827723,163473,
2025-06-27,131.1549835205078,132.9543690089335,128.95574136956708,130.9550551892503,73161,
2025-06-30,133.2042694091797,134.4238519328725,128.20598537881648,132.85438342563333,82043,
2025-07-01,133.54415893554688,141.20153429703913,132.95436503721209,133.9540219171911,250743,
2025-07-02,134.12396240234375,136.85302142683554,130.05536681308124,133.95402256235525,132660,
2025-07-03,131.5748291015625,136.34319652479465,130.50520420890396,136.20324517659017,65964,
2025-07-04,139.07225036621094,141.1515383590473,131.6448075981533,133.9140328252397,352227,
2025-07-07,139.67205810546875,143.9505882584209,138.0026329748426,143.9505882584209,154952,
2025-07-08,134.33389282226562,140.90163041633866,133.45418991025952,139.95195945645193,142514,
2025-07-09,136.75306701660156,137.752723916937,132.79441897970946,135.4535099954547,110543,
2025-07-10,134.4938201904297,137.4528110526535,132.7044412162891,137.4528110526535,56497,
2025-07-11,131.9846954345703,135.94334335459567,130.15532153053653,135.94334335459567,94991,
2025-07-14,129.31561279296875,133.14430042008829,128.30596484961083,130.35524922202174,63281,
2025-07-15,131.93470764160156,133.4641814116664,128.4559060521946,128.4559060521946,81221,
2025-07-16,144.97024536132812,145.12018779227157,130.70513737802412,130.97504900727583,618596,
2025-07-17,143.16085815429688,149.12879526349863,137.30286865054106,146.4397312635439,637396,
2025-07-18,141.3214874267578,145.4100956350012,140.15189071435168,144.9402556838355,172969,
2025-07-21,143.330810546875,150.94819120886044,141.10156468752322,144.8202895587808,517934,
2025-07-22,142.1511993408203,149.3287433709181,138.5524438754449,144.90025564586048,488768,
2025-07-23,156.36631774902344,156.36631774902344,156.36631774902344,156.36631774902344,250884,
2025-07-24,166.82273864746094,169.74173479520852,152.94749680157943,157.935789933642,2626494,
2025-07-25,160.4849090576172,171.8710003286945,158.94544417154438,168.44218454657377,670842,
2025-07-28,160.2349853515625,164.34357550178476,157.15605576168468,160.59486241777003,272222,
2025-07-29,159.86512756347656,161.4945731706771,157.455950804579,161.4945731706771,175905,
2025-07-30,162.16433715820312,171.89099414152923,160.51490943951856,161.14468288932463,523956,
2025-07-31,162.5242156982422,165.29326949816962,156.44630010033936,159.9351080666996,188493,
2025-08-01,155.4866180419922,163.49387908545398,152.94749638224238,163.49387908545398,179418,
2025-08-04,158.18569946289062,162.09434600611723,156.11640253981264,157.94577633666998,146189,
2025-08-05,156.05642700195312,166.45285184329575,154.94680732003528,158.18570091271366,152528,
2025-08-06,148.76893615722656,158.7355006785217,145.7799567564045,157.8458067135824,500720,
2025-08-07,153.0674591064453,154.91683046633744,146.94956378118226,148.94887757412351,246301,
2025-08-08,147.06951904296875,155.34667699948974,145.56004260707712,155.34667699948974,217239,
2025-08-11,148.22911071777344,149.34872146497915,143.0608868352259,147.44937962546197,139127,
2025-08-12,143.16085815429688,149.64862107454093,140.57173542943673,147.94920755201875,196673,
2025-08-13,144.4604034423828,146.94955444777722,142.20118449113136,144.60035478885763,180496,
2025-08-14,142.8609619140625,145.93990679549916,140.50177117392545,144.8502692529285,76890,
2025-08-18,146.07986450195312,149.44870330056796,144.56038177599586,144.56038177599586,125148,
2025-08-19,144.430419921875,148.5290191793786,142.990911592341,147.9192278801608,65568,
2025-08-20,149.7585906982422,155.94646905850388,144.65034356958114,145.84992874239748,412364,
2025-08-21,153.47731018066406,158.64553410379017,150.94817964920986,151.7379018245532,240003,
2025-08-22,152.13778686523438,159.4452764027478,151.557984029707,154.936829250915,262802,
2025-08-25,146.47972106933594,153.64725905203022,145.45007570558752,153.64725905203022,108655,
2025-08-26,147.2594451904297,149.37871278894605,143.94059244659374,149.37871278894605,73314,
2025-08-28,145.89991760253906,148.92887670825235,144.17051548278292,148.92887670825235,88753,
2025-08-29,144.63034057617188,148.54900871148826,143.95058126412977,145.8899179245066,71083,
2025-09-01,142.4910888671875,146.8495935935311,139.95196703399165,142.95093775614862,65518,
2025-09-02,143.83062744140625,145.5700205374512,142.70101035917756,144.65033809796194,70214,
2025-09-03,149.8785400390625,155.3466640770843,144.73031350586768,144.74030458281132,235799,
2025-09-04,149.50868225097656,154.79687574895934,148.54902017713428,152.63761320248372,135617,
2025-09-05,145.66000366210938,152.2377321917288,144.95024060002194,149.498682235078,82989,
2025-09-08,151.25999450683594,153.5,146.80999755859375,147.16000366210938,112734,
2025-09-09,150.02999877929688,155.1999969482422,149.25,153.44000244140625,102056,
2025-09-10,146.1300048828125,151.5500030517578,145.6999969482422,151.5500030517578,82392,
2025-09-11,144.22999572753906,148.5,143.75,147.2100067138672,68182,
2025-09-12,138.77000427246094,147.5,137.0,146.39999389648438,180225,
2025-09-15,136.94000244140625,139.89999389648438,133.92999267578125,139.89999389648438,315052,
2025-09-16,140.57000732421875,142.00999450683594,135.10000610351562,136.94000244140625,822071,
2025-09-17,139.25,143.0,136.5,142.0,207288,
2025-09-18,137.75999450683594,141.38999938964844,135.55999755859375,139.25,155470,
2025-09-19,139.1999969482422,140.0,136.02000427246094,138.8000030517578,88640,
2025-09-22,145.4499969482422,146.60000610351562,137.66000366210938,140.8000030517578,216463,
2025-09-23,145.50999450683594,150.5,142.0,146.72999572753906,291502,
2025-09-24,142.38999938964844,146.50999450683594,141.35000610351562,145.50999450683594,69577,
2025-09-25,140.0399932861328,144.8000030517578,138.66000366210938,142.24000549316406,78329,
2025-09-26,131.77999877929688,140.99000549316406,130.0,140.99000549316406,309885,
2025-09-29,130.9499969482422,134.99000549316406,129.02000427246094,134.99000549316406,67394,
2025-09-30,129.7899932861328,134.1199951171875,125.7699966430664,134.11000061035156,140213,
2025-10-01,135.25999450683594,136.97999572753906,128.13999938964844,128.97000122070312,137030,
2025-10-03,138.88999938964844,141.66000366210938,133.91000366210938,133.91000366210938,878939,
2025-10-06,145.82000732421875,158.99000549316406,139.10000610351562,139.10000610351562,4144567,
2025-10-07,147.30999755859375,149.9199981689453,145.82000732421875,147.1999969482422,282584,
2025-10-08,145.19000244140625,151.19000244140625,143.0,149.5,183145,
2025-10-09,146.10000610351562,147.8300018310547,144.5,147.0,180331,
2025-10-10,145.5800018310547,151.0,143.0,146.7899932861328,225756,
2025-10-13,161.66000366210938,167.88999938964844,141.0,144.86000061035156,25946761,
2025-10-14,157.44000244140625,164.64999389648438,155.0,160.0,7909666,
2025-10-15,150.8300018310547,158.75,148.3000030517578,157.5,2094037,
2025-10-16,159.3000030517578,161.6999969482422,148.9499969482422,152.39999389648438,1793913,
2025-10-17,154.72999572753906,161.5,152.1999969482422,159.3000030517578,899612,
2025-10-20,153.5,156.10000610351562,152.2100067138672,155.6999969482422,257570,
2025-10-21,155.2100067138672,160.0500030517578,151.1999969482422,155.64999389648438,417614,
2025-10-23,155.75,160.0,152.89999389648438,157.99000549316406,623072,
2025-10-24,172.35000610351562,182.0,154.0,155.75,4511201,
2025-10-27,180.3099975585937,182.82000732421875,172.5,180.0,4484905,
2025-10-28,169.77999877929688,180.0,151.10000610351562,180.0,6914825,
2025-10-29,161.99000549316406,169.5,158.14999389648438,169.5,1549037,
2025-10-30,156.30999755859375,163.14999389648438,155.27999877929688,162.47999572753906,813802,
2025-10-31,152.5,156.97000122070312,152.0,156.97000122070312,366690,
2025-11-03,162.94000244140625,164.99000549316406,150.10000610351562,152.99000549316406,1933671,
2025-11-04,156.8000030517578,164.75,156.0,163.2899932861328,729450,
2025-11-06,144.25,156.88999938964844,143.1999969482422,156.88999938964844,1470524,
2025-11-07,146.4199981689453,150.0,143.5,144.25,675533,
2025-11-10,143.50999450683594,148.3699951171875,142.35000610351562,146.5,448718,
2025-11-11,141.77999877929688,144.27000427246094,140.07000732421875,143.9199981689453,258550,
2025-11-12,143.57000732421875,146.6999969482422,140.42999267578125,142.19000244140625,396579,
2025-11-13,140.25999450683594,143.94000244140625,139.50999450683594,142.0500030517578,186453,
2025-11-14,140.3000030517578,141.8000030517578,139.67999267578125,140.25999450683594,163792,
2025-11-17,140.0,143.6699981689453,139.10000610351562,140.99000549316406,191660,
2025-11-18,141.9199981689453,142.8800048828125,137.75999450683594,139.97999572753906,197712,
2025-11-19,138.2899932861328,142.17999267578125,138.0,142.17999267578125,128336,
2025-11-20,138.75999450683594,141.24000549316406,136.64999389648438,138.91000366210938,166413,
2025-11-21,136.9199981689453,139.83999633789062,136.0,138.19000244140625,124834,
2025-11-24,132.47000122070312,137.00999450683594,131.64999389648438,136.0,202135,
2025-11-25,133.99000549316406,137.99000549316406,131.9199981689453,132.0,208395,
2025-11-26,141.4499969482422,145.8000030517578,134.36000061035156,134.3699951171875,632676,
2025-11-27,143.86000061035156,144.7100067138672,137.19000244140625,141.86000061035156,237309,
2025-11-28,145.63999938964844,147.0,140.1300048828125,141.6999969482422,235973,
2025-12-01,143.0500030517578,145.63999938964844,141.5,145.63999938964844,114156,
2025-12-02,141.16000366210938,143.0500030517578,140.39999389648438,142.0,81292,
2025-12-03,140.50999450683594,141.77999877929688,138.0500030517578,140.00999450683594,60092,
2025-12-04,140.44000244140625,144.0,139.1999969482422,141.97999572753906,68252,
2025-12-05,137.39999389648438,142.89999389648438,135.0,139.5,107364,
2025-12-08,132.57000732421875,139.0,130.22999572753906,139.0,177599,
2025-12-09,136.4600067138672,139.7100067138672,130.60000610351562,130.60000610351562,262037,
2025-12-10,137.69000244140625,140.6999969482422,136.5,136.5,105124,
2025-12-11,137.1199951171875,137.9600067138672,135.0,137.8699951171875,48272,
2025-12-12,135.6300048828125,139.99000549316406,134.82000732421875,139.99000549316406,64742,
2025-12-15,134.97000122070312,136.39999389648438,134.0,135.6300048828125,103687,
2025-12-16,133.64999389648438,135.25,132.33999633789062,134.0,53456,
2025-12-17,131.99000549316406,133.64999389648438,130.0,133.64999389648438,123840,
2025-12-18,128.94000244140625,132.27999877929688,127.7300033569336,131.77999877929688,123131,
2025-12-19,132.8000030517578,142.6699981689453,130.85000610351562,130.85000610351562,374171,
2025-12-22,131.91000366210938,135.5,130.9199981689453,133.0,83631,
2025-12-23,130.88999938964844,134.3699951171875,130.0,131.5,73115,
2025-12-24,132.47000122070312,132.85000610351562,130.66000366210938,132.85000610351562,65627,
2025-12-26,130.67999267578125,134.0,130.0,132.5,81805,
2025-12-29,136.7100067138672,139.75999450683594,128.0,130.02999877929688,535492,
2025-12-30,132.07000732421875,139.5,130.35000610351562,137.1999969482422,207673,
2025-12-31,131.6999969482422,133.69000244140625,131.11000061035156,131.60000610351562,72417,
2026-01-01,132.5800018310547,134.8000030517578,129.1199951171875,132.6999969482422,451459,
2026-01-02,131.49000549316406,133.0800018310547,130.0800018310547,132.0,133435,
2026-01-05,132.13999938964844,134.3000030517578,130.0,131.49000549316406,243620,
2026-01-06,130.33999633789062,134.10000610351562,130.0,134.10000610351562,236811,
2026-01-07,131.61000061035156,132.3000030517578,128.47000122070312,130.33999633789062,277841,
2026-01-08,131.25999450683594,134.5,129.00999450683594,134.5,155329,
2026-01-09,128.58999633789062,133.3000030517578,122.37999725341795,133.3000030517578,444326,
2026-01-12,127.87000274658205,129.6199951171875,125.5,129.6199951171875,156802,
2026-01-13,128.4499969482422,130.41000366210938,127.5,128.99000549316406,83582,
2026-01-14,133.67999267578125,137.3699951171875,128.0,128.0,388548,
2026-01-16,132.00999450683594,133.6699981689453,131.00999450683594,132.08999633789062,63403,
2026-01-19,130.9499969482422,132.0,129.63999938964844,131.6999969482422,79946,
2026-01-20,126.8000030517578,134.89999389648438,126.0,130.9499969482422,708518,
2026-01-21,125.5999984741211,127.79000091552734,124.0,127.79000091552734,146613,
2026-01-22,129.17999267578125,130.89999389648438,125.5999984741211,125.5999984741211,163780,
2026-01-23,126.83000183105467,132.72999572753906,126.0,130.14999389648438,82276,
2026-01-27,125.91999816894533,128.0,122.11000061035156,127.0,155183,
2026-01-28,128.63999938964844,130.0,123.0,123.0,52893,
2026-01-29,127.12999725341795,129.1300048828125,126.0500030517578,128.63999938964844,101984,
2026-01-30,127.52999877929688,129.8000030517578,125.41000366210938,127.7699966430664,60840,
2026-02-02,116.83000183105467,124.1500015258789,110.9800033569336,124.1500015258789,310323,
2026-02-03,121.9000015258789,124.19000244140624,110.83000183105467,117.98999786376952,570584,
2026-02-04,126.6999969482422,127.9000015258789,122.51000213623048,122.51000213623048,192542,
2026-02-05,123.88999938964844,128.5,121.79000091552734,128.5,103986,
2026-02-06,121.5500030517578,123.75,121.0,123.75,44455,
2026-02-09,124.76000213623048,125.9000015258789,121.5999984741211,124.66999816894533,107164,
2026-02-10,123.33000183105467,125.79000091552734,122.25,124.8000030517578,53143,
2026-02-11,121.9800033569336,124.4000015258789,121.16999816894533,124.4000015258789,46823,
2026-02-12,121.6500015258789,123.05999755859376,120.6500015258789,121.9800033569336,43776,
2026-02-13,118.91999816894533,122.4499969482422,118.0,121.68000030517578,50645,
2026-02-16,117.70999908447266,121.69000244140624,116.93000030517578,121.69000244140624,109496,
2026-02-17,123.5,125.6500015258789,117.02999877929688,117.02999877929688,134971,
2026-02-18,125.70999908447266,126.73999786376952,121.41000366210938,123.5,102374,
2026-02-19,121.48999786376952,128.6999969482422,120.69000244140624,128.6999969482422,110689,
2026-02-20,122.29000091552734,125.9000015258789,120.7300033569336,122.45999908447266,200132,
2026-02-23,123.62000274658205,125.5,120.1999969482422,120.1999969482422,344637,
2026-02-24,118.08000183105467,124.5500030517578,115.0999984741211,123.08000183105467,1900444,
2026-02-25,114.38999938964844,120.29000091552734,110.52999877929688,119.0199966430664,6806183,
2026-02-26,114.81999969482422,117.25,113.1500015258789,115.0,7238449,
2026-02-27,117.93000030517578,120.4000015258789,114.23999786376952,115.19000244140624,7233249,
2026-03-02,117.70999908447266,122.97000122070312,111.1500015258789,111.1500015258789,3235080,
2026-03-04,124.56999969482422,126.88999938964844,114.30999755859376,118.0,3872152,
2026-03-05,125.6999969482422,126.87000274658205,121.3000030517578,123.0,3709034,
2026-03-06,124.8000030517578,129.17999267578125,122.91000366210938,126.87999725341795,3128528,
2026-03-09,117.61000061035156,124.76000213623048,116.0,121.0,1396170,
2026-03-10,116.36000061035156,119.48999786376952,116.0,119.0,1196138,
2026-03-11,115.2300033569336,118.48999786376952,114.3000030517578,116.9000015258789,840696,
2026-03-12,112.36000061035156,116.3000030517578,110.98999786376952,116.3000030517578,350741,
2026-03-13,111.73999786376952,113.4000015258789,108.66000366210938,111.9000015258789,662715,
2026-03-16,112.63999938964844,113.5,109.38999938964844,111.0,187489,
2026-03-17,112.91000366210938,115.1500015258789,112.05999755859376,113.48999786376952,231380,
2026-03-18,114.94000244140624,115.48999786376952,112.1999969482422,112.22000122070312,228813,
2026-03-19,110.08000183105467,114.0,109.5,114.0,403116,
2026-03-20,106.16000366210938,111.91999816894533,105.48999786376952,111.0,213545,
2026-03-23,100.88999938964844,106.1500015258789,97.0999984741211,106.1500015258789,415609,
2026-03-24,102.41000366210938,103.5,99.66999816894533,102.8000030517578,95567,
2026-03-25,108.08999633789062,110.66000366210938,103.0,103.0,363508,
2026-03-27,99.7699966430664,108.62999725341795,98.1999969482422,108.62999725341795,721814,
2026-03-30,96.72000122070312,100.7300033569336,94.1999969482422,99.77999877929688,445715,
2026-04-01,100.04000091552734,104.05999755859376,97.9000015258789,102.41999816894533,629530,
2026-04-02,103.9499969482422,105.88999938964844,96.29000091552734,100.0,1074863,
2026-04-06,105.37000274658205,105.9000015258789,99.0,103.9499969482422,794406,
2026-04-07,107.0500030517578,107.8000030517578,101.68000030517578,105.36000061035156,622700,
2026-04-08,106.97000122070312,111.43000030517578,105.83999633789062,110.0,516284,
2026-04-09,105.0199966430664,107.68000030517578,104.5,106.25,49713,
2026-04-10,106.0500030517578,106.8000030517578,104.93000030517578,106.16999816894533,201465,
2026-04-13,105.01000213623048,106.0,102.2699966430664,102.6999969482422,149978,
2026-04-15,106.76000213623048,108.1500015258789,105.6999969482422,107.48999786376952,127220,
2026-04-16,105.9499969482422,108.18000030517578,105.0,107.8000030517578,244902,
2026-04-17,109.52999877929688,111.9499969482422,105.9499969482422,105.9499969482422,281591,
2026-04-20,110.62000274658205,112.97000122070312,107.5,111.16999816894533,329656,
2026-04-21,110.93000030517578,112.3499984741211,109.5199966430664,111.23999786376952,111227,
2026-04-22,105.48999786376952,111.38999938964844,103.75,109.2699966430664,521327,
2026-04-23,106.93000030517578,108.33000183105467,104.66000366210938,105.0999984741211,131316,
2026-04-24,105.91000366210938,107.29000091552734,101.51000213623048,106.93000030517578,144359,
2026-04-27,107.37000274658205,108.0,105.01000213623048,105.01000213623048,159804,
2026-04-28,117.1999969482422,118.0,107.13999938964844,107.37000274658205,689788,
2026-04-29,112.23999786376952,117.97000122070312,111.0,117.97000122070312,157034,
2026-04-30,108.88999938964844,112.94000244140624,107.98999786376952,112.94000244140624,153834,
2026-05-01,108.88999938964844,108.88999938964844,108.88999938964844,108.88999938964844,0,
2026-05-04,111.0,112.12999725341795,107.63999938964844,110.0,224429,
2026-05-05,110.80999755859376,113.0,108.0999984741211,109.33999633789062,589536,
2026-05-06,102.48999786376952,113.38999938964844,100.77999877929688,113.0,830419,
2026-05-07,102.7699966430664,105.0,98.5999984741211,100.3499984741211,422826,
2026-05-08,105.01000213623048,106.79000091552734,101.04000091552734,103.8000030517578,372835,
2026-05-11,103.56999969482422,106.05999755859376,102.5,104.8499984741211,252191,
2026-05-12,97.08000183105467,103.76000213623048,95.27999877929688,103.76000213623048,370308,
2026-05-13,99.4000015258789,102.5,98.0500030517578,98.0500030517578,321644,
2026-05-14,99.0,101.48999786376952,96.91000366210938,99.98999786376952,148457,
2026-05-15,97.75,100.0,97.0,100.0,61788,
2026-05-18,99.36000061035156,101.47000122070312,94.9800033569336,97.75,635059,
2026-05-19,99.3000030517578,101.94000244140624,98.55999755859376,99.8499984741211,430617,
2026-05-20,99.56999969482422,100.45999908447266,96.81999969482422,98.01000213623048,104081,
2026-05-21,100.05999755859376,101.83999633789062,98.77999877929688,99.5999984741211,174391,
2026-05-22,100.70999908447266,103.22000122070312,99.5500030517578,100.0,361250,
2026-05-25,107.27999877929688,108.3000030517578,101.68000030517578,101.98999786376952,274244,
2026-05-26,107.19000244140624,108.80999755859376,105.3000030517578,107.27999877929688,122443,
2026-05-27,107.2300033569336,108.7699966430664,106.6999969482422,107.1999969482422,106219,
2026-05-28,107.2300033569336,107.2300033569336,107.2300033569336,107.2300033569336,0,
2026-05-29,104.33999633789062,108.08999633789062,102.5,107.2300033569336,80818,
2026-06-01,102.25,106.79000091552734,101.0,105.8000030517578,168095,
2026-06-02,104.52999877929688,105.9000015258789,101.2300033569336,102.4000015258789,228539,
2026-06-03,104.80999755859376,105.98999786376952,102.62999725341795,105.1999969482422,157188,
2026-06-04,105.86000061035156,108.3000030517578,103.41999816894533,103.41999816894533,126373,
2026-06-05,104.52999877929688,107.0,104.0,105.3000030517578,71073,
2026-06-08,103.63999938964844,106.0500030517578,103.0199966430664,104.0,97304,
2026-06-09,105.62999725341795,106.9000015258789,102.55999755859376,105.41000366210938,122668,
2026-06-10,104.37999725341795,110.02999877929688,104.0500030517578,106.1999969482422,356927,
2026-06-11,103.61000061035156,105.11000061035156,103.19000244140624,104.37999725341795,104806,
2026-06-12,107.87000274658205,109.0999984741211,103.75,105.52999877929688,301798,
2026-06-15,106.9800033569336,109.9800033569336,105.9000015258789,109.3000030517578,158797,
2026-06-16,111.3000030517578,112.63999938964844,106.33000183105467,107.51000213623048,216329,
2026-06-17,112.73999786376952,114.08000183105467,111.98999786376952,111.98999786376952,85724,
2026-06-18,114.12000274658205,119.29000091552734,113.0,114.0999984741211,1167367,
2026-06-19,116.0999984741211,118.0,111.66000366210938,114.0,172707,
2026-06-22,112.06999969482422,118.0,111.5,116.0999984741211,148993,
2026-06-23,108.19000244140624,112.97000122070312,107.0199966430664,112.9000015258789,140812,
2026-06-24,106.88999938964844,109.8000030517578,106.75,109.8000030517578,222147,
2026-06-25,104.62999725341795,109.4000015258789,103.0,107.43000030517578,288501,
2026-06-26,104.62999725341795,104.62999725341795,104.62999725341795,104.62999725341795,0,
2026-06-29,108.72000122070312,109.6999969482422,104.0,104.0,1206379,
2026-06-30,112.93000030517578,114.25,106.58999633789062,108.72000122070312,372433,
2026-07-01,113.37999725341795,115.4000015258789,112.3499984741211,113.0,101295,
2026-07-02,115.22000122070312,116.0,112.75,114.69000244140624,210293,
2026-07-03,118.16000366210938,120.66999816894533,115.55999755859376,115.55999755859376,383485,
2026-07-06,118.37000274658205,119.25,114.62000274658205,118.0,169304,
2026-07-07,119.88999938964844,121.7699966430664,117.5,117.5999984741211,269880,
2026-07-08,118.77999877929688,124.3499984741211,117.0,120.0,393109,
2026-07-09,117.43000030517578,123.4000015258789,116.63999938964844,119.3000030517578,420539,
2026-07-10,123.0199966430664,124.5999984741211,118.0999984741211,118.0999984741211,440000,
2026-07-13,126.26000213623048,128.99000549316406,123.25,124.9000015258789,2327580,126.26000213623048
2026-07-14,129.13999938964844,130.6999969482422,125.26000213623048,127.9000015258789,2198213,129.13999938964844
2026-07-15,119.55999755859376,127.0,118.55999755859376,127.0,1491017,119.55999755859376
2026-07-16,124.6500015258789,126.79000091552734,117.8000030517578,119.0,737003,124.6500015258789
2026-07-17,129.0800018310547,129.89999389648438,122.91000366210938,127.0,657938,129.0800018310547
2026-07-20,128.33999633789062,130.47999572753906,126.12000274658205,130.47999572753906,510322,128.33999633789062
2026-07-21,123.19000244140624,130.9600067138672,123.0,129.75,423291,123.19000244140624
2026-07-23,124.12999725341795,124.29000091552734,121.23999786376952,122.3000030517578,70089,124.12999725341795
2026-07-24,126.0199966430664,127.62999725341795,123.4000015258789,125.81999969482422,326266,126.0199966430664
2026-07-27,126.11000061035156,129.27000427246094,125.12999725341795,126.01000213623048,574875,126.11000061035156
2026-07-28,124.12000274658205,125.29000091552734,124.0,124.9000015258789,1065298,124.12000274658205
2026-07-29,123.63999938964844,125.08999633789062,122.58999633789062,122.58999633789062,99782,123.63999938964844
2026-07-30,122.08999633789062,124.20999908447266,121.0,124.20999908447266,67318,122.08999633789062
2026-07-31,119.97000122070312,122.87999725341795,118.1500015258789,121.1500015258789,151673,119.97000122070312
2026-08-03,120.08000183105467,121.80999755859376,120.0,120.3000030517578,92221,120.08000183105467
2026-08-04,119.41999816894533,121.2300033569336,118.0,119.88999938964844,242862,119.41999816894533
2026-08-05,117.91999816894533,120.31999969482422,117.11000061035156,119.94000244140624,111213,117.91999816894533
2026-08-06,113.87000274658203,118.2300033569336,113.0,117.20999908447266,438535,113.87000274658203
2026-08-07,114.51000213623047,117.98999786376953,113.0,113.0,377545,114.51000213623047
2026-08-10,114.36000061035156,117.19999694824219,112.0199966430664,113.93000030517578,570842,114.36000061035156
2026-08-11,117.51000213623047,118.26000213623047,114.36000061035156,114.36000061035156,124220,117.51000213623047
2026-08-12,117.5,118.19999694824219,112.05999755859375,117.51000213623047,805369,117.5
2026-08-13,117.80000305175781,119.9800033569336,116.25,117.30000305175781,743260,117.80000305175781
2026-08-14,116.3499984741211,119.0,115.11000061035156,117.27999877929688,933858,116.3499984741211
