Date,Close,High,Low,Open,Volume,Adj Close
2008-01-08,81.39930725097656,104.77628085585224,79.91662403131828,86.63812431029591,22042252,
2008-01-09,76.7288589477539,85.40255755445907,76.23463119285694,82.43719102507727,5104081,
2008-01-10,76.5805892944336,84.76006016561819,75.1967500691805,78.45865627575444,7501937,
2008-01-11,70.77342987060547,77.32194918464191,69.71084296070445,76.70416434369507,1760990,
2008-01-14,69.85909271240234,75.86395662056538,68.6976545293719,70.89696642150932,1515189,
2008-01-15,68.47526550292969,73.04687280679589,67.98103768629551,70.6745777786882,721823,
2008-01-16,64.546142578125,68.20342465161242,62.6433628593614,68.20342465161242,803686,
2008-01-17,73.14571380615234,76.11108058207743,63.75538568238954,66.22652466232712,5203805,
2008-01-18,65.97941589355469,73.34340760971625,64.71913340754898,71.66303598925415,1672825,
2008-01-21,53.376609802246094,65.73230651572898,52.78353786826267,65.73230651572898,804568,
2008-01-22,45.666648864746094,48.92855154708678,42.997818026227776,48.92855154708678,294572,
2008-01-23,48.236629486083984,51.89391572974026,45.96318250348424,49.42277688546692,362831,
2008-01-24,45.22184371948242,51.35026919625444,44.55463694332675,49.91700782150519,275839,
2008-01-25,47.56941986083984,48.92854614257813,43.73915488503196,46.951635187322445,367339,
2008-01-28,50.13939666748047,51.89390644113439,41.984639941016496,46.2102881166292,476091,
2008-01-29,49.842872619628906,52.09161060633183,48.9779739740753,50.90546313829796,230106,
2008-01-30,47.94009399414063,51.22670943962324,47.445866221005154,51.22670943962324,148156,
2008-01-31,46.35857009887695,48.43432539317815,45.96318634250579,47.0010639896564,156878,
2008-02-01,46.6303825378418,47.89066467561783,45.46894820203025,47.44585899342288,124031,
2008-02-04,50.11469650268555,50.90546017851128,47.075194970904846,48.43432133489422,275156,
2008-02-05,49.34864044189453,49.867581091428114,48.483741873110894,49.472197380292194,181126,
2008-02-06,47.94009399414063,48.434321767276096,45.14770632179348,47.445866221005154,154652,
2008-02-07,46.92692565917969,51.30084447804335,46.45741078188159,47.569423274001096,232361,
2008-02-08,46.40798568725586,48.014225847348015,44.9747244825804,46.95163544884767,139494,
2008-02-11,44.72761917114258,46.21030267957824,44.48050525306997,45.71607484343302,139523,
2008-02-12,40.45253753662109,46.70451885737488,40.03244473489275,46.70451885737488,177166,
2008-02-13,40.08186721801758,42.50358379290794,39.29110362251373,42.50358379290794,157255,
2008-02-14,41.66340255737305,42.429453339178565,40.79850395908192,41.02090494752189,115884,
2008-02-15,43.3931884765625,44.48048778071696,40.081861012714526,41.465699918599896,157822,
2008-02-18,45.12299346923828,45.46895137360016,43.98626817663494,44.48049590895668,138736,
2008-02-19,45.41953659057617,46.82808509796632,44.974730806490086,46.457414239671074,157691,
2008-02-20,44.60405349731445,45.91375776133958,43.986268822836415,44.579340602071966,89818,
2008-02-21,43.59088897705078,45.6666479292229,43.02253004280554,44.97472827849887,82599,
2008-02-22,43.54146957397461,43.98627535983508,41.02090848164394,42.77541872617062,83292,
2008-02-25,43.6650276184082,44.92531008139709,42.75070689558248,43.31906964890411,64803,
2008-02-26,44.35694122314453,44.579342205693536,43.12137182974218,44.2333842838043,75671,
2008-02-27,43.46733474731445,45.46895890293553,43.04724185940825,44.72761718169202,54569,
2008-02-28,42.99781799316406,44.50521427015346,41.66340446026043,42.00936240711432,54118,
2008-02-29,42.42945098876953,43.31906243456607,42.00935816128834,42.55300792453803,46570,
2008-03-03,40.00774002075195,42.8495499502373,39.04399729205964,40.77379464044203,62937,
2008-03-04,38.154388427734375,39.73591980664798,36.57286081948002,39.73591980664798,107080,
2008-03-05,37.2153434753418,39.04398426824991,36.30101930823002,36.32573219894137,120555,
2008-03-07,36.69640350341797,37.04236135478304,34.74420576806491,36.67169061232427,153734,
2008-03-10,36.00448989868164,36.57285255055849,33.60748612754023,36.57285255055849,89442,
2008-03-11,37.28948211669922,38.57447727934798,35.09017014410001,35.09017014410001,93055,
2008-03-12,37.067081451416016,38.30265083312988,36.07862594604492,38.05553695678711,77178,
2008-03-13,33.18739700317383,35.58440104141517,32.12480649572203,34.59594545693142,123207,
2008-03-14,33.632198333740234,34.34882702969353,32.14951515260238,34.10171316617056,99902,
2008-03-17,30.864526748657227,34.29941036483536,30.39500995761196,34.29941036483536,78918,
2008-03-18,29.80193519592285,31.136350598644945,28.66521166224455,28.66521166224455,71710,
2008-03-19,30.073760986328125,31.95182814148975,29.65366810891691,31.95182814148975,88898,
2008-03-24,28.39338493347168,30.642120844162942,27.899157177920664,30.14789308861193,98080,
2008-03-25,28.93704032897949,29.95020704751379,28.17098753620135,28.838194381611107,143526,
2008-03-26,29.33241271972656,30.02433224156502,28.689917098207435,28.689917098207435,69504,
2008-03-27,29.30770301818848,30.864521069032616,28.714629385232183,29.60424077733117,122721,
2008-03-28,30.56798553466797,31.383462075000462,29.431262088544823,29.752510879664715,263867,
2008-03-31,28.59107780456543,30.839815828681584,28.22040695030401,30.14789614659516,256761,
2008-04-01,33.68162536621094,34.324119244618295,28.98646126034517,29.628957024081966,255808,
2008-04-02,40.37841033935547,40.427836136601854,35.90565094665961,37.56131334662236,1553972,
2008-04-03,38.129676818847656,43.393203821705626,37.14122118528406,43.393203821705626,1053262,
2008-04-04,36.27632522583008,38.05554474551448,35.33729154940631,38.05554474551448,328795,
2008-04-07,35.97978210449219,36.72112373765624,35.38670653556582,36.572853902760016,118788,
2008-04-08,37.36361312866211,39.04398805212572,35.63381618964388,35.63381618964388,167389,
2008-04-09,38.27793502807617,38.99456747740064,36.32573706160039,36.32573706160039,140538,
2008-04-10,39.3652458190918,41.26802213338557,37.1412206741788,38.05554136851124,428950,
2008-04-11,40.65023422241211,42.00936059459002,39.587643759123104,41.98464769774151,291348,
2008-04-15,40.10658645629883,40.526679329361656,37.06708475246493,40.08187355820031,113299,
2008-04-16,39.34053039550781,40.94677067485867,38.62390162529168,39.884180197464055,120837,
2008-04-17,42.45416259765625,43.29434822715767,39.58764026643084,40.52667370394664,271284,
2008-04-21,45.39481735229492,46.06202404991801,41.26801646038783,42.99781355752983,390113,
2008-04-22,44.06039810180664,46.21028773984989,43.56617042544461,45.46894622530685,222495,
2008-04-23,42.7754135131836,45.22183938128477,42.05878100922715,44.233383875682925,191266,
2008-04-24,42.94840240478516,43.98628017155514,42.503596570266765,43.492052304459015,56762,
2008-04-25,42.874267578125,43.93685824917871,42.5035966768732,43.93685824917871,66302,
2008-04-28,41.292724609375,43.24492245777717,40.9220538454512,43.24492245777717,94729,
2008-04-29,42.00936126708984,42.75070293650908,40.7737918180578,41.11974975552328,68981,
2008-04-30,41.61397552490234,42.50358699349472,41.29273050019927,42.03407213380674,63040,
2008-05-02,41.51513671875,44.233389718191965,41.07033092834588,42.97310727382345,41711,
2008-05-05,41.58927154541016,42.45417022496734,41.21860068274279,41.21860068274279,63012,
2008-05-06,39.9336051940918,41.76224642886751,38.846301841240894,41.26801866047855,114089,
2008-05-07,39.63706588745117,40.77379127364661,39.53822184111186,40.52667738713966,51207,
2008-05-08,43.09666442871094,44.43108180612736,39.04399780987373,39.53822563025188,689905,
2008-05-09,43.17079162597656,45.6419302853989,42.35531511423552,42.84954284611999,785718,
2008-05-12,41.737525939941406,43.24492186758912,40.52666963591209,42.553002363576105,217363,
2008-05-13,44.08511352539063,45.96318047230744,42.00935849619496,42.50358624320902,1327971,
2008-05-14,45.987892150878906,47.19874859075536,43.61559751972943,44.01098121514046,1164925,
2008-05-15,46.87750244140625,47.91537998680674,46.03731675481028,46.45740959810826,944282,
2008-05-16,46.53154754638672,48.28605395220709,46.28443364945494,47.19875431397077,318158,
2008-05-20,45.3206901550293,46.50683769206082,44.72761827184308,46.086744793915656,117129,
2008-05-21,47.05048370361328,48.3354789633218,43.61560210029545,44.48050072551377,1038733,
2008-05-22,46.06202697753906,47.19875236474401,45.54309007780881,47.19875236474401,175477,
2008-05-23,44.43107986450195,46.92692798594834,44.23338799085796,45.468957487809305,155876,
2008-05-26,42.72599411010742,43.936854547922295,42.35532324008107,43.936854547922295,105341,
2008-05-27,41.984649658203125,44.67819340214337,41.41629071073447,42.99781814576338,137626,
2008-05-28,41.71281814575195,42.87425247302209,41.26801246682818,42.15762382467573,87923,
2008-05-29,41.95994186401367,44.23338903809692,41.51513608044851,42.132920843550416,218013,
2008-05-30,40.625518798828125,43.121370398950525,40.03244701793688,42.00935798178561,103463,
2008-06-02,38.698028564453125,41.63868173031933,35.1890090460245,41.11974116191568,132604,
2008-06-03,38.154388427734375,38.54977221512759,36.671704880998696,37.11651069915125,84715,
2008-06-04,37.01765441894531,38.426202569282594,36.62227076205927,37.06707643339157,52461,
2008-06-05,37.11650466918945,38.5497659523176,34.917192607096325,35.63382136333108,56677,
2008-06-06,36.42457962036133,38.25322435461385,36.152756650453,37.9319755986694,43027,
2008-06-09,34.32412338256836,35.70796289938976,32.174232944833854,35.460848969290176,72318,
2008-06-10,34.694786071777344,36.0044903456684,32.14951621028116,32.14951621028116,117954,
2008-06-11,35.75737762451172,36.07862642212813,34.24998522132479,34.59594314450643,65065,
2008-06-12,36.10334396362305,36.49872395946564,34.200563829325326,35.0901754186245,41751,
2008-06-13,36.0786247253418,37.04236730220744,35.58439698937821,37.04236730220744,42821,
2008-06-16,36.27632522583008,36.99295410563125,36.078633330163086,36.32574725708201,25254,
2008-06-17,38.00611877441406,38.54976860314718,35.905650613345145,36.325743491427154,92106,
2008-06-18,38.08024978637695,40.52667564964713,37.68486607665358,38.79687851825975,79238,
2008-06-19,37.091796875,38.54976733651494,36.81997008423543,37.56131176378379,50245,
2008-06-20,35.58439636230469,38.05553499857584,35.213725566864014,38.05553499857584,62496,
2008-06-23,33.632198333740234,34.91718966992804,33.23681464384015,34.64536291178944,33042,
2008-06-24,32.22365188598633,33.78047025042314,32.124807831690866,33.36037736367898,30603,
2008-06-25,32.71787643432617,33.08854725693859,30.642121335960056,31.581154840709907,37537,
2008-06-26,33.21210861206055,33.55807035487605,32.668458754103725,33.45922252664629,48749,
2008-06-27,31.75413703918457,33.113263527243056,30.98808430479932,32.12480789956416,63821,
2008-06-30,31.259904861450195,35.58439762884449,30.988079978851257,33.582773753958605,176492,
2008-07-01,28.98646354675293,32.27307943423396,28.418100777079506,32.27307943423396,102090,
2008-07-02,29.97491455078125,30.29616146521965,27.20723794948908,29.406551869755106,96364,
2008-07-03,28.862903594970703,30.49385491952757,28.2204059618255,30.49385491952757,44891,
2008-07-04,29.530105590820312,30.147890226611533,27.92386553776314,27.92386553776314,52092,
2008-07-07,30.22203063964844,31.13635131296075,29.20886214421712,29.20886214421712,41620,
2008-07-08,29.35713005065918,30.147893722023145,28.714632446680486,29.80193390880292,66006,
2008-07-09,31.28461647033692,34.59594280123529,29.703087279500306,31.63057627541512,90870,
2008-07-10,31.383468627929688,32.22365446876016,30.493858870660603,31.87769648033803,61901,
2008-07-11,33.261531829833984,36.32574262459776,31.13635082108379,31.18577284603312,278917,
2008-07-14,33.360374450683594,35.31257263249718,32.19893994616189,33.11326056586372,132628,
2008-07-15,31.63057518005371,33.40979427980005,31.48230723596305,31.679997199640862,47597,
2008-07-16,30.395004272460938,32.520184941237744,29.925487569235152,31.729417585915453,35679,
2008-07-17,31.01279067993164,32.22364713447039,30.642119874992225,30.66683088492234,36931,
2008-07-18,30.864526748657227,31.53173353018034,28.22040686504941,30.88923776180077,35663,
2008-07-21,30.740964889526367,32.12480214324654,30.14789124212368,32.12480214324654,23678,
2008-07-22,32.71787643432617,33.3603740351178,30.469142372872646,30.642121335960056,84215,
2008-07-23,34.89248275756836,35.28786651525631,33.26153324108824,33.4345122210796,139598,
2008-07-24,33.75576400756836,36.69641823679897,33.286245282883776,35.090177707915515,52729,
2008-07-25,33.11326217651367,33.60748997019298,30.642123208117127,32.17422861439122,30158,
2008-07-28,33.38508987426758,34.077005787605806,32.619035265081635,34.077005787605806,26279,
2008-07-29,33.03913116455078,33.60749394869737,32.61903824432392,32.86615217041728,29489,
2008-07-30,35.1148796081543,35.46083749003776,33.236812839094625,34.05228929857206,85830,
2008-07-31,35.65852737426758,37.01765347552016,34.59593712279307,34.91718586449344,84915,
2008-08-01,39.78533554077149,40.5266771968107,35.11488461598786,35.80680047843088,589718,
2008-08-04,39.51351547241211,41.76225371941347,38.54977266407398,39.93361216540702,217812,
2008-08-05,40.82321166992188,43.44262027076983,39.61235518255657,40.03244801874504,712323,
2008-08-06,37.907264709472656,42.20704814649999,37.56130681288049,41.24330182772191,230108,
2008-08-07,38.82159805297852,40.77379649826831,37.56131556204111,38.179100357469416,95786,
2008-08-08,39.16755294799805,39.53822379608636,38.08025330186921,38.79688209990974,83262,
2008-08-11,39.41465759277344,40.77378371666218,38.54975915029879,38.54975915029879,208049,
2008-08-12,38.25322723388672,39.78533244987444,37.93197845376228,39.38994875577383,54342,
2008-08-13,38.27793502807617,39.04398949478137,37.06707863428611,37.06707863428611,47221,
2008-08-14,38.37940979003906,39.977495671895895,38.125745487224016,39.977495671895895,40583,
2008-08-18,37.28865432739258,38.27794360824255,37.18719014957576,38.04964727284957,26659,
2008-08-19,37.28865432739258,39.57163316376355,36.578393470844,36.578393470844,38788,
2008-08-20,37.69451522827149,38.10037577190853,37.46621504377886,37.56768308264555,33165,
2008-08-21,36.85742568969727,37.59305065387689,36.65449346387211,37.54231856507317,24395,
2008-08-22,36.705223083496094,37.94818046392933,34.777376744370066,34.777376744370066,45680,
2008-08-25,36.350093841552734,39.419429454399,36.04569746507516,39.419429454399,25221,
2008-08-26,35.71593475341797,36.52765975155268,35.51300253623177,36.52765975155268,38645,
2008-08-27,35.08177185058594,37.440850506205486,34.92957172934214,36.95888603600672,94844,
2008-08-28,34.270050048828125,35.51300362754823,33.99101775779616,35.51300362754823,34675,
2008-08-29,35.0564079284668,35.487636494391054,34.49834720370539,34.49834720370539,30929,
2008-09-01,35.36079788208008,35.512997993151714,34.04174444502779,34.04174444502779,16807,
2008-09-02,36.755950927734375,37.973540189673365,35.00566902474114,35.00566902474114,108452,
2008-09-04,36.32472229003906,38.40476850702135,36.14715807711549,38.0496400811742,17581,
2008-09-05,36.27399063110352,37.034983441546245,35.00566928036563,35.512997820660786,29270,
2008-09-08,36.45156097412109,37.795982606041946,36.27399672928858,37.03498966766527,22804,
2008-09-09,35.86812210083008,37.18717924947569,35.5637257859923,36.172522286277,20770,
2008-09-10,35.0564079284668,36.52766174509983,34.7520115213797,35.513004474402614,24232,
2008-09-11,33.914920806884766,35.33544263077326,33.762724528289226,34.59981373709113,27944,
2008-09-12,33.83881378173828,35.005671031016064,33.50905331054262,35.005671031016064,18369,
2008-09-15,31.58120918273925,32.976363002057056,30.947048355776623,32.976363002057056,36301,
2008-09-16,30.9470443725586,31.378272905267323,29.526524690059528,29.526524690059528,46169,
2008-09-17,29.704090118408203,31.631938474656888,29.475791853849984,31.454374232947764,21879,
2008-09-18,29.044565200805664,29.32359557113228,26.152791509908948,28.410404388561,38117,
2008-09-19,29.65336036682129,31.200712382468,29.425062084278768,30.947048054155253,36572,
2008-09-22,29.627992630004883,30.69338197398821,29.42506040481514,30.4397176601536,29582,
2008-09-23,29.323596954345703,29.932391749878875,29.069932617482323,29.932391749878875,7712,
2008-09-24,28.58796119689941,29.678718284023883,28.41039698983483,29.678718284023883,24267,
2008-09-25,28.20746612548828,29.04455899285403,28.05526795014127,28.46113039616823,17790,
2008-09-26,27.47184181213379,28.511864954674376,26.964513261108635,27.624039990380364,32019,
2008-09-29,25.74692726135254,27.39574526331108,24.859102183374866,27.39574526331108,54952,
2008-09-30,25.29032516479492,25.97521980677085,22.39855423857876,23.33711119739563,97765,
2008-10-01,26.17815399169922,26.60938444650521,25.31569695269713,25.31569695269713,31677,
2008-10-03,25.3410587310791,27.37037271258206,24.859096273411225,26.1781495872663,26829,
2008-10-06,24.250303268432617,26.051319157041167,23.895172911521342,25.51862458932663,33398,
2008-10-07,22.93125343322754,26.127423271627794,22.474656912611053,24.37713918967133,60894,
2008-10-08,22.24635887145996,22.677589353024867,20.394610598062066,21.38390177894029,38056,
2008-10-10,19.43068504333496,22.57612275855406,18.263829647369576,20.29314405263286,114219,
2008-10-13,20.470706939697266,21.028769525544423,19.40531772127845,19.53214986324759,37610,
2008-10-14,22.1448974609375,23.28638698087644,21.30780437219349,22.322461723250324,35168,
2008-10-15,19.506786346435547,22.32245987548709,19.024823757517407,21.307802608419497,60603,
2008-10-16,19.532146453857425,19.938008850253286,17.29990037072332,18.771153734875966,43955,
2008-10-17,18.897987365722656,20.80046931529205,18.46675889794215,19.582880093445752,37135,
2008-10-20,18.36529541015625,19.27848648833203,17.249172121139186,18.36529541015625,42080,
2008-10-21,18.821889877319336,19.253120339141816,18.39066135080184,19.253120339141816,21077,
2008-10-22,17.832599639892578,18.66969060185394,17.756499581848423,18.263828141329807,42825,
2008-10-23,17.046239852905273,17.249172063063305,16.513545220371668,16.513545220371668,26183,
2008-10-24,16.18378257751465,17.24917285942117,15.016927153497171,16.691112158679573,36106,
2008-10-27,16.15841293334961,17.249169015819497,13.190541012097263,16.361344140005258,53999,
2008-10-29,16.843307495117188,17.756498457288203,16.615009270748246,17.756498457288203,12161,
2008-10-31,17.223806381225586,17.756501024911937,16.64037771628504,17.65503491770858,43934,
2008-11-03,17.47747039794922,18.31456141435593,17.299904229398706,17.756500736751455,26267,
2008-11-04,17.325273513793945,17.756502075798423,16.944777040741123,16.944777040741123,117864,
2008-11-05,16.08231544494629,18.263827825989644,15.600352934699488,17.70576719431745,56157,
2008-11-06,17.122337341308594,17.249169469762734,15.54961875494682,15.574985761229051,23146,
2008-11-07,17.173067092895508,17.2238010985893,16.462808430922358,16.741838688672683,30735,
2008-11-10,17.249170303344727,17.857964936406088,16.564277550716188,17.249170303344727,115063,
2008-11-11,17.325273513793945,17.756502075798423,16.89404301648433,16.89404301648433,44519,
2008-11-12,16.843307495117188,17.147703837405942,15.854016479721608,15.854016479721608,17792,
2008-11-14,16.665740966796875,17.19843745653119,16.23451250256926,16.74184101827455,13972,
2008-11-17,16.48818016052246,16.99550878084623,15.727187230036808,15.85401938511775,16472,
2008-11-18,16.31061553955078,16.691111995976023,15.777919919963924,16.23451547414371,10259,
2008-11-19,16.843307495117188,16.995505666261565,14.763260339447235,14.763260339447235,32263,
2008-11-20,15.21985912322998,16.183783340837362,13.4949419494611,16.183783340837362,27396,
2008-11-21,16.133047103881836,16.234513198433,15.09302398916818,15.09302398916818,8953,
2008-11-24,16.589643478393555,16.894039825213525,15.625718487955682,15.727184581997264,19222,
2008-11-25,16.538909912109375,17.17307059793113,16.234513557036866,16.234513557036866,112564,
2008-11-26,16.18378257751465,16.81794431205767,15.549621810624163,16.310615698545284,12510,
2008-11-27,16.18378257751465,16.18378257751465,16.18378257751465,16.18378257751465,0,
2008-11-28,15.62571907043457,16.615010137434382,15.321322712267635,15.980849445165893,26865,
2008-12-01,15.473522186279297,16.4881793788222,15.21985788814357,15.21985788814357,8168,
2008-12-02,15.930118560791016,16.20914988389455,14.712530059723704,14.712530059723704,13546,
2008-12-03,15.72718620300293,16.386712979293673,15.727186203002931,15.727186203002931,9071,
2008-12-04,16.38671112060547,16.48817721359624,15.727184419122567,15.727184419122567,14966,
2008-12-05,16.564279556274414,16.74184379206828,16.234515192308635,16.488179492188458,20166,
2008-12-08,16.38671112060547,17.249170008069914,15.574986247288786,16.868673610833078,16467,
2008-12-10,16.716476440429688,16.944774679509354,16.310613979457433,16.665742423242612,7649,
2008-12-11,16.970142364501953,17.19844062569894,16.310615559614586,16.99550840790049,12123,
2008-12-12,17.553565979003906,18.010162420114614,16.10768047432786,16.10768047432786,17961,
2008-12-15,17.705768585205078,19.278486441866967,17.29990416450073,17.29990416450073,58176,
2008-12-16,17.756500244140625,18.517493111746653,17.096973479276393,17.756500244140625,105669,
2008-12-17,17.046239852905273,18.66969172825458,16.564279240563668,18.66969172825458,101992,
2008-12-18,17.122337341308594,17.781864022209174,16.74184095594618,16.74184095594618,119614,
2008-12-19,18.010162353515625,18.263826612015844,16.741841061014526,16.970139280725665,42135,
2008-12-22,17.274538040161133,20.217043464491866,16.81794347199023,19.22775426580242,229857,
2008-12-23,17.046239852905273,17.55356844299537,16.89404166293924,17.249172063063305,30637,
2008-12-24,17.173067092895508,17.655029502812123,16.741838688672683,17.655029502812123,18388,
2008-12-26,17.29990577697754,17.75650232517555,16.564280800321544,16.767211094283308,57773,
2008-12-29,17.807233810424805,17.934065965585397,17.096974902708563,17.65503561129312,20555,
2008-12-30,18.086265563964844,18.314561888243368,17.502836893396285,17.756501196199128,23076,
2008-12-31,18.010162353515625,18.289192650804925,17.553565914093344,18.010162353515625,26908,
2009-01-02,18.59359359741211,19.02482212478525,18.26382923979384,19.02482212478525,36142,
2009-01-05,19.151655197143555,19.78581596526089,18.54286047268989,19.6843498553011,28060,
2009-01-06,19.07555389404297,19.202386039443,18.390661083004773,18.77115751920487,37344,
2009-01-07,17.223806381225586,19.12628863389472,16.00621696539533,18.74579218336089,39735,
2009-01-09,17.93406105041504,18.517489578376114,16.183778369488667,16.361343531578896,50091,
2009-01-12,17.6550350189209,17.883333277610983,16.995508221275685,17.24917252308577,12698,
2009-01-13,17.173067092895508,18.16235794792341,16.234510243561388,18.010159801450914,25276,
2009-01-14,17.705768585205078,17.959432880492802,16.99550778427746,16.99550778427746,22184,
2009-01-15,16.74184226989746,17.680399319997047,16.259879756884896,16.868674408305775,18166,
2009-01-16,17.857967376708984,18.26382987577633,16.741844052794978,16.741844052794978,36735,
2009-01-19,17.98479652404785,18.136994693858444,17.325269831332125,17.756498301679596,13589,
2009-01-20,17.93406105041504,18.01016109677677,17.502832615177425,17.93406105041504,22361,
2009-01-21,17.756500244140625,18.035530575201847,17.249171665736608,17.756500244140625,30273,
2009-01-22,17.452102661132812,17.857965108653502,17.09697229381291,17.553566821534382,38663,
2009-01-23,17.68039894104004,17.857965092188678,16.817941966593054,16.817941966593054,28760,
2009-01-27,17.95943260192871,18.46676118463512,17.29990389616642,18.01016468607737,26690,
2009-01-28,17.325273513793945,17.85796818900687,17.27453948953715,17.655035962589974,21377,
2009-01-29,17.29990577697754,17.75650232517555,16.99550936838231,17.655036210542082,8998,
2009-01-30,17.325273513793945,17.908700277958523,16.48818049895568,17.249173445061324,20939,
2009-02-02,16.817941665649414,17.426734357822884,16.56427739880888,17.12233801173615,11993,
2009-02-03,16.107681274414062,18.33992764247053,15.980849138395053,17.655032946785003,20449,
2009-02-04,16.285247802734375,16.74184433134771,15.777920154285471,16.361347869271626,8639,
2009-02-05,15.828653335571287,16.437448066805782,15.19449256039059,15.803286323972532,18053,
2009-02-06,15.98085117340088,16.234515477740576,15.54962166249289,15.828652977858074,9690,
2009-02-09,16.18378257751465,16.386713829389095,15.727187018884008,16.285247719625605,4087,
2009-02-10,16.18378257751465,16.741844245908784,15.52425576700956,16.234515632396395,10498,
2009-02-11,15.930118560791016,16.488180239345528,15.72718730522189,15.72718730522189,3030,
2009-02-12,16.361347198486328,16.741843644962756,15.854018603184429,15.854018603184429,8950,
2009-02-13,16.209150314331055,16.741844995302372,16.006218085720477,16.05695114287312,7907,
2009-02-16,15.777923583984377,16.640381838240682,15.60035833622042,16.640381838240682,6824,
2009-02-17,15.72718620300293,15.727186203002931,15.295956710357837,15.727186203002931,9760,
2009-02-18,15.524251937866213,15.955481346517107,15.397419815771965,15.955481346517107,6943,
2009-02-19,15.44815444946289,15.727184759752378,15.2959553066803,15.727184759752378,7570,
2009-02-20,15.21985912322998,15.574989556499713,13.824705370267232,13.824705370267232,5478,
2009-02-24,15.21985912322998,15.524256499225096,14.484232211879496,15.21985912322998,16885,
2009-02-25,15.21985912322998,15.47352344195048,15.016927861784096,15.118393008680746,10513,
2009-02-26,15.06765842437744,15.34668874171122,14.864726228877505,14.864726228877505,5548,
2009-02-27,15.016925811767578,15.600353471648328,14.96619276141872,15.219857045510564,3698,
2009-03-02,14.687164306640623,15.14375988263072,14.509599091629871,14.915461610809384,15994,
2009-03-03,14.02763557434082,14.58569722699098,13.95153647799137,14.58569722699098,11637,
2009-03-04,13.773970603942873,14.205200085792052,13.697871511299478,14.205200085792052,14882,
2009-03-05,13.621774673461914,14.2052024371724,13.444209449466737,14.078370272554787,12778,
2009-03-06,12.962244987487791,13.697871824376408,11.770023584302946,12.886145893105088,36038,
2009-03-09,13.06371021270752,13.418840586133353,12.454915563306786,13.190542350694972,115466,
2009-03-12,13.139809608459473,13.418840899131808,12.810046235530754,13.1905426583683,40325,
2009-03-13,13.697871208190918,13.951535489824082,13.012977454250883,13.241275694781708,27569,
2009-03-16,14.357397079467772,14.408130126236866,13.824702507523243,14.154465860043778,13183,
2009-03-17,13.92617130279541,14.458865978084877,13.79933914509291,14.002270403886396,10793,
2009-03-18,14.306665420532228,14.940826104639996,13.82470291354936,13.82470291354936,41426,
2009-03-19,14.357397079467772,15.219855971585222,14.230564946371228,15.219855971585222,37277,
2009-03-20,14.28129768371582,14.45886285973426,14.053000429679855,14.255931644707056,96290,
2009-03-23,15.397420883178713,16.386710923503735,14.205198659313035,14.230564698429436,111490,
2009-03-24,15.06765842437744,16.691110182462406,14.763261098779957,15.72718515679497,43808,
2009-03-25,14.712529182434082,15.574988176741218,14.534963981529378,14.534963981529378,21593,
2009-03-26,14.687164306640623,14.940828623040964,14.33203387661912,14.712530351219629,270984,
2009-03-27,14.86472511291504,15.169122415660034,14.560328777822397,14.661793900302492,26532,
2009-03-30,14.712529182434082,15.21985777493181,14.45886488618522,15.21985777493181,10145,
2009-03-31,14.915461540222168,15.219858911992532,14.25593470776352,14.71253028159278,15939,
2009-04-01,15.346691131591797,15.98085192215344,14.306667822131727,14.96619465725481,41166,
2009-04-02,15.75255012512207,16.13304651430523,15.524252872203585,16.13304651430523,26114,
2009-04-06,16.513545989990234,16.79257634048308,15.727187025763095,15.828653135570969,37469,
2009-04-08,16.691110610961914,16.995506976721536,15.473521277313637,15.980849843782936,34981,
2009-04-09,16.767210006713867,17.731135130251083,16.538911747422944,17.731135130251083,29091,
2009-04-13,17.452102661132812,17.705766932746343,16.665741870887025,16.84330802219938,41255,
2009-04-15,18.56822395324707,19.12628651333996,17.350636607717234,18.238461560528595,72368,
2009-04-16,17.401369094848633,19.557515459225183,17.046238718360936,18.771156583984123,57351,
2009-04-17,17.857967376708984,18.695058418165704,17.578937029556748,18.21309778913232,32784,
2009-04-20,17.147705078125,18.51749258814462,17.020872937110312,18.51749258814462,15950,
2009-04-21,16.944772720336914,16.995504796353423,16.53890837098625,16.53890837098625,8307,
2009-04-22,16.61501121520996,17.655034430933103,16.48817906852897,16.741843361890954,18761,
2009-04-23,16.234514236450195,16.741842806339264,15.98084995150566,16.741842806339264,33579,
2009-04-24,17.19843864440918,18.77115637759965,16.056948437578402,16.056948437578402,47838,
2009-04-27,17.401369094848633,17.75649947133633,16.99550663685049,16.99550663685049,19390,
2009-04-28,17.096973419189453,17.604301995810474,16.564278800798366,16.564278800798366,22911,
2009-04-29,16.79257583618164,17.046240135430942,16.335981258715915,16.767209793317715,11933,
2009-04-30,16.74184226989746,16.74184226989746,16.74184226989746,16.74184226989746,0,
2009-05-04,18.59359359741211,19.20238635716125,16.234514879816743,17.24917205980529,81095,
2009-05-05,17.832599639892578,18.999454939638788,17.655033482891174,18.16236204237256,43650,
2009-05-06,17.832599639892578,19.20238520224842,17.325271080411195,17.756499581848423,73603,
2009-05-07,18.060895919799805,18.263828117448963,17.6043013780465,18.263828117448963,50834,
2009-05-08,17.95943260192871,18.669691456534704,17.376003957694365,17.376003957694365,45170,
2009-05-11,17.73113441467285,18.21309695699082,17.528202206758458,17.984798706913367,36556,
2009-05-12,21.282434463500977,21.282434463500977,17.122339692010716,17.249171837877462,542421,
2009-05-13,19.70971298217773,21.61219500498658,19.329216577615966,21.307798655459084,195464,
2009-05-14,19.760448455810547,20.901937753748584,18.26382876700858,18.28919480879066,117155,
2009-05-15,20.242408752441406,20.90193544236832,19.15165165868576,20.242408752441406,145504,
2009-05-18,21.231698989868164,21.307799046298307,20.90193659438216,20.90193659438216,125,
2009-05-19,22.094161987304688,23.74298007494392,21.3078029787224,22.57612458459873,177540,
2009-05-20,23.64151382446289,24.80837124345264,21.81513149654836,22.297094091091274,139577,
2009-05-21,26.051319122314453,27.16744227027433,23.84444080102256,24.301037250057657,202590,
2009-05-22,26.63475227355957,27.59867741567709,25.41716282407481,25.924491438809284,73497,
2009-05-25,26.22888565063477,27.34500881486908,25.39179279363284,26.88841235917625,56431,
2009-05-26,25.08739471435547,27.34500692662288,24.833730464332262,27.319638953376845,54546,
2009-05-27,25.7215576171875,26.53328251502224,25.18886303202691,25.87375579361841,56471,
2009-05-28,29.90702247619629,30.5665492938151,25.467897060082063,25.467897060082063,305779,
2009-05-29,29.39968490600586,31.403632727921508,28.917722477650777,29.93237940669116,139073,
2009-06-01,29.425058364868164,30.26215131661141,28.866997687242662,29.88165487223812,62315,
2009-06-02,28.537229537963867,30.16068120540676,27.953800959954712,30.16068120540676,40141,
2009-06-03,27.85234260559082,29.83092310456672,27.395746063739768,28.91773195616976,84463,
2009-06-04,28.63869285583496,28.91772313056016,27.294271620380083,27.294271620380083,49860,
2009-06-05,27.877704620361328,29.830918792521576,27.649406382436204,29.830918792521576,61751,
2009-06-08,26.15278625488281,28.790895090791647,25.41715947343157,27.903070132044768,37030,
2009-06-09,26.66011428833008,27.34500897590264,24.8590983652552,26.12741971042128,45025,
2009-06-10,26.63475227355957,28.91773103986468,26.381087966192336,28.91773103986468,76113,
2009-06-11,26.1020565032959,26.6347511390152,25.36642965620496,26.38108684245315,32176,
2009-06-12,26.330352783203125,26.38108486459001,24.80836711793832,26.38108486459001,20962,
2009-06-15,25.062030792236328,25.34106110375761,23.945907610846387,24.148837866814223,34003,
2009-06-16,26.330352783203125,26.330352783203125,23.89517417053555,25.315695673026585,22245,
2009-06-17,26.330352783203125,26.330352783203125,23.210281395288327,24.605434921781068,22427,
2009-06-18,22.5000228881836,23.337115861692403,22.170260455668792,22.37319073676135,19847,
2009-06-19,22.32245826721192,23.032719077108844,21.33316711603584,21.84049571301793,34003,
2009-06-22,21.612199783325195,22.931255438624827,21.612199783325195,22.32246066966386,20536,
2009-06-23,21.35853385925293,22.728321503086207,21.35853385925293,21.35853385925293,13247,
2009-06-24,21.40926551818848,23.05808333041986,21.40926551818848,21.40926551818848,9639,
2009-06-25,21.992694854736328,23.48931466752128,21.992694854736328,23.48931466752128,12289,
2009-06-26,22.32245826721192,23.59077975966714,21.84049571301793,23.59077975966714,13253,
2009-06-29,22.32245826721192,22.7790547786178,22.11952605429708,22.7790547786178,19355,
2009-06-30,21.56146240234375,23.46394437902114,21.56146240234375,21.56146240234375,19158,
2009-07-01,22.32245826721192,22.98198505622763,22.32245826721192,22.32245826721192,5333,
2009-07-02,21.71366500854492,23.94591175791619,21.71366500854492,23.337117013969014,27703,
2009-07-03,23.00735092163086,24.30104038220495,23.00735092163086,23.00735092163086,12424,
2009-07-06,23.08345031738281,24.73226819719587,22.88051811189923,23.616144937646045,16425,
2009-07-07,22.44928741455078,23.6415086839135,22.44928741455078,22.44928741455078,6120,
2009-07-08,21.891223907470703,22.90588083138027,21.891223907470703,22.525384484914184,11273,
2009-07-09,22.11952209472656,22.82978277748117,22.11952209472656,22.8044167392338,9845,
2009-07-10,22.27172470092773,23.235647809925464,21.91659431958967,21.91659431958967,9993,
2009-07-13,21.383899688720703,23.21028174004491,21.383899688720703,21.815128192829096,23527,
2009-07-14,21.662931442260746,22.779054740830865,21.662931442260746,22.32245823018241,24044,
2009-07-15,21.967329025268555,23.79371323228041,21.967329025268555,21.967329025268555,10436,
2009-07-16,26.330352783203125,26.330352783203125,23.920542146533847,24.98593133809727,54722,
2009-07-17,24.65616798400879,25.366428763509013,24.42787167338115,25.366428763509013,18056,
2009-07-20,25.543991088867188,26.02595358655057,24.808366257739927,24.808366257739927,11279,
2009-07-21,24.35177421569824,25.72156190239229,24.27567414715213,25.72156190239229,27269,
2009-07-22,24.859100341796875,25.31569683648247,23.36248064844404,23.36248064844404,12533,
2009-07-23,24.859100341796875,25.112764630998885,23.92054324587142,24.17420753507343,15006,
2009-07-24,24.909832000732425,25.62009277250808,23.97127492081201,24.859099917879124,22008,
2009-07-27,24.73226928710937,25.620094338441508,24.605437136919072,24.985933587489985,28189,
2009-07-28,26.051319122314453,26.051319122314453,24.40250140735013,24.40250140735013,40577,
2009-07-29,25.873756408691406,26.507917104982862,25.36642785165824,26.127420687207987,16801,
2009-07-30,25.3410587310791,25.873753264162705,24.909828348826952,25.873753264162705,9378,
2009-07-31,25.036664962768555,26.12742219756561,24.605436438484123,24.605436438484123,10832,
2009-08-03,24.98593521118164,25.62009600334361,24.63080478050991,24.88446909737469,20336,
2009-08-04,24.14883804321289,25.366427329133213,24.098105962676552,24.60543450925921,24776,
2009-08-05,23.59078025817871,24.85910177743564,23.10881769380007,24.14884095252973,42537,
2009-08-06,23.48931121826172,24.30103805047088,23.41321309778589,23.84444158639668,67542,
2009-08-07,23.84444046020508,24.14883679834113,22.90588347153166,24.14883679834113,13799,
2009-08-10,23.311750411987305,23.74297896368001,22.82978783725099,22.82978783725099,8954,
2009-08-11,23.36248588562012,24.09811287627268,22.85515719348806,22.85515719348806,8524,
2009-08-12,23.18491744995117,23.89517633008208,22.32245844129469,22.880519128205048,10816,
2009-08-13,23.337114334106445,23.996641091270213,23.13418213099225,23.235648232549348,26490,
2009-08-14,23.84444046020508,24.098104720420025,23.337111939775184,23.337111939775184,7416,
2009-08-17,23.41321563720703,23.971276322443494,22.88051905957538,22.88051905957538,13148,
2009-08-18,23.41321563720703,23.41321563720703,23.41321563720703,23.41321563720703,0,
2009-08-19,23.84444046020508,24.275668928448603,23.337111939775184,23.337111939775184,37997,
2009-08-20,24.73226928710937,24.909833523253795,24.351772836538466,24.85910143729968,43678,
2009-08-21,25.975221633911133,25.975221633911133,25.7722894437982,25.7722894437982,50009,
2009-08-24,27.294279098510746,27.29427909851074,27.29427909851074,27.29427909851074,27575,
2009-08-25,28.664066314697266,28.664066314697266,28.56260020616829,28.56260020616829,96229,
2009-08-26,28.613330841064453,29.932384289886684,28.08063431817008,29.475787823207163,108024,
2009-08-27,28.2835636138916,28.91772423303716,28.004533328528485,28.91772423303716,48012,
2009-08-28,27.928436279296875,28.79089520101376,27.75087206098965,28.410398788665564,60509,
2009-08-31,27.750873565673828,28.28356818478365,27.1420788858462,28.28356818478365,29338,
2009-09-01,27.294279098510746,28.25820424108233,26.507920132362905,27.776241669796537,80203,
2009-09-02,27.04061508178711,27.3957455031482,26.736218683651945,27.24354730408061,36178,
2009-09-03,28.258203506469727,28.41040169994414,26.91378193761821,27.446476582431163,54726,
2009-09-04,29.348953247070312,29.67871754952018,28.765526627365105,29.348953247070312,93458,
2009-09-07,32.29146957397461,32.29146957397461,29.881658469508004,29.881658469508004,397258,
2009-09-08,31.403640747070312,33.66125144243891,31.25144062060524,32.519762105780856,164969,
2009-09-09,31.93633460998535,32.773425608736055,30.94704348845728,32.773425608736055,121026,
2009-09-10,31.682676315307617,32.874899869307136,31.200713684342084,32.84953188717317,132412,
2009-09-11,30.552085876464844,32.86584195229514,30.368037963920703,32.12964629017501,180128,
2009-09-14,30.89389038085937,31.44603610562081,30.02623138054016,30.36803692756815,22352,
2009-09-15,32.07706069946289,32.60291415355245,30.893890427761395,30.893890427761395,109299,
2009-09-16,31.86671638488769,32.70808305876178,31.41974178118417,32.52403315855263,106682,
2009-09-17,30.97277069091797,32.31369666010985,30.70984395162655,31.55120871497036,35817,
2009-09-18,31.31456756591797,32.077055348343364,28.974519684393726,28.974519684393726,35715,
2009-09-22,30.788721084594727,31.524916764525816,30.552086615618887,30.972771007563423,139152,
2009-09-23,31.65637588500977,32.8395460650527,31.02535138779255,31.02535138779255,202743,
2009-09-24,31.86671638488769,32.49774088880036,30.57837711328169,31.077936256489764,55576,
2009-09-25,31.99818229675293,32.28740330505586,31.551207657329467,32.07706111828496,32720,
2009-09-29,31.94559860229492,32.76067108724965,31.55120849609376,31.971890874847308,57537,
2009-09-30,31.89301490783692,32.2611107453317,31.63008816335672,31.63008816335672,51236,
2009-10-01,31.81413650512696,32.02447870589671,31.025356261198187,31.10423508797982,77293,
2009-10-05,31.104232788085938,31.814134152741897,31.025353967136727,31.288280695671784,30734,
2009-10-06,30.5783805847168,32.024477650948995,30.07881937882404,32.024477650948995,34925,
2009-10-07,31.41974258422852,32.33998609087956,30.02623018605399,30.02623018605399,96114,
2009-10-08,30.788721084594727,32.07706252148821,30.630965440601447,30.788721084594727,80453,
2009-10-09,30.499500274658203,31.446036088884284,30.262865819608752,30.76242700116388,63619,
2009-10-12,30.3680362701416,31.34086433528127,30.26286518056581,31.34086433528127,51853,
2009-10-13,30.26286697387696,30.26286697387696,30.26286697387696,30.26286697387696,0,
2009-10-14,30.3680362701416,31.02535307252561,30.052525007385945,30.2365729096648,71688,
2009-10-15,30.02623176574707,30.49950068216944,29.81589158531516,30.49950068216944,28813,
2009-10-16,30.18398666381836,30.499497908761747,29.7107177904317,30.02622903537509,37160,
2009-10-20,30.47320556640625,31.025351246721385,30.26286339963307,30.499497835760003,46685,
2009-10-21,29.86847686767578,30.86759926884713,29.63184240361185,30.86759926884713,29880,
2009-10-22,29.31632804870605,29.973644821098567,29.237449233630315,29.290035779004675,13691,
2009-10-23,28.13315963745117,30.23657344212042,27.975404003295324,30.23657344212042,38313,
2009-10-26,28.2120361328125,28.921937431003045,28.05427850568433,28.869352892608024,28871,
2009-10-27,26.97628402709961,28.00169874866774,26.818528379005723,26.89740720603861,41525,
2009-10-28,27.21291732788086,27.344380696614586,26.2926737467448,26.2926737467448,42456,
2009-10-29,26.47671890258789,27.87023126839636,26.02974429784188,27.34437784823793,14374,
2009-10-30,26.29267311096192,28.027989135091044,26.108625201573883,28.027989135091044,18341,
2009-11-03,25.29355239868164,26.60818614094101,25.03062565022977,26.5556015936394,16060,
2009-11-04,25.60906219482422,26.79223240089541,24.715110971264988,24.715110971264988,31299,
2009-11-05,25.95086669921875,26.18750115057972,25.240965351107526,25.635355434718583,11138,
2009-11-06,26.79223251342773,27.239207124098915,26.29267135646065,26.29267135646065,39069,
2009-11-09,29.02711296081543,29.447795350340204,27.60730814094394,27.870234885143407,133702,
2009-11-10,29.63183784484864,29.89476454091995,28.71159440859904,29.89476454091995,115721,
2009-11-11,29.57925796508789,29.973648071289062,28.92194112141928,29.973648071289062,135740,
2009-11-12,29.63183784484864,29.84218000409429,28.58013106056337,29.71071665605863,104437,
2009-11-13,29.71072006225586,29.973646788470514,29.18486660982656,29.60554897057565,37394,
2009-11-16,29.605546951293945,29.86847365957537,29.15857234960416,29.15857234960416,121343,
2009-11-17,29.447790145874023,29.71071684360504,29.237447985300605,29.237447985300605,24761,
2009-11-18,29.605546951293945,30.105108098222967,29.184864619237985,29.447791327519408,40299,
2009-11-19,29.552961349487305,30.131399284520803,29.44779026876171,29.44779026876171,26463,
2009-11-20,29.763303756713867,30.07881702276085,29.263744595923228,29.290036866600893,80561,
2009-11-23,30.13140106201172,30.23657214894149,29.263744108277248,29.447792005925628,99145,
2009-11-24,33.155059814453125,34.653743359266855,29.84218346134804,30.105110187879745,275730,
2009-11-25,33.36540222167969,36.23130396127664,33.15506003665594,33.39169449331472,539914,
2009-11-26,33.83866882324219,35.17959673020075,32.70808510537835,33.60203637469348,92696,
2009-11-27,32.05076599121094,33.4705706105028,31.419741493084384,33.4705706105028,47141,
2009-11-30,32.44515609741211,33.23393621968645,32.05076603627494,32.05076603627494,31041,
2009-12-01,32.62920379638672,33.1024726693285,32.2611060069844,32.708082610534206,21437,
2009-12-02,33.339115142822266,34.89038147659791,32.602919386543746,33.076188373575945,93946,
2009-12-03,33.31281280517578,34.180471736253935,32.94471702202415,33.18134945234404,49966,
2009-12-04,39.99115753173828,39.99115753173828,32.89213376358411,33.12876822351788,1253775,
2009-12-07,48.01041793823242,48.01041793823242,36.80973870034898,36.80973870034898,651779,
2009-12-08,52.82197570800781,52.82197570800781,50.481929537355626,52.05948983539799,241651,
2009-12-09,49.7457389831543,58.10681021461422,49.19359522991016,58.10681021461422,1351486,
2009-12-10,46.3014030456543,49.21988761176299,45.80183980522468,48.9569608574139,900170,
2009-12-11,47.82636260986328,48.93065790133889,44.98675760876271,46.380265835918685,519620,
2009-12-14,45.275978088378906,47.82636634081284,44.82900348940689,47.80007607731046,146870,
2009-12-15,45.09193420410156,46.22251994571847,44.69754410902196,46.143641124313845,98769,
2009-12-16,43.22515487670898,46.45915461293157,42.33120555668687,45.1182306328984,92397,
2009-12-17,45.32856750488281,45.72295760734506,43.2251536250842,44.22427602037726,213976,
2009-12-18,43.54067611694336,45.065648222427576,43.277749338488256,45.065648222427576,53174,
2009-12-21,44.96046447753906,45.35485451681573,44.43461109183686,45.22339117039017,78989,
2009-12-22,48.74661636352539,49.45652177650223,44.19798693634011,45.48632636740235,529744,
2009-12-23,52.87456130981445,53.63704713986869,47.90524424116077,50.37675764398724,828834,
2009-12-24,58.18567657470703,58.18567657470703,50.32416623445356,53.11119071851934,739010,
2009-12-29,61.10417175292969,61.10417175292968,61.10417175292968,61.10417175292968,20285,
2009-12-30,64.18041229248047,64.18041229248047,64.18041229248047,64.18041229248047,16905,
2009-12-31,67.38809967041016,67.38809967041016,66.78337156266439,66.78337156266439,55151,
2010-01-04,64.02265167236328,70.4643558447366,64.02265167236328,70.4117672949995,307432,
2010-01-05,60.84123992919922,62.57655784393437,60.84123992919922,60.84123992919922,499121,
2010-01-06,59.02705764770508,62.62915345900697,58.501204127458266,60.99900834863064,403878,
2010-01-07,57.63354110717773,60.94641966478613,56.529249591956166,59.94729724170235,158523,
2010-01-08,57.55466079711914,59.289978856225126,56.37149048734968,58.36973528195999,158663,
2010-01-11,60.44685363769531,60.44685363769531,56.63441605171944,57.84388061480642,258823,
2010-01-12,58.18567657470703,61.52484469373032,57.84387107957552,61.52484469373032,155995,
2010-01-13,58.13310623168945,59.55290908184328,56.94993585257998,57.31803169908096,115892,
2010-01-14,57.79129409790039,59.52660804992625,57.13397729517619,59.52660804992625,116161,
2010-01-15,56.52924728393555,58.81670904605958,55.97709954289643,58.81670904605958,118224,
2010-01-18,55.92451858520508,58.36973814784124,55.50383819490944,56.213739613237664,87071,
2010-01-19,54.37323760986328,57.659821072597495,54.16289546585976,56.79216223604712,79801,
2010-01-20,56.94993209838867,57.10768573137104,53.68963819482004,54.425833851235126,171295,
2010-01-21,54.24178695678711,57.26544444964015,54.11032358753263,56.68700642730917,88703,
2010-01-22,51.77027130126953,53.61075840305891,51.53363885010258,51.53363885010258,50924,
2010-01-25,52.87456130981445,54.05773146731156,51.0340743981523,51.0340743981523,50075,
2010-01-27,50.24529647827149,53.63704947248986,50.24529647827149,52.00690465365579,43704,
2010-01-28,47.82636260986328,51.00777711731853,47.74748781356603,49.482801535133845,55784,
2010-01-29,46.74837493896485,47.32681296166311,45.43374124558531,46.8009594843113,72252,
2010-02-01,49.088417053222656,49.08841705322266,46.27510199564859,46.27510199564859,31501,
2010-02-02,48.90436553955078,51.55992677846488,48.4048064210745,51.53363250404276,55469,
2010-02-03,49.66685485839844,50.429344739059424,47.85266212968759,50.429344739059424,35272,
2010-02-04,47.195350646972656,50.21900820931352,47.195350646972656,49.95608146476214,61151,
2010-02-05,44.85530090332031,46.27510361397161,44.85530090332031,46.27510361397161,27320,
2010-02-08,43.4617919921875,45.591496231345324,42.77818084661462,44.171693405240106,94738,
2010-02-09,44.06651306152344,44.64495095367452,43.38290209047224,43.38290209047224,19336,
2010-02-10,44.64495468139648,46.27509942700463,44.17168581668624,45.17080808397608,21555,
2010-02-11,45.85442352294922,46.87984025349931,44.69754742955016,45.0130587266641,43411,
2010-02-15,44.06651306152344,46.27509556317038,43.935049721855336,46.27509556317038,21980,
2010-02-16,44.85530090332031,46.27510361397161,44.06652072808215,45.118227628399694,64691,
2010-02-17,45.72295379638672,46.51173393556724,44.69754122022935,45.22339464634969,54436,
2010-02-18,44.77642059326172,46.06475989849777,44.56607841780965,46.06475989849777,13730,
2010-02-19,43.25144958496094,44.88159460279565,42.59413272196761,44.88159460279565,13444,
2010-02-22,43.01481628417969,44.67125153721788,42.69930098651179,43.77730222567525,20889,
2010-02-23,40.99028015136719,43.14628278619745,40.885111052472816,43.14628278619745,25896,
2010-02-24,39.57046890258789,41.095444586272265,39.070909770388944,40.885102420946296,18021,
2010-02-25,40.99028015136719,41.43725885152817,37.5985265627242,39.964867395343205,28628,
2010-02-26,42.620418548583984,43.04109885030218,39.99115161805919,39.99115161805919,34593,
2010-03-02,43.61953353881836,44.250559962527824,42.06826776959172,43.64582781095141,22692,
2010-03-03,43.88247299194336,44.96047427225447,43.25145039640854,43.93506155152444,31043,
2010-03-04,44.25056838989258,44.460910571188,43.48807848418962,43.75100520782304,13706,
2010-03-05,46.485443115234375,46.48544311523438,44.30315062055717,44.43461397551431,40307,
2010-03-08,51.13924789428711,51.13924789428711,50.45563680608996,50.45563680608996,21508,
2010-03-09,52.033199310302734,56.26632135334592,51.53364011801776,56.24002707503888,284763,
2010-03-10,52.79568862915039,54.6887602986376,50.06124820705239,53.11119990540767,98665,
2010-03-11,51.74398040771485,53.45300412435417,51.40217486199829,52.58534512736398,38568,
2010-03-12,50.665977478027344,52.90085456875665,50.06124522755899,50.74485629538293,33711,
2010-03-15,48.50997543334961,50.7448523503332,47.85265869306032,49.95607226198605,29938,
2010-03-16,48.24705505371094,49.43022534113164,48.08929741061077,48.48368750641767,22260,
2010-03-17,48.01041793823242,49.64056270685925,47.58973360545118,48.90436713046365,25087,
2010-03-18,47.48456954956055,48.904372301936114,47.32681190509946,47.32681190509946,17712,
2010-03-19,49.82461166381836,52.05948870414794,48.64144146599681,48.90436817662382,136675,
2010-03-22,49.53539276123047,51.21812618719932,49.43022367733265,49.43022367733265,45435,
2010-03-23,48.58885955810547,50.27158899248712,48.43110191840694,48.5099807382562,25167,
2010-03-25,48.48368835449219,49.43022620576296,48.27335017593743,48.90437273548888,35785,
2010-03-26,47.74749755859375,48.90437360908496,46.80095969041464,48.90437360908496,33457,
2010-03-29,47.090179443359375,48.85178775051002,43.11998417379922,48.40481310719471,152758,
2010-03-30,48.66773986816406,49.82461588823214,43.67213194269488,43.67213194269488,77912,
2010-03-31,48.194461822509766,49.77202192136807,47.852656332035245,49.29875308932202,134069,
2010-04-01,50.87632369995117,51.559934822144,48.69403097658263,49.40393236535601,63672,
2010-04-05,52.29612350463867,53.268955587520885,50.74485744654245,52.29612350463867,94725,
2010-04-06,50.82373046875,53.26894951168262,50.63968258636646,51.7965584287284,48670,
2010-04-07,51.191837310791016,52.84827663456156,50.271593687801136,51.37588523300023,70533,
2010-04-08,52.00690078735352,54.53099463830536,50.481925162352205,50.481925162352205,189675,
2010-04-09,52.453880310058594,53.05861256464343,51.69139443163207,51.82285779080515,38594,
2010-04-12,52.375,53.7948066457849,52.16465782892706,52.3487097360804,42400,
2010-04-13,52.26983642578125,53.58447011852251,49.982374602800185,49.982374602800185,18318,
2010-04-15,51.74398040771485,53.11119857863762,51.27071149917988,52.795687310262124,31959,
2010-04-16,53.11119842529297,54.95168549943679,51.007784626271466,51.007784626271466,142027,
2010-04-19,52.53275680541992,53.89997487798506,52.05948793093192,52.58534134437567,59821,
2010-04-20,53.97885513305664,54.42582974402471,52.58534274784997,52.58534274784997,88045,
2010-04-21,55.71416473388672,56.10855477403772,54.60987342385253,55.109436548542895,110598,
2010-04-22,57.87018203735352,60.26281316919866,56.21374263103365,56.21374263103365,333863,
2010-04-23,59.84212112426758,62.57655731827192,59.15851006979488,60.47314362690143,343588,
2010-04-26,65.83684539794922,65.83684539794922,61.498554760788736,61.498554760788736,554902,
2010-04-27,69.14971923828125,69.14971923828125,66.835963571646,69.14971923828125,654084,
2010-04-28,68.38723754882812,70.14884165731506,66.31011417296558,68.62386997845935,612739,
2010-04-29,71.80529022216797,71.80529022216797,71.51606921981048,71.51606921981048,164755,
2010-04-30,68.4924087524414,75.40737809639624,68.22948203938022,75.40737809639624,513263,
2010-05-03,65.07435607910156,68.30835117166015,65.07435607910156,68.30835117166015,149172,
2010-05-04,61.91925048828125,65.99461517010019,61.84037165979276,65.0743715322701,307664,
2010-05-05,61.7614860534668,62.55026622790158,58.84300181522412,60.10505089670848,198813,
2010-05-06,60.13134002685547,62.28733832722064,59.52660776881634,61.65631580436271,42408,
2010-05-07,58.44861602783203,60.999004643737486,57.370614772022975,58.36973720219707,71485,
2010-05-10,59.55289840698242,60.99899527779215,55.79304574048851,58.89558164752346,235877,
2010-05-11,58.08051681518555,60.78866311203161,56.60812943895755,59.42144482983998,239101,
2010-05-12,56.97622299194336,59.73695372494053,56.21373706094064,57.63353983313316,441616,
2010-05-13,56.45036315917969,58.369728921603006,56.05597309889858,57.31802209418674,37956,
2010-05-14,55.424949645996094,57.29172682511872,55.21460748177215,57.02880012282457,32493,
2010-05-17,56.08226776123047,57.791291367571176,52.66422054854907,54.74133994224741,43364,
2010-05-18,57.31801986694336,58.553774538750325,55.53011752742074,55.74045968711923,51493,
2010-05-19,55.661582946777344,57.31802199961352,55.05685071962215,56.31889971282796,55191,
2010-05-20,55.05685806274414,56.52924941985266,54.68876222943885,55.7930537412984,22645,
2010-05-21,56.79216384887695,57.81757631359344,53.42670148507346,54.215481538530085,57814,
2010-05-24,59.631778717041016,59.63177871704101,57.3180228632902,57.37060740297797,19827,
2010-05-25,58.3960189819336,62.62913624956399,57.31801795686675,62.62913624956399,137786,
2010-05-26,58.73782730102539,61.209340861792754,58.10680478147897,60.73607196616128,245149,
2010-05-27,56.92363739013672,59.84212571560936,56.47666274881534,58.63266114549879,24229,
2010-05-28,57.58095169067383,59.78953453430589,57.37060951224617,58.31714730919897,40181,
2010-05-31,59.15851593017578,59.68436940511068,57.449492136637375,57.449492136637375,56620,
2010-06-01,57.60724639892578,62.12958521524706,57.05509867791058,61.36709531422876,86216,
2010-06-02,56.13486099243164,58.36973836215374,54.7413484183338,57.607252393731954,77905,
2010-06-03,55.53012466430664,57.60724824186524,54.37324865519456,56.844758316453785,116899,
2010-06-04,55.79305267333984,56.39778496957482,55.240908933950735,55.79305267333984,87314,
2010-06-07,58.00164031982422,58.60636861092482,53.16378590741388,54.26807741057,144023,
2010-06-08,58.36973190307617,59.842123141444624,57.10768284332369,58.68524316502845,294677,
2010-06-09,58.501197814941406,58.81670909065576,57.31802752205496,58.369734449065135,193759,
2010-06-10,60.9464111328125,61.44597026844856,57.97533855849208,59.68436214411656,220278,
2010-06-11,62.97095489501953,63.996367587071184,59.65807633125564,62.57656478085449,274238,
2010-06-14,61.26192474365234,63.99636098151016,60.36797551526049,63.41792300949523,101571,
2010-06-15,62.31363677978516,62.99724790197798,60.31539197025511,61.52485656738282,246673,
2010-06-16,62.44509506225586,63.10241185238487,61.3145093808453,62.36621624505172,158209,
2010-06-17,61.86665344238281,62.57655473148584,60.99899452817108,62.1032858681028,129534,
2010-06-18,61.49855422973633,62.18216526234484,61.051579637004494,61.91923855933281,141117,
2010-06-21,61.44597625732422,61.971829719538285,61.077880438551794,61.57743962287774,260898,
2010-06-22,61.91925048828125,62.050713865114126,60.99900685045117,61.36710270080565,181694,
2010-06-23,61.60373306274414,62.050707697156994,61.34080633521381,61.57743878521372,115881,
2010-06-24,61.1567611694336,61.998125932852695,60.99900352106717,61.63002609064558,70630,
2010-06-25,60.7360725402832,62.10329068685328,60.26280364017803,61.15675689858632,49606,
2010-06-28,59.237396240234375,60.97271034389717,58.1331047175501,59.99988219324539,68705,
2010-06-29,58.3171501159668,60.10505270073752,57.92276001691194,59.47402613508362,96552,
2010-06-30,57.39690399169922,58.8692912220052,57.0025139102335,57.896463156778445,34658,
2010-07-01,57.21286010742188,58.15939396224797,56.81846999825843,57.10768700447877,72607,
2010-07-02,56.97622299194336,57.84388202470262,56.55554262074806,57.107686360181326,18439,
2010-07-05,56.52924728393555,57.68612329799216,56.13485718660576,56.84475855941066,37380,
2010-07-06,55.58271789550781,56.84476720121438,55.26720657206721,56.34520794009544,33110,
2010-07-07,55.293495178222656,56.00339658608,54.95168960793765,55.79305438806278,37699,
2010-07-08,55.71416473388672,56.08226451186009,55.4249477782751,55.84562808060373,74852,
2010-07-09,57.05509948730469,59.84212438501031,55.47753913281699,56.05597712707379,199372,
2010-07-12,57.26542663574219,58.89557110501024,57.05508450797867,57.31801116469747,103892,
2010-07-13,57.63354110717773,57.81758902439071,56.94993398439471,57.37061436488956,140033,
2010-07-14,57.58095169067383,58.05422058915023,53.63705088994275,53.63705088994275,166380,
2010-07-15,57.39690399169922,58.00163625233533,57.02880417516519,57.60724617086961,104514,
2010-07-16,54.82021331787109,57.686112553212894,54.58358090832646,56.97621131263622,173291,
2010-07-19,55.16202163696289,56.739581813356814,54.79392185530518,55.0042640145463,48359,
2010-07-20,54.34695053100586,55.74046290604565,54.16290263511983,55.74046290604565,36798,
2010-07-21,55.9508056640625,56.10855928564185,54.29436655984797,54.29436655984797,106759,
2010-07-22,55.8193473815918,56.26632203461826,55.29349390463275,55.68788401235204,40885,
2010-07-23,55.05685806274414,56.134859307621134,54.767641054273895,55.21461571241423,31970,
2010-07-26,55.083152770996094,55.74046962983853,54.68876265569064,54.68876265569064,25992,
2010-07-27,54.42583465576172,55.793052888203725,53.71593326698834,55.21461486816407,37451,
2010-07-28,55.083152770996094,55.68788508351988,53.89998242507971,54.47842045847232,59919,
2010-07-29,55.10944747924805,55.819348889936926,54.478420882679465,55.26720111943239,37536,
2010-07-30,54.79392623901367,56.26631745955506,54.47841498088147,54.47841498088147,34203,
2010-08-02,54.42583465576172,55.267199413268834,54.00515027103636,55.21461486816407,67604,
2010-08-03,54.89910507202149,55.21461636313637,54.03144601249773,54.21549393131944,88046,
2010-08-04,55.03056335449219,55.21461125629115,54.21548891688387,54.42583109548699,49967,
2010-08-05,55.16202163696289,55.42494833302855,54.215483926349336,54.215483926349336,51567,
2010-08-06,55.1357421875,55.42496323571529,54.24179278528849,54.95169425315575,44066,
2010-08-09,54.031436920166016,54.68875367101961,53.400414444123776,54.68875367101961,40735,
2010-08-10,54.08402633666992,55.1094429676684,53.42670952652094,54.03144179424669,90330,
2010-08-11,52.29612350463867,53.8999781167938,51.849148878741744,53.63705139427285,25898,
2010-08-12,52.033199310302734,52.585347059201794,51.32329792739223,51.84915139798425,37636,
2010-08-13,52.05949401855469,53.11120096842448,51.61251936724876,51.79656728108724,66545,
2010-08-16,56.45036315917969,57.26543755520456,51.87544006469617,52.45387801738649,326074,
2010-08-17,59.97358703613281,61.28822064927081,57.37061007495354,57.580952255444295,723274,
2010-08-18,58.1068115234375,61.78778600908512,57.396910103594216,60.6834944657796,252457,
2010-08-19,56.2137336730957,58.474901063348206,55.97709721736263,58.42231652161087,92344,
2010-08-20,56.029693603515625,57.68612896548582,55.31978814902105,56.26632608038453,113315,
2010-08-23,56.63441467285156,57.712415844659,56.10856122551981,56.10856122551981,66535,
2010-08-24,54.9516830444336,57.05509674948368,54.42582961817107,55.8193420001554,67148,
2010-08-25,53.68963241577149,56.79216834046319,53.19007328051688,54.16290128766397,78727,
2010-08-26,53.321537017822266,57.00251091829598,52.69051051343229,57.00251091829598,71065,
2010-08-27,52.48017501831055,54.031441064534434,52.19095402097365,52.63792864344974,67779,
2010-08-30,52.34871673583984,54.05774058492023,51.87544779062883,53.19008152069067,29414,
2010-08-31,51.69140625,53.11120924890592,51.2970160823101,52.16467124167247,57107,
2010-09-01,51.66509628295898,53.58446198542698,51.37587530967666,53.11119312548456,98776,
2010-09-02,52.19095230102539,53.11119579247924,52.05948894510341,52.4012944728892,43198,
2010-09-03,54.057735443115234,54.74134251055854,52.53275965890575,52.63792874252983,224910,
2010-09-06,54.26807022094727,56.26631478054771,53.63704773472772,55.21460796221971,112007,
2010-09-07,54.55729293823242,55.0831463641431,54.16290286879942,54.32066050134992,114737,
2010-09-08,53.531883239746094,54.84651687518245,53.26895651265882,54.84651687518245,43755,
2010-09-09,53.11119842529297,54.557295412120254,52.5853449755376,53.89997859992604,75690,
2010-09-13,52.2435417175293,54.346955608618096,51.42847124189856,53.89998095915045,167314,
2010-09-14,51.428466796875,53.63704958685035,51.00778245024004,52.58534273220623,79219,
2010-09-15,51.08666610717773,52.26983643075752,50.74486054464374,51.29700830042509,51838,
2010-09-16,49.90349960327149,51.53364470481037,49.16730387652826,51.53364470481037,112442,
2010-09-17,49.85091018676758,51.0077862073106,49.45652008722652,50.11383691979496,121627,
2010-09-20,49.90349960327149,50.74486442871633,49.69315739392428,50.219010911320304,78428,
2010-09-21,49.21988296508789,50.40305324795992,48.90437169204405,50.40305324795992,79053,
2010-09-22,48.03671646118164,49.69315578990042,47.72120516331707,49.45652331948795,70994,
2010-09-23,47.80007553100586,48.64144018038608,47.45827001383615,48.37851347670832,72629,
2010-09-24,48.66773986816406,50.42934817633554,47.326811925497545,47.43198101388789,247060,
2010-09-27,48.7992057800293,50.19271432763396,48.64144812727145,48.851790326967325,70597,
2010-09-28,49.06211853027344,49.956067609026334,48.61513997895437,48.90436092252052,68764,
2010-09-29,48.08930206298828,49.32506102562433,47.58974283141399,48.509986477325306,37106,
2010-09-30,47.45827865600586,48.32593773853213,38.91315923040924,38.91315923040924,27658,
2010-10-01,48.14189529418945,48.79921224789524,47.58974744829888,47.58974744829888,41371,
2010-10-04,48.43110656738281,49.16730227007213,48.16817981727548,48.16817981727548,31962,
2010-10-05,47.95783615112305,48.90437402739857,45.93330103947432,47.90525160509523,28814,
2010-10-06,48.29963684082031,48.90436908893233,48.11558894233664,48.37851565786854,67915,
2010-10-07,48.772911071777344,49.92978714201775,47.90525201312517,47.90525201312517,84506,
2010-10-08,48.22076416015625,49.43022881029198,47.90525286375591,48.168179612746826,26662,
2010-10-11,48.40481185913086,48.90437103373029,47.431979763421246,47.431979763421246,13062,
2010-10-12,48.457401275634766,49.43022945724497,48.1155956950842,48.43110699561401,53397,
2010-10-13,48.74661636352539,48.90437401350773,48.37852052949152,48.37852052949152,13812,
2010-10-14,48.772911071777344,50.21900816554972,48.40481523450369,48.641447699616215,52184,
2010-10-15,48.40481185913086,49.35134566552085,48.141885133143056,48.56256548755746,11263,
2010-10-18,47.93154144287109,48.58885823717283,44.17168857707652,44.17168857707652,30589,
2010-10-19,47.72119522094727,48.40480623384823,47.37938971449679,47.37938971449679,22586,
2010-10-20,47.195350646972656,48.27335190441081,46.98500844894281,48.27335190441081,21709,
2010-10-21,46.95871353149414,47.85266276966662,46.56432345372216,47.32680933263732,24365,
2010-10-22,47.01130294799805,48.01042538435388,46.80096074898464,47.58974098632708,23406,
2010-10-25,46.66949081420898,47.721197649458766,46.4591486447704,46.87983298364758,30217,
2010-10-26,46.5117301940918,47.85265792760968,46.27509777615002,46.27509777615002,40457,
2010-10-27,45.591495513916016,47.01130232962286,45.3811573296131,46.3276911948073,26914,
2010-10-28,45.591495513916016,47.589740360343264,43.093691461853794,43.093691461853794,19109,
2010-10-29,44.09280776977539,46.275100230774406,43.09368548513141,43.09368548513141,27870,
2010-11-01,45.3548583984375,45.67036965447275,43.17256585861677,43.17256585861677,41262,
2010-11-02,44.04023361206055,45.223404067309936,43.38291669247755,43.38291669247755,24685,
2010-11-03,46.09106063842773,46.48545076822841,44.224279085927,45.53891285192925,32396,
2010-11-04,45.74924850463867,47.19534544013012,44.90788381728685,45.22339507355087,22423,
2010-11-08,47.090179443359375,48.010423008044114,45.644082413140495,46.61691052198994,45863,
2010-11-09,47.53715133666992,48.64144274802009,46.93241908390047,46.93241908390047,43189,
2010-11-10,46.95871353149414,48.2470528474386,46.4854446357791,48.11558948818127,42429,
2010-11-11,46.85354232788086,47.58973797182262,46.27510432619216,47.11646905700696,32390,
2010-11-12,45.19710540771485,47.22164453347801,44.75013074808359,46.80096014091701,36780,
2010-11-15,43.06739807128906,45.53890766509328,42.1471545399023,45.53890766509328,76871,
2010-11-16,43.06739807128906,45.17081185731595,42.90964043255968,43.11998261355105,86457,
2010-11-18,42.83075714111328,43.64583150287182,42.06827132806922,43.06739357449947,27087,
2010-11-19,42.17344284057617,43.33032277616826,41.64758941856429,43.11998060497486,38607,
2010-11-22,42.69929885864258,43.11998322660637,41.884228412135,41.884228412135,22008,
2010-11-23,42.8570556640625,44.17168927338957,42.12086004045066,42.17344458243507,37142,
2010-11-24,42.436370849609375,43.35661436627824,42.199738407243295,42.33120176676741,19109,
2010-11-25,43.51436996459961,44.64495560594762,42.33119978429328,42.43636886220991,71922,
2010-11-26,41.75276184082031,43.90876003411896,40.12261706110393,43.90876003411896,88201,
2010-11-29,41.83163833618164,42.7518817589341,41.35836948780607,41.54241736996798,79252,
2010-11-30,42.56783676147461,43.59325343441213,40.49071716122801,42.06827757010703,34155,
2010-12-01,43.35662078857422,44.85530651870005,42.12086582838719,42.59413479516672,83632,
2010-12-02,43.488075256347656,44.43461299594987,42.59412606712355,43.88246531252473,81345,
2010-12-03,43.43549728393555,43.987645050827325,42.96222834259169,43.46179156309943,38815,
2010-12-06,43.67213439941406,44.697547110705685,42.594133129025415,43.38291337215552,69501,
2010-12-07,44.17169189453125,44.53978772220823,43.17256948976623,43.17256948976623,54147,
2010-12-08,43.72471237182617,44.09280815849335,43.19885895547695,43.64583355698515,34649,
2010-12-09,41.51612854003906,43.8298845373257,41.01656936409985,43.06739863469353,68716,
2010-12-10,42.383785247802734,43.30402874144833,41.27949385781667,41.27949385781667,21645,
2010-12-13,43.51436996459961,43.90876002470172,42.594126491028014,42.594126491028014,46085,
2010-12-14,43.856178283691406,44.04022618775903,43.43549392129962,43.54066701786928,46434,
2010-12-15,43.93739318847656,44.39761150597288,43.31474293265647,44.39761150597288,54257,
2010-12-16,43.395957946777344,43.991534822831,43.15231004465379,43.85617625414537,19223,
2010-12-20,43.42302703857422,43.558385606812685,41.69043901744811,41.69043901744811,22818,
2010-12-21,43.125244140625,43.85617964182556,42.800384376848754,42.800384376848754,7933,
2010-12-22,43.74789047241211,44.99318680934597,43.01695090653292,43.01695090653292,44718,
2010-12-23,43.61254119873047,44.12690221020378,43.4230358600457,43.4230358600457,14204,
2010-12-24,43.80203628540039,44.39761319724908,42.50259312175674,42.50259312175674,14544,
2010-12-27,44.181034088134766,44.61418314158154,43.31474011205674,43.31474011205674,17600,
2010-12-28,43.50424957275391,44.26225849547577,43.368890984082725,43.368890984082725,9810,
2010-12-29,43.91032409667969,44.15397202788554,42.80038617946252,42.80038617946252,24565,
2010-12-30,43.74789047241211,44.12689280738858,43.34181477173062,43.34181477173062,18992,
2010-12-31,43.88325119018555,44.64125589729108,43.58546067609706,43.58546067609706,12533,
2011-01-03,44.776615142822266,45.12854826544066,43.856178481342674,43.856178481342674,44934,
2011-01-04,45.72412490844727,47.07771065624992,44.39761252792702,45.18269060932621,92674,
2011-01-05,45.4804801940918,46.0219144821167,44.505896823320654,46.0219144821167,18971,
2011-01-06,45.4804801940918,46.45506356486294,44.39761161804199,44.722471364693774,20797,
2011-01-07,44.64126205444336,45.37220175696356,44.01861583498751,44.53297683301184,41137,
2011-01-10,43.28767395019531,45.34512610020263,43.1793887342228,43.42303253556905,13815,
2011-01-11,42.69209289550781,44.28932652782012,41.71751365302066,41.71751365302066,7378,
2011-01-12,42.77330780029297,44.01860828731133,41.69043924838682,41.71751261451075,13132,
2011-01-13,42.80037689208984,43.58545486149247,42.61087160977895,42.77330352866963,12744,
2011-01-14,42.50259399414063,43.20646026038274,41.2302241720716,41.2302241720716,9157,
2011-01-17,41.4738655090332,42.6920926533438,41.2302217324974,41.2302217324974,6921,
2011-01-18,41.14900588989258,42.39430640467617,40.66171420450701,40.66171420450701,7461,
2011-01-19,41.71751403808594,42.23187496546721,40.60757208218001,40.60757208218001,6727,
2011-01-20,44.28932571411133,49.81195371252107,40.6617135630796,40.6617135630796,209375,
2011-01-21,42.80037689208984,44.42467955773552,42.231869306787736,44.42467955773552,47847,
2011-01-24,42.47552108764648,44.560046540787496,41.58215775723299,41.717516338303646,69209,
2011-01-25,42.44844436645508,42.74623071382251,41.71750898369731,42.01529533106474,79444,
2011-01-27,42.20480728149414,42.77331501952322,41.44680247187723,41.74458889542204,19792,
2011-01-28,41.12193298339844,41.9611577915559,40.363928276332686,41.9611577915559,64645,
2011-01-31,40.1473503112793,40.98657091710464,38.71254872806215,39.01033921675805,24554,
2011-02-01,41.36557769775391,42.5025888013073,39.52470041395456,40.60756891844647,39229,
2011-02-02,40.7429313659668,42.20480233408043,39.71420536245694,41.04072188541983,38181,
2011-02-03,41.74457931518555,41.87993787595517,40.28270851119992,41.60922075441594,117417,
2011-02-04,50.02853012084961,50.109746091971694,40.60757247945328,41.01364820424781,957700,
2011-02-07,48.67494583129883,51.11140025313543,46.2926340148954,50.02853162120805,630741,
2011-02-08,46.21141815185547,48.13351163044979,45.80534241391154,47.37550276012459,45702,
2011-02-09,44.93905258178711,46.02192131869764,43.856183844876576,44.80369398967329,184514,
2011-02-10,42.09651565551758,45.64291187432158,40.74292994312152,43.85617708163247,135675,
2011-02-11,41.31143569946289,43.206455609882006,40.93242923888972,41.14900376910073,85019,
2011-02-14,42.15065383911133,43.09816373845918,40.63464047864397,41.06778538271379,160827,
2011-02-15,42.36724090576172,43.044033891476765,41.7716639044958,42.23188230861871,42297,
2011-02-16,42.82745361328125,43.42303053532777,41.82580095381901,41.82580095381901,79354,
2011-02-17,43.395957946777344,44.34346792757678,42.98988224072045,43.314741979402825,31396,
2011-02-18,42.28601837158203,43.82910531383848,42.04237458678951,43.82910531383848,15029,
2011-02-21,43.450103759765625,43.80203689052506,41.55508365809361,42.25894991961247,15862,
2011-02-22,43.58545684814453,43.63959944663752,42.25894459639676,42.77330547830333,21570,
2011-02-23,44.23517990112305,44.34346923776052,42.61087702890337,42.82745157136249,46282,
2011-02-24,43.58545684814453,44.34346561949275,43.1523077985697,44.28932302099977,62171,
2011-02-25,43.88325119018555,44.28932691077031,43.341816896072544,43.4771754696008,40808,
2011-02-28,43.77495956420898,44.09981929752914,42.773306998632,44.09981929752914,34911,
2011-03-01,43.31474685668945,44.28933031329144,42.908671104908,44.28933031329144,19514,
2011-03-03,43.04402923583984,43.31474640084512,42.50259490582928,43.31474640084512,45645,
2011-03-04,42.556739807128906,43.58546591577634,42.01530544792672,42.8003877472597,38312,
2011-03-07,43.17938232421875,43.53131542010904,41.58215290624473,42.23187236726097,7601,
2011-03-08,43.91032409667969,44.23518387413797,42.39431042493561,42.66502759462022,21113,
2011-03-09,45.18268966674805,45.96777186258513,42.96280991282487,43.61253353670547,67017,
2011-03-10,45.967769622802734,46.29262935350633,44.28932423848784,44.93904369989503,59518,
2011-03-11,45.534629821777344,45.94070560044506,44.7224782644419,44.93905283922797,33071,
2011-03-14,47.86279296875,49.64952368110364,44.28932741322683,44.31639664975007,122351,
2011-03-15,45.20976638793945,47.34843033121015,44.66833205994018,45.480483551939095,21168,
2011-03-16,46.319705963134766,47.64621834425647,46.10313141722497,46.18434738829313,17919,
2011-03-17,44.66832733154297,46.72577921247364,44.47882616296622,45.99483964239586,15678,
2011-03-18,43.58545684814453,45.751193834387735,43.31473972486413,44.96611582920077,14916,
2011-03-21,43.395957946777344,44.66832766625917,43.314741979402825,44.56004246363694,6648,
2011-03-22,43.2606086730957,43.9644709030039,42.85453287978908,43.395967270864574,15987,
2011-03-23,43.28767395019531,43.82910829169027,42.9898875408628,43.314747319596535,5362,
2011-03-24,43.58545684814453,44.126891094705336,43.31473972486413,43.34181308951836,15824,
2011-03-25,43.3688850402832,43.80203411699348,43.23352647016321,43.72081814875834,11695,
2011-03-28,42.98987579345703,43.9915282253481,42.77330128987692,43.39595143861409,51495,
2011-03-29,42.66502380371094,43.96446279808522,42.25894808526502,43.04402615526747,18573,
2011-03-30,42.90867233276367,43.85618244736729,42.66502852704926,42.66502852704926,8901,
2011-03-31,43.34181594848633,44.343468544533,43.26059997998184,43.61253308962412,29025,
2011-04-01,43.88325119018555,44.09982160317808,43.36888613228869,44.0186097637138,10728,
2011-04-04,44.88490295410156,45.69705437981818,44.1268941306029,44.316395303773625,21652,
2011-04-05,45.34512710571289,45.69706026165183,44.50590220545974,45.64291765246498,9318,
2011-04-06,45.04732894897461,45.96776967292324,44.83075854881314,44.96611711432186,20512,
2011-04-07,45.12854766845703,45.48048078641988,44.939046491343454,44.939046491343454,19610,
2011-04-08,46.04899215698242,49.7578165507709,44.80369152569406,44.80369152569406,229633,
2011-04-11,44.966121673583984,46.83406841467526,44.56004593588449,46.83406841467526,15440,
2011-04-13,45.18268966674805,46.5633487530305,44.560043540400855,44.69540211235734,12876,
2011-04-15,45.2368392944336,45.96777480360066,44.96612213320016,44.99319137083386,7229,
2011-04-18,46.42799758911133,47.37550774399116,45.2639128583814,45.2639128583814,39890,
2011-04-19,45.50754928588867,47.8898566247542,45.074400243832,47.51085431106616,30935,
2011-04-20,45.99483871459961,47.72743082433278,45.58876301977684,47.375497729323264,12349,
2011-04-21,45.3721923828125,46.37384493196441,45.236833818580735,46.02191183879873,12428,
2011-04-25,45.10147857666016,45.83241405119147,44.85783066460581,45.48048093210133,11520,
2011-04-26,44.749549865722656,45.48048541225638,44.58711790835237,45.04733627981314,7686,
2011-04-27,46.10313415527344,48.99980700275366,44.749548326468094,44.77661756455452,78233,
2011-04-28,45.074405670166016,46.69870857719903,44.80368851899385,45.53462400099552,18453,
2011-04-29,44.72247695922852,45.66998708180037,44.39761717193856,44.47883315146513,11074,
2011-05-02,44.69539642333984,45.42633179270518,44.587107101068696,44.74953901906778,4684,
2011-05-03,43.55839157104492,45.02026678667703,43.36889037572675,44.93905080845031,17758,
2011-05-04,42.82745361328125,43.58546248262046,42.529667217666,42.85452698143537,12676,
2011-05-05,42.69209289550781,43.31474315451715,42.52966508716786,43.31474315451715,4498,
2011-05-06,42.58380508422852,43.802032160905526,41.96115486331937,42.610874318554224,7067,
2011-05-09,42.20480728149414,43.04403220319109,42.01530607908991,42.42138185459172,11722,
2011-05-10,42.50259399414063,43.23352949781296,42.12359162358935,42.12359162358935,3400,
2011-05-11,42.09651565551758,42.93574044952945,41.82579851303837,42.39430616457103,5954,
2011-05-12,41.582157135009766,42.77331097828107,41.47386779328401,42.042375477600224,6265,
2011-05-13,41.41972351074219,41.87994183469837,41.23022233391503,41.555082084306704,9265,
2011-05-16,41.284366607666016,41.961159502873656,41.14900802862449,41.31143997580073,12082,
2011-05-17,41.66336441040039,42.12358683335456,41.284362082948725,41.31143544811622,5639,
2011-05-18,40.905364990234375,41.71751647940528,40.770006408705896,41.71751647940528,6272,
2011-05-19,40.932430267333984,43.20645669546213,40.71585573168144,43.20645669546213,3195,
2011-05-20,40.71585464477539,41.1490037045176,40.60756944524763,40.60756944524763,4481,
2011-05-23,39.17276763916016,41.09486090243175,39.01033984066819,40.71585444431938,7444,
2011-05-24,38.79376602172852,39.76834522296025,38.68547668993679,39.22691095644852,5397,
2011-05-25,38.98326873779297,39.52470302581787,38.82083679905918,39.33520185117232,4030,
2011-05-26,39.44348907470703,39.524705048229606,39.06448670602301,39.14570267954559,2037,
2011-05-27,40.011993408203125,41.419721685061695,38.76669293397304,38.76669293397304,8439,
2011-05-30,40.95950698852539,41.55508391224451,39.66006379898255,39.66006379898255,6597,
2011-05-31,40.47220993041992,41.69043698518173,40.39099396727271,41.69043698518173,7623,
2011-06-01,40.39099884033203,41.0407224930816,40.12028168439038,40.63464675916911,12591,
2011-06-02,40.36392211914063,40.90535633063377,40.20149020336659,40.82414037274676,6443,
2011-06-03,40.28271484375,40.74293319655114,40.17442549962166,40.41807342579834,2779,
2011-06-06,40.255638122558594,40.33685409118722,39.8224931745655,40.1202795517828,6198,
2011-06-07,39.95785903930664,40.25564547088231,39.741284460368384,40.20150285885187,3930,
2011-06-08,39.930782318115234,40.553432631272806,39.79542373398603,40.06614090224444,3913,
2011-06-09,40.33685302734375,40.55342756103624,39.9307773257262,40.49928496031704,12921,
2011-06-10,40.09320831298828,40.4992840050274,39.98491898328852,40.44513727476974,16868,
2011-06-13,39.79542541503906,40.12028520450877,39.60592421541643,39.79542541503906,3912,
2011-06-14,39.90370941162109,40.6075757095803,39.63299224022389,40.6075757095803,7804,
2011-06-15,39.66006088256836,39.849562053796326,39.52470231300328,39.79541945213344,6595,
2011-06-16,38.820838928222656,39.38934661415543,38.712553717004994,39.25398803472535,5338,
2011-06-17,38.41476821899414,42.23188231096575,38.19819776820655,42.23188231096575,5949,
2011-06-20,37.06117630004883,42.23187553375113,36.60095796975446,39.36227208233655,19275,
2011-06-21,37.14239501953125,39.52470694949997,36.276100898856136,39.52470694949997,4746,
2011-06-22,36.92581558227539,37.54846581928591,36.81753038054124,37.35896465084331,5100,
2011-06-23,36.221954345703125,37.33189214696041,35.30151358644808,36.49267148710477,7086,
2011-06-24,36.38438415527344,37.03410780889874,35.842949842660346,35.87002321061739,4801,
2011-06-27,36.492671966552734,36.81753171433963,35.76173650132827,36.27609742442287,5331,
2011-06-28,36.11366271972656,36.81752889504629,36.00537752236144,36.43852657345289,44172,
2011-06-29,36.60095977783203,37.08825149961057,36.411458589033735,36.49267456446618,7957,
2011-06-30,36.54681015014648,37.629678599039714,36.43852495758329,36.95288581848145,5620,
2011-07-01,36.43852615356445,36.97996039578196,36.30316759301007,36.81752847079053,9743,
2011-07-04,36.844608306884766,37.30482666744269,36.54681776903285,36.65510298417018,21002,
2011-07-05,36.57388687133789,37.52139685110503,36.35731233551369,36.35731233551369,6649,
2011-07-06,37.440185546875,37.765045325663706,36.600960665089325,37.00703642127926,13225,
2011-07-07,37.3048210144043,37.7650393052224,37.00703052167847,37.088246486132384,5549,
2011-07-08,36.65509414672852,37.73796256028995,36.62802491487858,37.73796256028995,8148,
2011-07-11,36.05952453613281,37.08825056031947,35.92416595744551,36.600958850882,8060,
2011-07-12,35.73466491699219,36.546816392378375,35.463947758530125,36.00538207545425,6881,
2011-07-13,36.08659744262695,36.81753293202605,35.30151521779271,35.30151521779271,6528,
2011-07-14,35.73466491699219,36.2219566283871,35.30151581112648,35.95123946992504,13264,
2011-07-15,35.897098541259766,36.16781571236786,35.572234631277084,36.11366897349327,5856,
2011-07-18,36.08659744262695,36.276098624202135,35.73466431637822,35.73466431637822,5747,
2011-07-19,36.30317306518555,36.73631804576059,35.9241665600143,36.73631804576059,11006,
2011-07-20,35.95124053955078,37.03410920561667,35.84295119445451,36.005383146690846,7343,
2011-07-21,33.86671447753906,36.22195488183896,32.756774594445226,36.00538033934888,49658,
2011-07-22,34.13743209838867,35.19322939326831,33.73135637462019,34.002073523799176,22178,
2011-07-25,34.029144287109375,34.543507275491024,33.785500509030406,34.11036025674097,5180,
2011-07-26,33.947933197021484,35.05787317001765,33.67721602968544,34.21865036435753,6663,
2011-07-27,33.08163070678711,34.381073688090616,32.75677099416507,33.89378205374988,15213,
2011-07-28,33.1628532409668,34.27279322207264,32.51313162153154,34.27279322207264,10374,
2011-07-29,33.8937873840332,34.81422820049939,33.43356904120812,33.43356904120812,14038,
2011-08-01,33.48770904541016,34.11035928713205,33.108706705657184,33.92085811725557,11620,
2011-08-02,33.24406814575195,33.975003653162766,32.86506370785419,33.975003653162766,6425,
2011-08-03,33.35235977172852,33.568934368008065,32.81092534643807,32.81092534643807,4897,
2011-08-04,32.973350524902344,33.9479318763155,32.62141739489382,33.9479318763155,2915,
2011-08-05,32.3506965637207,32.892130815833184,31.971692174160417,32.48605512674882,6827,
2011-08-08,31.51147651672364,32.43191523523806,29.23745205492561,29.860102322999232,39143,
2011-08-09,31.403186798095703,32.21533818080508,29.3998796409977,30.32031828781654,17745,
2011-08-10,32.486053466796875,32.756770579020184,30.970038051427885,31.700973428267755,26419,
2011-08-11,32.78384780883789,33.785502544541025,32.025840996708844,32.32362946095269,19272,
2011-08-12,32.67555618286133,33.48770755839632,32.51312632083588,32.81091474545049,37750,
2011-08-16,33.21699523925781,34.27279259329413,32.16119995062955,34.27279259329413,17275,
2011-08-17,34.261199951171875,34.43052999593204,32.85011265625663,34.06364643799474,19310,
2011-08-18,32.9912223815918,34.09187093547856,32.76544754633099,33.301661165214114,18975,
2011-08-19,31.495466232299805,32.68078078569683,31.26969356961576,32.00345849134828,32876,
2011-08-22,31.326135635375977,31.749461792610788,30.56414941361259,30.931030791327185,9286,
2011-08-23,32.455013275146484,32.99122696858299,31.04392574144446,31.04392574144446,8774,
2011-08-24,32.73722839355469,33.245220729886505,32.20101473923744,32.20101473923744,9434,
2011-08-25,33.35810470581055,33.75320960170164,32.39856701269448,33.01944459684587,9324,
2011-08-26,32.9912223815918,33.52743600047493,31.890573827705044,32.963001065471296,15972,
2011-08-29,33.18877410888672,33.61210031474789,32.906556638312594,32.906556638312594,18913,
2011-08-30,33.414546966552734,33.724985735158846,32.7654459614368,33.358102183893614,14420,
2011-09-02,33.5838737487793,34.091865977667126,32.79366409343113,33.245213698286136,5534,
2011-09-05,33.414546966552734,33.58387700823349,33.01944210053209,33.07588473004291,14152,
2011-09-06,33.5838737487793,33.8096485512068,32.87833018262847,32.87833018262847,13474,
2011-09-07,34.853851318359375,35.277177447732164,33.30165551065916,33.30165551065916,9632,
2011-09-08,34.1483154296875,34.99496787835744,33.95076405292392,34.99496787835744,4256,
2011-09-09,34.035423278808594,34.62807947993534,34.035423278808594,34.54341553871622,1483,
2011-09-12,33.866092681884766,33.8943139951567,33.44276652336121,33.44276652336121,2348,
2011-09-13,34.007205963134766,34.40231086138594,33.86609722469852,33.89431854175607,2743,
2011-09-14,33.92253875732422,35.61584356357631,33.86609612504185,35.61584356357631,13495,
2011-09-15,33.89431381225586,34.2047525628683,33.86609249913621,34.2047525628683,16761,
2011-09-16,33.95075607299805,34.345858733658645,33.86608998677191,34.345858733658645,1831,
2011-09-19,33.978981018066406,36.010945773331564,33.6685422572826,34.486971130308575,3618,
2011-09-20,33.78142547607422,34.120087683625584,33.66854022670522,34.09186637128333,5080,
2011-09-21,33.89431381225586,34.37408474788253,33.58387506164341,33.86609249913621,5010,
2011-09-22,33.24522018432617,34.09187262888645,32.906557914612954,33.30166281937078,4154,
2011-09-23,32.85011291503906,33.27343910684846,32.17279057751435,33.01944296113315,3098,
2011-09-26,32.37034225463867,33.41454816316957,32.11634825959583,32.737225819042465,2124,
2011-09-27,32.76544189453125,33.01943800210009,32.62433318512056,32.62433318512056,3439,
2011-09-28,32.79366683959961,33.5274339323612,32.76544552521992,32.79366683959961,1441,
2011-09-29,32.455013275146484,33.5838833021081,31.354364568229165,33.5274406620195,7439,
2011-09-30,31.9470157623291,32.99122166117286,31.693021769642577,32.03168186199018,4633,
2011-10-03,31.38257598876953,31.69301687077564,30.733477219911347,31.608350784201605,2049,
2011-10-04,30.535926818847656,31.551911347728403,30.1972667446529,31.24147043437693,3868,
2011-10-05,30.62059211730957,31.523687060431776,30.479483397874965,31.04391827561339,2527,
2011-10-07,30.931032180786133,31.58013317896384,30.564150786590787,30.564150786590787,6490,
2011-10-10,33.132328033447266,33.583875508818544,30.73347978281737,30.73347978281737,14989,
2011-10-11,32.73722839355469,33.30166336585736,31.77768851001045,33.30166336585736,2591,
2011-10-12,32.37034225463867,33.188773330744404,31.89057342717068,32.737225819042465,11495,
2011-10-13,32.42678451538086,32.73722327094118,31.63657481654713,31.89057094496856,6511,
2011-10-14,32.82189178466797,32.991221831717105,32.22923339027346,32.45500822177121,6993,
2011-10-17,32.680782318115234,33.52743468746383,32.28567744845623,33.49921121930023,1286,
2011-10-18,32.539676666259766,32.878336784757515,31.86235427611574,32.1727930769301,11798,
2011-10-19,32.59611511230469,33.47098876694036,32.285676351388574,32.34211897950124,13211,
2011-10-20,32.70900344848633,32.93477612048247,32.201011168485486,32.201011168485486,1870,
2011-10-21,32.62433624267578,32.962998468889694,32.426784892245514,32.962998468889694,1530,
2011-10-24,32.285675048828125,32.737222514956514,32.285675048828125,32.483226392400496,2294,
2011-10-25,32.22923278808594,32.42678630024238,31.805906601798565,32.31389888660274,2832,
2011-10-28,32.65255355834961,33.104103138010366,32.20100613183681,32.426780921667195,2358,
2011-10-31,33.38632583618164,33.80965201929562,32.624337414687496,32.73722482748089,9220,
2011-11-01,32.680782318115234,33.2452172310143,32.48322880671157,32.737224948145816,519,
2011-11-02,32.51144790649414,33.1605488733596,32.257453935514604,32.257453935514604,12960,
2011-11-03,32.567901611328125,33.24522407691175,32.370348059243994,32.370348059243994,9008,
2011-11-04,33.01944351196289,33.86609590970553,32.73722604604868,33.301660977877106,12844,
2011-11-08,32.51144790649414,33.24521496578489,32.51144790649414,32.596113998919435,20377,
2011-11-09,33.52743148803711,34.71274383075486,32.624334421689575,33.04766056596708,21233,
2011-11-11,32.680782318115234,36.06739179550963,32.398564861665704,33.470989904284934,20014,
2011-11-14,32.51144790649414,33.188770186451976,32.398562654124646,33.188770186451976,14677,
2011-11-15,32.003456115722656,32.652554895048226,31.410799959591284,32.201007450050426,3825,
2011-11-16,30.98747634887696,31.8905713123934,30.78992284531832,31.60835386715098,7520,
2011-11-17,30.19726753234864,31.495467388156392,29.632832625201928,30.479484985921985,12458,
2011-11-18,29.011951446533203,29.773937614264653,28.36285052354121,29.63282890519231,4339,
2011-11-21,28.983732223510746,29.60461192617379,27.995971115461128,28.391075989310643,9507,
2011-11-22,29.040180206298828,29.632836505784805,28.475745225236256,28.475745225236256,564,
2011-11-23,28.78618049621582,29.63283286375158,28.58862913838347,28.58862913838347,4150,
2011-11-24,29.068397521972656,29.57638979623732,28.362853892798565,28.362853892798565,2447,
2011-11-25,28.70151329040528,29.237726866444586,28.61684934880848,29.06839683010276,3933,
2011-11-28,28.81439971923828,29.886826834851103,28.56040359678808,28.56040359678808,1729,
2011-11-29,28.50396156311035,29.604610014493755,28.27818674887593,28.87084509795422,1901,
2011-11-30,28.44752311706543,31.04392309661372,28.193526952008888,29.0684007177383,2605,
2011-12-01,28.53218078613281,29.35061173633325,28.503959474708253,29.068394315791583,1538,
2011-12-02,28.53218078613281,28.899064294096195,28.44751685185913,28.645068184979085,2096,
2011-12-05,28.391075134277344,28.955510036164164,27.99597027232692,28.955510036164164,3430,
2011-12-07,28.47574234008789,28.588629755492423,26.86710151515713,26.86710151515713,2186,
2011-12-08,28.50396156311035,28.72973637734476,27.092874357015777,28.24996543538369,2142,
2011-12-09,28.362852096557617,28.391073409307648,27.96774725861276,27.96774725861276,3368,
2011-12-12,28.30641365051269,28.78618249754573,28.221747546613468,28.78618249754573,1392,
2011-12-13,28.362852096557617,28.61684821760418,27.939525945862727,28.30640947105756,14479,
2011-12-14,28.1653060913086,28.58863232222116,28.137082620062248,28.58863232222116,346,
2011-12-15,27.93952751159668,28.221744961208767,27.741976158127525,27.741976158127525,2594,
2011-12-16,27.23398208618164,28.47573921296877,26.86709856469404,28.080634379016303,3425,
2011-12-19,24.94802474975586,26.89532572113181,24.27070239191008,26.528442149297064,12972,
2011-12-20,23.17005157470703,25.681787240994367,23.08538763393334,25.681787240994367,10093,
2011-12-21,23.932043075561523,24.073151815032645,23.141833273263853,23.141833273263853,6148,
2011-12-22,24.073148727416992,24.52469620517952,22.605616733253505,23.14183030509885,4286,
2011-12-23,23.98848342895508,25.34312806032009,23.734487291430604,24.722248373799346,2831,
2011-12-26,24.863357543945312,24.948023642348485,24.270701314568083,24.270701314568083,3604,
2011-12-27,24.66580390930176,25.0326852778508,24.2989203876046,24.44002910315764,3459,
2011-12-28,24.7786922454834,25.117352314304625,24.552917430837105,25.06090968721716,2373,
2011-12-29,24.581138610839844,25.11735217785056,24.355365950568302,24.44002989073956,2832,
2011-12-30,24.581138610839844,25.399569618051128,24.552917297449422,24.552917297449422,2963,
2012-01-02,24.55291748046875,24.97624364392511,22.94427892059388,23.98848259586028,2588,
2012-01-03,24.976242065429688,25.230238178080626,24.581137240544688,24.581137240544688,3200,
2012-01-04,24.806915283203125,25.964006444104182,24.665806552528647,25.964006444104182,2421,
2012-01-05,25.14557456970215,25.399570707405864,24.835135802796845,24.835135802796845,1236,
2012-01-06,25.03268814086914,25.286684288544087,24.94802419374308,25.11735424114358,1992,
2012-01-09,26.16155815124512,27.65731157740494,25.286684440140554,25.51245927346036,1720,
2012-01-10,28.19352149963379,28.72973504368792,26.246220814988867,26.246220814988867,5581,
2012-01-11,28.67329406738281,29.491725148054183,28.221746553161896,28.221746553161896,3568,
2012-01-12,28.10885429382324,29.6328287757786,27.93952427430554,28.92728523349816,5885,
2012-01-13,28.391075134277344,29.26594880157226,27.31865011258136,28.786179996227773,6370,
2012-01-16,28.024194717407227,28.786181000272755,27.375093696337814,28.757959684823724,2187,
2012-01-17,28.61684799194336,29.350612883398703,28.16530053205916,28.27818578216912,2163,
2012-01-18,28.44752311706543,29.26595209436644,28.249969587288778,29.26595209436644,2036,
2012-01-19,28.64507293701172,29.124841770263885,28.39107678575829,28.39107678575829,3273,
2012-01-20,29.35061264038086,29.632830069615288,28.532181664971382,29.096616523440247,2196,
2012-01-23,29.265945434570312,29.576386317410936,29.209502812134577,29.46349891939144,7324,
2012-01-24,29.265945434570312,29.576386317410936,29.09661541411508,29.09661541411508,3577,
2012-01-25,29.74571990966797,30.19726740281878,29.153063690335763,29.153063690335763,5946,
2012-01-27,29.971494674682617,30.423044352545126,29.46350451680995,29.91505204152402,5029,
2012-01-30,29.68927574157715,30.479485485801707,29.49172438209517,30.479485485801707,4074,
2012-01-31,29.576387405395508,30.366594914304176,29.378833913307258,29.915047458763777,5571,
2012-02-01,30.11260032653809,31.269693566113546,29.632831534383545,31.269693566113546,5707,
2012-02-02,29.74571990966797,30.423042225968327,29.68927512730644,30.056158676637384,2627,
2012-02-03,30.0561580657959,30.366596826456163,29.71749799110257,29.71749799110257,3571,
2012-02-06,30.50770568847656,30.535927002637948,29.745719440377982,30.14082429808209,4595,
2012-02-07,32.455013275146484,34.57164457569952,29.68928084783104,30.53593336805225,41463,
2012-02-08,33.35810470581055,34.57164071037282,32.17279217128572,32.73722712165915,16274,
2012-02-09,33.80965042114258,34.59985796704725,33.30165816415884,34.4305279324354,8318,
2012-02-10,35.02318572998047,37.50669804174474,33.358102315083286,33.358102315083286,40805,
2012-02-13,33.95075607299805,35.50295186405843,33.442763861937266,35.13606836127586,9817,
2012-02-14,34.20475769042969,34.882080072577985,33.89431889328003,34.26120247827867,2889,
2012-02-15,33.72498321533203,35.10784906650665,33.329878378832404,34.09186673918486,9784,
2012-02-16,35.3054084777832,36.688274645033424,34.007208420973285,34.37409202868307,23812,
2012-02-17,35.277183532714844,36.06739330510702,33.72498745727539,34.458752444126176,14735,
2012-02-21,34.4587516784668,34.9949652868793,33.9225380700543,34.8256352403144,3962,
2012-02-22,33.414546966552734,34.82563423580624,32.878333373606736,34.82563423580624,6478,
2012-02-23,32.85011291503906,33.72498661414881,32.68078286894497,32.90655554602097,4216,
2012-02-24,32.25745391845703,32.737222700218204,32.22923045223141,32.511447889302254,3133,
2012-02-27,30.81814765930176,32.172792411574825,30.394821443359984,31.97524103872805,3669,
2012-02-28,31.664794921875,31.80590363748612,30.70525737823792,31.72123970000833,1509,
2012-02-29,31.693021774291992,32.342120643578184,31.32613821323797,31.80590703632552,3336,
2012-03-01,31.693021774291992,32.14456928187116,31.523689574945,31.523689574945,2292,
2012-03-02,31.580137252807617,31.77768863261633,31.10036623261015,31.10036623261015,23119,
2012-03-05,31.46724510192871,32.652557509082875,31.18502765706836,32.53967225365732,3131,
2012-03-06,31.04391860961914,32.17278837724165,30.81814379483536,32.088122283410684,10026,
2012-03-07,30.14082336425781,30.846366962174447,29.94326986495225,30.479483429998524,1633,
2012-03-09,33.132328033447266,34.656302646830014,30.253708840802467,31.60835342006452,31235,
2012-03-12,32.285675048828125,33.30165738590404,32.201008956926735,33.30165738590404,3449,
2012-03-13,32.031681060791016,33.86609451361164,31.664797508967567,33.86609451361164,4138,
2012-03-14,32.455013275146484,32.624343348560984,31.74946950829548,31.94702090175427,22935,
2012-03-15,31.495466232299805,32.17278852664836,31.43902360491585,32.17278852664836,2358,
2012-03-16,31.41080093383789,31.6365735867654,31.10036003719687,31.41080093383789,1494,
2012-03-19,30.95925712585449,31.15681065649456,30.5077095821963,30.5077095821963,2405,
2012-03-20,30.479480743408203,31.04391557198984,30.140820707518422,30.564146828954648,6519,
2012-03-21,30.761701583862305,30.874588992781355,30.4794841381388,30.4794841381388,1604,
2012-03-22,30.62059211730957,36.23671742828835,30.479483397874965,33.01944034769788,13840,
2012-03-23,30.564151763916016,31.04392058441584,30.36659825012618,30.36659825012618,2178,
2012-03-26,30.761701583862305,31.58013260709012,30.253709320300697,30.253709320300697,9714,
2012-03-27,30.50770568847656,30.761701822225508,29.91504947849453,30.620593098270344,6003,
2012-03-28,30.19726753234864,31.32613734664204,30.02793749083428,30.761702439495338,9146,
2012-03-29,29.4635066986084,30.45126792406745,29.068401777795057,29.91505425675996,6545,
2012-03-30,30.45125961303711,30.733477029000102,29.689271298048208,29.689271298048208,3396,
2012-04-02,30.45125961303711,30.76169833996681,30.28192959408891,30.507702234970505,2240,
2012-04-03,30.42304992675781,30.479492570258014,30.39482645185888,30.479492570258014,3205,
2012-04-04,30.225486755371094,30.479482876639388,29.99971410002562,30.42304025109005,3803,
2012-04-09,30.33838081359864,30.78992837647364,29.999720679729545,30.112605955586822,1557,
2012-04-10,30.0561580657959,30.479484235736688,29.943270656515377,29.99971543772976,2125,
2012-04-11,29.773941040039062,30.25370984482777,29.51994490385457,29.915049765347305,2177,
2012-04-12,29.60460662841797,30.0843753623565,29.519940544476835,29.548161854741227,3314,
2012-04-13,30.479480743408203,30.818140779297984,29.632828500535755,29.68927112213472,3528,
2012-04-16,29.68927574157715,30.648815530093163,29.661054426386624,30.084380613689422,1418,
2012-04-17,29.773941040039062,30.47948466658028,29.37883617854633,29.37883617854633,1872,
2012-04-18,30.19726753234864,30.931032481009687,30.19726753234864,30.479484985921985,5215,
2012-04-19,29.915054321289062,30.479489308483192,29.68927946515197,29.91505432128906,2437,
2012-04-20,30.0561580657959,30.451262921703616,29.77394061916871,29.915049342482305,3402,
2012-04-23,29.632837295532227,29.915054793584915,29.632837295532227,29.915054793584915,2026,
2012-04-24,30.25370979309082,30.28193326062282,29.20950608885484,29.20950608885484,525,
2012-04-25,29.407060623168945,30.05616168993876,29.124843142512244,29.74572289184609,4305,
2012-04-26,29.011951446533203,30.25370636385141,28.84261927312797,30.22548505266655,3416,
2012-04-27,28.47574234008789,29.09661989509027,28.33463360911932,29.04017726396219,9662,
2012-04-30,28.10885429382324,28.560401730253123,27.93952427430554,28.50395910812989,10183,
2012-05-02,27.79841995239257,29.23772857513552,27.77019863687769,28.58862970569963,5624,
2012-05-03,27.7137508392334,28.108855672925035,27.685529526787164,28.108855672925035,1489,
2012-05-04,27.51620101928711,28.221744635166267,26.528439957056293,28.221744635166267,8524,
2012-05-07,26.75421524047852,27.65731022324348,26.246222966955543,27.092875320728304,7202,
2012-05-08,26.584884643554688,27.93952935219311,26.52844201117325,26.838880795567945,2071,
2012-05-09,26.16155815124512,27.092876647253817,25.51245927346036,26.52844171710269,6027,
2012-05-10,25.87933921813965,26.867100289872432,25.7100091793294,26.274444077462416,3112,
2012-05-11,25.484235763549805,25.907561924717424,25.456012296953407,25.82289583122462,872,
2012-05-14,25.59712600708008,25.87934350287213,24.976248377597003,25.51246205023164,1748,
2012-05-15,24.7786922454834,24.976243593437747,24.327142616190816,24.835134872570865,2508,
2012-05-16,25.20201873779297,25.51245749713182,24.468251657167016,24.4964751242282,1475,
2012-05-17,24.976242065429688,25.512455602548755,24.94802075361249,25.48423429073156,1217,
2012-05-18,24.7786922454834,25.117352314304625,23.73448641917956,24.976243593437747,2853,
2012-05-21,27.770198822021484,28.673293843409024,23.311162040193125,24.835136772789426,12129,
2012-05-22,26.61310386657715,27.657307471062104,26.246220355191586,27.657307471062104,1444,
2012-05-23,25.45601272583008,27.233983493948163,25.25846137521617,25.42779141190641,1925,
2012-05-24,25.45601272583008,25.964004989049027,25.1173526524496,25.42779141190641,3693,
2012-05-25,25.56890296936035,25.96400786753956,24.97624669866577,25.90756523343473,1565,
2012-05-28,26.78243827819824,27.14931969654986,25.11735477801477,25.39957224743067,5575,
2012-05-29,25.907564163208008,26.979989238937765,25.7946767465132,25.85111937828641,4809,
2012-05-30,25.822898864746094,26.41555512937288,25.371351337085144,25.512460074050967,1316,
2012-05-31,26.105113983154297,26.415552745837832,25.45601299042197,25.540679086221232,1555,
2012-06-01,26.923545837402344,28.673293210126143,26.810658423935056,27.657310795217214,11473,
2012-06-04,26.076892852783203,27.3750926942521,25.907562813139133,27.3750926942521,5358,
2012-06-05,26.387331008911133,26.979987210567195,26.13333487873048,26.52843973088392,1342,
2012-06-06,26.81065559387207,26.951764307524027,26.18977811506269,26.18977811506269,2760,
2012-06-07,26.44377517700196,27.00821009777594,25.99222767101244,26.92354615154885,2733,
2012-06-08,26.274444580078125,26.81065817419162,26.04867190839497,26.274444580078125,3376,
2012-06-11,26.72599220275879,26.97998834360616,26.528440844959903,26.81065830075735,2003,
2012-06-12,26.04867172241211,27.008209338224137,25.964005625417737,27.008209338224137,1778,
2012-06-13,26.302669525146484,26.86710451197923,26.21800556901073,26.528444381139025,583,
2012-06-14,26.24621963500977,26.52843705043998,26.18977701318293,26.52843705043998,2956,
2012-06-15,26.076892852783203,26.471997714051547,25.964005441971064,26.18978026359534,1728,
2012-06-18,25.68178939819336,26.754216629926727,25.51245934927451,26.246224330021786,2241,
2012-06-19,25.851118087768555,25.851118087768555,25.568900636694337,25.568900636694337,686,
2012-06-20,27.375093460083008,29.63283312689398,25.738231340385724,25.738231340385724,21306,
2012-06-21,27.06465721130371,27.516204756159706,26.72599493780032,27.12109984698001,2648,
2012-06-22,27.205760955810547,27.629087105061284,26.81065611921356,26.97998614828423,2622,
2012-06-25,27.205760955810547,27.65730841771504,26.97998614828423,27.00820746093798,2044,
2012-06-26,26.584884643554688,27.0928769475812,26.52844201117325,26.86710211175866,1632,
2012-06-27,26.5566635131836,27.09287713715276,26.415554778094258,27.09287713715276,1418,
2012-06-28,26.359113693237305,26.9799913028316,26.189783631816,26.41555632932822,1117,
2012-06-29,26.584884643554688,26.923546897288496,26.27444585916,26.61310811289381,1910,
2012-07-02,27.40331077575684,29.23772398730691,26.52843721318564,26.697767232852964,20417,
2012-07-03,31.29792022705078,32.03168527406484,28.814405441458568,29.01195897732873,451659,
2012-07-04,30.14082336425781,31.80590453282252,29.745718518794863,31.49546578036884,54263,
2012-07-05,29.4635066986084,30.28193785890419,29.322397952114247,29.80216682893492,12022,
2012-07-06,29.51994705200196,29.91505194224621,29.06839952878641,29.88683062576057,13922,
2012-07-09,29.35061264038086,30.987474591199803,29.12483783573407,29.37883395267468,19522,
2012-07-10,28.84262466430664,29.717500546602825,28.391077141502805,29.35061697317872,11956,
2012-07-11,28.757959365844727,29.35061559629408,28.306411864223715,28.842623311252733,14152,
2012-07-12,27.770198822021484,28.50396379604241,27.375093942733795,28.22174633271525,124648,
2012-07-13,27.544422149658203,28.560404519121143,26.810657224665427,28.560404519121143,180130,
2012-07-16,27.09287452697754,28.05241426377097,26.61310573515493,27.09287452697754,6923,
2012-07-17,26.923545837402344,27.57264469682967,26.669549695388028,27.2057632944964,28343,
2012-07-18,26.16155815124512,26.81065918217826,26.07689420361148,26.72599308139624,12571,
2012-07-19,26.302669525146484,27.37509686138814,26.24622688772265,26.9799919399755,8804,
2012-07-20,26.302669525146484,26.528444381139025,26.133339459726383,26.528444381139025,2580,
2012-07-23,25.540679931640625,26.359110989914026,25.45601383303884,26.07689353210584,3083,
2012-07-24,26.020450592041016,26.44377680874329,25.90756532343919,25.90756532343919,1431,
2012-07-25,25.62534523010254,26.076892717866603,25.42779172391633,25.96400530763852,3677,
2012-07-26,25.11735725402832,25.907567107549337,24.89158239497985,25.51246218078883,6433,
2012-07-27,25.00446891784668,25.73823395342508,24.83513885627452,25.202022450638,4188,
2012-07-30,24.3271427154541,25.08913110313336,24.01670395890991,25.08913110313336,10830,
2012-07-31,23.42405128479004,24.552921226225703,23.28294254211058,24.552921226225703,28603,
2012-08-01,24.073148727416992,24.27070007607928,23.621599096506245,23.649822563299328,9788,
2012-08-02,24.35536193847656,24.694021949670045,23.67803976294176,23.67803976294176,2772,
2012-08-03,24.186033248901367,24.552916774608804,23.93203928064807,24.552916774608804,3023,
2012-08-06,24.3271427154541,24.581138844680524,24.10137005303479,24.10137005303479,6739,
2012-08-07,24.750471115112305,24.863358533091457,24.27070228013641,24.49647711609472,6292,
2012-08-08,24.383588790893555,24.77869366254601,24.27070137711452,24.72224887908233,3856,
2012-08-09,24.21426010131836,24.49647757497872,24.21426010131836,24.327145368263743,2079,
2012-08-10,24.10137367248535,25.032690081979407,23.87559882301183,23.903820140908884,2190,
2012-08-13,24.157814025878903,24.496476268092792,24.044926611807607,24.157814025878903,3154,
2012-08-14,24.72224807739257,24.835135487510914,23.93204051286073,24.214257961582447,4924,
2012-08-16,24.27070045471192,24.6658053113485,24.129591731138007,24.41180917828581,2152,
2012-08-17,24.10137367248535,24.55292121828385,23.76271139827507,24.27070373301622,5698,
2012-08-21,24.0449275970459,24.270702434439592,23.988484964271688,23.988484964271688,1637,
2012-08-22,22.66206169128418,24.524696397368903,22.12584811523676,23.903816726575176,23029,
2012-08-23,23.31116104125977,27.036432689431305,22.52095346969485,23.678044589122663,15474,
2012-08-24,23.00072288513184,23.395827757960088,22.774948056901884,23.198274244971795,4056,
2012-08-27,22.91605567932129,23.70626538680749,22.859613051564374,23.70626538680749,2495,
2012-08-28,22.154067993164062,23.00072027315759,21.928293190573218,22.859611559825336,4627,
2012-08-29,21.92829322814941,22.549172859764127,21.75896320249016,22.154068031127142,6289,
2012-08-30,21.843629837036133,21.90007246261513,20.545430070385788,21.87185114982563,11019,
2012-08-31,21.843629837036133,22.37984339262923,21.730742432729983,21.90007246261513,1641,
2012-09-03,22.323400497436523,24.27070138828941,21.44852680825576,21.44852680825576,4253,
2012-09-04,22.323400497436523,23.11361024110528,21.928295625602143,23.11361024110528,3181,
2012-09-05,21.87185287475586,22.577396515877016,21.78718677656199,22.577396515877016,915,
2012-09-06,22.154067993164062,22.408064107791738,21.815407942425885,21.815407942425885,682,
2012-09-07,21.87185287475586,22.4080664726376,21.75896546154681,22.069404233010456,1023,
2012-09-10,22.154067993164062,22.29517670649632,21.75896316520413,22.012959279831804,5201,
2012-09-11,22.40806198120117,22.577391990500345,21.730739790856585,22.577391990500345,8296,
2012-09-12,24.242481231689453,26.41555490090925,22.210514145066632,22.577397719264045,99244,
2012-09-13,23.76270866394043,24.637584490118435,23.706266034641075,24.32714356952712,9797,
2012-09-14,23.9038143157959,24.38358521572477,23.36760294697541,23.70626298550919,8087,
2012-09-17,24.891578674316406,25.25846222714317,22.97250127185261,24.83513604456536,18764,
2012-09-18,25.20201873779297,25.51245749713182,24.89157782530588,25.173795270731787,15150,
2012-09-20,24.298921585083008,24.94802256987469,24.21425764346772,24.94802256987469,4765,
2012-09-21,24.383588790893555,24.77869366254601,24.24248006195684,24.27070137711452,7270,
2012-09-24,24.52470016479492,26.3873351570132,24.383591420639767,24.55292148299624,11479,
2012-09-25,24.835134506225582,24.97624322501096,24.270699631084096,24.270699631084096,5865,
2012-09-26,24.383588790893555,25.06091112041944,24.32714400742987,24.41181010605123,4473,
2012-09-27,24.49647521972656,25.089131426801767,24.41180912450943,24.524696533749527,2366,
2012-09-28,24.41180992126465,25.39957101634472,24.15781378047154,25.39957101634472,19988,
2012-10-01,24.52470016479492,24.94802639726037,24.157816568732105,24.157816568732105,2459,
2012-10-03,25.14557456970215,26.302665693520986,24.524697035891545,24.552918350492337,25524,
2012-10-04,25.343128204345703,25.540679560682825,24.86335724115108,24.86335724115108,6992,
2012-10-05,25.25846290588379,25.456014268469342,24.722249296246527,25.456014268469342,6837,
2012-10-08,25.427793502807617,25.82289838967273,24.75047114720292,24.86335856532844,10215,
2012-10-09,28.41929626464844,29.80216219594292,26.24622276772016,26.387331492277795,402736,
2012-10-10,27.65730857849121,29.999714145887992,27.149316335178032,27.93952601296561,131335,
2012-10-11,27.770198822021484,28.10885891675472,27.26220652677326,27.26220652677326,14934,
2012-10-12,26.923545837402344,27.91130693723153,26.810658423935056,27.48798075159045,10939,
2012-10-15,26.274444580078125,26.92354558660735,26.10511453802868,26.83887948900848,10028,
2012-10-16,26.105113983154297,27.121096367004167,26.02044788735504,26.471997527420093,8154,
2012-10-17,26.302669525146484,26.83888319326732,26.24622688772265,26.83888319326732,4177,
2012-10-18,26.41555595397949,26.66955211907659,26.020451047511614,26.13333847123794,5232,
2012-10-19,25.79467391967773,26.18977875823589,25.48423517264924,26.18977875823589,14692,
2012-10-22,25.62534523010254,25.992226621908475,25.45601303818629,25.597121762684324,3726,
2012-10-23,25.87933921813965,26.387331487718672,25.258461691452634,25.399570415985888,10022,
2012-10-25,27.23398208618164,28.673290553370943,26.50021719635456,26.50021719635456,114478,
2012-10-29,25.96400260925293,27.121093599253072,25.597119102428184,26.41555005008859,9731,
2012-10-30,25.286680221557617,25.79467243520452,24.83513278339817,25.79467243520452,17941,
2012-10-31,25.08913230895996,25.79467595008286,24.6093613411074,25.11735362397521,8436,
2012-11-01,25.25846290588379,25.68178909983715,24.976245443248217,25.68178909983715,10843,
2012-11-02,25.39957046508789,25.851117953837576,25.004465605001315,25.822896639506023,25912,
2012-11-05,25.96400260925293,26.83887617958728,25.540676479754243,25.82289389942004,72792,
2012-11-06,26.584884643554688,27.064655631390483,26.1051158088673,26.584884643554688,19087,
2012-11-07,26.330886840820312,26.9235430078014,26.10511203761414,26.641325580367727,26098,
2012-11-08,26.359113693237305,26.697773816079906,25.96400878115523,25.96400878115523,4830,
2012-11-09,25.62534523010254,26.81065765462673,25.45601303818629,26.81065765462673,9453,
2012-11-12,25.76645278930664,26.16155547751392,25.62534407119028,25.96400413341028,3180,
2012-11-15,26.105113983154297,26.415552745837832,25.540679086221232,26.415552745837832,16965,
2012-11-16,26.105113983154297,27.65730994972023,25.96400525892104,27.65730994972023,82266,
2012-11-19,26.105113983154297,26.75421497588663,26.02044788735504,26.18978007895356,8426,
2012-11-20,25.68178939819336,26.246224330021786,25.45601456420264,26.02044949603106,3148,
2012-11-21,25.314905166625977,25.935784867225653,25.004466392900305,25.39957126543677,5878,
2012-11-22,24.919801712036133,25.625345337482816,24.835135615723225,25.28668310537945,8918,
2012-11-23,25.11735725402832,25.51246218078883,24.83513975679205,25.51246218078883,4354,
2012-11-26,25.173797607421875,25.34312981291381,24.948024922013342,25.17379760742187,4908,
2012-11-27,25.39957046508789,25.65356660036842,25.14557432980736,25.56890050422549,6807,
2012-11-29,25.62534523010254,25.935783993368567,25.258461685148344,25.90756267909861,8707,
2012-11-30,25.45601272583008,26.1051137118156,25.37134878405908,26.07689239789193,14204,
2012-12-03,26.020450592041016,26.41555549159284,25.31490689753721,25.31490689753721,17559,
2012-12-04,26.72599220275879,27.657310668149687,26.584883474860067,26.81065830075735,62933,
2012-12-05,27.51620101928711,27.657309742462942,26.528439957056293,26.528439957056293,35825,
2012-12-06,27.12109565734864,27.290425691368178,26.697769495725662,27.205761750932503,10081,
2012-12-07,26.69777107238769,27.0928759438654,26.528441028368203,26.9517672149911,11902,
2012-12-10,26.105113983154297,27.205762462803428,25.96400525892104,26.5848827842881,18303,
2012-12-11,26.020450592041016,26.78243907399421,25.9640079577401,26.246225435541625,11316,
2012-12-12,26.9799861907959,27.798417177933203,25.99222517432112,25.99222517432112,43350,
2012-12-13,26.218000411987305,27.06465272570176,26.13333431935659,27.06465272570176,7482,
2012-12-14,26.105113983154297,26.500218841637096,26.02044788735504,26.18978007895356,5358,
2012-12-17,25.851118087768555,25.99222681330566,25.34312796772393,25.96400549882789,18865,
2012-12-18,25.907564163208008,26.24622426014406,25.568901913123568,25.597123229010176,8128,
2012-12-19,25.822898864746094,26.500221232811747,25.5971240243414,26.443776446136347,10182,
2012-12-20,25.51245880126953,26.189781135544507,25.42779270205453,25.68178884655119,9147,
2012-12-21,25.25846290588379,25.73823173110492,25.17379680583377,25.568901684153246,12294,
2012-12-24,25.45601272583008,25.964004989049027,25.230240061292506,25.230240061292506,10265,
2012-12-26,25.87933921813965,26.359110173441675,25.456013044539883,25.540679140519146,12124,
2012-12-27,28.50396156311035,30.19726621042384,26.528439474577947,26.528439474577947,715711,
2012-12-28,32.285675048828125,32.8783312326934,28.84262104415932,29.23772588445222,1545203,
2012-12-31,31.91879272460937,32.76544506294463,31.0439190722926,32.65255765387028,350735,
2013-01-01,31.439027786254883,32.17279280557693,31.10036551746497,31.749466584450925,117634,
2013-01-02,29.971494674682617,31.49546945459749,28.27818984214352,31.467248138018192,98716,
2013-01-03,29.43528175354004,30.169046714280743,29.0966195117878,30.11260193074787,51338,
2013-01-04,29.35061264038086,29.91504749884972,28.391072950354168,28.391072950354168,19871,
2013-01-07,28.95551109313965,29.63283343075808,28.927289777644788,29.040177192772585,11735,
2013-01-08,29.35061264038086,29.60460875732147,28.278185548030773,28.532181664971382,16953,
2013-01-09,28.44752311706543,29.66105700077122,28.44752311706543,29.463505624143085,7236,
2013-01-10,27.88308334350586,28.9837296137076,27.685529847795387,28.475739524340987,15403,
2013-01-11,27.318653106689453,28.64507441023916,27.318653106689453,27.657313223679186,5519,
2013-01-14,28.391075134277344,28.616849956291382,27.121096605032,27.45975883805306,11056,
2013-01-15,27.93952751159668,28.447519782157745,27.854861415453747,27.854861415453747,5789,
2013-01-16,27.34687042236328,28.70151284523516,27.23398301550357,27.77019658322603,9117,
2013-01-17,27.45975875854492,27.657310112374,27.290426565950547,27.31865003348179,10372,
2013-01-18,27.487979888916016,28.137078727972224,27.262205069067093,27.262205069067093,14369,
2013-01-21,27.40331077575684,28.02419038540106,27.09287204750873,27.09287204750873,14053,
2013-01-22,27.205760955810547,27.88308322524136,26.83887743186732,27.29042489377181,19770,
2013-01-23,25.96400260925293,27.0928722879161,25.851115210757005,26.81065486825031,29998,
2013-01-24,25.03268814086914,26.44377545778732,24.66580673035944,26.41555414207863,10785,
2013-01-25,25.56890296936035,25.68179039071848,25.286685492539267,25.399572913897394,5790,
2013-01-28,25.484235763549805,26.13333458545124,25.202018322771394,25.907561924717424,5711,
2013-01-29,25.371347427368164,25.935782288252224,25.14557262175529,25.935782288252224,5547,
2013-01-30,24.976242065429688,25.65356431478282,24.97624206542969,25.032684689064087,3275,
2013-01-31,24.7786922454834,24.976243593437747,24.270699989103345,24.976243593437747,5445,
2013-02-01,24.581138610839844,25.032686084531115,24.44002989073956,24.44002989073956,5435,
2013-02-04,24.27070045471192,25.37134892921804,24.016704321649232,25.37134892921804,1762,
2013-02-05,24.52470016479492,24.52470016479492,23.84737776222048,23.960265188174315,1276,
2013-02-06,23.84737777709961,24.129595265586,23.70626903285641,24.04492915778065,4363,
2013-02-07,23.819154739379883,24.12959352367467,23.1982750176419,23.1982750176419,4853,
2013-02-08,23.17005157470703,23.706265145533266,22.972500226420205,23.706265145533266,5056,
2013-02-11,23.50871467590332,23.73448734621981,23.198273755352176,23.706266031573787,1898,
2013-02-12,22.80316925048828,24.07314768800723,22.577394444781223,23.45226804888687,2186,
2013-02-13,23.00072288513184,23.84737526127166,22.80317152529188,23.84737526127166,1617,
2013-02-14,22.69028282165528,22.94427895069192,22.57739541395585,22.94427895069192,1277,
2013-02-15,23.819154739379883,23.819154739379886,23.254719803153577,23.706267321504946,10771,
2013-02-18,25.00446891784668,25.004468917846683,25.004468917846683,25.004468917846683,3181,
2013-02-19,26.24621963500977,26.24621963500977,26.24621963500977,26.24621963500977,2006,
2013-02-20,27.544422149658203,27.544422149658203,26.92354463308314,27.544422149658203,31614,
2013-02-21,26.387331008911133,28.165301767027536,26.246222286938348,28.165301767027536,10452,
2013-02-22,26.105113983154297,26.246222707387567,25.7100091246715,25.851117848904767,9254,
2013-02-25,25.39957046508789,26.78243639881677,24.83513556586372,26.78243639881677,6251,
2013-02-26,25.343128204345703,25.90756311176411,24.55291847270061,24.83513592640982,7815,
2013-02-27,24.694032669067383,25.794681412947,24.270706394740515,24.863362748168377,2855,
2013-02-28,24.63758659362793,25.117355443079035,24.55292048930198,25.117355443079035,1533,
2013-03-01,23.96025848388672,25.62534162964254,23.70626238484804,24.722244627854792,17942,
2013-03-04,23.4522705078125,23.79093275188118,23.33938309312294,23.64982402180632,14840,
2013-03-05,23.33938217163086,24.01670447987764,22.85961336957803,23.45226958186337,37812,
2013-03-06,23.79093360900879,24.270702447288848,23.42405003633691,23.706267506654225,4014,
2013-03-07,24.806915283203125,25.06091142904686,23.649824122302068,24.552919137359392,34103,
2013-03-08,25.907564163208008,26.52844172530689,25.286684447960727,25.51245928135036,98537,
2013-03-11,25.11735725402832,26.24622724297341,24.83513975679205,25.456017389452395,9545,
2013-03-12,24.298921585083008,25.625344868538143,24.15781286257597,24.89157778898294,5513,
2013-03-13,23.67804527282715,25.258462614739862,23.64982395751856,24.750470326591905,5513,
2013-03-14,23.932043075561523,24.129594449561697,23.45227206947062,23.621602126206263,5123,
2013-03-15,23.76270866394043,24.27070094022777,23.170052443704066,23.170052443704066,6624,
2013-03-18,23.085390090942383,23.84737640474589,22.29518030739557,23.84737640474589,72878,
2013-03-19,22.69028282165528,23.56515646331642,22.295177971281404,22.77494676256868,3422,
2013-03-20,22.605615615844727,23.367603965479915,21.87185073160752,21.87185073160752,6854,
2013-03-21,22.09762382507324,23.621596100059307,21.81540641812797,23.621596100059307,13892,
2013-03-22,22.323400497436523,23.28294028527764,21.56141422208677,22.323400497436523,17855,
2013-03-25,23.113609313964844,24.552917861418337,22.6056170486762,23.0853879999262,34587,
2013-03-26,22.887834548950195,22.972500644412623,22.182290930590767,22.577395787501693,35710,
2013-03-28,23.79093360900879,24.49647728480207,22.295180155067666,22.379846257422223,11101,
2013-04-01,23.536937713623047,24.750471557427883,22.97250276678868,24.750471557427883,33541,
2013-04-02,23.31116104125977,23.988483354849887,22.605617413175946,23.39582713788913,4441,
2013-04-03,23.39582633972168,24.129591257266217,23.367605026190777,24.129591257266217,2968,
2013-04-04,22.972501754760746,23.170053116190488,22.746726924713872,22.746726924713872,3799,
2013-04-05,22.80316925048828,23.198271930753457,22.32339832664781,22.40806441707499,3544,
2013-04-08,22.71850204467773,23.00071946138181,22.5773933363257,22.85961075302977,1201,
2013-04-09,22.37984848022461,23.5651611120251,22.29518236946087,22.633842506218546,1405,
2013-04-10,22.464506149291992,22.5773935476599,22.266954817009186,22.5773935476599,3154,
2013-04-11,22.436288833618164,23.085389874969632,22.266958782484693,23.085389874969632,3407,
2013-04-12,21.984739303588867,22.577395504964542,21.78718580103149,22.295178061152484,1993,
2013-04-15,21.87185287475586,22.295179059428552,21.589635418307395,22.12584901618914,4705,
2013-04-16,21.92829322814941,22.182289343212336,21.730741890404968,21.84362929189384,2039,
2013-04-17,22.464506149291992,23.36760318308721,21.956516086358462,22.88783227831061,4426,
2013-04-18,22.436288833618164,22.83139372169521,22.04118394554112,22.06940526187196,1007,
2013-04-22,22.746723175048828,22.80316794983013,21.44852349915088,21.73074091361339,2044,
2013-04-23,22.18229103088379,23.057164690975405,21.73074354372181,22.18229103088379,3180,
2013-04-25,23.621597290039062,24.27069821997195,22.15406756125347,22.295176271834706,62661,
2013-04-26,22.69028282165528,23.706265184653645,22.210511877219783,23.706265184653645,4710,
2013-04-29,22.69028282165528,22.69028282165528,22.2387353440058,22.2387353440058,2609,
2013-04-30,22.436288833618164,22.690284986892586,22.23873746615385,22.690284986892586,2372,
2013-05-02,22.66206169128418,22.80317041376254,22.295178151581144,22.52095296880581,2929,
2013-05-03,21.589635848999023,22.88783574393008,21.42030580238164,22.43628823523428,29475,
2013-05-06,22.577396392822266,22.577396392822266,21.58963530063629,22.577396392822266,29327,
2013-05-07,22.69028282165528,23.226496393366368,22.04118184224476,23.226496393366368,43908,
2013-05-08,22.52095413208008,23.33938304221028,22.351621933840946,23.282940411562794,11033,
2013-05-09,22.549177169799805,22.94428207395689,22.351623641147008,22.52095585232041,3621,
2013-05-10,22.436288833618164,22.80317240536437,22.408067517287325,22.464510149949007,4687,
2013-05-13,22.605615615844727,22.91605435688953,22.29517687479992,22.29517687479992,3982,
2013-05-14,23.48048973083496,23.932039349355296,23.057163578333263,23.424047105094,53558,
2013-05-15,22.66206169128418,23.48049055914009,22.295178151581144,23.48049055914009,29040,
2013-05-16,22.40806198120117,22.577391990500345,22.351617209336187,22.464504599918268,6195,
2013-05-17,22.549177169799805,22.97250339143629,22.379847111774914,22.379847111774914,3432,
2013-05-20,21.92829322814941,23.085386401975168,21.44852446325685,22.85961159899744,9313,
2013-05-21,23.36760902404785,23.565160405710547,21.843634148018893,21.843634148018893,8194,
2013-05-22,24.12959289550781,24.722249132487107,22.35162203142158,22.944280421549227,47761,
2013-05-23,24.10137367248535,24.637587325123555,23.311163852476568,23.70626876248096,20738,
2013-05-24,24.49647521972656,25.37134887332789,23.311160652427912,23.50871415688514,51392,
2013-05-27,23.875593185424805,25.0891289467908,23.81915056295812,25.060907635557456,4531,
2013-05-28,23.48048973083496,24.609359470839493,23.141829670092864,23.875594570466177,11642,
2013-05-29,24.66580390930176,25.089130055960894,22.74672451652111,23.311159378733283,9153,
2013-05-30,25.343128204345703,25.90756311176411,24.383588431104755,24.44003106058728,38846,
2013-05-31,25.851118087768555,26.35911036096145,25.54067932221657,25.907562869872365,38805,
2013-06-03,26.076892852783203,26.669549068111586,25.173795719434374,25.964005441971064,9572,
2013-06-04,25.992231369018555,27.036437412902306,25.964010049594386,27.036437412902306,4517,
2013-06-05,25.68178939819336,26.161558228988167,25.25846319932204,25.54068066523625,2319,
2013-06-06,25.71000862121582,26.189779566102967,24.468251441649624,25.54067858608139,5947,
2013-06-07,27.96775245666504,28.1653059889286,25.145577594173137,25.54068250555171,35303,
2013-06-10,27.7137508392334,29.294170173999948,26.97998594989071,28.0806343604788,36700,
2013-06-11,25.992231369018555,27.45976366371091,25.597126437634127,27.45976366371091,4727,
2013-06-12,25.39957046508789,26.838879027479884,25.06091038681269,25.14557432980736,3648,
2013-06-13,25.25846290588379,25.625346468569383,24.77869408066266,25.371350321567693,6000,
2013-06-14,28.24996757507324,28.560406353297445,25.23024158657213,25.23024158657213,44070,
2013-06-17,29.886829376220703,30.479485610234484,26.83887995393792,28.024194575113818,30666,
2013-06-18,29.35061264038086,31.495464671932915,28.278185548030773,30.45126104502476,34892,
2013-06-19,29.294172286987305,29.915049818180805,28.0241937569702,29.068397464836064,15621,
2013-06-20,28.95551109313965,30.42304318350429,28.78618104702213,29.068398508267443,24948,
2013-06-21,28.024194717407227,29.15306456055518,27.6573111571248,28.61685095443023,7559,
2013-06-24,27.600868225097656,28.24996708593696,26.189780936557863,27.99597094337013,10472,
2013-06-25,28.13707733154297,28.47573954450872,26.3873301005718,27.45975721190777,2352,
2013-06-26,27.00821113586425,28.165304490443685,26.867102400247106,27.77019960008596,1886,
2013-06-27,27.57264518737793,27.854862649492944,26.528441438811704,26.641328854287384,10683,
2013-06-28,27.826641082763672,28.757959560597023,27.51620230786867,27.65731103765261,6614,
2013-07-01,30.62059211730957,31.29791440122532,27.99596907456662,29.689273707781894,58224,
2013-07-02,30.394819259643555,30.90281154353636,29.463502943371186,30.197267900989868,10669,
2013-07-03,29.23772621154785,30.338374652838613,29.1248388054658,30.197265933523084,1116,
2013-07-04,29.54816627502441,29.74571978272425,29.06839746931446,29.096618783800643,2356,
2013-07-05,30.98747634887696,31.15680638539276,29.548165655622025,29.661053064348643,70383,
2013-07-08,29.773941040039062,31.04391956781324,29.51994490385457,30.76170211719676,11696,
2013-07-09,29.66104888916016,29.94326629467671,29.35061017372153,29.49171887647981,10097,
2013-07-10,28.81439971923828,30.22548689601928,28.673291001560184,29.463500681816804,1199,
2013-07-11,28.95551109313965,30.140825722258985,28.334633539659297,28.53218490127168,1594,
2013-07-12,28.64507293701172,29.37883792151732,28.56040683554444,29.0683991380513,684,
2013-07-15,28.78618049621582,28.78618049621582,28.193524269570453,28.53218435532543,1815,
2013-07-16,28.84262466430664,28.89906945037489,28.645073295938847,28.645073295938847,2196,
2013-07-17,28.50396156311035,29.350613886767093,27.99596930765702,28.503961563110348,5326,
2013-07-18,28.27818489074707,29.01195191221977,27.967746156434497,28.39107229044657,1926,
2013-07-19,30.705263137817383,32.11635055861508,28.278191051526512,28.729740748700603,69451,
2013-07-22,29.43528175354004,30.761702945911765,29.322394339622623,30.47948548769239,2961,
2013-07-23,29.23772621154785,29.63283105626097,28.9555087729168,29.209504898314385,3274,
2013-07-24,29.54816627502441,29.85860719381727,28.84262264712844,29.06839746931446,19439,
2013-07-25,29.040180206298828,29.858611359469265,29.01195888787541,29.858611359469265,6110,
2013-07-26,28.87084579467773,29.74571945293956,28.56040487932668,29.350614595068595,8145,
2013-07-29,28.84262466430664,29.491725708626696,28.362855825042896,28.67329461239876,6729,
2013-07-30,27.85486221313477,29.06839814247813,27.34687208117463,28.673293271076925,5775,
2013-07-31,27.544422149658203,27.939527002546075,26.669548502430345,27.713752185710657,10271,
2013-08-01,26.95176315307617,27.96774541722221,25.37134605849921,27.26220187918357,12483,
2013-08-02,28.391075134277344,29.068397447171183,27.121096605032,27.23398401603902,22241,
2013-08-05,29.66104888916016,30.11259630735705,27.26220094226945,27.939523146138768,62963,
2013-08-06,28.1653060913086,29.407061312799936,27.318653629483467,29.407061312799936,7373,
2013-08-07,29.80216407775879,29.99971759650268,27.14931945793544,27.741977861018704,40990,
2013-08-08,30.677038192749023,31.043921765785864,28.78618200100144,29.350616942197544,53176,
2013-08-12,32.22923278808594,32.56789502900483,31.043920327740626,32.116347527594634,53984,
2013-08-13,32.1163444519043,32.45500450724236,28.61684788310245,32.00345704907557,12554,
2013-08-14,32.73722839355469,33.58388085200869,31.91879725308611,32.25745952835684,15917,
2013-08-16,31.188051223754883,33.90641092249035,31.01267368223405,33.61411427660682,5064,
2013-08-19,30.01886558532715,30.866526331086234,29.43427227515489,30.866526331086234,3893,
2013-08-20,30.22347068786621,30.924983015698054,29.405039267054693,29.52195836003437,9594,
2013-08-21,29.66811180114746,31.509581701513184,28.820451017962498,29.9896376899289,4397,
2013-08-22,30.165014266967773,30.545000815058884,28.99582763289853,29.34658496114722,6153,
2013-08-23,30.28193092346192,33.84795120654328,29.7557983187769,31.568036562769187,42665,
2013-08-26,30.165014266967773,30.8372974735762,29.58042094993316,30.36962326595781,6411,
2013-08-27,29.28812026977539,30.924983116746954,28.64506860135529,29.814255074879995,3370,
2013-08-28,28.908138275146484,29.638879878511936,28.002019132982607,29.580419212214863,8278,
2013-08-29,29.112743377685547,29.22966247358916,28.089705191109925,28.937365848853265,3706,
2013-08-30,28.674304962158203,29.34658824397085,28.060482356616568,28.93737243026084,2813,
2013-09-02,28.73276710510254,30.281938309590625,28.26509059124881,28.41123894431638,1893,
2013-09-03,28.528152465820312,29.34658397416188,28.235855817133537,28.937368219991097,6444,
2013-09-04,28.177396774291992,29.05428670152071,27.97278778657745,28.411232750191807,4688,
2013-09-05,28.49892234802246,29.405041484360567,28.235854926492976,29.405041484360567,1420,
2013-09-06,28.615840911865234,29.141973514986976,28.41123193005705,28.64507012925316,1408,
2013-09-10,28.29431915283203,29.81426097730334,27.972791024921825,28.32354837444751,20768,
2013-09-11,29.28812026977539,29.434268578965977,28.26508210544128,28.26508210544128,2280,
2013-09-12,29.2004337310791,29.5511887944368,29.08351463327777,29.22966294801786,1857,
2013-09-13,27.855876922607425,29.08352219353172,27.212822832561503,28.382009654412027,27527,
2013-09-16,28.41123390197754,29.22966542592195,27.21281806552404,27.85587204292222,21012,
2013-09-17,28.06047821044922,28.35277485847473,27.82664000001023,28.35277485847473,1282,
2013-09-18,27.70972442626953,28.323546969942992,27.41742776451583,27.797412086767707,5899,
2013-09-19,27.82663917541504,28.265084134460736,27.53434253605124,28.06047737892463,1945,
2013-09-20,27.855876922607425,28.586618686264,27.680497115292336,28.06048372441251,3591,
2013-09-23,27.30051040649414,28.49892635061315,27.21282051031973,27.768184649315376,5198,
2013-09-24,27.70972442626953,28.06047952835535,27.242047983426364,27.271279433638977,591,
2013-09-25,28.002016067504883,28.294312676852343,27.563571153483696,28.23585201695516,650,
2013-09-26,27.91432762145996,28.23585346219004,27.47588268499724,28.11893436645739,5596,
2013-09-27,27.592803955078125,28.3527747921576,27.505114068857,28.060478144815768,2030,
2013-09-30,26.598997116088867,27.972790580615463,26.1313228875296,27.329738795102298,4478,
2013-10-01,27.47588157653809,27.76817818905445,26.45284343273082,27.008207442521144,1311,
2013-10-03,27.505115509033203,28.031250393815657,26.36515807870225,26.36515807870225,2420,
2013-10-04,27.15435791015625,27.738951181720232,26.92051970951212,27.18358712772518,4603,
2013-10-07,26.9205265045166,28.060484117812106,25.75133966627443,25.75133966627443,7013,
2013-10-08,27.125131607055664,28.2650868250512,26.774374268402227,26.891293381286708,3035,
2013-10-09,27.329736709594727,27.85587157035417,26.89129173564401,27.06666927921501,2155,
2013-10-10,27.35896873474121,28.11893965486384,27.03744283354088,27.03744283354088,1354,
2013-10-11,26.80360221862793,28.294316934664,26.598995453313343,27.651262959303256,3938,
2013-10-14,26.77437210083008,27.47588449129804,26.511304675648795,26.89129120424914,5336,
2013-10-15,26.949752807617188,27.15436182015436,26.74514602512669,27.00821348121924,1240,
2013-10-17,26.89128875732422,27.27127525134837,26.365153954836344,26.598992140396778,552,
2013-10-18,27.03743934631348,27.212816885253257,26.30669774235906,26.598994383940827,3304,
2013-10-21,26.68668365478516,28.06047694661112,26.45284545487819,27.154357824552736,4519,
2013-10-22,27.125131607055664,27.475886715662504,26.33592926762038,26.598996714098806,1645,
2013-10-23,27.35896873474121,28.03125198910739,26.68668771042172,26.891294493900112,6792,
2013-10-24,27.18358612060547,28.148165874968043,26.74514118317635,27.183586120605472,1912,
2013-10-25,27.35896873474121,28.17740032874816,26.598997814618592,28.17740032874816,2074,
2013-10-28,27.24205017089844,28.060481781545544,26.89129504064781,28.060481781545544,3615,
2013-10-29,27.00821113586425,27.82664042480168,26.89129202885992,26.94975046733885,1166,
2013-10-30,26.86206245422364,27.417426532611675,26.598995024455984,27.417426532611675,1760,
2013-10-31,27.066669464111328,27.41742678369585,26.686685155452853,27.183588570639504,2343,
2013-11-01,27.125131607055664,27.651264269965925,26.131322492607488,26.131322492607488,4297,
2013-11-05,28.03125190734864,28.08971035101576,26.9497528591334,27.475887772324235,4287,
2013-11-06,28.20662498474121,28.352773300724326,27.826638471166586,27.826638471166586,3376,
2013-11-07,28.38200187683105,28.498920972985896,28.06047603493996,28.206624347621936,5837,
2013-11-08,28.41123390197754,28.557382229107148,28.35277546314429,28.38200468256092,2414,
2013-11-11,29.05428695678711,29.46350270576509,28.29431612585452,29.05428695678711,8806,
2013-11-12,29.638877868652344,31.45111603008934,29.258891368651245,30.632686827846868,44434,
2013-11-13,28.46969413757324,29.931177386626835,28.235855925706083,29.931177386626835,11008,
2013-11-14,28.87890815734864,29.726566606808102,28.11893512948709,28.52815086063261,10351,
2013-11-18,29.37581253051757,30.34039234144866,27.563574241548988,27.563574241548988,5433,
2013-11-19,29.521961212158203,30.135783722045275,29.22966456649327,29.22966456649327,3016,
2013-11-20,29.2004337310791,29.81425620697821,28.70352812293501,29.5511887944368,6950,
2013-11-21,28.87890815734864,29.551189073473257,28.52815086063261,28.52815086063261,1418,
2013-11-22,28.791221618652344,29.22966661792116,28.703531726779943,28.791221618652344,1356,
2013-11-25,29.1419734954834,29.49273079404282,28.70352854481888,28.70352854481888,2156,
2013-11-26,28.64507102966309,29.141974431016227,28.586612593049683,28.96659689112961,3788,
2013-11-27,28.58661460876465,31.538810466836463,28.528153937982623,28.528153937982623,2380,
2013-11-28,28.84967994689941,29.81425983353233,28.528154061370635,28.528154061370635,6205,
2013-11-29,29.346586227416992,29.726570561857443,28.96659966292992,28.96659966292992,5815,
2013-12-02,30.2527084350586,30.86653105874607,29.22966998556386,30.86653105874607,10127,
2013-12-03,30.2527084350586,31.39266601050496,30.106560085130777,30.39885678498641,13718,
2013-12-04,30.720373153686523,31.129588852213107,29.81425411197875,29.81425411197875,9849,
2013-12-05,31.158824920654297,31.948027276412034,30.42808323757119,30.60346079550181,14431,
2013-12-06,31.68495750427246,31.83110583018696,29.90194837412488,29.90194837412488,8531,
2013-12-09,32.97106170654297,33.351045998469765,31.59726616790996,32.15263022692984,41467,
2013-12-10,35.13405990600586,38.37855482530171,33.78949562929545,34.37408898699969,308633,
2013-12-11,36.30324172973633,36.975524892528114,35.39712259339906,35.543270913132375,100736,
2013-12-12,35.71864700317383,36.7709166466437,35.134053747933365,36.30324025841429,27193,
2013-12-13,35.28020477294922,36.71245880436317,34.81253057882638,35.54327220403284,10308,
2013-12-16,36.01095199584961,36.829383635319886,34.4910100711726,34.66638764247428,23439,
2013-12-17,36.12786483764648,36.53708058622144,34.78330071808281,36.27401315999137,32126,
2013-12-18,40.16156005859375,41.18459838791841,35.8940314180382,37.35551474564486,271290,
2013-12-19,38.29085922241211,40.92152893998241,38.0570210221651,40.044639034125645,35266,
2013-12-20,38.23240661621094,39.43082032753402,37.47243346456732,37.47243346456732,10775,
2013-12-23,38.816993713378906,40.16155554770176,37.99856224982567,37.99856224982567,23218,
2013-12-24,38.6416130065918,39.48927589676208,38.58315457349895,38.58315457349895,12575,
2013-12-26,38.29085922241211,40.044639034125645,38.02779403469216,38.75853562290613,21056,
2013-12-27,38.96314239501953,39.75234241866568,37.61857608799816,38.58315587694021,31677,
2013-12-30,40.45384979248047,40.92152616121705,39.63542283733005,40.33693293034252,88119,
2013-12-31,40.1907958984375,40.92153764204546,40.04464754971591,40.51232404966246,11574,
2014-01-01,42.26609420776367,43.84449421548406,40.33693467824534,41.97379757966045,123804,
2014-01-02,39.98618316650391,43.49374301514297,39.460048297189445,43.49374301514297,25576,
2014-01-03,40.83384323120117,41.213829787931225,39.72311501156454,39.75234646211806,11672,
2014-01-06,41.44766616821289,42.90914942900959,40.62923465014815,41.47689315737305,38522,
2014-01-07,42.003028869628906,44.66293024191242,40.921532126866055,42.29532552767795,299333,
2014-01-08,39.84003448486328,43.11375608910192,38.93391308132633,43.11375608910192,57288,
2014-01-09,37.969337463378906,39.86926590916956,37.121678863909686,39.840038916828846,32164,
2014-01-10,37.76472091674805,39.343125278309145,37.47242430832107,39.343125278309145,18647,
2014-01-13,37.32627868652344,38.963141595383,37.15090115487315,37.73549664378464,16446,
2014-01-14,36.97552490234375,37.64780806531401,36.946295684398606,37.150902440061,5570,
2014-01-15,36.97552490234375,37.384740643714935,36.566309160972565,36.71245748074468,7201,
2014-01-16,36.71246337890625,37.12167918602135,36.56631503565419,36.82938249951724,3076,
2014-01-17,37.1509017944336,39.109290583373806,36.53707930806733,36.53707930806733,28878,
2014-01-20,35.981712341308594,36.77091452844887,35.66018651545715,36.56630556287347,12420,
2014-01-21,36.71246337890625,37.64781411374743,35.952492440004924,35.952492440004924,15454,
2014-01-22,35.89402770996094,36.53707941565798,35.77710860982157,36.53707941565798,8810,
2014-01-23,36.44939422607422,38.261632706406616,35.397126649428095,35.7186525436746,20725,
2014-01-24,37.18013381958008,40.74615213732173,36.68323039548455,36.829378723753415,37136,
2014-01-27,35.10482406616211,37.09244199966909,34.5202308186655,36.24478134478975,27323,
2014-01-28,34.46177291870117,35.864795396355504,33.90640887898441,33.90640887898441,9342,
2014-01-29,36.27401351928711,37.26782256708535,34.666381957569705,34.666381957569705,17234,
2014-01-30,35.13405990600586,36.15709828198827,34.666385665851806,34.84176322715374,7577,
2014-01-31,36.85860824584961,37.64781056300536,34.8417608531803,35.0755990723479,22937,
2014-02-03,36.215553283691406,37.5308859024713,35.80633755138065,36.82937576713438,1272,
2014-02-04,35.864803314208984,37.15090920852642,34.49100975008043,35.952493214066884,6373,
2014-02-05,36.06940841674805,36.62477251870876,35.13405776343354,35.543273534880726,4818,
2014-02-06,35.16328430175781,36.390929214568125,34.92944611358145,35.22174273377878,4799,
2014-02-07,35.2509765625,37.0047565131721,34.60792480593884,36.127866537836056,15432,
2014-02-10,36.01095199584961,36.71246451110317,35.134061909294374,35.19252258642614,9637,
2014-02-11,37.29705429077149,37.41397340366726,36.47862496059422,37.41397340366726,29001,
2014-02-12,36.06940841674805,37.998565933517305,35.95248930632791,37.4139726114632,4394,
2014-02-13,35.42635726928711,36.04018209077285,35.28020892703749,35.660195508905176,2924,
2014-02-14,35.367897033691406,35.8063420382413,35.134058805912815,35.54327458950204,5960,
2014-02-17,34.49100112915039,35.66018760810464,33.877178673708656,35.07559436862751,28667,
2014-02-18,33.90641403198242,34.90022316513606,33.38027912912266,33.672575801812165,3775,
2014-02-19,33.35105514526367,34.695619604774485,32.854151615677175,34.05256771589231,8489,
2014-02-20,33.61412048339844,33.78949805730245,32.47416290795208,32.47416290795208,8679,
2014-02-21,33.409507751464844,34.198707808882006,32.9126021119404,33.32181786506452,8146,
2014-02-24,33.64334487915039,34.111019085793174,33.321819001461385,33.321819001461385,4388,
2014-02-25,33.05875015258789,33.38027601655612,32.88337261133671,33.32181757948787,6483,
2014-02-26,33.05875015258789,33.67257266199022,32.91260182987084,33.117210819702564,6398,
2014-02-28,32.91260528564453,33.73103687081267,32.76645694758213,33.02952440210379,6939,
2014-03-03,36.71246337890625,38.43701427528982,32.73722888845977,32.73722888845977,164113,
2014-03-04,35.33866500854492,37.881647171172126,35.07559758068054,37.35551231544334,16228,
2014-03-05,35.2509765625,36.39093397644618,34.666383245609296,35.6601923303328,9651,
2014-03-06,35.66019058227539,36.244783870509416,35.075597294041366,35.075597294041366,10151,
2014-03-07,35.33866500854492,35.95248752019754,34.7248424968923,35.367894227186206,7920,
2014-03-10,35.689422607421875,36.53708338803357,34.05256171764729,35.3678967196165,16717,
2014-03-11,36.7416877746582,36.94629676635889,35.74788095514165,36.24478436489993,48987,
2014-03-12,35.66019058227539,37.12167380286045,35.30943550135354,36.537080514626425,16653,
2014-03-13,35.952484130859375,37.23858970024895,35.66018751190929,36.24478074980945,43128,
2014-03-14,35.397125244140625,36.24478600808086,34.783302701303406,35.51404435469213,9881,
2014-03-18,35.16328430175781,36.18632247244848,35.13405285570109,35.66018766407479,9455,
2014-03-19,35.04637145996094,35.80634236204397,34.60792645144611,34.87099390256434,9135,
2014-03-20,35.04637145996094,36.18632892810881,34.6663848938961,34.78330400884272,21512,
2014-03-21,35.10482406616211,35.98171393740702,34.75406900968265,34.78329822604823,13098,
2014-03-24,35.10482406616211,35.36789147354484,34.81252744241381,34.81252744241381,5745,
2014-03-25,39.19699096679688,39.81081138756228,34.60793123824431,34.78330881989828,243813,
2014-03-26,39.19699096679688,40.22002946149976,38.583166085937584,39.167759511482096,65028,
2014-03-27,39.3431282043457,40.83383834213541,38.70007204990698,39.40158663836033,33940,
2014-03-28,39.63542938232422,40.04464292747282,38.75853939121168,39.31390126821237,11497,
2014-03-31,39.66465759277344,40.04464415929636,38.75854058347306,40.04464415929636,11323,
2014-04-01,39.48927688598633,40.044638704419306,38.90468362022838,40.044638704419306,9923,
2014-04-02,38.7000732421875,39.72311147928559,38.58315637055625,38.729304690141696,12620,
2014-04-03,39.167755126953125,40.33694184716068,38.40778197478085,38.583161766849344,12704,
2014-04-04,38.72930908203125,39.986185665013934,38.58316074587264,39.75234743514151,14882,
2014-04-07,39.10929489135742,39.51850844064657,38.29086333268596,39.02160499934027,12724,
2014-04-09,39.78157806396485,40.804616395924775,38.58315994820309,38.58315994820309,24460,
2014-04-10,39.72311019897461,40.307703458474414,39.6061933311117,39.75234164598665,9336,
2014-04-11,39.75234222412109,40.570773691342126,38.93391075690006,38.93391075690006,36694,
2014-04-15,39.3431282043457,40.83383834213541,39.16774844220921,39.63542483451144,12261,
2014-04-16,40.10309982299805,41.21382799429553,39.16775142720284,39.16775142720284,15831,
2014-04-17,42.49993896484375,45.59828581035402,39.78158318653226,39.78158318653226,221750,
2014-04-21,42.58761978149414,43.20144451278161,41.886109625816566,43.20144451278161,32364,
2014-04-22,41.82765197753906,42.67531046996002,41.15536879729509,42.44147226029783,16336,
2014-04-23,41.44766616821289,42.79222809209008,40.97998974072076,40.97998974072076,13978,
2014-04-24,41.44766616821289,41.44766616821289,41.44766616821289,41.44766616821289,0,
2014-04-25,40.921531677246094,42.82145993368966,40.39539680652004,40.39539680652004,14412,
2014-04-28,40.5123176574707,41.50612448793333,39.84003446740813,40.62923453396292,14869,
2014-04-29,40.83384323120117,41.97380290139133,39.95695323571327,39.95695323571327,7326,
2014-04-30,42.11994934082031,44.10756300651504,40.92153128348119,42.090717891580645,90185,
2014-05-02,42.44147109985352,43.90295429516592,42.09071602499709,42.09071602499709,18884,
2014-05-05,42.70454406738281,43.25990594069229,42.003029403099504,42.09071929364656,17982,
2014-05-06,42.70454406738281,43.55220260245373,42.44147439574166,42.67531261716943,13793,
2014-05-07,42.67531204223633,43.43528513661474,42.67531204223633,42.67531204223633,30546,
2014-05-08,42.67531204223633,43.49374357616084,42.67531204223633,42.7045434920559,16155,
2014-05-09,43.28913497924805,43.84449682161807,42.52916191696952,42.52916191696952,105431,
2014-05-12,42.96760559082031,44.8383022814856,42.67530895414807,44.45832022188586,41560,
2014-05-13,42.70454406738281,43.72758238354783,42.52916428628871,43.72758238354783,27450,
2014-05-14,42.96760559082031,43.17221234447234,42.23686399913969,42.79222582477988,33227,
2014-05-15,42.67531204223633,43.2599053578834,42.26609850532059,42.26609850532059,26032,
2014-05-16,42.67531204223633,43.23067390806383,42.47070527377846,42.79222892132852,30608,
2014-05-19,44.7506217956543,46.18287368932389,42.29532710067229,42.49993387689749,53551,
2014-05-20,49.28121948242188,50.85961968872433,44.13679639653663,44.42909306141436,237268,
2014-05-21,49.4858283996582,50.50886677105063,48.52124847175524,48.52124847175524,42612,
2014-05-22,50.85961532592773,51.26882883761648,49.398132126906816,49.690428766711,50048,
2014-05-23,52.64263153076172,55.18561164261039,50.91807851874981,51.1519167444574,132079,
2014-05-26,51.44421005249024,53.72412479910781,51.38575161490371,52.642628093432,40158,
2014-05-27,48.5212516784668,54.04565746504996,46.79670295104068,54.04565746504996,32441,
2014-05-28,49.515045166015625,51.29805631484197,47.35205198293105,48.22894183446681,18582,
2014-05-29,50.2750244140625,51.44421102834302,49.8073479843131,51.38575258964759,32592,
2014-05-30,49.19353103637695,51.32729764469873,48.81354446885226,49.10584114231845,14344,
2014-06-02,48.63815689086914,50.21656135084592,46.70900183102095,50.21656135084592,57849,
2014-06-03,49.45658493041992,50.27501632068204,48.60892655556161,48.60892655556161,29301,
2014-06-04,53.28567886352539,54.36717554964493,49.39813262306448,49.39813262306448,69558,
2014-06-05,53.256446838378906,54.36717496077897,52.64262657132901,53.19798840248264,57062,
2014-06-06,53.66566848754883,55.47790688508236,53.19799204814331,53.8410438072561,36968,
2014-06-09,54.92253875732422,56.1209568065002,52.73031388207031,54.95177020636478,48509,
2014-06-10,55.740966796875,58.40086793051317,55.27329486201172,55.53636004661652,85506,
2014-06-11,54.893310546875,59.04392199297656,53.782582409444,55.74096902907367,88453,
2014-06-12,53.31490707397461,56.06249825477439,52.90569354879458,55.536363393762265,23575,
2014-06-13,50.7426986694336,54.60101343920786,49.92426718248929,53.31490554255458,25667,
2014-06-16,50.158111572265625,50.85962181323848,49.16430019411186,49.2519900892568,18310,
2014-06-17,51.1226806640625,52.49647844314912,49.92426711349034,50.12887386992043,10196,
2014-06-18,52.35033416748047,52.993385934554944,50.56732273777597,50.684239619028375,15483,
2014-06-19,52.64263153076172,55.82866341823636,51.56113029437578,53.78258674845807,59047,
2014-06-20,51.94111251831055,54.3671755448577,51.91188553009481,54.3671755448577,6643,
2014-06-23,51.327293395996094,52.613396868750606,50.56732032385475,51.91188669453776,18157,
2014-06-24,53.4610595703125,55.419450842455696,50.56732429908429,52.61340100482759,47211,
2014-06-25,52.49647903442383,54.10411057605594,51.91188574655761,53.25644763259422,9866,
2014-06-26,52.554935455322266,53.78258042073352,52.02880062440526,52.61339388984801,17090,
2014-06-27,51.88265609741211,52.61339773258693,51.35652122806764,51.824197658616725,14487,
2014-06-30,52.174949645996094,53.782581147693456,51.23960130066345,51.23960130066345,11228,
2014-07-01,54.19179916381836,55.24406892742561,52.32110231750891,52.32110231750891,239341,
2014-07-02,52.93492126464844,55.41944260967989,52.350328006993976,55.41944260967989,27128,
2014-07-03,53.08107376098633,54.308718806760616,52.61339733398043,53.0518423117636,9759,
2014-07-04,53.95796585083008,55.47790760858026,52.84723763782655,55.47790760858026,20360,
2014-07-07,52.90569686889648,54.95177354338419,52.37956197486672,54.95177354338419,10100,
2014-07-08,51.29806137084961,56.23787290400539,50.85961640186799,52.17495130881285,62149,
2014-07-09,49.4858283996582,51.73651192470288,48.842776601087344,49.98273185945871,29435,
2014-07-10,50.158111572265625,52.02880852158879,47.52744147847743,49.69043510488817,21848,
2014-07-11,48.60893249511719,51.67804723854795,48.31663585288568,49.69042917935518,14680,
2014-07-14,46.27055740356445,49.63196864729647,45.89057089268926,47.936647301917446,19289,
2014-07-15,47.67359161376953,48.462791779631125,46.475173408506485,46.475173408506485,10381,
2014-07-16,48.49201202392578,48.95968844384444,47.23514000806856,47.23514000806856,12851,
2014-07-17,48.63815689086914,50.158102917534016,47.7612670109129,48.11202653096945,12543,
2014-07-18,48.75508499145508,49.69043343467743,48.112033215495536,48.63816364849404,6958,
2014-07-21,50.83038330078125,52.905691203864976,48.40432478602626,48.75507985779024,48092,
2014-07-22,50.2750244140625,52.84723585749824,49.89503787240273,50.742700843811896,30808,
2014-07-23,49.368900299072266,50.830383486849335,49.10583510930949,49.98272502197573,14473,
2014-07-24,49.7488899230957,49.98272813974469,48.638161739082776,49.10583817238075,13833,
2014-07-25,48.87199401855469,50.65500518629082,47.93664572568183,50.65500518629082,23349,
2014-07-28,48.14125442504883,49.515047704191296,47.93664767455402,48.52124093887785,17468,
2014-07-30,46.88438034057617,49.0766051905425,46.650546591320726,48.52124334592152,15786,
2014-07-31,47.20590591430664,48.25817557011771,46.27055758697048,46.79669241487602,7423,
2014-08-01,46.85515594482422,48.053569586400926,46.29978960937763,47.059762716791646,10287,
2014-08-04,47.05975341796875,48.37508814083122,46.796688257433146,46.972063544426135,13448,
2014-08-05,47.70280838012695,47.87818813942922,46.79669151731208,47.05975669617292,6169,
2014-08-06,47.79050827026367,48.404333096304455,47.35206324026125,47.35206324026125,7187,
2014-08-07,47.52744674682617,47.93666035607218,47.43975684196093,47.49821529183981,85577,
2014-08-08,46.59208679199219,47.79050490703146,45.59827991129608,46.35825302718828,146193,
2014-08-11,47.29359817504883,48.37509487232081,45.598276737655866,46.796694769285246,87267,
2014-08-12,47.87819290161133,48.345864872779885,46.7674647224349,46.7674647224349,106425,
2014-08-13,47.26436233520508,49.60273528398547,46.88437583900978,48.98891506098608,26063,
2014-08-14,47.67359161376953,48.05357374022968,47.11822523031618,47.11822523031618,102670,
2014-08-18,49.13506317138672,53.02260461492344,48.55046993655805,53.02260461492344,11762,
2014-08-19,49.60274505615234,50.21656986017294,49.10584159866075,49.10584159866075,107333,
2014-08-20,48.9012336730957,49.86581357394611,48.34586732528815,48.34586732528815,4454,
2014-08-21,48.696624755859375,50.508863134100665,48.550476427612615,48.57970341720616,17153,
2014-08-22,48.959693908691406,49.690435608821126,48.52124888861357,48.52124888861357,8735,
2014-08-25,50.070411682128906,50.27501842322821,48.52123871079001,48.52123871079001,21001,
2014-08-26,49.31044769287109,50.0411893731451,48.842775693551694,50.0411893731451,16321,
2014-08-27,50.56732177734375,50.85961843501626,48.98892160994943,49.10583848898121,15153,
2014-08-28,50.33348083496094,52.02880224972329,49.69042911490426,50.27502239860902,13430,
2014-09-01,50.94729995727539,51.64881003644338,49.19352029926311,49.19352029926311,15293,
2014-09-02,53.139530181884766,53.37336838651,50.56731885119282,50.56731885119282,54824,
2014-09-03,51.97034454345703,53.9871896165342,51.23960292856054,53.9871896165342,14223,
2014-09-04,50.91807556152344,53.11030043753702,45.48136054506553,51.61959019790354,27754,
2014-09-05,52.08726119995117,52.613396052494686,50.450402665484816,50.68423641319941,16110,
2014-09-08,52.90569686889648,53.19799353668044,50.71347186051679,50.71347186051679,44534,
2014-09-09,52.90569686889648,53.63643853835638,52.818006976542655,52.96415531043464,22389,
2014-09-10,57.02708053588867,57.43629407862022,52.61339915598799,52.61339915598799,74189,
2014-09-11,65.47444915771484,67.1697706082814,56.12095642089844,56.530169944097,578204,
2014-09-12,64.53910064697266,67.63744243379062,64.36372087447096,66.05904232164684,204692,
2014-09-15,62.726863861083984,64.83139888218159,62.28841887918478,64.15911568458421,39860,
2014-09-16,58.4008674621582,63.16530341470364,56.8809258808798,62.55147870875822,79652,
2014-09-17,57.69935989379883,58.9270094550188,56.793242908247365,57.87473967685687,28638,
2014-09-18,60.56386184692383,61.38229331649564,56.15018533688856,57.58243706356972,66923,
2014-09-19,60.38848876953125,62.84377880871845,59.628515706877046,60.53463709234222,75001,
2014-09-22,59.628517150878906,61.32383862855974,59.01469239617091,59.01469239617091,32047,
2014-09-23,59.07315826416016,63.66221505021144,57.93319858527159,58.7516301459906,65981,
2014-09-24,59.07315826416016,62.229958703929874,58.45933347859761,58.45933347859761,37013,
2014-09-25,56.53017044067383,59.30698862130855,55.6240534998909,58.81008520731882,39879,
2014-09-26,56.41324996948242,56.9686117861812,55.82865670554997,56.1209533375162,6013,
2014-09-29,56.2671012878418,57.874732753208704,55.15637320156977,56.12095297280844,4026,
2014-09-30,55.39020919799805,56.559395671834416,55.214829442885616,55.916344003242905,12420,
2014-10-01,54.54255294799805,56.53016646414118,54.36717318594183,55.56559115310986,3456,
2014-10-07,53.22722244262695,55.94557775497477,53.022611216886375,54.36717760844423,24580,
2014-10-08,53.139530181884766,55.41944487181838,52.46724701612203,52.96415041339265,7615,
2014-10-09,55.44866943359375,56.58862895872621,52.67185146789362,54.95176605806593,39603,
2014-10-10,55.41944885253906,56.26710738758755,53.57797899147212,54.95177240969589,57656,
2014-10-13,57.37783050537109,58.34241029562735,54.27948438154014,54.27948438154014,43628,
2014-10-14,61.733055114746094,65.29907355645156,58.45933333973933,60.18388188922437,222792,
2014-10-15,61.733055114746094,61.733055114746094,61.733055114746094,61.733055114746094,0,
2014-10-16,58.89777755737305,62.96069938647468,58.547022454012776,61.96689251693839,132976,
2014-10-17,58.51779174804688,60.62232685507156,57.23168819933546,58.75162997329255,10524,
2014-10-20,57.72859191894531,60.008506820927366,57.582443584973305,58.459333588805386,5488,
2014-10-21,57.29014205932617,59.8915803994115,56.17941392330026,57.29014205932617,70881,
2014-10-22,57.11476516723633,57.874738261781786,54.98100313272992,56.997848288118426,123514,
2014-10-27,60.41771697998047,60.8269349681833,59.04392360979105,60.15465177763739,52921,
2014-10-28,61.35306167602539,61.6745897573758,59.27775825124039,60.09618971823832,170431,
2014-10-29,64.7144775390625,66.73132713169187,62.200728985765736,62.84378073381407,151925,
2014-10-30,65.32830810546875,66.00059136277861,64.01297304294253,64.88986308462667,96246,
2014-10-31,65.67904663085938,66.58516789563025,64.74369838147503,65.29906015014603,111466,
2014-11-03,65.82521057128906,66.52672527004461,65.35753856554535,65.50368690360777,46683,
2014-11-05,66.11750030517578,66.8774733673416,62.726861894195885,65.47444857723931,181051,
2014-11-07,66.61441040039062,66.9359385266959,64.30526845359432,64.30526845359432,100957,
2014-11-10,62.317649841308594,64.39295800530192,59.07315944447557,63.86682310146343,134657,
2014-11-11,62.22994995117188,62.58070947078304,61.49920838546956,61.70381959194026,40429,
2014-11-12,61.44074630737305,62.43455745382772,60.30079131654019,62.4053260088967,80840,
2014-11-13,61.8499641418457,62.405325913951685,60.21310135022973,60.21310135022973,33534,
2014-11-14,62.025352478027344,62.55148737601245,59.62852067619879,59.62852067619879,51877,
2014-11-17,61.96689987182617,62.5514932668434,61.49922337177493,61.93766841803785,65105,
2014-11-18,62.113040924072266,62.49302747821463,61.4992161473736,61.7915128105457,32635,
2014-11-19,61.64535903930664,62.25918376184075,61.38229384970215,62.171493878608345,27932,
2014-11-20,66.55593872070312,69.09891839359759,61.528437806227046,61.528437806227046,448123,
2014-11-21,70.94039916992188,71.7880621681023,67.81282576996372,68.8066326394518,478473,
2014-11-24,75.03255462646484,75.70483336238071,71.32038355374863,71.32038355374863,503564,
2014-11-25,72.63571166992188,75.64636335416249,70.12195889851532,75.06177010128584,283145,
2014-11-26,75.32484436035156,76.99092978245848,72.72340170349948,74.24334327217107,372554,
2014-11-27,78.48165130615234,79.3585412648803,74.85717459411397,74.85717459411397,497860,
2014-11-28,74.21411895751953,80.38158016513628,73.2203121140605,79.15393064544888,340693,
2014-12-01,71.9342041015625,75.6755974845827,71.46652769863861,74.65255925576783,173733,
2014-12-02,72.81109619140625,74.12643109639686,70.7942466610316,71.90497480615335,266236,
2014-12-03,73.22030639648438,75.70482777121539,71.40806816811089,71.90497155103856,328112,
2014-12-04,27.622032165527344,27.622032165527344,24.99136243547712,26.30669730050224,77173,
2014-12-05,27.622032165527344,27.622032165527344,27.622032165527344,27.622032165527344,0,
2014-12-08,30.42807960510254,30.428079605102536,30.428079605102536,30.428079605102536,2868,
2014-12-09,30.42807960510254,30.428079605102536,30.428079605102536,30.428079605102536,0,
2014-12-10,33.52642822265625,33.52642822265625,33.52642822265625,33.52642822265625,433,
2014-12-11,35.1925163269043,35.1925163269043,35.1925163269043,35.1925163269043,3574,
2014-12-12,36.9463005065918,36.9463005065918,35.01714287981755,36.9463005065918,194571,
2014-12-15,37.94010162353516,38.78776002533331,35.10482311219687,37.06321177611952,103779,
2014-12-16,36.39093399047852,37.99856561254785,36.06940811207395,37.82318583337579,78374,
2014-12-17,38.115482330322266,38.20317221953648,36.24478550751975,37.2970530278578,51667,
2014-12-18,40.97998809814453,41.91533645554482,35.9524867745368,40.336936381187634,100457,
2014-12-19,40.95075607299805,42.85068400217897,39.51850003494479,42.29531777759383,38428,
2014-12-22,36.91706848144531,42.0614869421584,36.85860781231776,40.95076321933952,64508,
2014-12-23,33.2925910949707,38.58316036578492,33.234130423055184,36.88783879102724,148583,
2014-12-24,33.58488464355469,34.3740846856821,31.80187557167861,33.46796554063489,117262,
2014-12-26,33.96487045288086,34.461776104904715,32.15263208209071,32.26955119021671,9001,
2014-12-29,32.76645278930664,34.08178766494376,32.152630293351926,33.9648685633223,222587,
2014-12-30,32.85414505004883,33.497196810422444,32.26955172969225,32.76645515997672,6506,
2014-12-31,32.44492721557617,33.38027557661927,31.91879236871043,31.91879236871043,411697,
2015-01-01,32.211090087890625,33.029521603718166,32.15263164963715,32.73722495235783,16489,
2015-01-02,32.15262985229492,34.432544497476194,31.88956243476688,34.432544497476194,40962,
2015-01-05,32.181861877441406,33.26336085940001,31.568039336354925,32.3864708778346,94871,
2015-01-06,31.50958824157715,33.14644947606427,31.33420842034344,31.71419505962039,320680,
2015-01-07,30.92498207092285,31.977249415500165,30.80806298151512,31.977249415500165,7515,
2015-01-08,31.304969787597656,32.06494060776371,30.983443928686604,31.65572709462949,424623,
2015-01-09,31.188051223754883,32.12340182861006,31.04190290081312,32.12340182861006,25930,
2015-01-12,30.34039306640625,30.9834448023612,29.87271664384288,30.9834448023612,30311,
2015-01-13,30.01886558532715,30.83729711158692,29.81425881878545,30.07732625437228,304669,
2015-01-14,29.37581253051757,30.39885077784904,28.70352936168121,28.70352936168121,15070,
2015-01-15,30.22347068786621,30.83729313845174,28.64506850775612,29.22966174260829,15440,
2015-01-16,31.100360870361328,32.00647994799392,30.428077751124693,30.51576762930208,10641,
2015-01-19,30.92498207092285,31.94802020065977,29.843483281459,29.843483281459,29353,
2015-01-20,30.42807960510254,31.538807722810088,30.39885038727789,30.691147025617106,6652,
2015-01-21,30.42807960510254,30.661917807792456,30.39885038727789,30.457308822927185,1830,
2015-01-22,29.843486785888672,31.509578987989173,29.551190143068908,31.48034753967007,22768,
2015-01-23,29.492733001708984,30.92498706043314,29.34658467388094,29.52196222126529,4037,
2015-01-27,29.60965347290039,30.25270525292459,29.229666911038247,29.69734113560554,2198,
2015-01-28,28.557382583618164,29.814259104554253,28.11893759678648,29.22966578877868,13809,
2015-01-29,28.03125190734864,29.78503197792252,27.505116994157795,28.08971035101576,16400,
2015-01-30,28.41123390197754,29.66811040731078,26.949750630681443,27.97278892058871,5383,
2015-02-02,28.35277557373047,29.63888130349661,27.505114827063245,29.63888130349661,3477,
2015-02-03,28.38200187683105,28.67429850219501,27.680489529948304,27.97278615531226,14235,
2015-02-04,29.66811180114746,30.01886691071874,28.70353190475653,28.70353190475653,9394,
2015-02-05,29.492733001708984,30.98344549954576,29.229665565609203,30.98344549954576,14506,
2015-02-06,28.76199150085449,30.98344564851209,28.118937517291428,30.574229882616784,4009,
2015-02-09,28.937368392944336,29.668110019028788,28.08970766067708,28.791220067727444,3597,
2015-02-10,29.17121124267578,30.340398030277264,28.645076296236383,29.083521341586938,4864,
2015-02-11,28.84967994689941,30.223475610590125,28.67430239388795,28.937369838428435,3444,
2015-02-12,27.738954544067383,29.37581545684757,27.35896797947259,28.64507377881654,24818,
2015-02-13,28.23586082458496,31.188057053865474,27.76818654975633,31.188057053865474,11801,
2015-02-16,33.87718200683594,33.87718200683594,29.229664849721004,30.19424468178038,62632,
2015-02-18,37.35875701904297,39.75044448910742,35.723932526229135,36.26887479375458,574243,
2015-02-19,37.9642448425293,38.6302832937222,36.84408632582552,36.93491080088017,87586,
2015-02-20,38.29726409912109,39.629341002584994,36.3899685995287,37.994518928377055,82033,
2015-02-23,38.14588928222656,40.35592982327632,37.23765382312593,39.47796610776439,40540,
2015-02-24,38.0550651550293,39.65961540445807,37.69177189202313,38.72110588355693,64116,
2015-02-25,37.6614990234375,38.44863599122669,36.78353758215782,36.78353758215782,39539,
2015-02-26,37.3284797668457,38.44863595339399,36.813811600509815,38.44863595339399,19810,
2015-02-27,37.69176864624024,38.08533823874033,37.23765095170722,37.23765095170722,16129,
2015-03-02,36.995452880859375,37.84314014398952,36.995452880859375,37.600943123163205,6912,
2015-03-03,36.93490982055664,38.14589047041096,36.57161654950526,36.63216465809306,11302,
2015-03-04,36.45051574707031,37.60094590675661,36.32941722769225,36.63216237125635,48677,
2015-03-05,36.66244125366211,38.02479457918041,35.1184412800272,35.1184412800272,37937,
2015-03-09,36.72298812866211,37.84314427530629,34.99733936385081,34.99733936385081,12365,
2015-03-10,36.20832443237305,36.783540758031386,34.90652149510681,36.3294229708952,23365,
2015-03-11,36.02667236328125,38.14588838465073,35.75420127000988,36.02667236328125,17196,
2015-03-12,36.60189056396485,36.90463572609894,35.8450276586296,36.23859498354656,23377,
2015-03-13,35.84502410888672,37.23765125483885,34.84596424887646,35.84502410888672,17652,
2015-03-16,34.99734115600586,35.78447813528774,34.81569451613501,35.42118485554606,21269,
2015-03-17,35.11844253540039,36.026678118212466,34.51295214685901,34.8156973411297,10929,
2015-03-18,35.02761459350586,35.69365534097347,34.27075168258514,34.81569390235298,13379,
2015-03-19,34.51294708251953,36.02667283175285,33.93773083585844,35.663379575841724,39655,
2015-03-20,34.331302642822266,35.39091073482442,34.11937963856443,34.21020411321241,32830,
2015-03-23,34.270748138427734,34.815690301839616,32.847846936953026,34.54321922013368,12417,
2015-03-24,33.090049743652344,34.45240308023847,32.72675413470523,33.90746082169903,21428,
2015-03-25,33.453338623046875,33.7560837689568,32.03043736117508,32.69647575827206,20883,
2015-03-26,33.36251449584961,33.90745668795374,32.302906474351055,33.090045709559725,17775,
2015-03-27,33.634986877441406,33.84690987569819,33.12032102837629,33.27169360866159,7662,
2015-03-30,32.84784698486328,36.934906287127376,32.57537590275992,36.934906287127376,13410,
2015-03-31,33.150596618652344,33.60471438055169,32.75702696776796,33.48361584875939,12969,
2015-04-01,32.84784698486328,33.60470981861589,32.39372928461171,33.33223873651254,16194,
2015-04-06,32.03043746948242,32.96894696302422,31.546043386578884,32.69647586883153,14503,
2015-04-07,32.45427703857422,33.180865813119446,32.03043570403805,32.03043570403805,13688,
2015-04-08,32.78730010986328,33.18086741229543,32.181809820187226,32.817574162394656,15067,
2015-04-09,32.696475982666016,33.241418172948656,31.54604349640808,32.75702408835868,42095,
2015-04-10,33.99827575683594,35.72392190815568,32.81756940130894,35.72392190815568,42356,
2015-04-13,33.60470962524414,34.785416101056484,33.36251259593215,33.60470962524414,20612,
2015-04-15,33.93772888183594,34.452396992799684,33.66525780070948,33.66525780070948,24071,
2015-04-16,33.93772888183594,35.845024139959015,32.51482768338745,33.059767535878294,26284,
2015-04-17,35.148712158203125,37.38902677510089,33.15059459006921,34.210202636327125,42317,
2015-04-20,33.9074592590332,36.45051916541316,33.9074592590332,34.27075254147504,16661,
2015-04-21,33.33224105834961,35.0881638788735,33.30196700484311,33.907457314022075,11591,
2015-04-22,33.33224105834961,35.69365418805247,33.02949590376013,35.69365418805247,18035,
2015-04-23,32.726749420166016,34.119376612771816,31.96988656442785,32.454278330147844,29905,
2015-04-24,31.63686752319336,33.39279028092139,31.394670484278407,32.3937303825999,40072,
2015-04-27,30.27451705932617,33.30196876525879,29.12408448716684,33.30196876525879,50918,
2015-04-28,30.27451705932617,30.880007400512696,29.48738007773616,30.27451705932617,29805,
2015-04-29,30.607532501220703,31.21302276755449,29.79012156557492,29.79012156557492,16093,
2015-04-30,30.45616340637207,32.3937329414585,29.214908680848087,29.7901249613872,14791,
2015-05-04,31.334125518798828,32.06071439857852,30.274517409467467,30.880007757656816,16741,
2015-05-05,31.424949645996094,32.09098809770388,30.5772622440386,30.5772622440386,12970,
2015-05-06,30.21396446228028,32.06070926670152,29.729570413454628,30.880002814772524,14773,
2015-05-07,30.123140335083008,31.48549341556415,29.42682561448784,29.669022641589294,16796,
2015-05-08,30.577260971069336,32.06071270785584,29.669025496681137,29.669025496681137,7689,
2015-05-11,30.66808319091797,32.03043630248321,29.69929737016988,32.03043630248321,13243,
2015-05-12,29.75985145568848,30.88000767285778,29.06353663327792,30.062596628951788,29287,
2015-05-13,29.66902542114257,31.182751207935567,29.214907685104684,29.790123946038467,18095,
2015-05-14,30.03231430053711,30.5469823787486,29.36627597551272,29.36627597551272,15425,
2015-05-15,29.638748168945312,30.274512468838523,29.245178582945613,29.48737560660112,19241,
2015-05-18,29.85067176818848,30.15341692265238,28.82133778105876,29.36627998299868,19503,
2015-05-19,29.638748168945312,30.274512468838523,29.39655114528981,29.48737560660112,23029,
2015-05-20,29.941495895385746,31.3341231280116,29.729572903831723,29.7901233198881,24897,
2015-05-21,29.457103729248047,30.24424064955556,29.093808166963083,30.06259402329416,7853,
2015-05-22,29.27545547485352,30.062594723250385,28.76078963683608,29.66902509905195,13787,
2015-05-25,29.608474731445312,30.27451309564468,28.760787440862444,29.305729600488867,11811,
2015-05-26,29.063533782958984,30.213966252439302,28.488317548218827,28.488317548218827,10428,
2015-05-27,29.12408447265625,29.669026703357552,28.76079119203028,28.76079119203028,12326,
2015-05-28,29.063533782958984,30.244240304844123,28.488317548218827,29.366278926531475,10073,
2015-05-29,29.30573081970215,29.66902406805924,28.85161310437471,29.547925548686163,12913,
2015-06-01,29.18463134765625,30.24423931549819,28.669963234561493,28.760787698567057,14129,
2015-06-02,28.21584892272949,29.669026662770108,27.5800845276226,28.760791152685307,11048,
2015-06-03,28.70024299621582,29.245182915528872,27.337889733289668,27.85255559760128,6751,
2015-06-04,28.246124267578125,28.94243674764197,27.610357585666343,28.15529979594437,665,
2015-06-05,28.88188743591309,29.0635340618472,27.91310158132755,28.15529862241448,5574,
2015-06-08,28.21584892272949,29.154360797627,27.882829697650862,27.973654172564284,1185,
2015-06-09,28.42776870727539,29.30573006285333,27.88282653905127,28.3066701910298,1545,
2015-06-10,27.85255241394043,29.305729985529112,27.337886608457232,27.85255241394044,3744,
2015-06-11,27.7011833190918,28.45804625130742,27.33789003553324,27.85255590553492,5541,
2015-06-12,27.85255241394043,28.12502349733357,27.27733619561316,27.5498072790063,3163,
2015-06-15,28.27639961242676,28.4277721988854,27.24706556255552,27.24706556255552,3775,
2015-06-16,27.85255241394043,28.427768632267703,27.85255241394044,27.85255241394044,288,
2015-06-17,27.67090606689453,27.67090606689453,27.519533497939708,27.67090606689453,1040,
2015-06-18,27.731454849243164,28.03419999456189,27.489260118845475,27.54980822400436,878,
2015-06-19,27.973651885986328,28.458043656484698,27.973651885986328,27.973651885986328,1839,
2015-06-22,28.06447410583496,28.397495614191765,27.24706313566973,27.549808281621623,1046,
2015-06-23,28.397499084472656,28.39749908447266,27.88283088760277,28.125027957866536,320,
2015-06-24,28.30666923522949,29.245178662359564,27.882825597562423,28.15529667247425,7524,
2015-06-25,28.21584892272949,28.700243042584592,27.943380117513925,27.943380117513925,545,
2015-06-26,27.2773380279541,28.155299440192103,27.24706397437945,27.368162498440256,5031,
2015-06-29,28.094751358032227,28.094751358032227,27.24706399861487,27.24706399861487,366,
2015-06-30,27.85255241394043,28.76078781874284,27.610355382088294,28.155297548874568,1998,
2015-07-01,28.15530014038086,28.39749719452561,28.00392755898096,28.15530014038086,1289,
2015-07-02,26.49020004272461,27.85255318777902,26.096630432470704,27.5498080444336,26984,
2015-07-03,26.45992851257324,27.247065498350903,25.76361369259933,26.944320326147007,5952,
2015-07-06,27.156238555908203,27.852553312628785,25.975534339378225,26.03608244441386,5718,
2015-07-07,27.48925971984864,28.24612257215986,26.49019983089296,26.49019983089296,7539,
2015-07-08,27.125965118408203,28.458044247253355,26.82321996684168,26.944318489420727,5799,
2015-07-09,27.7011833190918,28.397498140635115,27.247065559762422,27.247065559762422,1592,
2015-07-10,27.792007446289062,28.458045894380263,27.247065218023653,27.85255555620196,3710,
2015-07-13,27.45898628234864,28.39749816697645,27.24706558503663,28.15530110453785,7137,
2015-07-14,28.458045959472656,29.00298818898452,27.85255561990941,27.85255561990941,6398,
2015-07-15,28.21584892272949,29.00298821261286,27.670909002536018,27.852555642600507,3234,
2015-07-16,28.367218017578125,29.002984644225705,27.67090559804144,27.67090559804144,2251,
2015-07-17,28.15530014038086,28.579143830253027,27.852554977581065,28.579143830253027,2400,
2015-07-20,28.30666923522949,29.002983947808385,27.42870790929671,28.91215948625044,2362,
2015-07-21,27.3378849029541,28.155295792376386,26.823216819816945,28.03419728400517,4099,
2015-07-22,27.428709030151367,27.8525526851385,26.88376916782113,26.88376916782113,6586,
2015-07-23,27.913101196289062,28.88188703751099,27.03514213142456,27.03514213142456,4833,
2015-07-24,27.94338035583496,28.458046225367514,27.247065534926342,27.54981070753664,2434,
2015-07-27,27.67090606689453,28.760788101416857,27.2470624118686,27.54980754977825,7700,
2015-07-28,27.94338035583496,29.30573363258128,27.39843812123149,29.30573363258128,1001,
2015-07-29,27.58008575439453,28.15530206498653,27.42871316264729,27.852556881492053,3481,
2015-07-30,27.913101196289062,28.15529823403508,26.88376956027383,27.24706280713072,2648,
2015-07-31,29.154359817504883,29.54792713945313,27.85255470624297,27.85255470624297,7207,
2015-08-03,31.182748794555664,31.48549392848339,28.27639597080192,28.760787723133863,13038,
2015-08-04,34.391845703125,35.663376612691046,30.062591805878267,30.456159082121424,47736,
2015-08-05,33.78635787963867,36.02667242517331,33.604711253733086,34.8156918394532,16073,
2015-08-06,33.18086624145508,35.66337772738478,32.69647448875921,35.66337772738478,4987,
2015-08-07,32.726749420166016,33.27169160020235,32.39373022559364,32.696475367888915,1459,
2015-08-10,31.546045303344727,33.7863599887295,30.63780980735865,33.60471335148475,2337,
2015-08-11,30.30479049682617,32.090987428876474,30.274516442336296,31.27357640883832,3672,
2015-08-12,31.394670486450195,31.757966044847755,29.184632322687506,29.184632322687506,4860,
2015-08-13,32.545101165771484,35.36063177192443,31.63686578440112,33.30196398358012,19992,
2015-08-14,33.39278793334961,33.90745371765929,32.242355544024235,33.84690561706826,7218,
2015-08-17,32.757022857666016,33.059767994279426,32.09098448102135,32.12125853273027,5010,
2015-08-18,32.78730010986328,33.05976889240778,32.2120838727186,32.69647564250701,3769,
2015-08-19,32.393733978271484,33.30196951037255,31.879068100652507,32.57538062273922,5232,
2015-08-20,31.36439514160156,32.66620013013265,30.970827856757825,32.090983918694214,3932,
2015-08-21,31.394670486450195,32.69647552862436,30.66808398917937,30.880004665923007,6151,
2015-08-24,28.094751358032227,31.424948068974047,27.24706399861487,30.88000586509685,7526,
2015-08-25,27.973651885986328,29.66902423761171,24.6737293404628,26.88376982492445,7511,
2015-08-26,27.7011833190918,29.366281769966164,27.54981073264868,28.155301078421168,11308,
2015-08-27,28.06447410583496,29.457103625023368,27.36816165600292,27.36816165600292,10055,
2015-08-28,27.973651885986328,29.66902423761171,27.8525533659212,28.458043656484698,4556,
2015-08-31,28.06447410583496,29.03325995873829,27.852553427573508,28.1552985735254,4005,
2015-09-01,28.06447410583496,29.60847619799931,27.39843570864568,27.549808281621623,4471,
2015-09-02,27.24706268310547,28.15529810587565,26.823219023860293,27.549807824028864,1057,
2015-09-03,28.85161590576172,29.03326254757749,26.94432039229016,26.94432039229016,3172,
2015-09-04,27.004863739013672,28.24612057693496,26.066354330393786,28.24612057693496,2059,
2015-09-07,25.642513275146484,26.94431834374937,24.613181613195028,26.94431834374937,15285,
2015-09-08,25.460866928100582,27.1259652710886,25.006749198194765,27.095691217713984,3254,
2015-09-09,26.67184829711914,27.21679051235582,25.642514284873343,27.03514387719769,593,
2015-09-10,26.732398986816406,27.580084062750103,25.79388712773787,27.580084062750103,850,
2015-09-11,26.67184829711914,27.549809728439445,26.6415742428865,26.94431940473748,722,
2015-09-14,27.85255241394043,27.85255241394044,26.03608160433562,26.33882673926976,1428,
2015-09-15,26.792943954467773,27.54980677804031,26.70211949173425,26.823218005458266,932,
2015-09-16,27.36816596984864,28.88189193820572,26.73240152509116,26.73240152509116,1704,
2015-09-18,26.792943954467773,28.125022985907844,26.641571389753267,27.0351409819158,3420,
2015-09-21,27.519535064697266,27.5498091182594,26.24800402722796,26.6718477063844,62,
2015-09-22,26.67184829711914,27.307612675053747,26.6415742428865,27.277338620821105,5151,
2015-09-23,27.24706268310547,28.276396624197435,26.64157240125868,26.64157240125868,888,
2015-09-24,26.883771896362305,27.216791119879467,26.67184889247877,26.94432000617912,1472,
2015-09-28,27.610355377197266,28.155297543887,26.944317004364983,26.944317004364983,1611,
2015-09-29,27.216785430908203,27.54980458481625,26.36909821208604,27.2470594794886,750,
2015-09-30,27.7011833190918,27.731457374427947,26.641575213989924,27.065418917983145,27372,
2015-10-01,28.60941505432129,33.21114014973587,27.852552222196387,27.852552222196387,3063,
2015-10-05,29.063533782958984,29.547925550722542,28.458043495814007,28.458043495814007,1195,
2015-10-06,28.60941505432129,29.1240808562614,27.973650737288786,29.06353275359623,1345,
2015-10-07,28.33694648742676,29.063535332696624,28.00392727369206,28.76079017298104,3302,
2015-10-08,27.882827758789062,28.8818876743166,27.61035666275772,28.39749589790653,8727,
2015-10-09,28.33694648742676,28.42777095924634,27.88282874785337,27.88282874785337,13975,
2015-10-12,28.034198760986328,28.155297275737613,27.97365065849172,27.97365065849172,141,
2015-10-13,28.125024795532227,28.12502479553223,27.64063301923141,27.973652221078087,3078,
2015-10-14,27.882827758789062,28.760789152773533,27.70118113135556,28.15529885482041,3435,
2015-10-15,28.06447410583496,28.42776966683452,27.852553427573508,27.94337789526394,511,
2015-10-16,27.973651885986328,28.42776960390896,27.761728898431805,28.42776960390896,682,
2015-10-19,28.15530014038086,28.700242357325404,27.36816317905385,27.76173050483621,2087,
2015-10-20,29.00298309326172,29.033257142968367,27.670904118311725,27.85255072631356,2082,
2015-10-21,28.33694648742676,28.700242064942824,27.610357642156888,28.700242064942824,4445,
2015-10-23,28.034198760986328,28.88188605448325,27.88282619498774,27.943376607244407,6326,
2015-10-26,27.85255241394043,28.57914119973477,27.58008133054729,28.155297548874568,4463,
2015-10-27,28.42776870727539,28.4277687072754,27.640631816322166,27.640631816322166,179,
2015-10-28,27.519535064697266,28.15529942855081,27.09569138554083,27.5498091182594,3234,
2015-10-29,27.882827758789062,28.30667142930869,27.54980855686728,27.54980855686728,1036,
2015-10-30,28.034198760986328,28.33694389298351,27.54980701174325,27.54980701174325,3768,
2015-11-02,27.973651885986328,28.76078880176645,27.64063268812883,27.8525533659212,8047,
2015-11-03,28.125024795532227,28.45804399737891,27.58008260359244,27.58008260359244,68486,
2015-11-04,28.33694648742676,28.700242064942824,27.67090805995737,27.67090805995737,8540,
2015-11-05,29.27545547485352,29.66902509905195,28.45804448276412,28.45804448276412,12158,
2015-11-06,29.578197479248047,30.15341367268448,29.18463020672142,29.33600276763827,8817,
2015-11-09,30.06259536743164,30.42588863619775,27.58008366498899,29.366280574240616,14522,
2015-11-10,29.1793270111084,30.91431402257971,29.021600919156462,30.91431402257971,4035,
2015-11-13,28.83232879638672,30.78813128614597,28.73769218277844,30.661949936904616,2729,
2015-11-16,28.99005889892578,29.62096332585905,28.327609731987724,29.021603638930568,7911,
2015-11-17,28.04369735717773,29.021598566669365,27.822879402319,28.57996506366086,5370,
2015-11-18,28.83232879638672,29.684048692024994,27.917517022773243,29.684048692024994,2644,
2015-11-19,28.64305877685547,30.22031966970634,28.453785544346065,29.96795696416655,1368,
2015-11-20,28.39069557189941,29.87331982241497,27.759791225857207,29.87331982241497,9015,
2015-11-23,29.021596908569336,29.526319851724427,28.04369575494844,28.390692627948265,5620,
2015-11-24,31.355945587158203,33.72183681747634,28.832328274818853,29.33705125594492,39547,
2015-11-26,30.91431427001953,31.54521864287707,30.66195155819284,31.00895088863184,3190,
2015-11-27,30.85122299194336,31.513672063377065,30.28340812688073,30.59886029486907,522,
2015-11-30,30.1572265625,30.5988600758646,29.84177439676944,30.5988600758646,1899,
2015-12-01,29.652507781982425,30.59886441332229,29.30551083183301,30.125686097652355,4126,
2015-12-02,29.33705139160156,29.967955722603747,29.053143961308773,29.4316880039355,5018,
2015-12-03,29.557865142822266,30.535768721626592,29.116234063411262,29.368594336402,3178,
2015-12-04,29.68404960632324,29.68404960632324,29.05314524739306,29.05314524739306,1532,
2015-12-07,29.84177589416504,30.85122431918019,29.2424162678606,29.2424162678606,2243,
2015-12-08,29.08469009399414,30.53577205038876,29.08469009399414,29.337052801204287,4923,
2015-12-09,29.33705139160156,29.4316880039355,29.02159922610047,29.14778057364272,1776,
2015-12-10,28.99005889892578,29.526326699135307,28.61151479874018,29.179329745663885,4497,
2015-12-11,28.89541816711425,30.22031871947501,28.579965998462992,29.337051684567843,1357,
2015-12-14,28.89541816711425,29.46323303337016,28.769236818311946,28.958510044869943,4417,
2015-12-15,29.242414474487305,29.652503248048166,29.05314365850114,29.1162355349692,580,
2015-12-16,30.56731414794922,30.977400503372667,29.147779457549493,29.24241365955078,4241,
2015-12-17,30.188770294189453,30.6619485270558,29.55786598370099,30.598859058690536,4769,
2015-12-18,29.557865142822266,30.851220867896664,29.43168620968133,30.598858188197056,1002,
2015-12-21,29.652507781982425,29.967959992429044,29.08469284049476,29.46323693705633,1706,
2015-12-22,29.99950408935547,31.10358680226232,29.55787052285087,29.55787052285087,8874,
2015-12-23,30.4726791381836,31.54521699743831,30.346497788852027,31.54521699743831,4714,
2015-12-24,30.094139099121094,30.75658820999452,29.21087201348373,30.441136023225347,3918,
2015-12-28,30.094139099121094,30.75658820999452,29.999502480406665,30.28340992984076,8180,
2015-12-29,29.99950408935547,30.75658985954774,29.33705494295323,30.598863757703903,2316,
2015-12-30,29.96795654296875,30.598860891241777,29.36859693076756,30.283408717105264,2577,
2015-12-31,30.378047943115234,31.86067232630928,29.684051656338365,29.684051656338365,2112,
2016-01-01,30.5357723236084,31.86067053154337,30.28340961414024,30.28340961414024,8551,
2016-01-04,30.314956665039062,32.11303569214866,29.810233614287178,30.598864133183664,13373,
2016-01-05,30.88276481628418,31.48212436030613,30.37804187642157,31.450577221113804,10330,
2016-01-06,30.693498611450195,32.113033446182456,30.630406730325475,31.19822162690205,11182,
2016-01-07,29.431690216064453,30.598862353461254,29.179327502012026,30.598862353461254,8559,
2016-01-08,30.06259536743164,30.094140105821943,29.273964874127653,29.71559602501047,9273,
2016-01-11,30.188770294189453,30.914311213934766,29.210869094274123,30.06259135745892,4098,
2016-01-12,29.652507781982425,31.198224094512742,29.43169219735353,30.91431662376891,5278,
2016-01-13,29.652507781982425,30.40959356839619,28.39069894019594,29.999504732131832,12683,
2016-01-14,30.12568473815918,30.283410836264725,29.652506443842544,29.715595920401057,4047,
2016-01-15,30.12568473815918,30.914315228686903,29.27396477107294,30.598863032475816,2235,
2016-01-18,28.99005889892578,36.15082318193468,28.39069921199729,30.53577522625418,4334,
2016-01-19,28.737695693969727,28.86387705862801,28.453788225165944,28.453788225165944,48809,
2016-01-20,28.138330459594727,28.80078189154013,27.31815536136337,28.80078189154013,2510,
2016-01-21,29.1793270111084,29.65250528696421,28.043699630396283,28.39069655134871,1558,
2016-01-22,28.67460250854492,29.65250374650267,28.45378454725831,29.337051578986685,899,
2016-01-25,28.516881942749023,30.1256878270396,28.45379005301224,28.706152798540355,1086,
2016-01-27,29.147781372070312,30.314953453712384,28.39069567278749,28.39069567278749,408,
2016-01-28,28.138330459594727,28.83232662479732,28.04369625982316,28.83232662479732,4699,
2016-01-29,28.10678672790528,29.05314319959709,27.7597898362934,29.05314319959709,2850,
2016-02-01,27.60206413269043,28.390694536481583,26.49798156738281,28.390694536481583,6969,
2016-02-02,27.349702835083008,28.57996680905793,27.065797800611893,27.759791628644354,6730,
2016-02-03,26.308713912963867,28.26451658668371,26.056351190744213,27.128889150113825,10075,
2016-02-04,24.384456634521484,26.97116377674162,23.72200507253228,26.05635189244594,7846,
2016-02-05,25.55162811279297,26.4664399710126,25.17308643676864,25.898625050266823,2754,
2016-02-08,25.835533142089844,26.49798221615183,24.63681393629459,25.93016734883638,2055,
2016-02-09,25.236177444458008,25.740900512005283,24.920725226402283,25.551629662513733,1281,
2016-02-10,24.857629776000977,27.444336380185494,23.84818147661252,27.444336380185494,4695,
2016-02-11,24.13209342956543,25.078450034646423,23.69045986585244,24.9207239337996,3836,
2016-02-12,23.343461990356445,25.17308564958158,22.42865016074388,24.79454157868541,3448,
2016-02-15,24.76299476623535,25.01535745902072,23.343460034412946,23.658912197040145,1555,
2016-02-16,24.605270385742188,24.66835985994504,23.974366016877003,24.605270385742188,1124,
2016-02-17,23.722000122070312,24.60526708259043,23.343458514252458,24.60526708259043,1257,
2016-02-18,23.97436714172364,24.100548502758773,23.501188842873827,24.03745661888656,895,
2016-02-19,24.889179229736328,26.182532777145003,23.34346295793651,23.56427853674678,4529,
2016-02-22,23.53273200988769,25.17308478037957,23.406550657279222,24.60526989699601,880,
2016-02-23,23.69045829772949,23.974365741803204,23.3434613801768,23.65891356099,603,
2016-02-24,22.99646377563477,23.65891285421085,22.901827161534293,23.311915947024243,2405,
2016-02-25,23.722000122070312,26.18252779301289,23.501184585294705,23.97436279842145,7749,
2016-02-26,23.658912658691406,23.658912658691403,23.122644934444686,23.658912658691403,136,
2016-02-29,24.00591087341309,24.352907796673488,22.460194680661274,23.343461764150646,9711,
2016-03-01,23.658912658691406,24.13209091186524,23.406549960981742,24.13209091186524,1194,
2016-03-02,24.605270385742188,27.19197733540577,23.848184661762133,23.911276542674152,2568,
2016-03-03,24.605270385742188,25.86707912347256,24.47908903062732,25.86707912347256,3252,
2016-03-04,23.942821502685547,24.542181140029403,23.501187959026435,24.28981842745014,1730,
2016-03-08,24.06900215148925,24.60526989157061,22.3971046448912,23.7220028302152,4251,
2016-03-09,23.5958251953125,24.226729586559262,23.4696438357213,24.03745634381783,5706,
2016-03-10,23.97436714172364,24.573726801608583,23.564278320036752,23.564278320036752,233,
2016-03-11,23.3750057220459,23.942820600601305,23.3750057220459,23.942820600601305,1924,
2016-03-14,22.964920043945312,23.94282133666819,22.901828162883373,23.690458625838787,4501,
2016-03-15,23.406551361083984,24.25827371176951,22.870283604759507,22.9333730796062,23711,
2016-03-16,23.56427574157715,23.722001823934985,23.028008024244112,23.37500492408955,2482,
2016-03-17,23.248825073242188,23.848184706120783,22.744102058553068,23.848184706120783,19505,
2016-03-18,23.50118637084961,24.28981678597879,23.34346028782377,23.9112751494004,2562,
2016-03-21,23.3750057220459,24.920721863260862,22.807193250199592,23.46964233737484,12067,
2016-03-22,23.97436714172364,24.51063491773637,23.343462743257223,23.343462743257223,1340,
2016-03-23,23.84818458557129,25.1099933192704,23.65891375685825,23.94282120328239,3618,
2016-03-28,23.722000122070312,25.23617136675941,23.501184585294705,25.23617136675941,6886,
2016-03-29,24.13209342956543,25.70935443803376,23.46964428735059,23.69045986585244,19608,
2016-03-30,26.308713912963867,27.09734441151369,24.132093255624508,24.2267298781342,5656,
2016-03-31,26.15098762512207,27.6967038725016,24.69990799957141,25.740898806142656,2097,
2016-04-01,25.86707878112793,26.46643840495931,25.4885371275024,25.74089742768304,1290,
2016-04-04,27.03424835205078,28.863871788777043,26.687251467625845,27.00270361832286,9346,
2016-04-05,26.71879768371582,27.444338633255622,25.898622527741946,27.12888646505728,2030,
2016-04-06,27.318161010742188,27.728249848018425,27.16043490512969,27.728249848018425,3702,
2016-04-07,26.939617156982425,27.759792358973904,26.18253142948675,26.813435801281614,751,
2016-04-08,26.52952766418457,27.759791638600746,26.182530750043888,27.538976076886435,1714,
2016-04-11,25.583171844482425,26.52952840400736,25.583171844482425,26.52952840400736,1655,
2016-04-12,25.677810668945312,27.4443425838022,25.425447935376017,25.551629302160663,3257,
2016-04-13,26.34025955200196,27.065800598154016,25.646265652237744,25.646265652237744,652,
2016-04-18,27.128889083862305,27.128889083862305,26.21407722643672,26.21407722643672,2267,
2016-04-20,26.71879768371582,27.06579699410124,26.27716657360538,26.93961564548009,1889,
2016-04-21,26.81343460083008,27.44433894437902,26.687253250778472,26.687253250778472,2172,
2016-04-22,26.15098762512207,27.065799478200507,25.93016964309113,26.49798456064582,2931,
2016-04-25,25.39389991760254,26.24561982172048,25.362355181655406,25.74089682643914,7362,
2016-04-26,26.182531356811523,27.00270655652644,25.425445631417308,25.425445631417308,7169,
2016-04-27,25.52008438110352,27.097345437949105,25.52008438110352,27.097345437949105,604,
2016-04-28,25.362354278564453,27.097341167677943,25.236172932559853,25.236172932559853,1897,
2016-04-29,25.29926300048828,26.49798220581596,25.109992180359978,25.33081014276721,2020,
2016-05-02,25.236177444458008,26.150989358161496,24.352910271218207,25.551629662513733,374,
2016-05-03,25.173084259033203,26.466437681388545,24.4159985657711,24.92072155904281,1379,
2016-05-04,25.20462989807129,25.29926410892713,25.141538017458235,25.29926410892713,100,
2016-05-05,24.668359756469727,25.23617464875027,24.41599945400772,25.04690382022648,1808,
2016-05-06,26.34025955200196,26.34025955200196,24.88917986640719,24.88917986640719,2381,
2016-05-09,25.236177444458008,26.182534098625183,24.920725226402283,26.182534098625183,452,
2016-05-10,25.236177444458008,26.46644157621722,24.352910271218207,25.236177444458008,4005,
2016-05-11,24.7314510345459,25.20462929768118,24.41599885912237,24.98381133085925,1077,
2016-05-12,24.76299476623535,25.7724407239588,24.321361257215468,24.321361257215468,6819,
2016-05-13,24.63681411743164,25.23617372473593,23.753549481091326,24.762995467397136,7342,
2016-05-16,25.141536712646484,25.86707765843247,24.28981682560122,24.92072115873372,4368,
2016-05-17,24.889179229736328,26.024806676077866,24.605271766473617,25.55162837287645,4975,
2016-05-18,25.267717361450195,25.551624784845828,24.384452763530287,24.85763100028669,6771,
2016-05-19,25.4885368347168,26.119441187984943,25.4569896916861,25.551626307359967,465,
2016-05-20,25.709352493286133,26.46643820142411,25.267718962979885,25.551626404370268,2634,
2016-05-23,25.01535987854004,26.497984223605712,25.01535987854004,26.497984223605712,45,
2016-05-24,25.677810668945312,25.867081515767584,24.32136518775179,24.92072487494682,2746,
2016-05-25,24.79454040527344,25.55162610452717,24.66835905427963,25.48853663238481,746,
2016-05-26,25.07844924926757,25.33081196540302,24.920723153360235,24.920723153360235,2316,
2016-05-27,24.952266693115234,26.18253066346316,24.25827286712877,24.98381142944024,14512,
2016-05-30,29.30550765991211,29.936412012518574,26.466438073183017,26.466438073183017,139310,
2016-05-31,32.42848205566406,34.63664711063355,29.652502166733136,30.28340646815299,171982,
2016-06-01,31.229766845703125,33.090935250172734,30.72504382246795,32.17612341678504,24080,
2016-06-02,30.03104591369629,31.54521730712177,29.021599922552028,31.261309870015857,17799,
2016-06-03,29.87331962585449,31.419035744829216,29.179325812458035,30.03104571132724,4227,
2016-06-06,29.400144577026367,29.652507303999453,28.54842458523352,29.652507303999453,2098,
2016-06-07,28.516881942749023,29.65250948420652,27.759796112874188,29.24242062440071,3667,
2016-06-08,29.46323585510254,29.6525066930782,28.516879258514937,29.620961954533804,7156,
2016-06-09,30.1572265625,30.28340791013403,28.57996573384719,28.57996573384719,5877,
2016-06-10,30.81967544555664,31.22976422124652,30.220318259607,30.220318259607,13918,
2016-06-13,31.26131629943848,32.1761282708335,29.65251036723872,29.81023648621339,4793,
2016-06-14,30.945858001708984,31.86066979396668,30.945858001708988,31.19822070533494,7121,
2016-06-15,31.32440185546875,32.17612176298169,29.68404910587952,30.91431306639417,2599,
2016-06-16,30.661954879760746,30.914317618925548,30.314957918441223,30.914317618925548,1432,
2016-06-17,30.75658798217773,31.1982215217252,30.567317152860014,30.59886188996144,895,
2016-06-20,31.513671875,31.54521661026846,29.526322265869474,30.59886011196041,4573,
2016-06-21,31.229766845703125,31.766034606632527,30.37804689441309,31.10358548821703,5112,
2016-06-22,30.40958976745605,31.545217101778256,30.03104571820927,31.26130966652044,4055,
2016-06-23,29.99950408935547,31.57676510779381,29.400144421007035,30.598863757703903,3226,
2016-06-24,29.936412811279297,30.91431410256977,28.106789177219053,29.810231456049426,5264,
2016-06-27,30.945858001708984,32.83857105877632,29.68404929699744,29.93641200062339,23883,
2016-06-28,30.59886360168457,32.176124612080685,30.28341139960535,30.91431580376379,2393,
2016-06-29,30.693498611450195,31.76603411676945,30.598861993117705,30.598861993117705,10733,
2016-06-30,30.945858001708984,32.1445772338686,30.31495364935321,32.1445772338686,17193,
2016-07-01,31.41903305053711,31.734485194431475,30.88276536860023,30.94585483469556,12688,
2016-07-04,31.32440185546875,32.04994041198111,31.229765240541045,31.229765240541045,4983,
2016-07-05,31.576765060424805,32.176124727874125,30.91431591501632,32.176124727874125,5874,
2016-07-07,31.32440185546875,31.98685093983537,31.040494417394736,31.54521741468793,5088,
2016-07-08,31.26131629943848,31.89222077533717,30.31495958559044,31.22977155698545,1563,
2016-07-11,31.54521942138672,32.11303433365538,31.166677751013776,32.11303433365538,6856,
2016-07-12,31.576765060424805,32.39694030744052,31.13513149458271,32.39694030744052,21813,
2016-07-13,37.72808456420898,37.88581067225895,32.20767078246032,32.20767078246032,259852,
2016-07-14,35.93000411987305,39.36843339542023,33.87956493066802,38.35898496593995,160704,
2016-07-15,35.07828521728516,36.30854933263674,34.22656520257758,36.30854933263674,17095,
2016-07-18,33.94265365600586,36.34008971224622,32.807026303756125,35.078281008255594,9518,
2016-07-19,34.44738006591797,35.204465844591745,33.12248175827087,33.62720480848361,7221,
2016-07-20,33.40638732910156,34.76283029910216,32.996298520316955,34.76283029910216,12708,
2016-07-21,34.321197509765625,35.10982794513056,33.40638572340048,33.40638572340048,9819,
2016-07-22,34.289649963378906,35.10982753187185,33.437930065893546,34.32119710578945,10947,
2016-07-25,34.06884002685547,35.99309810258597,33.75338780438458,34.06884002685547,23943,
2016-07-26,34.13192367553711,35.772276396075924,33.75338203594841,34.44737584409738,8259,
2016-07-27,34.06884002685547,34.69974447179723,33.059393877632424,34.69974447179723,15251,
2016-07-28,33.87956619262695,34.5735600582936,33.15402518212244,33.9426556688842,28227,
2016-07-29,34.13192367553711,35.14137205895539,33.21711431207958,33.43792986738815,4488,
2016-08-01,33.72183990478516,35.29910086939897,33.15402499484049,34.131926311559205,8711,
2016-08-02,32.77547836303711,34.69973596714617,32.49157095105505,33.437927386522674,3584,
2016-08-03,32.77547836303711,33.1224752413668,32.39693434482474,32.77547836303711,4822,
2016-08-04,33.185569763183594,33.56411383906313,32.52312063878094,33.43793248043662,3573,
2016-08-05,34.16347122192383,35.10982773880029,33.18556756245089,33.437930262968244,23815,
2016-08-08,34.47892761230469,34.825924562935214,33.5010238331968,33.75338656458774,4400,
2016-08-09,33.56411361694336,34.920556594751346,33.059390592486686,34.22656273696207,7604,
2016-08-10,33.28020477294922,34.952102278728894,32.96475259500657,34.63665010078625,6990,
2016-08-11,32.8701171875,34.66819611190985,32.61775687989264,34.03729173282763,6552,
2016-08-12,33.8480224609375,35.33064685745035,32.23921429473972,32.8385739638419,7482,
2016-08-16,31.7344913482666,33.311752373595056,31.3244049257068,32.460032382601426,22253,
2016-08-17,32.77547836303711,34.57355462774205,32.20766353907299,34.57355462774205,2630,
2016-08-18,31.92376518249512,33.12248463679633,31.54522346361556,32.61776154272039,9006,
2016-08-19,31.86067008972168,34.06883534346477,31.57676264718432,31.86067008972168,8200,
2016-08-22,32.36539077758789,34.00574343551614,31.86066780849803,31.986849152447736,3516,
2016-08-23,32.08148193359375,32.80702282411837,31.923755862323947,32.36538934322116,1230,
2016-08-24,31.766027450561523,32.807020406926306,31.07203375079078,31.70293798938552,44731,
2016-08-25,32.17612075805664,32.74393561647066,31.261309000260283,31.54521642946729,7008,
2016-08-26,32.302303314208984,32.49157413852849,31.671398962004545,31.955306401838364,5252,
2016-08-29,32.39693832397461,32.807027125729896,31.639855007978944,32.30230411282973,2930,
2016-08-30,32.80702590942383,33.18556755338739,31.639853834945267,31.639853834945267,11150,
2016-08-31,33.02783966064453,33.43792842476389,32.33384588243678,32.61775330323411,10046,
2016-09-01,33.56411361694336,33.627203092484486,32.80702787690374,33.12248006802781,6345,
2016-09-02,34.037288665771484,34.321196092117795,33.37483960876942,33.532565689327484,3668,
2016-09-06,32.554664611816406,35.14137397939715,32.176122951540776,34.57355908227453,5357,
2016-09-07,32.39693832397461,33.4379314935324,31.576763127173194,31.702944482075527,8432,
2016-09-08,32.74394226074219,34.69974511354935,31.892219800293,32.207672028598,6979,
2016-09-09,32.80702590942383,33.43793025383582,32.17612156501183,32.30230291523605,4252,
2016-09-12,31.7344913482666,33.311752373595056,31.261313040668067,32.17612491670044,14297,
2016-09-14,32.23921203613281,33.34329467307858,31.57676293530718,31.70294428944281,9017,
2016-09-15,33.02783966064453,33.05938680150675,32.20766453911475,32.20766453911475,7406,
2016-09-16,32.61775207519531,33.12247502277197,32.04993725497854,32.68084154112657,10511,
2016-09-19,32.61775207519531,33.12247502277197,32.491570736623935,32.58620734222968,18908,
2016-09-20,32.61775207519531,32.712386274092204,31.67139564597325,32.491570736623935,8962,
2016-09-21,32.52312088012695,33.027843911669194,32.01839784858471,32.302305305923866,3680,
2016-09-22,33.94265365600586,34.47892379922734,32.302303303501695,32.64930021575729,10208,
2016-09-23,32.90166091918945,33.87956212399501,32.68084296538887,33.87956212399501,6475,
2016-09-26,31.576765060424805,34.5735609909621,30.91431591501632,32.68084777167539,18915,
2016-09-27,31.7344913482666,32.17612491670044,31.29285777983277,31.51367576740435,7402,
2016-09-28,30.88276481628418,31.86066596352588,30.09413447065235,31.86066596352588,18428,
2016-09-29,29.652507781982425,31.7975837757032,29.337055571535803,31.07204272899222,11857,
2016-09-30,30.44113540649414,30.914313677061408,28.70614841441416,30.28340931630505,18939,
2016-10-03,31.040496826171875,31.54521986263213,30.40959242891924,31.54521986263213,3284,
2016-10-04,31.040496826171875,32.11303478284322,30.91431546537949,30.91431546537949,3149,
2016-10-05,31.576765060424805,31.671401684072865,30.97740539297548,31.419038958817577,13875,
2016-10-06,31.26131629943848,31.76603939881552,31.16668207207942,31.419042418413152,7979,
2016-10-07,31.10358428955078,31.513673083899345,31.072039553072223,31.072039553072223,695,
2016-10-10,31.008953094482425,32.807029722350585,30.91431646913805,31.1666791989168,4912,
2016-10-13,31.2928524017334,31.545215085097745,30.314951215437148,31.41903374341557,2844,
2016-10-14,31.198219299316406,33.09093227108433,30.94585660706375,33.09093227108433,4843,
2016-10-17,31.576765060424805,31.86067252465968,31.22976811823077,31.22976811823077,8512,
2016-10-18,31.60831069946289,31.860673431904303,31.135132381167285,31.54522121970723,6425,
2016-10-19,31.98685073852539,32.144576824606176,31.355946394202245,31.54521721615737,2783,
2016-10-20,32.17612075805664,32.680843739586315,31.13512765320061,31.79757912358664,5467,
2016-10-21,32.3338508605957,32.712392542133585,31.355949511031746,32.712392542133585,5846,
2016-10-24,37.19181442260742,38.80062014228724,33.05939113269755,33.122480609269594,297473,
2016-10-25,35.39373779296875,37.22336161467912,34.731288618456176,37.09718024650782,54613,
2016-10-26,35.488372802734375,35.898461628916365,34.35274535438874,35.898461628916365,32728,
2016-10-27,34.510467529296875,35.583005377759775,34.44737565191139,35.3306426816359,5296,
2016-10-28,34.794376373291016,35.29909937931974,34.0688353975122,34.0688353975122,6945,
2016-11-01,36.75017929077149,37.47572027378798,34.10038047430107,34.25810656567777,28614,
2016-11-02,36.4031867980957,37.5388143127704,35.45683013474855,36.277005428307525,16947,
2016-11-03,36.4031867980957,36.81327324152047,35.96155320719181,35.96155320719181,13213,
2016-11-04,37.22335815429688,41.5765993079068,35.39373450267318,37.60189981691113,406462,
2016-11-07,37.19181442260742,38.80062014228724,36.78172560476133,37.91735303002301,43347,
2016-11-08,36.68708801269531,37.91734953956407,36.34008870336409,37.223355734319696,9079,
2016-11-09,34.7628288269043,37.160267289484544,29.43168897873224,29.967956715162018,27558,
2016-11-10,35.20446014404297,36.90790226854854,34.699737175558454,35.64609364398278,14114,
2016-11-11,34.41583633422852,35.930007935910794,34.19502074539166,34.19502074539166,9106,
2016-11-15,33.05939102172852,35.01519366940815,32.8070283028689,34.415834017148505,18764,
2016-11-16,33.658748626708984,34.06883744755774,33.12248085179225,33.46947778889774,5330,
2016-11-17,32.74394226074219,33.816477911611564,31.54522283049941,32.933213116383286,6789,
2016-11-18,32.80702590942383,33.05938860987226,31.766032778460403,32.17612156501183,4407,
2016-11-21,30.283409118652344,32.68084519253716,29.96795694033305,32.68084519253716,6820,
2016-11-22,30.378047943115234,30.85122624499112,29.81023301818046,30.28341132005633,4858,
2016-11-23,31.54521942138672,31.67140078041412,30.504226217797257,31.545219421386715,4867,
2016-11-24,31.10358428955078,32.176122176785455,31.040494816593675,31.22976564217412,4820,
2016-11-25,31.92376518249512,32.77548766003847,30.63041150182879,31.07204511166132,3874,
2016-11-28,32.58620834350586,32.61775307744077,31.54521527669147,32.239209050095106,1411,
2016-11-29,33.469478607177734,34.06883828049121,32.80702945528783,32.80702945528783,5157,
2016-11-30,33.43793487548828,34.699743738714254,33.28020876758504,34.699743738714254,3670,
2016-12-01,33.28020477294922,34.068835217805834,32.491574328092604,33.31174950940166,6289,
2016-12-02,33.40638732910156,33.75338425599896,32.55466497394335,33.12247987738216,2819,
2016-12-05,33.87956619262695,34.69974141751734,32.20766859800833,33.122480443993815,4899,
2016-12-06,34.6051025390625,35.33064350223854,33.6902931594611,35.33064350223854,9117,
2016-12-07,35.99309158325195,36.750177261395024,34.384286021391055,34.384286021391055,13249,
2016-12-08,36.655540466308594,36.90790316000075,34.794374625487734,35.330642341197304,18901,
2016-12-09,36.43471908569336,37.16025990895771,35.96154091574929,36.59244514234138,5424,
2016-12-12,36.59245681762695,37.16027176541182,35.64610017579177,36.43473071065443,6045,
2016-12-13,36.02463912963867,36.497817414564096,35.36219001208492,36.27700184428259,1769,
2016-12-14,36.655540466308594,37.63344409933394,35.39373181126583,35.64609450495799,20316,
2016-12-15,35.67764663696289,37.1918182996278,35.42528629765841,36.59245858287671,4677,
2016-12-16,34.8259162902832,35.33063922646233,34.16346728612879,35.33063922646233,2810,
2016-12-19,33.94265365600586,34.57355800800117,33.753382831749086,34.57355800800117,2342,
2016-12-20,34.54201889038086,36.59245836789205,33.87956969437299,34.69974500403557,2336,
2016-12-21,33.81647109985352,34.35274122397513,33.81647109985352,34.258104611862784,374,
2016-12-22,32.113033294677734,34.699740240858034,31.54521840078003,33.154024057877976,18532,
2016-12-23,31.98685073852539,33.059388605216554,31.95530600265105,32.491573732642095,3158,
2016-12-26,32.491573333740234,33.09093293483065,31.54521682887401,31.98685034582006,6883,
2016-12-27,32.14458084106445,32.77548526421897,31.41903979175301,31.797583889671348,924,
2016-12-28,32.27075958251953,32.80702733590351,31.98685213384776,32.775482598653134,937,
2016-12-29,32.491573333740234,32.523118069227294,31.60830629984814,31.89221373264981,749,
2016-12-30,32.01839828491211,32.20766912348106,31.22976778528373,32.176124384837784,7727,
2017-01-02,32.36539077758789,32.807024278057376,32.207664699328,32.807024278057376,1359,
2017-01-03,33.28020477294922,33.4063861254681,32.30230350266884,33.374841389015664,3678,
2017-01-04,32.74394226074219,33.24866534468828,32.491579515414394,33.122483972024376,2464,
2017-01-05,33.05939102172852,33.43793269330869,32.491576107649,33.374843216948406,985,
2017-01-06,32.61775207519531,33.37483769991473,32.55466020255519,33.09093028980634,1183,
2017-01-09,35.83536529541016,39.11606827744052,35.48836839687144,36.43472488745468,598020,
2017-01-10,34.98365020751953,37.44417597597532,34.76283221878406,35.8669149423334,82250,
2017-01-11,35.33064651489258,36.0561875399357,34.3842899118151,35.33064651489258,53384,
2017-01-12,34.06884002685547,36.27700558415165,33.78493254528978,36.245460843246455,36577,
2017-01-13,33.31174850463867,34.60510191385103,32.838570251996906,33.97419757699534,38010,
2017-01-16,33.56411361694336,34.69974102364819,32.96475397246578,33.31175090136041,42955,
2017-01-17,33.21711349487305,35.33064200954623,33.122476883949595,35.17291592914647,38555,
2017-01-18,33.12248229980469,33.911112830752415,32.99630093351117,33.65875009816539,33155,
2017-01-19,34.85746765136719,35.33064594527715,33.75338496557728,34.38428935745723,94810,
2017-01-20,36.46627426147461,38.390532222444,34.69974240233401,34.69974240233401,108298,
2017-01-23,35.77227783203125,36.59245302186925,35.046736852534664,36.59245302186925,10419,
2017-01-24,35.70918273925781,36.40317891953998,35.33064111852858,35.58300380348736,21825,
2017-01-25,35.299102783203125,35.7407363585808,34.952105833516875,35.646099732889375,53266,
2017-01-27,35.9615478515625,36.59245219983553,34.952101857009296,35.01519132915296,56128,
2017-01-30,36.21390914916992,36.52936131107312,35.078279440951235,35.64609429506058,6546,
2017-01-31,35.99309158325195,36.56090644353652,35.10982696434255,36.56090644353652,37816,
2017-02-01,36.81327438354492,37.16027376290442,35.64610209189243,35.83537294909155,20804,
2017-02-02,38.26435089111328,38.48516645728288,36.308545905816025,37.06563162894047,88495,
2017-02-03,40.34634017944336,40.53561103366722,37.85426711315227,39.084531275671615,119425,
2017-02-06,40.91414642333984,42.901496102538125,40.50405763026429,40.50405763026429,57983,
2017-02-07,41.071876525878906,42.14441692131195,39.620796850174784,41.00878704695195,81812,
2017-02-08,41.071876525878906,42.27059587916586,40.40942977701783,42.27059587916586,45415,
2017-02-09,42.64913940429688,44.4787632525464,41.32424103605374,42.27059770100154,194734,
2017-02-10,42.45985794067383,43.122304514972136,41.86049601526019,42.33367420265217,50271,
2017-02-13,42.77531814575195,43.84785364773939,41.63968835612662,43.31158589674567,61397,
2017-02-14,41.765869140625,43.46931389994773,41.19805903426931,42.80686235797469,32250,
2017-02-15,41.008785247802734,43.9424916166754,39.87315782997466,43.9424916166754,47662,
2017-02-16,42.08131790161133,42.71222224684339,40.0308811863162,41.103419054552525,31817,
2017-02-17,41.10342025756836,43.0592228223466,40.85105754940575,43.0592228223466,41382,
2017-02-20,41.57659912109375,42.27059296833801,41.00878422301449,41.67123573967669,20071,
2017-02-21,41.67123794555664,42.58604740897457,41.22960197326425,42.58604740897457,15799,
2017-02-22,42.86994934082031,43.97403197092816,41.73432438076035,41.73432438076035,77573,
2017-02-23,44.19485092163086,45.92983785581679,42.55449578766602,42.55449578766602,215964,
2017-02-27,43.942481994628906,45.64592154501574,42.996125619210126,45.64592154501574,35893,
2017-02-28,44.163307189941406,44.76266443358036,43.53240280151367,43.87940214051632,23851,
2017-03-01,44.85729598999024,46.02446801412024,43.59548735559716,43.59548735559716,165973,
2017-03-02,44.41566848754883,45.519751131987945,44.28948472584764,45.48820398820806,35832,
2017-03-03,44.19485092163086,45.42511245868637,43.72167266685288,44.16330377927841,17576,
2017-03-06,43.78476333618164,45.29893475558568,43.65857957673733,44.19485213089373,3275,
2017-03-07,43.69012451171875,44.79420708060695,43.50085128882785,44.16330275552798,8911,
2017-03-08,43.15385818481445,44.69957190556153,42.491406696826765,43.62703644382905,7085,
2017-03-09,43.942481994628906,44.226386981887565,42.96457848132919,43.05921508155456,40498,
2017-03-10,43.84785461425781,44.983484428915325,43.62703904291287,44.983484428915325,7799,
2017-03-14,43.24849319458008,43.56394535555172,42.90149389214407,43.56394535555172,6667,
2017-03-15,43.40621948242188,43.97402952414894,42.45986299498609,42.96458356690104,31969,
2017-03-16,43.2800407409668,44.16330786086787,42.93304621011112,42.93304621011112,23411,
2017-03-17,42.838409423828125,44.44721274455341,42.42832060400533,43.343130052255866,16824,
2017-03-20,42.30214691162109,43.53240871068586,42.27059976255004,42.586051999584,9410,
2017-03-21,41.79741287231445,42.93304261911818,40.851056354450726,42.9014954764888,15512,
2017-03-22,41.923587799072266,42.36522368647741,41.00877851149071,41.5765933304872,23770,
2017-03-23,41.79741287231445,42.74376939017817,41.13496138444258,41.98668610125446,20624,
2017-03-24,41.79741287231445,42.9014954764888,41.63968678600383,42.27059113124631,40779,
2017-03-27,41.63969039916992,42.64913647646608,41.10342262186433,42.64913647646608,25533,
2017-03-28,42.93304443359375,44.47875821939694,41.57659907131145,41.63968854581841,175804,
2017-03-29,43.81630325317383,44.478754716877496,41.450412044829285,43.05921999187077,83816,
2017-03-30,43.72167205810547,44.10021369397371,42.61758947899592,43.4062198926456,17616,
2017-03-31,42.80685424804688,44.79420368403624,41.16650408990655,44.79420368403624,15621,
2017-04-03,44.38412094116211,44.76266259599526,42.39677123651521,44.10021590339182,18955,
2017-04-05,42.33367919921875,44.38411825326022,42.14441078997341,43.6585773176081,64947,
2017-04-06,41.48196029663086,42.74376897485537,41.04032918461952,42.27059072052118,59065,
2017-04-07,41.008785247802734,42.20750454849912,40.66178590880008,41.19805848969845,80237,
2017-04-10,41.32423782348633,42.23904726978388,40.63024395249317,42.23904726978388,33768,
2017-04-11,42.45985794067383,44.47874961484596,41.00877624063812,41.418864965727984,104508,
2017-04-12,42.61759185791016,43.53240126344123,42.01822982202918,43.53240126344123,27039,
2017-04-13,41.545047760009766,43.53239729484951,41.32423221467599,43.43776068587279,41063,
2017-04-17,43.500858306884766,44.03713092045394,42.20750711986545,44.03713092045394,99009,
2017-04-18,41.79741287231445,43.87939913698191,41.00878244076135,43.53239982173128,51506,
2017-04-19,41.41887283325195,42.239045625806256,41.04033117411779,41.82896163623828,6019,
2017-04-20,42.27059555053711,42.83841048330269,41.67123828526263,41.92359619900852,48160,
2017-04-21,42.49140930175781,43.46931302237218,42.270593730030896,42.270593730030896,21676,
2017-04-24,43.21694946289063,43.72167488563479,42.58604509116959,43.34312841186748,34530,
2017-04-25,46.30838394165039,46.87619886456667,41.9551426171837,42.901499217571306,261885,
2017-04-26,44.69957733154297,47.19165268624483,44.28948849460026,46.68692722332784,67732,
2017-04-27,43.72167205810547,44.79420749530181,43.24849380991567,44.79420749530181,19603,
2017-04-28,43.40621948242188,43.94248719595189,42.96458356690104,43.53239842204611,24317,
2017-05-02,45.23584365844727,46.62383622968381,44.25794472425417,46.62383622968381,195768,
2017-05-03,45.96138000488281,47.50709851915931,44.79420794368176,46.37146878676915,99713,
2017-05-04,48.76891326904297,49.21054443475664,45.519754564833626,46.59229014637751,181182,
2017-05-05,47.60173416137695,49.46290499450287,47.34937625684736,48.76891113020952,59225,
2017-05-08,47.38091659545898,48.548088701784174,47.34937426542864,48.264183664419605,19142,
2017-05-09,47.38091659545898,47.88564201012742,45.898292308320606,47.002374941166806,28281,
2017-05-10,49.49444580078125,50.47234949766586,47.63327983842216,47.63327983842216,151001,
2017-05-11,48.89509201049805,50.030721879335154,48.57963980397871,49.21054421701739,48210,
2017-05-12,48.61118316650391,49.21054038687416,47.696368950748216,48.86354106134298,22416,
2017-05-15,49.683719635009766,51.387159525699886,48.895089164612784,51.387159525699886,46175,
2017-05-16,48.86354446411133,50.91398378968662,48.57963940593759,50.85089431158341,30566,
2017-05-17,49.24208450317383,51.73415466214149,48.86353805735058,48.89508519897519,29827,
2017-05-18,48.01182174682617,50.156897574323686,46.97082857033578,50.156897574323686,44038,
2017-05-19,45.99292755126953,48.54808725147342,42.3967699093786,48.39036116577868,70649,
2017-05-22,42.743770599365234,45.29893519524811,41.35578292593398,44.54184707148882,133944,
2017-05-23,41.10342025756836,42.964586205108326,40.15706371202228,41.76586695139963,36880,
2017-05-24,42.20750427246094,43.18540318007735,41.0087849796042,41.0087849796042,17503,
2017-05-25,42.58604431152344,43.122312054984896,41.35578273455785,41.986687094728566,8070,
2017-05-26,42.55449676513672,43.53240043950744,41.98668669709512,42.74376999676274,6970,
2017-05-29,46.02447891235352,46.308388810370346,42.775324760151655,42.775324760151655,35982,
2017-05-30,45.26737976074219,46.02446293241899,43.84784520378511,45.42510582262631,36652,
2017-05-31,43.15385818481445,45.298933921697575,43.027674427693,45.10966069272448,34343,
2017-06-01,43.53240203857422,44.7942107933155,42.4283193781756,44.7942107933155,23309,
2017-06-02,43.62704086303711,44.73112357924273,43.153862556091845,44.16330864822468,13202,
2017-06-05,44.41566848754883,44.47875796169025,43.56394855309375,43.847853593439325,34906,
2017-06-06,43.500858306884766,44.44721494718032,42.964590506734375,42.964590506734375,27285,
2017-06-07,43.40621948242188,44.1633027470033,42.901494097088914,44.1633027470033,30460,
2017-06-08,44.19485092163086,44.4787559491304,43.40622049700089,43.40622049700089,21610,
2017-06-09,44.76266479492188,45.04657466005728,43.56395029796749,43.879402494727806,40807,
2017-06-12,44.163307189941406,45.3620264906378,43.2169506072998,44.4156699079962,10168,
2017-06-13,45.33047866821289,45.425115287746046,42.90149777176016,44.82575805306677,91834,
2017-06-14,45.58284378051758,45.77211702954117,44.25794547760841,44.25794547760841,28694,
2017-06-15,44.35258102416992,45.74056877188025,44.16330777974645,45.70902162667015,17849,
2017-06-16,45.0150260925293,46.18219822097588,43.69012787068673,45.48820437271724,31422,
2017-06-19,45.42511749267578,45.99293242401796,44.66803412649865,45.99293242401796,53302,
2017-06-20,45.10966110229492,45.740565453375964,44.95193501452466,45.740565453375964,20785,
2017-06-21,44.79421615600586,45.393573460894686,44.32103781632974,45.393573460894686,27475,
2017-06-22,45.17275238037109,45.992929994928,44.92038966716756,44.98348395553224,21547,
2017-06-23,45.29893112182617,45.992924896135705,44.60493253409877,45.4251100577305,9507,
2017-06-27,45.42511749267578,45.709022551637545,43.78476699034622,44.41567139996672,9656,
2017-06-28,46.276832580566406,47.948730051629205,44.22639346651647,44.22639346651647,32985,
2017-06-29,45.70901870727539,46.33992306383361,45.42511367219149,46.33992306383361,5959,
2017-06-30,46.11911010742188,46.686925023089096,45.456663383658885,46.592288401574805,17560,
2017-07-03,49.74681091308594,50.219989212475,45.86674789541195,47.317829938905824,230927,
2017-07-04,47.60173416137695,50.25153547970407,47.03392406276688,50.21998833492862,13657,
2017-07-05,48.48500061035156,48.895089419781804,47.31782847075659,47.31782847075659,14972,
2017-07-06,49.58908081054688,52.01806158866397,47.44400506377947,48.89508699014458,57133,
2017-07-07,49.93608093261719,51.607978445147005,49.49444499366347,49.589081610112,64254,
2017-07-10,49.27362823486328,51.576430049929066,48.327271720185685,49.55753807731745,1859,
2017-07-11,48.83200073242188,52.99596874235151,48.6742746349744,51.73415996277171,19782,
2017-07-12,50.15689849853516,52.30197436555872,47.91718601128351,50.28307744989365,114293,
2017-07-13,49.96762466430664,51.63952222374078,49.87299285862152,50.15689790251368,31006,
2017-07-14,47.94873428344727,49.93608410130018,47.69637156137699,49.93608410130018,28749,
2017-07-17,47.7279167175293,49.11590441094133,47.41246453144307,49.11590441094133,27461,
2017-07-18,47.34938049316406,48.39036897603138,47.31783334556612,47.980284937771614,10638,
2017-07-19,48.70581817626953,49.21054362600627,47.317830409621415,48.86354427763493,15046,
2017-07-20,50.724708557128906,51.26097626926221,49.17899007695882,49.46289991050092,59028,
2017-07-21,49.872989654541016,51.73415551919355,49.52599034459382,51.73415551919355,10769,
2017-07-24,49.178993225097656,51.73415782345258,48.61118314850172,51.29252669422945,20852,
2017-07-25,49.80989837646485,50.21998718203884,48.20109511163846,48.89508895999994,18911,
2017-07-26,49.96762466430664,50.945528372678986,48.989725769352695,50.945528372678986,18522,
2017-07-27,49.33671951293945,50.15689711439117,47.38091694034497,49.46290327423419,26780,
2017-07-28,49.62062454223633,50.377707782736486,48.76890469331919,49.21053578137464,14806,
2017-07-31,49.08435821533203,49.74680486589902,48.26418067072378,49.46289984614431,31846,
2017-08-01,48.61118316650391,49.4313559515675,47.696368950748216,48.57963602293987,52498,
2017-08-02,49.210540771484375,49.74680852233612,47.696369323524266,48.5796364026192,50234,
2017-08-03,49.210540771484375,49.36826686370067,48.2957313619972,48.86354144324119,49411,
2017-08-04,49.4629020690918,50.156895892339904,47.980277807284885,49.21053936606933,25275,
2017-08-07,49.62062454223633,49.9676190218748,48.57963147648522,48.57963147648522,21010,
2017-08-08,49.24208450317383,50.15689384927132,48.95817466880639,49.21053736154922,25094,
2017-08-09,49.210540771484375,50.4092600350119,48.07491098215971,48.5796364026192,52010,
2017-08-10,45.29893112182617,48.70581052542167,44.16330144501576,48.70581052542167,44831,
2017-08-11,44.06866836547852,46.6553752660084,40.56715207283799,44.54184663313953,21868,
2017-08-14,45.33047866821289,46.68692404573899,43.87940148457206,44.79421090874958,43156,
2017-08-16,46.71847152709961,47.25473929043176,45.42511561545875,45.51975223567465,5782,
2017-08-17,46.21374130249024,47.16009777967434,45.83519967430019,46.05601522295955,7861,
2017-08-18,45.64592742919922,47.75945597740445,45.172749180492765,47.75945597740445,10008,
2017-08-21,44.95193862915039,47.22319351299217,44.79421252869723,47.22319351299217,11973,
2017-08-22,44.163307189941406,46.02447321043582,44.163307189941406,45.015027151635145,6478,
2017-08-23,44.98348236083984,46.21374392564326,44.19485191842272,45.362024010516414,9214,
2017-08-24,47.66482162475586,48.54808379095272,45.046567826169415,45.42510944217061,28070,
2017-08-28,50.94552230834961,51.3556110667041,47.94872687844669,49.84143978154327,60795,
2017-08-29,49.90453338623047,50.75625330055105,49.84144391358047,49.96762285888048,17940,
2017-08-30,51.70261764526367,54.25778258784976,49.525999222630304,49.525999222630304,52503,
2017-08-31,50.40925979614258,52.99596673354879,49.90453437807478,52.3335152240121,19813,
2017-09-01,52.27042388916016,54.4785890911089,51.671066688284185,53.94232136189069,133195,
2017-09-04,51.00861740112305,53.72150812011276,49.715266329423855,52.3650627606179,104769,
2017-09-05,51.544883728027344,52.17578808119006,51.13479974920615,51.73415695934345,30527,
2017-09-06,51.418704986572266,52.33351437691699,50.88243724694197,52.30197204718476,23253,
2017-09-07,52.04096984863281,52.99074514635032,51.54970831451468,52.99074514635032,30465,
2017-09-08,50.69819641113281,52.69599051872503,50.436189233820535,50.96020358844509,8102,
2017-09-11,50.37068557739258,52.56498618176789,50.10867841626472,50.7636938203989,11756,
2017-09-12,49.2899055480957,50.76369009936767,48.831396797759325,50.01042144035455,10986,
2017-09-13,50.14142608642578,51.4187039956498,49.388157448798864,49.388157448798864,8474,
2017-09-14,49.8794174194336,51.32044911876402,49.32265539911822,50.63268603391689,8410,
2017-09-15,49.48641204833984,50.66543668842055,48.864144462929794,48.864144462929794,7548,
2017-09-18,48.92964553833008,51.84446689740692,47.521366508045205,51.84446689740692,26225,
2017-09-19,51.22219467163086,54.8247788364414,48.79864005061548,49.748410240572,130525,
2017-09-20,51.156700134277344,53.7112611135419,50.468936984294686,52.1392232034275,24137,
2017-09-21,51.02569580078125,52.17197264163218,50.17417386291524,51.68071113841035,18376,
2017-09-22,47.55411148071289,51.64795725207885,47.488610947845096,50.9274413957925,48435,
2017-09-25,46.83360290527344,49.78117231889205,45.58907259782692,49.715671775841415,24748,
2017-09-26,47.1938591003418,47.81612169884425,46.63709204156832,47.81612169884425,5561,
2017-09-27,45.7528190612793,49.42090385049842,44.67204278477957,49.388156082950125,13606,
2017-09-28,47.48860931396485,47.7833642004138,45.19605576087688,46.50608636264143,8953,
2017-09-29,47.717864990234375,47.81611828755958,46.34233381979234,47.19385573345042,11911,
2017-10-03,47.48860931396485,50.108670517493934,46.93184730768894,50.108670517493934,7291,
2017-10-04,49.45365905761719,50.27242824731284,46.702596579188025,48.79864370586067,84536,
2017-10-05,48.5366325378418,49.71566207210926,48.14362435887602,49.19164783524147,11297,
2017-10-06,48.66764450073242,49.55191426003901,48.012629123857806,48.83139834495108,8753,
2017-10-09,49.2899055480957,50.40342965455296,48.20912921102215,48.20912921102215,58418,
2017-10-10,50.01041412353516,50.468927804158845,48.60213031444141,50.10866741205236,28481,
2017-10-11,48.83139419555664,50.43617973358626,48.79864143054775,49.781164412370856,13649,
2017-10-12,48.471134185791016,49.12614951262603,47.78336609366611,49.12614951262603,22346,
2017-10-13,47.94712448120117,49.682916261719,47.81612340233489,48.47113879140797,13353,
2017-10-16,48.34013366699219,49.51915827022955,47.84887216630069,49.51915827022955,7977,
2017-10-17,48.01263046264648,48.79864693786509,47.685122765076926,47.685122765076926,7904,
2017-10-18,47.32485580444336,48.79864024125993,46.40783337761678,48.79864024125993,87993,
2017-10-19,47.1938591003418,48.1108766144779,47.0301052589074,47.68512062464499,14743,
2017-10-23,47.25936126708984,49.453661818502894,46.73534695748188,46.73534695748188,20125,
2017-10-24,46.17858123779297,47.32485807702896,45.55631866687017,47.030103174459306,305841,
2017-10-25,45.7528190612793,47.16110299748377,44.90130214446913,47.16110299748377,21105,
2017-10-26,46.604339599609375,47.35760819416641,45.62181664950111,46.50608630512452,18035,
2017-10-27,46.83360290527344,47.35761724442074,45.94933308066208,46.6698490489613,15677,
2017-10-30,48.17638397216797,54.95579226464245,41.36422291121883,46.866353191115095,115035,
2017-10-31,48.40563583374024,50.37068190279028,47.68511994122934,47.68511994122934,40940,
2017-11-01,47.4231071472168,49.45365351042239,47.19385279929148,48.4383778301346,27936,
2017-11-02,47.32485580444336,48.04537164074631,46.89909485655564,48.04537164074631,21120,
2017-11-03,47.45586395263672,48.4711398263257,47.324862870973405,48.04537881486352,21640,
2017-11-06,47.12835311889648,48.471136604871575,46.70259713310153,47.81612124534628,18466,
2017-11-07,46.768096923828125,48.1763809238255,46.50608978472179,47.71786718104677,14616,
2017-11-08,46.47333908081055,48.143630294041934,46.11308362125037,48.143630294041934,54094,
2017-11-09,45.94932556152344,48.143625877557085,45.5563173701603,48.07812534522495,45008,
2017-11-10,45.94932556152344,47.16110290046409,45.62181790249244,47.09560236813194,14511,
2017-11-13,46.50608825683594,47.78336614663188,45.6545663320584,47.78336614663188,58098,
2017-11-14,45.85107803344727,46.50609343392508,45.32706371411664,46.30958681483337,38339,
2017-11-15,45.163307189941406,47.4231131862125,44.672045668669945,47.4231131862125,33172,
2017-11-16,45.818321228027344,45.88382676020103,44.77029767906455,45.16330588525429,12374,
2017-11-17,45.228816986083984,46.506095062804114,44.67204987828031,45.52357192767445,15981,
2017-11-20,45.85107803344727,46.669847284044536,44.60654777306522,44.90130770170279,25482,
2017-11-21,45.58906555175781,46.50608800484861,45.26155788975184,46.50608800484861,46664,
2017-11-22,44.67204284667969,49.060648491226594,44.54104178156438,47.16110306283288,367811,
2017-11-23,45.39256286621094,46.342333064341226,44.70479479351644,45.19605627476388,57606,
2017-11-24,45.68732070922852,45.851074546896,45.19605919622606,45.851074546896,16255,
2017-11-27,50.305171966552734,50.59992682288381,45.19605114277001,46.3750805628336,1323137,
2017-11-28,51.844459533691406,55.61079732992325,50.43617570606117,51.45145137181946,590849,
2017-11-29,52.53223037719727,54.13702102302061,50.46893597129256,52.85973806034031,242948,
2017-11-30,53.94051361083984,54.92303664563609,51.90996700506838,52.53222959482444,274102,
2017-12-01,51.7462158203125,54.988540002510334,51.68071528077362,53.90776860669161,155649,
2017-12-04,49.7484130859375,52.40122721251949,49.126150511737016,51.778964638319,32303,
2017-12-05,47.94712448120117,49.78116956955413,47.52136847620033,49.78116956955413,99166,
2017-12-06,47.12835311889648,48.962398124515545,46.60434382969861,48.79864428463422,9295,
2017-12-07,47.97987365722656,48.79864283226456,46.89909734670232,47.816119822218965,23630,
2017-12-08,49.09339904785156,50.7309374416741,47.52136618767839,48.83139690273642,57041,
2017-12-11,48.5366325378418,50.10867025107504,48.34013094704397,48.471132007575854,18692,
2017-12-12,47.7506217956543,49.45366076970647,47.52136741407682,49.12615308248987,61554,
2017-12-13,47.4231071472168,49.25714692798928,47.1611000364293,47.25935332764586,39276,
2017-12-14,46.66984558105469,48.40563732845578,45.32706206012517,48.40563732845578,43117,
2017-12-15,45.88382339477539,48.66763839737733,45.49081022004138,47.22660175054956,62663,
2017-12-18,44.83579635620117,46.833595067833066,44.34453486947565,46.17857975219904,55439,
2017-12-19,47.32485580444336,47.84887004759288,45.261556593426114,45.35980988868793,188247,
2017-12-20,46.702598571777344,47.78336995039081,46.47333919098467,46.50609195891812,34156,
2017-12-21,49.35540771484375,50.66543847036645,46.669845665496354,47.128354430981005,159190,
2017-12-22,48.37287902832031,50.5999320534477,47.97987084679669,50.30517716664753,62629,
2017-12-26,47.65236282348633,49.0606467105273,47.16110135107925,48.47113194416478,171886,
2017-12-27,48.864139556884766,49.65016090205789,47.2921018639086,48.34013032413942,53342,
2017-12-28,48.864139556884766,49.45365431642209,48.438378619587255,48.471131382983245,20902,
2017-12-29,48.17638397216797,49.126154289482976,47.68512242927314,48.50389166743119,27607,
2018-01-01,48.3073844909668,50.27243063975189,48.14363064523471,50.27243063975189,28944,
2018-01-02,48.01263046264648,49.28990848421944,46.93185406119275,47.91437715390144,52653,
2018-01-03,48.34013366699219,49.0933973034895,47.81611940063976,47.88161993459121,30430,
2018-01-04,48.37287902832031,49.02789432998306,47.88161755207325,48.34013126165927,15891,
2018-01-05,47.88161849975586,49.58465731831188,47.81611796776722,49.12614859702112,55513,
2018-01-08,49.81391906738281,51.549705736565336,48.11087516971087,48.79864328202997,87290,
2018-01-09,51.45145797729492,52.171973866123565,50.5671832528451,51.71346012059948,195645,
2018-01-10,49.32265853881836,52.07372104807004,48.86414478902935,52.07372104807004,146101,
2018-01-11,50.9601936340332,52.335724799516456,49.28990257763693,50.69818650790061,238981,
2018-01-12,50.23967361450195,53.02348875605558,49.45365722054084,50.59993404353351,152404,
2018-01-15,49.8794174194336,51.41870241584798,49.257149869482056,50.20692507813327,61861,
2018-01-16,48.438385009765625,51.02569874090503,48.0781295517338,50.10867621591094,50203,
2018-01-17,47.25936126708984,50.37068436163142,46.50609257104246,50.37068436163142,71447,
2018-01-18,46.50608825683594,48.40563370623711,46.1785805930554,47.48861124817754,63038,
2018-01-19,46.08032989501953,49.38815948483052,45.35981399351366,46.50609088143639,180931,
2018-01-22,46.047584533691406,46.997354862984544,45.26156305672417,46.997354862984544,78899,
2018-01-23,45.7528190612793,47.06284970009829,45.39256363402625,46.44058714560739,75004,
2018-01-24,44.93405151367188,47.22660521332217,44.672044377094885,46.53884210184937,180973,
2018-01-25,43.72227478027344,44.86855164717199,43.46026763979395,44.86855164717199,88107,
2018-01-29,44.14803314208984,45.85107195820631,43.558518360296,43.68951942408563,85460,
2018-01-30,44.31179428100586,46.11308669082422,43.55852554651669,45.03231024545899,112040,
2018-01-31,42.80525207519531,45.26155963495063,42.28124279420315,43.95152893641446,62412,
2018-02-01,42.77250671386719,44.999555028845336,42.31399294514695,44.999555028845336,25721,
2018-02-02,41.1677131652832,42.57599714732258,40.77470496032047,42.51049661272387,22478,
2018-02-05,42.73975372314453,43.88603064292235,39.30092296381106,40.54545319047256,1417732,
2018-02-06,41.26596450805664,42.34674076845598,39.95593388875326,40.64369946415052,19983,
2018-02-07,42.08473587036133,43.46026709388737,41.888231766812645,42.08473587036133,18290,
2018-02-08,43.00175857543945,44.14803543390007,42.2484899261198,43.49302008620829,21425,
2018-02-09,41.98648071289063,43.65677176591876,41.593472523169375,43.65677176591876,28742,
2018-02-12,41.396968841552734,42.903503582103305,41.16771197968918,41.95373336434838,60940,
2018-02-14,41.10221099853516,42.1829872672934,40.80745360717517,40.97120743585459,47750,
2018-02-15,41.13496017456055,41.59347138245056,40.97120635022019,41.06945964429843,48685,
2018-02-16,40.7419548034668,41.46247068074677,40.61095123522901,41.26596657773271,17217,
2018-02-19,39.202667236328125,41.26596656400233,38.842409297808,41.26596656400233,14637,
2018-02-20,38.089141845703125,39.726680145197065,37.76163418580433,38.645903868057005,35725,
2018-02-21,35.60008239746094,39.30092003341492,35.0433203631283,38.31839703257955,87005,
2018-02-22,35.108821868896484,36.48435560735352,34.78131419288557,36.02584436120117,59047,
2018-02-23,36.18959426879883,36.68085572946126,35.10881805586749,35.10881805586749,63362,
2018-02-26,39.36642456054688,39.69393226071344,36.09134755888123,36.22235113868495,100485,
2018-02-27,37.66337966918945,39.30091791567595,37.33587201989215,39.16991435622002,46168,
2018-02-28,37.2703742980957,38.51490195999845,36.15684770683568,37.303124565756384,47665,
2018-03-01,37.041114807128906,37.630629578065,36.18959541475407,36.87736098172278,50764,
2018-03-05,36.45160675048828,39.30092264260284,36.02584575571927,37.3358765104727,25815,
2018-03-06,35.698333740234375,38.31839493217818,35.239822531907194,37.92538675286064,23627,
2018-03-07,34.87957000732422,36.02584695592173,33.40578535912742,35.0760741273467,38189,
2018-03-08,34.12629699707031,35.37082709814579,33.73328880656497,35.37082709814579,34309,
2018-03-09,33.63503646850586,35.04332043888855,33.40578210062273,35.04332043888855,267360,
2018-03-12,34.68306350708008,35.239825558715346,33.73329074368585,34.71581377505534,725871,
2018-03-13,34.51931381225586,34.97782511500556,34.15905582391166,34.84682152869342,47761,
2018-03-14,33.37303161621094,34.68306227829038,33.07827421750602,34.38830487958547,41894,
2018-03-15,33.89704895019531,34.29005721391174,32.78352220475129,34.29005721391174,42813,
2018-03-16,34.48655700683594,34.94506572403511,33.66778787085868,34.35555344534256,63554,
2018-03-19,33.471282958984375,35.2725751485296,33.24202858887999,35.2725751485296,70541,
2018-03-20,33.01277542114258,34.02804873794492,32.48876112978689,33.11102622675778,50160,
2018-03-21,33.11102294921875,34.09354590022634,32.78351529888289,32.78351529888289,40435,
2018-03-22,33.14377212524414,33.7332868759483,32.750763957231364,32.750763957231364,31899,
2018-03-23,32.587013244628906,32.88177064808622,31.57173996488505,32.71801681268607,102871,
2018-03-26,32.81626510620117,33.66778698413878,32.325003637553344,33.66778698413878,748936,
2018-03-27,33.43852996826172,34.060794991889004,32.94726850203255,34.028044727210734,46350,
2018-03-28,32.32500457763672,33.73328849485723,31.637239001265,33.73328849485723,13941,
2018-04-02,34.0608024597168,34.0608024597168,32.19400947822578,32.19400947822578,8156,
2018-04-03,33.045528411865234,34.48656283443052,32.750770973367814,33.798794645041376,30731,
2018-04-04,33.20927810668945,34.519308781519925,33.1437750737368,33.83154317697097,13374,
2018-04-05,37.33587265014648,39.13716475168864,33.47128132372745,33.47128132372745,139118,
2018-04-06,36.942867279052734,38.25289799818673,36.68086013575181,38.25289799818673,21469,
2018-04-09,36.48435592651367,37.95814048145528,35.73108726562496,37.95814048145528,18848,
2018-04-10,35.99309158325195,37.106618103771055,35.79658749108626,36.05859211441216,13638,
2018-04-11,37.8271369934082,39.16991798001723,36.025844755626856,36.05859502384946,37900,
2018-04-12,37.43412399291992,37.99088597760041,37.00836306438661,37.76163163065785,8547,
2018-04-13,37.8271369934082,38.31839851280312,36.41885297166867,37.4341287773664,28686,
2018-04-16,37.728885650634766,38.31840050401689,36.45160763278255,37.33587741417031,9262,
2018-04-17,37.8271369934082,38.31839851280312,37.33587547401329,37.4341287773664,18857,
2018-04-18,36.5171012878418,37.630627746131815,36.22234391672312,37.630627746131815,8307,
2018-04-19,37.59788513183594,37.72888621348813,36.38610513706944,36.71361283857085,22323,
2018-04-20,37.46688079833984,38.25289976587978,36.84461567825883,38.18739672768496,19065,
2018-04-23,37.43412399291992,38.15463979646938,37.07386359246021,37.82713215873145,15801,
2018-04-24,36.54985427856445,37.85988491577956,36.28784965033252,37.43412645789574,11577,
2018-04-25,35.66558837890625,36.54985815329578,35.50183453189445,36.22235045927219,6497,
2018-04-26,37.43412399291992,38.84240533598205,35.40357513973374,35.40357513973374,35720,
2018-04-27,37.69613265991211,38.64590541128237,37.00836704639752,37.20487115044666,16184,
2018-04-30,37.36862564086914,37.99089073015179,36.41885287287829,37.99089073015179,701709,
2018-05-02,35.79658889770508,37.85988569454936,35.56733203226558,37.85988569454936,14532,
2018-05-03,34.715816497802734,36.58260940434246,34.290055484676245,36.58260940434246,12095,
2018-05-04,35.53458404541016,35.66558761996902,34.715814827773976,35.043322514828446,3563,
2018-05-07,36.71360778808594,37.79438405383845,34.91231567762183,35.272573599977626,22485,
2018-05-08,39.7266845703125,40.70920765945112,35.501834787279336,38.056393319828494,128880,
2018-05-09,39.85768508911133,41.26596916320272,39.26817274313395,40.61095377965982,48533,
2018-05-10,39.9559326171875,40.545447376587234,39.759428530282605,39.79217879498592,28669,
2018-05-11,38.61315536499024,40.28344400700714,38.58040509724192,39.95593633215342,41961,
2018-05-14,38.84241485595703,39.85768828204328,38.187399419941954,39.85768828204328,19439,
2018-05-15,37.76163482666016,39.268169588025074,37.66338152754899,39.268169588025074,15283,
2018-05-16,35.305328369140625,37.663382629978194,34.97782069409733,36.877363710137246,18567,
2018-05-17,39.46467208862305,41.23321391017388,37.00836469721497,37.92538712281469,267204,
2018-05-18,37.63063430786133,39.75943430570996,37.3686271548058,38.64590765325206,13601,
2018-05-21,36.025840759277344,37.07386421825504,35.01056756488926,37.00836368907581,31099,
2018-05-22,35.698333740234375,36.61535615688873,35.5018296505756,35.698333740234375,7254,
2018-05-23,36.12409973144531,37.13937308546263,35.370831034024334,36.32060384856392,7878,
2018-05-24,35.63283920288086,37.30312799392845,34.715816631995466,37.30312799392845,14426,
2018-05-25,35.66558837890625,35.99309607292984,35.17432683787086,35.30533041521738,4830,
2018-05-28,35.698333740234375,37.00836433620628,35.534579915737886,35.79658703440629,19239,
2018-05-29,37.07386779785156,37.66338261212413,35.862090400239936,35.862090400239936,21803,
2018-05-30,38.15464401245117,38.48215168637779,36.713609747437,37.92538964017664,14363,
2018-05-31,38.48215103149414,39.23541966818045,37.66338186061128,39.23541966818045,14514,
2018-06-01,38.48215103149414,39.30092020237699,37.40137472645469,37.827135694787856,16649,
2018-06-04,36.45160675048828,38.77691084043855,36.35335344440762,38.25289903827424,10634,
2018-06-05,35.73108673095703,37.859886611795815,35.370828789321365,36.28785127592602,7491,
2018-06-06,36.71360778808594,38.31839580441825,34.453804458857576,35.6983345528341,11939,
2018-06-07,37.172122955322266,37.92539164463995,36.0585963053817,36.61536087969468,5833,
2018-06-08,37.33587265014648,38.02363822554374,36.6808573404948,37.49962647755941,10149,
2018-06-11,37.76163482666016,39.137166022105255,37.008366196635095,37.23762056298089,4054,
2018-06-12,38.25289535522461,38.678653810315545,37.33587291571544,37.59788004091381,8566,
2018-06-13,37.204872131347656,38.4821525893702,37.041118290541824,37.99089106695271,5366,
2018-06-14,37.07386779785156,37.7943861818164,36.025844237683955,37.106620564288576,7369,
2018-06-15,35.862091064453125,38.28564840324912,35.79659052773646,36.811863838956526,15307,
2018-06-18,36.71360778808594,37.63063022561444,35.79658784924256,35.829338115150335,3835,
2018-06-19,35.96034622192383,37.49963140228129,35.043323668507405,36.38610472990004,30594,
2018-06-20,34.78131484985352,37.204872197848815,34.68306404440559,35.82934093209529,59320,
2018-06-21,37.07386779785156,37.3358749372361,34.781314073635315,35.5345827253519,153924,
2018-06-22,36.35334777832031,36.68085541596284,35.46907815615948,36.35334777832031,185014,
2018-06-25,35.338077545166016,36.320600539941616,34.51930838285302,36.320600539941616,78708,
2018-06-26,35.338077545166016,36.05859340852738,35.0433201469963,36.025843141771894,92790,
2018-06-27,34.12629699707031,35.69833475646195,33.66778827437579,35.69833475646195,12246,
2018-06-28,32.88177490234375,34.715817596377526,32.42326360416392,33.73329445685741,155199,
2018-06-29,32.48875427246094,33.9952912940993,31.833739045204183,32.52150703277161,14299,
2018-07-02,32.6197624206543,33.536784867689555,32.42325832448535,32.48875885697995,5691,
2018-07-03,32.718017578125,32.750767846234176,31.76824481084715,32.42326016777183,2975,
2018-07-04,32.06300354003906,32.685268654450034,31.89924969407225,32.423261501428975,2602,
2018-07-05,32.1612548828125,32.81627027756376,31.53899225674716,31.99750103412469,6815,
2018-07-06,32.718017578125,33.242029363927685,32.09575248930949,32.16125302552784,4532,
2018-07-09,32.32500457763672,33.50403413562836,32.22675378026082,33.50403413562836,2490,
2018-07-10,32.32500457763672,33.40578083956736,32.22675378026082,33.40578083956736,3993,
2018-07-11,33.20927810668945,33.40578220817698,32.292255634834035,32.32500590196776,3232,
2018-07-12,32.45601272583008,32.75077015697999,32.09575475384039,32.75077015697999,3295,
2018-07-13,31.571741104125977,33.30753032279094,31.01497654446394,32.42326057919608,4551,
2018-07-16,30.35996055603028,31.899248131949854,29.803198506482182,30.949475372116115,12066,
2018-07-17,30.78572463989257,31.440740057762635,29.70494820093278,30.26171280533364,5858,
2018-07-18,30.294458389282227,31.407984927111787,30.13070456015097,30.78571987667599,2215,
2018-07-19,29.11543273925781,29.93420192484613,28.525917926160115,29.86869889078791,7788,
2018-07-20,29.27918815612793,30.065207116439257,28.55866973472363,29.24643788667441,4317,
2018-07-23,30.35996055603028,31.047728674358847,29.47569083058677,29.47569083058677,4584,
2018-07-24,30.52371597290039,31.08048054993392,30.19620828006376,30.785723126643862,2103,
2018-07-25,29.573944091796875,30.98222559698204,29.34468721977701,30.49096408382053,3964,
2018-07-26,29.934202194213867,30.458213977968747,29.83594889158502,30.29446013937752,2031,
2018-07-27,29.901451110839844,31.113228483896464,29.606693709676414,29.934201377927955,6541,
2018-07-30,30.52371597290039,31.08048054993392,29.77044977858737,29.77044977858737,1999,
2018-07-31,30.62196922302246,31.11323076135972,29.93420356908738,30.75297279964948,4555,
2018-08-01,31.113231658935547,33.53678915105288,30.78572395726254,31.342486050632463,9031,
2018-08-02,30.261707305908203,31.60448816878268,29.86869662739624,30.785719045239087,23174,
2018-08-03,30.94947624206543,32.48876136256703,30.62196855696421,31.014976779611537,898703,
2018-08-06,32.390506744384766,33.34027941914178,31.702741186348668,32.095749362745,7687,
2018-08-07,31.735490798950195,32.71801371843048,31.342480131947084,32.39050607860372,7937,
2018-08-08,31.93199920654297,32.75076841696715,30.91672588535405,31.47348794896836,16281,
2018-08-09,31.211483001708984,33.99529829047075,30.91672558904421,33.99529829047075,10983,
2018-08-10,31.014976501464844,31.375236950793592,30.39271390430133,31.375236950793592,15608,
2018-08-13,30.88397216796875,31.73549155198663,30.458211226617284,31.01497322805992,10924,
2018-08-14,31.17872810363769,32.390507939839466,30.26170815863961,30.42546198796268,15399,
2018-08-16,31.30973243713379,31.702743136389312,30.5892165698598,30.5892165698598,7324,
2018-08-17,31.27698135375977,31.637239277992744,30.556465505293804,31.27698135375977,3710,
2018-08-20,31.833744049072266,32.6197629450697,30.81847078697295,31.11322818530764,6002,
2018-08-21,31.17872810363769,32.35775767371188,31.014974274314632,31.70274235641962,4108,
2018-08-23,31.538991928100582,31.89924989172269,30.85122377183019,30.949477079493217,3849,
2018-08-24,31.34248161315918,32.29225431327903,30.65471603675692,32.29225431327903,7677,
2018-08-27,30.78572463989257,31.60449391223015,30.654721056581465,31.11323234882761,7238,
2018-08-28,31.08047866821289,32.390509360245595,30.81847153033225,30.9167248317088,11201,
2018-08-29,31.27698135375977,32.06300023306772,30.818470132606365,30.818470132606365,9054,
2018-08-30,31.964750289916992,32.063003597146235,30.883976403822302,31.17873132813924,5483,
2018-08-31,32.19400405883789,33.01277321090716,31.473485705805835,31.63723953621969,10910,
2018-09-03,31.833744049072266,32.81626704439777,31.506236383963763,32.42325884574164,6882,
2018-09-04,31.27698135375977,31.735492574913167,31.11322752468249,31.637239277992744,1200,
2018-09-05,30.88397216796875,31.70274128696384,30.78571887421532,31.66998852325599,5146,
2018-09-06,31.506237030029297,31.76824416696288,31.047728288423382,31.211482124335564,9810,
2018-09-07,31.211483001708984,31.80099532835323,30.982226125776243,31.50623791568845,3764,
2018-09-10,31.113231658935547,31.800997332711763,31.113231658935547,31.800997332711763,3083,
2018-09-11,29.966955184936523,31.40798959520609,29.148185917588528,30.98222857671093,41925,
2018-09-12,30.22896194458008,30.458216336888924,29.770450661276914,30.16345890485936,3013,
2018-09-14,30.130708694458008,30.458216397658635,29.37743997762236,30.19620923562394,13422,
2018-09-17,30.65471839904785,30.78572197100194,29.57394455246854,29.80319892937422,6042,
2018-09-18,29.704944610595703,31.11322858827597,28.984428737499183,30.065205045829178,16280,
2018-09-19,29.24643516540528,30.13070485179924,29.14818186750143,30.13070485179924,4659,
2018-09-21,28.918930053710938,30.425464929392763,28.16566136652733,30.13070750837808,9024,
2018-09-24,27.314138412475582,29.639442219458523,26.200611906703667,29.639442219458523,20500,
2018-09-25,26.56087303161621,27.969157091322405,26.39711918740318,27.215888408468327,16124,
2018-09-26,26.462621688842773,27.31414116178341,25.70935302123068,26.593622762614167,18171,
2018-09-27,26.0368595123291,26.42986771304112,25.774852379397625,26.20061334573997,41674,
2018-09-28,25.87310791015625,26.42986999229304,25.381846367558342,26.03686175768889,8416,
2018-10-01,25.18534278869629,25.873108463300085,24.301070493903865,25.873108463300085,15361,
2018-10-03,25.77485084533692,27.51064237565589,24.92333146201791,25.54559649168047,28488,
2018-10-04,25.938608169555664,26.167865052836607,25.21809224766788,26.135114783420867,1797,
2018-10-05,25.31634330749512,25.80760480118246,23.973559892468245,25.74210176947972,18583,
2018-10-08,24.235567092895508,24.82508188652109,22.991036972434912,24.59582502291773,11419,
2018-10-09,23.90806198120117,24.98883838530499,23.613304552928724,24.006315290187136,10629,
2018-10-10,25.218090057373047,25.84035511696733,23.31854461201893,23.58055174195921,18117,
2018-10-11,24.39932441711425,25.48010086056803,24.39932441711425,24.89058598255951,2263,
2018-10-12,24.857833862304688,25.44734619777888,24.006314378607293,24.235568759288583,23564,
2018-10-15,25.77485084533692,26.00410769767841,24.628574079684583,25.44734319800768,3382,
2018-10-16,27.21588897705078,27.510646402529247,26.20061562145643,26.20061562145643,10435,
2018-10-17,26.495370864868164,28.65692097588348,26.20061346366489,27.44514360266306,6117,
2018-10-19,25.742101669311523,26.069609330495343,25.61109810510096,26.069609330495343,617,
2018-10-22,24.595823287963867,26.069607669384023,24.49757249508019,25.54559594461608,6696,
2018-10-23,24.9233341217041,25.77485359589276,24.33382179281288,24.33382179281288,1449,
2018-10-24,25.31634330749512,25.80760480118246,24.59582495087591,24.792329048613816,5113,
2018-10-25,25.087087631225582,25.611099416208376,24.333821471151985,25.611099416208376,923,
2018-10-26,24.432069778442383,25.480095739988176,23.71155396006124,24.759577422922,4914,
2018-10-29,25.218090057373047,25.873105383538583,24.464821432808616,25.873105383538583,3327,
2018-10-30,25.512847900390625,26.03685967075686,25.15258996443166,25.41459460027217,3320,
2018-10-31,25.709352493286133,26.004109900589523,25.21809098067557,25.381844818212425,1548,
2018-11-01,25.218090057373047,26.06960948165121,25.054336225831666,25.84035511696733,4915,
2018-11-02,25.840356826782227,26.06961120663549,25.152591188537105,26.06961120663549,9020,
2018-11-05,25.938608169555664,26.200615322252343,25.25084251708362,25.87310763072419,1827,
2018-11-06,26.59362030029297,27.44514219307594,25.77485117160556,27.44514219307594,3160,
2018-11-07,26.72462654113769,26.85563011460454,26.52812243028009,26.69187627244232,2237,
2018-11-09,27.21588897705078,28.03465821522129,25.61110077049949,26.52812331672463,11516,
2018-11-12,26.10236167907715,27.80540315229673,25.90585756642864,27.80540315229673,17560,
2018-11-13,27.052135467529297,27.18313904701101,25.61110109060126,25.873108249564705,3647,
2018-11-14,27.96915435791016,28.624169670747936,26.56087043583488,27.11763495095807,18081,
2018-11-15,29.017179489135746,29.27918662846423,26.953882636993644,27.5106446847101,23757,
2018-11-16,28.427669525146484,30.359962967459243,28.198412634599137,28.198412634599137,8673,
2018-11-19,27.445144653320312,30.13070663668078,27.215887777525687,29.83594922419358,11002,
2018-11-20,27.21588897705078,28.13291152327592,27.183138707261044,27.838154097797453,3834,
2018-11-21,28.820674896240234,29.31193640015342,26.757375580330766,27.24863708424396,17083,
2018-11-22,28.689672470092773,29.803199089663416,27.44514477654879,29.803199089663416,15068,
2018-11-26,28.689672470092773,29.27918729771409,27.73989969167413,28.755175505764765,15208,
2018-11-27,28.820674896240234,29.21368309989669,27.117636015481946,28.820674896240234,14733,
2018-11-28,27.64164924621582,28.78792614920961,27.31414155964617,28.49316873155985,8952,
2018-11-29,27.37964057922364,28.493167151549983,27.117635943707864,27.21588674501932,2902,
2018-11-30,27.477895736694336,28.132911117789863,27.18313831546428,28.132911117789863,4980,
2018-12-03,27.281389236450195,28.00190509317478,27.08488264035698,27.44514306740444,1808,
2018-12-04,27.24863624572754,28.13290842477089,26.6263736922011,26.6263736922011,12938,
2018-12-05,27.21588897705078,27.936407405852083,27.215888977050778,27.936407405852083,1902,
2018-12-06,26.88838195800781,27.44514655317728,26.85563168739443,27.18313939089924,10988,
2018-12-07,27.019380569458008,27.47789176976764,26.75737345537108,27.47789176976764,4795,
2018-12-10,26.855627059936523,27.51064235408132,26.331615324357696,27.51064235408132,5958,
2018-12-11,26.953882217407227,26.98663248464215,25.774852607468045,26.52812124729749,3753,
2018-12-12,27.08488273620605,28.034655458838767,26.98663193649692,26.98663193649692,1004,
2018-12-13,27.08488273620605,27.805401094165603,26.92112890467232,27.183136034600366,3093,
2018-12-14,27.93640899658203,28.75517828137417,26.855632541182185,26.855632541182185,5615,
2018-12-17,27.445144653320312,28.95167948541729,27.41239188628872,28.525918500859635,3886,
2018-12-18,27.67439651489257,28.29666155165085,27.60889598415385,28.29666155165085,924,
2018-12-19,27.67439651489257,28.72241999882276,27.510642689360672,27.510642689360672,2685,
2018-12-20,27.77264976501465,29.37743525369806,27.641646205062816,27.838150295648024,4182,
2018-12-21,28.32941246032715,28.42766575735147,27.4123900170506,27.510643314074915,7016,
2018-12-24,27.93640899658203,28.85342909633789,27.64165155431975,28.85342909633789,1897,
2018-12-26,27.54339408874512,28.03465558556704,26.82287822621372,27.90365202001082,9969,
2018-12-27,27.54339408874512,28.03465558556704,26.98663205848769,27.379640256471145,17877,
2018-12-28,27.477895736694336,28.132911117789863,27.379642430055856,27.51064600601204,2516,
2018-12-31,27.6088981628418,28.68967199742794,27.41239155774861,28.13290994615798,3061,
2019-01-01,27.37964057922364,28.689671252858112,26.85562880950688,28.689671252858112,4287,
2019-01-02,28.034656524658203,28.49316777012135,26.65912528695404,28.132909826787905,4475,
2019-01-03,28.00190544128418,28.656920773244043,27.379640376185268,28.03465570814513,3420,
2019-01-04,28.23116111755371,28.36216468975958,27.838152899621416,28.067407276967703,799,
2019-01-07,28.263914108276367,28.75517563392183,27.0193839105004,28.493168487436783,9938,
2019-01-08,27.412391662597656,28.16566032184196,27.314140858360545,28.16566032184196,6433,
2019-01-09,27.54339408874512,28.13290888440549,27.379640256471145,27.379640256471145,2672,
2019-01-10,27.739898681640625,28.00190581741804,27.510644311849305,27.54339457915017,3276,
2019-01-11,27.87090301513672,28.13291015811141,27.15038711998425,27.183137388184765,4675,
2019-01-14,28.36216163635254,28.656919017411496,27.41238896346704,28.165657548541585,6280,
2019-01-15,28.165660858154297,28.231161395559592,27.707149600261232,28.165660858154297,1475,
2019-01-16,27.21588897705078,28.001907945431554,26.88838128178257,27.936407405852083,1864,
2019-01-17,27.510644912719727,28.10015973175212,27.445144376687363,28.06740696505065,881,
2019-01-18,27.54339408874512,27.838151486575303,27.215886424197173,27.281389456317875,4257,
2019-01-21,27.34688949584961,27.903651516051536,26.790127475647687,27.903651516051536,4976,
2019-01-22,26.200613021850582,27.18313601016998,25.807604825996894,27.18313601016998,15450,
2019-01-23,26.0368595123291,28.0019055132596,25.93860621280849,28.0019055132596,1887,
2019-01-24,25.80760383605957,27.18313496746954,25.02158497581741,26.069608457016905,11110,
2019-01-25,24.13731575012207,26.691876731235983,23.61330394593304,25.545599816397623,32912,
2019-01-28,23.90806198120117,24.890585076319027,23.711557861914688,24.33382298855976,3172,
2019-01-29,23.678804397583008,24.268316675918225,23.318543979023307,23.90805875604363,12331,
2019-01-30,23.580554962158203,24.235570377773712,23.449551379298,23.875312398922286,8017,
2019-01-31,23.318546295166016,23.580553444018136,23.05654164499925,23.515052906147783,6933,
2019-02-01,23.547801971435547,24.1700670441382,23.449548670966887,23.580552238696693,4099,
2019-02-04,23.41680145263672,25.185343600545,22.892789612174965,25.185343600545,2367,
2019-02-05,22.82728576660156,23.51505393784203,22.794535496229507,23.253046777494664,2019,
2019-02-06,22.92553901672364,23.580554417201448,22.336024156819413,23.580554417201448,4569,
2019-02-07,24.432069778442383,25.185338360219514,22.66352799851545,23.48229710971449,27000,
2019-02-08,25.087087631225582,25.54559888009252,24.759579953275683,25.21809120214261,13576,
2019-02-11,24.89058303833008,25.480097846606725,24.563075366773106,25.480097846606725,13771,
2019-02-12,23.384048461914062,25.54559861414296,22.565279275563327,24.56307559052207,23158,
2019-02-14,24.0390625,24.071812765930908,23.02378926403109,23.416797452572244,2939,
2019-02-15,25.05433654785156,26.200613383374183,23.94080997932112,26.200613383374183,48935,
2019-02-18,26.0368595123291,26.95388197890408,25.02158624491872,25.02158624491872,88568,
2019-02-19,26.72462654113769,26.986633688071382,26.200614745955647,26.200614745955647,22174,
2019-02-20,26.42987060546875,27.11763878001044,26.23336648360776,26.724628037602976,24880,
2019-02-21,25.863767623901367,26.96058898973903,25.08537896411539,26.96058898973903,44047,
2019-02-22,25.04999542236328,26.359104216447207,24.27160414801983,25.262282970135995,26578,
2019-02-25,24.83770751953125,26.00529319155845,24.59003914031718,26.00529319155845,32155,
2019-02-26,24.48389434814453,26.74830140158391,24.30698758927244,24.802327053990883,25544,
2019-02-27,24.130083084106445,25.08538129086862,23.8824146783069,24.483896634896176,17026,
2019-02-28,23.740886688232425,25.01461482229313,23.634744251700745,25.01461482229313,26299,
2019-03-01,24.51927757263184,24.837707575370704,23.811650545420328,24.23622568199408,39532,
2019-03-05,25.262285232543945,29.366521421448063,24.90847172144216,25.085378476993053,325567,
2019-03-06,25.934534072875977,26.88982956994989,25.19152346472612,26.18220247600384,306580,
2019-03-07,26.04067611694336,26.252963701986467,25.68686257541048,26.14682125915646,397359,
2019-03-08,26.60677528381348,27.45592826082516,25.5453347373946,26.39448771440628,400692,
2019-03-11,26.85444641113281,27.59745425504593,26.288345325264864,26.889827222865268,342895,
2019-03-12,27.137495040893555,27.45592773863952,26.35910640141041,26.748300721151985,331140,
2019-03-13,26.748300552368164,28.163554578412857,26.606774609887125,28.163554578412857,335558,
2019-03-14,26.748300552368164,27.24364000136037,26.18219948182685,26.712919741593613,257021,
2019-03-15,27.066734313964844,27.31440269852246,26.71292079352086,27.24364107418684,248174,
2019-03-18,27.031354904174805,27.31440411558473,26.21758268518223,27.102116532181515,168302,
2019-03-19,27.38516998291016,29.01271181303292,26.642162049526203,26.819068828873966,146539,
2019-03-20,28.05741310119629,28.44660743173064,27.45592850002236,27.49130931200131,37645,
2019-03-22,27.77436065673828,28.1989357908461,27.03135282235816,27.66821552351989,48054,
2019-03-25,26.465251922607425,29.01270814323596,25.89914814079407,27.88050597837503,59614,
2019-03-26,26.960590362548828,27.385168225364524,26.60677682656061,27.385168225364524,14387,
2019-03-27,26.60677528381348,27.3144023147594,26.500632848801327,27.031353122010767,13805,
2019-03-28,26.889827728271484,27.562073961354866,26.64215934210638,27.243641251011898,10220,
2019-04-01,27.668216705322266,28.588134034153416,27.031353976957995,28.51736970919095,29472,
2019-04-02,28.44660758972168,28.517369214072595,27.562073788420527,27.6682162249469,7057,
2019-04-03,27.20825958251953,28.234319306058843,27.10211444928403,28.128174172823343,6299,
2019-04-04,27.243640899658203,27.809741988865422,27.102114952510668,27.809741988865422,7873,
2019-04-05,26.92520904541016,27.95126882046851,26.53601470297644,27.95126882046851,6492,
2019-04-08,27.38516998291016,27.73898354160568,26.57139771815716,26.889830460859777,8772,
2019-04-09,26.571393966674805,28.0927931340201,26.465251533681805,28.0927931340201,8444,
2019-04-10,26.11143684387207,27.20825813148561,25.899146588722648,27.17287732208829,10025,
2019-04-11,27.243640899658203,27.38516684680574,25.899148450831,25.899148450831,4749,
2019-04-12,26.465251922607425,27.95126760141025,26.25296165473597,27.95126760141025,15908,
2019-04-15,27.137495040893555,27.56207287101578,26.606774777777908,27.102114229895747,8999,
2019-04-16,26.42987060546875,27.774363149798216,26.21758301935965,27.172881205925258,14244,
2019-04-18,27.102113723754883,27.1728780438118,26.323725098808406,26.323725098808406,3963,
2019-04-22,26.748300552368164,27.597453507871545,26.42986785663154,27.597453507871545,3308,
2019-04-23,26.60677528381348,27.91588691069317,26.32372609106485,27.24364069141797,5589,
2019-04-24,26.571393966674805,27.208259362164195,26.35910640130596,27.208259362164195,6661,
2019-04-25,26.748300552368164,27.20825919058582,26.500632177563475,27.20825919058582,2044,
2019-04-26,26.78368377685547,27.10211650128885,26.536015379731207,26.536015379731207,2577,
2019-04-30,25.651477813720703,26.995970144399827,24.97923164838114,26.74829908381016,13285,
2019-05-02,25.863767623901367,26.359107088939226,25.474573294008376,25.651480052994547,2938,
2019-05-03,26.18219947814941,26.32372542061057,25.47457246522646,25.828385971687936,4517,
2019-05-06,26.500633239746094,26.57139486413142,25.863767822746382,26.18220053124624,1421,
2019-05-07,26.07605361938477,27.45592679598639,25.651478503222464,27.45592679598639,5097,
2019-05-08,25.580717086791992,26.07605382645388,25.33304601757827,25.96991139626181,2707,
2019-05-09,25.969911575317383,26.04067319593332,25.33304619224283,25.40381051224156,4841,
2019-05-10,25.793004989624023,26.1821993042704,25.226903922921768,26.1821993042704,4350,
2019-05-13,24.59004020690918,26.217581896554627,24.130081540551924,25.4745740273016,16346,
2019-05-14,25.439191818237305,26.040673703341096,24.130080216271924,25.15613993149267,2430,
2019-05-15,25.120758056640625,25.40380993139812,25.120758056640625,25.19151967563863,1132,
2019-05-16,26.28834724426269,26.71292241481109,24.41313439234391,25.0499998475496,9307,
2019-05-17,26.217578887939453,26.32372401395899,25.50995191282971,25.828384591505632,4564,
2019-05-20,27.031354904174805,28.16355714858065,26.6067770379853,28.16355714858065,16546,
2019-05-21,26.536012649536133,27.9512666575114,26.11143752689668,26.88982615152995,12147,
2019-05-22,27.137495040893555,27.420546927641706,26.536013155782296,26.536013155782296,4684,
2019-05-23,26.71291923522949,27.24363948493604,26.32372492532125,27.17287786472828,8271,
2019-05-24,27.31439971923828,27.385164035238308,26.536011138916454,26.64215626322518,1820,
2019-05-27,27.38516998291016,28.269703879648965,26.74830449750492,28.269703879648965,5612,
2019-05-28,27.42054748535156,27.42054748535156,27.10211478112896,27.20825991566413,1941,
2019-05-29,26.536012649536133,27.491308025166315,26.536012649536133,27.1374945231725,10222,
2019-05-30,27.38516998291016,27.8451259895844,26.783685313497827,27.597457578250825,14988,
2019-05-31,26.42987060546875,27.491311235397344,26.35910897656009,27.24364283483392,16576,
2019-06-03,26.571393966674805,27.03135260779301,26.42986802330129,26.99597179679535,25956,
2019-06-04,26.42987060546875,27.38516879203436,26.182202204905323,26.32372816210576,262384,
2019-06-06,26.42987060546875,28.30508346476251,26.182202204905323,27.52669474923479,114428,
2019-06-07,26.536012649536133,28.375841780150854,25.89914726619415,26.18219914754232,285646,
2019-06-10,26.748300552368164,27.77436026112713,26.323725424307888,27.77436026112713,299214,
2019-06-11,25.722244262695312,27.526695545262218,25.474575854969714,27.526695545262218,479250,
2019-06-12,26.92520904541016,27.52669366497409,26.53601470297644,26.88982823234945,50842,
2019-06-13,26.889827728271484,27.3144028758068,26.00529392142045,26.53601420553107,7961,
2019-06-14,26.465251922607425,26.88982705958455,25.545334626852167,26.85444624806694,11834,
2019-06-17,25.651477813720703,26.74829908381016,25.08537677425996,26.25295966201349,11783,
2019-06-18,26.14682006835937,27.24364145728246,25.120760304766947,25.120760304766947,37098,
2019-06-19,26.11143684387207,26.46525033661081,25.47457147718925,25.47457147718925,14494,
2019-06-20,26.394487380981445,26.46525170281186,25.545334414696573,25.545334414696573,25132,
2019-06-21,24.943851470947266,26.642157331701032,23.77626585425621,26.182198707093583,58327,
2019-06-24,24.76694679260254,25.82838736942836,24.059319741385323,24.76694679260254,30175,
2019-06-25,24.80232810974121,25.4391935485431,24.0593202307277,24.0593202307277,19373,
2019-06-26,25.1915225982666,25.47457450586274,24.13008199385565,24.69618580904793,16595,
2019-06-27,25.474571228027344,25.863765526356776,24.200843206502515,24.200843206502515,17357,
2019-06-28,25.01461410522461,25.793005447724923,24.837707350026747,24.837707350026747,6596,
2019-07-01,24.873092651367188,25.9699140726855,24.766947510853168,24.766947510853168,11001,
2019-07-02,24.873092651367188,25.58071972310585,24.766947510853168,24.766947510853168,9192,
2019-07-03,26.92520904541016,27.17288013560108,24.62542110448553,24.62542110448553,41814,
2019-07-04,26.11143684387207,26.925206257541536,25.722239842353275,26.925206257541536,7196,
2019-07-05,26.18219947814941,27.491308372303752,25.014613827073404,27.491308372303752,10377,
2019-07-08,25.36842536926269,26.606772545992893,25.120757013669703,26.606772545992893,11354,
2019-07-09,26.14682006835937,27.49130984532275,24.23622649121881,24.23622649121881,14250,
2019-07-10,24.97923469543457,26.39448881641537,24.837708743459885,25.26228659938393,14177,
2019-07-11,25.15614128112793,25.86376833657109,24.76694694051079,24.76694694051079,4915,
2019-07-12,25.04999542236328,26.81906281944028,24.483891695792543,24.766943559077912,9575,
2019-07-15,25.29766845703125,25.93453391752095,24.59004136732408,24.76694813975088,10791,
2019-07-16,25.4038143157959,27.84512568454413,24.837710468578084,24.97923643038253,17292,
2019-07-17,25.4038143157959,26.536016611465133,25.12076239218699,26.07605791044645,8918,
2019-07-18,24.660802841186523,25.58072021151716,24.448515255488346,24.979235569425352,3117,
2019-07-19,24.554658889770508,26.39448811865492,24.41313294153718,26.39448811865492,3489,
2019-07-22,22.997879028320312,24.55465907165244,22.39639576841056,24.09470041133284,26523,
2019-07-23,22.962495803833008,23.351690098938786,22.50253719182811,22.50253719182811,9196,
2019-07-24,22.856351852416992,22.997877794103424,22.00720025137264,22.00720025137264,2478,
2019-07-25,21.90105628967285,22.99787760479417,21.2995730669938,22.36101357183045,9221,
2019-07-26,22.219486236572266,22.89173103762324,21.33495253806468,21.33495253806468,23452,
2019-07-29,21.58262252807617,22.290249496209817,21.476478752794392,22.254868687679668,10519,
2019-07-30,21.15804672241211,21.93643668103217,20.94575916537544,21.22880969132145,3916,
2019-07-31,21.90105628967285,22.92711598422484,19.95508203080565,20.556563903793304,11405,
2019-08-01,21.3349552154541,22.60868471096406,20.80423492974782,20.87499790444696,23650,
2019-08-02,21.93643951416016,22.219490076662623,20.66271130805328,20.66271130805328,14271,
2019-08-05,22.113344192504883,22.502538510416404,21.08728448209609,21.08728448209609,7609,
2019-08-06,22.53792190551757,22.644065693517643,21.653388089364544,21.653388089364544,201823,
2019-08-07,22.113344192504883,22.99787796020508,21.653386903239067,22.99787796020508,3516,
2019-08-08,21.83029556274414,22.962499154189395,21.618006630146667,21.794913399132128,162971,
2019-08-09,22.290252685546875,22.85635380117622,22.290252685546875,22.64406622023809,2942,
2019-08-13,20.627328872680664,22.537922506384763,20.273515336786687,22.14872680708647,12560,
2019-08-14,21.83029556274414,22.21948991463554,21.29957525578776,21.86567637666462,11778,
2019-08-16,22.04258346557617,22.431779172807893,21.40571935792337,21.61800694391045,9990,
2019-08-19,22.573305130004883,22.92712004395895,21.65339040279921,22.92712004395895,2381,
2019-08-20,21.405717849731445,22.573302189778502,20.839616760524223,22.573302189778502,10810,
2019-08-21,21.79491233825684,22.18410802089553,21.264192057133457,21.936438286432992,7108,
2019-08-22,20.91037940979004,22.396396528943235,20.556565874262684,22.396396528943235,5406,
2019-08-23,21.61800575256348,21.794912514367407,20.66271031857545,21.794912514367407,4873,
2019-08-26,21.47647857666016,22.962495467491863,20.87499538874121,22.962495467491863,4893,
2019-08-27,21.44109916687012,22.21948919513916,20.83961725154956,22.21948919513916,2025,
2019-08-28,21.051904678344727,22.32563282488899,20.80423494160237,22.32563282488899,9071,
2019-08-29,21.47647857666016,21.68876612548269,21.08728293756375,21.08728293756375,4017,
2019-08-30,21.79491233825684,22.077964234609144,21.54724395348577,21.58262476568407,1552,
2019-09-03,22.148727416992188,22.962499651710267,21.688770077602552,21.688770077602552,12315,
2019-09-04,22.39639663696289,22.50254042819473,21.5826257712634,21.65338874864847,1109,
2019-09-05,22.64406394958496,22.785589889146426,21.05190320312977,22.785589889146426,3049,
2019-09-06,22.219486236572266,23.03325696926098,22.042579496870747,22.60868187373039,4719,
2019-09-09,22.891735076904297,22.99788021920773,22.14872717892959,22.2902531355398,53269,
2019-09-11,23.91779327392578,24.023938409065646,23.068640290955624,23.24554704993345,103619,
2019-09-12,24.83770751953125,25.43919211093852,23.847031303292088,24.48389400672093,260270,
2019-09-13,27.349788665771484,28.128177400885484,25.29766898318632,26.783684822725107,88374,
2019-09-16,25.969911575317383,27.42054639300632,25.58071726316417,27.42054639300632,40599,
2019-09-17,25.33304786682129,26.5360143924908,23.917793765888447,25.96991329199426,17697,
2019-09-18,24.59004020690918,25.262286450284016,24.23622667875221,25.08537968620553,9052,
2019-09-19,23.351694107055664,25.79300812176084,23.068642189641125,25.120761842438668,215292,
2019-09-20,25.01461410522461,25.4745727484922,23.45783681898971,23.45783681898971,96112,
2019-09-23,25.439191818237305,27.56207287067353,24.41313210301656,27.56207287067353,138208,
2019-09-24,25.36842536926269,26.146816642836963,25.120757013669703,25.65147723226836,10536,
2019-09-25,24.76694679260254,25.9699133195484,24.76694679260254,25.22690545564692,207142,
2019-09-26,25.545333862304688,25.96991168595749,24.802326045140788,25.5807173721462,216001,
2019-09-27,24.97923469543457,26.748302346660573,24.837708743459885,25.68686175592497,108798,
2019-09-30,24.83770751953125,25.899148057962208,23.98855724829279,24.76694589672234,97521,
2019-10-01,24.37775230407715,25.156140975865924,24.342371491610923,24.837708264903984,7876,
2019-10-03,23.776268005371094,24.696185337813848,23.740887192442447,23.740887192442447,7634,
2019-10-04,22.891735076904297,23.77626893148921,22.714828305987314,22.99788021920773,9916,
2019-10-07,22.714826583862305,23.38707280225709,22.644064960613544,23.104023609879167,3621,
2019-10-09,23.03325843811035,24.16546326403124,22.644064125824304,22.644064125824304,10612,
2019-10-10,23.03325843811035,23.351691129756315,22.714825746464385,23.17478437877331,4228,
2019-10-11,22.92711639404297,23.35169152381372,22.644064507940573,23.21016558076252,7228,
2019-10-14,23.31631088256836,23.351691693742914,22.785590616801475,22.785590616801475,840,
2019-10-15,22.39639663696289,23.139405874968848,21.61800658511017,23.139405874968848,10653,
2019-10-16,22.997879028320312,23.174785790076623,21.93643845778245,21.93643845778245,3849,
2019-10-17,22.32563209533692,23.280930198565315,21.97181858289296,22.820971552635022,3357,
2019-10-18,23.245546340942383,23.670124169169263,22.290250951351865,22.46715770493402,6271,
2019-10-22,23.49321746826172,24.41313204907493,22.71482613112528,22.71482613112528,4127,
2019-10-23,24.0593204498291,24.55465994014337,23.174786609761856,24.55465994014337,1602,
2019-10-24,24.0239372253418,24.766945036562102,23.0332583441262,24.590038286300945,4430,
2019-10-25,24.413131713867188,24.766945216966715,23.493217145684987,24.059318210767664,3906,
2019-10-27,24.0239372253418,24.94385178682326,23.634742914643805,23.776266155346505,2950,
2019-10-29,24.30698776245117,24.625420470566244,23.740886669903784,23.740886669903784,1725,
2019-10-30,24.16546440124512,24.696184679169537,23.740886559275825,23.740886559275825,6666,
2019-10-31,24.130083084106445,24.590041779886366,23.776269533316714,24.590041779886366,4493,
2019-11-01,24.30698776245117,25.82838697934377,23.52859909762138,23.52859909762138,15364,
2019-11-04,26.64215850830078,28.16355498884045,24.30698717179031,25.474572840045543,47409,
2019-11-05,27.137495040893555,27.915886379759545,26.536013155782296,27.52669206001797,41858,
2019-11-06,27.031354904174805,27.45593007098123,26.28834701257201,27.102116532181515,13289,
2019-11-07,28.09279441833496,28.977328230628988,27.102115468812457,27.95126846849132,46009,
2019-11-08,27.031354904174805,27.9866503791808,26.995974090171448,27.9866503791808,15546,
2019-11-11,27.49131202697754,28.871185425493174,27.20826280380971,27.56207635730689,23682,
2019-11-13,27.986648559570312,28.871182349059787,27.77436098996942,28.65889477945889,63724,
2019-11-14,28.16355323791504,28.375840791840947,27.845120557334827,28.340459982750414,17243,
2019-11-15,28.3404598236084,28.517366567450377,27.951265527032582,28.4112241407748,19146,
2019-11-18,28.65889358520508,29.18961383678295,28.305080084153165,28.3404608943818,78052,
2019-11-19,28.19893455505371,28.941945056254948,27.986646997303108,28.941945056254948,75883,
2019-11-20,27.8928451538086,28.619819738775195,27.01282282687909,28.428510791107293,27899,
2019-11-21,26.24758720397949,27.625011052164165,25.864969306198034,26.324112535021523,22609,
2019-11-22,26.32411193847656,26.63020449827946,25.4058284207822,26.09453886969585,7812,
2019-11-25,26.591943740844727,26.7067302771674,25.673660207692016,26.400634793068868,282357,
2019-11-26,26.018016815185547,26.744991398261952,25.90323027922611,26.63020486230252,170841,
2019-11-27,26.400632858276367,26.630202994954587,25.90322846285468,26.0945373966103,160689,
2019-11-28,26.668466567993164,26.78325310610507,26.094539715719485,26.47715761723527,52249,
2019-11-29,26.591943740844727,26.78325268862059,26.094539308970337,26.209325845293005,6220,
2019-12-02,26.668466567993164,27.127609801297865,26.132803841185403,26.78325310610507,13501,
2019-12-03,25.864965438842773,26.85977124050164,25.711917718785458,26.40063099947216,126958,
2019-12-04,25.7884464263916,26.362373262650426,25.405828535552388,26.32411205739508,4666,
2019-12-05,25.635398864746094,26.132803293958013,25.25278097124242,25.788446605976134,13250,
2019-12-06,25.444089889526367,26.018016729139745,25.329303353946543,25.94149431818177,6043,
2019-12-09,25.48234939575196,25.94149258831108,25.44408819282436,25.94149258831108,5874,
2019-12-10,25.558876037597656,25.75018498123493,25.099732821382496,25.75018498123493,6104,
2019-12-11,25.25278282165528,25.4823529907508,25.099735069210567,25.29104402998068,5719,
2019-12-12,25.7119197845459,25.97975404595029,24.678852699659107,25.520610848889625,5376,
2019-12-13,25.36756706237793,26.13280283597433,25.252780528681345,26.13280283597433,4413,
2019-12-16,25.291040420532227,25.903228423798662,24.94668375646278,24.94668375646278,2776,
2019-12-17,25.52061080932617,25.635397338199063,24.64059145815719,25.597136134955665,8026,
2019-12-18,25.17625617980957,25.635396440945588,25.06146965495427,25.55887403713712,18621,
2019-12-19,25.444089889526367,25.597137630585173,25.061471996450784,25.405828684047385,1387,
2019-12-20,25.13799285888672,25.635397256901584,24.755374989380726,24.793639111645472,8174,
2019-12-23,25.32930374145508,26.66846638770724,24.5640679435967,26.66846638770724,7095,
2019-12-24,25.291040420532227,26.55368054907266,24.64059121440089,26.55368054907266,7170,
2019-12-26,26.17106437683105,26.400634528028824,24.90842416652906,25.36756738806744,14242,
2019-12-27,26.094541549682617,26.63020723328069,25.750187749431053,26.20932809586189,4717,
2019-12-30,25.94149208068848,26.553680072978693,25.59713542279317,26.553680072978693,6448,
2019-12-31,25.97975349426269,26.47715496492092,25.82670576515915,26.47715496492092,1821,
2020-01-01,25.7884464263916,26.477156878416483,25.71192109673805,26.362373262650426,2313,
2020-01-02,26.018016815185547,26.783252603867474,25.788446662409545,26.43889591513204,77171,
2020-01-03,26.591943740844727,26.936300430669856,26.018016897517143,26.78325268862059,4399,
2020-01-06,26.477155685424805,27.051082495823977,25.6353975311631,25.6353975311631,9831,
2020-01-07,26.668466567993164,28.16067696773332,24.48754569701035,28.16067696773332,11974,
2020-01-08,26.32411193847656,27.357179071418447,25.635398570420083,27.357179071418447,15104,
2020-01-09,26.668466567993164,27.16587100762085,26.1710650475084,27.16587100762085,4719,
2020-01-10,26.553682327270508,27.16587037153281,26.094539104716635,27.16587037153281,5946,
2020-01-13,26.744991302490234,27.701536034917336,26.132803257565467,26.553682356004817,13238,
2020-01-14,27.204132080078125,27.854584260939983,26.20932612486089,27.854584260939983,33189,
2020-01-15,27.204132080078125,27.81632013566235,26.744991768175684,27.81632013566235,15761,
2020-01-16,28.0458927154541,28.50503301924793,26.8597749122248,27.471965876140384,20878,
2020-01-17,27.739795684814453,28.8876492993585,27.548486749057112,28.8876492993585,16883,
2020-01-20,27.39544105529785,28.696342499084952,26.93630074296966,28.696342499084952,5316,
2020-01-21,26.744991302490234,28.19893754429371,26.17106446303398,28.19893754429371,17978,
2020-01-22,26.591943740844727,27.51022727399744,26.47715720452205,27.51022727399744,9367,
2020-01-23,27.08934593200684,27.89284286237512,26.05627594798249,27.433699674205645,5774,
2020-01-24,26.553682327270508,27.510227058662508,26.400634586419216,27.510227058662508,11044,
2020-01-27,26.630205154418945,27.47196628268837,26.5536827423685,27.47196628268837,3805,
2020-01-28,27.08934593200684,27.318916066520256,26.285846082495908,27.318916066520256,10775,
2020-01-29,26.438894271850582,27.242391216197536,26.20932413334327,27.089346403287784,5638,
2020-01-30,26.094541549682617,26.43889826907732,25.673662412263827,26.43889826907732,7696,
2020-01-31,26.018016815185547,26.132803351144982,25.29104223210914,25.29104223210914,3597,
2020-02-03,26.05627822875977,27.127609509122465,25.67366033136493,27.127609509122465,14567,
2020-02-04,26.630205154418945,27.012823052956985,26.056278306611887,26.78325289766274,28837,
2020-02-05,28.00762939453125,28.23720247215862,26.018017462142254,26.4388965725542,45105,
2020-02-06,28.237201690673828,29.46157778146727,27.96936741390204,29.46157778146727,54688,
2020-02-07,28.734601974487305,29.57636305524452,27.548487139796823,27.548487139796823,140466,
2020-02-10,29.49983596801757,29.80593141896224,28.428507727996383,28.428507727996383,18178,
2020-02-11,28.505033493041992,29.078960341895183,27.739797694571067,29.078960341895183,7095,
2020-02-12,32.484256744384766,34.206037106251706,28.69633936444898,28.92590949553605,420680,
2020-02-13,33.05818557739258,34.167778018644,31.374666313336228,31.91033193178272,130194,
2020-02-14,33.28775787353516,33.78516231976241,32.9051399669428,33.78516231976241,53909,
2020-02-17,33.28775787353516,33.59385336646623,31.87207278680061,33.28775787353516,50178,
2020-02-18,35.086063385009766,37.49655753720141,32.98166474771785,33.28776026261758,72850,
2020-02-19,35.27737045288086,37.11393760512139,34.43561221093738,35.12432562281333,26923,
2020-02-20,33.670372009277344,36.27217465037856,33.28775414553556,34.43560773676092,18329,
2020-02-24,33.21123504638672,35.20084696823869,32.52252165543792,35.20084696823869,14525,
2020-02-25,33.36427688598633,34.32082155495546,32.90513661253821,32.90513661253821,17788,
2020-02-26,34.16777801513672,35.58346301025312,33.44080345582987,33.44080345582987,29914,
2020-02-27,34.320823669433594,35.88955935850564,33.0199251748024,35.88955935850564,12340,
2020-02-28,33.670372009277344,35.92781798918242,32.33120948618109,33.670372009277344,39098,
2020-03-02,37.80264663696289,40.40444639551048,36.50174529811776,40.40444639551048,777914,
2020-03-03,39.52442932128906,40.86359194024077,37.2287219745147,39.63921293714207,343248,
2020-03-04,37.99396133422852,39.40964649704774,37.57307927904263,37.68786582484663,115377,
2020-03-05,36.68692779541016,37.8587454182628,36.10101726470226,37.8587454182628,25848,
2020-03-06,34.884132385253906,36.50664945091525,34.884132385253906,36.28129976294663,13598,
2020-03-09,33.171470642089844,33.171470642089844,33.171470642089844,33.171470642089844,3272,
2020-03-11,31.5489559173584,31.5489559173584,31.5489559173584,31.5489559173584,1742,
2020-03-12,29.97150421142578,29.97150421142578,29.97150421142578,29.97150421142578,3219,
2020-03-13,28.48419952392578,28.48419952392578,28.48419952392578,28.48419952392578,16280,
2020-03-16,27.0870304107666,27.0870304107666,27.0870304107666,27.0870304107666,6584,
2020-03-17,27.582799911499023,28.39405837845574,25.734931588633778,25.734931588633778,43332,
2020-03-18,26.99689102172852,27.80814948590608,26.230701803618004,26.4560514725163,38820,
2020-03-19,26.636329650878903,28.25884826652445,25.689861747880133,25.689861747880133,20426,
2020-03-20,27.943357467651367,27.943357467651367,27.17716829000464,27.67293856696732,23910,
2020-03-23,26.546192169189453,28.84475814625665,26.546192169189453,27.04196076211561,14845,
2020-03-24,25.32930374145508,27.041960922703307,25.23916352785642,26.546192326833044,21274,
2020-03-25,25.960281372070312,26.59126113762488,24.24762421892705,26.59126113762488,13642,
2020-03-26,25.058881759643555,26.951819266789347,24.698322643825662,26.951819266789347,13520,
2020-03-27,25.32930374145508,26.140562225279865,25.058883100659106,25.32930374145508,6991,
2020-03-30,24.38283348083496,25.239162910141665,24.06734531988341,24.743394326405067,8454,
2020-03-31,24.472972869873047,25.509580967850592,24.15748300024124,25.19409281750025,9818,
2020-04-01,25.55465316772461,25.689862627169187,24.337764594160284,24.38283384088129,4679,
2020-04-03,26.81661033630371,26.81661033630371,25.23916266946232,26.140561336228828,6934,
2020-04-07,28.123640060424805,28.123640060424805,27.94335963314351,28.123640060424805,5536,
2020-04-08,29.20531845092773,29.52080661181195,28.48419847922295,29.47573736576607,8131,
2020-04-09,29.6560173034668,30.5574159638936,28.889826378966216,29.385594954488354,9702,
2020-04-13,29.295455932617188,30.42220423771785,28.21377687200797,29.65601676567457,6154,
2020-04-15,29.97150421142578,30.6475531786008,27.94335730990073,29.295455244250764,12109,
2020-04-16,30.51234245300293,30.64755362382733,28.754616144381707,28.754616144381707,4457,
2020-04-17,29.97150421142578,31.909512626085977,29.746154555700777,31.909512626085977,8593,
2020-04-20,30.60248374938965,31.45881312365872,30.37713409503268,31.45881312365872,3373,
2020-04-21,30.467273712158203,31.098253455489424,29.7461554791638,31.05318421065783,5073,
2020-04-22,29.115177154541016,30.87290529712654,28.979969413457905,30.87290529712654,11539,
2020-04-23,30.55741500854492,30.55741500854492,28.033497806688874,28.93489471965285,7022,
2020-04-24,29.4306697845459,31.54895541559635,29.250389351601267,30.647556689436453,18558,
2020-04-27,29.56587600708008,30.557416617909144,29.34052633715025,30.557416617909144,2245,
2020-04-28,29.56587600708008,30.28699426314289,28.844757751017266,29.74615643073655,1307,
2020-04-29,28.97996711730957,30.24192312691332,28.303916430488066,28.84475594837641,5522,
2020-04-30,29.20531845092773,30.377136040935905,28.844757605434577,29.02503802818116,5035,
2020-05-04,29.56587600708008,29.74615643073655,28.25884895305603,29.11517666722043,4208,
2020-05-05,28.88982582092285,29.791224463938,28.484197463134915,29.746155219499823,1661,
2020-05-06,29.6560173034668,29.74615579408428,28.16870813833738,28.70954767844976,10033,
2020-05-07,29.6560173034668,29.74615579408428,28.889826378966216,29.74615579408428,1057,
2020-05-08,28.844757080078125,30.602485152357985,28.213777331238816,30.602485152357985,8657,
2020-05-11,28.844757080078125,29.295456409454346,27.85321821159414,28.844757080078125,1177,
2020-05-12,29.025035858154297,29.25038551009872,27.582797741853707,27.582797741853707,4869,
2020-05-13,28.754619598388672,29.16024800174163,27.58280191854904,27.943361072401103,7243,
2020-05-14,28.39406013488769,29.92643867114985,27.988430016676645,29.92643867114985,669,
2020-05-15,28.844757080078125,29.2053179190043,27.943358421325684,27.943358421325684,2495,
2020-05-18,28.078569412231445,29.475738441294336,27.67294102517313,28.619408980924128,1641,
2020-05-19,28.39406013488769,28.844759502108136,27.94336076766725,28.03350098496768,4616,
2020-05-20,29.07010841369629,29.16024690932124,27.988429273381,28.39405938081963,434,
2020-05-21,28.6194076538086,29.25038740790438,28.07856811019528,28.07856811019528,719,
2020-05-22,28.258848190307617,28.619407308606995,27.85321810766988,28.619407308606995,2867,
2020-05-26,27.582799911499023,28.709548259850443,27.04196036043404,28.619408048126022,5325,
2020-05-27,27.943357467651367,28.84475609564012,26.59125952566824,27.17716829000464,5998,
2020-05-28,27.988428115844727,29.205318387832875,27.222240619030856,27.537728779233497,5839,
2020-05-29,27.40251922607422,27.898289526178058,26.951819891042465,27.71800910445275,31817,
2020-06-01,28.574338912963867,28.75461761783185,26.861680041387924,26.861680041387924,10636,
2020-06-02,28.844757080078125,29.6109445645925,28.52926720565847,28.66447666061504,18485,
2020-06-03,29.295455932617188,29.70108601016601,28.61940694955679,28.844756610576923,20564,
2020-06-04,29.07010841369629,30.602486909262687,28.664478306257656,30.602486909262687,12981,
2020-06-05,31.86444091796875,31.95458284615149,29.070106477000127,29.070106477000127,43784,
2020-06-08,33.396820068359375,34.929198496566514,32.45035215164889,33.351750822528025,31641,
2020-06-09,32.63063049316406,34.7038466162951,32.54048856868534,34.29821655254792,11227,
2020-06-10,32.63063049316406,34.88412702668972,30.82783326634354,34.88412702668972,14362,
2020-06-11,31.63909339904785,33.35175232636769,31.098255547559063,33.35175232636769,9074,
2020-06-12,33.48696517944336,34.79399062551934,30.60248847092698,34.79399062551934,59403,
2020-06-15,33.44189453125,35.60525305427708,32.58556841117521,35.60525305427708,36359,
2020-06-16,32.67569732666016,34.25314478380927,32.044717656088,33.486957394333295,51830,
2020-06-17,32.94612121582031,33.577100982396765,31.684165121230507,32.450352627282776,11752,
2020-06-18,33.351749420166016,34.88412778394028,31.999651470699828,34.88412778394028,31045,
2020-06-19,35.87566375732422,36.596781952928986,33.667236489452364,33.80244765549948,170159,
2020-06-22,35.87566375732422,37.858741374159415,34.65877701715136,36.37143230189232,38944,
2020-06-23,36.6418571472168,38.08409363734796,35.47003613060183,37.858743970854775,19587,
2020-06-24,35.47003555297852,37.27283285556575,34.92919773762754,37.27283285556575,26931,
2020-06-25,35.199615478515625,35.74045671450192,34.34328610045947,34.748916167808474,11696,
2020-06-26,34.253150939941406,36.05594835783306,34.11793975817426,34.748919542148975,15871,
2020-06-29,34.65877914428711,36.5066457084855,33.35175040034478,33.35175040034478,19383,
2020-06-30,33.57710266113281,35.740460986537144,33.261614481352844,35.19961968590443,28024,
2020-07-01,33.08133316040039,34.16301229408647,32.495422626739504,32.720772302983974,20508,
2020-07-02,31.5489559173584,34.208082889534126,30.827837612674298,33.44189189697458,46249,
2020-07-03,31.95458221435547,33.261610919377844,31.1883913134844,31.1883913134844,21756,
2020-07-06,32.90105438232422,33.53203419517735,31.95458638232619,32.585566195179325,17620,
2020-07-07,31.999650955200195,32.946118816866786,31.81937054379636,32.946118816866786,12452,
2020-07-08,29.295455932617188,33.21653865894231,28.79968736608549,31.54895254281851,140357,
2020-07-09,30.827836990356445,31.053186670931325,29.34052772313693,30.196857197034127,22788,
2020-07-10,30.827836990356445,31.95458539323085,30.69262580658622,31.95458539323085,17719,
2020-07-13,31.819372177124023,32.450351930145004,30.602485355168795,31.54895326541876,31003,
2020-07-14,31.053184509277344,31.8193719944713,30.73769291529636,31.774302749206303,14144,
2020-07-15,30.692626953125,31.27853751993198,30.0165778861462,31.09825708102496,22629,
2020-07-16,30.01657485961914,31.188392436517084,29.340525860805364,31.188392436517084,19064,
2020-07-17,30.467273712158203,31.14332270032101,30.01657438671633,30.01657438671633,16672,
2020-07-20,30.60248374938965,31.503882366817543,30.061642515795203,31.503882366817543,10800,
2020-07-21,30.60248374938965,30.872902646905448,30.19685368383453,30.82783340374662,14186,
2020-07-22,30.51234245300293,30.8278340387389,30.332065476654275,30.37713472074144,4222,
2020-07-23,30.64755630493164,31.008117166297296,30.106718451446365,30.106718451446365,10547,
2020-07-24,30.692626953125,30.872907392032022,30.28699682522505,30.647557703039087,13492,
2020-07-27,30.42220497131348,32.22500230294687,30.377135725735247,32.22500230294687,6290,
2020-07-28,30.692626953125,31.14332633111087,30.19685832505322,30.557419202867266,9886,
2020-07-29,30.241924285888672,31.09825369863617,29.92643613103785,30.332066214819616,8034,
2020-07-30,29.83629608154297,31.00811716151918,29.74615758549705,30.602487052186124,11250,
2020-07-31,31.053184509277344,31.729233503941305,29.79122501047941,30.422204759878376,37327,
2020-08-03,30.467273712158203,32.17993252426252,30.286993294268857,32.17993252426252,12506,
2020-08-04,30.01657485961914,31.684164453164275,29.74615594780624,31.684164453164275,22019,
2020-08-05,30.60248374938965,31.413740441937048,29.791223618279403,31.413740441937048,13631,
2020-08-06,30.55741500854492,31.053183568567324,29.746154864098884,30.196854180221592,36660,
2020-08-07,30.15178680419922,32.22500309908508,29.791225953539456,32.22500309908508,76460,
2020-08-10,30.51234245300293,31.008114453650467,29.79122423191957,30.55741513565301,77738,
2020-08-11,30.2869930267334,31.233464352651207,30.01657412156957,30.91797276449096,75604,
2020-08-12,30.87290573120117,30.96304422652393,30.016576271382224,30.286995195913683,58034,
2020-08-13,32.58556365966797,33.532031586020494,30.69262436839984,31.053185215849883,115439,
2020-08-14,31.999650955200195,33.802448192112884,31.684162814165614,32.901049573656536,58056,
2020-08-17,32.85598373413086,33.8024516938459,32.45035362609207,32.45035362609207,43633,
2020-08-18,34.74892044067383,35.19961980680076,32.40528511223909,32.855984478366025,160008,
2020-08-19,35.3348274230957,36.82213311795239,34.92919734683918,36.32636455300016,348889,
2020-08-20,35.42496871948242,37.04748571454208,34.25315108074841,35.24468828923953,115106,
2020-08-21,35.01933670043945,36.23622695926368,34.70384854364966,36.0559465388568,45774,
2020-08-24,36.37143707275391,37.317908482107306,35.01933898917847,35.424969101963754,96480,
2020-08-25,36.19115829467773,36.6869268798316,35.424967355291706,36.596784948899845,59478,
2020-08-26,39.3911247253418,42.2756013151234,36.05594877586192,36.1010180241191,532894,
2020-08-27,38.62493515014648,41.91504197057386,38.12916652422871,41.91504197057386,90719,
2020-08-28,38.44465637207031,40.20238110641221,37.90381508271933,40.20238110641221,45685,
2020-08-31,35.96580505371094,38.80520854412218,34.9291953015934,38.44465117188853,50039,
2020-09-01,35.60525131225586,35.965812194640776,34.7939910461715,35.965812194640776,12963,
2020-09-02,37.678466796875,38.30944660514296,35.199620251836336,35.96581124707719,28526,
2020-09-03,38.039024353027344,38.9404230180822,36.95734526724892,37.85874393230377,40929,
2020-09-04,35.87566375732422,37.7235302081123,34.7489155021409,37.362972829591314,31483,
2020-09-07,35.96580505371094,37.67846030858691,35.15454494870045,37.67846030858691,20064,
2020-09-08,35.65031814575195,38.71507512253701,35.33482997397842,36.46157835683128,92575,
2020-09-09,34.97426986694336,36.731998069645165,33.84752145989903,35.154550299783104,14916,
2020-09-10,36.01087951660156,36.41650962791872,34.703850686163285,34.703850686163285,35003,
2020-09-11,35.51511001586914,36.73199688066214,33.937662297067696,36.73199688066214,46900,
2020-09-14,35.78553009033203,36.9573477457782,34.83906211626256,36.41650988589944,26251,
2020-09-15,35.47003555297852,36.416506887687184,35.24468589015511,36.01087680689247,18810,
2020-09-16,37.22776412963867,39.07563070283576,35.15454789047699,36.77706479770948,813518,
2020-09-17,37.4531135559082,38.534792633328266,37.047483472055305,38.534792633328266,73548,
2020-09-18,37.09255599975586,38.30944280763192,36.82213365261631,37.858743480483305,20431,
2020-09-21,36.6418571472168,38.44465447916226,35.74045848124406,36.95734530488205,50995,
2020-09-22,35.87566375732422,36.86720428502321,34.97426515317757,35.47003369774567,19223,
2020-09-23,35.92073440551758,36.95734421627736,35.69538474566223,35.87566516125909,12804,
2020-09-24,34.97426986694336,36.01087977684944,33.757382962760786,35.74046084687146,34883,
2020-09-25,35.60525131225586,35.965812194640776,34.748921795514235,35.154551928556415,195450,
2020-09-28,36.41650772094727,36.95734554867336,35.6503167866784,35.6503167866784,25163,
2020-09-29,36.055946350097656,37.27283316398825,35.785527440184524,37.27283316398825,8927,
2020-09-30,36.055946350097656,36.91227576362508,35.24468618179526,36.055946350097656,7564,
2020-10-01,35.60525131225586,36.59678858096926,35.334832369748874,35.965812194640776,7999,
2020-10-05,36.23622512817383,36.50664402583784,35.47003423980249,35.47003423980249,9166,
2020-10-06,35.96580505371094,37.8587407139851,35.60524424291456,36.73199247844983,51137,
2020-10-07,35.65031814575195,36.37143642306515,35.51511040294751,36.01087900369014,5507,
2020-10-08,35.65031814575195,36.46157835683128,35.199618792610806,35.199618792610806,8319,
2020-10-09,35.87566375732422,36.01087492337133,34.92919591068279,35.19961480421423,33700,
2020-10-12,35.5601806640625,36.91227876202257,35.15455054696182,36.91227876202257,7804,
2020-10-13,34.83906173706055,35.650318518048664,34.70385055428092,35.56018002190439,13703,
2020-10-14,35.15454864501953,35.92073615031908,34.253149961813904,34.88412972777046,17860,
2020-10-15,34.56863784790039,35.65031694677313,34.253149686737245,35.65031694677313,13083,
2020-10-16,34.56863784790039,35.28975953952426,33.84751959483959,35.28975953952426,14531,
2020-10-19,34.34328842163086,35.10947936475553,33.93766176542948,33.93766176542948,13693,
2020-10-20,34.61370849609375,36.010875673929,33.80244836002793,35.78552601819548,40927,
2020-10-21,35.15454864501953,35.33482906937328,34.343288454709224,35.24468713791486,11033,
2020-10-22,35.3348274230957,35.42496591179141,34.29821761028047,35.24468549583707,18386,
2020-10-23,34.83906173706055,35.37989959105263,34.52357012342915,35.37989959105263,12267,
2020-10-26,35.199615478515625,35.37989589051106,34.29821685710133,34.29821685710133,15406,
2020-10-27,35.78553009033203,36.64185956727613,34.974269861950624,35.15455029476463,88698,
2020-10-28,35.3348274230957,36.01087640400227,35.24468549583707,35.83059598804793,10193,
2020-10-29,34.884132385253906,35.96581157521592,33.84752244517295,35.10948207322252,45524,
2020-10-30,34.52356719970703,35.695384743160126,33.802448975933046,35.695384743160126,25420,
2020-11-02,34.56863784790039,35.470036523867165,34.29821893282298,34.38836086355749,13084,
2020-11-03,34.47850036621094,35.515110249378495,34.25315069061479,34.34328918542798,4877,
2020-11-04,34.20808410644531,35.01934093861316,34.0278036642202,34.929202436782326,23205,
2020-11-05,34.388362884521484,35.019339243929515,32.31514305710675,34.43343213325588,28589,
2020-11-06,34.388362884521484,35.3348308621968,33.89259083275336,34.92920074646073,24209,
2020-11-09,34.253150939941406,35.60524900336015,34.07287051043961,35.60524900336015,23315,
2020-11-10,34.47850036621094,35.28976057378234,33.622170911232935,33.66724015863953,101410,
2020-11-11,34.43342971801758,35.064409471730535,33.89258845545089,35.064409471730535,74241,
2020-11-12,34.52356719970703,36.23622598991281,33.982729391517275,34.25314829561215,230017,
2020-11-13,35.42496871948242,36.05594850605095,34.29822032866833,35.51511065388547,269946,
2020-11-14,36.41650772094727,37.81367497470889,35.60524754079507,35.83059720877478,77742,
2020-11-17,36.055946350097656,37.22776391876323,35.785527440184524,36.59678416992392,107339,
2020-11-18,35.96580505371094,36.77706172015869,35.87566313173048,36.77706172015869,41908,
2020-11-19,36.14608383178711,36.82213280698435,35.87566492942079,36.05594534385264,172391,
2020-11-20,38.39958190917969,39.61647217499865,36.19115792183101,36.19115792183101,323734,
2020-11-23,38.0840950012207,39.616473475964696,36.95734662840352,39.21084337403788,73667,
2020-11-24,40.56294250488281,41.013641866048175,37.90381558629451,38.67000656341358,372507,
2020-11-25,38.57986068725586,42.00517479451711,38.48972219965539,40.6530768491327,119049,
2020-11-26,38.805213928222656,39.25591328496987,38.39958381943752,38.579864249849045,24351,
2020-11-27,39.43619155883789,39.8868908909389,38.35451247408288,39.6164719793909,32861,
2020-12-01,40.472801208496094,41.68968802404295,38.80521162439657,39.43619137409469,123552,
2020-12-02,40.337589263916016,41.37419907852563,39.70660952626508,41.37419907852563,65782,
2020-12-03,40.92350006103516,41.46433787528763,40.33758956345917,40.33758956345917,72496,
2020-12-04,40.74322128295898,41.64461996869453,40.2023800083798,41.4643395438348,71483,
2020-12-07,44.34881591796875,45.06993417708957,40.96857085468704,41.37420094999346,246874,
2020-12-08,46.78258895874024,48.04454494216598,44.30374279584782,45.06993023440763,440243,
2020-12-09,48.76566696166992,50.92902515796443,46.10654362020188,47.63891861746717,574609,
2020-12-10,49.62199783325195,50.47832728744808,46.5572443110805,48.90087955971533,346974,
2020-12-11,54.48954772949219,57.689512169956906,49.89241266531101,50.0276238348845,2330598,
2020-12-14,56.78812026977539,58.410640742619606,55.12053398648508,55.21067248450385,868395,
2020-12-15,55.21066665649414,57.19374435064406,54.174056845885815,57.05853317932544,160791,
2020-12-16,55.30080795288086,57.68951584370971,54.98531978853581,57.68951584370971,114304,
2020-12-17,52.506473541259766,55.30080809678568,52.37126236272398,55.30080809678568,144793,
2020-12-18,51.24451446533203,53.94871055191553,50.47832694955863,52.73182368837821,129049,
2020-12-21,46.64738082885742,52.055772809014805,45.069933167978185,52.01070356355943,118811,
2020-12-22,46.91780090332031,47.72906109588157,37.31790696368199,46.647381985320926,155201,
2020-12-23,48.4952507019043,49.531860610750776,46.557245506907,46.87273368513162,62227,
2020-12-24,50.027626037597656,50.97409395059636,49.26143854578038,50.61353654679653,66149,
2020-12-28,52.68675231933594,53.002240474639024,50.65860533608269,51.469862066246186,116677,
2020-12-29,53.137454986572266,55.52615952041446,52.28112551881015,53.63322359257248,112136,
2020-12-30,53.04730987548828,53.85857004659441,51.74028456663054,52.91210213934593,41802,
2020-12-31,52.1008415222168,53.72335841197605,51.740284123694174,52.95717093137287,63710,
2021-01-01,52.59661102294922,53.45294044722491,51.33465494799409,52.10084244212531,54931,
2021-01-04,53.498008728027344,54.98531788223429,52.01070301238338,53.18252057462004,121147,
2021-01-05,52.46140670776367,53.54308587011656,52.05577659206094,53.54308587011656,84926,
2021-01-06,51.87549591064453,54.03885422501088,50.92902793757048,54.03885422501088,67619,
2021-01-07,51.78535842895508,52.731826420586266,51.1093093722809,52.010708114513136,73748,
2021-01-08,51.78535842895508,52.731826420586266,51.514939493998064,52.731826420586266,42926,
2021-01-11,51.019168853759766,53.85857634618041,50.7036806606301,53.85857634618041,71807,
2021-01-12,50.56846618652344,51.83042575422551,50.02762833668723,51.83042575422551,64378,
2021-01-13,49.71214294433594,51.24451808409535,49.57693175503322,50.56846901470853,75875,
2021-01-14,49.44171524047852,50.47832507731282,48.81073892786252,49.57692641521796,149724,
2021-01-15,49.44171524047852,50.88395516296812,49.12622708417052,50.25297541178911,25542,
2021-01-18,48.72059631347656,49.441714545300535,48.269896988766206,49.441714545300535,48097,
2021-01-19,48.67552947998047,50.02762752109104,48.36004131247992,48.765667973962586,62181,
2021-01-20,48.54031753540039,50.02762673260579,48.314967865433694,49.39664696898644,27926,
2021-01-21,47.95441055297852,49.5318582459149,47.50371121213955,49.5318582459149,32212,
2021-01-22,47.368499755859375,49.12622786250567,47.09808084065911,49.12622786250567,38507,
2021-01-25,46.37696075439453,48.36003845176116,45.43049286931769,48.36003845176116,36326,
2021-01-27,46.91780090332031,48.31496817845305,46.422032313894256,46.422032313894256,38012,
2021-01-28,46.24175262451172,47.32343175227639,45.70091477991097,46.91780164954424,45564,
2021-01-29,46.151615142822266,47.774132150797065,45.97133471114435,47.774132150797065,33523,
2021-02-01,46.55724334716797,47.54878052293184,46.0164020742906,47.54878052293184,19609,
2021-02-02,46.962867736816406,47.77412788769296,46.55724109994105,47.63891671635923,30955,
2021-02-03,47.09808349609375,47.59385210833998,46.24175401754303,47.548782859692736,37172,
2021-02-04,48.45018005371094,50.20790820383726,47.0980820057004,47.0980820057004,62299,
2021-02-05,48.08961486816406,49.93748478488796,47.81919597062683,48.9008749993386,29049,
2021-02-08,47.99947738647461,49.441713829234594,47.36849765330602,49.441713829234594,43598,
2021-02-09,48.4952507019043,49.57692985927383,48.22483177220273,48.85581156721523,31666,
2021-02-10,49.21636581420898,49.44171548082819,47.95440974427926,49.12622732298652,25167,
2021-02-11,48.945945739746094,49.847344384819,48.40510792812753,49.75720589573689,41891,
2021-02-12,50.43325805664063,52.2811247077359,48.08961936867318,49.53185935478311,106508,
2021-02-15,48.90087890625,51.33465605565617,47.68399205082847,50.92902595766129,80539,
2021-02-16,48.31496810913086,49.53185839622675,48.04454919151947,48.67552895832144,35993,
2021-02-17,48.40511322021485,49.396650462773735,47.77413341196677,48.67553215558878,29970,
2021-02-18,48.945945739746094,49.12622615647327,48.22482751140036,48.40510792812753,36359,
2021-02-19,48.13468933105469,49.0811572267393,47.59384807740422,49.0811572267393,62080,
2021-02-22,47.638919830322266,49.12622905796103,47.3234316613386,48.85581013618029,56467,
2021-02-23,48.08961486816406,48.2248260362141,47.41356590503956,47.41356590503956,44638,
2021-02-24,48.72059631347656,49.08115714867003,48.22482774400777,48.67552706871812,28535,
2021-02-25,49.39664459228516,49.39664459228516,48.495245955788846,48.72059561491293,48189,
2021-02-26,49.03609085083008,49.84734762092497,47.95441171880704,49.08116009829704,55398,
2021-03-01,48.72059631347656,49.89241387001088,48.22482774400777,49.75720613573556,35335,
2021-03-02,48.99102020263672,49.44171957318007,48.04455221220835,49.44171957318007,42559,
2021-03-03,50.07269287109375,51.28958307652469,49.03608651672243,49.3515746596696,104779,
2021-03-04,49.39664459228516,50.07269356965739,49.03608720082438,49.576925007297,34229,
2021-03-05,48.36004257202149,50.02762882406503,48.08962020590569,50.02762882406503,30054,
2021-03-08,50.34311676025391,50.47832794266848,47.77413180288266,49.3065103031406,210023,
2021-03-09,50.65860748291016,52.19098595624264,49.66706685260648,50.88395715726602,146282,
2021-03-10,49.75720977783203,51.65014570474825,48.90088031048871,51.10930785093311,79112,
2021-03-12,49.62199783325195,51.33465674164421,49.30650966313067,50.47832728744808,120937,
2021-03-15,48.76566696166992,49.98255723654673,48.36004030860738,49.26143898396958,44637,
2021-03-16,49.62199783325195,49.9374894419364,48.45018020893454,49.26144041576522,90376,
2021-03-17,48.08961486816406,50.34311141191238,47.86426521378923,50.34311141191238,69827,
2021-03-18,46.46710205078125,49.12622888938732,46.15161388288017,48.22483019416921,55635,
2021-03-19,46.55724334716797,47.41356934507172,44.48402362564938,46.4671014157402,70708,
2021-03-22,46.33189392089844,47.9093416242949,46.01640231708128,47.72906119905125,22990,
2021-03-23,45.70091247558594,47.50370978477226,45.56570130197177,46.016400629268354,38968,
2021-03-24,45.16007232666016,46.64738151862112,44.48402331914391,46.64738151862112,33595,
2021-03-25,44.16853713989258,45.29528553631841,43.44741885389269,45.25021628817402,63530,
2021-03-26,44.57416534423828,45.295283599401714,44.16853525115789,44.16853525115789,32991,
2021-03-30,45.29528427124024,46.60231306230208,44.57416600538088,45.02486535136337,45740,
2021-03-31,45.47556686401367,45.97133548050251,44.61923737813479,44.93472555992861,30643,
2021-04-01,46.69245147705078,47.188220069079854,45.11500376878175,45.11500376878175,25306,
2021-04-05,45.791053771972656,47.77413162132521,44.93472430991551,47.77413162132521,18670,
2021-04-06,46.19668197631836,47.32343031720417,45.25021405768689,46.422031644495526,20378,
2021-04-07,46.28681945800781,48.26989718240108,45.655843151732526,46.196680968129336,18111,
2021-04-08,47.05301284790039,47.729061873190446,46.42203306991704,46.602313497707016,39730,
2021-04-09,50.65860748291016,51.33465650597774,46.602313344504665,46.78259377170198,306989,
2021-04-12,45.881195068359375,51.37972574650775,45.20514604537901,51.37972574650775,119542,
2021-04-13,49.39664459228516,49.93748583732069,45.74598080218769,46.24174936454808,68196,
2021-04-15,48.08961486816406,49.48678547613829,47.86426521378923,49.171293896875824,29376,
2021-04-16,49.3065071105957,50.29804425555756,47.81919795458994,49.35157635562797,84499,
2021-04-19,47.54878234863281,48.67553074551984,43.26713844046208,48.67553074551984,102725,
2021-04-20,47.77413177490234,49.08116059607929,47.18822123619996,47.72906252697829,32528,
2021-04-22,48.4952507019043,49.2163689939629,46.91780293365468,48.76566963160587,37896,
2021-04-23,48.945945739746094,49.98255555700512,47.99947785013213,49.98255555700512,49316,
2021-04-26,55.30080795288086,56.06699889831799,48.54031781494613,49.57692767818803,1357970,
2021-04-27,51.96563720703125,55.84165098724412,51.15437698948202,55.25574044806265,426493,
2021-04-28,51.37972259521485,53.27265836803443,51.06423444593256,52.86703172997518,70829,
2021-04-29,51.24451446533203,53.36280346296032,50.929026297322544,52.416335520368726,85633,
2021-04-30,50.74874496459961,52.32619265361465,50.25297637862179,51.24451355057744,63329,
2021-05-03,51.560001373291016,52.19098109037255,50.929021656209486,51.78535102663707,93702,
2021-05-04,50.11776351928711,53.18252030194291,49.84734461224407,52.23605240801075,198929,
2021-05-05,49.80228042602539,51.51493940886154,49.57693074083976,50.88395960262911,69082,
2021-05-06,48.4952507019043,50.83888944929883,48.31497026924883,50.61353976812031,129455,
2021-05-07,51.10930633544922,52.01070502412182,48.85580961376771,49.53185863027216,223688,
2021-05-10,61.29511260986328,61.29511260986328,53.22759342423481,53.99378439499603,1501540,
2021-05-11,59.762733459472656,66.7035003384321,58.81626212273911,62.917628745749845,1000281,
2021-05-12,57.10360336303711,61.52045814364723,55.88671655540115,59.85287200895159,261671,
2021-05-14,54.98532104492188,58.050078019572304,54.30927201568103,58.050078019572304,162335,
2021-05-17,56.83318710327149,58.41063826006178,55.34588131779519,55.52615830617064,179467,
2021-05-18,57.464168548583984,58.5909169514974,57.01346918741862,57.2388188680013,128426,
2021-05-19,57.68951416015625,60.16836047172546,56.51769659149068,57.50923374069316,114778,
2021-05-20,56.47262954711914,59.08668713480157,55.16560075327793,58.54584241677149,102613,
2021-05-21,56.20220947265625,57.59938025581683,55.93179054121213,57.59938025581683,73217,
2021-05-24,58.99654006958008,60.39371075582649,55.97685590721397,58.140214085832966,200025,
2021-05-25,59.22188949584961,60.16836084425002,58.99653982976628,60.12328816018295,85159,
2021-05-26,58.1852912902832,59.71766639407293,58.050080104154326,59.22189433730922,78868,
2021-05-27,58.68104934692383,60.30356962926765,58.27542271490075,58.9063990040757,80204,
2021-05-28,58.14021682739258,59.627526075146505,57.73459015851714,58.86133854664491,59087,
2021-05-31,56.743045806884766,57.68951370336806,56.11206606304159,57.68951370336806,91318,
2021-06-01,57.058536529541016,57.68951630180463,55.43601957126539,57.238816955696784,48201,
2021-06-02,55.52615737915039,58.32049191507556,54.98531954592716,58.32049191507556,166957,
2021-06-03,55.75150680541992,57.91486500597092,54.98531930527978,56.33741732098338,309071,
2021-06-04,56.78812026977539,57.68951900421627,54.5346234336732,57.68951900421627,147185,
2021-06-07,57.64444732666016,58.14021592200337,56.4275570232943,57.509236146765126,128839,
2021-06-08,57.95993423461914,58.59091052013958,57.19374334160267,57.91486155259951,93033,
2021-06-09,59.98808288574219,60.39370952723894,58.68105071745922,59.04161155274852,313151,
2021-06-10,63.773956298828125,66.65842930990347,63.233118468892265,63.99930596772858,1185391,
2021-06-11,62.872554779052734,65.30632834223026,61.29510716810876,64.26972541388201,245632,
2021-06-14,68.95700073242188,69.85839943480647,63.18804766173517,64.90070657169117,1215024,
2021-06-15,66.25279998779297,70.48937084160421,65.44153983700707,69.81332186213695,569068,
2021-06-16,59.7176628112793,62.19650919212486,57.59937727943652,62.19650919212486,1028536,
2021-06-17,57.68951416015625,59.80779963279929,57.28388407600505,59.49231147766113,205317,
2021-06-18,56.20220947265625,59.041616849227616,54.71490363043199,59.041616849227616,212986,
2021-06-21,57.28388214111328,57.68951221156341,54.534617012493534,55.886714954952055,125389,
2021-06-22,58.36556625366211,59.26696496028237,57.68951722369691,57.91486690035197,104323,
2021-06-23,56.60783386230469,60.21343185819355,54.9853169992206,59.04161087621228,264767,
2021-06-24,56.11206817626953,58.09514253365669,55.70643808005376,58.09514253365669,76837,
2021-06-25,58.590911865234375,62.42185610257662,57.32895238809645,57.64444397666241,517572,
2021-06-28,58.09514617919922,59.67259397792051,57.68951949609297,59.67259397792051,91211,
2021-06-29,58.99654006958008,60.39371075582649,58.050075594458434,59.08668543808067,187968,
2021-06-30,58.005001068115234,60.07822068951947,57.68951291976047,59.492310198502985,78434,
2021-07-01,58.36556625366211,59.13175377886406,58.2303550722438,58.99654259744575,59302,
2021-07-02,57.91486358642578,59.31203425259072,57.73458660626784,59.31203425259072,65005,
2021-07-05,57.95993423461914,58.81626017598627,57.41909299744936,57.73458457877245,95586,
2021-07-06,58.005001068115234,59.94300951818861,57.50923250417363,59.266960538660165,135975,
2021-07-07,58.14021682739258,58.99654285151912,57.824728654142085,58.00500564539197,67755,
2021-07-08,61.2049674987793,63.50352984694502,56.92332406599679,58.90639827348789,883229,
2021-07-09,60.168365478515625,62.96270017774796,59.94301579507549,61.61060207710717,181496,
2021-07-12,61.47539138793945,62.96270068607744,59.49231690850655,60.97962620664454,288491,
2021-07-13,61.29511260986328,62.64721068213968,60.75427475637801,62.64721068213968,90049,
2021-07-14,62.10636901855469,62.96269499427864,61.06975918464474,61.29510884953272,134180,
2021-07-15,64.22465515136719,65.62182583884385,62.87255714818051,63.052834131088304,385034,
2021-07-16,63.773956298828125,64.72042765906048,63.188045784261725,64.72042765906048,139360,
2021-07-19,62.46692657470703,64.17957843614256,62.28664272599627,63.99930146455745,87766,
2021-07-20,61.52045822143555,63.54860519576859,59.94301057473207,62.46692956030802,119759,
2021-07-22,64.67535400390625,68.01052630273463,61.92608533372603,62.19650768319904,803020,
2021-07-23,63.773956298828125,65.8021033189322,62.96269611536127,65.0809816276003,141667,
2021-07-26,62.872554779052734,64.67535204870299,62.28664429099124,63.99930307258415,108913,
2021-07-27,62.24158477783203,64.40493621841549,61.88102391202595,62.91763382229599,80908,
2021-07-28,62.69227981567383,63.50353311136108,60.61906013816498,63.50353311136108,96581,
2021-07-29,63.052833557128906,64.7654923876672,62.33171875493584,63.50353288742183,118016,
2021-07-30,63.052833557128906,64.40493154800767,62.51199573620261,63.77395523644798,73631,
2021-08-02,65.6668930053711,68.05560090254116,63.27818510820103,63.864095630469336,283675,
2021-08-03,65.62183380126953,66.92885927875815,64.26973563402188,66.61337108182575,95678,
2021-08-04,62.78241729736328,66.88377702528469,62.466929145542544,66.88377702528469,100097,
2021-08-05,62.96269989013672,65.71196876639841,62.24158503269826,63.09791107500848,115749,
2021-08-06,63.503536224365234,64.90070697254133,61.34018482698162,64.90070697254133,50642,
2021-08-09,63.41339874267578,64.40493596184766,62.42186152350391,63.23312174905416,123086,
2021-08-10,58.09514617919922,64.9007094331046,56.38249063229695,64.63028705961601,180645,
2021-08-11,58.275428771972656,61.61060129362362,55.07546055696517,59.4021771748448,158799,
2021-08-12,64.72042846679688,65.53168178326237,62.46693174966782,63.9993067664651,543758,
2021-08-13,63.548606872558594,66.07252592473053,63.142980217839536,65.66689239288532,121342,
2021-08-16,64.49507904052734,67.24434091961169,61.38524943277872,63.54860766488076,338326,
2021-08-17,62.872554779052734,65.35140102482184,62.55706663228911,65.35140102482184,77453,
2021-08-18,61.65567398071289,63.5486099221166,61.34018580333336,63.5486099221166,43175,
2021-08-20,60.97962188720703,62.64720806457998,60.57398835619666,61.29511004879768,62877,
2021-08-23,58.005001068115234,62.1063676281048,57.3740247714057,62.06129494528589,88194,
2021-08-24,58.90640258789063,59.807801271338455,57.23881639893737,58.681052917028666,60255,
2021-08-25,59.67259216308594,60.30357538966021,58.99654312705192,58.99654312705192,26794,
2021-08-26,60.078224182128906,60.9796228739024,59.58245215080298,59.89794031749845,33166,
2021-08-27,60.39371109008789,61.29510976307428,59.447239732601744,60.348638405588126,52024,
2021-08-30,61.88101577758789,63.09790252223444,60.70919483703901,61.25003262609018,52823,
2021-08-31,62.061302185058594,63.09791211668663,61.29511462763844,61.29511462763844,77960,
2021-09-01,61.2049674987793,62.78241507927811,61.02468364901831,62.06129343448552,37498,
2021-09-02,61.11483001708984,62.51199377079477,60.79933499410331,62.51199377079477,91116,
2021-09-03,61.02468490600586,62.10636739547526,60.8444079296572,62.10636739547526,29186,
2021-09-06,63.86409378051758,64.90070361648385,61.29510897112363,62.06129645783747,262665,
2021-09-07,62.91762924194336,64.22465454857267,62.73734538360158,63.99930488348997,60440,
2021-09-08,63.052833557128906,63.909166410961056,61.83594674076323,63.909166410961056,105056,
2021-09-09,63.18804931640625,64.67535858971347,62.60213876908807,63.18804931640625,209356,
2021-09-13,63.84723663330078,64.22391073081104,62.76428064146408,63.98848582756819,84785,
2021-09-14,63.894325256347656,64.4593436575408,62.9997133865084,64.03558165279563,77257,
2021-09-15,64.12974548339844,65.07144514448974,63.42347073757996,64.12974548339844,80495,
2021-09-16,63.18804931640625,64.60059888615272,62.71719945982409,64.12974902957058,77873,
2021-09-17,62.34051513671875,64.88310855062738,61.0221413494309,63.1880462746883,98286,
2021-09-20,61.16339111328125,62.90554126244066,59.84501372159426,62.90554126244066,60452,
2021-09-21,60.92796325683594,61.91675074330588,59.42124528403251,61.16338816460516,58686,
2021-09-22,61.68133163452149,63.09388121393801,60.7867197747305,63.09388121393801,46131,
2021-09-23,61.77549743652344,62.38760366410985,61.25756692441061,61.44590398616102,36880,
2021-09-24,61.21047592163086,62.24634407723117,60.927963158922594,61.25756377694824,28812,
2021-09-27,61.257568359375,62.575942191707696,59.939187342443766,61.35173689245612,81138,
2021-09-28,60.833797454833984,61.68132859767592,59.04457023104426,61.68132859767592,31878,
2021-09-29,61.96384048461914,62.34051460083587,60.22169395872382,60.26877822325091,33282,
2021-09-30,61.54007339477539,62.434692412345655,61.21047993971202,61.21047993971202,21370,
2021-10-01,61.77549743652344,62.152178744622645,61.30464759754902,62.010922356010646,37877,
2021-10-04,62.293434143066406,63.28221447843677,61.30464662309779,61.30464662309779,54312,
2021-10-05,62.81136703491211,63.28221688430305,62.340517185521165,62.57594211021664,46214,
2021-10-06,63.75306701660156,65.8248106738743,63.470561416472485,63.98849194234174,98230,
2021-10-07,64.93018341064453,66.67233338785557,63.7530589312304,64.45933361887889,193958,
2021-10-08,64.45934295654297,65.77772400138872,63.94141242133125,65.77772400138872,52920,
2021-10-11,64.27100372314453,65.77772178742676,63.84724173727087,65.40104047520659,46817,
2021-10-12,63.14096450805664,65.11853233932278,62.15217700012448,64.74185104179634,51716,
2021-10-13,62.85845565795898,64.3180930826574,62.52886219629765,63.80015536819058,43554,
2021-10-14,63.04679107666016,63.89432223061419,62.5759412338633,62.90554187149984,48575,
2021-10-18,64.7889404296875,66.24857061328262,63.70598436792444,64.3651712657289,106144,
2021-10-19,62.99971389770508,65.73064457433004,62.48177616805939,65.73064457433004,73154,
2021-10-20,61.869667053222656,64.78894185377652,60.31586830501633,64.78894185377652,36931,
2021-10-21,61.587162017822266,62.99971157243012,61.21048069967379,62.99971157243012,32167,
2021-10-22,60.59837341308594,62.717197708540674,59.84501438205076,62.48177278682349,37387,
2021-10-25,60.31586456298828,61.86966321479611,59.60958624365004,61.86966321479611,46214,
2021-10-26,61.49299240112305,62.99971046257478,60.080439279100624,61.21047962133903,49723,
2021-10-27,61.869667053222656,62.811366747698486,61.30464867345685,62.76428607373379,18327,
2021-10-28,60.08044052124024,62.48177405295648,59.703762794239246,61.21048088684179,22256,
2021-10-29,59.79793167114258,60.69254352309188,59.32708181546429,60.033356598981726,26788,
2021-11-01,61.49299240112305,61.86966652803716,59.89209862334435,61.21047962133903,28592,
2021-11-02,61.02214050292969,62.90553981246951,60.69253987608166,62.34051427192901,19123,
2021-11-03,61.869667053222656,63.94141069182858,60.975055217310015,60.975055217310015,53575,
2021-11-04,63.18804931640625,63.94141196077716,62.199268928342896,63.09388078200954,31713,
2021-11-08,62.99971389770508,65.63646885286803,62.38760763119622,63.94141363553446,53215,
2021-11-09,64.22391510009766,65.35395902330131,62.99970983070832,64.03557803852956,51989,
2021-11-10,63.37639236450195,64.83602258138812,62.24634841943684,64.69476619018018,37414,
2021-11-11,64.60060119628906,66.53108855115018,63.47056437392089,64.64768905747061,189496,
2021-11-12,64.17683410644531,65.82480853302887,63.941409188361945,65.82480853302887,55913,
2021-11-15,62.4346923828125,64.78894161014934,61.82258614678523,63.37639207374723,26628,
2021-11-16,62.71719741821289,64.6005967832319,59.42124852942965,63.705984958687225,100737,
2021-11-17,61.257568359375,63.37639268439353,58.76206271743347,63.04679204171181,58829,
2021-11-18,60.31586456298828,62.34051303282226,58.7620587265824,60.73962652537259,83050,
2021-11-22,57.632022857666016,61.86966795207305,56.83157595035302,61.86966795207305,65745,
2021-11-23,56.73740768432617,58.33829791421101,54.85400825912033,57.91453232507983,168911,
2021-11-24,57.25534057617188,58.52663731621841,56.36072514998341,56.737406463841474,138824,
2021-11-25,57.8674430847168,58.47954568992432,57.4436775320045,58.24412078200627,53337,
2021-11-26,56.54906463623047,57.86744561514125,56.31363971801777,57.44368004389856,49049,
2021-11-29,55.74862289428711,57.11408817617516,54.430241878885,55.70153862780116,33209,
2021-11-30,56.2194709777832,57.6320204817863,55.60736475579553,56.36072377280402,80204,
2021-12-01,56.831573486328125,57.34951117719787,56.12529873583209,57.34951117719787,42135,
2021-12-02,57.25534057617188,57.91453107927387,56.596150073069886,57.91453107927387,35985,
2021-12-03,57.632022857666016,60.17461278814968,57.01991661044427,57.91453205165325,102892,
2021-12-06,57.49076461791992,58.47954856126514,57.44368035248428,58.33829576495821,60592,
2021-12-07,58.0557861328125,58.52663596814009,56.78448942204849,57.91452974529455,23346,
2021-12-08,58.66788864135742,59.89209749220357,57.44367979051128,58.29121092925815,46346,
2021-12-09,58.76206207275391,59.56250537205952,57.91453091512507,59.56250537205952,16635,
2021-12-10,58.62080764770508,59.75084803166288,58.008701391973965,59.703763764060334,37469,
2021-12-13,59.79793167114258,61.11631270396151,58.62080703194686,58.62080703194686,56219,
2021-12-14,58.52663803100586,60.26878104620295,58.0557881790824,60.26878104620295,21337,
2021-12-15,58.62080764770508,59.79793229926543,58.4795512525981,59.79793229926543,26556,
2021-12-16,58.90331268310547,59.79792807353151,58.33829432720434,59.79792807353151,26304,
2021-12-17,57.3965950012207,59.60958776552317,56.972829435718346,59.60958776552317,26178,
2021-12-20,55.65444946289063,58.99748618942585,53.959390763082126,58.99748618942585,38269,
2021-12-21,56.36072540283203,57.255340833033976,55.466113564929344,56.54906606060601,43232,
2021-12-22,56.36072540283203,57.96161560546194,55.466113564929344,56.36072540283203,40675,
2021-12-23,59.70376205444336,60.59837389017253,56.690322314278845,57.25534069392877,122350,
2021-12-24,58.80914688110352,60.88088693595754,57.30242520834638,60.88088693595754,56189,
2021-12-27,61.257568359375,62.62303005054753,57.8674472839658,59.797930950522826,171408,
2021-12-28,63.23513412475586,64.83602068605164,62.15217806995069,63.47055904168749,150859,
2021-12-29,74.01759338378906,75.24180584117703,63.282215598827655,65.8248090446492,1975999,
2021-12-30,72.3225326538086,77.59604901334514,71.56917009476145,74.01758763476793,796028,
2021-12-31,73.54674530029297,77.59605689333873,70.67456551952203,72.88755838263369,528384,
2022-01-03,74.39427185058594,77.12520225417265,74.06467841221816,75.33597149426424,300309,
2022-01-04,73.54674530029297,77.64313756768664,73.2642397004098,77.21937557556261,215471,
2022-01-05,72.22836303710938,74.67678796821012,71.80460105227955,74.39427518859128,143865,
2022-01-06,71.09832763671875,72.51087719241515,70.2507964663812,72.51087719241515,149192,
2022-01-07,73.17005920410156,76.08933383777253,71.09832286852676,71.56917268884814,249951,
2022-01-10,74.53553009033203,75.99516026362598,73.59383042320111,73.97051172697313,250192,
2022-01-11,72.55796813964844,74.9592981757783,72.13419894414396,74.39427976637121,107351,
2022-01-12,73.7350845336914,75.7126523366912,72.04002231134983,72.6521285130064,103469,
2022-01-13,72.3225326538086,73.97050696520112,72.04001989801645,73.97050696520112,63819,
2022-01-14,73.07589721679688,74.34719040851782,71.09832923138666,71.09832923138666,117087,
2022-01-17,73.97051239013672,75.24180551524125,73.45257469473196,73.82925600188102,181084,
2022-01-18,76.46601104736328,85.74175863154255,72.04002543068968,74.44136248555202,1010322,
2022-01-19,76.84268951416016,80.04446974070811,74.44135973269778,76.74852098667894,352770,
2022-01-20,75.52430725097656,79.76195557468817,73.8763329028665,77.4077065059595,247393,
2022-01-21,70.34496307373047,76.41893030767324,69.1207578030726,75.52431130280188,260536,
2022-01-24,66.71942138671875,71.28666343172773,66.38982793318998,71.23958275813702,166377,
2022-01-25,68.60282135009766,73.26423915153262,64.41226058080423,65.96606651461587,271628,
2022-01-27,71.52208709716797,72.181281177245,67.42569496761124,68.46156316819135,159809,
2022-01-28,72.18128204345703,74.91221255746684,71.71043220257943,72.51087549515168,176585,
2022-01-31,70.62747192382812,73.54673932642676,70.0624535853571,72.65212755589747,56074,
2022-02-01,69.68577575683594,72.41670624368565,68.27322624825142,70.76873181700373,75856,
2022-02-02,70.76873016357422,72.04002325467832,69.7799426568276,70.43913672285807,85147,
2022-02-03,70.62747192382812,73.5938271815485,69.63868444305534,71.00415321100814,97271,
2022-02-04,70.20372009277344,72.46379377266554,69.21493246937138,71.47501333386249,85824,
2022-02-07,70.95706939697266,71.05123792798116,69.68577626686174,70.20371396430615,46846,
2022-02-08,69.21492767333984,71.8987703706925,68.22614011845272,71.09832706581167,72504,
2022-02-09,70.29788208007812,70.62747552896028,69.21492601838106,70.62747552896028,64266,
2022-02-10,72.41670989990234,73.31132176000088,69.96829206499173,70.29788553004914,112885,
2022-02-11,69.92120361328125,72.27545289318971,69.49744161673718,71.56917810921718,48936,
2022-02-14,65.8248062133789,69.68577329696691,65.02436295702255,68.74407365781872,99230,
2022-02-15,71.19248962402344,76.6543502776704,69.73285952810942,70.62747129061808,550709,
2022-02-16,72.36962127685547,76.08933944212878,71.56917796027214,71.56917796027214,230853,
2022-02-17,72.88755798339844,75.995162672683,72.79338945061984,73.1700635817342,149765,
2022-02-18,71.28666687011719,74.15885392782815,70.72164846758683,72.60504793242056,56755,
2022-02-21,68.79116821289062,71.33375461236307,68.6028239559601,70.76873621076905,68756,
2022-02-22,66.29566192626953,68.22614204737347,65.25979366804319,67.80238004592591,82862,
2022-02-23,68.50865173339844,70.062457642622,65.30687138385258,66.38982745298405,55260,
2022-02-24,61.257568359375,66.86067870058457,60.739630650531055,65.07144783364922,160219,
2022-02-25,65.63645935058594,66.53107828276791,62.52885497640053,62.52885497640053,92470,
2022-02-28,68.69698333740234,69.96828355232084,63.75306040924583,65.44812257273861,123137,
2022-03-02,70.72164916992188,73.45257985797136,67.42570007373085,67.80238140735817,237459,
2022-03-03,70.72164916992188,73.21715492252913,70.62748063266476,71.56918037443363,52415,
2022-03-04,68.03780364990234,70.43914077020891,67.56695379765388,70.43914077020891,133937,
2022-03-07,66.01314544677734,67.80237625714956,65.68355199911363,67.14318936182215,70087,
2022-03-08,67.23735809326172,68.5557390724626,65.91897711406084,66.86067678711885,52784,
2022-03-09,69.07366943359375,70.10953763481403,67.75528845722324,67.80237631461439,57526,
2022-03-10,69.73286437988281,72.22836279143453,69.30909521189595,69.68577652190702,64907,
2022-03-11,70.62747192382812,71.61625940460091,69.73286015329883,69.73286015329883,64689,
2022-03-14,71.52208709716797,73.02881231757357,71.23958150679066,71.47500642440424,85631,
2022-03-15,69.30909729003906,74.67678995329369,68.79116675976798,72.2283649571081,153319,
2022-03-16,71.09832763671875,72.4167086589551,69.8270344735117,70.76873417730931,78393,
2022-03-17,71.05123138427734,73.17005546752138,70.62746944146762,72.36961225077096,53419,
2022-03-21,72.13419342041016,73.12298094960454,71.75751211478381,72.04002489015315,93034,
2022-03-22,71.66334533691406,73.73508897622027,69.45035249106755,71.9458581191917,124684,
2022-03-23,71.19248962402344,73.64090719184529,70.72163981541932,72.13418924123168,71679,
2022-03-24,70.90998840332031,72.18128152768615,70.62747562697308,71.56917530199938,28456,
2022-03-25,68.79116821289062,71.9458608743394,68.27323048708017,71.9458608743394,53193,
2022-03-28,67.28443908691406,69.68577613849898,66.95484563669218,69.68577613849898,100747,
2022-03-29,67.66112518310547,68.27323145374851,67.23736317205969,68.22614359269947,103527,
2022-03-30,70.90998840332031,74.67678710342554,67.42569529496396,67.42569529496396,179210,
2022-03-31,69.49744415283203,72.46379260608552,68.74408148193022,70.9570744488808,61798,
2022-04-01,73.35840606689453,77.21937329471038,69.02658900191581,69.02658900191581,402683,
2022-04-04,76.79560852050781,77.87855735889518,73.54674045155146,74.15884665450828,349625,
2022-04-05,75.90099334716797,79.95030487574155,74.11176250466805,77.40771140968427,262271,
2022-04-06,76.32476806640625,77.59606129956623,75.05346764864731,75.85391818859893,122995,
2022-04-07,74.11175537109375,77.2193669133989,73.49965638104379,76.70142926148213,110129,
2022-04-08,75.14763641357422,76.27767314183617,74.20593674515649,74.72386725202726,66551,
2022-04-11,78.53775787353516,79.80905105519372,75.10055246786666,75.33597739723302,248889,
2022-04-12,80.32698822021484,82.68123749765844,78.30233240469363,79.10277572210472,605026,
2022-04-13,80.56240844726562,82.86956973070156,80.27989567661713,81.17450747600701,203701,
2022-04-18,77.69022369384766,79.80904797640713,75.80682433157256,79.66779158731683,155269,
2022-04-19,76.74852752685547,81.31576975257681,75.80682780259957,78.63192697536726,165267,
2022-04-20,76.51309967041016,78.49066757881799,76.27767474834735,77.0310373727877,81483,
2022-04-21,77.54896545410156,78.53775296953857,76.46600940971776,77.26645986726115,89879,
2022-04-22,76.65435028076172,79.00859932387726,76.37183752174869,77.59604989800793,168518,
2022-04-25,78.82025909423828,80.51532136524055,76.93685976405722,77.26646039451752,404127,
2022-04-26,78.63191986083984,81.97495645331358,78.16107004131386,80.32698208497263,173568,
2022-04-27,80.93907928466797,81.83369823243174,75.43013795687241,78.16106828570206,226214,
2022-04-28,97.0892333984375,97.0892333984375,82.39872015609845,82.49288868507148,2560267,
2022-04-29,87.38973236083984,99.5376523715912,86.16551991444554,98.83137761819413,1228774,
2022-05-02,86.40094757080078,91.15653393491316,84.28212324345145,86.63637249606182,260732,
2022-05-04,80.42115020751953,88.42559709920687,79.85613186384944,86.63636635708657,217249,
2022-05-05,78.72608947753906,84.800056544258,77.26645932756338,81.83370120326485,219691,
2022-05-06,78.77317810058594,79.95030267714999,75.5243099585102,76.37184109055598,138091,
2022-05-09,71.47500610351562,78.72609065962084,69.30909399735522,77.97273523739855,259592,
2022-05-10,70.5333023071289,75.24180036255008,69.5445148416513,72.04002024794411,109961,
2022-05-11,68.08489227294922,72.55796591950207,62.15218119420808,70.53331009519526,225349,
2022-05-12,66.76651000976562,68.93241500390842,65.49521685467768,67.75529038167912,107942,
2022-05-13,68.83824157714844,71.56917194349072,67.70820489398515,68.7440730509845,130671,
2022-05-16,67.09609985351562,70.156623706483,66.48399364600252,69.45034897118283,91840,
2022-05-17,73.59382629394531,75.24180061895869,67.70820370461185,67.70820370461185,195403,
2022-05-18,72.41670989990234,76.70143931484627,71.71043510995128,73.59383454982078,157421,
2022-05-19,70.43914031982422,72.93463877310609,69.40326490382209,70.72164591860782,81509,
2022-05-20,73.49966430664062,74.3942761459487,71.38083998602816,72.46378889110683,113840,
2022-05-23,71.75750732421875,74.81803105313854,70.72163919135008,74.81803105313854,121635,
2022-05-24,69.87411499023438,73.45257673042798,68.93241528856223,71.56917732708366,46874,
2022-05-25,67.75528717041016,73.2642358890249,66.95484390215103,71.47500511111744,239769,
2022-05-26,67.89654541015625,70.62747591582101,65.44812768199414,67.99071394112434,89956,
2022-05-27,75.14763641357422,80.42115311979386,74.15884888789628,76.27767314183617,727186,
2022-05-30,76.04225158691406,77.50188901133824,74.39427709431841,77.07811983105447,125890,
2022-05-31,82.2574691772461,87.1072241764206,75.19472127104983,76.70143938745196,616612,
2022-06-01,82.91665649414062,85.60049904152378,81.55118770013999,82.77540011067875,223135,
2022-06-02,86.07135772705078,88.8964569488275,83.38751490328266,83.62293983843072,280088,
2022-06-03,81.78661346435547,88.33143036652326,80.98617019585099,87.62515562644317,183021,
2022-06-06,81.88078308105469,84.42337648989546,79.29110899967506,82.6812335447961,154886,
2022-06-07,80.23280334472656,82.77539658494683,79.62070435012701,81.645352749983,154801,
2022-06-08,79.43236541748047,81.31576475012778,78.86734705460594,81.31576475012778,116255,
2022-06-09,80.42115020751953,81.59827475041473,78.63191946539922,80.04446891687346,87070,
2022-06-10,78.25524139404297,79.4323659853631,77.73731088462111,78.77317908806316,63729,
2022-06-13,73.97051239013672,77.12520486638823,73.54674322536964,75.99516094494103,108454,
2022-06-14,75.75973510742188,78.63192195693361,73.4525738040817,73.4525738040817,110037,
2022-06-15,74.77095794677734,77.59605705924048,74.39427662819588,76.27767603650463,69070,
2022-06-16,71.00415802001953,76.0893377798668,70.62747670732742,76.0893377798668,129323,
2022-06-17,69.9682846069336,72.46378285108163,69.59160332219116,72.46378285108163,64510,
2022-06-20,65.63645935058594,71.28665695957518,64.36516632548292,71.09831991311466,106675,
2022-06-21,69.16783905029297,69.63868889320742,64.50642847927931,65.63646522843462,70247,
2022-06-22,68.64990997314453,69.6857782123544,67.47278534117909,69.6857782123544,40563,
2022-06-23,68.83824157714844,69.59160415565597,66.01314268464222,69.59160415565597,33156,
2022-06-24,69.49744415283203,70.43914389915984,68.60282508306128,70.06246256370893,38469,
2022-06-27,71.28666687011719,72.84047286552477,70.15663006505646,70.29788646183876,63549,
2022-06-28,71.33374786376953,72.1812789782785,70.20371116748966,72.04002259509399,28590,
2022-06-29,71.28666687011719,72.88756072598514,70.06246152873454,71.33375473057755,61336,
2022-06-30,70.95706939697266,72.55796316251094,70.62747594614366,70.62747594614366,27451,
2022-07-01,69.9682846069336,71.85168384604785,68.55573517759791,71.85168384604785,30543,
2022-07-04,71.3808364868164,71.94585484102852,70.62747389146814,70.62747389146814,26013,
2022-07-05,70.95706939697266,72.84046875553648,70.1566261065027,72.32253824269046,55062,
2022-07-06,71.23957824707031,71.85168444177705,70.29787861970546,71.75750873136218,25269,
2022-07-07,74.30010223388672,75.14763333769187,71.61625972566873,72.27544659274051,120122,
2022-07-08,72.79338836669922,74.95929332674972,72.08711360447872,74.91221265336073,54911,
2022-07-11,75.383056640625,76.93685524916404,72.79338271359613,73.40548171230648,83727,
2022-07-12,74.44136047363281,77.92564631730443,73.45257296374315,74.48844114554296,70689,
2022-07-13,75.71265411376953,77.92564687822546,74.44136100947341,74.48844168172246,105215,
2022-07-14,73.59382629394531,76.18350023325205,72.98172010773506,75.38305699802227,43518,
2022-07-15,73.02880859375,74.67678293301297,72.08710897131401,73.593826930292,44013,
2022-07-18,74.20594024658203,75.1947206343175,73.07589628040037,73.07589628040037,81982,
2022-07-19,77.50188446044922,78.53775264376374,73.59382945628255,75.14763532355342,177349,
2022-07-20,75.80682373046875,78.06690438419743,75.43014242408091,77.64313522028674,50144,
2022-07-21,76.18350982666016,77.54897156549212,75.75974063610627,76.27767836302809,54278,
2022-07-22,75.52430725097656,77.12520092847085,75.1005452924446,77.12520092847085,38165,
2022-07-25,76.04225158691406,76.98395129696873,75.24180827028732,75.75973880005822,37115,
2022-07-26,74.62969970703125,77.12520529819236,74.06468133544344,76.93686105126416,32564,
2022-07-27,74.58261108398438,76.2305855085575,73.45257435240214,73.78216780039709,24157,
2022-07-28,75.14763641357422,77.64313478720257,73.97051182805205,75.0063800263919,65128,
2022-07-29,75.47723388671875,76.18350867570626,74.44136563312347,75.33597749200152,43211,
2022-08-01,74.48844146728516,78.0669030394301,74.11176016738597,75.52430965355926,144522,
2022-08-02,74.86512756347656,76.13642074555926,73.68800291625209,74.30010916972854,63446,
2022-08-03,72.93463897705078,75.3359760887181,71.56917728428219,74.25301999552306,88776,
2022-08-04,71.56917572021484,75.10054952219913,69.63868850129074,72.98172524100856,93436,
2022-08-05,72.55796813964844,73.4525800224931,71.56918053473686,71.80460547070639,44762,
2022-08-08,72.46378326416016,73.9234205566335,71.99293345169752,73.45257074417087,50785,
2022-08-10,74.20594024658203,74.86512717173902,71.80460310496981,73.49966546194298,79686,
2022-08-11,69.49744415283203,72.41671192952846,68.83825001964323,71.19249938546275,191836,
2022-08-12,73.64091491699219,74.15885263462906,68.83824780233594,69.4503540546526,252285,
2022-08-16,72.60504150390625,74.72386571424163,72.0400231514031,74.30010374601382,82595,
2022-08-17,71.56917572021484,73.9234249215377,71.28666294221674,73.40548722340732,98461,
2022-08-18,71.71043395996094,72.46378941306827,70.72164639604674,71.75751463444344,45352,
2022-08-19,71.85169219970703,72.51087913619659,70.81581675008236,72.18128566795181,59051,
2022-08-22,70.20372009277344,72.04003175383552,69.92120729048742,72.04003175383552,34616,
2022-08-23,71.00415802001953,71.56917639675845,69.87411408194322,69.87411408194322,22832,
2022-08-24,71.33374786376953,72.41670388871998,70.58038527651755,70.62747313244509,65489,
2022-08-25,71.80460357666016,73.31132169020148,71.42792225212516,71.42792225212516,64568,
2022-08-26,73.82925415039062,74.9592908589004,72.13419190302778,72.51087320073043,112256,
2022-08-29,72.18128204345703,73.82925648652866,71.6633443446523,73.82925648652866,41991,
2022-08-30,72.13419342041016,73.92342423368657,71.6633435845268,73.21714947986153,54125,
2022-09-01,73.21714782714844,74.86512221554085,71.33374852612855,71.33374852612855,103773,
2022-09-02,72.84046936035156,74.1588503592128,72.08711392142973,73.45257559388698,63383,
2022-09-05,72.46378326416016,73.68799565040219,71.75750854546621,72.84046455104985,72560,
2022-09-06,72.79338836669922,73.54674380230871,71.33375098427082,73.40548741294494,115346,
2022-09-07,79.99738311767578,87.3426433279932,72.08711173376253,72.46378584949308,1168350,
2022-09-08,78.72608947753906,81.36285137722145,77.59605276887413,80.93908222302346,141979,
2022-09-09,77.69022369384766,80.51532273726029,76.60726762361979,79.43236666703244,79654,
2022-09-12,78.4435806274414,79.99737924102894,77.69021806329155,77.69021806329155,67528,
2022-09-13,78.86734771728516,80.42115361669462,78.67901065627724,79.5265346154112,109319,
2022-09-14,78.34941101074219,80.46823530449589,77.26646211939126,77.36063065108284,105902,
2022-09-15,78.96151733398438,79.95030487937353,78.3964989585899,78.91443666038393,49685,
2022-09-16,77.31353759765625,79.62070598435547,75.33596982662688,79.52653027439382,76212,
2022-09-19,75.52430725097656,78.16106908179187,75.33597019931746,78.16106908179187,60116,
2022-09-20,76.0893325805664,76.98394435055631,75.61848276802478,75.61848276802478,31856,
2022-09-21,75.19471740722656,77.03103607923897,74.86512395879305,76.08933640680132,46806,
2022-09-22,74.72386932373047,76.27767525661832,74.39427586756601,75.28888770352646,24033,
2022-09-23,73.7350845336914,76.65435197474807,73.4996596241772,75.7597330078352,41569,
2022-09-26,70.20372009277344,77.21938044201977,69.26202033128538,73.6880063364396,75204,
2022-09-27,70.72164916992188,71.38084329991939,69.21493102001146,71.19249904080631,81789,
2022-09-28,72.08711242675781,73.0758927669533,70.34496229406416,70.7216435980141,81019,
2022-09-29,71.09832763671875,73.45257689621275,70.62747778481996,71.6633460220776,35293,
2022-09-30,72.51087188720703,72.98172170465642,70.48621623525501,71.6162601078924,125143,
2022-10-03,76.74852752685547,81.59828254369307,71.19249771682594,73.31132209640171,291632,
2022-10-04,78.67901611328125,80.46823987074806,76.84269731039853,79.00860958520416,139403,
2022-10-06,79.19694519042969,79.76196358676096,77.92565200253466,79.10277665514093,64581,
2022-10-07,79.761962890625,80.4211570010905,78.63192610782505,78.63192610782505,36627,
2022-10-10,77.87855529785156,79.5736174789343,77.219368441096,78.16106805623131,34518,
2022-10-11,76.56018829345703,79.10277460329496,76.27767551032014,78.96151821172651,33910,
2022-10-12,75.71265411376953,78.72609015244167,74.95929151180238,77.64313410633822,44374,
2022-10-13,75.383056640625,77.17228015162121,74.6767819332535,76.74851820103744,24572,
2022-10-14,74.81803131103516,76.74851838977037,74.39426935940931,76.27766858369816,28456,
2022-10-17,73.59382629394531,75.85390680516895,73.12297648679863,75.85390680516895,25585,
2022-10-18,74.6767807006836,75.33596754284439,73.92341815141606,74.6767807006836,23333,
2022-10-19,75.71265411376953,76.2305846160985,74.39427315262613,75.33597281278595,26736,
2022-10-20,73.64091491699219,75.90099567230061,71.61626627528125,75.33597727962318,35240,
2022-10-21,73.7350845336914,74.91220908126249,72.84046556677855,73.45257176843512,19624,
2022-10-24,77.64313507080078,80.0444721078764,73.9234242408035,74.39427407673219,107995,
2022-10-25,76.18350982666016,78.63192769522031,75.38306649063455,78.63192769522031,55505,
2022-10-27,75.43014526367188,77.1252076139291,74.53553341384638,76.65435775936861,29263,
2022-10-28,74.81803131103516,76.13641220495691,74.39426935940931,75.52430602014347,19592,
2022-10-31,74.15885162353516,74.95929493429804,73.92342669774615,74.95929493429804,30590,
2022-11-01,74.01759338378906,75.05346159448744,73.45257501291707,74.39427469256985,24295,
2022-11-02,74.15885162353516,75.28888839348294,74.01759523114204,74.86512640090216,20065,
2022-11-03,75.10054779052734,75.80682253463888,74.3942730464158,75.80682253463888,26498,
2022-11-04,78.77317810058594,79.66778990493532,76.5130974766633,76.5130974766633,152356,
2022-11-07,78.16107177734375,80.04447109727974,77.40770917553006,79.38528420914145,124439,
2022-11-09,78.25524139404297,79.66779090362712,78.16107286365703,79.66779090362712,68465,
2022-11-10,76.7014389038086,79.47945737348813,76.51310183467041,78.53775765859987,55239,
2022-11-11,76.60726928710938,78.16107523164615,76.27767582847395,78.16107523164615,54599,
2022-11-14,77.64313507080078,78.91443537548689,77.2193730923043,77.2193730923043,122683,
2022-11-15,77.59605407714844,78.53775374511238,77.36062916015744,78.16107244100714,48130,
2022-11-16,76.65435028076172,78.16106823143609,76.56018175595668,76.70143095086529,52992,
2022-11-17,77.50188446044922,77.7373093741388,76.65435333424709,77.12520316162626,32514,
2022-11-18,75.24180603027344,78.16107360761404,73.17006241907161,78.16107360761404,113267,
2022-11-21,75.33597564697266,77.9727376684561,75.24180711433364,76.32476320117857,173397,
2022-11-22,75.14763641357422,76.79561083330525,74.39427380500071,76.4189295290185,76300,
2022-11-23,74.44136047363281,75.8539099537048,74.1117598472708,75.75973424068812,145627,
2022-11-24,73.54674530029297,75.33597617128059,73.21715184146332,75.2418076379862,221996,
2022-11-25,74.67295837402344,75.79917497824664,74.03640051323646,74.67295837402344,121299,
2022-11-28,74.67295837402344,75.35847762619434,74.42812900230533,74.77088862839078,45157,
2022-11-29,75.50537872314453,75.79917696554885,74.47709981792875,75.1626190880726,60934,
2022-11-30,75.01571655273438,76.14193313522803,74.52605781874577,75.11364680521223,58162,
2022-12-01,75.4074478149414,75.89710656698648,75.11364957507452,75.89710656698648,43549,
2022-12-02,75.65227508544922,75.79917420129424,75.1136474845506,75.65227508544922,39763,
2022-12-05,77.02332305908203,77.65988092997023,75.65227706138427,76.14193581259065,71238,
2022-12-06,77.26815032958984,78.05159982721597,76.77849159172375,77.12125121391013,38723,
2022-12-07,75.89710235595703,77.95366750612119,75.70124185464586,76.87641980571131,43431,
2022-12-08,77.3171157836914,77.85574341229056,75.89710835789332,77.0233250084917,55381,
2022-12-09,76.38676452636719,78.19850039581368,76.09296628954904,78.19850039581368,30805,
2022-12-12,75.84813690185547,77.51298112418048,74.81985801638368,75.50537727336487,28952,
2022-12-13,77.3171157836914,78.19850305249012,75.84813949289347,76.38676712149262,38795,
2022-12-14,76.72952270507812,77.65987878968969,76.43573194541084,77.65987878968969,47703,
2022-12-15,76.2398681640625,77.36608481711258,76.0440076468363,77.36608481711258,50135,
2022-12-16,76.14193725585938,77.3171152923903,75.70124736006021,77.3171152923903,20949,
2022-12-19,75.7991714477539,77.21917874893957,75.70124119794785,75.7991714477539,17132,
2022-12-20,74.721923828125,76.87641921231454,74.42812560682682,76.87641921231454,38903,
2022-12-21,71.7350082397461,76.0929682090157,71.4412099955168,76.0929682090157,52068,
2022-12-22,69.92327117919922,72.76329343102825,69.04188393254888,71.97983644031693,44938,
2022-12-23,71.49017333984375,73.44880822586687,67.62187242858775,70.90258436835664,110556,
2022-12-26,72.37156677246094,73.39984569331769,70.51086197599663,72.46949703088542,35882,
2022-12-27,73.35088348388672,73.44881374122174,72.46949622467211,72.46949622467211,35264,
2022-12-28,73.15501403808594,74.42812977284012,72.6653552895804,74.33019951745894,29849,
2022-12-29,72.22466278076172,73.4488096075543,71.88190316357965,73.4488096075543,20527,
2022-12-30,72.76329040527344,73.59570875353957,72.42052331634095,72.42052331634095,21268,
2023-01-02,75.94607543945312,76.4846955838041,72.76329355079879,72.76329355079879,87715,
2023-01-03,76.09296417236328,76.77849088199858,74.72192569629134,76.38676240100688,350274,
2023-01-04,75.5543441772461,76.87642126519388,74.62398809935739,76.87642126519388,47017,
2023-01-05,74.86882019042969,77.36608281421181,74.47709916611844,76.72952494230661,94752,
2023-01-06,73.59571075439453,75.4074466137824,72.76329238349736,75.4074466137824,46039,
2023-01-09,73.54674530029297,75.79917861686378,73.39984617589054,75.79917861686378,14623,
2023-01-10,74.3302001953125,74.91778920455774,72.71432481618838,73.39984408170788,26158,
2023-01-11,74.47709655761719,75.505375417819,73.88950009853117,74.42812769549357,13171,
2023-01-12,73.93846893310547,75.26054602235769,73.84053868049406,74.52605792037319,12197,
2023-01-13,77.65988159179688,79.76540826264814,73.93847206227433,73.93847206227433,552592,
2023-01-16,75.65227508544922,78.34539814674352,74.42812823940635,78.24746789337998,111143,
2023-01-17,74.96675872802734,77.36608365005368,74.52606136351659,76.72952577127128,86017,
2023-01-18,75.60330963134766,76.04400699875043,74.96675921998765,74.96675921998765,34998,
2023-01-19,76.82745361328125,77.12125184705266,75.40744625045149,76.23986461733789,30362,
2023-01-20,76.87641906738281,79.17781355788273,76.3867603472084,76.82745020672571,385421,
2023-01-23,91.27238464355467,92.25170210741943,77.31711078348204,77.65987787311414,1718397,
2023-01-24,87.69788360595703,93.0351609005599,85.49441926883851,89.50961945549015,776688,
2023-01-25,92.7903289794922,99.7434814245327,84.27027009877482,86.1799361498186,1764534,
2023-01-27,90.53789520263672,94.89586233514927,86.27786579233728,91.85997973652204,634206,
2023-01-30,91.46825408935548,93.18205967866288,88.13857316438119,90.1951383772302,652180,
2023-01-31,109.68355560302734,109.73252446470411,90.43996600514065,92.83929826691644,3305893,
2023-02-01,129.02508544921875,131.62027094397249,118.4974219305918,118.4974219305918,6519434,
2023-02-02,135.04788208007812,141.02172502001125,119.57466951223124,129.02508521796167,1811527,
2023-02-03,132.10992431640625,138.57342577136066,122.65951645132807,133.97063652589875,769434,
2023-02-06,130.68991088867188,134.99891664035468,127.40920639270264,127.70298967353688,234102,
2023-02-07,126.77264404296876,130.20025520257192,124.47124947298364,130.15128634022355,182343,
2023-02-08,128.43748474121094,132.06097146251386,122.41468806566016,126.03815984376384,259656,
2023-02-09,127.70299530029295,134.11752787764522,124.86298054363886,129.26990926870846,236065,
2023-02-10,140.4341278076172,140.4341278076172,127.115418367159,128.29059641437595,407732,
2023-02-13,151.25558471679688,153.16525085101622,144.93898983751785,146.89762483532215,967701,
2023-02-14,145.08587646484375,152.77352454249896,140.58102509168924,151.6962693537019,733197,
2023-02-15,144.2534637451172,145.91830042576476,139.06307825811135,144.93898297324284,733318,
2023-02-16,141.70724487304688,150.61904045323865,140.04240804575824,144.25347645115875,268571,
2023-02-17,139.0141143798828,142.93138433038715,138.27962626416326,142.88241546736603,397665,
2023-02-20,133.5789031982422,141.70724156926354,130.44509013584343,141.02172229673872,314104,
2023-02-21,128.3395538330078,135.04786934846177,127.60506575110568,133.08923446338935,242212,
2023-02-22,126.23401641845705,132.06096734318385,124.47124944825664,129.7105964397179,178835,
2023-02-23,126.18506622314452,132.89338215194115,125.35264036841832,127.31127537417484,102134,
2023-02-24,123.68780517578124,129.12302037454492,122.41468941720244,127.31127699389056,84207,
2023-02-27,115.55946350097656,121.68019779657914,114.09048727003194,121.63122893357452,206262,
2023-02-28,116.39188385009766,118.9870767298842,113.06220284234888,115.55946546606036,129016,
2023-03-01,119.18293762207033,121.72916911773824,116.39188422123392,116.39188422123392,158770,
2023-03-02,114.58014678955078,119.036044375562,113.84565866910494,119.036044375562,134781,
2023-03-03,117.37120056152344,120.50502103596168,114.62911605193948,114.62911605193948,81623,
2023-03-06,113.600830078125,118.399487325745,112.9642722083673,116.6367128358929,143720,
2023-03-08,112.9153060913086,114.87394101069576,111.29943078849436,112.8663372296842,56010,
2023-03-09,114.23738861083984,117.46913189885748,111.78909484494788,113.1601408481673,67721,
2023-03-10,110.76080322265624,114.13945294234055,109.92838487604392,113.84565471572478,60428,
2023-03-13,105.32559967041016,112.22978353339631,103.073166441249,110.76080728957804,164094,
2023-03-14,101.65316009521484,107.43112740241293,97.05036333478972,107.43112740241293,240110,
2023-03-15,105.9131851196289,106.50077410311935,101.01659780454295,102.8283336168049,143233,
2023-03-16,103.26902770996094,106.94146834646878,102.82833782221984,106.94146834646878,61572,
2023-03-17,105.27662658691406,106.35387429487892,103.80765040198038,103.80765040198038,69040,
2023-03-20,105.57042694091795,106.74560492391768,102.92626527176954,102.92626527176954,62579,
2023-03-21,105.47248840332033,106.59870498678367,103.80765169496532,104.29731042937554,21768,
2023-03-22,113.40496826171876,116.00015363136194,98.37243882207504,104.29731262161408,272652,
2023-03-23,114.72704315185548,121.1905369621855,111.64219162577088,113.40496606113332,176402,
2023-03-24,113.40496826171876,117.17533910160743,111.20150391055788,116.049122494472,64592,
2023-03-27,115.9022216796875,122.21882387681993,108.70423973227562,113.40496660123,209226,
2023-03-28,104.5911102294922,117.42016776939673,104.34628085861004,117.32223751536374,127538,
2023-03-29,103.3669662475586,109.68356120321076,100.38004485115272,105.96215167374768,373331,
2023-03-31,104.68904113769533,106.8435366262812,101.01660055151515,101.01660055151515,166151,
2023-04-03,110.1242446899414,110.17321355127056,104.6890373043716,104.6890373043716,592596,
2023-04-05,114.28634643554688,115.16773365807386,107.77389119885174,109.68355728799403,73467,
2023-04-06,117.90982818603516,118.49741719017894,114.0904884517012,114.28634896254928,244939,
2023-04-10,116.29395294189452,119.28087430083144,114.58014731959294,118.00775856419614,31201,
2023-04-11,115.70635986328124,118.88914162120868,114.67807353746498,116.293948847348,18376,
2023-04-12,115.85326385498048,118.39948787420649,115.21670598227404,116.14705462358368,51161,
2023-04-13,124.42228698730467,125.8422943237186,115.75532143987029,116.5387784009534,139092,
2023-04-17,124.22642517089844,128.14370269894962,121.4843406143422,126.67472642778031,193257,
2023-04-18,119.47673034667967,125.30366625609524,118.64431199842022,124.7160772733003,42322,
2023-04-19,116.9794692993164,122.0719246478882,115.90222157206448,118.00775563582016,59556,
2023-04-20,114.33531951904295,120.35812371179642,111.00563848412564,116.930512420005,55537,
2023-04-21,117.07740783691406,122.12088688655724,107.92078341269712,115.36360224524128,152220,
2023-04-24,115.0698013305664,119.18293166608312,113.649794004914,118.59534268552348,126725,
2023-04-25,111.74011993408205,115.80428885984682,111.10356209507805,115.41256038418288,54038,
2023-04-26,112.5235824584961,114.48221746222414,109.92838958423653,111.78909433209807,31334,
2023-04-27,119.18293762207033,121.43537087697668,112.22978481617623,112.52358305693782,110986,
2023-04-28,125.25470733642578,126.42989279679378,118.05672534411956,118.05672534411956,280172,
2023-05-02,134.949951171875,137.74099701235792,125.45057464398803,125.7443579322082,277601,
2023-05-03,131.9140625,137.10444816933608,130.34716348684125,134.16649570856458,73128,
2023-05-04,134.99891662597656,137.59410189439214,130.0533605087484,132.06096427235966,170383,
2023-05-05,133.72579956054688,135.97823266354308,132.10991681693736,135.97823266354308,284963,
2023-05-08,129.56370544433594,137.20238476823215,127.45816389882673,134.8030449904195,78985,
2023-05-09,132.40371704101562,137.00650609482696,129.318873032397,130.2492216268059,263659,
2023-05-10,131.81614685058594,134.16650296911536,130.24923280943315,133.48098367981092,36903,
2023-05-11,139.84654235839844,143.86173515309522,133.67683910344573,133.67683910344573,482178,
2023-05-12,138.47547912597656,142.9803452975626,137.59409941306538,141.41343142661142,119643,
2023-05-15,136.90858459472656,140.2382579984249,134.21546156599453,136.51684864281,52248,
2023-05-16,133.87269592285156,138.7692833007408,133.18717667858684,137.1044465808982,101476,
2023-05-17,133.23614501953125,135.14581110079402,131.62026222523295,134.16649362904914,30080,
2023-05-18,132.35475158691406,135.09684352249977,131.4733718312467,134.85201415223673,191424,
2023-05-19,134.4113311767578,137.05548552274263,131.2285491998947,132.3058044616513,186189,
2023-05-22,132.55062866210938,136.07616267118357,132.20786156226094,135.0968451781298,26745,
2023-05-23,133.92166137695312,139.35687621672326,132.40371633979953,134.4602889634526,257379,
2023-05-24,138.6223907470703,140.97274669575503,133.38303630982895,133.92166390650218,206548,
2023-05-25,145.18382263183594,146.70176777952707,138.67136708802494,138.67136708802494,514004,
2023-05-26,145.3796844482422,152.38181375888212,139.063089363673,146.31003311379584,463343,
2023-05-29,159.5308074951172,159.87357458176024,139.11204751751592,144.8410456652464,1837517,
2023-05-30,149.68869018554688,161.09773341354222,147.19142749961495,160.60807464936732,634383,
2023-05-31,163.2032470703125,164.4763627439919,150.22729085740764,151.7452358935947,804270,
2023-06-01,165.55361938476562,169.12812213180362,161.58738068832167,162.66463587018987,536082,
2023-06-02,171.47850036621094,174.31851514123224,166.72880451008308,166.7777733737626,607191,
2023-06-05,181.0268402099609,183.62202552679344,172.65367285729943,175.2978270362455,859309,
2023-06-06,172.94747924804688,183.5730653273584,171.4785029745126,183.5730653273584,443399,
2023-06-07,179.3619842529297,184.895136788604,172.4578082133689,172.9474669363561,922442,
2023-06-08,174.02471923828125,182.83857686373025,172.26194472455157,180.6840813217048,415807,
2023-06-09,182.69168090820312,190.18345373598737,176.76680709987232,177.2564658453013,1386276,
2023-06-12,177.06060791015625,185.8744654560282,174.95506630827842,184.45445806227755,539039,
2023-06-13,175.9833526611328,180.83097132227803,174.80817464376418,177.7950960226756,310493,
2023-06-14,175.9833526611328,179.85165381727094,172.84953963375,175.2978333962677,329348,
2023-06-15,173.3391876220703,176.37507767634636,172.35987017787784,176.3261088154971,155928,
2023-06-16,177.8930206298828,180.63511266063696,173.33920016222282,174.61231592041574,375729,
2023-06-19,173.77989196777344,178.23578969888547,173.04540382340988,178.23578969888547,135665,
2023-06-20,175.8854217529297,176.96266199276343,170.8419278691676,175.44471694147194,273489,
2023-06-21,169.71572875976562,177.7461294140757,168.63847351330963,177.7461294140757,202697,
2023-06-22,165.40672302246094,173.14334039038152,163.88879282219756,169.42193082862727,208344,
2023-06-23,161.58738708496094,166.82674167378326,160.65703845099037,166.38603684535587,107866,
2023-06-26,165.25982666015625,166.0922525050574,162.17498253977962,163.54602105034724,73563,
2023-06-27,163.83981323242188,167.46328482777497,163.4480772844495,166.4839673726418,85014,
2023-06-28,165.55361938476562,166.63085962343533,163.8398138320107,165.30879002008635,111119,
2023-06-30,161.34255981445312,168.0019218728246,159.7266918998127,168.0019218728246,469831,
2023-07-03,158.9432373046875,162.02808153132358,156.69080400842645,161.3425622524266,164628,
2023-07-04,155.80941772460938,161.5873849045218,154.78113137748628,158.94323068563304,121531,
2023-07-05,155.07493591308594,158.45357838247276,154.73216880238314,155.02596704824276,82288,
2023-07-06,158.4535675048828,159.23702445899218,154.73215818026213,155.2218169086807,98826,
2023-07-07,153.8507843017578,159.43289102953764,151.7942115868499,159.3839221661924,130179,
2023-07-10,149.78660583496094,156.2990760540803,148.51349012013168,154.0956117202908,161703,
2023-07-11,148.85626220703125,152.1859357791193,147.8769446925113,150.91283496480287,347034,
2023-07-12,146.8976287841797,152.5776734191412,144.7431332173183,148.85626383463543,213531,
2023-07-13,143.3231201171875,151.5004121630087,142.39275655051415,147.43625057157888,348016,
2023-07-14,142.63758850097656,147.436253237191,140.7768912203868,143.4700143567768,160190,
2023-07-17,145.52658081054688,151.79420658920898,143.51897702508214,143.7638063905486,745101,
2023-07-18,144.40036010742188,147.58314193219096,141.02171777438372,145.91830519710535,433166,
2023-07-19,143.3720703125,146.60382092242574,142.05000070607483,144.44932549687476,286026,
2023-07-20,143.8617401123047,147.14245983635183,143.02932917232835,143.27415855641547,156502,
2023-07-21,142.09896850585938,144.54726214005268,141.56034091769715,144.54726214005268,66263,
2023-07-24,140.1403350830078,143.91069835368583,139.55273862729766,142.29483051528075,79819,
2023-07-25,146.45693969726562,147.7790093977226,138.27963233906286,140.53206564819652,311391,
2023-07-26,141.90309143066406,151.79420357647496,141.1686033488424,147.53416672463007,502461,
2023-07-27,144.05760192871094,145.67346973334776,141.6093083197471,143.4700054852803,95707,
2023-07-28,138.23065185546875,145.330703355911,136.32098581985153,144.05760262763178,400194,
2023-07-31,132.01199340820312,138.03478966445735,131.32647419139994,137.10444108856743,1114477,
2023-08-01,137.93687438964844,139.40585062407197,132.30579882435828,132.30579882435828,259766,
2023-08-02,134.0685577392578,138.96514516498962,133.18717797990564,138.96514516498962,264247,
2023-08-03,131.08164978027344,136.12512879055777,129.56370470799797,134.9499508112215,222268,
2023-08-04,130.34716796875,138.08377040418708,129.31888158348318,130.29819910408025,540978,
2023-08-07,132.30580139160156,132.9423517949237,129.56370937883068,129.56370937883068,128993,
2023-08-08,133.48097229003906,137.74099425927102,130.20025283396518,133.77477051558574,230217,
2023-08-09,132.94235229492188,136.56582410179738,131.86509705411055,133.77477815765783,318609,
2023-08-10,125.89126586914062,133.23614701736122,124.86297951974996,132.20786066797055,307435,
2023-08-11,126.82161712646484,129.1719731654285,126.2340206451243,127.80093463323291,98169,
2023-08-14,125.40160369873048,127.6050679829765,122.4146824581128,127.31126975643733,85626,
2023-08-16,128.68231201171875,129.71059836328433,125.40160739116062,125.40160739116062,80277,
2023-08-17,130.54302978515625,131.52234731551272,128.14370482442283,128.6823175115592,124722,
2023-08-18,129.8574981689453,131.91405582144645,128.388522012931,131.1795677434393,81959,
2023-08-21,128.4864501953125,131.22854212385369,127.40920993484195,130.689914522019,424004,
2023-08-22,130.49404907226562,131.62025815264565,127.84989496900948,130.1512819904813,100234,
2023-08-23,134.65615844726562,135.3906465842507,131.17957827689634,132.10992692843757,205830,
2023-08-24,133.62786865234375,139.55274246126902,132.79545775095033,137.3492781066174,218670,
2023-08-25,132.8933868408203,134.55822366581398,131.4733794001845,134.55822366581398,95308,
2023-08-28,131.9140625,137.64307577578398,130.88577615009018,132.89337998692383,318462,
2023-08-29,130.1023406982422,133.72581259456695,129.3188836804207,132.20786742438773,194747,
2023-08-30,131.71820068359375,133.38303740619642,130.68991434389247,131.62026295859408,111180,
2023-08-31,131.32647705078125,135.92926611318896,130.3471595931116,133.04028260170315,238563,
2023-09-01,138.42652893066406,142.3437987701656,128.78024597361218,132.30579480644295,908521,
2023-09-04,144.59622192382812,146.65279463725625,139.25894457341587,139.99343269346892,761061,
2023-09-05,149.5907440185547,151.50041010249222,145.869334632072,145.869334632072,939304,
2023-09-06,146.70176696777344,151.10869579224675,145.9672788303612,150.61903703397192,312300,
2023-09-07,148.21971130371094,149.83557921998002,147.33831657767382,147.82797533329466,208029,
2023-09-08,146.45693969726562,150.42317868503585,145.9183120667685,149.1010940413792,218138,
2023-09-11,147.73004150390625,148.85625058035995,145.62450004622565,147.6321037828241,149784,
2023-09-12,140.8748321533203,148.61143463478723,138.1817089556553,148.61143463478723,254907,
2023-09-13,142.0500030517578,144.44932788217795,139.16101948275403,141.95206532676156,153612,
2023-09-14,145.10000610351562,147.0,142.8000030517578,142.89999389648438,147492,
2023-09-15,143.5,148.75,140.8000030517578,145.10000610351562,146045,
2023-09-18,142.1999969482422,146.5,141.60000610351562,144.14999389648438,176408,
2023-09-20,139.9499969482422,143.6999969482422,138.35000610351562,142.89999389648438,147746,
2023-09-21,138.0,141.60000610351562,136.25,141.1999969482422,104170,
2023-09-22,136.1999969482422,139.0500030517578,135.0500030517578,139.0500030517578,130101,
2023-09-25,139.25,140.60000610351562,136.60000610351562,137.4499969482422,129102,
2023-09-26,137.6999969482422,140.14999389648438,136.64999389648438,139.25,47581,
2023-09-27,138.39999389648438,139.25,136.6999969482422,136.6999969482422,57947,
2023-09-28,135.8000030517578,139.5,135.10000610351562,138.4499969482422,73669,
2023-09-29,141.60000610351562,144.89999389648438,136.4499969482422,136.60000610351562,237639,
2023-10-03,140.6999969482422,143.89999389648438,140.3000030517578,142.0,139964,
2023-10-04,139.14999389648438,141.35000610351562,137.64999389648438,141.3000030517578,73731,
2023-10-05,138.89999389648438,141.85000610351562,138.10000610351562,141.0,69158,
2023-10-06,139.64999389648438,140.8000030517578,137.39999389648438,139.75,681860,
2023-10-09,132.89999389648438,138.9499969482422,132.3000030517578,138.9499969482422,372859,
2023-10-10,134.5,136.0,132.5,133.10000610351562,99008,
2023-10-11,134.4499969482422,136.3000030517578,133.3000030517578,135.6999969482422,90226,
2023-10-12,135.4499969482422,136.9499969482422,134.64999389648438,135.8000030517578,101660,
2023-10-13,136.5,137.39999389648438,134.0500030517578,134.0500030517578,75384,
2023-10-16,138.5500030517578,139.5,136.0500030517578,136.10000610351562,133529,
2023-10-17,146.0,147.35000610351562,138.10000610351562,138.10000610351562,465139,
2023-10-18,149.64999389648438,155.9499969482422,147.35000610351562,148.39999389648438,990292,
2023-10-19,152.64999389648438,154.39999389648438,148.10000610351562,150.4499969482422,380522,
2023-10-20,145.5500030517578,152.1999969482422,145.0,151.3000030517578,282946,
2023-10-23,137.4499969482422,146.35000610351562,136.0500030517578,145.60000610351562,198477,
2023-10-25,135.5500030517578,139.35000610351562,133.0,137.4499969482422,95655,
2023-10-26,131.0,137.14999389648438,127.9499969482422,137.14999389648438,200661,
2023-10-27,135.75,136.9499969482422,130.64999389648438,130.64999389648438,119301,
2023-10-30,137.1999969482422,138.5500030517578,135.0500030517578,138.4499969482422,57435,
2023-10-31,135.8000030517578,138.35000610351562,133.9499969482422,138.25,74859,
2023-11-01,135.0500030517578,137.89999389648438,134.0,136.0,69418,
2023-11-02,135.85000610351562,137.0,135.10000610351562,135.6999969482422,28085,
2023-11-03,137.14999389648438,138.5500030517578,136.0500030517578,138.1999969482422,34724,
2023-11-06,137.5,139.5500030517578,135.8000030517578,137.5,73509,
2023-11-07,139.10000610351562,139.5,136.9499969482422,139.5,44123,
2023-11-08,139.8000030517578,140.9499969482422,137.60000610351562,139.10000610351562,60653,
2023-11-09,136.5500030517578,142.0,136.10000610351562,139.85000610351562,59530,
2023-11-10,135.14999389648438,137.1999969482422,133.9499969482422,137.0,49116,
2023-11-13,137.25,137.8000030517578,133.60000610351562,135.0,68926,
2023-11-15,134.0,139.14999389648438,132.8000030517578,139.0,216148,
2023-11-16,133.5500030517578,136.0,133.25,135.0,107546,
2023-11-17,133.75,135.14999389648438,132.4499969482422,134.89999389648438,90159,
2023-11-20,131.25,135.1999969482422,130.8000030517578,133.8000030517578,324339,
2023-11-21,132.6999969482422,135.89999389648438,131.25,131.25,134220,
2023-11-22,132.4499969482422,134.89999389648438,132.0500030517578,133.85000610351562,93940,
2023-11-23,132.6999969482422,134.10000610351562,132.35000610351562,132.4499969482422,59495,
2023-11-24,131.75,133.64999389648438,130.85000610351562,132.6999969482422,109539,
2023-11-28,132.75,134.6999969482422,130.35000610351562,132.0500030517578,108728,
2023-11-29,132.6999969482422,134.1999969482422,132.35000610351562,133.89999389648438,42778,
2023-11-30,132.0500030517578,133.60000610351562,131.1999969482422,132.6999969482422,80587,
2023-12-01,133.10000610351562,135.1999969482422,132.3000030517578,132.9499969482422,96450,
2023-12-04,133.39999389648438,134.9499969482422,132.10000610351562,134.0500030517578,123299,
2023-12-05,131.0,134.5,129.89999389648438,134.5,198386,
2023-12-06,131.8000030517578,133.35000610351562,129.9499969482422,131.0,381756,
2023-12-07,132.0500030517578,133.8000030517578,131.25,133.0,107516,
2023-12-08,134.14999389648438,138.35000610351562,132.5,132.60000610351562,271146,
2023-12-11,137.14999389648438,138.5,134.5,135.85000610351562,223895,
2023-12-12,134.4499969482422,138.39999389648438,133.35000610351562,137.8000030517578,117861,
2023-12-13,135.6999969482422,136.4499969482422,133.64999389648438,133.64999389648438,93352,
2023-12-14,132.9499969482422,137.60000610351562,132.0500030517578,137.60000610351562,252928,
2023-12-15,133.6999969482422,135.9499969482422,133.1999969482422,134.0,132270,
2023-12-18,132.64999389648438,135.14999389648438,132.25,134.3000030517578,152640,
2023-12-19,133.39999389648438,134.1999969482422,132.14999389648438,133.0,70859,
2023-12-20,129.75,134.1999969482422,129.0,133.89999389648438,190242,
2023-12-21,131.4499969482422,132.0500030517578,127.0500030517578,129.25,90990,
2023-12-22,130.89999389648438,133.39999389648438,130.0,132.9499969482422,74310,
2023-12-26,132.64999389648438,134.60000610351562,131.85000610351562,132.1999969482422,94790,
2023-12-27,133.3000030517578,137.5,131.0,133.4499969482422,275788,
2023-12-28,132.4499969482422,134.3000030517578,132.10000610351562,134.0,78480,
2023-12-29,131.4499969482422,133.4499969482422,130.60000610351562,133.25,114734,
2024-01-01,131.85000610351562,134.0,131.39999389648438,132.0,121138,
2024-01-02,133.1999969482422,134.6999969482422,131.64999389648438,131.89999389648438,226848,
2024-01-03,132.6999969482422,134.0,131.64999389648438,133.1999969482422,151035,
2024-01-04,134.35000610351562,135.89999389648438,132.6999969482422,133.4499969482422,127455,
2024-01-05,133.39999389648438,136.89999389648438,132.3000030517578,135.0,235495,
2024-01-08,132.14999389648438,133.89999389648438,130.9499969482422,133.85000610351562,140349,
2024-01-09,132.6999969482422,134.10000610351562,132.3000030517578,132.3000030517578,80655,
2024-01-10,131.5500030517578,133.10000610351562,131.10000610351562,132.6999969482422,78099,
2024-01-11,135.85000610351562,148.5500030517578,132.10000610351562,132.60000610351562,2750934,
2024-01-12,135.85000610351562,137.8000030517578,135.5,136.9499969482422,413399,
2024-01-15,135.9499969482422,138.3000030517578,135.0,136.9499969482422,336412,
2024-01-16,133.89999389648438,136.85000610351562,132.0500030517578,136.5,209186,
2024-01-17,132.64999389648438,134.5,132.0,132.5,122317,
2024-01-18,132.39999389648438,133.6999969482422,129.25,132.85000610351562,138328,
2024-01-19,135.1999969482422,138.3000030517578,132.5,133.10000610351562,613850,
2024-01-23,131.5,138.9499969482422,130.39999389648438,138.9499969482422,293868,
2024-01-24,133.75,134.39999389648438,131.3000030517578,131.9499969482422,215444,
2024-01-25,132.35000610351562,136.39999389648438,130.0500030517578,134.3000030517578,571938,
2024-01-29,132.85000610351562,136.5500030517578,131.64999389648438,134.3000030517578,398014,
2024-01-30,132.4499969482422,134.89999389648438,132.10000610351562,134.5,191710,
2024-01-31,133.25,134.85000610351562,132.5500030517578,133.89999389648438,239248,
2024-02-01,132.64999389648438,134.5,131.5500030517578,134.3000030517578,220216,
2024-02-02,132.0,134.5,131.25,133.0,341691,
2024-02-05,130.5500030517578,134.1999969482422,130.0,133.39999389648438,364423,
2024-02-06,133.6999969482422,135.0,129.0500030517578,130.6999969482422,334308,
2024-02-07,133.60000610351562,135.5,131.0500030517578,134.89999389648438,355393,
2024-02-08,132.25,135.5,131.9499969482422,135.0,205786,
2024-02-09,130.4499969482422,133.0,128.0500030517578,132.10000610351562,275122,
2024-02-12,121.9000015258789,131.89999389648438,120.0,131.6999969482422,422470,
2024-02-13,112.75,119.8000030517578,111.0,118.5,434397,
2024-02-14,115.9499969482422,117.4499969482422,110.4499969482422,112.5,221655,
2024-02-15,118.4000015258789,121.0500030517578,116.0,116.0,160061,
2024-02-16,117.9000015258789,120.5,116.8499984741211,119.25,116896,
2024-02-19,123.0,124.1500015258789,117.9499969482422,119.3499984741211,334580,
2024-02-20,117.8000030517578,123.4000015258789,117.0,122.0999984741211,229941,
2024-02-21,115.3499984741211,118.9000015258789,114.9499969482422,118.0999984741211,145632,
2024-02-22,114.5,116.8000030517578,112.1999969482422,116.8000030517578,139308,
2024-02-23,114.5500030517578,116.3000030517578,113.0,114.5,153592,
2024-02-26,113.9000015258789,115.9499969482422,112.0999984741211,114.5999984741211,140618,
2024-02-27,120.3000030517578,123.9000015258789,112.75,114.1500015258789,437498,
2024-02-28,125.8499984741211,128.6999969482422,118.5500030517578,120.3000030517578,695071,
2024-02-29,121.6999969482422,125.0500030517578,121.0,125.0,139124,
2024-03-01,120.4499969482422,125.0,119.5,121.6999969482422,169886,
2024-03-04,120.9000015258789,123.8000030517578,119.25,123.1500015258789,161266,
2024-03-05,118.4000015258789,121.4499969482422,117.1500015258789,121.3000030517578,103299,
2024-03-06,117.6500015258789,120.4499969482422,116.0,118.4000015258789,97538,
2024-03-07,118.1999969482422,121.0500030517578,117.0999984741211,118.5,71436,
2024-03-11,112.5999984741211,121.4000015258789,111.4000015258789,118.1999969482422,169964,
2024-03-12,106.9499969482422,114.1999969482422,106.0500030517578,113.1500015258789,177967,
2024-03-13,99.1999969482422,108.9000015258789,97.0,107.6999969482422,200816,
2024-03-14,104.25,107.5500030517578,97.9000015258789,100.1999969482422,230631,
2024-03-15,102.3000030517578,106.8499984741211,100.5999984741211,103.9000015258789,100886,
2024-03-18,100.6999969482422,104.0,99.75,102.0,108886,
2024-03-19,102.5500030517578,103.6999969482422,99.3499984741211,101.0,126422,
2024-03-20,102.4499969482422,103.0999984741211,100.5,103.0999984741211,67697,
2024-03-21,102.3499984741211,106.0,100.0999984741211,103.0,186788,
2024-03-22,102.75,105.5,101.5500030517578,102.5999984741211,140711,
2024-03-26,98.4000015258789,103.5999984741211,98.0500030517578,103.5999984741211,275545,
2024-03-27,98.1500015258789,99.75,97.0999984741211,99.5,292305,
2024-03-28,98.0,101.0999984741211,97.5,99.4499969482422,259833,
2024-04-01,104.5999984741211,105.6999969482422,98.5,99.0,182968,
2024-04-02,108.0500030517578,109.8000030517578,104.25,105.25,210168,
2024-04-03,112.0,114.0,107.1500015258789,107.1500015258789,210150,
2024-04-04,111.75,113.8499984741211,109.5,113.0999984741211,113822,
2024-04-05,112.1999969482422,113.3000030517578,110.8499984741211,111.5500030517578,79863,
2024-04-08,113.5,115.5,111.8000030517578,113.0,85195,
2024-04-09,111.6999969482422,113.9000015258789,109.4000015258789,113.0999984741211,54551,
2024-04-10,113.9000015258789,116.5,111.75,111.75,136017,
2024-04-12,109.6999969482422,113.75,109.0,113.75,117851,
2024-04-15,105.4499969482422,108.8499984741211,103.4499969482422,105.8000030517578,119104,
2024-04-16,108.1500015258789,110.9499969482422,104.8000030517578,104.9000015258789,87600,
2024-04-18,109.1500015258789,111.9499969482422,108.0,108.8000030517578,91858,
2024-04-19,106.4499969482422,109.1500015258789,104.6500015258789,108.0,96592,
2024-04-22,110.5500030517578,113.0,107.1999969482422,107.25,144053,
2024-04-23,116.1500015258789,118.8000030517578,110.8000030517578,110.8000030517578,241395,
2024-04-24,119.5,123.0,115.5999984741211,117.25,310155,
2024-04-25,119.5,122.1999969482422,117.25,119.5,170146,
2024-04-26,116.9000015258789,120.0,116.25,119.5,99854,
2024-04-29,115.5,118.4499969482422,115.0,117.0999984741211,60409,
2024-04-30,116.75,119.8000030517578,115.8000030517578,116.6500015258789,110057,
2024-05-02,116.0500030517578,118.75,114.6500015258789,117.25,48318,
2024-05-03,113.3000030517578,117.5500030517578,112.1999969482422,116.8000030517578,99279,
2024-05-06,111.4499969482422,114.1999969482422,110.3000030517578,113.8499984741211,66142,
2024-05-07,111.5,112.9000015258789,108.0999984741211,111.75,70151,
2024-05-08,108.6500015258789,112.8499984741211,107.8000030517578,111.3000030517578,62152,
2024-05-09,107.3499984741211,110.25,107.0500030517578,108.9499969482422,34713,
2024-05-10,107.9499969482422,108.8499984741211,106.0999984741211,107.3499984741211,45905,
2024-05-13,106.0500030517578,107.9499969482422,104.75,107.9499969482422,55148,
2024-05-14,106.6999969482422,109.0,102.4000015258789,106.0999984741211,137961,
2024-05-15,110.6999969482422,112.4499969482422,107.0,107.0,84377,
2024-05-16,107.8499984741211,111.5500030517578,106.6999969482422,110.6999969482422,62674,
2024-05-17,110.9499969482422,111.8000030517578,108.3499984741211,108.4000015258789,70011,
2024-05-21,110.4000015258789,112.0,108.8000030517578,112.0,82010,
2024-05-22,110.0,111.75,109.1999969482422,110.4499969482422,44547,
2024-05-23,108.5,110.3499984741211,108.1999969482422,110.3000030517578,39918,
2024-05-24,107.9499969482422,109.6999969482422,107.0999984741211,108.75,54504,
2024-05-27,107.5,109.0999984741211,107.0999984741211,108.0,50611,
2024-05-28,107.4499969482422,109.0999984741211,106.75,108.0500030517578,47511,
2024-05-29,103.6500015258789,104.9000015258789,101.5,103.6500015258789,200038,
2024-05-30,102.1999969482422,103.8000030517578,101.8499984741211,102.1500015258789,67867,
2024-05-31,100.4000015258789,103.5999984741211,100.0,103.0,85580,
2024-06-03,101.0500030517578,106.9499969482422,100.3000030517578,106.9499969482422,108054,
2024-06-04,93.75,100.8499984741211,91.0999984741211,100.5999984741211,190325,
2024-06-05,99.6500015258789,100.9000015258789,93.75,96.5500030517578,95060,
2024-06-06,101.9499969482422,102.9499969482422,100.4499969482422,100.4499969482422,57742,
2024-06-07,100.0,101.8499984741211,99.1500015258789,101.8499984741211,157799,
2024-06-10,100.0500030517578,105.0,99.54000091552734,101.5,127712,
2024-06-11,99.72000122070312,101.23999786376952,99.5,100.98999786376952,87891,
2024-06-12,100.37999725341795,101.25,99.80999755859376,100.69000244140624,90746,
2024-06-13,99.9000015258789,102.12999725341795,99.5,101.48999786376952,128192,
2024-06-14,99.87000274658205,100.63999938964844,99.61000061035156,100.5,116510,
2024-06-18,99.43000030517578,100.75,98.37999725341795,99.87000274658205,123476,
2024-06-19,100.02999877929688,102.0,98.3000030517578,98.4499969482422,329551,
2024-06-20,99.61000061035156,101.75,99.1500015258789,100.77999877929688,208203,
2024-06-21,98.93000030517578,100.61000061035156,98.3000030517578,100.0,116595,
2024-06-24,97.91000366210938,99.11000061035156,97.30999755859376,99.0999984741211,93014,
2024-06-25,97.72000122070312,99.4000015258789,96.91000366210938,98.25,89896,
2024-06-26,96.6500015258789,98.1999969482422,96.0,98.0,81893,
2024-06-27,96.56999969482422,98.7300033569336,96.30999755859376,96.8000030517578,77168,
2024-06-28,97.12000274658205,98.4000015258789,96.51000213623048,97.4000015258789,63854,
2024-07-01,97.75,100.0,97.26000213623048,97.9800033569336,181133,
2024-07-02,98.4800033569336,99.98999786376952,98.01000213623048,98.4000015258789,127121,
2024-07-03,98.43000030517578,98.9000015258789,98.0,98.9000015258789,76597,
2024-07-04,98.30999755859376,99.76000213623048,98.01000213623048,98.22000122070312,60141,
2024-07-05,97.75,98.8000030517578,97.51000213623048,98.8000030517578,90386,
2024-07-08,97.80999755859376,99.5,97.33999633789062,97.8000030517578,97479,
2024-07-09,100.12000274658205,101.9499969482422,97.5999984741211,97.5999984741211,209556,
2024-07-10,98.45999908447266,100.8000030517578,96.0,100.4000015258789,142920,
2024-07-11,97.70999908447266,99.63999938964844,97.0500030517578,99.0,78167,
2024-07-12,97.94000244140624,99.0999984741211,96.76000213623048,98.62999725341795,85733,
2024-07-15,97.5999984741211,98.91999816894533,96.45999908447266,98.3000030517578,108994,
2024-07-16,100.02999877929688,101.83999633789062,97.5,97.5,228123,
2024-07-18,98.72000122070312,100.48999786376952,98.0999984741211,100.48999786376952,57468,
2024-07-19,96.87000274658205,99.1999969482422,96.4000015258789,99.1999969482422,90829,
2024-07-22,96.8499984741211,98.25,95.01000213623048,95.01000213623048,39157,
2024-07-23,97.0500030517578,97.81999969482422,95.0,97.8000030517578,100522,
2024-07-24,99.70999908447266,100.63999938964844,96.6500015258789,96.83999633789062,211319,
2024-07-25,99.12000274658205,100.29000091552734,98.12999725341795,99.4499969482422,79561,
2024-07-26,99.33000183105467,100.23999786376952,98.01000213623048,98.5500030517578,218225,
2024-07-29,98.93000030517578,100.4000015258789,98.45999908447266,100.0,98853,
2024-07-30,99.77999877929688,100.0199966430664,98.81999969482422,99.18000030517578,76199,
2024-07-31,98.1500015258789,100.5,98.01000213623048,100.5,112757,
2024-08-01,96.94000244140624,99.2699966430664,96.5,98.6999969482422,124313,
2024-08-02,96.5500030517578,97.19000244140624,95.5,96.0,52940,
2024-08-05,93.44000244140624,95.8499984741211,93.0,94.0,137094,
2024-08-06,91.83000183105467,95.0,91.47000122070312,94.0,65710,
2024-08-07,92.4499969482422,93.3000030517578,91.97000122070312,93.1999969482422,47125,
2024-08-08,97.66000366210938,98.9000015258789,92.62999725341795,93.0999984741211,285115,
2024-08-09,96.08999633789062,97.91999816894533,95.30999755859376,97.66000366210938,83703,
2024-08-12,96.37999725341795,100.0,95.01000213623048,96.0999984741211,157361,
2024-08-13,95.7300033569336,97.8000030517578,94.1500015258789,97.62000274658205,48958,
2024-08-14,92.37000274658205,93.91999816894533,90.3499984741211,90.3499984741211,172497,
2024-08-16,92.4000015258789,93.68000030517578,92.0,93.01000213623048,41794,
2024-08-19,92.4000015258789,93.5999984741211,91.83999633789062,92.5,72122,
2024-08-20,92.56999969482422,93.7300033569336,92.29000091552734,93.18000030517578,53287,
2024-08-21,96.83000183105467,97.9000015258789,92.23999786376952,93.26000213623048,260040,
2024-08-22,97.93000030517578,98.98999786376952,96.12999725341795,97.0,129047,
2024-08-23,94.86000061035156,98.70999908447266,94.0999984741211,98.70999908447266,158424,
2024-08-26,95.27999877929688,96.97000122070312,94.0,95.61000061035156,71541,
2024-08-27,95.13999938964844,96.38999938964844,94.3000030517578,95.83999633789062,69567,
2024-08-28,94.81999969482422,98.5,94.01000213623048,95.88999938964844,138219,
2024-08-29,96.4000015258789,97.05999755859376,94.5,95.37999725341795,83494,
2024-08-30,98.31999969482422,98.98999786376952,96.66000366210938,98.0,154149,
2024-09-02,95.4800033569336,98.0,95.1999969482422,98.0,46548,
2024-09-03,96.56999969482422,98.98999786376952,95.20999908447266,96.0,134271,
2024-09-04,95.45999908447266,97.4800033569336,95.0500030517578,96.27999877929688,61480,
2024-09-05,95.94000244140624,97.1999969482422,95.45999908447266,96.1999969482422,44832,
2024-09-06,94.2699966430664,96.9800033569336,94.0,95.94000244140624,67235,
2024-09-09,93.4000015258789,95.36000061035156,93.0,94.2699966430664,84193,
2024-09-10,98.0199966430664,101.66999816894533,93.87000274658205,94.3000030517578,578834,
2024-09-11,98.43000030517578,100.83999633789062,97.83999633789062,98.6999969482422,227094,
2024-09-12,97.16000366210938,99.48999786376952,96.8000030517578,99.25,87169,
2024-09-13,102.56999969482422,107.97000122070312,96.91999816894533,97.16000366210938,1345136,
2024-09-16,108.55999755859376,113.8000030517578,102.62999725341795,103.1999969482422,1685035,
2024-09-17,104.58000183105467,109.1999969482422,103.7699966430664,109.0,534301,
2024-09-18,103.22000122070312,108.58000183105467,102.31999969482422,104.58000183105467,650220,
2024-09-19,99.41000366210938,106.36000061035156,98.33999633789062,104.3499984741211,459029,
2024-09-20,101.4499969482422,103.9000015258789,100.1999969482422,100.1999969482422,264908,
2024-09-23,99.0999984741211,102.16000366210938,98.7300033569336,101.4499969482422,176409,
2024-09-24,106.44000244140624,106.9000015258789,99.1500015258789,99.1500015258789,544702,
2024-09-25,103.48999786376952,108.43000030517578,103.0,106.44000244140624,324587,
2024-09-26,102.12999725341795,105.7699966430664,101.4000015258789,104.0,141002,
2024-09-27,102.68000030517578,104.80999755859376,102.12999725341795,102.12999725341795,97381,
2024-09-30,107.76000213623048,109.0,103.41000366210938,104.0,485786,
2024-10-01,105.36000061035156,113.8000030517578,105.0,108.48999786376952,441709,
2024-10-03,101.54000091552734,104.86000061035156,101.1999969482422,102.98999786376952,163754,
2024-10-04,101.0,103.5,100.0,101.54000091552734,111607,
2024-10-07,95.83999633789062,102.58000183105467,94.5,102.41000366210938,153090,
2024-10-08,99.12000274658205,99.83999633789062,95.01000213623048,97.25,81925,
2024-10-09,98.13999938964844,101.38999938964844,97.1999969482422,99.87000274658205,72841,
2024-10-10,96.25,99.0,96.0,98.13999938964844,148290,
2024-10-11,96.9000015258789,98.0,96.3000030517578,96.9000015258789,59048,
2024-10-14,97.88999938964844,98.23999786376952,96.2300033569336,97.5999984741211,71166,
2024-10-15,96.36000061035156,98.5,95.8499984741211,97.88999938964844,88208,
2024-10-16,101.7300033569336,106.0,96.0,96.0,683903,
2024-10-17,98.9499969482422,102.0999984741211,98.75,102.0999984741211,93167,
2024-10-18,98.12000274658205,99.4800033569336,96.55999755859376,98.7300033569336,66800,
2024-10-21,95.48999786376952,98.4499969482422,95.25,98.4499969482422,76941,
2024-10-22,91.5999984741211,95.87000274658205,91.25,95.8000030517578,87550,
2024-10-23,91.4000015258789,93.6999969482422,90.25,91.9000015258789,70674,
2024-10-24,90.97000122070312,92.3499984741211,90.11000061035156,90.5500030517578,32977,
2024-10-25,90.0999984741211,92.5,88.70999908447266,91.1999969482422,107146,
2024-10-28,90.2300033569336,91.19000244140624,88.73999786376953,90.0999984741211,60853,
2024-10-29,90.62999725341795,92.6500015258789,89.80000305175781,90.66999816894533,87665,
2024-10-30,92.86000061035156,93.33999633789062,90.26000213623048,91.06999969482422,43982,
2024-10-31,92.87999725341795,94.18000030517578,92.3000030517578,92.5,38985,
2024-11-01,93.45999908447266,94.1999969482422,92.94000244140624,93.4499969482422,19998,
2024-11-04,92.27999877929688,93.3000030517578,91.8000030517578,93.0,39575,
2024-11-05,92.43000030517578,93.5,91.79000091552734,92.7300033569336,33309,
2024-11-06,93.20999908447266,93.48999786376952,91.41000366210938,93.3000030517578,50780,
2024-11-07,93.52999877929688,94.6500015258789,92.68000030517578,93.88999938964844,34896,
2024-11-08,92.33000183105467,93.72000122070312,92.0,93.41999816894533,44322,
2024-11-11,90.4000015258789,92.77999877929688,90.25,92.77999877929688,44443,
2024-11-12,92.58999633789062,93.44000244140624,90.87000274658205,91.75,69734,
2024-11-13,90.2300033569336,92.8000030517578,89.5,92.48999786376952,42797,
2024-11-14,86.83000183105469,91.6500015258789,86.36000061035156,90.2300033569336,83530,
2024-11-18,85.8499984741211,88.9000015258789,85.69999694824219,87.1500015258789,46757,
2024-11-19,86.94000244140625,87.69000244140625,86.19999694824219,87.0999984741211,29539,
2024-11-21,86.4000015258789,87.94999694824219,86.0,87.19000244140625,23909,
2024-11-22,85.75,87.38999938964844,85.5,87.05000305175781,39453,
2024-11-25,86.37999725341797,87.19000244140625,85.6500015258789,87.19000244140625,53023,
2024-11-26,87.54000091552734,87.9000015258789,86.0,86.0,40009,
2024-11-27,88.70999908447266,89.05000305175781,87.5,88.0,29556,
2024-11-28,87.91000366210938,90.5,87.30000305175781,89.0,59325,
2024-11-29,95.29000091552734,97.0,88.33000183105469,88.97000122070312,303768,
2024-12-02,92.72000122070312,95.29000091552734,91.5999984741211,95.29000091552734,87408,
2024-12-03,93.37000274658205,93.88999938964844,92.0999984741211,92.0999984741211,48750,
2024-12-04,94.05999755859376,95.94000244140624,91.58000183105467,93.9000015258789,132114,
2024-12-05,93.63999938964844,94.5199966430664,93.01000213623048,94.05999755859376,52367,
2024-12-06,94.18000030517578,94.6999969482422,93.6500015258789,94.5,43377,
2024-12-09,94.93000030517578,96.0,94.0,94.0,62370,
2024-12-10,93.23999786376952,95.9499969482422,92.3499984741211,95.3499984741211,95085,
2024-12-11,94.06999969482422,94.83999633789062,93.4000015258789,93.83000183105467,50180,
2024-12-12,93.31999969482422,94.98999786376952,92.9000015258789,94.88999938964844,52201,
2024-12-13,92.27999877929688,93.0,91.0500030517578,93.0,43112,
2024-12-16,91.80999755859376,93.3499984741211,91.1500015258789,91.1500015258789,50833,
2024-12-17,91.66000366210938,92.5,91.31999969482422,92.4800033569336,73060,
2024-12-18,90.9499969482422,92.5999984741211,89.51000213623047,92.5999984741211,63373,
2024-12-19,88.29000091552734,90.05000305175781,88.0,90.05000305175781,86516,
2024-12-20,85.43000030517578,89.29000091552734,85.0,88.5999984741211,77645,
2024-12-23,84.37000274658203,86.51000213623047,83.0999984741211,86.5,49961,
2024-12-24,84.22000122070312,85.48999786376953,83.38999938964844,84.37000274658203,37312,
2024-12-26,84.66000366210938,85.29000091552734,84.30999755859375,84.77999877929688,21233,
2024-12-27,84.93000030517578,85.44000244140625,84.0,84.3499984741211,25475,
2024-12-30,82.61000061035156,85.58000183105469,80.8499984741211,85.58000183105469,86271,
2024-12-31,82.88999938964844,83.5,81.55999755859375,82.62999725341797,51528,
2025-01-01,93.73999786376952,97.79000091552734,82.97000122070312,82.9800033569336,935191,
2025-01-02,90.8000030517578,93.9000015258789,90.0999984741211,93.73999786376952,143835,
2025-01-03,89.91999816894531,91.9499969482422,89.0999984741211,90.5,103896,
2025-01-06,85.7699966430664,90.3000030517578,84.61000061035156,89.0,93212,
2025-01-07,85.94999694824219,87.72000122070312,85.1500015258789,86.05000305175781,61070,
2025-01-08,85.54000091552734,86.8499984741211,84.19999694824219,86.8499984741211,53336,
2025-01-09,85.02999877929688,86.4000015258789,85.0,85.30000305175781,22523,
2025-01-10,84.62000274658203,85.19000244140625,84.0,84.5,44715,
2025-01-13,81.80000305175781,84.01000213623047,81.16000366210938,83.25,41577,
2025-01-14,81.33999633789062,82.9000015258789,79.51000213623047,82.7699966430664,63916,
2025-01-15,82.18000030517578,84.01000213623047,81.5,82.0,56515,
2025-01-16,84.44000244140625,84.75,83.0,83.0,53984,
2025-01-17,84.08999633789062,85.75,83.41999816894531,83.9000015258789,29577,
2025-01-20,84.9800033569336,85.48999786376953,83.87000274658203,84.5199966430664,20779,
2025-01-21,82.87000274658203,86.47000122070312,82.19999694824219,85.5,44852,
2025-01-22,81.27999877929688,82.87000274658203,81.0,82.19999694824219,40246,
2025-01-23,81.98999786376953,82.66999816894531,81.5199966430664,81.5199966430664,10207,
2025-01-24,81.70999908447266,82.5,81.0199966430664,82.5,40223,
2025-01-27,79.58000183105469,81.54000091552734,79.19999694824219,80.3499984741211,58375,
2025-01-28,77.95999908447266,80.38999938964844,76.0,79.55000305175781,66664,
2025-01-29,80.18000030517578,80.81999969482422,78.41000366210938,78.58000183105469,23099,
2025-01-30,80.16999816894531,82.48999786376953,79.61000061035156,80.5,41194,
2025-01-31,81.63999938964844,82.5,80.19999694824219,81.4000015258789,20005,
2025-02-01,81.38999938964844,82.98999786376953,81.0999984741211,82.0,16064,
2025-02-03,80.5199966430664,82.0,79.5,82.0,39815,
2025-02-04,80.29000091552734,81.47000122070312,79.83999633789062,80.5199966430664,25990,
2025-02-05,81.18000030517578,82.4000015258789,80.44999694824219,81.0,31293,
2025-02-06,81.0999984741211,82.5,81.0,81.7699966430664,32659,
2025-02-07,80.04000091552734,82.0,79.55999755859375,82.0,14485,
2025-02-10,78.7699966430664,80.55999755859375,78.05000305175781,80.55999755859375,18206,
2025-02-11,76.80000305175781,79.5,76.51000213623047,79.5,35416,
2025-02-12,74.76000213623047,77.69999694824219,73.0,76.0,102193,
2025-02-13,74.16999816894531,75.38999938964844,73.5,75.19999694824219,44538,
2025-02-14,73.04000091552734,75.0,72.12000274658203,75.0,39143,
2025-02-17,70.6500015258789,73.23999786376953,70.20999908447266,73.23999786376953,61231,
2025-02-18,69.30999755859375,71.25,68.81999969482422,71.25,59606,
2025-02-19,70.69999694824219,73.88999938964844,68.5,70.0,51569,
2025-02-20,71.37000274658203,72.94999694824219,69.79000091552734,70.44999694824219,35198,
2025-02-21,71.29000091552734,73.95999908447266,70.91000366210938,72.0,53434,
2025-02-24,70.31999969482422,71.5,70.0,70.30000305175781,15220,
2025-02-25,70.08999633789062,71.5,70.0,70.62999725341797,16676,
2025-02-27,66.73999786376953,70.48999786376953,66.0,70.48999786376953,53074,
2025-02-28,65.94000244140625,68.19000244140625,65.06999969482422,66.62000274658203,43114,
2025-03-03,62.709999084472656,66.8499984741211,59.86000061035156,66.8499984741211,108120,
2025-03-04,62.119998931884766,63.59000015258789,61.5099983215332,62.0,60564,
2025-03-05,63.70000076293945,64.4000015258789,62.790000915527344,63.22999954223633,66427,
2025-03-06,65.5199966430664,65.69999694824219,63.150001525878906,63.150001525878906,41242,
2025-03-07,66.30000305175781,66.69999694824219,64.97000122070312,65.6500015258789,66718,
2025-03-10,65.7300033569336,66.29000091552734,64.45999908447266,65.0,48580,
2025-03-11,64.22000122070312,66.5999984741211,63.66999816894531,65.30000305175781,82597,
2025-03-12,62.75,64.69000244140625,62.04999923706055,63.5,54782,
2025-03-13,61.86000061035156,63.5,61.310001373291016,62.7599983215332,111369,
2025-03-17,58.97999954223633,62.70000076293945,58.11000061035156,61.84999847412109,105114,
2025-03-18,58.97999954223633,58.97999954223633,58.97999954223633,58.97999954223633,0,
2025-03-19,63.470001220703125,64.26000213623047,61.09999847412109,61.5,99660,
2025-03-20,63.63999938964844,64.88999938964844,63.20000076293945,64.0999984741211,58086,
2025-03-21,63.68999862670898,65.8499984741211,63.18000030517578,64.0,87360,
2025-03-24,64.81999969482422,66.0,64.12000274658203,65.0,91752,
2025-03-25,62.34999847412109,65.8499984741211,62.04999923706055,65.02999877929688,117136,
2025-03-26,60.06999969482422,63.20000076293945,59.09999847412109,63.0,110284,
2025-03-27,59.060001373291016,62.47999954223633,58.150001525878906,60.0,188381,
2025-03-28,58.45000076293945,60.79999923706055,58.20000076293945,59.5,128273,
2025-04-01,59.900001525878906,61.18000030517578,58.209999084472656,58.45000076293945,93790,
2025-04-02,61.88999938964844,63.20000076293945,58.59999847412109,59.900001525878906,68320,
2025-04-03,62.41999816894531,62.970001220703125,60.29999923706055,60.900001525878906,42541,
2025-04-04,59.91999816894531,62.040000915527344,59.84999847412109,62.040000915527344,34251,
2025-04-07,56.77000045776367,58.15999984741211,54.52000045776367,56.5,82695,
2025-04-08,60.869998931884766,61.95000076293945,57.5,57.5,69435,
2025-04-09,59.83000183105469,60.9900016784668,58.61000061035156,60.91999816894531,17595,
2025-04-11,60.70000076293945,61.13999938964844,60.0,60.0,23808,
2025-04-15,61.810001373291016,63.0,60.150001525878906,60.97999954223633,41191,
2025-04-16,62.68000030517578,63.0,61.79999923706055,61.810001373291016,28075,
2025-04-17,64.6500015258789,66.33000183105469,62.91999816894531,63.86000061035156,58046,
2025-04-21,65.0199966430664,65.83000183105469,63.9900016784668,64.6500015258789,46201,
2025-04-22,70.95999908447266,75.44999694824219,65.5,65.55000305175781,565448,
2025-04-23,73.04000091552734,75.0,71.20999908447266,72.19000244140625,199933,
2025-04-24,71.25,73.98999786376953,71.0,72.0,46419,
2025-04-25,70.47000122070312,73.63999938964844,67.0,71.5999984741211,89623,
2025-04-28,70.97000122070312,75.58999633789062,68.5,69.5,159595,
2025-04-29,66.0999984741211,72.87999725341797,64.9800033569336,71.5999984741211,205824,
2025-04-30,65.12999725341797,66.54000091552734,64.86000061035156,66.0,55799,
2025-05-02,65.06999969482422,66.0,64.66999816894531,64.80000305175781,29840,
2025-05-05,64.9000015258789,65.30000305175781,64.4000015258789,64.6500015258789,16516,
2025-05-06,64.33000183105469,66.69000244140625,64.0,64.91000366210938,25288,
2025-05-07,63.209999084472656,64.33000183105469,62.09999847412109,64.30000305175781,30537,
2025-05-08,63.66999816894531,65.69000244140625,63.38999938964844,63.400001525878906,23008,
2025-05-09,63.959999084472656,64.62999725341797,59.90999984741211,60.650001525878906,33905,
2025-05-12,69.66000366210938,70.86000061035156,64.25,65.25,125516,
2025-05-13,72.68000030517578,73.13999938964844,68.45999908447266,69.66000366210938,105333,
2025-05-14,71.87000274658203,73.19000244140625,71.4800033569336,72.98999786376953,51693,
2025-05-15,71.80000305175781,72.52999877929688,70.72000122070312,71.98999786376953,24103,
2025-05-16,71.0999984741211,72.4800033569336,70.33000183105469,71.80000305175781,29962,
2025-05-19,72.08999633789062,72.9800033569336,71.0999984741211,71.0999984741211,35670,
2025-05-20,73.37000274658203,76.0,71.80999755859375,72.30000305175781,98805,
2025-05-21,74.19999694824219,74.77999877929688,73.0,74.0,30337,
2025-05-22,73.9800033569336,74.98999786376953,72.0,74.4000015258789,49344,
2025-05-23,73.76000213623047,74.9800033569336,73.18000030517578,73.62000274658203,23160,
2025-05-26,73.86000061035156,75.0,73.16000366210938,74.0999984741211,53689,
2025-05-27,72.94999694824219,74.19999694824219,72.25,74.19999694824219,32117,
2025-05-28,73.80999755859375,74.5,73.0999984741211,73.19999694824219,31895,
2025-05-29,70.52999877929688,74.12999725341797,69.0999984741211,74.0,99498,
2025-05-30,69.2699966430664,71.58999633789062,67.5,70.9000015258789,68615,
2025-06-02,69.9000015258789,71.68000030517578,68.30999755859375,69.58999633789062,44153,
2025-06-03,69.91000366210938,70.81999969482422,69.3499984741211,69.9000015258789,32780,
2025-06-04,69.27999877929688,70.22000122070312,68.51000213623047,70.0999984741211,31110,
2025-06-05,69.87000274658203,70.5,69.5,69.5999984741211,28156,
2025-06-06,72.38999938964844,74.38999938964844,69.88999938964844,70.19999694824219,93728,
2025-06-09,73.55999755859375,74.69999694824219,72.0199966430664,72.38999938964844,58351,
2025-06-10,72.0999984741211,74.58000183105469,71.5199966430664,74.0,50276,
2025-06-11,72.95999908447266,74.12000274658203,72.11000061035156,72.4800033569336,66719,
2025-06-12,76.43000030517578,79.48999786376953,72.19999694824219,72.44999694824219,434711,
2025-06-13,73.80000305175781,76.38999938964844,73.51000213623047,75.0,105494,
2025-06-16,73.12999725341797,74.58999633789062,71.51000213623047,74.58999633789062,63263,
2025-06-17,74.69000244140625,77.0,72.16000366210938,72.4000015258789,93087,
2025-06-18,75.9800033569336,79.0199966430664,73.75,75.0999984741211,125370,
2025-06-19,73.04000091552734,75.69000244140625,72.20999908447266,75.5999984741211,93323,
2025-06-20,72.77999877929688,74.69999694824219,72.0,73.69999694824219,64014,
2025-06-23,72.69999694824219,74.29000091552734,71.87000274658203,73.0,32670,
2025-06-24,73.06999969482422,74.30999755859375,72.31999969482422,73.0999984741211,50241,
2025-06-25,73.52999877929688,75.9800033569336,72.6500015258789,73.06999969482422,63126,
2025-06-26,73.91000366210938,74.6500015258789,73.20999908447266,73.62000274658203,24571,
2025-06-27,76.2300033569336,79.80000305175781,74.94000244140625,75.69999694824219,207109,
2025-06-30,74.31999969482422,76.7699966430664,73.0,76.55000305175781,82925,
2025-07-01,74.44000244140625,75.69999694824219,74.12000274658203,75.3499984741211,28015,
2025-07-02,74.30999755859375,75.05000305175781,72.80999755859375,74.08000183105469,62928,
2025-07-03,73.69999694824219,76.98999786376953,72.80000305175781,74.80000305175781,89658,
2025-07-04,73.5199966430664,74.73999786376953,73.0999984741211,73.5,34954,
2025-07-07,73.08000183105469,74.2699966430664,72.91000366210938,73.5199966430664,19819,
2025-07-08,74.51000213623047,74.8499984741211,73.18000030517578,73.18000030517578,21662,
2025-07-09,74.69999694824219,76.19000244140625,73.5,74.80000305175781,50892,
2025-07-10,73.55999755859375,75.75,73.19999694824219,74.87999725341797,31409,
2025-07-11,73.06999969482422,74.0,73.0,74.0,23604,
2025-07-14,74.06999969482422,74.5,72.5,73.29000091552734,23960,
2025-07-15,74.11000061035156,74.5,73.80999755859375,74.5,14117,
2025-07-16,74.5199966430664,75.38999938964844,73.91999816894531,74.19999694824219,18978,
2025-07-17,75.25,76.08000183105469,73.41000366210938,75.0,59908,
2025-07-18,74.79000091552734,75.9000015258789,73.5199966430664,75.9000015258789,29851,
2025-07-21,73.70999908447266,75.01000213623047,73.20999908447266,75.0,35785,
2025-07-22,74.83000183105469,75.69999694824219,73.23999786376953,75.0,59289,
2025-07-23,83.02999877929688,85.5999984741211,76.4000015258789,76.80000305175781,2077237,
2025-07-24,81.43000030517578,83.80000305175781,80.20999908447266,83.44000244140625,222699,
2025-07-25,76.08000183105469,81.2300033569336,75.75,81.2300033569336,147143,
2025-07-28,75.33999633789062,80.9000015258789,74.11000061035156,75.1500015258789,166714,
2025-07-29,78.18000030517578,79.0,75.01000213623047,75.33999633789062,83590,
2025-07-30,79.0,83.0,78.0,79.9000015258789,323261,
2025-07-31,76.3499984741211,78.29000091552734,75.55000305175781,76.5,65826,
2025-08-01,74.44000244140625,78.5,74.01000213623047,76.0199966430664,59217,
2025-08-04,74.33000183105469,75.7699966430664,73.4000015258789,75.19999694824219,42910,
2025-08-05,75.58000183105469,76.9000015258789,73.97000122070312,74.5,40192,
2025-08-06,75.23999786376953,77.38999938964844,74.61000061035156,75.12999725341797,88646,
2025-08-07,71.69000244140625,75.27999877929688,68.6500015258789,75.08000183105469,181425,
2025-08-08,71.45999908447266,72.88999938964844,70.7300033569336,72.79000091552734,39997,
2025-08-11,69.8499984741211,71.5,69.5,71.5,80272,
2025-08-12,70.94999694824219,71.19999694824219,70.08000183105469,70.08000183105469,32843,
2025-08-13,69.6500015258789,71.87000274658203,69.1500015258789,70.98999786376953,66502,
2025-08-14,69.0199966430664,70.26000213623047,68.4000015258789,70.0,21119,
2025-08-18,69.97000122070312,70.19999694824219,68.30999755859375,69.69999694824219,76105,
2025-08-19,69.4000015258789,70.30000305175781,69.0,70.30000305175781,72859,
2025-08-20,72.23999786376953,73.98999786376953,69.22000122070312,69.80000305175781,98661,
2025-08-21,72.44999694824219,73.55000305175781,70.0,72.56999969482422,89090,
2025-08-22,70.94999694824219,72.44999694824219,70.75,72.44999694824219,21204,
2025-08-25,70.31999969482422,71.9800033569336,70.01000213623047,71.30000305175781,20548,
2025-08-26,69.38999938964844,70.69999694824219,69.0,69.75,15235,
2025-08-28,69.91999816894531,70.83999633789062,69.0,69.38999938964844,55864,
2025-08-29,69.23999786376953,71.83000183105469,68.0,70.19000244140625,123692,
2025-09-01,69.66000366210938,71.30000305175781,68.91999816894531,69.0,73969,
2025-09-02,71.37999725341797,73.0,69.4000015258789,69.61000061035156,40965,
2025-09-03,70.02999877929688,72.3499984741211,69.5999984741211,71.51000213623047,73512,
2025-09-04,70.19000244140625,72.9000015258789,69.19999694824219,70.69999694824219,73477,
2025-09-05,70.05000305175781,71.87000274658203,69.80000305175781,70.27999877929688,30279,
2025-09-08,70.3499984741211,71.08000183105469,70.05000305175781,70.05000305175781,14071,
2025-09-09,69.93000030517578,71.95999908447266,69.80000305175781,70.4800033569336,47157,
2025-09-10,69.76000213623047,71.83999633789062,69.16000366210938,70.0199966430664,52751,
2025-09-11,69.72000122070312,71.12000274658203,69.19999694824219,70.4000015258789,22995,
2025-09-12,70.06999969482422,70.88999938964844,69.19999694824219,70.0999984741211,44210,
2025-09-15,70.5,71.80000305175781,70.0,70.4000015258789,31411,
2025-09-16,70.45999908447266,71.63999938964844,69.51000213623047,69.51000213623047,38927,
2025-09-17,70.2699966430664,71.69999694824219,70.0,71.69999694824219,33266,
2025-09-18,70.52999877929688,71.69999694824219,70.2699966430664,70.2699966430664,50827,
2025-09-19,70.04000091552734,71.19999694824219,69.5199966430664,70.0,44027,
2025-09-22,70.06999969482422,70.87000274658203,69.75,69.9800033569336,39389,
2025-09-23,71.37000274658203,71.5,69.5,70.05000305175781,39162,
2025-09-24,69.9800033569336,71.0,69.8499984741211,70.98999786376953,25751,
2025-09-25,69.08999633789062,70.5999984741211,69.0,70.30000305175781,23223,
2025-09-26,67.76000213623047,69.18000030517578,67.5,69.08999633789062,37892,
2025-09-29,67.25,68.83000183105469,66.81999969482422,68.4000015258789,25352,
2025-09-30,67.51000213623047,68.0,67.25,67.25,11995,
2025-10-01,67.70999908447266,68.19000244140625,67.36000061035156,67.86000061035156,15564,
2025-10-03,68.25,69.0,67.11000061035156,67.70999908447266,31346,
2025-10-06,67.83999633789062,70.5,67.1500015258789,68.25,67205,
2025-10-07,67.9000015258789,68.75,67.12000274658203,67.12000274658203,25290,
2025-10-08,66.25,67.6500015258789,66.12999725341797,67.6500015258789,40688,
2025-10-09,66.19000244140625,67.01000213623047,65.95999908447266,66.5,39881,
2025-10-10,65.93000030517578,66.69999694824219,65.69999694824219,66.20999908447266,25583,
2025-10-13,67.77999877929688,69.80000305175781,65.5,65.61000061035156,62929,
2025-10-14,68.91000366210938,70.0,67.94000244140625,68.0,54713,
2025-10-15,66.55000305175781,69.52999877929688,66.0999984741211,68.68000030517578,43342,
2025-10-16,65.83000183105469,67.51000213623047,65.51000213623047,67.0,42575,
2025-10-17,65.73999786376953,66.69999694824219,65.0999984741211,65.83000183105469,19596,
2025-10-20,67.5,68.0,66.0,66.0,49722,
2025-10-21,66.44999694824219,68.69999694824219,65.69999694824219,67.9000015258789,20592,
2025-10-23,66.33000183105469,67.98999786376953,65.52999877929688,67.1500015258789,61344,
2025-10-24,67.70999908447266,68.75,66.3499984741211,66.5999984741211,61453,
2025-10-27,68.30999755859375,69.88999938964844,67.43000030517578,68.0,68209,
2025-10-28,67.1500015258789,69.4800033569336,67.0,69.0,33433,
2025-10-29,68.5199966430664,69.80000305175781,67.80000305175781,67.80000305175781,80163,
2025-10-30,68.16999816894531,69.19000244140625,68.0,69.06999969482422,11875,
2025-10-31,67.27999877929688,68.3499984741211,67.12000274658203,68.3499984741211,10330,
2025-11-03,68.68000030517578,69.75,67.05000305175781,67.27999877929688,39438,
2025-11-04,66.43000030517578,69.0,66.29000091552734,69.0,37015,
2025-11-06,65.5999984741211,66.69999694824219,65.51000213623047,66.30000305175781,8718,
2025-11-07,65.58999633789062,66.19999694824219,64.98999786376953,66.19999694824219,24904,
2025-11-10,65.6500015258789,66.47000122070312,64.26000213623047,66.0999984741211,25281,
2025-11-11,65.26000213623047,65.9000015258789,64.9000015258789,65.9000015258789,11262,
2025-11-12,65.05000305175781,65.80000305175781,64.69999694824219,65.48999786376953,16244,
2025-11-13,65.1500015258789,65.8499984741211,64.9000015258789,65.30000305175781,18796,
2025-11-14,65.54000091552734,67.0999984741211,63.15999984741211,65.25,19878,
2025-11-17,66.44999694824219,72.0,64.91000366210938,65.30000305175781,88538,
2025-11-18,65.87000274658203,67.13999938964844,65.69999694824219,66.69999694824219,7927,
2025-11-19,65.91000366210938,67.9000015258789,65.22000122070312,66.01000213623047,21533,
2025-11-20,64.16999816894531,67.29000091552734,64.0,66.05999755859375,32759,
2025-11-21,64.41999816894531,66.58999633789062,64.0199966430664,64.0199966430664,35481,
2025-11-24,62.25,64.02999877929688,62.0,64.0,30525,
2025-11-25,62.16999816894531,62.7599983215332,62.0,62.2599983215332,12306,
2025-11-26,63.290000915527344,64.5999984741211,62.040000915527344,62.040000915527344,20642,
2025-11-27,64.08000183105469,65.66000366210938,63.4900016784668,63.5,13154,
2025-11-28,63.77000045776367,64.5,62.41999816894531,64.25,25360,
2025-12-01,63.29999923706055,65.0,63.040000915527344,63.040000915527344,24557,
2025-12-02,62.63999938964844,63.59999847412109,62.0,63.59999847412109,25581,
2025-12-03,61.31999969482422,62.97999954223633,61.0,62.869998931884766,42378,
2025-12-04,60.11000061035156,61.9900016784668,60.0,61.59999847412109,31490,
2025-12-05,59.130001068115234,62.15999984741211,58.5,60.5,29257,
2025-12-08,61.369998931884766,63.0,58.95000076293945,59.33000183105469,41205,
2025-12-09,60.81999969482422,61.060001373291016,59.0,60.0,18199,
2025-12-10,59.310001373291016,61.59999847412109,58.25,61.59999847412109,20074,
2025-12-11,60.18000030517578,60.400001525878906,58.91999816894531,59.0,11663,
2025-12-12,61.77999877929688,62.5,60.0,60.20000076293945,21326,
2025-12-15,60.41999816894531,62.0099983215332,60.0,61.959999084472656,15335,
2025-12-16,60.470001220703125,61.0,60.0,60.41999816894531,7291,
2025-12-17,59.97999954223633,61.18000030517578,59.79999923706055,60.7599983215332,10066,
2025-12-18,59.0099983215332,60.59999847412109,57.310001373291016,59.04999923706055,37003,
2025-12-19,59.68000030517578,60.22999954223633,59.29999923706055,59.29999923706055,14138,
2025-12-22,62.9900016784668,64.25,59.5,59.5,69350,
2025-12-23,63.09000015258789,66.0,62.380001068115234,63.29999923706055,102097,
2025-12-24,62.619998931884766,63.5,62.0099983215332,63.09999847412109,19901,
2025-12-26,62.060001373291016,63.31999969482422,62.0,62.0,11447,
2025-12-29,63.720001220703125,65.9000015258789,61.150001525878906,61.5,98383,
2025-12-30,62.97999954223633,64.0,61.619998931884766,64.0,19377,
2025-12-31,64.5,65.2699966430664,63.20000076293945,63.20000076293945,46529,
2026-01-01,64.62000274658203,65.5,64.0,64.9000015258789,25000,
2026-01-02,64.81999969482422,65.5,64.20999908447266,64.69000244140625,38125,
2026-01-05,63.41999816894531,65.30000305175781,62.5099983215332,64.9000015258789,72890,
2026-01-06,69.0,73.4000015258789,63.5,63.5,625109,
2026-01-07,68.0199966430664,69.80000305175781,67.0999984741211,69.33999633789062,99380,
2026-01-08,65.20999908447266,69.0,65.0,68.0999984741211,53810,
2026-01-09,63.560001373291016,65.79000091552734,63.02000045776367,64.25,30411,
2026-01-12,64.98999786376953,69.12000274658203,62.06999969482422,63.59999847412109,138680,
2026-01-13,65.29000091552734,67.29000091552734,64.94000244140625,65.0,61882,
2026-01-14,66.19999694824219,67.0,63.459999084472656,65.69999694824219,91464,
2026-01-15,66.19999694824219,66.19999694824219,66.19999694824219,66.19999694824219,0,
2026-01-16,68.61000061035156,69.69999694824219,65.5,66.19000244140625,120544,
2026-01-19,66.5,68.77999877929688,66.11000061035156,68.55000305175781,55366,
2026-01-20,62.900001525878906,67.5,62.5,67.4000015258789,62527,
2026-01-21,62.08000183105469,63.97999954223633,61.18999862670898,62.0099983215332,39844,
2026-01-22,67.83000183105469,69.0,62.5,62.5,146531,
2026-01-23,65.91999816894531,68.98999786376953,65.20999908447266,66.80000305175781,42461,
2026-01-27,63.34999847412109,65.95999908447266,62.7599983215332,65.25,34990,
2026-01-28,65.63999938964844,66.0,63.900001525878906,63.900001525878906,33710,
2026-01-29,64.31999969482422,66.0,63.5,65.75,35997,
2026-01-30,63.84999847412109,65.5,62.90999984741211,63.5,47855,
2026-02-02,64.16999816894531,65.4000015258789,62.7599983215332,65.4000015258789,27919,
2026-02-03,64.08999633789062,65.4000015258789,64.0,64.3499984741211,21189,
2026-02-04,65.5,65.88999938964844,63.59999847412109,64.80000305175781,29223,
2026-02-05,65.19999694824219,65.5,64.48999786376953,65.5,13947,
2026-02-06,63.959999084472656,65.3499984741211,63.310001373291016,65.0,22215,
2026-02-09,65.01000213623047,65.19999694824219,63.959999084472656,64.0,21168,
2026-02-10,64.7699966430664,66.26000213623047,64.55999755859375,66.26000213623047,15407,
2026-02-11,63.93000030517578,65.16000366210938,63.209999084472656,64.2699966430664,20012,
2026-02-12,63.400001525878906,64.48999786376953,63.27000045776367,63.93000030517578,19953,
2026-02-13,63.61000061035156,64.69999694824219,62.310001373291016,63.900001525878906,32396,
2026-02-16,62.81999969482422,63.68000030517578,62.56999969482422,63.619998931884766,17015,
2026-02-17,61.619998931884766,64.23999786376953,60.5099983215332,62.900001525878906,51092,
2026-02-18,62.06999969482422,62.66999816894531,61.68000030517578,62.0,17021,
2026-02-19,61.43999862670898,62.97999954223633,61.25,62.97999954223633,16499,
2026-02-20,61.0099983215332,61.5,60.29999923706055,61.27999877929688,21585,
2026-02-23,60.88999938964844,61.79999923706055,59.54999923706055,61.09999847412109,29057,
2026-02-24,59.86000061035156,60.88999938964844,59.29999923706055,60.88999938964844,22532,
2026-02-25,59.63999938964844,60.83000183105469,59.59000015258789,59.75,10269,
2026-02-26,60.09999847412109,60.79999923706055,59.41999816894531,59.5,12199,
2026-02-27,59.59999847412109,60.09999847412109,59.20000076293945,60.09999847412109,17297,
2026-03-02,57.04999923706055,58.5,56.0,56.34999847412109,51120,
2026-03-04,55.650001525878906,57.04999923706055,54.77000045776367,57.04999923706055,47069,
2026-03-05,57.29999923706055,58.70000076293945,55.400001525878906,55.650001525878906,38579,
2026-03-06,56.79999923706055,57.400001525878906,56.0099983215332,57.38999938964844,14099,
2026-03-09,55.0,56.59999847412109,53.5099983215332,56.59999847412109,32581,
2026-03-10,55.33000183105469,55.91999816894531,54.5099983215332,55.0,23183,
2026-03-11,55.5099983215332,57.34999847412109,55.09999847412109,55.09999847412109,50416,
2026-03-12,55.959999084472656,57.0,54.5099983215332,55.29999923706055,24239,
2026-03-13,53.95000076293945,56.209999084472656,53.5099983215332,55.959999084472656,50925,
2026-03-16,52.84000015258789,54.18999862670898,51.06999969482422,53.95000076293945,26765,
2026-03-17,49.459999084472656,53.61000061035156,49.0,52.84000015258789,133306,
2026-03-18,51.31999969482422,51.59999847412109,49.45000076293945,49.459999084472656,40996,
2026-03-19,50.02000045776367,51.31999969482422,49.70000076293945,51.31999969482422,34503,
2026-03-20,50.13999938964844,51.0,50.04999923706055,50.27999877929688,22338,
2026-03-23,47.29999923706055,50.04999923706055,46.900001525878906,50.04999923706055,31123,
2026-03-24,47.29999923706055,48.5,46.20000076293945,47.400001525878906,42667,
2026-03-25,47.810001373291016,49.4900016784668,47.25,47.34999847412109,56870,
2026-03-27,45.27999877929688,47.56999969482422,45.04999923706055,47.540000915527344,79005,
2026-03-30,42.540000915527344,45.0,42.09999847412109,45.0,86209,
2026-04-01,47.040000915527344,47.65999984741211,43.04999923706055,43.04999923706055,35845,
2026-04-02,47.060001373291016,47.77999877929688,44.90999984741211,45.70000076293945,26646,
2026-04-06,50.400001525878906,50.9900016784668,47.209999084472656,48.900001525878906,26372,
2026-04-07,51.93000030517578,53.0,50.72999954223633,51.0,38074,
2026-04-08,55.29999923706055,56.25,54.09999847412109,55.0,53717,
2026-04-09,55.459999084472656,56.41999816894531,54.83000183105469,56.0,25818,
2026-04-10,55.93999862670898,56.0,55.0099983215332,55.9900016784668,12050,
2026-04-13,55.310001373291016,56.0,54.5099983215332,55.45000076293945,14729,
2026-04-15,57.209999084472656,57.7400016784668,55.59000015258789,56.5,36039,
2026-04-16,59.13999938964844,61.290000915527344,57.59999847412109,58.0,124582,
2026-04-17,61.29999923706055,62.75,59.43999862670898,59.4900016784668,92121,
2026-04-20,59.290000915527344,62.0,59.0,62.0,29590,
2026-04-21,61.38999938964844,61.79999923706055,59.810001373291016,60.0,43576,
2026-04-22,61.88999938964844,63.25,61.400001525878906,61.900001525878906,41289,
2026-04-23,61.060001373291016,62.369998931884766,61.0,62.369998931884766,16038,
2026-04-24,59.09999847412109,62.0,58.59999847412109,62.0,18562,
2026-04-27,61.02999877929688,61.369998931884766,59.150001525878906,59.150001525878906,14910,
2026-04-28,59.68999862670898,62.0,59.400001525878906,62.0,25731,
2026-04-29,59.619998931884766,61.2599983215332,59.27000045776367,59.5,22211,
2026-04-30,59.15999984741211,60.95000076293945,58.630001068115234,60.95000076293945,10930,
2026-05-04,60.40999984741211,61.0,59.02000045776367,59.15999984741211,8256,
2026-05-05,59.810001373291016,60.810001373291016,59.209999084472656,60.43999862670898,4739,
2026-05-06,61.08000183105469,61.9900016784668,59.5,59.810001373291016,16151,
2026-05-07,62.08000183105469,62.5,60.2599983215332,62.5,22983,
2026-05-08,61.459999084472656,63.0,60.5099983215332,62.20000076293945,14515,
2026-05-11,60.790000915527344,62.5,60.04999923706055,62.5,17256,
2026-05-12,58.119998931884766,60.790000915527344,57.5099983215332,60.790000915527344,14964,
2026-05-13,60.619998931884766,61.4900016784668,57.54999923706055,57.54999923706055,14629,
2026-05-14,60.70000076293945,62.0,59.59999847412109,60.619998931884766,13026,
2026-05-15,60.72999954223633,61.880001068115234,58.20000076293945,61.0,27370,
2026-05-18,58.20000076293945,61.880001068115234,58.0,60.72999954223633,16847,
2026-05-19,57.77000045776367,59.79999923706055,57.5099983215332,58.08000183105469,9739,
2026-05-20,59.20000076293945,59.77000045776367,56.650001525878906,56.650001525878906,11134,
2026-05-21,58.540000915527344,60.88999938964844,58.20000076293945,59.400001525878906,10319,
2026-05-22,57.869998931884766,59.70000076293945,57.650001525878906,59.0,9244,
2026-05-25,62.209999084472656,67.0,61.20000076293945,67.0,115302,
2026-05-26,61.560001373291016,63.88999938964844,61.25,62.84999847412109,70301,
2026-05-27,63.66999816894531,64.80000305175781,62.09999847412109,63.0,57713,
2026-05-28,63.66999816894531,63.66999816894531,63.66999816894531,63.66999816894531,0,
2026-05-29,63.65999984741211,64.80000305175781,62.0,63.25,41459,
2026-06-01,60.11000061035156,63.47999954223633,59.70000076293945,62.97999954223633,27968,
2026-06-02,58.400001525878906,60.11000061035156,57.150001525878906,60.11000061035156,41796,
2026-06-03,59.47999954223633,60.5,57.650001525878906,58.400001525878906,17025,
2026-06-04,58.369998931884766,60.29999923706055,57.9900016784668,59.0,13427,
2026-06-05,58.29999923706055,60.0,58.04999923706055,58.70000076293945,8554,
2026-06-08,58.060001373291016,59.900001525878906,57.0,59.900001525878906,12126,
2026-06-09,58.27999877929688,59.70000076293945,57.52000045776367,59.70000076293945,7410,
2026-06-10,57.619998931884766,59.70000076293945,57.5099983215332,58.290000915527344,19047,
2026-06-11,56.93000030517578,58.47999954223633,56.79999923706055,57.650001525878906,11471,
2026-06-12,57.34000015258789,58.900001525878906,57.040000915527344,57.040000915527344,6846,
2026-06-15,59.77000045776367,60.400001525878906,57.65999984741211,57.65999984741211,43980,
2026-06-16,59.7599983215332,60.88999938964844,59.20000076293945,59.20000076293945,7149,
2026-06-17,60.15999984741211,60.9900016784668,59.25,59.7599983215332,28599,
2026-06-18,59.84999847412109,60.9900016784668,59.54999923706055,60.459999084472656,16560,
2026-06-19,59.15999984741211,61.29999923706055,58.59999847412109,59.84999847412109,33145,
2026-06-22,58.31999969482422,60.09999847412109,57.63999938964844,59.400001525878906,32053,
2026-06-23,58.45000076293945,59.97999954223633,57.22999954223633,59.0,36683,
2026-06-24,58.29999923706055,59.0,58.0099983215332,58.52999877929688,11144,
2026-06-25,58.40999984741211,60.5,58.0099983215332,58.29999923706055,22732,
2026-06-26,58.40999984741211,58.40999984741211,58.40999984741211,58.40999984741211,0,
2026-06-29,59.47999954223633,60.5,58.04999923706055,59.88999938964844,14020,
2026-06-30,58.08000183105469,59.47999954223633,57.84999847412109,59.47999954223633,11276,
2026-07-01,57.880001068115234,59.52999877929688,57.5,59.52999877929688,23005,
2026-07-02,58.95000076293945,59.29999923706055,57.5,57.5,12082,
2026-07-03,58.31999969482422,59.2400016784668,58.25,59.2400016784668,6904,
2026-07-06,57.59000015258789,59.970001220703125,57.150001525878906,58.36000061035156,33647,
2026-07-07,57.630001068115234,58.79999923706055,57.22999954223633,57.61000061035156,5007,
2026-07-08,56.36000061035156,58.59999847412109,56.0,58.5,26267,
2026-07-09,57.040000915527344,58.18000030517578,56.36000061035156,56.36000061035156,16537,
2026-07-10,57.560001373291016,59.0,57.15999984741211,57.16999816894531,8842,
2026-07-13,58.43999862670898,58.7400016784668,57.20000076293945,57.900001525878906,14012,58.43999862670898
2026-07-14,57.59000015258789,60.9900016784668,57.150001525878906,57.720001220703125,45721,57.59000015258789
2026-07-15,57.02999877929688,58.880001068115234,57.0,58.880001068115234,34385,57.02999877929688
2026-07-16,57.22999954223633,57.68000030517578,56.81999969482422,57.11000061035156,4241,57.22999954223633
2026-07-17,57.18000030517578,57.59999847412109,56.5,57.59000015258789,10216,57.18000030517578
2026-07-20,57.93999862670898,60.84000015258789,56.900001525878906,56.900001525878906,19725,57.93999862670898
2026-07-21,57.130001068115234,58.59999847412109,57.0,57.95000076293945,18908,57.130001068115234
2026-07-23,57.0,57.95000076293945,56.209999084472656,57.0099983215332,3113,57.0
2026-07-24,55.81999969482422,56.61000061035156,55.150001525878906,56.61000061035156,18168,55.81999969482422
2026-07-27,56.02000045776367,58.970001220703125,55.2599983215332,55.81999969482422,13352,56.02000045776367
2026-07-28,55.59999847412109,58.29999923706055,55.33000183105469,58.29999923706055,15918,55.59999847412109
2026-07-29,55.75,56.27999877929688,55.0099983215332,55.43999862670898,10816,55.75
2026-07-30,55.630001068115234,57.0,55.33000183105469,56.84999847412109,8337,55.630001068115234
2026-07-31,55.72999954223633,55.970001220703125,54.72999954223633,55.70000076293945,9755,55.72999954223633
2026-08-03,56.66999816894531,57.5,56.16999816894531,57.0,12185,56.66999816894531
2026-08-04,56.7400016784668,57.93999862670898,56.25,56.25,13745,56.7400016784668
2026-08-05,56.86000061035156,57.5,56.09999847412109,57.5,13516,56.86000061035156
2026-08-06,57.2599983215332,57.97999954223633,56.619998931884766,57.5,17850,57.2599983215332
2026-08-07,56.970001220703125,57.5,56.02000045776367,57.02000045776367,12223,56.970001220703125
2026-08-10,58.34000015258789,60.4900016784668,57.70000076293945,57.70000076293945,46640,58.34000015258789
2026-08-11,58.79999923706055,59.20000076293945,57.25,58.34000015258789,23953,58.79999923706055
2026-08-12,58.41999816894531,59.5,57.70000076293945,59.0,17745,58.41999816894531
2026-08-13,59.5,61.0,59.20000076293945,60.0,89266,59.5
2026-08-14,,60.70000076293945,58.02000045776367,60.70000076293945,17685,
