Date,Close,High,Low,Open,Volume,Adj Close
2005-07-18,14.873631477355955,18.9565889014875,14.33895827163798,17.401176107962126,10107513,
2005-07-19,13.901498794555664,14.97084428515345,13.707072426001345,14.97084428515345,2155309,
2005-07-20,14.484777450561523,15.213877005330016,13.804284718197202,14.193138370332546,2237329,
2005-07-21,14.484777450561523,14.87363110269687,14.193138370332546,14.776417457888526,906671,
2005-07-22,14.387564659118652,14.581991020640926,14.193138297596375,14.290351014808504,539666,
2005-07-25,14.095925331115724,14.679205370828702,13.998711682130873,14.58199172184385,349016,
2005-07-26,13.561251640319824,14.09592483679009,13.512644817531976,14.09592483679009,461627,
2005-07-27,13.51264476776123,13.998711139653333,13.464038872250445,13.901498421533727,282845,
2005-07-28,13.51264476776123,13.51264476776123,13.51264476776123,13.51264476776123,0,
2005-07-29,12.637724876403809,13.70707119832332,12.443298525263344,13.70707119832332,701799,
2005-08-01,12.443299293518066,12.832152019806932,12.151659285252403,12.832152019806932,327699,
2005-08-02,12.734938621520996,12.832151334351384,12.443298628833878,12.589118161628448,277422,
2005-08-03,12.637724876403809,12.9779716862231,12.54051123728459,12.832151227544273,188208,
2005-08-04,13.269611358642578,13.852891365942522,12.394692274790676,12.637725456649315,777231,
2005-08-05,13.221006393432615,13.51264549048783,13.123792743015493,13.464039592377349,423440,
2005-08-08,13.41543197631836,13.852891523210667,13.366825153975208,13.512644693906635,531158,
2005-08-09,13.172398567199709,13.60985810663627,13.123791745684976,13.512644463606808,289628,
2005-08-10,13.464038848876951,13.60985838935223,13.318218381303648,13.318218381303648,253071,
2005-08-11,13.609859466552734,14.095925876072474,13.366826261792864,13.56125264018114,428959,
2005-08-12,13.51264476776123,13.852891598924913,13.415432049641629,13.852891598924913,262995,
2005-08-16,13.609859466552734,13.80428584494101,13.512645813809543,13.707073119295924,266352,
2005-08-17,13.804285049438477,13.998711416622502,13.609858682254451,13.707072329395489,316368,
2005-08-18,13.561251640319824,14.48477756489681,13.512644817531976,13.852891649948882,266901,
2005-08-19,13.51264476776123,13.804284776316097,13.464038872250445,13.51264476776123,301614,
2005-08-22,14.484777450561523,14.87363110269687,13.75567789579303,13.804284718197202,1200581,
2005-08-23,13.998711585998535,14.970844360778935,13.8528920406207,14.873631639559733,470964,
2005-08-24,13.707072257995604,14.144531813655457,13.609858611360952,13.998711343703476,279547,
2005-08-25,14.095925331115724,14.241744877494934,13.707072589372446,13.804285311259232,218521,
2005-08-26,14.14453125,14.484777145466497,14.047317607239282,14.09592442861964,226768,
2005-08-29,14.387564659118652,14.48477737633078,13.901498291763954,14.290351014808504,215424,
2005-08-30,14.5333833694458,15.019449709073406,14.144530668582904,14.825023358641957,333362,
2005-08-31,14.484777450561523,14.727810635484357,14.387564732851208,14.679204740178209,301434,
2005-09-01,14.5333833694458,14.873630178024312,14.43617065777906,14.581990188828154,378308,
2005-09-02,14.5333833694458,14.825023358641957,14.43617065777906,14.776416539259603,237300,
2005-09-05,14.581991195678713,14.873631205011892,14.533384372940176,14.581991195678713,358242,
2005-09-06,14.5333833694458,14.873630178024312,14.484776550063446,14.776416539259603,275145,
2005-09-08,14.436171531677246,14.922237900729032,14.14453152482657,14.873631078404248,206910,
2005-09-09,14.241744041442873,14.679204509095817,14.193138146901887,14.679204509095817,148474,
2005-09-12,15.50551700592041,15.894370657886812,14.24174425945115,14.533384266651444,1302720,
2005-09-13,18.616342544555664,18.616342544555664,15.31109143172165,15.79715782637948,8210959,
2005-09-14,19.05380249023437,20.51200163202482,18.713555652977387,19.44265522387261,8064586,
2005-09-15,19.29683494567871,20.1231481320652,19.19962130242218,19.442654483465496,2206164,
2005-09-16,18.470521926879883,19.977326921341668,18.37330828274131,19.977326921341668,1099247,
2005-09-19,19.248226165771484,19.539867079917062,17.9844544337284,18.664948045872165,2065281,
2005-09-20,18.42191696166992,19.73429473409077,18.324703312624937,19.34544199210696,904836,
2005-09-21,17.10953712463379,18.47052263193732,15.60273021845808,18.08166989473576,1084206,
2005-09-22,14.581991195678713,17.060928957265666,13.950105281371846,16.769289875030516,850025,
2005-09-23,15.894370079040527,16.526255965713922,14.630597378595748,15.068056909915637,1040307,
2005-09-26,17.206748962402344,17.401174383452297,16.040189019318962,16.23461629456483,896523,
2005-09-27,16.769289016723633,17.644208072843934,16.574861735720912,17.401174898688517,663354,
2005-09-28,16.720684051513672,17.109536780903184,16.623470405617276,17.01232313500679,214647,
2005-09-29,16.38043785095215,16.963717894673735,16.28322420129919,16.86650424502078,235565,
2005-09-30,15.456910133361816,16.866503342404478,14.38756467989603,16.526256513925624,749358,
2005-10-03,15.456910133361816,16.088796040996233,15.311090593784034,15.554123777812352,413895,
2005-10-04,15.699943542480469,15.99158448001334,15.55412400081207,15.65133764665636,172444,
2005-10-05,15.651337623596191,16.040190352204355,15.456910332194074,16.040190352204355,139180,
2005-10-06,15.311089515686035,15.797155849517338,15.213875878080591,15.213875878080591,169092,
2005-10-07,15.213876724243164,15.699943085108416,15.165270829835045,15.311090367255416,185219,
2005-10-10,14.970844268798828,15.45691065320266,14.873631548176894,15.213877461000743,132666,
2005-10-11,14.727810859680176,15.068057694590795,14.533384494201838,15.068057694590795,128205,
2005-10-13,14.727810859680176,15.068057694590795,14.67920496363412,14.77641768282427,130486,
2005-10-14,14.5333833694458,14.922236997406666,14.338957019014352,14.922236997406666,134424,
2005-10-17,13.95010471343994,14.581990602021683,13.22100518333886,14.581990602021683,186395,
2005-10-18,14.095925331115724,14.29035170198736,13.65846576488002,13.65846576488002,119460,
2005-10-19,13.41543197631836,13.90149834555382,13.22100561404378,13.22100561404378,139082,
2005-10-20,12.540512084960938,13.901498489136054,12.005839814957964,13.901498489136054,196809,
2005-10-21,12.929365158081056,13.123791513603734,12.200265629547514,13.123791513603734,171093,
2005-10-24,13.221006393432615,13.51264549048783,12.783545893653637,13.51264549048783,104495,
2005-10-25,12.88075828552246,13.512644170199462,10.596246067817018,13.123791460720998,145667,
2005-10-26,12.637724876403809,12.880758047103882,12.24887217412288,12.24887217412288,75477,
2005-10-27,12.589118003845217,12.734938461910152,12.394691653523267,12.394691653523267,66586,
2005-10-28,12.346084594726562,12.63772457810236,12.248871884999929,12.589117759690067,85598,
2005-10-31,12.394692420959473,12.637725605684167,12.346085598594929,12.637725605684167,84705,
2005-11-02,13.123791694641112,13.221005337292471,12.637725335580331,12.929365336436405,73769,
2005-11-04,13.123791694641112,13.123791694641112,13.123791694641112,13.123791694641112,0,
2005-11-07,13.41543197631836,13.70707198327924,13.123791969357477,13.123791969357477,110477,
2005-11-08,13.51264476776123,13.998711139653333,13.26961158181518,13.609858412978864,76811,
2005-11-09,13.366825103759766,13.804284649008665,13.172398742215591,13.56125146530394,95583,
2005-11-10,13.221006393432615,13.755678689432562,13.172399568224057,13.755678689432562,71364,
2005-11-11,13.41543197631836,13.512644693906635,13.269611509288906,13.269611509288906,49523,
2005-11-14,13.269611358642578,13.60985818408388,13.17239864215793,13.51264454050122,63132,
2005-11-16,13.221006393432615,13.464039592377349,13.123792743015493,13.366825941960224,77110,
2005-11-17,13.123791694641112,13.512644411050536,13.026578051989755,13.512644411050536,54141,
2005-11-18,13.026578903198242,13.366825747613074,12.977973005794466,13.366825747613074,70414,
2005-11-21,12.540512084960938,13.075185282061948,12.443299366368594,12.832152094934036,104211,
2005-11-22,12.054445266723633,12.443298908065106,11.957232551711764,12.151658908833502,110477,
2005-11-23,12.734938621520996,13.123791327038502,11.957232283388008,12.200265456110944,167176,
2005-11-24,13.026578903198242,13.075185727700084,12.443299790470329,12.58911933687779,119377,
2005-11-25,12.49190616607666,13.123792080599651,12.4432993433215,13.123792080599651,93589,
2005-11-28,12.540512084960938,12.880758917779223,12.394692543523403,12.443299366368594,88823,
2005-11-29,12.443299293518066,12.540512011541267,12.151659285252403,12.394692470957452,43708,
2005-11-30,12.15165901184082,12.540511729380524,12.05444536890689,12.540511729380524,92138,
2005-12-01,12.005840301513672,12.491906695468105,11.957233476698615,12.491906695468105,65831,
2005-12-02,12.15165901184082,12.394692192077637,12.005839474537934,12.005839474537934,69720,
2005-12-05,12.054445266723633,12.24887255094337,11.908625730656832,12.24887255094337,27441,
2005-12-06,11.81141185760498,12.005839138023187,11.471165971069082,11.957232317918637,30648,
2005-12-07,11.81141185760498,11.957232317918637,11.76280596459841,11.860018677709531,24201,
2005-12-08,11.762805938720703,11.9572322916132,11.714199118723084,11.762805938720703,38251,
2005-12-09,11.860018730163574,12.103051904663229,11.665592375983447,11.762806016622504,120708,
2005-12-12,11.860018730163574,12.0544450843437,11.47116602180332,11.860018730163574,71800,
2005-12-13,11.762805938720703,12.054445004510455,11.714199118723084,11.811411831620342,41733,
2005-12-14,12.49190616607666,12.686332529999271,11.714199783288183,12.005839792721115,266466,
2005-12-15,12.297478675842283,12.929365507227022,12.2002659590048,12.491905963713291,125310,
2005-12-16,12.103052139282228,12.346085318493108,12.005839423856678,12.05444531802045,80034,
2005-12-19,11.957232475280762,12.200265651903957,11.860018833792289,11.860018833792289,43237,
2005-12-20,11.860018730163574,12.540511433343012,11.811411909844043,12.540511433343012,63624,
2005-12-21,11.860018730163574,12.103051904663229,11.665592375983447,11.811411909844043,57198,
2005-12-22,11.568378448486328,12.005838893416504,11.471165737355816,12.005838893416504,142511,
2005-12-23,11.08231258392334,11.860018941606976,10.69345986863052,11.616985762774464,178626,
2005-12-26,11.08231258392334,11.47116622631416,10.790673511002728,10.790673511002728,64419,
2005-12-27,11.22813320159912,11.422559561914229,10.985100019430734,11.13091955789256,32177,
2005-12-28,11.033706665039062,11.56837891559061,10.887886201808458,11.422559379458008,34223,
2005-12-29,11.08231258392334,11.228133047481649,10.936493047463031,11.03370668983524,42517,
2005-12-30,11.22813320159912,11.373952740060949,11.033706841284014,11.033706841284014,80915,
2006-01-02,11.471166610717772,11.860019339041209,11.276740246556056,11.422559787902836,82729,
2006-01-03,11.957232475280762,12.103052010415482,11.568378836424854,11.568378836424854,107688,
2006-01-04,11.860018730163574,12.297478258843356,11.714199196302976,12.297478258843356,58434,
2006-01-05,11.714200019836426,12.103052755533865,11.665593196099731,11.908626387685144,38338,
2006-01-06,11.665593147277832,11.957233161379389,11.51977360377608,11.762806794344367,85571,
2006-01-09,11.860018730163574,12.0544450843437,11.714199196302976,11.95723237080263,63182,
2006-01-10,11.665593147277832,11.90862633784612,11.471166780242813,11.471166780242813,34463,
2006-01-12,11.568378448486328,11.811411616959552,11.422558918241576,11.76280572494328,45421,
2006-01-13,11.373952865600586,11.665592872841222,11.325346043210809,11.568379228061668,49991,
2006-01-16,10.936493873596191,11.422560267978245,10.839280223880552,11.276740720502858,69451,
2006-01-17,10.936493873596191,11.325346618262603,10.839280223880552,11.325346618262603,68220,
2006-01-18,10.742067337036133,10.936493706396911,10.596246864692006,10.936493706396911,65433,
2006-01-19,11.033706665039062,11.422559379458008,10.83927938073159,11.422559379458008,57041,
2006-01-20,10.936493873596191,11.08231342107158,10.839280223880552,10.839280223880552,38667,
2006-01-23,10.887887001037598,11.179527021808743,10.790674278845929,11.179527021808743,55092,
2006-01-24,10.936493873596191,11.130920245929396,10.887887048738373,11.130920245929396,71780,
2006-01-25,11.08231258392334,11.179526226295543,10.985099868649137,11.130919405109442,67352,
2006-01-27,12.589118003845217,12.97797163158708,10.887885816106728,10.887885816106728,396395,
2006-01-30,11.762805938720703,12.977971803171272,11.179525952945236,12.880758163176036,347348,
2006-01-31,11.714200019836426,12.05444593179717,11.665593196099731,11.957233211421835,91238,
2006-02-01,11.13092041015625,11.762807288434692,10.985100860529425,11.714200462859722,91205,
2006-02-02,11.22813320159912,11.471166383767509,10.936493197577454,11.471166383767509,79930,
2006-02-03,11.08231258392334,11.325345762755852,10.985099868649137,11.179526226295543,68323,
2006-02-06,11.471166610717772,12.151659348832805,11.17952660092618,11.665592974879493,101700,
2006-02-07,11.373952865600586,11.762806517620776,11.22813332552928,11.616986050451445,113597,
2006-02-08,11.179526329040527,11.51977315337227,11.179526329040527,11.373952688473803,46910,
2006-02-10,11.42255973815918,11.714199746680722,10.93649336632262,10.93649336632262,126274,
2006-02-13,11.373952865600586,11.665592872841222,11.179526503139504,11.373952865600586,63599,
2006-02-14,11.325345993041992,11.519773281739829,11.276740097965554,11.325345993041992,40230,
2006-02-15,11.325345993041992,11.471166459565367,11.228133275791096,11.276740097965554,36803,
2006-02-16,11.42255973815918,11.860019287392475,11.22813337484416,11.22813337484416,141916,
2006-02-17,11.22813320159912,11.665592744082616,11.17952637974584,11.665592744082616,70390,
2006-02-20,11.13092041015625,11.422560436507986,10.985100860529425,10.985100860529425,49884,
2006-02-21,11.13092041015625,11.373953610933016,11.08231358458128,11.08231358458128,46720,
2006-02-22,11.22813320159912,11.568379100376056,11.17952637974584,11.325345918207669,79561,
2006-02-23,11.42255973815918,11.860019287392475,11.082312907034376,11.276740197447422,270827,
2006-02-24,11.471166610717772,11.957232984671084,11.17952660092618,11.568379329249616,252865,
2006-02-27,11.325345993041992,11.665592821165184,11.325345993041992,11.665592821165184,46104,
2006-02-28,11.325345993041992,11.616985998990726,11.276740097965554,11.471166459565367,118422,
2006-03-01,11.373952865600586,11.47116651038014,11.179526503139504,11.422559687990365,88068,
2006-03-02,11.42255973815918,11.66559292407746,11.373952915555916,11.373952915555916,122872,
2006-03-03,11.325345993041992,11.665592821165184,11.276740097965554,11.471166459565367,88107,
2006-03-06,12.977972030639648,13.415431564089728,11.422559326041595,11.519772967740725,823915,
2006-03-07,12.297478675842283,13.172398689967764,12.2002659590048,13.026578224064508,319898,
2006-03-08,11.568378448486328,12.394691592134478,11.37395209912734,12.20026524277549,135328,
2006-03-09,11.519773483276367,11.66559302525281,11.17952664920061,11.66559302525281,100301,
2006-03-10,11.568378448486328,11.908625255188028,11.325345280013105,11.471165737355816,174571,
2006-03-13,11.42255973815918,11.616986101474197,11.373952915555916,11.568379278870935,137451,
2006-03-14,11.22813320159912,11.616985922229336,11.17952637974584,11.616985922229336,111710,
2006-03-16,11.325345993041992,11.519773281739829,11.228133275791096,11.325345993041992,84230,
2006-03-17,11.471166610717772,11.665592974879493,11.228133423741117,11.228133423741117,148420,
2006-03-20,11.276740074157717,11.47116643534705,11.179526430014036,11.276740074157717,88865,
2006-03-21,11.276740074157717,11.616985974464548,11.130919607942198,11.130919607942198,209740,
2006-03-22,10.985099792480469,11.422559325926125,10.693459794484031,10.887886150782323,88403,
2006-03-23,11.373952865600586,11.957232880081856,10.985100140678425,11.179526503139504,252630,
2006-03-24,11.373952865600586,11.616986050451445,11.27674014791906,11.422559687990365,162651,
2006-03-27,11.81141185760498,12.297478204454537,11.276739617748856,11.616985504284756,496942,
2006-03-28,11.714200019836426,12.24887322674394,11.665593196099731,11.908626387685144,260764,
2006-03-29,11.616986274719238,11.762806744703656,11.471166731832865,11.762806744703656,61071,
2006-03-30,11.616986274719238,12.103052653804546,11.5683794513911,11.616986274719238,99313,
2006-03-31,11.519773483276367,11.95723303630374,11.47116666025154,11.47116666025154,97339,
2006-04-03,11.957232475280762,12.151658831159718,11.762806119401803,11.957232475280762,137139,
2006-04-04,11.908626556396484,12.394692946453484,11.76280701021861,12.200266575850296,119462,
2006-04-05,12.005840301513672,12.346086221022931,11.8600198270685,11.8600198270685,93371,
2006-04-07,11.762805938720703,12.63772499028592,11.665592298725466,12.297478177400569,328296,
2006-04-10,13.609859466552734,13.80428584494101,11.665593828473773,11.76280748121696,453371,
2006-04-12,13.172398567199709,14.095924467587569,13.075184924170244,13.804284465597188,512050,
2006-04-13,12.78354549407959,13.464039171533177,12.443299582450846,13.464039171533177,206300,
2006-04-17,12.929365158081056,13.075184692948566,12.686331981903209,12.880758337425886,155549,
2006-04-18,12.88075828552246,13.41543145637884,12.832151465063156,13.366824635919537,102204,
2006-04-19,12.88075828552246,13.366824635919537,12.78354464460385,13.123791460720998,193613,
2006-04-20,12.78354549407959,13.318218700465383,12.734939597488376,12.734939597488376,125597,
2006-04-21,12.49190616607666,13.075185257844492,12.24887297939889,12.83215207116672,117590,
2006-04-24,12.15165901184082,12.929365374018236,12.005839474537934,12.929365374018236,112752,
2006-04-25,11.957232475280762,12.394692007782911,11.908625654536523,12.005839296025,40427,
2006-04-26,12.248872756958008,12.63772547774162,11.908625930948835,11.957232752821293,67108,
2006-04-27,12.248872756958008,12.832151838133427,12.151659113213096,12.443299117349817,119941,
2006-04-28,11.81141185760498,12.15165867123886,10.74206645079475,10.7906732708993,61296,
2006-05-02,12.49190616607666,12.686332529999271,12.39469252056634,12.54051206173379,106316,
2006-05-03,12.49190616607666,12.734939352754433,12.346085697811178,12.54051206173379,149108,
2006-05-04,12.297478675842283,12.63772550251853,12.248872780972553,12.589118680550778,77972,
2006-05-05,12.637724876403809,13.075184398244346,12.297478066584516,12.491905344822952,250674,
2006-05-08,12.49190616607666,13.02657843508933,12.39469252056634,13.02657843508933,98602,
2006-05-09,12.734938621520996,13.026577687110136,12.29747816894133,12.832151334351384,156005,
2006-05-10,13.123791694641112,13.318218052845824,12.44329897737562,12.44329897737562,242442,
2006-05-11,12.88075828552246,13.609857811118072,12.78354464460385,12.929365105981766,95475,
2006-05-12,12.929365158081056,13.56125104530426,12.346085164415024,13.026577872293398,210509,
2006-05-15,12.005840301513672,13.22100628639975,11.762807104536456,13.22100628639975,136208,
2006-05-16,11.908626556396484,12.637726141481984,11.32534651748886,11.665593361367986,219046,
2006-05-17,12.589118003845217,12.880757992877122,11.957232133524393,12.054444845136382,97940,
2006-05-18,11.568378448486328,12.34608477302024,11.422558918241576,11.957232074302263,103129,
2006-05-19,10.839280128479004,12.297479298790872,10.693460582287042,11.762807011354973,85210,
2006-05-22,10.207393646240234,11.4711663783372,9.283867739857149,10.450426828293573,82155,
2006-05-23,11.908626556396484,12.24887340027561,9.721327801139989,9.721327801139989,198328,
2006-05-24,11.13092041015625,11.908626838061515,11.033707686104396,11.714200462859722,91899,
2006-05-25,10.985099792480469,11.276739790476904,10.64485297363496,11.03370661332954,52525,
2006-05-26,11.179526329040527,11.616985869539905,10.742066788541152,11.179526329040527,64145,
2006-05-29,11.179526329040527,11.422559510106623,10.93649314797443,11.179526329040527,35554,
2006-05-30,11.033706665039062,11.422559379458008,10.936493022885326,11.179526201171669,29826,
2006-05-31,10.79067325592041,10.985099608970746,10.207393269671424,10.644852795809172,61708,
2006-06-01,10.256000518798828,10.936493246494434,10.207393696728138,10.936493246494434,25458,
2006-06-02,10.353214263916016,10.499034744608055,10.012968329830812,10.256001537219436,71583,
2006-06-05,10.207393646240234,10.547640471954114,9.964360464186894,10.304607289900776,54350,
2006-06-06,10.207393646240234,10.499033650123843,9.624113638473014,9.915753642356623,79696,
2006-06-07,9.769933700561523,10.20739322477515,9.283867356524611,9.915753232933406,144615,
2006-06-08,9.672719955444336,10.01296676339934,8.651980458677293,9.429686786075896,120606,
2006-06-09,9.721327781677246,9.915754151891178,9.04083502237945,9.915754151891178,95880,
2006-06-12,9.769933700561523,10.450426396793604,7.777061504590589,9.332474176347898,142899,
2006-06-13,9.769933700561523,9.915753232933406,9.235260536701324,9.235260536701324,59350,
2006-06-14,9.526901245117188,9.964360802234712,9.381080774679315,9.818541258894886,68696,
2006-06-15,9.818541526794434,9.964361074112956,9.283868308129732,9.283868308129732,58205,
2006-06-16,10.450427055358888,10.693460242692812,9.62411384758432,10.110180222252174,75824,
2006-06-19,9.964360237121582,10.304607055082004,9.62411341916116,10.158786592914112,11495,
2006-06-20,9.769933700561523,10.110179585128575,9.721326880738236,10.110179585128575,20316,
2006-06-21,9.915753364562988,10.693459710765534,9.72132700978685,10.693459710765534,32354,
2006-06-22,10.256000518798828,10.45042687998357,9.915753691402015,9.915753691402015,39963,
2006-06-23,10.742067337036133,11.03370735462633,9.915754108380254,9.915754108380254,114917,
2006-06-26,10.353214263916016,11.568380300859122,10.207394710322088,11.130920712979226,84971,
2006-06-27,10.450427055358888,10.644853419806422,10.110180222252174,10.207393868024958,52667,
2006-06-28,10.401820182800291,10.596246546319376,9.964360633107848,10.304607464589768,39366,
2006-06-29,10.49903392791748,10.596246647052157,10.207393916317375,10.207393916317375,27746,
2006-06-30,10.644853591918944,10.887886783182385,10.499034048000103,10.596246768246647,53992,
2006-07-03,10.742067337036133,10.8878868822822,10.450427319445938,10.693460512921424,25150,
2006-07-04,10.742067337036133,10.839280058167493,10.499034143560646,10.499034143560646,17144,
2006-07-05,10.742067337036133,10.790674161150845,10.304607774199868,10.304607774199868,34184,
2006-07-06,10.353214263916016,10.887887505590603,10.30460836411678,10.69346112509933,17921,
2006-07-07,10.450427055358888,10.644853419806422,10.012967503577425,10.012967503577425,21091,
2006-07-10,10.304607391357422,10.79067376024979,10.110180102122056,10.40182010887708,132581,
2006-07-11,10.49903392791748,10.69346029328487,10.207393916317375,10.207393916317375,41437,
2006-07-12,10.256000518798828,10.353213235842189,9.915753691402015,10.207393696728138,52052,
2006-07-13,10.207393646240234,10.401820006463302,10.207393646240234,10.207393646240234,24586,
2006-07-14,10.207393646240234,10.304607289900776,10.012967286017163,10.110180002579693,15063,
2006-07-17,10.207393646240234,10.450426828293573,10.110180002579693,10.110180002579693,41005,
2006-07-18,10.158785820007324,10.401818978031892,10.061573113056252,10.207392637031823,29389,
2006-07-19,10.110180854797363,10.30460815850731,9.818541753428628,10.207394506652337,53802,
2006-07-20,10.158785820007324,10.30460627108082,9.818539955031683,10.207392637031823,66141,
2006-07-21,10.256000518798828,10.304607340869518,9.964360513472704,9.964360513472704,41929,
2006-07-24,10.158785820007324,10.30460627108082,10.012966296031754,10.158785820007324,30589,
2006-07-25,10.158785820007324,10.30460627108082,9.964359479007255,10.207392637031823,58463,
2006-07-26,9.964360237121582,10.207393413636742,9.964360237121582,10.061573878566843,14794,
2006-07-27,10.158785820007324,10.30460627108082,9.964359479007255,10.30460627108082,30623,
2006-07-28,9.964360237121582,10.256000234359371,9.964360237121582,10.012967057844213,20909,
2006-07-31,9.867146492004396,10.11017966596606,9.818540598890449,10.012966952640184,18586,
2006-08-01,9.964360237121582,10.061573878566843,9.2352607075761,10.061573878566843,39632,
2006-08-02,9.769933700561523,9.915753232933406,9.769933700561523,9.86714641311012,19412,
2006-08-03,9.818541526794434,10.110180621431477,9.769934701988902,9.769934701988902,14180,
2006-08-04,9.915753364562988,10.20739336027619,9.76993383025538,9.76993383025538,26210,
2006-08-07,9.818541526794434,10.110180621431477,9.283868308129732,9.283868308129732,15179,
2006-08-08,9.818541526794434,10.012967898918486,9.818541526794434,9.867147424501892,12785,
2006-08-09,9.818541526794434,10.061574723724018,9.818541526794434,9.818541526794434,10496,
2006-08-10,9.818541526794434,10.20739427104254,9.818541526794434,9.964361074112956,26509,
2006-08-11,10.158785820007324,10.45042579505639,9.818539955031683,9.964359479007255,51359,
2006-08-14,10.06157398223877,10.499033519053931,9.91575351856838,10.207393518811156,32031,
2006-08-16,10.158785820007324,10.353212161007392,10.110179002982829,10.110179002982829,38696,
2006-08-17,9.964360237121582,10.304607055082004,9.964360237121582,10.061573878566843,36653,
2006-08-18,9.964360237121582,10.158786592914112,9.964360237121582,10.11017977219148,23335,
2006-08-21,9.915753364562988,10.012967005500052,9.818540650723913,9.867146544094457,29746,
2006-08-22,9.915753364562988,10.061573825968583,9.867146544094457,9.915753364562988,29615,
2006-08-23,9.915753364562988,9.96436018503152,9.867146544094457,9.867146544094457,45353,
2006-08-24,10.06157398223877,10.207393518811156,9.818540803219456,10.207393518811156,55706,
2006-08-25,10.158785820007324,10.25599945405632,9.86714584495826,9.915752661982758,57113,
2006-08-28,12.054445266723633,12.200265729888436,9.96436030524347,9.96436030524347,290735,
2006-08-29,11.568378448486328,12.929364748195166,11.228132568882591,12.637724760607703,250657,
2006-08-30,10.839280128479004,11.519773816302994,10.79067423114706,11.471166991872986,32399,
2006-08-31,11.033706665039062,11.325345737304271,10.693459844598983,11.08231255901793,77978,
2006-09-01,10.985099792480469,11.519772967624268,10.936492971631395,11.519772967624268,39406,
2006-09-04,11.276740074157717,11.665592796536384,11.130919607942198,11.665592796536384,52293,
2006-09-05,10.985099792480469,11.228132969627833,10.936492971631395,11.13091932792969,28506,
2006-09-06,10.985099792480469,11.17952614877876,10.936492971631395,11.17952614877876,69949,
2006-09-07,10.936493873596191,11.179527070787218,10.693460676405165,11.130920245929396,54522,
2006-09-08,11.033706665039062,11.665592557744349,10.887886201808458,10.985099843962194,100975,
2006-09-11,10.547640800476074,11.471166735623749,10.499033977131871,11.471166735623749,32001,
2006-09-12,10.742067337036133,11.08231325164298,10.304607774199868,10.304607774199868,26709,
2006-09-13,10.547640800476074,11.471166735623749,10.450427153787668,10.450427153787668,25896,
2006-09-14,10.596246719360352,11.082313099644734,10.499033999562302,10.742067189704494,30757,
2006-09-15,10.693459510803224,11.471165842463051,10.499033159662758,10.936492681503296,31627,
2006-09-18,10.49903392791748,11.033707128001332,10.401820281684763,10.49903392791748,39831,
2006-09-19,10.49903392791748,10.88788665865226,10.49903392791748,10.596246647052157,53064,
2006-09-20,10.742067337036133,11.179526899872398,10.20739412597045,10.20739412597045,47129,
2006-09-21,10.79067325592041,11.471165955145576,10.693459615846251,11.17952596202108,67545,
2006-09-22,10.742067337036133,11.130920075757688,10.596246864692006,10.693460512921424,48703,
2006-09-25,10.596246719360352,11.082313099644734,10.596246719360352,10.693460366256446,37550,
2006-09-26,10.596246719360352,11.082313099644734,10.596246719360352,10.693460366256446,45065,
2006-09-27,10.596246719360352,11.47116676013107,10.547640823010347,11.082313099644734,43697,
2006-09-28,10.742067337036133,11.03370735462633,10.596246864692006,10.644853688806714,50811,
2006-09-29,11.957232475280762,12.443298828527151,10.839279306555271,10.88788612729951,697301,
2006-10-03,11.665593147277832,12.540512262484452,11.568379500211298,12.054445881347874,207668,
2006-10-04,11.519773483276367,11.860019390254084,11.42255983722671,11.762806671302467,75043,
2006-10-05,11.860018730163574,12.151658724982758,11.47116602180332,11.665592375983447,96877,
2006-10-06,11.81141185760498,12.394691844663638,11.76280596459841,12.15165867123886,147698,
2006-10-09,11.665593147277832,12.103052704881142,11.27674041320779,11.665593147277832,175950,
2006-10-10,11.568378448486328,12.151658423661251,11.519772556470054,12.151658423661251,80501,
2006-10-11,11.519773483276367,12.394692589331113,11.42255983722671,12.151659401305013,44648,
2006-10-12,11.519773483276367,11.95723303630374,11.42255983722671,11.42255983722671,33214,
2006-10-13,11.568378448486328,11.811411616959552,11.471165737355816,11.568378448486328,68606,
2006-10-16,11.519773483276367,12.054445755255356,10.20739389709621,12.054445755255356,48005,
2006-10-17,11.471166610717772,11.665592974879493,11.373952965087897,11.422559787902836,46928,
2006-10-18,11.665593147277832,11.860019514312851,11.51977360377608,11.665593147277832,70302,
2006-10-19,11.665593147277832,11.7141999708111,11.51977360377608,11.665593147277832,28919,
2006-10-20,11.616986274719238,12.39469266667534,11.519773555161004,11.860019464261892,31143,
2006-10-23,11.616986274719238,12.103052653804546,11.5683794513911,12.103052653804546,11908,
2006-10-26,11.568378448486328,11.665592086714804,11.422558918241576,11.519772556470054,25580,
2006-10-27,11.568378448486328,11.71419890582904,11.471165737355816,11.519772556470054,32676,
2006-10-30,11.568378448486328,11.71419890582904,11.422558918241576,11.665592086714804,38571,
2006-10-31,11.616986274719238,12.151659477132686,11.616986274719238,12.151659477132686,28402,
2006-11-01,11.568378448486328,11.86001843607379,11.568378448486328,11.616985267600564,29842,
2006-11-02,11.616986274719238,11.811412640933751,11.5683794513911,11.5683794513911,43330,
2006-11-03,11.665593147277832,11.860019514312851,11.568379500211298,11.665593147277832,66243,
2006-11-06,11.714200019836426,12.151659579270556,11.665593196099731,12.151659579270556,44875,
2006-11-07,11.665593147277832,11.811412690779589,11.665593147277832,11.811412690779589,66506,
2006-11-08,11.665593147277832,11.7141999708111,11.568379500211298,11.665593147277832,48914,
2006-11-09,11.665593147277832,11.762806794344367,11.665593147277832,11.665593147277832,47105,
2006-11-10,11.665593147277832,11.860019514312851,11.665593147277832,11.665593147277832,59961,
2006-11-13,11.762805938720703,12.24887228450093,11.665592298725466,11.9572322916132,61377,
2006-11-14,11.665593147277832,12.297479071916165,11.665593147277832,12.15165952841441,36963,
2006-11-15,11.665593147277832,11.957233161379389,11.665593147277832,11.665593147277832,39872,
2006-11-16,11.762805938720703,11.86001865161796,11.665592298725466,11.665592298725466,53014,
2006-11-17,11.665593147277832,11.762806794344367,11.665593147277832,11.665593147277832,36437,
2006-11-20,11.665593147277832,11.957233161379389,11.665593147277832,11.762806794344367,36796,
2006-11-21,11.665593147277832,11.762806794344367,11.665593147277832,11.665593147277832,26681,
2006-11-22,11.665593147277832,11.762806794344367,11.665593147277832,11.665593147277832,24184,
2006-11-23,11.81141185760498,12.491905484872742,11.665592324389308,11.665592324389308,91370,
2006-11-24,11.714200019836426,12.297479123382582,11.228133636665603,11.228133636665603,22518,
2006-11-27,11.665593147277832,12.15165952841441,11.665593147277832,11.860019514312851,22726,
2006-11-28,11.665593147277832,11.762806794344367,11.665593147277832,11.665593147277832,32466,
2006-11-29,11.665593147277832,11.90862633784612,11.665593147277832,11.665593147277832,22062,
2006-11-30,11.665593147277832,11.90862633784612,11.665593147277832,11.665593147277832,22220,
2006-12-01,11.665593147277832,12.637725909550984,11.665593147277832,12.15165952841441,32423,
2006-12-04,11.714200019836426,11.957233211421835,11.665593196099731,11.665593196099731,20946,
2006-12-05,11.714200019836426,11.908626387685144,11.665593196099731,11.665593196099731,22964,
2006-12-06,11.665593147277832,12.054445881347874,11.665593147277832,11.665593147277832,36599,
2006-12-07,11.665593147277832,11.90862633784612,11.665593147277832,11.7141999708111,37299,
2006-12-08,11.665593147277832,11.811412690779589,11.665593147277832,11.811412690779589,37755,
2006-12-11,11.665593147277832,11.860019514312851,11.665593147277832,11.665593147277832,88191,
2006-12-12,11.665593147277832,12.491906366049232,11.179526766141256,11.665593147277832,81278,
2006-12-13,11.665593147277832,11.90862633784612,11.665593147277832,11.665593147277832,50295,
2006-12-14,11.665593147277832,11.957233161379389,11.665593147277832,11.665593147277832,18035,
2006-12-15,11.957232475280762,12.297478366294438,11.811412013048049,11.908625654536523,46660,
2006-12-18,11.908626556396484,12.151659751424983,11.665593361367986,12.151659751424983,36949,
2006-12-19,11.957232475280762,12.297478366294438,11.66559247791333,12.297478366294438,44257,
2006-12-20,12.103052139282228,12.394692139754884,11.762806244645798,12.29747849723133,31342,
2006-12-21,12.540512084960938,13.221005750597511,11.714199804984863,12.346085720678216,251383,
2006-12-22,12.68633270263672,14.484777752266906,12.491906336068324,13.609858639160118,125927,
2006-12-26,12.78354549407959,13.512645068124389,12.394692758761584,13.512645068124389,31603,
2006-12-27,12.346084594726562,13.026577271204792,12.200265066587638,12.29747777631427,31108,
2006-12-28,12.15165901184082,13.366824913024905,12.05444536890689,13.366824913024905,46480,
2006-12-29,12.054445266723633,13.561251156838589,11.908625730656832,13.561251156838589,18837,
2007-01-02,12.15165901184082,13.075184911321122,12.15165901184082,13.075184911321122,17915,
2007-01-03,12.200265884399414,13.512644506915327,11.957232703144836,13.512644506915327,13503,
2007-01-04,12.394692420959473,12.734939250413255,12.054445591505688,12.589118783319623,44231,
2007-01-05,12.49190616607666,13.172398903354814,12.39469252056634,12.63772570724411,203405,
2007-01-08,12.637724876403809,12.832151227544273,11.86001854474398,11.86001854474398,103673,
2007-01-09,12.589118003845217,12.880757992877122,12.491905292233223,12.880757992877122,86682,
2007-01-10,12.346084594726562,12.734938214926943,12.29747777631427,12.63772457810236,59891,
2007-01-11,12.540512084960938,12.783545272088848,12.394692543523403,12.783545272088848,60808,
2007-01-12,12.589118003845217,12.686331642555173,12.248872122556298,12.637724823200196,39544,
2007-01-15,13.318219184875488,13.804285585251222,12.34608638412402,12.540512758854698,605098,
2007-01-16,13.075185775756836,13.415432621422218,12.880759404132936,13.026578951076344,126825,
2007-01-17,13.172398567199709,13.415431747675354,13.026578102655511,13.123791745684976,96683,
2007-01-18,13.221006393432615,13.415432767168786,12.929366369279323,13.415432767168786,76354,
2007-01-19,13.075185775756836,13.46403944610271,12.248873464580734,13.46403944610271,70925,
2007-01-22,12.88075828552246,13.269610995000924,12.78354464460385,12.88075828552246,49899,
2007-01-23,12.88075828552246,13.366824635919537,12.68633193078323,12.88075828552246,34716,
2007-01-24,12.832152366638184,13.075185558912006,12.637725998238738,12.637725998238738,54674,
2007-01-25,13.221006393432615,13.415432767168786,13.07518591780693,13.07518591780693,159961,
2007-01-29,14.436171531677246,15.456910165007576,13.561251511125215,13.561251511125215,412049,
2007-01-31,16.040189743041992,16.4290424568826,14.533383854488145,14.67920431750187,689151,
2007-02-01,16.13740348815918,17.012322563439735,16.040189845528893,16.526256204484312,376611,
2007-02-02,16.18600845336914,16.72068253004972,16.04018892489113,16.526255255948435,223011,
2007-02-05,16.672075271606445,16.915108444236846,16.04018939360659,16.817894804345496,293910,
2007-02-06,16.28322410583496,17.206750990829427,16.088796807668928,17.206750990829427,111482,
2007-02-07,15.651337623596191,16.52625672651358,15.554123977895133,16.283223539358968,95935,
2007-02-08,15.554122924804688,15.79715609550476,14.825023412704468,15.554122924804688,100462,
2007-02-09,16.817895889282227,18.1788832271677,15.554124051755522,16.526256804990243,772936,
2007-02-12,16.234617233276367,17.644208570628038,15.94297630354442,16.81789538434822,404957,
2007-02-13,16.040189743041992,17.012322454741508,15.748550671210538,16.52625609889175,113610,
2007-02-14,15.359697341918944,16.186009607370544,15.06805733707214,15.554123702784144,87388,
2007-02-15,16.18600845336914,16.33182798184715,15.554122593833824,15.942975287840488,120650,
2007-02-19,16.331830978393555,16.526258288168147,15.55412544768767,16.380438732935325,114642,
2007-02-20,16.18600845336914,17.303960643961766,15.942975287840488,17.303960643961766,72931,
2007-02-21,15.845762252807615,16.33182860233173,15.65133682551556,16.13740317503967,59665,
2007-02-22,15.60272979736328,16.18600981452181,15.55412390184843,15.748551192299958,48257,
2007-02-23,14.825023651123049,15.89436999023997,14.581990476514472,15.602729068192096,95359,
2007-02-26,15.0680570602417,15.94297613161008,14.144531167775517,14.679204345655307,76727,
2007-02-27,15.262484550476074,15.7971577680449,14.97084452933871,15.31109137518198,62935,
2007-02-28,14.727810859680176,15.311090883213229,14.581991317345931,15.068057694590795,95288,
2007-03-01,14.776416778564451,15.213876305894384,14.58199042498426,14.630597245153805,59507,
2007-03-02,14.581991195678713,14.97084392339093,14.436171654561136,14.825024382273355,16112,
2007-03-05,13.85289192199707,14.679205144323834,13.85289192199707,14.679205144323834,42186,
2007-03-06,13.609859466552734,14.436172733575534,13.609859466552734,14.095925876072474,31512,
2007-03-07,13.609859466552734,14.193139528815664,13.609859466552734,13.609859466552734,32241,
2007-03-08,14.193138122558594,14.241744017016211,13.609858118087086,13.609858118087086,64209,
2007-03-09,14.484777450561523,14.581991095369863,13.609858355678542,14.193138370332546,29167,
2007-03-12,14.825023651123049,14.922237291805672,13.950104593371371,14.581990476514472,18150,
2007-03-13,14.825023651123049,15.262483179998885,14.825023651123049,14.825023651123049,8531,
2007-03-14,14.581991195678713,15.019450746129465,14.581991195678713,14.581991195678713,20806,
2007-03-15,14.776416778564451,15.311089946233473,14.679204065323349,15.068056772483734,23288,
2007-03-16,14.825023651123049,15.262483179998885,14.581990476514472,15.068056825731622,15959,
2007-03-19,14.581991195678713,15.068057568868,14.581991195678713,15.068057568868,12851,
2007-03-20,14.679204940795898,15.262484036323434,14.581991294658955,15.068057671147589,12876,
2007-03-21,14.581991195678713,14.679204841155782,14.581991195678713,14.630598018417244,24706,
2007-03-22,14.581991195678713,15.019450746129465,14.581991195678713,15.019450746129465,9690,
2007-03-23,14.581991195678713,14.77641755953482,14.581991195678713,14.630598018417244,17196,
2007-03-26,14.581991195678713,14.727810736796284,14.241744363606994,14.581991195678713,20300,
2007-03-28,14.679204940795898,15.311090859391904,14.581991294658955,14.825024482903272,11415,
2007-03-29,14.679204940795898,14.873631305971744,14.630598117727429,14.679204940795898,8500,
2007-03-30,14.727810859680176,15.068057694590795,14.581991317345931,14.87363132911246,8270,
2007-04-02,14.581991195678713,14.727810736796284,14.581991195678713,14.679204841155782,28160,
2007-04-03,15.262484550476074,15.31109137518198,14.5819917858876,14.776418157613154,20714,
2007-04-04,15.165270805358888,15.60272941691396,15.068057162503532,15.311090342543912,19383,
2007-04-05,15.845762252807615,15.942975893551637,15.165270475991449,15.748550466259577,25359,
2007-04-09,15.699943542480469,16.331829459174244,15.55412400081207,16.331829459174244,16014,
2007-04-10,15.60272979736328,15.942976628555428,15.60272979736328,15.748551192299958,8884,
2007-04-11,15.748552322387695,16.040191424796426,15.602730916987138,15.79715822139042,16655,
2007-04-12,15.554122924804688,15.79715609550476,15.554122924804688,15.79715609550476,28196,
2007-04-13,15.60272979736328,15.894370733040576,15.55412390184843,15.55412390184843,12280,
2007-04-16,15.60272979736328,15.797157087814812,15.55412390184843,15.55412390184843,15031,
2007-04-17,15.651337623596191,15.797157165049745,15.554123977895133,15.554123977895133,10609,
2007-04-18,15.554122924804688,16.18600879778569,15.554122924804688,16.18600879778569,21725,
2007-04-19,15.748552322387695,15.89437187359206,15.554125017984411,15.554125017984411,22511,
2007-04-20,15.60272979736328,15.99158437826634,15.55412390184843,15.699943442589046,28405,
2007-04-23,16.28322410583496,16.380437754917978,15.651338168089548,15.651338168089548,39010,
2007-04-24,16.234617233276367,16.574862203336274,15.845762660300435,16.283223127800348,43474,
2007-04-25,15.991583824157717,16.477650179248272,15.894370182300404,16.477650179248272,58822,
2007-04-26,16.28322410583496,16.429043652361422,16.040190910225483,16.1374045593085,50969,
2007-04-27,15.651337623596191,15.942976706503297,15.602729873647627,15.84576306080224,12800,
2007-04-30,16.040189743041992,16.380436562976023,15.651337029201386,15.748550671210538,23783,
2007-05-03,16.088796615600586,16.380437559368023,15.69994387810678,15.69994387810678,21285,
2007-05-04,16.040189743041992,16.52625609889175,15.845762459023687,15.845762459023687,33217,
2007-05-07,16.088796615600586,16.86650394478431,16.040190718737403,16.429043456231206,34113,
2007-05-08,15.991583824157717,16.477650179248272,15.845762434273752,16.477650179248272,18798,
2007-05-09,15.699943542480469,16.040190375837447,15.699943542480469,16.040190375837447,10650,
2007-05-10,16.477651596069336,16.526257494079342,15.748552000742306,16.040191097194658,60262,
2007-05-11,16.477651596069336,16.72068479451168,15.942977446978489,16.040191097194658,25525,
2007-05-14,16.526256561279297,16.9151092859996,16.526256561279297,16.9151092859996,18098,
2007-05-15,16.38043785095215,16.72068469763942,16.13740465391783,16.186010551646238,26377,
2007-05-16,16.13740348815918,16.42904256185403,16.040189845528893,16.234617130789466,25014,
2007-05-17,16.477651596069336,16.62347114429551,16.234618397626992,16.234618397626992,40012,
2007-05-18,16.13740348815918,16.6234698471146,16.08879573974603,16.526256204484312,21821,
2007-05-21,16.18600845336914,16.574861147375806,16.137402561941773,16.18600845336914,16120,
2007-05-22,16.088796615600586,16.33182980830873,16.088796615600586,16.283223911445543,8607,
2007-05-23,16.42904281616211,16.526256460297184,16.040190093817856,16.040190093817856,43826,
2007-05-24,16.088796615600586,16.380437559368023,16.040190718737403,16.088796615600586,15050,
2007-05-25,16.234617233276367,16.477650414288313,16.040189946788402,16.040189946788402,11636,
2007-05-28,16.331830978393555,16.526258288168147,16.137405522815204,16.429044633280853,18520,
2007-05-29,16.477651596069336,16.526257494079342,16.137404747410823,16.137404747410823,46498,
2007-05-30,16.38043785095215,16.623471047986463,16.13740465391783,16.13740465391783,28910,
2007-05-31,16.42904281616211,16.720683748567332,16.331829172027035,16.623470104432258,26445,
2007-06-01,16.088796615600586,16.526257104153686,16.040190718737403,16.33182980830873,17413,
2007-06-04,16.234617233276367,16.42904266556831,16.040189946788402,16.088795841312383,16363,
2007-06-05,16.331830978393555,16.526258288168147,16.234619177702502,16.477652387822623,13253,
2007-06-06,16.38043785095215,16.72068469763942,16.28322420129919,16.52625739833351,38130,
2007-06-07,16.672075271606445,17.15814161686725,16.42904209897604,16.526255738867395,70306,
2007-06-08,17.546995162963867,17.546995162963867,16.76928971496285,17.546995162963867,46535,
2007-06-11,18.42191696166992,18.42191696166992,18.42191696166992,18.42191696166992,18421,
2007-06-12,18.71355438232422,19.345440263355712,18.4705212085278,19.345440263355712,374736,
2007-06-13,17.83863639831543,18.81076915185637,17.790028648120735,18.276095024891205,65386,
2007-06-14,18.32470321655273,18.37330911372233,17.25535679105649,17.79002907670655,36080,
2007-06-15,18.0816707611084,18.66495082195632,17.984457108601045,18.66495082195632,49400,
2007-06-18,17.59560203552246,18.373307444769303,17.546994288572062,18.178882019555573,37882,
2007-06-19,17.83863639831543,18.470522317277823,17.546995459735502,18.421916421279207,38256,
2007-06-20,17.790027618408203,18.37330760761089,17.54699444409008,18.37330760761089,20988,
2007-06-21,17.59560203552246,17.984454740145882,17.546994288572062,17.984454740145882,31293,
2007-06-22,17.74142074584961,18.178881177151645,17.54699347544962,17.595601220147554,65395,
2007-06-25,18.0816707611084,18.27609621192691,17.59560435276783,17.59560435276783,24636,
2007-06-26,18.32470321655273,18.859375502202795,17.79002907670655,18.859375502202795,46384,
2007-06-27,18.276094436645508,18.762160797771145,17.4983890005229,17.984455361648536,44516,
2007-06-28,18.37330818176269,18.762160901983847,17.984455461541543,17.984455461541543,24521,
2007-06-29,18.51912879943848,18.66495020044197,17.790029211205525,17.790029211205525,76091,
2007-07-02,18.859375,18.95658864594663,18.47052227040954,18.47052227040954,110759,
2007-07-03,19.199621200561523,19.539868023056247,17.984455301791808,17.984455301791808,140712,
2007-07-04,19.880115509033203,20.17175459279274,19.19962184133285,19.19962184133285,215015,
2007-07-05,19.491260528564453,20.900853731183123,19.199621450737983,20.02593464350769,224802,
2007-07-06,19.539867401123047,19.928720105513385,19.442653761476475,19.63708104076962,41961,
2007-07-09,20.560606002807617,21.386919159348924,20.17175329802228,21.386919159348924,108799,
2007-07-10,21.14388656616211,21.38691974508352,19.92872067155509,21.046672923754347,109349,
2007-07-11,23.28257942199707,23.28257942199707,21.3383139789642,21.386919873361613,375732,
2007-07-12,25.615699768066406,25.615699768066406,24.303320111221225,24.303320111221225,142072,
2007-07-13,26.928077697753903,26.928077697753903,26.928077697753903,26.928077697753903,69014,
2007-07-16,25.664304733276367,28.289063951512087,25.615698836500044,28.289063951512087,474292,
2007-07-17,25.907337188720703,26.976683575151505,24.594957616928177,26.150370374082428,603605,
2007-07-18,25.03241920471192,26.101765638665047,24.64356646169153,26.101765638665047,185777,
2007-07-19,25.81012344360352,26.296189812441217,25.518484363979315,26.247583917235865,157943,
2007-07-20,24.692169189453125,26.49061498102225,24.59495555262854,25.76151548613173,109534,
2007-07-23,25.275449752807617,25.9559433724462,24.206103430888103,24.206103430888103,68696,
2007-07-24,24.206104278564453,25.66430335382973,24.06028474187713,25.66430335382973,61252,
2007-07-25,23.03954696655273,24.303318802610026,22.99093921642987,23.96307196853427,69283,
2007-07-26,24.206104278564453,24.206104278564453,22.65069156077562,23.03954613086984,222234,
2007-07-27,24.15749740600586,25.03241644489102,23.088151089948028,23.81725059805165,92362,
2007-07-30,24.789384841918945,25.324057106634854,23.817252103020163,23.817252103020163,141463,
2007-07-31,24.74077796936035,25.761516563205188,24.49774479423577,25.761516563205188,88902,
2007-08-01,23.72003746032715,25.129630614103537,23.525612033245007,24.303317449965515,76171,
2007-08-02,23.03954696655273,24.060285614583925,22.89372557038021,23.768646530631035,63395,
2007-08-03,23.28257942199707,23.52561260237618,22.79651306123885,23.331185316394485,30008,
2007-08-06,23.76864624023437,24.011679425291184,22.602086210283268,22.84511939534008,44981,
2007-08-07,24.98381233215332,24.98381233215332,24.060285481099363,24.060285481099363,133463,
2007-08-08,26.247583389282227,26.247583389282227,25.178237028509304,25.178237028509304,97785,
2007-08-09,25.76151657104492,27.55996243835329,25.46987750248507,26.247582921442,176777,
2007-08-10,26.247583389282227,26.63643610569165,24.497745238341817,24.54635113256949,70322,
2007-08-13,26.296188354492188,27.36553467748619,26.10176293025433,26.63643516465336,61485,
2007-08-14,25.275449752807617,26.97668194770813,25.08102247456918,26.24758243560791,81941,
2007-08-16,25.081024169921875,25.61569829412092,24.351924608538145,25.178237815612253,64478,
2007-08-17,24.30331802368164,25.66430346216861,24.060284843444823,25.12963120732602,91093,
2007-08-20,24.59495735168457,25.5184841877778,24.351924168943828,25.3240568999068,38759,
2007-08-21,23.379791259765625,25.03241763148373,23.379791259765625,25.03241763148373,31259,
2007-08-22,23.42840003967285,23.81725277537029,22.845120009028644,23.08815320061405,45272,
2007-08-23,23.331186294555664,24.206105409762284,22.84511991341909,23.47700583805742,29373,
2007-08-24,23.86585998535156,24.01168139168427,22.359054856280693,23.233974023295914,35996,
2007-08-27,24.449138641357425,24.837991376079977,24.060285906634867,24.449138641357425,35364,
2007-08-28,24.108890533447266,24.643564637953546,23.91446510342353,24.303317817667004,12527,
2007-08-29,25.275449752807617,25.32405564526925,23.42839802632625,23.42839802632625,93776,
2007-08-30,24.98381233215332,25.955945078864406,24.59495775011204,25.03241822781045,17076,
2007-08-31,24.789384841918945,25.03241802664364,24.400532117198644,24.59495755246077,18483,
2007-09-03,25.1296329498291,25.90733843883505,24.98381340241501,25.761518891420952,44155,
2007-09-04,25.226844787597656,25.761517041112143,25.032417502212745,25.761517041112143,28586,
2007-09-05,25.03241920471192,25.518485597036417,24.54635281238741,24.54635281238741,24647,
2007-09-06,25.226844787597656,25.37266432453833,24.54635114294648,24.886597965272067,22760,
2007-09-07,27.7543888092041,27.7543888092041,25.42127061884828,25.42127061884828,270259,
2007-09-10,28.04602813720703,28.92094717675713,26.296188203910887,26.733648650783906,171080,
2007-09-11,27.55996322631836,28.67791549335573,27.36553593892228,28.48348820595965,72550,
2007-09-12,28.04602813720703,28.43488083765197,27.55996179810187,27.55996179810187,74404,
2007-09-13,28.191850662231445,28.62931115556521,27.754390168897675,27.754390168897675,56256,
2007-09-14,30.233327865600582,31.01103329742087,28.337668326019138,28.96955422114761,379935,
2007-09-17,33.2955436706543,33.2955436706543,30.81660612444453,31.05963928992376,285305,
2007-09-18,36.64940643310547,36.64940643310547,34.02464719363251,34.41350178777378,759649,
2007-09-19,34.850955963134766,38.496453603981166,34.850955963134766,38.496453603981166,520179,
2007-09-20,33.14972305297852,34.99677663660029,33.14972305297852,34.99677663660029,224829,
2007-09-21,32.080379486083984,33.441366765820106,31.497101342421075,31.497101342421075,109119,
2007-09-24,34.0246467590332,34.0246467590332,32.323414421081544,33.830219464446,72775,
2007-09-25,35.72587966918945,35.72587966918945,34.3162863963457,35.19120738180521,258462,
2007-09-26,36.211944580078125,37.4271105055841,35.96891139497693,36.6494050549387,166935,
2007-09-27,34.46210479736328,36.50358197456894,34.41349890426637,36.45497608147203,113378,
2007-09-28,35.580055236816406,36.2119429734003,33.6843994438486,34.94817120862445,160069,
2007-10-01,37.37850570678711,37.37850570678711,35.2884187702447,37.37850570678711,100602,
2007-10-03,39.17694854736328,39.27416404606861,36.94104399462989,37.91317673133068,377142,
2007-10-04,37.767356872558594,39.12834424261515,37.23268458731932,38.78809925429713,155771,
2007-10-05,36.45497512817383,38.01038591695251,36.017514684957376,37.42710779825846,77467,
2007-10-08,34.65653610229492,36.50358621319168,34.65653610229492,36.454980314450886,31644,
2007-10-09,33.7816162109375,34.51071584138939,32.95530477978236,34.02464942108813,123203,
2007-10-10,33.10111618041992,34.55931516377227,32.858083016527864,32.858083016527864,105410,
2007-10-11,34.60792541503906,34.75374681510269,33.05251445352423,33.05251445352423,137382,
2007-10-12,33.7816162109375,35.33702727254453,33.14972838118887,34.51071584138939,54077,
2007-10-15,35.48284149169922,35.48284149169922,33.53857620448282,34.899563388891,49283,
2007-10-16,36.552188873291016,37.135470731677,35.239811181608616,36.94104344554834,127414,
2007-10-17,38.302032470703125,38.39924426396387,34.753746390802746,34.753746390802746,145695,
2007-10-18,38.10760498046875,40.24629779677318,36.84383313259547,39.5658041222592,236181,
2007-10-19,37.86457061767578,39.6144087919613,36.21194423314254,38.30203108834518,191131,
2007-10-22,36.211944580078125,38.59367053574827,35.96891139497693,35.96891139497693,102379,
2007-10-23,37.52431869506836,38.01038501862308,35.96890794304993,37.37850102303699,131133,
2007-10-24,37.52431869506836,38.78809410302405,35.72587478127256,38.78809410302405,104611,
2007-10-25,38.05899810791016,39.41998171363798,36.21194442566057,36.21194442566057,229205,
2007-10-26,38.54506301879883,39.95465246637004,37.038254367849824,38.78809619367551,181750,
2007-10-29,38.49645233154297,40.003260940001255,38.01038599549625,39.37137321978379,147959,
2007-10-30,40.29490280151367,40.44072048743077,38.39924321745458,39.371375957136976,557266,
2007-10-31,42.33638000488281,42.33638000488281,41.31564137150063,41.31564137150063,100059,
2007-11-01,44.475074768066406,44.475074768066406,44.475074768066406,44.475074768066406,75440,
2007-11-02,46.71097946166992,46.71097946166992,43.7459752164553,46.07909537802316,294718,
2007-11-05,49.04409790039063,49.04409790039063,48.509425630427984,49.04409790039063,55360,
2007-11-06,51.52303314208984,51.52303314208984,51.52303314208984,51.52303314208984,23114,
2007-11-07,54.09918594360352,54.09918594360352,52.64098690154835,54.09918594360352,594782,
2007-11-08,56.82115936279297,56.82115936279297,53.46730066999658,55.41156614890555,164499,
2007-11-12,62.70256423950195,62.70256423950195,62.70256423950195,62.70256423950195,46026,
2007-11-13,65.86199188232422,65.86199188232422,65.86199188232422,65.86199188232422,108111,
2007-11-14,69.16725158691406,69.16725158691406,69.16725158691406,69.16725158691406,35644,
2007-11-15,70.23658752441406,72.66691927266368,65.71616898931299,72.66691927266368,706577,
2007-11-16,73.44463348388672,73.78487846884235,70.67404916562872,72.66692430388721,818260,
2007-11-19,76.31242370605469,77.1387350908525,74.56258172442496,77.09013290162002,299122,
2007-11-20,72.52110290527344,80.10374145149547,72.52110290527344,79.52046327489018,372193,
2007-11-21,68.97281646728516,72.8127453255911,68.97281646728516,69.9935588336564,126626,
2007-11-22,65.5217514038086,65.61896319926541,65.5217514038086,65.5217514038086,10670,
2007-11-23,62.26510238647461,67.07715628358334,62.26510238647461,62.26510238647461,175944,
2007-11-26,59.154273986816406,64.01493754229489,59.154273986816406,64.01493754229489,137715,
2007-11-27,56.23787689208984,57.84189737837644,56.23787689208984,57.45304280340027,52432,
2007-11-28,59.05706405639648,59.05706405639648,53.46730079179929,53.46730079179929,127376,
2007-11-29,61.73042678833008,62.022065858250095,59.78616137767401,62.022065858250095,256261,
2007-11-30,60.758296966552734,64.64682797241211,60.27223059082032,64.64682797241211,133633,
2007-12-03,64.59821319580078,64.59821319580078,61.24435843850111,63.431656954161866,90672,
2007-12-04,67.8062515258789,67.85486112451048,65.1328867703783,67.07715204710601,188702,
2007-12-05,70.38240814208984,71.20871944409113,69.02142089461393,70.965686271927,201546,
2007-12-06,66.97994232177734,73.39601644848703,66.88273053831489,72.90995011439108,108779,
2007-12-07,65.71617126464844,68.04929130710605,63.86911758867016,66.10502584118873,103127,
2007-12-10,66.44527435302734,69.02142771592219,66.1050293617283,66.97995035134338,100332,
2007-12-11,65.47313690185547,68.97281319410021,64.64682557708413,67.9520782929535,69094,
2007-12-12,64.79264831542969,66.20223781543028,63.38305139864492,64.6468269217231,68055,
2007-12-13,65.47313690185547,67.66043551160644,64.54961378889645,66.10502465025144,95579,
2007-12-14,67.2715835571289,68.3895377067057,65.61896084334361,67.1743717651623,117823,
2007-12-17,65.03568267822266,69.02142548334038,63.91772852858634,69.02142548334038,80192,
2007-12-18,61.73042678833008,66.10502396230623,61.14714864849005,63.38304942067416,61860,
2007-12-19,62.02206802368164,64.50100576713909,60.27222983467592,64.40379397656903,87734,
2007-12-20,61.24435806274414,63.18862339806935,60.51525856199719,62.21649073040675,47098,
2007-12-24,62.26510238647461,63.82051322273716,61.39018147333197,62.9455923095945,48354,
2007-12-26,65.08428192138672,65.3759247008924,63.285837892525656,64.1607588142587,86274,
2007-12-27,68.34093475341797,68.34093475341797,66.5910928504871,66.5910928504871,178879,
2007-12-28,71.7919921875,71.7919921875,68.3409258517671,71.30592587964044,172141,
2007-12-31,75.38890075683594,75.38890075683594,73.97930376265587,73.97930376265587,47966,
2008-01-01,79.18020629882812,79.18020629882812,76.7984841249576,79.18020629882812,218138,
2008-01-02,81.22169494628906,83.16596046345424,75.24307699764927,83.11735085881136,320771,
2008-01-03,83.6034164428711,85.30464875420859,77.77061994685683,79.71488544552825,357953,
2008-01-04,80.6384048461914,86.9572674234534,79.71488174392053,85.54767796908546,249271,
2008-01-07,77.72201538085938,84.57555467465761,76.99291577159508,83.11735545612902,144032,
2008-01-08,73.8334732055664,80.10373336743653,73.8334732055664,79.13160069894042,113527,
2008-01-09,70.52823638916016,73.39602513293865,70.13938179251616,71.93782595811206,82001,
2008-01-10,67.07715606689453,73.39601859493533,67.0285464653499,68.53535511182703,62100,
2008-01-11,64.30658721923828,66.59109785197084,63.7233090133809,66.59109785197084,98452,
2008-01-14,67.563232421875,67.563232421875,64.25797928046944,66.05642355222712,41689,
2008-01-15,68.097900390625,70.96568896424739,66.88273448370296,70.96568896424739,52736,
2008-01-16,66.34806060791016,68.92421389509063,65.13289466271033,68.0492929311899,72545,
2008-01-17,69.65331268310547,69.70191487029922,65.61896030681133,69.02142491531265,53725,
2008-01-18,66.54248809814453,72.9099609914446,66.20224309687474,69.50749614517719,107745,
2008-01-21,63.23723602294922,63.6746927776085,63.23723602294922,63.6746927776085,28839,
2008-01-22,60.07780075073242,60.07780075073242,60.07780075073242,60.07780075073242,1372,
2008-01-23,57.11279678344727,60.02919491707011,57.11279678344727,57.11279678344727,14193,
2008-01-24,54.29361343383789,59.78616503862988,54.29361343383789,54.29361343383789,44954,
2008-01-25,55.65460205078125,56.72394663302887,51.62024950173451,51.62024950173451,57222,
2008-01-28,52.88402557373047,57.3558349509566,52.88402557373047,55.65460255834348,24700,
2008-01-29,54.05057907104492,55.55738779062413,51.523035420562834,53.46730090813124,122143,
2008-01-30,51.3772087097168,55.31434888138662,51.3772087097168,53.564507156914814,30458,
2008-01-31,48.84967041015625,53.46730094643968,48.84967041015625,53.46730094643968,125963,
2008-02-01,46.613765716552734,50.453690788799534,46.4193384264911,49.09270346676023,85071,
2008-02-04,48.94688034057617,48.94688034057617,47.634502668772896,47.634502668772896,8045,
2008-02-05,51.425819396972656,51.425819396972656,48.84966635461627,51.425819396972656,8463,
2008-02-06,52.786808013916016,54.00197396132841,50.06483703339068,50.45369161991952,61982,
2008-02-07,50.59950637817383,54.439431291291534,50.16204592076184,52.49516588803112,50910,
2008-02-08,48.12057113647461,50.06483663693823,48.07196524064145,50.06483663693823,35002,
2008-02-11,45.73884582519531,48.07196594320676,45.73884582519531,48.07196594320676,19416,
2008-02-12,43.4543342590332,45.690238821379744,43.4543342590332,43.5515460497644,31549,
2008-02-13,41.51007080078125,43.55154817279004,41.31564350144891,41.801709895583606,54435,
2008-02-14,43.60015487670898,43.60015487670898,40.87818376090285,43.55154897807523,46380,
2008-02-15,45.78744888305664,45.78744888305664,42.384984418461165,43.745971687656144,37684,
2008-02-18,48.12057113647461,48.12057113647461,46.85679930285168,48.07196524064145,32248,
2008-02-19,48.4608154296875,50.55090229645548,47.63450408704458,50.55090229645548,29306,
2008-02-20,48.07196807861328,49.38434588554677,46.07909656466554,48.36360717922157,32196,
2008-02-21,48.21778106689453,50.40507967048456,47.29425795653679,50.40507967048456,23039,
2008-02-22,49.38433837890625,50.30786514744594,46.37072861671548,46.75957945562202,32041,
2008-02-25,47.53729248046875,49.481557960923226,47.00261650663008,48.84967019641868,16436,
2008-02-26,48.55802917480469,49.91901273167896,48.12056871751255,48.50942328141489,20539,
2008-02-27,48.801063537597656,50.55090170095221,47.828930812579344,49.48155718678888,27490,
2008-02-28,48.31499481201172,49.18991199670094,46.6623685186318,47.87753436547117,25607,
2008-02-29,48.02336120605469,49.43295078180871,46.759585615059336,49.43295078180871,20729,
2008-03-03,45.981876373291016,47.34286364863422,45.64163140865121,45.690237302400895,28320,
2008-03-04,43.69736862182617,45.39860096421235,43.69736862182617,43.69736862182617,19193,
2008-03-05,43.06547927856445,43.69736703761333,41.510068390987,42.871051990519256,32265,
2008-03-07,40.926788330078125,42.04474250430082,40.926788330078125,41.60728201402272,64099,
2008-03-10,45.058349609375,45.058349609375,36.84383117946327,36.94104296707245,52092,
2008-03-11,46.71097946166992,49.53016601453173,44.96114119469016,46.5651617693171,63840,
2008-03-12,46.9054069519043,50.74533220052621,45.69024096869434,48.46081792705613,62854,
2008-03-13,42.53081130981445,47.63450866699219,42.2877781023298,47.63450866699219,34379,
2008-03-14,43.89179229736328,46.80819035809461,41.31563919369385,43.01687139578712,68967,
2008-03-17,39.61440658569336,43.69736457055976,39.51719480135515,43.69736457055976,36524,
2008-03-18,38.44784927368164,40.63514794712184,37.135471552974366,38.88530975004811,24524,
2008-03-19,35.72587966918945,41.31564315484495,34.75374688907545,40.82957676478794,46079,
2008-03-24,33.97603988647461,37.03825578178579,33.97603988647461,37.03825578178579,55318,
2008-03-25,35.67727279663086,35.67727279663086,32.420625847233424,34.99677912747377,85120,
2008-03-26,37.475711822509766,37.475711822509766,35.96890700064746,36.79521824568405,37276,
2008-03-27,38.20481872558594,39.12834563759269,35.96891400225911,35.96891400225911,44281,
2008-03-28,40.14908218383789,40.14908218383789,38.88531033948313,39.76023130547837,47580,
2008-03-31,42.14195251464844,42.190562118038,38.39924297396097,41.75310164627649,29035,
2008-04-01,43.69736862182617,44.28064679871598,42.77384175142381,43.55154722340762,34058,
2008-04-02,45.88466644287109,45.88466644287109,43.745973655798096,44.71810640370472,24913,
2008-04-03,43.60015487670898,47.63450750598061,43.60015487670898,46.662374699736105,32893,
2008-04-04,41.461463928222656,42.822447574765576,41.461463928222656,42.28777529546685,22849,
2008-04-07,40.44072341918945,43.16269825434397,39.41998471020269,41.461465836568586,23913,
2008-04-08,40.82957458496094,42.14195228469215,39.71162046415876,40.82957458496094,20591,
2008-04-09,42.7252311706543,42.87104884469422,39.56580002402923,39.56580002402923,25566,
2008-04-10,42.04474258422852,44.66950182249464,40.97539801342006,43.697369045980686,16395,
2008-04-11,40.87818145751953,43.11408604421578,40.58654237375779,43.11408604421578,26065,
2008-04-15,40.82957458496094,41.26703505433536,39.85744185674758,40.34350822085426,19266,
2008-04-16,42.87105178833008,42.87105178833008,40.58654136265143,40.58654136265143,13525,
2008-04-17,45.058349609375,45.058349609375,45.00974371557041,45.00974371557041,16219,
2008-04-21,47.342864990234375,47.342864990234375,43.94040041384945,46.51654993950565,50820,
2008-04-22,49.72459411621094,49.72459411621094,46.467947016883045,46.56516252174807,28312,
2008-04-23,51.52303314208984,52.25213266768546,49.675979527224186,51.52303314208984,109944,
2008-04-24,49.5301628112793,52.49516686473892,49.14130824003553,51.668855536335954,53224,
2008-04-25,48.50942611694336,51.1341815973375,47.29426016920822,49.5787706675934,30237,
2008-04-28,48.60663604736328,50.4536897005199,47.19704286031134,50.4536897005199,17092,
2008-04-29,49.8218002319336,50.45368796213439,48.12056802889196,48.60663437261814,25126,
2008-04-30,48.55802917480469,51.9604936295783,47.731714153610206,50.55090047092227,22648,
2008-05-02,46.71097946166992,49.53016601453173,46.41934036857201,49.48156011708079,25784,
2008-05-05,46.32212448120117,49.044095290288034,46.22490898649582,49.044095290288034,37135,
2008-05-06,46.80819320678711,47.97474953536139,45.98187814758951,45.98187814758951,31840,
2008-05-07,47.4400749206543,48.12056855093172,45.44720363143552,46.22490904815602,23625,
2008-05-08,45.64163589477539,46.85680189991641,45.00974808874512,45.00974808874512,13024,
2008-05-09,46.12770080566406,49.48155961311174,45.34999532919312,47.14843947530669,32530,
2008-05-12,45.44720458984375,47.63450320646725,42.48220054009919,44.23203869171959,24583,
2008-05-13,46.17630386352539,48.6066356458162,45.69023750706722,45.69023750706722,19196,
2008-05-14,46.8568000793457,47.342866462516525,43.94040178032077,43.94040178032077,10461,
2008-05-15,47.48868179321289,48.46081451125935,46.90540364574182,47.53729139582883,22735,
2008-05-16,50.16204833984375,52.25213523250064,46.66237192855871,47.92614375994541,89462,
2008-05-20,55.21714019775391,55.21714019775391,48.02335997645473,51.47443054349081,270483,
2008-05-21,55.41156768798828,59.44592015213729,54.4880408181767,56.2864886611555,210805,
2008-05-22,55.21714019775391,58.327965781090505,53.46730196599963,53.46730196599963,106981,
2008-05-23,53.22426986694336,57.3558341945143,52.5437761771944,57.3558341945143,58061,
2008-05-26,49.8218002319336,52.39795333703912,47.9261407497231,50.648111532911344,63531,
2008-05-27,49.2871322631836,53.46730243950263,49.092704967179685,52.300742371871394,37442,
2008-05-28,47.82892990112305,52.0090997973636,47.14843626489971,49.57876803113165,59396,
2008-05-29,47.87753677368164,49.57876904482769,47.63450359208935,48.99549089236301,36257,
2008-05-30,45.49581146240234,48.60663697017176,44.3292514334398,48.558031074880006,27804,
2008-06-02,44.8153190612793,46.85680009637397,43.94040179628919,46.27351821132169,37425,
2008-06-03,43.60015487670898,44.232042684124856,40.97539926656271,44.232042684124856,26052,
2008-06-04,42.384986877441406,44.62089519346332,41.89892049715702,42.77384146502578,29958,
2008-06-05,44.86392593383789,45.59302546445242,42.48220005881868,42.7738391293861,36368,
2008-06-06,44.42646789550781,46.17630612268918,43.8431860141859,45.447206552330925,17340,
2008-06-09,42.239166259765625,43.74597119249542,40.829573112995725,43.74597119249542,14964,
2008-06-10,43.21129989624024,44.62089307378173,40.8295740043104,40.8295740043104,27609,
2008-06-11,42.62801742553711,45.69023691489197,42.28777246378299,45.69023691489197,12897,
2008-06-12,46.9054069519043,46.9054069519043,42.09334891671442,43.74597539555842,37260,
2008-06-13,49.43294525146485,51.62024377955429,48.752455342772734,50.550899315845086,149884,
2008-06-16,50.939754486083984,53.95336434449162,49.57876723547878,52.30073802829728,93927,
2008-06-17,52.981231689453125,54.29360933968831,50.16204540060252,51.91188721210533,113676,
2008-06-18,52.15492248535156,56.62673156320957,50.5509019963416,54.29361152617544,98601,
2008-06-19,52.83541488647461,53.46730267416252,50.55090434648093,50.55090434648093,30130,
2008-06-20,49.09270477294922,54.82828958621502,48.314999300402725,54.73107408440158,74955,
2008-06-23,47.97475051879883,52.0091029810604,46.759584561297416,51.32860930318116,46193,
2008-06-24,46.07909393310547,49.09270398127225,45.349994369027165,48.55803170929326,25600,
2008-06-25,46.32212448120117,47.14843579004099,42.28777230653161,42.28777230653161,16335,
2008-06-26,49.238525390625,50.98836360320289,47.78032626207807,48.50942582635153,43975,
2008-06-27,47.68311309814453,48.99549460317506,45.7874533964731,45.7874533964731,30986,
2008-06-30,44.86392593383789,52.009099850503546,44.32924997800698,47.14843631307331,48643,
2008-07-01,43.69736862182617,49.23852613584816,42.14195396946634,45.69024005265725,66553,
2008-07-02,46.46794509887695,47.05122697881463,43.25990773859236,43.25990773859236,50629,
2008-07-03,45.8360595703125,46.90540408686344,43.940400010615775,45.00974452716672,16860,
2008-07-04,46.8568000793457,48.60663831708222,44.766713148354285,45.69024001805729,46927,
2008-07-07,47.48868179321289,50.30786815890444,46.8567977515179,47.82893046956436,18000,
2008-07-08,47.585899353027344,48.60663800954945,46.759584281829696,48.41221071583281,21385,
2008-07-09,48.89827728271485,50.45369192999726,47.97475041532719,48.606638195221954,27192,
2008-07-10,48.12057113647461,49.33573707426437,47.29425978213443,48.60663751159052,14874,
2008-07-11,49.238525390625,53.46730138005425,47.63450486586651,50.35647583080903,68960,
2008-07-14,50.50229644775391,52.44656192248251,48.70384865859469,48.70384865859469,65157,
2008-07-15,49.238525390625,51.280002687233846,48.50942582635153,49.57877037059576,43691,
2008-07-16,46.22490692138672,51.4258188414249,45.15556248614465,51.4258188414249,25230,
2008-07-17,47.099830627441406,50.45368922476237,46.17630380957158,50.45368922476237,26814,
2008-07-18,45.73884582519531,47.683111354074114,44.815318957299446,45.93327311976164,24643,
2008-07-21,45.88466644287109,48.75245879087407,45.44720596463468,46.17630552556465,27566,
2008-07-22,47.82892990112305,48.80106260761583,45.933270381783736,47.6345026181461,25585,
2008-07-23,51.13418197631836,54.29361346384582,48.41221097489621,51.52303656583246,180687,
2008-07-24,49.96762466430664,51.7660687623653,48.84967052223204,51.62024736700178,51435,
2008-07-25,48.21778106689453,49.28712927590709,47.63450292262733,48.12056927898067,25456,
2008-07-28,49.96762466430664,51.42582378437327,48.12057096219873,48.12057096219873,26656,
2008-07-29,50.21065902709961,52.4951695520253,48.99549306524717,48.99549306524717,38483,
2008-07-30,52.68959426879883,53.46729970464249,49.578768817032135,51.52303426083731,63965,
2008-07-31,51.47442626953125,53.4672975265705,50.64811126454003,53.4672975265705,35987,
2008-08-01,51.23139953613281,51.766071836901205,50.30787263022793,51.42582683870105,24996,
2008-08-04,55.022708892822266,57.84189518343909,51.03696633832861,53.467298068725206,148396,
2008-08-05,53.175662994384766,56.38370037764108,52.00910293454824,54.43943484737759,58278,
2008-08-06,52.49516677856445,54.43943221480758,52.00910041950368,54.43943221480758,32010,
2008-08-07,52.39795684814453,53.41869549668923,51.03696951115682,53.37008960073799,21448,
2008-08-08,51.96049499511719,53.71033316188012,51.52303452632844,51.91188910045,14668,
2008-08-11,51.911888122558594,53.61312036260735,51.52303355576209,52.49516626436137,23238,
2008-08-12,50.16204833984375,52.49516841962854,49.57877017409362,50.79393610973317,27760,
2008-08-13,54.73107147216797,56.28648605141552,49.28712971578162,50.84254058663714,232195,
2008-08-14,53.904762268066406,57.841899203247685,53.46730178451467,54.92550092409234,106104,
2008-08-18,53.61312103271485,55.65459826293286,52.835411889401286,52.835411889401286,61664,
2008-08-19,52.34934997558594,54.29361558223191,52.00910497777983,54.29361558223191,28409,
2008-08-20,52.44655990600586,53.3700867126724,52.00909944933308,52.00909944933308,31120,
2008-08-21,50.550899505615234,52.98123121261597,50.06483316421509,52.98123121261597,36749,
2008-08-22,50.8425407409668,51.96049485730721,50.405080273338285,50.64811345442168,15874,
2008-08-25,50.939754486083984,56.77255063143443,50.55089992637052,50.55089992637052,24377,
2008-08-26,50.21065902709961,52.397957758434,49.72459264235863,52.397957758434,20599,
2008-08-27,49.96762466430664,52.397956531084354,49.82180326894313,50.599508724633566,25662,
2008-08-28,49.09270477294922,50.5995098213316,48.60663838905863,50.550903924620975,38769,
2008-08-29,49.04409790039063,50.55090291879156,48.21778283918279,50.55090291879156,50232,
2008-09-01,48.99549102783203,50.06483554643796,48.60663645285239,48.75245784556777,9886,
2008-09-02,51.57164001464844,52.44656094533219,47.78032463460025,49.04409642794965,81364,
2008-09-04,52.057708740234375,55.21714022139621,49.578770935155056,52.20353013810641,104418,
2008-09-05,50.89114761352539,51.328608089560966,50.113442160791095,51.08557490380699,10789,
2008-09-08,51.03696823120117,52.59237911298572,50.74532915441557,52.4951673235212,34865,
2008-09-09,50.21065902709961,51.182791796581554,49.67598303717076,51.182791796581554,14987,
2008-09-10,48.70384979248047,50.0648371398328,48.26639301719568,49.7731980535122,11655,
2008-09-11,47.92614364624024,50.01623053393837,46.75958360911552,48.606637310262336,27746,
2008-09-12,47.29425811767578,50.25926215985499,47.14843672691614,50.25926215985499,13979,
2008-09-15,42.09334564208984,48.60663554707649,40.92678564728161,48.60663554707649,35748,
2008-09-16,41.75310134887695,43.21130043876747,40.00326318268674,40.82957451693454,27246,
2008-09-17,41.121212005615234,43.74597100775917,40.82957294057522,43.74597100775917,28710,
2008-09-18,38.7880973815918,39.22555414305373,35.48284461868612,35.48284461868612,21330,
2008-09-19,43.69736862182617,46.17630643619616,39.46858886000236,42.287775367884905,54987,
2008-09-22,41.121212005615234,45.10695825580177,40.39211248881925,44.23203735228982,29130,
2008-09-23,39.32277297973633,41.07261129933113,38.98252427056443,40.68375669124679,11741,
2008-09-24,40.58654022216797,41.07260657213405,38.98251978392311,38.98251978392311,9573,
2008-09-25,38.88531112670898,39.85744390487671,38.107605645853255,39.85744390487671,17848,
2008-09-26,36.1147346496582,40.780971302279774,35.19120775702453,40.73236540443428,25373,
2008-09-29,35.3856315612793,37.52432052235228,34.1218560917828,35.191204280711226,18066,
2008-09-30,33.538578033447266,35.23981025253517,31.205458078198507,34.316283449066205,24395,
2008-10-01,34.41349792480469,35.87169692656096,33.5871829321077,34.996776042150465,28411,
2008-10-03,33.7816162109375,34.99678226169065,33.441371200083616,34.26768263123876,10989,
2008-10-06,28.04602813720703,33.052511059151016,27.55996179810187,33.052511059151016,26738,
2008-10-07,26.49061584472656,29.65004709226276,25.761516326064363,29.16398074648796,18720,
2008-10-08,23.96307182312012,26.247584147541662,21.48413406197517,26.247584147541662,34729,
2008-10-10,20.512001037597656,21.87298649298887,19.63708194871731,20.268967854342225,27110,
2008-10-13,22.60208511352539,22.60208511352539,20.9008529006794,20.9008529006794,8105,
2008-10-14,24.886598587036133,24.886598587036133,23.91446584421594,24.011679489337173,5359,
2008-10-15,25.226844787597656,25.761517041112143,23.91446524673953,24.303317963313344,16647,
2008-10-16,24.060285568237305,24.49774604752005,22.84511963044754,22.84511963044754,34652,
2008-10-17,21.92159080505371,24.69216926494772,21.678557639347147,23.62282296499966,8832,
2008-10-20,22.067413330078125,22.69929922278341,20.512000618206343,20.512000618206343,14679,
2008-10-21,21.678560256958008,22.845120334885955,21.386921164574083,21.87298755467804,17149,
2008-10-22,20.609214782714844,21.970200244774265,19.928721124587103,20.99806750698953,11652,
2008-10-23,20.41478729248047,21.8729863848005,19.24822727694603,20.41478729248047,8454,
2008-10-24,18.37330818176269,20.41478728066878,18.37330818176269,20.41478728066878,13404,
2008-10-27,16.574861526489258,17.498388318300144,16.574861526489258,16.574861526489258,5824,
2008-10-29,19.73429298400879,19.977326157970456,19.005193462123795,19.44265391693318,7271,
2008-10-31,19.199621200561523,21.14388663859307,18.76216073532602,21.14388663859307,8615,
2008-11-03,20.512001037597656,21.14388694322257,19.49126055540722,19.49126055540722,19353,
2008-11-04,21.775774002075195,22.261840394327752,20.41478847460727,20.41478847460727,14136,
2008-11-05,20.99806785583496,23.2825801984214,19.734294163201827,22.35905334050473,18054,
2008-11-06,20.41478729248047,21.38692002069382,20.02593457203433,21.19249273337274,8752,
2008-11-07,19.782899856567383,21.19249109069879,19.49125894819145,19.49125894819145,3540,
2008-11-10,20.803640365600582,20.803640365600582,20.366181743006173,20.366181743006173,10248,
2008-11-11,20.074541091918945,21.2897070400278,19.78290200605126,21.24110114378188,14898,
2008-11-12,19.10240936279297,20.852249534880045,19.10240936279297,20.852249534880045,8855,
2008-11-14,18.276094436645508,18.95658808389981,18.1788826477772,18.95658808389981,5693,
2008-11-17,17.498390197753906,18.227489789326984,17.40117654803827,17.98445659213596,4811,
2008-11-18,16.623470306396484,17.984455778234476,16.623470306396484,17.49838940584976,14451,
2008-11-19,15.845762252807615,17.30396130137995,15.797156359533597,16.62346952456378,7480,
2008-11-20,15.213876724243164,16.040189908553295,15.068057186822791,16.040189908553295,7602,
2008-11-21,14.484777450561523,15.068057465215528,14.338957910447036,14.581991095369863,14694,
2008-11-24,14.484777450561523,15.213877005330016,14.144531547928375,14.581991095369863,11667,
2008-11-25,14.727810859680176,15.019450871446702,14.290351305579405,14.970844048302608,7710,
2008-11-26,14.922237396240234,14.970843289823732,14.241743760895345,14.970843289823732,3314,
2008-11-27,14.922237396240234,14.922237396240234,14.922237396240234,14.922237396240234,0,
2008-11-28,14.776416778564451,15.01944995231419,14.290350431064978,14.58199042498426,5661,
2008-12-01,14.825023651123049,14.970843185048995,14.679204117197097,14.679204117197097,1470,
2008-12-02,14.33895778656006,14.727810508237734,14.14453142572122,14.58199096938311,15476,
2008-12-03,14.630598068237305,15.068057620177695,14.581991245333253,14.581991245333253,5861,
2008-12-04,14.727810859680176,15.359697706357323,14.581991317345931,14.825024505968363,5470,
2008-12-05,15.019450187683104,15.5055165427997,14.825023831056068,15.408303828035178,17513,
2008-12-08,15.554122924804688,15.79715609550476,15.16527022252376,15.79715609550476,8768,
2008-12-10,15.94297695159912,16.234617893185774,15.311091026122186,15.84576330440357,5806,
2008-12-11,16.28322410583496,16.429043652361422,16.088796807668928,16.380437754917978,7506,
2008-12-12,16.574861526489258,16.963716083586018,15.748550228148508,16.040189291775132,12466,
2008-12-15,17.40117645263672,17.40117645263672,16.76929051424358,16.963717812608916,5901,
2008-12-16,18.0816707611084,18.22749031277133,17.74142390443076,18.0816707611084,9050,
2008-12-17,17.790027618408203,19.005193489998817,17.4011749103384,18.47052124817733,18468,
2008-12-18,17.0123233795166,18.17888343864761,16.915109732223,17.303962467201305,6462,
2008-12-19,17.83863639831543,17.887242294314046,16.526256810195946,16.574862706194562,10530,
2008-12-22,18.470521926879883,18.713555110128304,17.59560283802478,18.713555110128304,21254,
2008-12-23,17.644208908081055,18.033061634297937,17.54699526297782,18.033061634297937,2250,
2008-12-24,17.060928344726562,18.42191562414985,16.76928927296214,18.42191562414985,4972,
2008-12-26,16.963716506958008,17.74142193216922,16.234616975498998,17.49838875501622,2587,
2008-12-29,16.817895889282227,17.012323181607602,16.13740407453557,16.13740407453557,4038,
2008-12-30,17.0123233795166,17.546995658337256,16.623470644538298,17.546995658337256,4707,
2008-12-31,16.866504669189453,17.790029728627513,16.623471466043195,17.790029728627513,6640,
2009-01-02,17.74142074584961,18.664947498955744,17.498387584947558,18.664947498955744,21884,
2009-01-05,17.546995162963867,18.37330836033748,17.109536543786813,18.37330836033748,18353,
2009-01-06,18.32470321655273,18.42191686508805,17.498389985296722,17.498389985296722,28525,
2009-01-07,17.498390197753906,19.685688972473145,16.915110153656215,18.6163425339934,26654,
2009-01-09,17.15814208984375,17.206749838227314,16.040189835765933,16.915108910513965,7174,
2009-01-12,16.963716506958008,17.887241467621823,16.67207558185681,17.595602396716618,6581,
2009-01-13,16.963716506958008,17.401175113315816,16.57486194015641,16.57486194015641,1744,
2009-01-14,16.963716506958008,17.692816038417018,16.817895117309412,16.86650286525761,2618,
2009-01-15,16.040189743041992,17.498388810591265,15.456909745183085,15.797156565117112,7811,
2009-01-16,15.651337623596191,16.817895809420683,15.554123977895133,15.554123977895133,6902,
2009-01-19,16.088796615600586,16.477651207290503,15.651337981243596,15.651337981243596,1244,
2009-01-20,16.38043785095215,16.72068469763942,15.94297735461192,16.3318300990276,3325,
2009-01-21,15.845762252807615,16.47764999054574,15.55412318477154,15.602729078045565,4741,
2009-01-22,14.873631477355955,15.651337874118644,14.29035144800943,15.602730123392044,11243,
2009-01-23,14.727810859680176,16.040190449080526,14.533384494201838,16.040190449080526,7095,
2009-01-27,15.213876724243164,16.040189908553295,15.019450365316665,15.991584014145175,9876,
2009-01-28,15.748552322387695,15.942977772594784,15.11666543727322,15.554125017984411,3169,
2009-01-29,15.554122924804688,15.845761987966398,15.359696573664223,15.359696573664223,6472,
2009-01-30,15.797157287597656,15.942976830182417,15.165271366932966,15.165271366932966,8326,
2009-02-02,15.311089515686035,16.04018901643299,14.72780954424929,14.72780954424929,4408,
2009-02-03,15.456910133361816,15.651337422262888,15.068057409755715,15.554123777812352,9048,
2009-02-04,15.651337623596191,16.137403997905412,15.262483967889992,15.262483967889992,4538,
2009-02-05,17.15814208984375,17.255355732414866,15.262483476491012,15.55412347710636,30547,
2009-02-06,18.907983779907227,18.907983779907227,17.01232407038577,17.498390472396792,42834,
2009-02-09,20.65782165527344,20.803641202000847,18.17888379831908,18.51912878928432,120746,
2009-02-10,21.24110221862793,21.727168622467488,20.02593620902904,21.43552766764604,103432,
2009-02-11,21.58134651184082,22.16462464389385,20.220359259194527,21.24109969867925,40110,
2009-02-12,20.560606002807617,21.970199143624907,20.512000110032933,21.386919159348924,16946,
2009-02-13,19.539867401123047,21.19249185833097,19.539867401123047,21.19249185833097,22777,
2009-02-16,18.56773567199707,18.956588396470067,18.56773567199707,18.956588396470067,1620,
2009-02-17,17.74142074584961,18.081667541951653,17.644207110649614,17.644207110649614,13054,
2009-02-18,18.32470321655273,18.37330911372233,17.158143142521173,17.158143142521173,3925,
2009-02-19,18.22748756408692,18.373307093760427,17.64420759119695,18.130273926239266,7804,
2009-02-20,17.498390197753906,17.88724294242032,17.40117654803827,17.498390197753906,6445,
2009-02-24,16.769289016723633,17.741421713345293,16.672075376222274,17.49838853918988,4216,
2009-02-25,16.672075271606445,17.206749363910905,16.526255738867395,16.672075271606445,1750,
2009-02-26,15.894370079040527,17.4011750283537,15.84576233132966,17.255355493613067,9597,
2009-02-27,15.797157287597656,16.429043208262346,15.359697732745328,15.359697732745328,1719,
2009-03-02,15.651337623596191,15.748551269297248,15.165271249286969,15.213877145039463,4377,
2009-03-03,14.873631477355955,15.748551521375749,14.873631477355955,15.068057844772117,10132,
2009-03-04,14.825023651123049,15.213876359657572,14.581990476514472,14.630597296855784,6223,
2009-03-05,15.116663932800291,15.359697112018631,14.581990753100346,15.068057111537025,4953,
2009-03-06,14.387564659118652,15.359697393828046,14.387564659118652,14.581991020640926,18738,
2009-03-09,13.707072257995604,14.581991369315306,13.707072257995604,13.707072257995604,17233,
2009-03-12,14.095925331115724,14.436172175464636,13.755678486766806,14.095925331115724,5846,
2009-03-13,14.630598068237305,14.825024432755471,14.144531693392862,14.581991245333253,19344,
2009-03-16,15.213876724243164,15.359697188761544,14.58199082595754,15.019450365316665,5274,
2009-03-17,15.554122924804688,15.602728817266325,15.213876114985396,15.213876114985396,4852,
2009-03-18,14.970844268798828,16.040190685326483,14.776417900456906,15.99158478856454,39681,
2009-03-19,15.262484550476074,15.55412457161344,14.679205435299412,15.31109137518198,6799,
2009-03-20,15.019450187683104,15.408303828035178,14.873630651987328,15.068057008614364,2799,
2009-03-23,15.165270805358888,15.748550808295,14.38756444381007,15.068057162503532,19750,
2009-03-24,15.019450187683104,15.651337005593474,14.436171117801994,14.67920429536029,17421,
2009-03-25,15.262484550476074,15.55412457161344,14.679205435299412,15.06805817875052,5646,
2009-03-26,15.456910133361816,15.699943317390131,15.116664231980984,15.554123777812352,8011,
2009-03-27,16.234617233276367,16.234617233276367,15.311090403752566,15.554123584764511,23974,
2009-03-30,16.13740348815918,16.477650310267176,15.554123486573472,15.942976202898606,8351,
2009-03-31,16.477651596069336,16.57486339208935,15.55412470030997,16.380437945853167,4338,
2009-04-01,16.574861526489258,17.01232197612514,16.331828355401754,16.526255633950136,8023,
2009-04-02,17.40117645263672,17.40117645263672,16.04019092666777,16.574863215878242,14286,
2009-04-06,18.0816707611084,18.27609621192691,17.012324291919906,17.887243456093692,13950,
2009-04-08,19.00519371032715,19.00519371032715,17.44978286001597,18.37330782061373,14425,
2009-04-09,19.637083053588867,19.97732804593337,18.616342513966927,19.928722148225912,13170,
2009-04-13,20.65782165527344,20.65782165527344,19.88011616992983,20.46339435683947,29692,
2009-04-15,21.7271671295166,21.7271671295166,21.338314404003643,21.338314404003643,8496,
2009-04-16,20.65782165527344,22.84512041877298,20.65782165527344,22.35905402688419,22491,
2009-04-17,19.73429298400879,21.28970566820264,19.637081197780898,20.41478661277984,11832,
2009-04-20,19.928720474243164,20.317573185828223,19.49126001483748,20.317573185828223,5819,
2009-04-21,19.491260528564453,20.268967826428423,19.24822734564372,19.44265463365872,6843,
2009-04-22,19.58847427368164,20.22036018169794,19.345441089506444,19.345441089506444,8648,
2009-04-23,20.463394165039062,20.609215564595846,18.95658910598534,19.05380275429116,10612,
2009-04-24,20.94945907592773,21.33831364174589,19.63708140597741,21.046672717382275,14842,
2009-04-27,20.85224723815918,21.289705842350976,20.4147867797714,20.4147867797714,3867,
2009-04-28,20.31757164001465,21.192490638063923,19.92871895801451,20.268965750088075,33678,
2009-04-29,20.65782165527344,20.90085485121783,19.58847522227888,19.58847522227888,7031,
2009-04-30,20.900854110717773,20.900854110717773,20.900854110717773,20.900854110717773,0,
2009-05-04,21.28970718383789,21.58134812587168,20.51200171347333,20.852248552081363,17452,
2009-05-05,21.24110221862793,21.87298817278012,20.60921626447574,20.60921626447574,8479,
2009-05-06,21.24110221862793,21.67856086956582,20.900855365101,20.900855365101,7222,
2009-05-07,22.2618408203125,22.31044857298556,20.65782206602508,20.70642796450197,17563,
2009-05-08,23.28257942199707,24.0116789631344,22.35905259487805,24.0116789631344,24408,
2009-05-11,21.58134651184082,23.57421778947924,21.435525124631603,22.45626556411632,12463,
2009-05-12,20.70642852783203,21.581349557788045,20.22036211305479,21.38692225019866,13145,
2009-05-13,20.900854110717773,21.72716731849234,20.75503456915663,20.75503456915663,4473,
2009-05-14,20.41478729248047,20.998067300247687,19.92872092837379,20.998067300247687,7867,
2009-05-15,21.14388656616211,21.824380208820443,19.83150702914733,19.83150702914733,12453,
2009-05-18,21.14388656616211,21.14388656616211,21.14388656616211,21.14388656616211,0,
2009-05-19,23.03954696655273,23.282580154578834,20.41478779419242,23.282580154578834,29964,
2009-05-20,25.37266540527344,25.37266540527344,23.720038971696987,24.935204921621995,40059,
2009-05-21,26.83086395263672,27.94881623103907,25.76151756947949,27.268322572431003,43430,
2009-05-22,28.191850662231445,28.191850662231445,25.61569916221159,27.31693152976004,51557,
2009-05-25,29.601442337036133,29.601442337036133,28.872342790352448,29.455620944342574,50387,
2009-05-26,29.74726295471192,31.10824845372308,29.21258882189589,29.74726295471192,50156,
2009-05-27,30.03890037536621,31.25406811735369,29.261194948858066,31.0110330855994,36630,
2009-05-28,30.1361141204834,31.25406822443877,29.30980094311481,31.25406822443877,28018,
2009-05-29,31.64291763305664,31.64291763305664,30.281932267348083,31.59431174128688,41187,
2009-06-01,33.24694061279297,33.24694061279297,31.740135600078776,33.14972511328075,29955,
2009-06-02,34.850955963134766,34.94817145859252,32.17759102651408,33.44136650872107,69552,
2009-06-03,35.92030334472656,36.55218736304681,34.656531599694176,36.55218736304681,62109,
2009-06-04,37.62153625488281,37.71874804158599,35.482843571885304,36.84383083608152,43040,
2009-06-05,35.96891021728516,39.5171960869417,35.774482933891704,39.5171960869417,52806,
2009-06-08,34.170467376708984,35.968911466686464,34.170467376708984,35.045384619782304,13156,
2009-06-09,33.10111618041992,33.92743116268799,32.46923217933564,33.63578839930409,23816,
2009-06-10,32.27480697631836,34.51071148583489,32.080379691057786,33.052512408968624,32060,
2009-06-11,31.594314575195312,32.76087462426557,30.670787715165016,30.670787715165016,24519,
2009-06-12,30.28193473815918,32.08038069332093,30.038901551088568,31.10824794503848,22213,
2009-06-15,29.0667667388916,30.81660667406854,28.96955310012689,29.50422718623482,5588,
2009-06-16,29.40701675415039,29.844477249196373,27.608570730578,27.705784379943346,19986,
2009-06-17,27.99742317199707,29.79586917618004,27.9488172749365,29.163983243412,14185,
2009-06-18,26.87946891784668,28.62930889906715,26.63643574163795,27.219715735378102,8735,
2009-06-19,26.587831497192383,27.36553696761933,25.567090981286395,26.053157363852264,16124,
2009-06-22,27.21971893310547,27.8029989953684,26.442013419552364,26.73365252358573,14268,
2009-06-23,26.00455093383789,26.63643684737231,25.858731392898573,26.247584120135443,11280,
2009-06-24,27.31692886352539,27.31692886352539,25.664302554673824,27.171109331378712,7020,
2009-06-25,27.46274948120117,28.72652128202052,27.073896762041063,28.67791538744901,11206,
2009-06-26,28.04602813720703,28.33766719899176,26.830862289444127,26.830862289444127,11257,
2009-06-29,29.0667667388916,29.40701354747011,28.19184769840109,28.677914038028703,12460,
2009-06-30,27.99742317199707,29.6500496308022,27.754389978301973,29.6500496308022,3421,
2009-07-01,26.83086395263672,27.80299669110764,26.63643666326412,26.63643666326412,6091,
2009-07-02,27.21971893310547,28.19185175214495,25.761519704546245,28.19185175214495,8840,
2009-07-03,27.171112060546875,27.948817546242115,26.73365156597072,26.976684762025,8990,
2009-07-06,26.247583389282227,28.191848825525355,25.90733656710048,28.14324293129768,11127,
2009-07-07,25.81012344360352,27.65717712854362,25.518484363979315,26.97668347049241,2554,
2009-07-08,24.30331802368164,26.150369822642244,23.331185302734376,26.150369822642244,18690,
2009-07-09,24.108890533447266,24.303317817667004,22.990938284673785,23.817251461313663,6279,
2009-07-10,23.185365676879883,23.76864567805973,22.84511885500864,23.671432035497087,18517,
2009-07-13,21.09528160095215,22.84511982455909,20.9494602038215,22.84511982455909,11803,
2009-07-14,23.23397254943848,23.23397254943848,20.755034757781843,20.755034757781843,17395,
2009-07-15,25.56709098815918,25.56709098815918,23.331186369433567,23.331186369433567,11321,
2009-07-16,26.83086395263672,28.14324352041168,26.344797583401256,27.85160258635277,24749,
2009-07-17,27.94881629943848,29.06676858057681,27.70578311422597,28.43488266986349,16888,
2009-07-20,27.94881629943848,28.2890631295752,26.24758400295092,26.24758400295092,17822,
2009-07-21,27.70578384399414,28.19185022722211,26.685045180893848,27.316931108250987,24962,
2009-07-22,26.73365020751953,28.67791567715732,26.344797484431183,28.386276598390065,18516,
2009-07-23,27.46274948120117,28.094635381610843,27.02528901327354,28.094635381610843,15922,
2009-07-24,28.2890625,28.58070157408613,27.219716138024133,27.70578249763171,11913,
2009-07-27,28.532094955444336,29.16398083605296,27.55996226090924,29.16398083605296,16295,
2009-07-28,29.01816368103028,29.990296455241022,28.240456349144,29.990296455241022,13175,
2009-07-29,27.94881629943848,29.552834951001824,27.75438900959005,28.2890631295752,11252,
2009-07-30,28.483488082885746,29.309801269454624,26.879469458484987,28.872342655997706,32346,
2009-07-31,28.191850662231445,29.455622536446125,27.51135697353361,29.455622536446125,16793,
2009-08-03,28.3376693725586,28.67791620686914,27.36553661978337,27.754389350054243,13150,
2009-08-04,28.67791557312012,29.650048304412323,27.90021012976477,28.19184920747401,12934,
2009-08-05,28.386276245117188,28.67791532025493,27.80299624064568,27.80299624064568,5232,
2009-08-06,28.386276245117188,29.163981681615184,27.900209883756933,28.92094850093505,18718,
2009-08-07,27.365535736083984,27.851602096775338,27.21971619871578,27.316929841693256,3927,
2009-08-10,26.636438369750977,27.705784821416827,26.247585620289623,27.55996527214334,3091,
2009-08-11,26.296188354492188,27.122501506541912,26.24758246198171,26.73364880387026,1151,
2009-08-12,26.53922271728516,27.559963193609065,25.22684501860532,25.32405680799195,11265,
2009-08-13,27.900209426879883,27.900209426879883,26.4906162603394,27.219715790440475,39837,
2009-08-14,28.920948028564453,29.30980074046225,28.33766803361976,28.969553922228183,44224,
2009-08-17,28.2890625,30.379147475473363,27.851602034674777,30.379147475473363,18034,
2009-08-18,28.58070182800293,29.1639818355532,27.99742182045265,28.677915471627312,10509,
2009-08-19,27.851600646972656,28.87234106380792,27.46274794950033,28.33766698236204,6486,
2009-08-20,27.802997589111328,29.066769448263432,27.36553710099154,29.066769448263432,10344,
2009-08-21,29.212589263916016,29.212589263916016,28.920950171927963,28.920950171927963,15548,
2009-08-24,30.670785903930664,30.670785903930664,30.13611366129574,30.62218001067148,13059,
2009-08-25,31.15685272216797,32.22620093192177,30.719394113664325,32.22620093192177,65372,
2009-08-26,31.83734703063965,32.17759200409881,30.96242794109487,31.788741135630065,40602,
2009-08-27,30.62217903137207,31.59431169903468,30.62217903137207,31.59431169903468,25415,
2009-08-28,31.4484920501709,32.08037980236212,30.622180720436567,31.39988615578512,18689,
2009-08-31,31.64291763305664,31.98316629222868,30.087506846073097,31.25406679050667,23836,
2009-09-01,32.27480697631836,33.2469396942292,31.156852867364083,31.156852867364083,42294,
2009-09-02,30.96242904663086,31.98316956604276,30.719395854513184,30.719395854513184,13707,
2009-09-03,30.330541610717773,31.4484920138683,29.941687039296355,31.399886119538632,21237,
2009-09-04,30.087507247924805,31.01103218325648,29.941685862276064,30.13611314034376,19155,
2009-09-07,32.90669250488281,33.05251390251549,30.62218199791876,31.10824837883811,44827,
2009-09-08,32.7608757019043,34.21907488411019,32.32341520556407,33.05251479666702,53162,
2009-09-09,33.58718490600586,34.36489034430277,33.05251264895124,33.92743358478029,67584,
2009-09-10,33.24694061279297,34.99677881169952,32.858086031528345,34.41350064819471,55414,
2009-09-11,32.51784133911133,34.07325226101284,32.3234140467756,33.5385799883837,25104,
2009-09-14,31.54570770263672,32.566446323331384,31.20545902347713,32.08037996029658,13864,
2009-09-15,31.594314575195312,32.46923553909605,30.76800136162021,30.76800136162021,13475,
2009-09-16,33.58718490600586,34.46210584183492,32.46923449732656,32.46923449732656,72946,
2009-09-17,33.34415054321289,34.5107105135172,32.9552996920394,34.170465555191406,44750,
2009-09-18,33.00390625,33.92743306628534,31.642918972485614,33.05251214382723,34726,
2009-09-22,32.809478759765625,33.8788232508012,32.71226697272311,32.71226697272311,14427,
2009-09-23,32.12898635864258,33.29554638989393,32.12898635864258,33.29554638989393,16012,
2009-09-24,31.98316764831543,32.27480671969136,31.594313080886188,32.080379435976745,10385,
2009-09-25,32.420623779296875,33.003905619252336,31.740133861936723,32.56644516638372,27661,
2009-09-29,32.22620391845703,33.14972711504165,32.12898841307441,33.14972711504165,6259,
2009-09-30,32.51784133911133,33.295546800062084,32.226202254803816,32.2748081507897,12801,
2009-10-01,32.03177261352539,32.566444846946126,31.205457608791622,32.177590290790015,24586,
2009-10-05,30.86521339416504,32.08037927582508,30.476360682873025,32.08037927582508,14725,
2009-10-06,30.670785903930664,31.10824636004721,29.84447459334869,30.670785903930664,10663,
2009-10-07,30.91382026672364,33.44136760565339,30.816608476469145,33.44136760565339,14247,
2009-10-08,31.20545959472656,31.49710238459992,30.91382051324533,31.10824780369686,15196,
2009-10-09,29.84447479248047,31.59431292023021,29.21258705071908,31.10824656761128,12026,
2009-10-12,29.74726295471192,30.622182071633656,29.163982925365385,29.69865520398531,8798,
2009-10-13,29.698654174804688,29.698654174804688,29.698654174804688,29.698654174804688,0,
2009-10-14,32.7608757019043,32.7608757019043,29.601444140458185,31.011035570739534,74576,
2009-10-15,31.691524505615234,33.53857811716364,30.670785913292992,33.53857811716364,31701,
2009-10-16,31.4484920501709,32.4206247714546,30.816608006371712,30.816608006371712,20389,
2009-10-20,31.49710464477539,32.566449256404866,31.108250035968823,32.566449256404866,19083,
2009-10-21,30.233327865600582,32.469234226926915,30.13611422307405,31.351280119165747,19333,
2009-10-22,30.233327865600582,30.816607866563803,29.65004786463737,29.698653758802635,12308,
2009-10-23,30.28193473815918,31.98316890184954,29.795868364017952,31.98316890184954,14637,
2009-10-26,28.43488121032715,30.37914659222986,28.19184803758931,29.650047074016346,14974,
2009-10-27,28.14324378967285,29.11537653744468,27.073897396284625,28.28906333099941,18953,
2009-10-28,27.851600646972656,28.434880620279102,26.39340164080449,27.219714781805635,8562,
2009-10-29,27.55996322631836,27.80299640846544,26.539222748783,27.6571768700164,9853,
2009-10-30,27.41414451599121,29.16398273863061,27.219717222721904,27.80299724833373,9668,
2009-11-03,25.03241920471192,28.191850754821186,24.789386008549663,28.191850754821186,16399,
2009-11-04,26.00455093383789,26.97668367902809,24.98381229306661,25.178237729587007,18497,
2009-11-05,26.442012786865234,27.17111238369943,24.35192579258361,26.733651883920448,5945,
2009-11-06,27.70578384399414,28.33766977135128,26.49061788592422,28.33766977135128,7304,
2009-11-09,28.386276245117188,29.163981681615184,27.21971623617417,28.19184895889468,10566,
2009-11-10,28.094635009765625,29.893080898048385,27.85160183173271,29.06676772189728,16559,
2009-11-11,33.733009338378906,33.733009338378906,27.511357854477783,29.261198029648547,289807,
2009-11-12,34.21907424926758,36.84383347022133,33.7330078642166,34.850958324798526,657396,
2009-11-13,32.27480697631836,34.51071148583489,31.69152512053664,34.26767830635718,139256,
2009-11-16,33.733009338378906,35.48284765935348,32.9066942226462,32.9066942226462,102757,
2009-11-17,32.90669250488281,34.65653444290621,32.712268919228826,34.60792483810052,26308,
2009-11-18,33.14972305297852,34.36488890841603,32.566444925725264,34.26767712333778,50890,
2009-11-19,32.080379486083984,33.63579034144641,31.10824677438447,31.399885846215923,28399,
2009-11-20,32.809478759765625,33.24693921824089,31.35127970377604,33.05251193576389,54524,
2009-11-23,32.080379486083984,32.95530040997035,31.78874041425253,32.080379486083984,26786,
2009-11-24,31.15685272216797,32.566445898248155,30.719394113664325,32.566445898248155,16445,
2009-11-25,31.059642791748047,32.27480875614827,30.91382139266313,31.983169666370657,15238,
2009-11-26,30.1361141204834,32.46923411639375,29.747261405897007,32.46923411639375,40813,
2009-11-27,30.28193473815918,30.62218157089725,27.802996971717352,30.136115196756027,34471,
2009-11-30,33.927433013916016,34.41349936822202,30.62218032127838,34.02464480142042,78940,
2009-12-01,32.809478759765625,34.85095595479425,32.61505147728862,34.85095595479425,53760,
2009-12-02,33.7816162109375,36.45498152259442,32.80948337033498,33.052516580485616,355879,
2009-12-03,33.68440246582031,35.19120754009621,33.14972646763882,33.5385810647904,148896,
2009-12-04,33.10111618041992,33.87882156319615,32.566443961535754,33.73300388989598,23238,
2009-12-07,34.753746032714844,37.913177490234375,34.51071284367488,34.99677922175481,159749,
2009-12-08,34.899566650390625,35.77448388636736,31.497102079788448,35.77448388636736,57492,
2009-12-09,36.26055145263672,37.086866529285125,34.1218586244303,34.99677959773045,127016,
2009-12-10,36.84383392333984,37.86457260282187,35.968912936131105,36.9410457181887,215812,
2009-12-11,36.1633415222168,36.84383523557207,35.19120870553566,36.406374726387085,72896,
2009-12-14,35.87169647216797,36.94104090988693,35.04538148993806,35.77448098158057,34109,
2009-12-15,35.093990325927734,36.74661672067496,34.607923957378084,35.968911272673935,51301,
2009-12-16,33.87882614135742,34.99678032969056,33.538581149286784,34.99678032969056,33731,
2009-12-17,33.83021926879883,34.46210704545484,32.61505332014663,33.63579197533604,28761,
2009-12-18,33.14972305297852,34.17046533825954,32.85808398935189,33.92743216717204,20567,
2009-12-21,33.68440246582031,34.21907475560953,32.663660075395484,33.05251467254706,18767,
2009-12-22,35.093990325927734,35.58005669447738,33.68440082384743,34.02464579847535,39775,
2009-12-23,36.552188873291016,37.18407662611116,34.51071163992016,34.51071163992016,145421,
2009-12-24,35.82309341430664,36.55219303908948,35.23981519783735,36.55219303908948,52255,
2009-12-29,36.30915451049805,37.76735354639583,35.53144909969761,35.920303659293786,108964,
2009-12-30,36.6980094909668,37.91317536815113,36.21194314009306,36.45497631552993,70165,
2009-12-31,38.05899810791016,39.27416402823434,36.84383218758597,37.18407716191991,206826,
2010-01-04,38.7880973815918,39.80883600565641,37.67014325956404,37.67014325956404,103564,
2010-01-05,39.85744094848633,40.683752265281086,38.98252002967496,39.85744094848633,129273,
2010-01-06,38.64227294921875,40.73235963611811,37.96177935057303,40.440716873561534,50457,
2010-01-07,37.767356872558594,39.3227715395364,37.32990008997607,39.3227715395364,52609,
2010-01-08,37.23268508911133,39.2741661717096,36.94104599399509,38.15621198063967,45038,
2010-01-11,41.26703643798828,43.06548056212665,38.7880986396057,38.7880986396057,453669,
2010-01-12,41.16981887817383,43.01687251470437,40.39211345009486,42.044739802507664,201654,
2010-01-13,39.808837890625,41.80170933833216,39.27416560588292,41.80170933833216,78432,
2010-01-14,41.31564331054688,41.80170970243566,39.80883823737009,41.26703741303645,167117,
2010-01-15,40.73236083984375,41.801705306179976,40.44071806866853,41.4128507502076,49756,
2010-01-18,40.87818145751953,41.99613560506373,39.03113145476704,39.07973735066197,114075,
2010-01-19,39.12834167480469,40.82957392153533,38.933914390642784,40.14908028116467,39498,
2010-01-20,41.16981887817383,43.25990569275356,38.39924213177001,38.39924213177001,199059,
2010-01-21,39.808837890625,43.162696707123125,39.07973830914246,40.82957656302211,280975,
2010-01-22,38.982521057128906,39.85744199900038,37.475716064698766,38.982521057128906,64281,
2010-01-25,37.9617805480957,39.66301274418033,37.71874737722647,39.27416189582469,50364,
2010-01-27,35.093990325927734,38.30203132506909,34.413500376671905,36.16333856177221,77829,
2010-01-28,35.580055236816406,35.871698012711704,34.17046579248485,35.434237557260694,42118,
2010-01-29,34.55931854248047,35.434239501385655,32.85808622891428,34.996779021933065,54885,
2010-02-01,35.3370246887207,35.87170067867087,33.246941459286525,33.246941459286525,21040,
2010-02-02,35.580055236816406,36.69800932203655,35.288416169313045,36.11473118702983,27622,
2010-02-03,37.57292938232422,38.10760161204124,35.96890898478128,36.94104166004564,38682,
2010-02-04,36.552188873291016,38.39924252892525,36.26054979829404,36.9896493399825,30707,
2010-02-05,34.46210479736328,36.55218786766585,33.19833303488397,33.19833303488397,26185,
2010-02-08,34.0246467590332,35.77448499353361,32.858086699902195,34.75374633244106,27865,
2010-02-09,34.94817352294922,35.1912067133614,33.53858027688017,33.78161346729234,13189,
2010-02-10,34.3162841796875,36.06612232918357,34.17046649712484,35.239811002819096,36747,
2010-02-11,34.46210479736328,35.23981021208963,34.17046573038989,34.99677703821315,12902,
2010-02-15,33.87882614135742,34.99678032969056,33.538581149286784,34.99678032969056,12159,
2010-02-16,34.121856689453125,34.51071125740035,33.7816117237933,33.8302176176887,15332,
2010-02-17,34.80235290527344,35.19120750200411,34.51071381192157,34.7051411102869,8051,
2010-02-18,34.0246467590332,35.48284590584891,33.58718627331005,34.510713141305104,4488,
2010-02-19,33.14972305297852,34.36488890841603,33.101117160439394,33.53857761007528,12115,
2010-02-22,32.17759323120117,34.6079251582826,31.83734824476666,33.14972600203374,20132,
2010-02-23,31.10824584960937,32.71226625958661,30.91381857137094,31.59431219100952,14734,
2010-02-24,30.71939468383789,31.10824740556829,30.330541962107496,30.330541962107496,7950,
2010-02-25,30.379148483276367,31.98316900655022,30.18472119130497,31.98316900655022,12368,
2010-02-26,31.88595390319824,33.441368549934865,30.13611567046272,30.281935214158,16959,
2010-03-02,33.34415054321289,33.83021688847369,33.05251147773479,33.34415054321289,23660,
2010-03-03,33.58718490600586,33.92743358478029,31.88595263730984,32.85808536227899,8421,
2010-03-04,36.89244079589844,37.32990130106568,32.17759445326178,32.17759445326178,74892,
2010-03-05,35.87169647216797,38.885306220933614,35.23980876272108,37.718746292627245,55933,
2010-03-08,36.45497512817383,37.42710779825846,33.052510782877604,33.052510782877604,16719,
2010-03-09,35.628665924072266,36.69801044030036,34.996778168233455,34.996778168233455,4954,
2010-03-10,34.65653610229492,37.2326858194807,33.24694278845768,36.21194711235455,6014,
2010-03-11,37.32989883422852,39.27416432125308,34.316285104305166,34.51071239468605,276705,
2010-03-12,36.60079956054688,38.88531004216735,36.16333908089406,38.05899868712815,60473,
2010-03-15,36.84383392333984,38.78809948745504,36.163340234221074,37.57293350988304,55599,
2010-03-16,36.64940643310547,37.5729333128968,36.11473414745541,36.55219093037403,19013,
2010-03-17,36.50358200073242,38.39924150000605,36.163337040418256,37.42710880380336,35437,
2010-03-18,35.82309341430664,36.60080264745564,35.580060206045694,36.017520722593886,26908,
2010-03-19,35.77448654174805,36.35776845075237,35.045386936786905,35.045386936786905,14045,
2010-03-22,34.850955963134766,36.35776462139819,34.267677823956134,35.239810528181835,20174,
2010-03-23,34.94817352294922,35.96891218100192,34.75374622894104,35.482845800177564,30358,
2010-03-25,35.48284149169922,35.968907813503314,34.413497067086894,34.413497067086894,39310,
2010-03-26,35.19120407104492,38.10760213701453,35.19120407104492,38.10760213701453,18819,
2010-03-29,35.48284149169922,36.94104045711151,35.04538106039718,36.94104045711151,47318,
2010-03-30,36.1147346496582,36.5035855408145,35.48284685248982,35.48284685248982,21582,
2010-03-31,37.52431869506836,38.8853058843783,35.96890794304993,37.28128553329099,112222,
2010-04-01,39.22555541992188,39.85744319787928,37.62153858943278,38.10760496989472,168678,
2010-04-05,39.17694854736328,40.2462967827694,38.54506449354302,40.2462967827694,64096,
2010-04-06,38.59366989135742,39.85744169110427,38.54506399682717,39.85744169110427,39495,
2010-04-07,38.10760498046875,39.46858862110452,37.91317768655159,38.78809865498273,46509,
2010-04-08,36.98965072631836,38.73948895027446,36.64940574413518,37.91317758874836,18338,
2010-04-09,37.37850570678711,38.25342297378293,37.13547251455624,38.25342297378293,16388,
2010-04-12,38.20481872558594,39.371378840310655,37.62154052241976,38.64227923215675,28471,
2010-04-13,37.767356872558594,38.30203286619011,37.57293328402958,37.9131782723476,6556,
2010-04-15,37.28129196166992,38.39924618197032,37.08686836543715,37.913179774603606,20788,
2010-04-16,37.13547134399414,38.64227634665052,36.64940497485388,36.94104405465962,36565,
2010-04-19,35.96891021728516,37.13547020925388,35.48284386299752,36.06612200478589,10175,
2010-04-20,39.90604782104492,41.55867420356693,35.72587782411894,35.96891100659594,369168,
2010-04-21,37.81596755981445,40.6837563649656,37.57293435880894,40.6837563649656,69797,
2010-04-22,39.37137985229492,41.267039623898725,37.76735918977037,38.35064111632133,197719,
2010-04-23,39.031131744384766,40.53793677866133,38.59367126130004,40.53793677866133,58433,
2010-04-26,40.00326156616211,40.829572867018825,38.98251927777312,38.98251927777312,77671,
2010-04-27,40.73236083984375,41.4128507502076,39.80883405070326,40.00326132868945,98225,
2010-04-28,39.031131744384766,40.82957586458709,38.9339162434814,39.12834353689596,39605,
2010-04-29,39.760231018066406,40.34350918558548,38.885310058395646,38.885310058395646,19729,
2010-04-30,41.80170822143555,43.308513241227466,39.37137634809627,40.34350909743198,523636,
2010-05-03,43.4543342590332,44.96113926571943,41.41285327814905,41.41285327814905,682894,
2010-05-04,40.39211654663086,44.183435898204536,39.85744425561208,43.94040270152397,124007,
2010-05-05,39.27416610717773,40.53793798953311,38.20481781565219,39.07973880795561,102533,
2010-05-06,42.48220443725586,44.2320427493998,38.399245903325095,38.885312307164654,688452,
2010-05-07,38.88531112670898,42.19056405583615,38.39924473762512,40.9267884775043,139498,
2010-05-10,39.808837890625,41.12121565393667,38.05899963674536,39.56580469679749,75876,
2010-05-11,39.22555541992188,41.024003252666375,38.98252222969091,39.85744319787928,62106,
2010-05-12,39.22555541992188,41.024003252666375,38.39924405649345,39.80883730151152,171597,
2010-05-13,38.93391799926758,40.05187220552309,38.885312100820016,39.12834530145015,54374,
2010-05-14,37.52431869506836,39.56579947903327,36.94104059015938,39.37137220793303,64450,
2010-05-17,37.28129196166992,37.86457387554541,36.11473555070372,37.13547426449534,41017,
2010-05-18,37.03825759887695,38.3992449802687,36.16334031803277,37.03825759887695,37800,
2010-05-19,35.92030334472656,37.67014143080155,35.53144878853573,36.94104191923765,28303,
2010-05-20,36.406368255615234,37.03825224911314,35.968907824183304,36.454974146131725,40538,
2010-05-21,35.093990325927734,35.968911272673935,34.51071216702499,35.48284490412429,30476,
2010-05-24,35.3370246887207,37.32989983295192,34.850958303960354,35.96891247226605,24553,
2010-05-25,32.85808563232422,34.996778386511686,32.56644655411504,34.89956659657265,32534,
2010-05-26,33.392757415771484,33.92743337795877,32.76087337342872,32.80947926770247,29400,
2010-05-27,33.392757415771484,33.53857880698475,32.76087337342872,33.05251244746323,13790,
2010-05-28,35.093990325927734,35.82308987875221,33.1011189565526,33.1011189565526,34399,
2010-05-31,35.28841781616211,36.84383242942175,34.996778735048466,36.795222825576055,16901,
2010-06-01,34.26768112182617,35.677274420288974,33.9274361259593,35.288419817819126,25722,
2010-06-02,33.87882614135742,34.607925731559305,33.441369353950115,34.024647542754714,15737,
2010-06-03,34.94817352294922,35.434239903773566,34.51071303852886,34.51071303852886,21369,
2010-06-04,34.753746032714844,36.357766563735474,34.51071284367488,35.23981241079477,24873,
2010-06-07,35.23981094360352,35.48284412252492,33.05251233331089,33.29554551223229,24972,
2010-06-08,34.80235290527344,35.628667996228046,34.07325331769763,34.99678020363877,18525,
2010-06-09,34.753746032714844,35.968911977914665,34.21907375850535,35.434239703705174,12266,
2010-06-10,41.70449447631836,41.70449447631836,34.607922771874726,34.607922771874726,1065488,
2010-06-11,39.51719284057617,44.62088914132408,39.22555008524866,44.62088914132408,591203,
2010-06-14,41.94752883911133,42.96826746530179,38.885309252147856,40.6351474268161,359709,
2010-06-15,43.40572738647461,44.62089328521811,41.121213271801615,41.80170691677638,405414,
2010-06-16,43.357120513916016,44.718107889564,42.62802092876008,43.74597510935608,163571,
2010-06-17,41.70449447631836,43.35711710606247,41.31563991144212,42.77383896714007,47284,
2010-06-18,41.121212005615234,42.28777197416719,40.87817883334991,41.51006656459652,33991,
2010-06-21,40.87818145751953,42.19056289703561,40.63514826965272,40.829575561624594,47119,
2010-06-22,41.461463928222656,43.94040173834745,40.246297971456364,40.246297971456364,80595,
2010-06-23,40.82957458496094,41.80170731317429,40.53793550817535,40.82957458496094,36620,
2010-06-24,41.60728073120117,43.74597351120519,40.82957527712484,43.74597351120519,31106,
2010-06-25,40.82957458496094,41.75310141844204,40.635147297639854,41.16981955647879,30877,
2010-06-28,42.239166259765625,43.45433212622383,41.65588441883053,43.45433212622383,54808,
2010-06-29,41.36425018310547,42.77384349448868,41.07261108277606,42.7252375958325,25596,
2010-06-30,41.85031127929688,42.77383807021861,40.683751317521626,41.12121176673633,47332,
2010-07-01,42.04474258422852,42.530808972485495,41.16982160200906,41.65588799026604,15717,
2010-07-02,41.75310134887695,43.74597269671558,41.558674061879806,41.80170724352823,93554,
2010-07-05,41.31564331054688,41.99613700086963,40.97539831958163,41.80170970243566,15008,
2010-07-06,41.461463928222656,41.80170891276033,40.8295761473473,40.8295761473473,17976,
2010-07-07,40.87818145751953,42.19056289703561,40.63514826965272,42.19056289703561,22056,
2010-07-08,41.31564331054688,42.67663069119239,40.92678871367894,41.21843151552603,22357,
2010-07-09,41.80170822143555,42.190562804526685,41.364247742556046,41.94752961719276,25266,
2010-07-12,41.26703643798828,43.64876244364691,40.92678774667009,43.64876244364691,20258,
2010-07-13,41.80170822143555,42.23916870031504,40.73236368052312,40.73236368052312,35040,
2010-07-14,41.41285705566406,42.38498988521855,40.87818474108759,41.80171167084284,28936,
2010-07-15,40.82957458496094,41.75310141844204,40.5865414029076,41.07260776701428,15796,
2010-07-16,40.58654022216797,41.315639747117096,40.19768565883832,40.44071883382136,20996,
2010-07-19,40.1004753112793,41.60728030857016,39.85744212757457,39.85744212757457,15877,
2010-07-20,39.32277297973633,41.412856300110654,39.176951574606605,39.85744528455802,32979,
2010-07-21,39.51719284057617,40.82957040598325,38.93391103831283,38.93391103831283,86279,
2010-07-22,40.19768905639648,40.78097095069066,39.27416588011717,39.27416588011717,30012,
2010-07-23,38.982521057128906,41.31564109652478,38.64227608439671,39.85744199900038,27016,
2010-07-26,38.64227294921875,39.85743876523192,38.156206622813485,39.07973338466185,18209,
2010-07-27,38.44784927368164,39.76023070278104,38.30203158715423,39.76023070278104,13479,
2010-07-28,38.10760498046875,39.17694953442487,37.76735628901567,38.982522240507706,22040,
2010-07-29,38.73948669433594,39.322768540616174,37.91317538092889,37.91317538092889,29306,
2010-07-30,38.35063934326172,41.80171000933029,37.961784743538935,41.80171000933029,25023,
2010-08-02,38.0103874206543,38.93391423544805,37.81596384565939,37.91317563315684,17636,
2010-08-03,38.982521057128906,39.85744199900038,38.88530926731744,39.76023020918891,17600,
2010-08-04,38.49645233154297,39.37137321978379,38.39924054769036,38.93391277566338,16972,
2010-08-05,38.44784927368164,39.22555472700418,38.30203158715423,38.642276564110304,15689,
2010-08-06,39.27416610717773,40.53793798953311,38.73949010721882,38.93391740644094,42523,
2010-08-09,41.36425018310547,42.77384349448868,39.37137867106345,39.76023327709756,78160,
2010-08-10,41.51007080078125,42.72523678611798,40.87818300504923,41.51007080078125,36117,
2010-08-11,40.6351432800293,41.94752455839698,40.39211012200473,41.07260370615186,15352,
2010-08-12,39.90604782104492,41.21842923145596,39.71162053338491,40.537935578841946,16461,
2010-08-13,40.0518684387207,42.6766275003509,39.56580208317408,42.6766275003509,56091,
2010-08-16,39.22555541992188,41.60728142586383,38.88531043695539,40.82957595880316,26596,
2010-08-17,38.982521057128906,40.10047518192111,38.88530926731744,38.88530926731744,22582,
2010-08-18,38.83670425415039,40.00326430033361,38.73948875373969,38.88531015015965,19505,
2010-08-19,39.22555541992188,40.00326459537473,38.39924405649345,39.371376817417335,29401,
2010-08-20,38.93391799926758,39.85744490334052,38.64227890018989,39.56580580426284,29267,
2010-08-23,38.93391799926758,40.63515040367845,38.69088479863745,38.69088479863745,35851,
2010-08-24,43.60015487670898,46.32212970090748,38.73949084548647,39.32277275426859,405491,
2010-08-25,46.27351379394531,48.12056735769856,43.50293715670729,43.74597032518051,1597219,
2010-08-26,50.11344528198242,54.43943699951522,46.75958636801239,47.391474173685125,1915554,
2010-08-27,50.016231536865234,52.15492436308033,48.606638284924,50.84254290435206,606164,
2010-08-30,51.23139953613281,52.49517144023785,49.09270662466688,50.50229993279618,228384,
2010-08-31,49.57876968383789,52.3979561100012,48.99549152385546,51.91188974055181,158101,
2010-09-01,51.66885757446289,52.49516893546049,50.01623114407551,50.01623114407551,373837,
2010-09-02,52.786808013916016,57.355832717865056,52.15492394629687,52.49516892821547,250838,
2010-09-03,53.85615539550781,54.43943355740892,52.7868071541663,52.7868071541663,417140,
2010-09-06,57.5988655090332,58.23075328067482,54.39082817172751,57.16140502931148,521364,
2010-09-07,59.00845718383789,60.272228985401775,57.74468538227401,59.15427486763831,312966,
2010-09-08,59.88337707519531,62.896987175142186,58.61960521742379,61.19575853812099,211784,
2010-09-09,59.397308349609375,68.04929113433117,58.66820880174154,62.11928296169628,152756,
2010-09-13,60.56386947631836,66.78551684029077,59.397309436700986,61.2443631417945,192113,
2010-09-14,59.54313278198242,61.19575924985468,58.52239410454118,61.19575924985468,184662,
2010-09-15,59.445919036865234,62.89698584296728,58.81403126716692,61.244363137711005,135081,
2010-09-16,58.07371139526367,62.6313965699713,57.534631277784015,60.27904220774204,116629,
2010-09-17,61.89628601074219,62.72940948487755,58.5637846362724,59.73996181190669,611067,
2010-09-20,65.37580108642578,68.51227593372701,63.61154099537641,68.51227593372701,531078,
2010-09-21,66.2579345703125,76.4514646914209,65.91488462176994,68.5122756228974,682324,
2010-09-22,70.12952423095703,72.2368344004736,66.15992569791096,69.49242715457663,1238626,
2010-09-23,69.6884536743164,71.45272135333344,68.90434052203103,71.45272135333344,491075,
2010-09-24,69.88449096679688,73.2169851123237,69.1983835125369,72.38386157594199,782106,
2010-09-27,68.75731658935547,72.33485479331266,68.31624593307312,71.99179734578355,777332,
2010-09-28,69.88449096679688,71.25669091945903,69.10037029847945,71.15867770540157,280821,
2010-09-29,68.80632019042969,73.21698193284001,67.92419382429048,73.21698193284001,295759,
2010-09-30,69.6884536743164,78.41176390424992,68.95334338771407,74.49117570903742,513360,
2010-10-01,70.81562042236328,72.92293795819917,70.37455726557518,72.43286446046655,454519,
2010-10-04,70.52157592773438,72.92294064175088,68.70830541498127,72.92294064175088,599867,
2010-10-05,70.32554626464844,72.43286378070783,69.19837573485592,71.9427902875744,287957,
2010-10-06,70.91363525390625,74.88323366782038,70.3255485387152,73.02095283810846,658045,
2010-10-07,70.32554626464844,73.90308426010814,69.34539927838156,73.11896367992343,670062,
2010-10-08,69.63945007324219,71.84478090976097,68.75731624304899,71.84478090976097,393222,
2010-10-11,70.2275390625,71.74676253427337,69.78646839423389,71.74676253427337,720102,
2010-10-12,69.83547973632812,71.45272392054464,69.59044296532346,71.45272392054464,696669,
2010-10-13,70.17852783203125,71.4037116540916,69.590441093028,71.4037116540916,638279,
2010-10-14,70.12952423095703,71.40371090578931,69.68845357288052,70.42356385841286,259922,
2010-10-15,68.90434265136719,71.35471034909818,68.61029553646796,71.30570000397205,269099,
2010-10-18,66.99304962158203,70.37456144344128,65.96389970200376,70.37456144344128,188846,
2010-10-19,67.48312377929688,69.98250178064917,67.09106345858474,69.98250178064917,143487,
2010-10-20,66.40496063232422,68.21823112448467,65.66985036702174,68.21823112448467,205081,
2010-10-21,68.46326446533203,69.00234829084114,66.74800726516588,67.3360939524944,168846,
2010-10-22,70.27653503417969,70.66859531930699,68.70830137159845,69.59043514365288,577176,
2010-10-25,70.17852783203125,71.84478231679049,69.590441093028,71.84478231679049,595352,
2010-10-26,69.29638671875,71.30569096742238,68.95333678012804,71.30569096742238,421236,
2010-10-27,66.45397186279297,70.27653931111874,66.06191155380539,70.27653931111874,255979,
2010-10-28,69.10037231445312,70.17853265639778,66.45397806804996,67.82617806074546,715871,
2010-10-29,66.74800872802734,70.47257029261604,65.47382212387824,70.47257029261604,241036,
2010-11-01,66.55198669433594,69.05135720399723,65.7678660572293,68.31624691093299,525766,
2010-11-02,67.091064453125,68.3652586448456,66.69901160452982,68.31624829980683,228415,
2010-11-03,66.94404602050781,68.07120913748767,66.45397249906318,68.02220627210029,220764,
2010-11-04,67.091064453125,68.21823508765803,66.65000125949105,67.8261747611341,187815,
2010-11-08,67.14006805419922,70.47256927802245,66.84602096936,70.27653539548696,157996,
2010-11-09,67.3851089477539,68.26724277865566,67.04205897960559,68.07120888405056,272422,
2010-11-10,67.23808288574219,68.21822988838545,66.84602258909925,68.07120634240333,158014,
2010-11-11,66.94404602050781,68.31624589820998,66.64999891646964,68.31624589820998,116236,
2010-11-12,64.29764556884766,68.16923093829556,61.94529487084453,68.02220738387348,239614,
2010-11-15,66.89503479003906,69.73746267230771,64.59169076538164,65.57183779527232,155680,
2010-11-16,63.95459365844727,69.00235235466134,62.72940987188697,69.00235235466134,212953,
2010-11-18,63.31749725341797,66.45397226644148,62.533380369644206,65.47382522698322,167226,
2010-11-19,61.357200622558594,66.06190920745337,59.93599046562588,65.08176220876098,117353,
2010-11-22,59.690956115722656,63.31749716551198,57.9266884559758,63.12147074906386,171159,
2010-11-23,60.52408218383789,61.161179281358784,56.554487258034925,60.671105741408674,184495,
2010-11-24,61.357200622558594,62.9254343248808,59.78896692023638,62.14132121268377,138833,
2010-11-25,59.445919036865234,62.23933658485164,58.80882196993855,61.70025646458671,96218,
2010-11-26,52.63389587402344,60.67110220906192,49.00735114174172,60.67110220906192,276565,
2010-11-29,58.36775588989258,58.80882280875107,53.46702065582999,58.71080959965552,342268,
2010-11-30,59.49492645263672,60.18103013277538,56.94654188911658,60.18103013277538,259941,
2010-12-01,62.63139724731445,64.19963101311791,60.23003625551949,61.55323326173089,157192,
2010-12-02,62.14132308959961,64.73871421017166,61.847275989939234,64.3956567679251,59547,
2010-12-03,59.93599319458008,62.87643432453892,58.90683580792309,62.87643432453892,60013,
2010-12-06,60.13201904296875,62.43536681634895,59.00485219719752,61.16117641988555,61980,
2010-12-07,57.73066329956055,61.55323458819388,56.84852945043362,61.55323458819388,75671,
2010-12-08,56.40746307373047,59.29889767510272,55.672352771973,58.514780767687625,38018,
2010-12-09,55.62334442138672,58.17172522528306,53.71205694898235,58.17172522528306,61344,
2010-12-10,55.62334442138672,57.044558374659935,46.16492400656964,46.16492400656964,38283,
2010-12-13,58.12271881103516,59.10286585249937,55.86838136346031,56.60349164455847,37833,
2010-12-14,56.3094482421875,60.132019457958464,50.232535841387744,50.232535841387744,34092,
2010-12-15,55.819374084472656,57.53463138630215,54.98624686591982,57.09356447518173,27048,
2010-12-16,58.220733642578125,58.56378359903705,55.86837933297259,55.86837933297259,140146,
2010-12-20,55.3783073425293,59.249888869136136,51.94779272839031,51.94779272839031,96388,
2010-12-21,55.13327026367188,56.75051435365859,54.44716659704224,56.26044084020373,35243,
2010-12-22,58.41676330566406,58.75981702019093,54.88823538372464,55.86838244414829,129171,
2010-12-23,60.13201904296875,62.72941017876909,57.82867500855276,57.82867500855276,173676,
2010-12-24,61.94529342651367,63.70955734362111,61.25918975348184,62.14132358151765,71977,
2010-12-27,62.38636016845703,63.7095571678969,62.043306463405216,63.61154396014735,104091,
2010-12-28,62.827423095703125,63.66054657519694,61.74926285883299,63.21948340309092,26501,
2010-12-29,65.57183837890625,65.9638986899378,62.729410471338056,62.729410471338056,159477,
2010-12-30,66.30694580078125,67.43411634220539,64.83672530620929,67.43411634220539,106669,
2010-12-31,66.84602355957031,68.12021767267659,66.1599236389305,66.1599236389305,80873,
2011-01-03,67.18907928466797,68.61028943172532,66.15992195202085,68.61028943172532,214380,
2011-01-04,67.5321273803711,68.61028754622622,67.18907743822554,68.61028754622622,67246,
2011-01-05,66.30694580078125,68.5122765426392,65.71885909853809,65.71885909853809,23573,
2011-01-06,65.66985321044922,66.84602669468879,64.73871649192027,66.45397385189469,44033,
2011-01-07,64.54267883300781,68.46326685600513,63.70955537370652,63.70955537370652,72413,
2011-01-10,63.1214714050293,66.50297573043522,62.33735077523126,66.50297573043522,39018,
2011-01-11,60.42606735229492,64.15062166935765,59.29889674502687,62.7294114327557,45436,
2011-01-12,61.16117477416992,61.74926148318605,59.78896746784681,60.81812107810709,43467,
2011-01-13,61.406211853027344,62.582385277321805,60.96514494943486,62.38635886591548,25928,
2011-01-14,59.2498893737793,62.68040401713666,58.8578290618099,62.68040401713666,36395,
2011-01-17,59.20088195800781,60.13201864298383,57.82867462388917,57.82867462388917,125041,
2011-01-18,59.64194488525391,61.55323232889944,59.2988949226096,59.69095522760095,176216,
2011-01-19,60.08301544189453,62.28834637871014,59.78897206477866,61.74926623083698,291609,
2011-01-20,59.98500061035156,63.70955867755418,59.78897045124315,63.70955867755418,169109,
2011-01-21,60.81812286376953,62.63139712457579,60.37705594957535,60.67110305168095,156351,
2011-01-24,65.86588287353516,69.00235811575479,60.769120887080646,61.16118122709922,561414,
2011-01-25,63.07246017456055,66.99304831256498,62.729410208070846,66.35595124455357,187143,
2011-01-27,62.04330825805664,64.59169286186507,61.25919135648648,63.31749869047869,163537,
2011-01-28,59.00485229492188,62.729410282662094,58.416761830143386,61.94529340192166,173503,
2011-01-31,58.07371139526367,58.80882166608979,55.18227691555475,55.8683805827853,137904,
2011-02-01,59.39690780639648,63.70955618199405,58.41676078821196,59.44591814847704,191642,
2011-02-02,60.76911544799805,62.680402891332754,59.88698163139305,60.03400518048194,182818,
2011-02-03,62.97444534301758,64.29764230989223,59.98499771265937,61.504224829172806,155741,
2011-02-04,64.29764556884766,67.09106319115271,62.7784221142958,62.7784221142958,226453,
2011-02-07,63.75856399536133,65.71885795398363,61.406209749428974,62.28833978743061,193080,
2011-02-08,64.00360107421875,65.86587436228658,60.083009397548906,64.3956538856469,210827,
2011-02-09,59.5439338684082,64.003605980588,58.8088235737365,64.003605980588,146548,
2011-02-10,56.35845565795898,61.50422769629437,55.23128504921409,59.788970350182574,103914,
2011-02-11,58.07371139526367,58.80882166608979,55.13327031195918,55.13327031195918,111566,
2011-02-14,61.25918960571289,62.23933663940429,56.7505147463181,56.7505147463181,121777,
2011-02-15,60.03400802612305,62.0433087714494,59.49492788551808,61.35720507478655,116517,
2011-02-16,60.76911544799805,62.04330583056646,60.03400518048194,60.67110224124824,118739,
2011-02-17,60.6220932006836,61.50422703623118,60.52407999182908,60.81812335735686,89303,
2011-02-18,59.445919036865234,63.709557134100095,58.95584552044908,61.06315939766002,122115,
2011-02-21,59.73995971679688,60.524076560065645,58.80881932961845,58.80881932961845,87426,
2011-02-22,59.93599319458008,62.0433070943387,58.80882259917683,59.69095643375018,279918,
2011-02-23,59.10286331176758,60.57308381076162,58.80881995976159,59.88698016343825,80592,
2011-02-24,56.94654083251953,59.59293855597302,56.01540414706954,59.59293855597302,94541,
2011-02-25,56.75051498413086,58.61279211256987,53.41801356002957,55.86838115452633,151512,
2011-02-28,59.93599319458008,62.23933725079547,56.015405021301625,56.015405021301625,161532,
2011-03-01,62.38636016845703,63.46452040955883,55.13327062606462,61.749263101192376,192714,
2011-03-03,60.81812286376953,64.68970440552968,59.78896922329258,59.78896922329258,255814,
2011-03-04,61.01415252685547,62.53337967330562,59.29889522690371,59.29889522690371,30520,
2011-03-07,60.37705612182617,61.94529362799463,58.808822354621945,61.25918995273119,272322,
2011-03-08,60.32804870605469,61.700256038121054,58.90683477047829,58.90683477047829,112859,
2011-03-09,59.78896713256836,60.72010753242576,59.15187008557011,59.8379737348842,119811,
2011-03-10,59.29889678955078,59.935993870478775,59.00485342103182,59.494926948218186,111235,
2011-03-11,58.220733642578125,61.25918786510152,57.53462999069617,61.25918786510152,113920,
2011-03-14,58.56378173828125,59.54392871298052,55.86837755785827,55.86837755785827,107730,
2011-03-15,57.58363723754883,62.72940907579788,56.35845346653716,62.72940907579788,115698,
2011-03-16,58.12271881103516,62.72941065370982,57.82867544638874,62.72941065370982,109222,
2011-03-17,57.485626220703125,62.72941146474875,57.338602666996906,62.72941146474875,107152,
2011-03-18,58.07371139526367,62.729409777162445,56.995551160304366,62.729409777162445,121828,
2011-03-21,57.63264465332031,62.72940996039527,57.24058808444636,62.72940996039527,110262,
2011-03-22,57.38760757446289,58.80882150871637,57.2405877640696,58.80882150871637,126582,
2011-03-23,56.260440826416016,57.87768117704221,55.86838052016253,57.82867457350157,43362,
2011-03-24,57.0445556640625,57.82867250962048,56.16242187595724,57.82867250962048,127327,
2011-03-25,56.79952239990234,57.82867605650491,56.01540550625106,57.82867605650491,117515,
2011-03-28,58.36775588989258,59.20088312306178,55.03525817410858,57.926688971034096,171782,
2011-03-29,57.485626220703125,59.73996369742468,56.84852913992856,59.73996369742468,131726,
2011-03-30,61.94529342651367,62.533380152561406,57.19157805826495,58.80882216334256,231518,
2011-03-31,61.89628601074219,63.21948299647816,60.27904192687452,62.72940948487755,115172,
2011-04-01,61.5532341003418,63.7095583619228,59.985000313172485,63.7095583619228,106118,
2011-04-04,62.2883415222168,62.72940842298373,60.42606445303793,62.72940842298373,111205,
2011-04-05,62.925437927246094,63.66054821834911,61.3572041351454,63.66054821834911,116182,
2011-04-06,63.26849365234375,64.68970385185715,62.8764333455347,64.4936774374168,161551,
2011-04-07,63.31749725341797,64.68970460424522,62.92543694204897,64.68970460424522,115209,
2011-04-08,62.53337860107422,64.68970277469005,61.749261739476864,64.68970277469005,118480,
2011-04-11,62.63139724731445,63.7095574939338,61.99430017678942,63.7095574939338,103034,
2011-04-13,66.11090850830078,66.64999231970478,62.14131786425149,63.70955148207075,294619,
2011-04-15,65.62084197998047,67.6301464228451,63.7095582244193,67.6301464228451,300840,
2011-04-18,64.64069366455078,66.64999806806831,64.297643699492,66.64999806806831,281238,
2011-04-19,64.7877197265625,65.6698535837206,64.00360655858871,65.5228300278728,163118,
2011-04-20,64.93474578857422,65.66985611825619,62.43537141544841,65.66985611825619,183665,
2011-04-21,61.210182189941406,66.64999740698323,59.93599181083603,66.64999740698323,208215,
2011-04-25,58.02470397949219,62.72940889913444,55.96639300661086,62.72940889913444,236648,
2011-04-26,57.92668914794922,61.74926413777835,57.38760901834877,61.74926413777835,147171,
2011-04-27,58.66179656982422,62.72940812341238,57.38760621511023,62.72940812341238,147344,
2011-04-28,57.73066329956055,61.35720442850297,55.86838239094338,61.35720442850297,150409,
2011-04-29,55.6723518371582,61.74926431077318,54.98624815257897,61.74926431077318,226761,
2011-05-02,54.20212936401367,58.759814494678906,53.908086006317504,58.759814494678906,245417,
2011-05-03,54.44716644287109,54.83922674811051,54.0060995342178,54.49617304628498,55953,
2011-05-04,54.44716644287109,57.632644271307775,53.172976059289255,54.44716644287109,60249,
2011-05-05,53.76106262207031,57.63264410395141,53.172975904883074,54.88823319213737,72954,
2011-05-06,52.63389587402344,54.74120972973983,52.19282896595493,54.74120972973983,74379,
2011-05-09,52.63389587402344,53.172975988789766,51.50672530217771,52.927939233081055,56231,
2011-05-10,52.24183654785156,53.712057109642686,51.50672626695601,52.19282994358471,94233,
2011-05-11,51.7027587890625,52.82992943360413,51.555735230569454,51.94779556057465,17320,
2011-05-12,52.24183654785156,52.92794022448027,51.94779318328619,51.94779318328619,13004,
2011-05-13,54.10411834716797,57.7306632094117,52.04580728207403,54.34915511165789,62135,
2011-05-16,52.24183654785156,55.77036813952879,51.94779318328619,55.77036813952879,26746,
2011-05-17,51.06565856933594,52.535879108633104,49.35040127348925,52.43786590159897,36393,
2011-05-18,50.18352890014648,51.40871269292855,49.79146859087054,50.28154210798336,6762,
2011-05-19,49.10536575317383,50.47757311998236,44.44966726152497,50.47757311998236,49275,
2011-05-20,48.51728057861328,49.39941444835565,47.78217026681611,47.78217026681611,16984,
2011-05-23,47.14506912231445,48.51727641551048,45.18477512572817,48.02720291636391,19167,
2011-05-24,46.9000358581543,47.48812634421304,46.115918949040335,46.75301604086288,8035,
2011-05-25,46.85102844238281,49.007352709388776,45.23378804635156,49.007352709388776,18736,
2011-05-26,46.01790618896485,48.51728049708227,45.28279587840299,48.51728049708227,29228,
2011-05-27,48.174224853515625,49.007348278667386,45.96889418097559,49.007348278667386,17902,
2011-05-30,49.88948440551758,50.967644623113166,48.02720358716433,50.967644623113166,14276,
2011-05-31,50.72261047363281,51.94779430149834,49.595439856410806,51.94779430149834,40787,
2011-06-01,51.26168823242188,52.87893230577721,50.57558457284797,52.87893230577721,13718,
2011-06-02,50.42856597900391,52.87893358013175,49.69345569866555,52.87893358013175,6150,
2011-06-03,50.2325325012207,52.24183305347673,49.98749575731231,52.24183305347673,6710,
2011-06-06,49.64445114135742,51.947795285802535,49.007354043209936,51.947795285802535,11223,
2011-06-07,48.76231384277344,51.80076808412442,47.63514328348548,51.80076808412442,26666,
2011-06-08,48.22323226928711,50.96764307149805,47.63514183662219,50.96764307149805,5913,
2011-06-09,47.58613967895508,49.30139705788008,47.53713307306438,49.30139705788008,10890,
2011-06-10,47.24308776855469,48.66430171510488,46.949044406259794,48.66430171510488,9143,
2011-06-13,47.6351432800293,50.9676446158843,47.04705656850859,50.9676446158843,7656,
2011-06-14,47.6351432800293,50.9676446158843,47.58613667722992,50.9676446158843,5963,
2011-06-15,47.29209518432617,49.00735252261779,47.19408197486664,49.00735252261779,5464,
2011-06-16,46.605987548828125,48.90933516543593,45.625840581496455,48.90933516543593,6723,
2011-06-17,46.36095428466797,47.341101325523375,46.16492412870404,47.0470579610596,4409,
2011-06-20,43.76356506347656,46.65499572348734,41.65624751702944,46.5569825190329,55934,
2011-06-21,44.10661697387695,45.527830935272505,43.17547653441336,44.54768389140857,7063,
2011-06-22,43.32250213623047,45.77286986182083,42.8324285911124,43.61654551550843,5572,
2011-06-23,42.58738708496094,44.59668764881819,41.21517981556554,42.832423830284114,8008,
2011-06-24,43.42051315307617,45.08676386997686,41.70525583193575,45.08676386997686,7331,
2011-06-27,44.008602142333984,44.54768224878863,43.12646833979792,44.10661534752061,6815,
2011-06-28,42.68540191650391,44.00860263512466,42.14632180401285,43.12646882271083,13499,
2011-06-29,43.27349472045898,44.10661823599765,42.24433730378089,44.10661823599765,14796,
2011-06-30,43.07746124267578,44.5966883394124,42.6363943464712,44.5966883394124,12706,
2011-07-01,42.58738708496094,45.08676113946454,41.80327024771957,45.08676113946454,17701,
2011-07-04,43.46951675415039,44.10661378214474,42.44036318035981,44.10661378214474,10069,
2011-07-05,43.42051315307617,44.89073371405368,42.34235290394503,44.89073371405368,12560,
2011-07-06,43.910587310791016,44.59669099699925,42.68540349219214,44.59669099699925,9035,
2011-07-07,44.05760955810547,44.59668967451,43.420512495741086,44.00860295460763,11692,
2011-07-08,44.98875045776367,45.91988715099468,43.12646959337323,45.91988715099468,19217,
2011-07-11,47.04705810546875,47.53713162740071,44.10661697387695,46.65499779233748,30600,
2011-07-12,48.958343505859375,49.49742360925648,46.066909101684246,47.73315975315501,63353,
2011-07-13,51.89878463745117,52.78091469814623,49.20338037500433,50.91863763292505,60094,
2011-07-14,53.95709228515625,54.20212903825775,51.06565785076579,53.859079079501306,49609,
2011-07-15,57.534629821777344,57.828673174873714,54.00609836772863,56.55448281881338,92333,
2011-07-18,55.72135925292969,60.671104931524255,54.39816220831321,57.8286769421708,69124,
2011-07-19,54.83922958374024,57.14257371397176,54.10411927762834,57.14257371397176,16278,
2011-07-20,54.49617385864258,55.966394416760245,54.39816065035376,55.37830768909888,15991,
2011-07-21,52.388858795166016,55.7213564088702,51.94779188981813,52.976945509653774,9235,
2011-07-22,52.094818115234375,52.92794162673615,51.849781348443926,52.5358813042857,10143,
2011-07-25,56.45647048950195,57.82867790139193,52.33985573176083,55.67235357083528,49651,
2011-07-26,54.54518127441406,59.78896615469067,53.418010744764615,59.78896615469067,324968,
2011-07-27,56.60348892211914,57.77966606309885,53.22198104391402,53.22198104391402,32311,
2011-07-28,54.59418869018555,56.84852604414324,54.39815854224051,55.86837904338215,20014,
2011-07-29,57.485626220703125,58.80882324820195,53.908087977518456,53.908087977518456,452359,
2011-08-01,55.96639251708984,57.0935630689728,54.888232306651965,56.84852631760382,125603,
2011-08-02,53.95709228515625,55.819373104313264,53.66304892922729,54.888232694734754,63037,
2011-08-03,51.45771789550781,53.66304866245815,50.330547341258665,53.66304866245815,48132,
2011-08-04,50.77161407470703,53.41801173409733,50.03650382148551,51.55573093035051,24352,
2011-08-05,48.76231384277344,49.49742410170972,44.5966890421345,47.04705657192211,23345,
2011-08-08,47.39010620117188,49.0073502551784,44.74371227856352,48.027203250074834,51899,
2011-08-09,44.645694732666016,46.55698211463873,43.12646764303377,46.55698211463873,24221,
2011-08-10,46.06690979003906,46.94904360075313,45.57683628163439,45.62584288468203,17048,
2011-08-11,44.253639221191406,46.65499641668087,43.76356571370961,45.67484940171729,45814,
2011-08-12,45.18477630615234,48.51727768299418,42.63639553960095,48.51727768299418,59536,
2011-08-16,44.10661697387695,46.06691106160481,43.861580212910965,45.527830935272505,8161,
2011-08-17,45.23378753662109,46.06691102770669,43.66555002421424,44.20463015014987,9943,
2011-08-18,43.12646865844727,45.42981264802868,43.12646865844727,44.25363922124234,10810,
2011-08-19,42.04830932617188,43.02845636184988,39.79396815294111,42.14632253415399,39581,
2011-08-22,42.53838348388672,43.12647021855402,41.50922608977253,41.50922608977253,4719,
2011-08-23,43.46951675415039,44.10661378214474,42.04830663456357,43.32249695158829,8455,
2011-08-24,42.14632415771485,44.30264846706522,41.803274177598254,44.30264846706522,12026,
2011-08-25,41.264190673828125,43.224484838645886,41.16617746117299,43.02845841333563,8614,
2011-08-26,41.264190673828125,42.14632454358188,41.16617746117299,41.85228116665209,4633,
2011-08-29,43.0284538269043,46.16492116512307,41.26418627545124,46.16492116512307,7622,
2011-08-30,44.10661697387695,45.72386109183814,43.22448313881371,43.22448313881371,7502,
2011-09-02,43.37150573730469,45.42981298857416,42.83242562282594,45.42981298857416,24787,
2011-09-05,44.008602142333984,44.10661534752061,42.6854014385299,43.077461737204615,8666,
2011-09-06,42.832427978515625,44.54768536189697,42.48937425846073,44.54768536189697,10490,
2011-09-07,43.9595947265625,44.54768521371568,42.4403675112711,44.10661828309188,9777,
2011-09-08,44.60387420654297,45.00035460082581,44.10827560424804,45.00035460082581,8123,
2011-09-09,44.6534309387207,45.59506898928811,44.25695434661452,45.34726970130285,11333,
2011-09-12,46.18978500366211,49.01469910861794,43.41443378037682,43.66223306426153,22214,
2011-09-13,45.0003547668457,48.27130479783626,44.30651596484958,48.27130479783626,16619,
2011-09-14,45.644630432128906,46.536709427084325,44.802114322206656,46.338469230303424,5853,
2011-09-15,45.09947204589844,47.52790591228564,44.65343255515512,47.52790591228564,4204,
2011-09-16,44.55431365966797,47.52790517713924,44.256955264144274,46.0906685208047,5739,
2011-09-19,44.35607147216797,45.79330806380239,43.71179182660589,45.79330806380239,2927,
2011-09-20,44.35607147216797,46.23934752756714,43.81091380806304,44.702988954475565,8019,
2011-09-21,44.0587158203125,45.59507070749374,43.81091652298916,44.802113712282505,8363,
2011-09-22,43.761356353759766,46.38802657273342,43.16663578600031,46.38802657273342,9104,
2011-09-23,42.67103576660156,44.45518984756946,41.63027953446338,44.45518984756946,8818,
2011-09-26,46.43758773803711,48.07306464564515,41.382483483622366,44.10827580889091,223494,
2011-09-27,44.6534309387207,47.08186471719968,44.10827326137654,47.08186471719968,37300,
2011-09-28,43.761356353759766,45.00035281019558,43.51355706247261,43.810915455793776,9344,
2011-09-29,43.810916900634766,44.702992110018045,43.11707810592517,43.16663720959359,8792,
2011-09-30,42.86927795410156,44.05871532408042,42.522360454203096,42.81971885141852,8802,
2011-10-03,41.28336334228516,42.621477999592976,40.9860011685571,42.12587941820236,6872,
2011-10-04,41.28336334228516,42.621477999592976,40.93644206664146,41.63028083681174,12241,
2011-10-05,41.38248062133789,42.57191794631831,40.63908276586475,42.12587847681103,6141,
2011-10-07,41.630279541015625,42.07631900660704,41.134680975051154,42.07631900660704,11900,
2011-10-10,41.58072280883789,42.17543960942006,40.63908472365178,41.13468331784266,7009,
2011-10-11,40.68864440917969,41.87808180848435,40.19304580789585,41.13468390655859,13456,
2011-10-12,42.77016067504883,43.11707818246081,40.440844987326,40.440844987326,26463,
2011-10-13,43.1666374206543,44.6038741207692,41.67984161662866,41.67984161662866,35116,
2011-10-14,42.57191848754883,43.81091492908915,41.82852062262464,43.414434555349416,7700,
2011-10-17,42.07632064819336,42.72059654041308,41.679840267506506,41.679840267506506,4721,
2011-10-18,42.12588119506836,42.32412139220978,41.63028259277343,41.72940080078551,3234,
2011-10-19,41.828521728515625,43.46399480591836,40.8868836518259,41.63028153640455,3732,
2011-10-20,41.58072280883789,42.07632140302877,41.43204171813375,42.07632140302877,470,
2011-10-21,39.89568710327149,42.32412098752015,39.15228920693723,40.68864410313791,40757,
2011-10-24,39.49920654296875,41.13468342031992,38.9540488442241,41.13468342031992,4451,
2011-10-25,39.300968170166016,40.093925127087005,38.904487801147006,39.64788565721988,7870,
2011-10-28,40.29216766357422,41.630282370168445,39.152289371944136,39.152289371944136,9282,
2011-10-31,39.74700546264648,41.18424213193439,39.64788725695098,39.94524565515467,5662,
2011-11-01,39.74700546264648,40.589525335527,39.54876905125547,40.19304495051062,4984,
2011-11-02,40.93644332885742,41.531163913533774,38.904489838726974,39.152289137062816,7640,
2011-11-03,41.28336334228516,43.56311606045857,40.1434850926399,40.1434850926399,7064,
2011-11-04,41.08512496948242,41.63028267688484,40.93644387604664,41.63028267688484,30577,
2011-11-08,41.08512496948242,41.63028267688484,40.73820367850468,40.73820367850468,2452,
2011-11-09,39.99480438232422,42.12587981481464,39.7470050892959,42.12587981481464,6653,
2011-11-11,39.79656600952149,40.63908205180729,39.54876672871778,39.89568420939619,4106,
2011-11-14,39.54876708984375,41.33292117169841,38.70624725874781,41.33292117169841,3701,
2011-11-15,38.65668869018555,40.39128369551439,37.76460974642676,38.75580689232895,6760,
2011-11-16,34.84058380126953,38.40889228141894,32.85818936093823,38.40889228141894,38969,
2011-11-17,34.3945426940918,37.6159335095982,33.70070391606699,37.6159335095982,6098,
2011-11-18,32.65994644165039,35.633537854587594,31.71830840466354,33.70070267995501,18564,
2011-11-21,30.38019371032715,32.610389294164314,29.735915910380623,32.610389294164314,22324,
2011-11-22,30.776670455932617,33.70070277659596,29.735914214643497,31.470509210497703,19486,
2011-11-23,31.817426681518555,32.065225966518284,29.73591419996763,30.23151276996709,10391,
2011-11-24,31.024471282958984,32.65994815849376,30.4793135848198,30.87579208260817,27379,
2011-11-25,31.024471282958984,32.21390866688271,30.330634384468983,30.727112882257355,7376,
2011-11-28,31.619190216064453,32.313027119846,29.835036017130623,29.88459512077265,4592,
2011-11-29,32.461708068847656,32.709507367083134,31.668751070717573,32.21390877061218,1703,
2011-11-30,31.817426681518555,32.85818670341104,30.082833577078954,31.767867580742013,4763,
2011-12-01,32.75906753540039,33.601587445459,31.7678703102378,32.61039022029641,5162,
2011-12-02,33.452903747558594,36.6247353776246,32.21390731246383,36.6247353776246,6358,
2011-12-05,33.35378646850586,36.178696906274986,31.76786871901255,34.642342040451126,3598,
2011-12-07,33.105987548828125,35.088381922264126,32.808625367918964,35.088381922264126,6524,
2011-12-08,31.71830940246582,35.33618058113143,30.826232328633186,35.33618058113143,5999,
2011-12-09,31.71830940246582,32.61038836685702,30.08283445201289,31.22271081805229,6857,
2011-12-12,32.65994644165039,33.155545010473254,30.92535145077036,33.155545010473254,1783,
2011-12-13,32.06522750854492,32.65994808981478,30.082835023771725,31.718310005308737,4068,
2011-12-14,30.38019371032715,31.916550500031985,29.735915910380623,31.22271170589965,9830,
2011-12-15,29.33943748474121,31.71831038554539,29.19075828292069,30.72711318599709,7917,
2011-12-16,29.091636657714844,30.479312286125943,28.298677805366697,29.73591442548873,5966,
2011-12-19,29.38899612426757,29.686356413770145,28.00132044493137,29.24031692479559,4535,
2011-12-20,27.059682846069336,29.88459524859624,26.36584593932008,29.88459524859624,8004,
2011-12-21,27.059682846069336,29.686356942621583,25.771127240278844,27.20836393874861,7302,
2011-12-22,29.587236404418945,29.73591560432887,25.96936705067065,27.257922637301466,15415,
2011-12-23,30.528871536254883,31.6191887819551,27.852640359236386,28.74471741824255,5733,
2011-12-26,30.677553176879883,31.66875034717573,29.04207633344488,29.735915108875403,2825,
2011-12-27,30.776670455932617,33.15554510555091,29.735914214643497,31.66874939481873,2736,
2011-12-28,29.686355590820312,31.22271042703847,29.43855630171684,31.22271042703847,4380,
2011-12-29,27.80307960510254,33.651144366455725,26.81188244427096,33.651144366455725,11020,
2011-12-30,27.109243392944336,28.00132048149987,26.26672540742466,27.25792259261049,15421,
2012-01-02,26.96056365966797,29.48811567564247,26.71276436827601,29.48811567564247,5626,
2012-01-03,29.488115310668945,32.31302568512654,27.25792171574441,29.14119592890231,122973,
2012-01-04,30.28107261657715,30.82623219133913,28.298678287752235,29.58723573582356,12330,
2012-01-05,30.33063316345215,31.569629600761807,30.13239297725919,31.02447003401044,28593,
2012-01-06,29.934154510498047,31.12358994918047,29.04207556828808,29.88459351895387,8978,
2012-01-09,29.38899612426757,30.33063420518782,27.45616275001455,27.803080251929657,37437,
2012-01-10,30.23151397705078,31.718309746413933,29.884594586087665,29.98371468215692,83830,
2012-01-11,29.43855667114257,30.181954547781952,28.99251718893553,29.785474167794103,36747,
2012-01-12,30.23151397705078,30.62799247076924,29.438556989613865,29.438556989613865,27048,
2012-01-13,30.627992630004883,31.718309911318165,30.03327394105595,30.23151413422513,42938,
2012-01-16,30.38019371032715,30.72711310739331,29.735915910380623,30.62799300958032,7853,
2012-01-17,31.12359046936035,31.47050985373369,30.23151340279929,30.776671084987008,52067,
2012-01-18,30.925352096557617,33.70070338369752,30.380192525133268,32.70950622535348,172374,
2012-01-19,31.619190216064453,32.0652278205186,30.974912415924937,31.37139091673705,26081,
2012-01-20,31.520069122314453,32.709506477727984,31.272269830816512,32.65994737565182,21866,
2012-01-23,30.776670455932617,32.610387434505846,30.6279912629711,32.610387434505846,7350,
2012-01-24,30.776670455932617,31.470509210497703,30.429752969208582,31.470509210497703,22613,
2012-01-25,30.776670455932617,31.371389118337188,30.38019197784908,31.12358983321516,27200,
2012-01-27,31.17315101623535,32.709505837214444,30.97491083069549,31.718308690632185,44647,
2012-01-30,31.024471282958984,32.01566847270922,30.826232979344105,30.974912179694915,31104,
2012-01-31,31.42095184326172,31.520070050332297,30.776672153951267,30.776672153951267,11951,
2012-02-01,32.06522750854492,32.56082610237787,31.420951605232407,31.718310005308737,42864,
2012-02-02,31.817426681518555,33.155545089187314,31.66874937918893,32.65994651918785,24730,
2012-02-03,31.37138938903809,32.412147529866324,31.22271019479363,32.412147529866324,14085,
2012-02-06,32.06522750854492,33.205105786807586,31.76786910846859,32.610388986654925,29840,
2012-02-07,31.37138938903809,32.61038771589795,30.7271116202731,32.2139073438347,16048,
2012-02-08,31.619190216064453,32.263468016203966,31.222711715252338,31.718310313907136,26617,
2012-02-09,32.65994644165039,33.35378519422581,31.173150735181785,31.173150735181785,32129,
2012-02-10,33.601585388183594,34.3449832615406,31.817427467233085,31.817427467233085,36500,
2012-02-13,33.105987548828125,34.69190153513005,32.808625367918964,34.69190153513005,7097,
2012-02-14,38.45845031738281,39.69744680815621,33.601586342221424,34.39454334009296,500841,
2012-02-15,37.962852478027344,39.697447599696766,36.77341506694485,39.697447599696766,93707,
2012-02-16,37.02121353149414,38.55757220078171,35.782217044079786,38.111532709089104,34691,
2012-02-17,35.68309783935547,38.508008239190936,35.286617462026896,37.566373959990514,35942,
2012-02-21,37.26901245117188,38.50800892602622,35.88133866800531,36.525614566259264,47342,
2012-02-22,35.7822151184082,37.665491190373686,35.58397871598405,36.9220933379321,27606,
2012-02-23,34.4441032409668,37.16989558377712,33.79982353840107,35.68309976042603,24542,
2012-02-24,34.2458610534668,35.68309768882338,33.79982157613309,33.94850266228335,11838,
2012-02-27,31.966108322143555,34.245861027654406,31.81742723610536,33.89894353505472,17399,
2012-02-28,33.70070266723633,34.19630123587216,32.907745713642406,33.70070266723633,25373,
2012-02-29,33.651145935058594,34.6423431420935,33.30422464392601,34.04762254920219,15127,
2012-03-01,33.40334701538086,34.69190264304181,32.808626415686895,33.70070542466918,6303,
2012-03-02,33.75026321411133,34.59278308556532,33.006865329302194,33.05642443206604,7998,
2012-03-05,33.40334701538086,33.94850472926234,33.056425720280046,33.75026452936435,3134,
2012-03-06,32.808624267578125,34.2458608963404,32.11478928503923,32.70950606467744,4000,
2012-03-07,31.569629669189453,32.80862421862612,31.173151186502693,32.70950601587333,17402,
2012-03-09,31.71830940246582,32.70950657129288,31.12359072305788,31.71830940246582,20136,
2012-03-12,32.610389709472656,33.40334672095803,31.866991802245625,33.40334672095803,4280,
2012-03-13,32.957305908203125,34.39454256117526,30.281072792516586,30.281072792516586,8742,
2012-03-14,33.20510482788086,34.49366037841102,32.75906535008889,33.70070340740147,10107,
2012-03-15,31.966108322143555,33.55202226133795,31.81742723610536,33.40334495641684,10395,
2012-03-16,32.907745361328125,33.601584106213366,31.718308053112995,31.718308053112995,14093,
2012-03-19,32.56082534790039,34.69190076444911,32.21390785270275,33.10598681337828,7274,
2012-03-20,31.42095184326172,33.20510603835275,31.17315254446804,32.95730673955907,11332,
2012-03-21,31.520069122314453,32.51126628830621,31.32183082345124,32.51126628830621,6819,
2012-03-22,30.776670455932617,32.95730492122988,30.479312070009584,32.95730492122988,19430,
2012-03-23,30.82623291015625,32.6103889820374,30.727112813291978,31.0244712133262,7956,
2012-03-26,30.72711181640625,32.26346665100314,30.231513238722275,32.26346665100314,17283,
2012-03-27,30.18195533752441,31.61919013563215,29.983715142343325,30.72711303843448,25386,
2012-03-28,29.83503532409668,31.17315188749344,29.735915228556443,30.082834617667984,24314,
2012-03-29,30.82623291015625,32.213908594580296,29.983714922647817,30.727112813291978,32374,
2012-03-30,31.47051048278809,32.21390836820827,30.82623269353564,31.718309777928148,27560,
2012-04-02,31.22271156311035,31.91655035406958,31.07403236235012,31.47051086123028,15119,
2012-04-03,31.71830940246582,32.16434888466142,31.22271081805229,31.6191893074714,7451,
2012-04-04,31.520069122314453,32.21390789473211,30.77667124782064,31.96610860323417,4387,
2012-04-09,30.42975425720215,31.817428043951065,30.3306341608462,30.9253528484233,3284,
2012-04-10,30.38019371032715,32.5112673057927,30.231514508886967,32.114790695657966,8873,
2012-04-11,30.82623291015625,31.12359131019048,29.73591562576643,29.88459482578354,17175,
2012-04-12,30.72711181640625,31.17315129254524,30.231513238722275,30.231513238722275,4923,
2012-04-13,31.024471282958984,31.420951671305964,30.4793135848198,30.4793135848198,14480,
2012-04-16,30.875791549682617,31.37139013600355,30.38019296336168,30.776671454306715,5785,
2012-04-17,30.528871536254883,31.074031104384257,30.38019234151361,30.727111722948933,4090,
2012-04-18,31.17315101623535,31.470509403986625,30.62799145128,30.62799145128,23480,
2012-04-19,31.520069122314453,32.065226807386495,31.123590634029465,32.065226807386495,15145,
2012-04-20,31.619190216064453,32.263468016203966,31.32183181309502,31.718310313907136,7095,
2012-04-23,31.074031829833984,32.21390820353983,30.5288722489774,31.12359093238523,6895,
2012-04-24,30.82623291015625,31.718310000817524,30.47931351641059,31.12359131019048,5120,
2012-04-25,30.875791549682617,31.470510231379453,30.528872161146246,31.470510231379453,7559,
2012-04-26,30.578432083129883,31.371389037247308,30.132392614839763,31.371389037247308,3134,
2012-04-27,30.925352096557617,31.66874996531565,29.78547385201513,29.78547385201513,6124,
2012-04-30,30.875791549682617,31.71830952453992,30.62799225652215,31.71830952453992,5459,
2012-05-02,31.668750762939453,31.96610916170865,30.77667178551466,30.97491197839986,5754,
2012-05-03,31.27227020263672,37.1203350639671,31.074031901416493,37.1203350639671,5231,
2012-05-04,28.397798538208008,32.412148210452216,28.149999245744485,32.412148210452216,42350,
2012-05-07,30.82623291015625,31.12359131019048,28.942958631969432,29.73591562576643,16495,
2012-05-08,29.43855667114257,31.52006921328597,28.447359502290084,31.52006921328597,3085,
2012-05-09,28.79427719116211,31.222711027285527,28.64559799295342,31.222711027285527,10804,
2012-05-10,28.59603881835937,31.22271094862396,27.85264093863023,28.64559792078456,12044,
2012-05-11,27.80307960510254,28.64559756992109,27.40660111888161,28.3977982797132,9423,
2012-05-14,27.80307960510254,29.73591482494755,26.76232334245279,28.744717664115964,7641,
2012-05-15,28.397798538208008,28.74471792576865,26.96056377625472,27.55528056572032,6006,
2012-05-16,28.54647827148437,32.709507219248536,27.20836357950745,32.709507219248536,7281,
2012-05-17,28.744718551635746,32.65994821403026,28.44736015042848,32.65994821403026,1994,
2012-05-18,28.100440979003903,29.73591597978009,27.30748208520793,29.73591597978009,2499,
2012-05-21,28.695158004760746,29.73591424718895,27.902199157167264,29.73591424718895,2546,
2012-05-22,27.703962326049805,30.627992913753555,27.55528123451619,29.6863567138728,7957,
2012-05-23,27.50572204589844,28.596039333937664,27.30748185150636,28.00132064132003,3461,
2012-05-24,28.54647827148437,28.645598368442304,27.803080380137818,28.59603926524264,7739,
2012-05-25,28.99251747131348,29.58723615652906,27.852641094142783,28.496918882060253,8388,
2012-05-28,27.90220069885254,29.58723668885358,27.35704299708912,28.24912009568318,15649,
2012-05-29,27.75352096557617,28.44735974593901,27.60484176708659,28.34823965009309,7953,
2012-05-30,27.65439987182617,28.695158004814854,27.357041485577128,27.852640056364542,9632,
2012-05-31,27.90220069885254,28.596039492513817,27.50572219842836,28.14999999793748,2993,
2012-06-01,28.397798538208008,29.04207632050145,27.35704226608464,29.04207632050145,2822,
2012-06-04,28.100440979003903,28.84383887849841,27.50572228129658,28.84383887849841,1346,
2012-06-05,27.604841232299805,28.695158484365084,26.91100246537866,28.695158484365084,6145,
2012-06-06,27.45616149902344,29.24031559251268,27.307480415767245,29.24031559251268,4657,
2012-06-07,27.604841232299805,28.496918296513744,26.76232326976943,27.852640521834708,8680,
2012-06-08,27.65439987182617,28.9925163910639,27.30748049416328,28.9925163910639,6578,
2012-06-11,28.100440979003903,28.496919480622584,27.852641679172407,28.496919480622584,10078,
2012-06-12,28.05087852478028,28.744717284420737,26.960563174714583,28.744717284420737,2409,
2012-06-13,28.05087852478028,28.744717284420737,27.80307923784561,28.00131942361676,4009,
2012-06-14,27.703962326049805,28.546478428427687,27.45616302757193,28.546478428427687,2266,
2012-06-15,27.65439987182617,28.695158004814854,27.357041485577128,28.695158004814854,4434,
2012-06-18,27.75352096557617,28.249119554247176,27.35704247275109,28.249119554247176,4098,
2012-06-19,27.555280685424805,28.54647785958481,27.357042384927947,27.75352087648024,7230,
2012-06-20,27.604841232299805,28.34823910090451,27.55528024005769,28.19955990529528,7191,
2012-06-21,28.24911880493164,29.24031595598188,27.505720941643965,29.24031595598188,2275,
2012-06-22,28.001319885253903,29.43855652939301,27.505721303214013,29.43855652939301,3229,
2012-06-25,27.95176124572754,30.528872402525728,27.257922463168896,30.528872402525728,3125,
2012-06-26,28.695158004760746,30.23151281797543,27.55527977950502,30.23151281797543,15426,
2012-06-27,28.05087852478028,29.48811514522472,27.85264022956766,29.48811514522472,4808,
2012-06-28,27.85264015197754,29.19075667580877,27.357041579488826,29.19075667580877,12366,
2012-06-29,28.99251747131348,29.488116060566696,27.95176119010514,28.596038978022616,18070,
2012-07-02,29.636795043945312,30.627992215251567,28.7447179678814,30.627992215251567,5815,
2012-07-03,29.934154510498047,30.677552368634007,28.79427628224276,30.231512897529026,7167,
2012-07-04,32.70950698852539,34.39454295324862,30.72711262558446,30.72711262558446,72425,
2012-07-05,32.65994644165039,34.444100533189314,31.8669894877572,34.34498233187154,27376,
2012-07-06,35.7822151184082,38.854928510503626,32.70950550742978,32.75906460803582,247564,
2012-07-09,33.006866455078125,36.37693849360389,32.2139094404595,35.583981478985265,46267,
2012-07-10,33.75026321411133,34.19630270122025,31.7678688546203,32.51126673942944,10375,
2012-07-11,33.40334701538086,34.29542224324583,32.95730751088971,33.75026452936435,7063,
2012-07-12,32.75906753540039,34.39454446936561,32.16435071274977,34.39454446936561,5408,
2012-07-13,32.06522750854492,34.64234246514658,31.966109302225213,34.64234246514658,7499,
2012-07-16,32.85818862915039,34.642342829490026,31.916550534740868,34.642342829490026,10374,
2012-07-17,31.668750762939453,34.34498391409664,31.02447108134186,34.34498391409664,6622,
2012-07-18,30.38019371032715,31.718310304406,28.992518012621108,31.718310304406,14768,
2012-07-19,30.23151397705078,33.205105515777085,29.289875900230683,29.735915387263063,8956,
2012-07-20,30.08283424377441,31.569629986723147,29.785473960849536,30.627991926632195,7053,
2012-07-23,29.78547477722168,30.97491216040466,28.79427758808873,29.98371497127171,11350,
2012-07-24,29.488115310668945,32.16434838080181,29.14119592890231,32.16434838080181,3558,
2012-07-25,29.488115310668945,31.96610819391844,29.091636827460736,31.96610819391844,3954,
2012-07-26,28.89339637756348,29.73591432831065,28.546476998954816,29.636794235771244,3859,
2012-07-27,29.190757751464844,31.22271121732103,28.54647807104151,31.22271121732103,8223,
2012-07-30,29.28987503051757,30.67755255316533,28.89339654857188,30.67755255316533,5055,
2012-07-31,29.636795043945312,32.61038844842265,28.7447179678814,32.61038844842265,3981,
2012-08-01,29.686355590820312,30.974911137934992,28.84383762975677,30.974911137934992,2368,
2012-08-02,30.23151397705078,31.02447096448769,29.042076605336824,31.02447096448769,5364,
2012-08-03,28.397798538208008,31.52006924513668,28.001320048378084,31.52006924513668,28290,
2012-08-06,27.85264015197754,29.24031577683424,27.50572077312373,29.24031577683424,16383,
2012-08-07,28.100440979003903,28.249120180791085,27.35704307950941,28.05087998470244,14147,
2012-08-08,28.397798538208008,28.893397123135053,26.167604906036303,28.893397123135053,5052,
2012-08-09,28.001319885253903,28.843837852833435,27.90219979073421,28.744717758313744,9296,
2012-08-10,28.05087852478028,28.79427638558425,27.85264022956766,28.5464770986496,4889,
2012-08-13,28.29867935180664,28.695159744926467,27.257923046263663,28.695159744926467,6576,
2012-08-14,27.90220069885254,28.74471869385306,27.50572219842836,28.74471869385306,3900,
2012-08-16,28.59603881835937,28.695158913768307,27.95176103403917,28.695158913768307,8041,
2012-08-17,28.79427719116211,29.04207648502945,28.14999940521873,29.04207648502945,5905,
2012-08-21,28.79427719116211,29.735915264081456,27.95176110446,29.735915264081456,3386,
2012-08-22,28.24911880493164,29.24031595598188,27.95176041583998,29.24031595598188,3020,
2012-08-23,28.695158004760746,29.53767406265096,27.85264005631202,29.53767406265096,6125,
2012-08-24,29.141197204589844,29.24031730237062,27.852641605115604,28.74471870402536,3049,
2012-08-27,28.29867935180664,29.73591605046945,28.10044104580536,29.73591605046945,1241,
2012-08-28,27.158802032470703,28.64559778487485,26.8614436382133,28.64559778487485,5350,
2012-08-29,27.40660095214844,28.744717489242102,27.257921757039927,28.744717489242102,6231,
2012-08-30,27.30748176574707,28.69515934101641,26.41540467490149,28.645598347294733,20449,
2012-08-31,26.8614444732666,27.951761770369853,26.663204277226512,27.951761770369853,4518,
2012-09-03,27.75352096557617,27.95176115726801,26.861443884080085,27.95176115726801,4244,
2012-09-04,26.91100311279297,29.73591545956319,26.76232391360687,29.73591545956319,10110,
2012-09-05,26.663204193115234,27.654401389071623,26.56408409540787,27.654401389071623,12452,
2012-09-06,27.158802032470703,27.406601324538062,26.762323543274643,27.307481229599407,6821,
2012-09-07,27.25792121887207,27.65439969485305,26.86144274289109,27.65439969485305,7140,
2012-09-10,27.40660095214844,28.744717489242102,27.257921757039927,28.149998818249525,4148,
2012-09-11,27.95176124572754,28.249119643647767,27.40660166212901,28.249119643647767,9635,
2012-09-12,27.75352096557617,28.34823965009309,27.2083632742615,28.19956045160351,3354,
2012-09-13,28.14999961853028,28.64559821002045,27.505721827704765,28.64559821002045,3161,
2012-09-14,28.350000381469727,29.89999961853028,28.200000762939453,29.89999961853028,7696,
2012-09-17,28.700000762939453,29.5,28.350000381469727,29.5,4141,
2012-09-18,28.049999237060547,29.350000381469727,27.5,29.350000381469727,9714,
2012-09-20,27.350000381469727,28.5,27.100000381469727,28.5,6631,
2012-09-21,28.950000762939453,29.5,27.64999961853028,28.5,18102,
2012-09-24,29.549999237060547,30.200000762939453,28.0,28.0,16497,
2012-09-25,29.89999961853028,30.799999237060547,29.39999961853028,30.799999237060547,7485,
2012-09-26,29.799999237060547,30.799999237060547,29.600000381469727,30.799999237060547,6469,
2012-09-27,31.049999237060547,33.0,30.0,30.5,37647,
2012-09-28,31.799999237060547,32.29999923706055,31.049999237060547,32.29999923706055,11567,
2012-10-01,29.950000762939453,32.70000076293945,29.299999237060547,31.299999237060547,44614,
2012-10-03,29.450000762939453,30.350000381469727,28.0,30.0,70356,
2012-10-04,29.600000381469727,30.64999961853028,29.450000762939453,30.64999961853028,17563,
2012-10-05,29.450000762939453,30.950000762939453,29.39999961853028,30.450000762939453,16189,
2012-10-08,29.64999961853028,30.39999961853028,29.200000762939453,30.39999961853028,11610,
2012-10-09,28.75,32.95000076293945,28.600000381469727,32.95000076293945,806028,
2012-10-10,28.799999237060547,29.950000762939453,28.600000381469727,29.25,49801,
2012-10-11,29.100000381469727,29.89999961853028,28.700000762939453,29.14999961853028,6543,
2012-10-12,29.89999961853028,30.5,28.799999237060547,30.5,18405,
2012-10-15,33.150001525878906,33.849998474121094,30.700000762939453,30.700000762939453,541737,
2012-10-16,31.799999237060547,33.70000076293945,31.5,33.5,73208,
2012-10-17,31.14999961853028,32.650001525878906,30.450000762939453,30.450000762939453,32795,
2012-10-18,30.600000381469727,34.0,30.200000762939453,34.0,35025,
2012-10-19,29.950000762939453,31.14999961853028,29.5,30.5,15974,
2012-10-22,29.549999237060547,30.39999961853028,29.0,30.0,19516,
2012-10-23,28.799999237060547,30.0,28.64999961853028,30.0,24522,
2012-10-25,28.850000381469727,29.549999237060547,28.799999237060547,28.799999237060547,11976,
2012-10-29,28.100000381469727,28.950000762939453,28.0,28.950000762939453,19446,
2012-10-30,28.049999237060547,28.64999961853028,27.700000762939453,28.0,15703,
2012-10-31,28.049999237060547,28.950000762939453,27.5,28.799999237060547,14197,
2012-11-01,28.64999961853028,28.799999237060547,28.100000381469727,28.75,6354,
2012-11-02,28.100000381469727,29.700000762939453,27.64999961853028,29.700000762939453,13443,
2012-11-05,28.049999237060547,28.39999961853028,27.850000381469727,28.39999961853028,15956,
2012-11-06,27.75,29.700000762939453,27.64999961853028,28.700000762939453,19614,
2012-11-07,27.850000381469727,28.14999961853028,27.64999961853028,28.14999961853028,10957,
2012-11-08,27.799999237060547,28.850000381469727,27.299999237060547,27.75,14191,
2012-11-09,27.950000762939453,28.39999961853028,27.549999237060547,28.25,8572,
2012-11-12,27.799999237060547,28.450000762939453,27.299999237060547,28.450000762939453,12623,
2012-11-15,27.299999237060547,28.350000381469727,27.200000762939453,28.350000381469727,11324,
2012-11-16,26.950000762939453,27.89999961853028,26.89999961853028,27.5,9275,
2012-11-19,26.799999237060547,28.25,26.25,28.25,19665,
2012-11-20,26.100000381469727,27.549999237060547,25.700000762939453,26.600000381469727,37511,
2012-11-21,25.700000762939453,26.850000381469727,25.0,26.549999237060547,58508,
2012-11-22,25.64999961853028,26.0,25.299999237060547,25.950000762939453,11114,
2012-11-23,25.799999237060547,26.89999961853028,25.25,26.89999961853028,7744,
2012-11-26,27.25,27.75,26.0,26.5,16909,
2012-11-27,26.549999237060547,27.89999961853028,26.200000762939453,27.89999961853028,11663,
2012-11-29,27.100000381469727,27.549999237060547,26.299999237060547,26.299999237060547,36531,
2012-11-30,27.0,28.0,26.89999961853028,28.0,6699,
2012-12-03,26.39999961853028,27.5,26.100000381469727,27.5,13997,
2012-12-04,27.14999961853028,27.89999961853028,26.450000762939453,27.39999961853028,26027,
2012-12-05,28.14999961853028,28.39999961853028,27.350000381469727,27.89999961853028,19799,
2012-12-06,28.600000381469727,30.25,28.100000381469727,28.75,45556,
2012-12-07,27.75,29.5,27.39999961853028,29.5,25165,
2012-12-10,26.799999237060547,28.450000762939453,26.39999961853028,28.450000762939453,63652,
2012-12-11,26.75,27.850000381469727,26.39999961853028,26.89999961853028,21957,
2012-12-12,26.950000762939453,27.39999961853028,26.600000381469727,27.39999961853028,8245,
2012-12-13,26.850000381469727,27.5,26.700000762939453,27.5,3788,
2012-12-14,26.350000381469727,27.39999961853028,26.200000762939453,27.39999961853028,35041,
2012-12-17,25.75,26.75,25.39999961853028,26.75,28057,
2012-12-18,26.14999961853028,26.450000762939453,25.700000762939453,26.14999961853028,27771,
2012-12-19,26.850000381469727,28.25,26.100000381469727,26.299999237060547,112540,
2012-12-20,27.549999237060547,27.850000381469727,26.64999961853028,26.700000762939453,25822,
2012-12-21,27.049999237060547,27.700000762939453,27.0,27.600000381469727,16509,
2012-12-24,27.600000381469727,27.950000762939453,26.75,27.950000762939453,5379,
2012-12-26,28.39999961853028,28.89999961853028,27.600000381469727,27.600000381469727,21279,
2012-12-27,28.64999961853028,29.049999237060547,27.89999961853028,28.950000762939453,21217,
2012-12-28,28.39999961853028,29.200000762939453,28.049999237060547,29.200000762939453,6261,
2012-12-31,27.100000381469727,28.39999961853028,27.0,28.14999961853028,19040,
2013-01-01,27.850000381469727,28.25,27.0,27.75,11626,
2013-01-02,28.950000762939453,29.5,27.850000381469727,28.25,97319,
2013-01-03,27.700000762939453,29.450000762939453,27.549999237060547,28.950000762939453,79869,
2013-01-04,28.0,28.350000381469727,27.64999961853028,28.350000381469727,3907,
2013-01-07,28.14999961853028,28.850000381469727,27.600000381469727,28.450000762939453,11861,
2013-01-08,28.89999961853028,29.700000762939453,28.0,28.39999961853028,34432,
2013-01-09,28.450000762939453,29.450000762939453,28.049999237060547,29.0,23579,
2013-01-10,28.100000381469727,29.200000762939453,27.64999961853028,29.200000762939453,11892,
2013-01-11,27.850000381469727,29.200000762939453,27.64999961853028,27.89999961853028,10850,
2013-01-14,28.14999961853028,28.39999961853028,27.75,28.25,3196,
2013-01-15,27.75,28.5,27.549999237060547,28.5,7513,
2013-01-16,27.5,28.350000381469727,27.299999237060547,28.25,6599,
2013-01-17,27.25,28.25,27.0,28.25,6220,
2013-01-18,27.25,27.89999961853028,27.100000381469727,27.75,3985,
2013-01-21,27.14999961853028,27.89999961853028,27.0,27.89999961853028,4826,
2013-01-22,27.549999237060547,28.64999961853028,27.0,27.450000762939453,11313,
2013-01-23,27.049999237060547,28.299999237060547,26.850000381469727,28.299999237060547,6383,
2013-01-24,24.100000381469727,27.600000381469727,23.799999237060547,27.600000381469727,38976,
2013-01-25,25.25,25.39999961853028,23.39999961853028,24.89999961853028,16224,
2013-01-28,26.850000381469727,27.0,25.299999237060547,25.850000381469727,11467,
2013-01-29,25.75,27.25,25.100000381469727,27.25,7993,
2013-01-30,25.799999237060547,26.39999961853028,25.100000381469727,26.39999961853028,4764,
2013-01-31,25.100000381469727,26.350000381469727,24.850000381469727,26.350000381469727,4647,
2013-02-01,24.799999237060547,25.950000762939453,24.64999961853028,25.950000762939453,14543,
2013-02-04,23.89999961853028,25.64999961853028,23.450000762939453,25.64999961853028,14761,
2013-02-05,23.89999961853028,24.64999961853028,23.049999237060547,24.25,12985,
2013-02-06,23.950000762939453,24.5,23.5,24.100000381469727,9134,
2013-02-07,23.799999237060547,24.200000762939453,23.549999237060547,23.700000762939453,4600,
2013-02-08,23.950000762939453,24.299999237060547,22.799999237060547,23.5,23881,
2013-02-11,25.950000762939453,27.799999237060547,23.39999961853028,24.5,26301,
2013-02-12,23.39999961853028,26.850000381469727,22.350000381469727,26.850000381469727,59029,
2013-02-13,22.75,27.75,22.39999961853028,24.200000762939453,319859,
2013-02-14,21.5,23.5,20.89999961853028,22.299999237060547,58452,
2013-02-15,21.600000381469727,22.25,20.64999961853028,21.0,9319,
2013-02-18,21.64999961853028,22.5,21.25,22.39999961853028,23577,
2013-02-19,22.25,22.64999961853028,20.700000762939453,20.799999237060547,25501,
2013-02-20,22.39999961853028,23.200000762939453,21.850000381469727,23.200000762939453,9735,
2013-02-21,21.950000762939453,22.39999961853028,21.700000762939453,22.39999961853028,10087,
2013-02-22,21.299999237060547,22.89999961853028,21.200000762939453,22.89999961853028,21751,
2013-02-25,21.75,22.39999961853028,21.450000762939453,21.950000762939453,5355,
2013-02-26,21.5,21.950000762939453,21.049999237060547,21.299999237060547,4996,
2013-02-27,20.64999961853028,22.89999961853028,20.0,22.89999961853028,49171,
2013-02-28,20.75,21.850000381469727,20.5,21.850000381469727,7820,
2013-03-01,20.049999237060547,21.89999961853028,19.799999237060547,21.89999961853028,28203,
2013-03-04,20.549999237060547,20.850000381469727,19.600000381469727,20.450000762939453,7516,
2013-03-05,20.600000381469727,21.0,20.100000381469727,21.0,4781,
2013-03-06,21.200000762939453,21.450000762939453,20.350000381469727,21.350000381469727,9218,
2013-03-07,21.299999237060547,21.600000381469727,20.700000762939453,21.549999237060547,3000,
2013-03-08,21.14999961853028,21.89999961853028,20.39999961853028,21.5,12232,
2013-03-11,21.350000381469727,21.600000381469727,20.450000762939453,20.5,7185,
2013-03-12,21.850000381469727,22.799999237060547,20.700000762939453,22.799999237060547,11360,
2013-03-13,21.39999961853028,22.950000762939453,21.14999961853028,22.950000762939453,8899,
2013-03-14,22.049999237060547,22.850000381469727,21.0,21.0,7546,
2013-03-15,22.100000381469727,23.100000381469727,21.25,23.100000381469727,6229,
2013-03-18,22.549999237060547,22.799999237060547,21.049999237060547,22.0,7205,
2013-03-19,21.700000762939453,22.75,21.350000381469727,22.39999961853028,8652,
2013-03-20,21.39999961853028,22.450000762939453,20.64999961853028,22.450000762939453,6311,
2013-03-21,21.299999237060547,22.200000762939453,20.700000762939453,22.14999961853028,12247,
2013-03-22,20.89999961853028,21.450000762939453,20.700000762939453,20.850000381469727,11404,
2013-03-25,20.200000762939453,22.450000762939453,19.850000381469727,22.450000762939453,11148,
2013-03-26,20.350000381469727,21.0,19.700000762939453,21.0,7156,
2013-03-28,20.64999961853028,20.950000762939453,19.5,20.950000762939453,8426,
2013-04-01,20.350000381469727,21.450000762939453,19.799999237060547,21.350000381469727,16868,
2013-04-02,20.549999237060547,21.25,20.049999237060547,20.75,10250,
2013-04-03,20.0,22.0,19.39999961853028,22.0,23054,
2013-04-04,19.549999237060547,20.39999961853028,19.200000762939453,20.39999961853028,5574,
2013-04-05,20.299999237060547,20.39999961853028,19.75,20.299999237060547,4576,
2013-04-08,19.700000762939453,20.75,18.100000381469727,20.75,9556,
2013-04-09,19.100000381469727,20.299999237060547,18.549999237060547,20.0,26787,
2013-04-10,19.39999961853028,19.64999961853028,18.799999237060547,19.549999237060547,5998,
2013-04-11,19.75,19.89999961853028,18.700000762939453,18.75,5864,
2013-04-12,20.0,20.0,19.5,19.850000381469727,5272,
2013-04-15,19.450000762939453,20.200000762939453,19.0,19.0,7304,
2013-04-16,19.5,20.0,18.850000381469727,20.0,19764,
2013-04-17,20.0,20.25,19.39999961853028,20.0,4000,
2013-04-18,20.200000762939453,20.75,19.450000762939453,20.0,4736,
2013-04-22,20.64999961853028,21.450000762939453,19.5,21.450000762939453,15360,
2013-04-23,21.049999237060547,21.39999961853028,20.0,20.5,5575,
2013-04-25,21.049999237060547,21.5,20.0,20.75,7879,
2013-04-26,21.049999237060547,21.64999961853028,20.75,21.049999237060547,11235,
2013-04-29,19.850000381469727,21.700000762939453,19.700000762939453,20.25,6863,
2013-04-30,20.299999237060547,20.39999961853028,19.25,19.950000762939453,4505,
2013-05-02,20.100000381469727,20.5,19.799999237060547,20.5,3550,
2013-05-03,21.25,21.299999237060547,20.14999961853028,20.549999237060547,7421,
2013-05-06,21.049999237060547,21.5,20.64999961853028,21.5,10609,
2013-05-07,21.0,21.200000762939453,20.39999961853028,21.200000762939453,7133,
2013-05-08,21.350000381469727,21.950000762939453,20.799999237060547,21.950000762939453,19952,
2013-05-09,21.299999237060547,22.100000381469727,21.049999237060547,22.100000381469727,5199,
2013-05-10,21.0,21.5,20.700000762939453,21.5,7501,
2013-05-13,20.700000762939453,21.5,20.25,21.049999237060547,11306,
2013-05-14,21.5,21.5,20.5,20.5,4571,
2013-05-15,20.64999961853028,21.5,20.299999237060547,21.25,13853,
2013-05-16,20.75,21.0,20.39999961853028,20.39999961853028,5603,
2013-05-17,20.700000762939453,20.950000762939453,20.049999237060547,20.950000762939453,6575,
2013-05-20,21.049999237060547,21.5,20.64999961853028,21.299999237060547,11391,
2013-05-21,21.25,21.350000381469727,21.0,21.0,4448,
2013-05-22,21.100000381469727,21.75,21.0,21.14999961853028,6289,
2013-05-23,20.350000381469727,20.950000762939453,20.14999961853028,20.75,10729,
2013-05-24,20.14999961853028,20.350000381469727,19.700000762939453,20.100000381469727,4579,
2013-05-27,19.700000762939453,20.350000381469727,19.200000762939453,20.14999961853028,14240,
2013-05-28,19.950000762939453,20.350000381469727,19.450000762939453,19.5,4757,
2013-05-29,20.64999961853028,20.950000762939453,19.39999961853028,19.600000381469727,3900,
2013-05-30,21.0,21.25,20.14999961853028,20.450000762939453,4717,
2013-05-31,20.5,20.89999961853028,20.049999237060547,20.75,8504,
2013-06-03,19.89999961853028,20.799999237060547,19.549999237060547,20.5,12694,
2013-06-04,20.25,20.450000762939453,19.39999961853028,19.700000762939453,3760,
2013-06-05,20.049999237060547,20.14999961853028,19.200000762939453,20.14999961853028,5089,
2013-06-06,20.950000762939453,21.0,19.600000381469727,20.600000381469727,4650,
2013-06-07,20.75,21.25,20.450000762939453,21.25,4529,
2013-06-10,20.64999961853028,21.25,20.450000762939453,21.200000762939453,6594,
2013-06-11,19.39999961853028,21.950000762939453,19.0,21.950000762939453,14598,
2013-06-12,19.299999237060547,19.75,19.0,19.75,8068,
2013-06-13,19.350000381469727,20.200000762939453,19.049999237060547,20.200000762939453,5556,
2013-06-14,19.549999237060547,20.0,19.25,19.89999961853028,10280,
2013-06-17,19.75,19.89999961853028,19.25,19.89999961853028,3502,
2013-06-18,19.950000762939453,20.200000762939453,19.450000762939453,20.200000762939453,6132,
2013-06-19,20.39999961853028,20.700000762939453,19.450000762939453,20.0,5406,
2013-06-20,20.14999961853028,20.64999961853028,19.75,20.350000381469727,4811,
2013-06-21,20.200000762939453,20.549999237060547,19.64999961853028,19.64999961853028,4912,
2013-06-24,19.64999961853028,21.64999961853028,19.200000762939453,21.64999961853028,16063,
2013-06-25,19.850000381469727,20.600000381469727,19.14999961853028,20.600000381469727,4585,
2013-06-26,19.850000381469727,20.549999237060547,19.200000762939453,20.549999237060547,4707,
2013-06-27,19.0,20.549999237060547,18.549999237060547,20.549999237060547,19186,
2013-06-28,19.450000762939453,20.200000762939453,18.75,18.75,4460,
2013-07-01,18.89999961853028,20.200000762939453,18.75,20.200000762939453,18541,
2013-07-02,19.200000762939453,19.25,18.799999237060547,19.25,4223,
2013-07-03,18.5,19.450000762939453,18.350000381469727,19.450000762939453,8227,
2013-07-04,19.14999961853028,19.350000381469727,18.39999961853028,19.0,4429,
2013-07-05,19.600000381469727,19.89999961853028,18.850000381469727,19.89999961853028,4946,
2013-07-08,18.950000762939453,20.950000762939453,18.5,20.950000762939453,5413,
2013-07-09,19.25,19.450000762939453,18.450000762939453,19.450000762939453,7304,
2013-07-10,19.100000381469727,19.549999237060547,18.89999961853028,19.5,3169,
2013-07-11,19.64999961853028,20.0,19.100000381469727,20.0,3842,
2013-07-12,20.049999237060547,20.299999237060547,19.0,20.0,4618,
2013-07-15,19.600000381469727,20.600000381469727,18.89999961853028,20.600000381469727,6363,
2013-07-16,19.049999237060547,21.450000762939453,18.89999961853028,21.39999961853028,8371,
2013-07-17,19.850000381469727,20.0,18.700000762939453,19.700000762939453,6090,
2013-07-18,19.049999237060547,20.600000381469727,18.75,20.600000381469727,12355,
2013-07-19,19.200000762939453,19.5,18.950000762939453,19.450000762939453,5716,
2013-07-22,18.64999961853028,19.14999961853028,18.100000381469727,19.0,17989,
2013-07-23,18.600000381469727,18.850000381469727,18.200000762939453,18.850000381469727,7677,
2013-07-24,18.39999961853028,19.14999961853028,18.049999237060547,18.950000762939453,8535,
2013-07-25,18.100000381469727,19.200000762939453,17.850000381469727,19.200000762939453,6274,
2013-07-26,17.899999618530273,19.200000762939453,17.600000381469727,19.200000762939453,19257,
2013-07-29,18.299999237060547,19.850000381469727,17.850000381469727,19.0,6444,
2013-07-30,17.0,19.14999961853028,16.899999618530273,19.14999961853028,10034,
2013-07-31,16.100000381469727,17.850000381469727,16.049999237060547,17.850000381469727,9547,
2013-08-01,15.149999618530272,17.850000381469727,15.100000381469728,17.850000381469727,7391,
2013-08-02,14.449999809265137,15.949999809265137,14.100000381469728,15.949999809265137,3327,
2013-08-05,12.300000190734863,14.899999618530272,12.100000381469728,14.899999618530272,12858,
2013-08-06,11.850000381469728,13.25,11.5,13.25,3317,
2013-08-07,12.800000190734863,12.850000381469728,11.699999809265137,12.350000381469728,3292,
2013-08-08,13.25,13.699999809265137,12.25,12.5,2794,
2013-08-12,13.899999618530272,14.100000381469728,13.0,13.649999618530272,2809,
2013-08-13,13.649999618530272,13.899999618530272,13.5,13.850000381469728,1072,
2013-08-14,13.149999618530272,14.399999618530272,12.75,14.399999618530272,6654,
2013-08-16,13.0,14.050000190734863,12.050000190734863,14.0,2952,
2013-08-19,13.100000381469728,13.5,12.5,13.25,2332,
2013-08-20,13.850000381469728,14.0,13.449999809265137,13.899999618530272,3609,
2013-08-21,13.550000190734863,15.050000190734863,13.199999809265137,15.050000190734863,3187,
2013-08-22,14.600000381469728,14.899999618530272,13.350000381469728,14.699999809265137,6118,
2013-08-23,14.550000190734863,15.5,14.399999618530272,15.0,1717,
2013-08-26,15.050000190734863,15.350000381469728,14.699999809265137,15.350000381469728,1596,
2013-08-27,13.899999618530272,15.5,13.550000190734863,15.5,8006,
2013-08-28,13.399999618530272,13.949999809265137,12.699999809265137,13.949999809265137,6061,
2013-08-29,14.199999809265137,14.25,13.25,13.949999809265137,1374,
2013-08-30,14.100000381469728,14.600000381469728,13.449999809265137,14.600000381469728,4392,
2013-09-02,13.75,14.649999618530272,13.550000190734863,14.649999618530272,3192,
2013-09-03,13.350000381469728,14.100000381469728,13.25,14.050000190734863,1185,
2013-09-04,14.0,14.050000190734863,13.050000190734863,13.050000190734863,4650,
2013-09-05,14.199999809265137,14.800000190734863,13.550000190734863,14.800000190734863,2959,
2013-09-06,14.800000190734863,15.0,14.25,14.949999809265137,2477,
2013-09-10,14.800000190734863,15.199999809265137,14.300000190734863,14.300000190734863,5178,
2013-09-11,14.800000190734863,15.600000381469728,14.5,15.600000381469728,2175,
2013-09-12,14.350000381469728,15.699999809265137,14.0,15.699999809265137,6644,
2013-09-13,15.0,15.25,14.25,14.899999618530272,1518,
2013-09-16,14.850000381469728,16.350000381469727,14.699999809265137,16.149999618530273,1484,
2013-09-17,15.350000381469728,15.800000190734863,14.5,14.649999618530272,2642,
2013-09-18,14.399999618530272,16.350000381469727,14.100000381469728,16.350000381469727,6231,
2013-09-19,14.850000381469728,15.199999809265137,14.149999618530272,14.800000190734863,6793,
2013-09-20,14.850000381469728,15.949999809265137,14.300000190734863,15.949999809265137,3337,
2013-09-23,15.350000381469728,15.399999618530272,14.550000190734863,15.0,1826,
2013-09-24,15.600000381469728,16.149999618530273,14.800000190734863,16.0,1585,
2013-09-25,16.0,16.0,15.100000381469728,16.0,3412,
2013-09-26,16.0,16.149999618530273,15.300000190734863,16.0,2611,
2013-09-27,15.550000190734863,15.949999809265137,15.300000190734863,15.350000381469728,736,
2013-09-30,15.300000190734863,15.550000190734863,15.100000381469728,15.199999809265137,1467,
2013-10-01,15.949999809265137,16.0,15.350000381469728,15.649999618530272,864,
2013-10-03,15.550000190734863,16.0,15.100000381469728,16.0,3749,
2013-10-04,15.100000381469728,16.25,15.100000381469728,16.25,2555,
2013-10-07,15.5,16.0,14.800000190734863,16.0,1946,
2013-10-08,16.149999618530273,16.5,15.149999618530272,15.850000381469728,4787,
2013-10-09,15.949999809265137,16.350000381469727,15.5,16.350000381469727,1769,
2013-10-10,18.100000381469727,18.75,16.5,16.75,18373,
2013-10-11,17.5,18.549999237060547,16.549999237060547,17.950000762939453,2920,
2013-10-14,17.100000381469727,18.0,17.0,18.0,3968,
2013-10-15,18.5,20.200000762939453,17.399999618530273,18.64999961853028,16528,
2013-10-17,17.399999618530273,19.0,16.600000381469727,19.0,5957,
2013-10-18,17.649999618530273,18.850000381469727,17.0,17.549999237060547,6223,
2013-10-21,17.399999618530273,17.75,17.299999237060547,17.5,2436,
2013-10-22,17.200000762939453,18.0,17.100000381469727,17.75,3162,
2013-10-23,16.899999618530273,19.25,16.450000762939453,19.0,4226,
2013-10-24,17.100000381469727,18.39999961853028,16.75,18.39999961853028,11370,
2013-10-25,18.100000381469727,18.100000381469727,16.899999618530273,17.700000762939453,16788,
2013-10-28,18.049999237060547,18.799999237060547,17.350000381469727,18.299999237060547,2685,
2013-10-29,17.399999618530273,18.25,16.799999237060547,18.25,4609,
2013-10-30,17.5,17.850000381469727,15.699999809265137,17.0,13593,
2013-10-31,17.100000381469727,18.200000762939453,16.75,18.200000762939453,13688,
2013-11-01,16.950000762939453,17.799999237060547,16.399999618530273,16.399999618530273,9553,
2013-11-05,16.549999237060547,17.200000762939453,16.0,16.399999618530273,6032,
2013-11-06,18.39999961853028,19.64999961853028,16.75,17.200000762939453,41034,
2013-11-07,18.950000762939453,19.5,18.5,19.5,6587,
2013-11-08,18.600000381469727,19.25,18.049999237060547,19.0,7388,
2013-11-11,18.0,20.0,18.0,20.0,2461,
2013-11-12,17.149999618530273,18.600000381469727,17.049999237060547,18.600000381469727,1604,
2013-11-13,16.799999237060547,18.450000762939453,16.700000762939453,18.450000762939453,6737,
2013-11-14,16.25,17.350000381469727,16.100000381469727,16.600000381469727,6882,
2013-11-18,16.350000381469727,17.299999237060547,16.0,16.399999618530273,8901,
2013-11-19,16.649999618530273,17.299999237060547,16.399999618530273,17.299999237060547,4979,
2013-11-20,17.350000381469727,17.600000381469727,16.0,16.649999618530273,7840,
2013-11-21,17.149999618530273,18.25,16.100000381469727,18.25,2191,
2013-11-22,16.549999237060547,18.200000762939453,15.800000190734863,18.200000762939453,3013,
2013-11-25,16.649999618530273,17.350000381469727,16.049999237060547,16.5,1954,
2013-11-26,16.850000381469727,17.200000762939453,16.75,16.950000762939453,3215,
2013-11-27,16.450000762939453,18.5,15.550000190734863,18.5,6189,
2013-11-28,16.700000762939453,17.75,15.949999809265137,17.75,2838,
2013-11-29,16.549999237060547,17.200000762939453,16.399999618530273,17.200000762939453,5110,
2013-12-02,17.200000762939453,18.950000762939453,16.899999618530273,18.950000762939453,2356,
2013-12-03,17.100000381469727,18.100000381469727,16.700000762939453,18.100000381469727,3488,
2013-12-04,17.0,17.950000762939453,16.950000762939453,17.950000762939453,1291,
2013-12-05,17.149999618530273,17.950000762939453,16.75,17.950000762939453,3794,
2013-12-06,16.649999618530273,17.75,16.399999618530273,17.75,13432,
2013-12-09,16.549999237060547,17.5,15.149999618530272,17.5,18538,
2013-12-10,16.299999237060547,17.200000762939453,16.149999618530273,17.200000762939453,5186,
2013-12-11,15.75,16.950000762939453,15.550000190734863,16.950000762939453,22424,
2013-12-12,15.75,17.149999618530273,15.550000190734863,16.350000381469727,3556,
2013-12-13,15.949999809265137,17.100000381469727,15.75,17.100000381469727,6567,
2013-12-16,15.899999618530272,16.850000381469727,15.75,16.850000381469727,712,
2013-12-17,15.699999809265137,17.0,15.600000381469728,17.0,2942,
2013-12-18,15.350000381469728,16.75,15.25,16.75,2874,
2013-12-19,15.25,16.0,15.199999809265137,15.399999618530272,3438,
2013-12-20,15.75,16.25,15.050000190734863,16.25,3554,
2013-12-23,15.699999809265137,16.25,15.600000381469728,16.25,2964,
2013-12-24,16.649999618530273,17.0,15.699999809265137,16.299999237060547,8104,
2013-12-26,17.299999237060547,17.5,16.5,17.0,11875,
2013-12-27,16.899999618530273,17.700000762939453,16.5,17.0,5405,
2013-12-30,16.649999618530273,17.600000381469727,16.350000381469727,17.100000381469727,7497,
2013-12-31,16.450000762939453,17.149999618530273,16.350000381469727,17.149999618530273,6981,
2014-01-01,16.600000381469727,16.899999618530273,16.5,16.899999618530273,6738,
2014-01-02,17.5,18.100000381469727,16.75,17.049999237060547,49974,
2014-01-03,16.950000762939453,17.799999237060547,16.649999618530273,17.799999237060547,1192,
2014-01-06,16.75,17.75,16.649999618530273,17.75,3352,
2014-01-07,17.049999237060547,17.25,16.600000381469727,17.0,3201,
2014-01-08,16.899999618530273,17.600000381469727,16.450000762939453,16.450000762939453,5920,
2014-01-09,17.75,18.0,16.5,17.850000381469727,12122,
2014-01-10,17.049999237060547,18.350000381469727,17.049999237060547,18.0,7427,
2014-01-13,16.649999618530273,17.049999237060547,16.450000762939453,17.049999237060547,4612,
2014-01-14,16.549999237060547,17.600000381469727,16.5,17.600000381469727,7354,
2014-01-15,16.700000762939453,16.950000762939453,16.5,16.5,3175,
2014-01-16,16.399999618530273,17.0,16.25,16.600000381469727,7465,
2014-01-17,16.5,17.0,16.25,17.0,448,
2014-01-20,16.299999237060547,17.0,16.200000762939453,16.649999618530273,3091,
2014-01-21,16.200000762939453,17.450000762939453,16.200000762939453,17.450000762939453,3098,
2014-01-22,16.299999237060547,17.0,16.25,17.0,2682,
2014-01-23,17.0,17.75,16.649999618530273,16.950000762939453,23667,
2014-01-24,16.899999618530273,17.549999237060547,16.700000762939453,17.549999237060547,7654,
2014-01-27,16.549999237060547,17.200000762939453,16.200000762939453,16.799999237060547,3773,
2014-01-28,15.600000381469728,17.049999237060547,14.350000381469728,17.049999237060547,23800,
2014-01-29,15.649999618530272,16.950000762939453,15.600000381469728,16.950000762939453,6100,
2014-01-30,14.850000381469728,16.350000381469727,14.800000190734863,16.350000381469727,2325,
2014-01-31,14.550000190734863,16.0,13.75,16.0,5618,
2014-02-03,14.300000190734863,16.0,14.0,14.0,4235,
2014-02-04,14.800000190734863,15.0,14.100000381469728,15.0,1736,
2014-02-05,14.949999809265137,15.75,14.800000190734863,15.75,418,
2014-02-06,14.550000190734863,15.25,14.449999809265137,15.25,2799,
2014-02-07,15.149999618530272,16.700000762939453,14.75,16.700000762939453,3516,
2014-02-10,15.0,15.550000190734863,14.699999809265137,15.550000190734863,1219,
2014-02-11,15.649999618530272,15.850000381469728,14.25,14.800000190734863,5782,
2014-02-12,15.5,15.75,14.800000190734863,15.75,1178,
2014-02-13,15.5,15.850000381469728,15.100000381469728,15.850000381469728,700,
2014-02-14,15.75,15.949999809265137,15.399999618530272,15.850000381469728,1876,
2014-02-17,14.899999618530272,15.800000190734863,14.5,15.800000190734863,3807,
2014-02-18,14.800000190734863,15.449999809265137,14.5,14.699999809265137,3254,
2014-02-19,14.75,15.649999618530272,14.600000381469728,15.649999618530272,2950,
2014-02-20,14.5,15.399999618530272,14.350000381469728,14.649999618530272,10295,
2014-02-21,14.550000190734863,15.050000190734863,14.5,15.050000190734863,1240,
2014-02-24,14.5,15.199999809265137,14.399999618530272,15.100000381469728,2724,
2014-02-25,14.75,15.199999809265137,14.5,14.5,2244,
2014-02-26,14.5,15.199999809265137,14.149999618530272,15.199999809265137,1103,
2014-02-28,14.5,14.899999618530272,14.25,14.899999618530272,2634,
2014-03-03,14.949999809265137,15.199999809265137,14.199999809265137,15.199999809265137,381,
2014-03-04,14.350000381469728,15.199999809265137,14.050000190734863,15.199999809265137,3567,
2014-03-05,14.75,15.100000381469728,14.100000381469728,15.100000381469728,4746,
2014-03-06,14.600000381469728,15.600000381469728,14.5,15.100000381469728,17300,
2014-03-07,14.550000190734863,14.949999809265137,14.25,14.600000381469728,2092,
2014-03-10,14.5,15.100000381469728,14.0,14.399999618530272,747,
2014-03-11,14.800000190734863,15.800000190734863,14.550000190734863,15.800000190734863,4060,
2014-03-12,14.949999809265137,15.199999809265137,14.5,15.100000381469728,4698,
2014-03-13,14.699999809265137,15.0,14.550000190734863,14.800000190734863,1541,
2014-03-14,14.5,15.0,14.300000190734863,15.0,3329,
2014-03-18,14.699999809265137,14.949999809265137,14.350000381469728,14.949999809265137,3394,
2014-03-19,14.550000190734863,14.850000381469728,14.449999809265137,14.550000190734863,1930,
2014-03-20,14.050000190734863,14.699999809265137,13.699999809265137,14.649999618530272,22263,
2014-03-21,14.199999809265137,14.600000381469728,14.0,14.0,2540,
2014-03-24,14.25,14.399999618530272,13.899999618530272,14.399999618530272,3320,
2014-03-25,14.149999618530272,14.600000381469728,13.5,14.600000381469728,4474,
2014-03-26,14.050000190734863,14.949999809265137,13.649999618530272,14.300000190734863,12904,
2014-03-27,14.300000190734863,14.600000381469728,13.699999809265137,14.050000190734863,14669,
2014-03-28,14.100000381469728,14.300000190734863,12.25,14.300000190734863,34948,
2014-03-31,15.0,15.300000190734863,14.199999809265137,14.199999809265137,8211,
2014-04-01,15.050000190734863,16.200000762939453,14.300000190734863,15.399999618530272,5719,
2014-04-02,15.350000381469728,15.600000381469728,14.550000190734863,15.600000381469728,5750,
2014-04-03,15.550000190734863,15.75,15.100000381469728,15.75,6602,
2014-04-04,15.949999809265137,16.950000762939453,15.449999809265137,16.950000762939453,14543,
2014-04-07,16.200000762939453,16.950000762939453,16.0,16.600000381469727,13873,
2014-04-09,17.5,17.799999237060547,16.0,17.350000381469727,30678,
2014-04-10,17.75,17.899999618530273,17.25,17.5,8539,
2014-04-11,17.5,17.950000762939453,16.899999618530273,17.600000381469727,6998,
2014-04-15,17.100000381469727,17.950000762939453,17.0,17.950000762939453,3277,
2014-04-16,17.049999237060547,18.450000762939453,16.75,18.450000762939453,7518,
2014-04-17,16.950000762939453,18.200000762939453,16.799999237060547,18.200000762939453,4874,
2014-04-21,17.5,18.14999961853028,17.0,18.14999961853028,4425,
2014-04-22,17.049999237060547,17.799999237060547,16.899999618530273,17.799999237060547,4666,
2014-04-23,17.450000762939453,17.799999237060547,16.950000762939453,17.75,12588,
2014-04-24,17.450000762939453,17.450000762939453,17.450000762939453,17.450000762939453,0,
2014-04-25,17.399999618530273,17.950000762939453,16.5,17.950000762939453,8350,
2014-04-28,16.950000762939453,17.950000762939453,16.799999237060547,17.950000762939453,5157,
2014-04-29,17.100000381469727,17.299999237060547,16.299999237060547,16.799999237060547,3774,
2014-04-30,16.600000381469727,17.299999237060547,16.5,17.299999237060547,2733,
2014-05-02,16.75,17.25,16.700000762939453,17.25,1746,
2014-05-05,16.700000762939453,17.0,16.549999237060547,17.0,10613,
2014-05-06,17.25,17.5,16.700000762939453,16.950000762939453,3892,
2014-05-07,16.899999618530273,17.5,16.850000381469727,17.200000762939453,5168,
2014-05-08,17.149999618530273,17.299999237060547,16.899999618530273,16.899999618530273,6483,
2014-05-09,16.649999618530273,18.049999237060547,16.350000381469727,18.049999237060547,16329,
2014-05-12,16.350000381469727,17.950000762939453,15.850000381469728,17.950000762939453,11838,
2014-05-13,16.899999618530273,17.0,16.299999237060547,16.450000762939453,11730,
2014-05-14,17.149999618530273,17.299999237060547,16.450000762939453,16.950000762939453,6046,
2014-05-15,17.149999618530273,17.450000762939453,16.850000381469727,17.350000381469727,12982,
2014-05-16,16.899999618530273,17.5,15.699999809265137,17.149999618530273,20262,
2014-05-19,18.25,18.89999961853028,16.100000381469727,16.799999237060547,67346,
2014-05-20,19.200000762939453,19.5,18.5,18.600000381469727,24842,
2014-05-21,20.75,20.89999961853028,19.0,19.0,30486,
2014-05-22,23.75,24.350000381469727,21.5,21.5,89585,
2014-05-23,28.5,28.5,24.25,24.75,123850,
2014-05-26,26.700000762939453,31.200000762939453,25.799999237060547,29.100000381469727,126772,
2014-05-27,26.200000762939453,26.799999237060547,24.049999237060547,26.75,49232,
2014-05-28,26.950000762939453,27.700000762939453,25.5,25.5,25420,
2014-05-29,26.549999237060547,27.14999961853028,26.5,26.549999237060547,11052,
2014-05-30,25.850000381469727,27.0,25.14999961853028,27.0,9390,
2014-06-02,26.100000381469727,27.450000762939453,25.850000381469727,25.850000381469727,29940,
2014-06-03,26.600000381469727,27.350000381469727,24.200000762939453,27.350000381469727,20573,
2014-06-04,29.200000762939453,29.25,26.799999237060547,27.5,113888,
2014-06-05,30.350000381469727,30.700000762939453,29.5,29.950000762939453,74560,
2014-06-06,30.049999237060547,32.0,28.89999961853028,31.25,69027,
2014-06-09,30.89999961853028,31.89999961853028,29.5,30.0,66736,
2014-06-10,33.95000076293945,33.95000076293945,30.850000381469727,30.850000381469727,133322,
2014-06-11,33.29999923706055,35.599998474121094,33.099998474121094,35.54999923706055,101729,
2014-06-12,32.29999923706055,34.5,31.64999961853028,34.5,196419,
2014-06-13,30.950000762939453,33.0,30.700000762939453,30.700000762939453,19432,
2014-06-16,29.450000762939453,30.600000381469727,29.450000762939453,30.600000381469727,9224,
2014-06-17,29.14999961853028,30.0,28.0,29.049999237060547,4879,
2014-06-18,28.700000762939453,30.5,28.549999237060547,30.5,6309,
2014-06-19,28.950000762939453,30.0,27.299999237060547,29.950000762939453,4712,
2014-06-20,27.75,29.299999237060547,27.600000381469727,29.299999237060547,155038,
2014-06-23,27.100000381469727,28.39999961853028,26.549999237060547,27.39999961853028,2762,
2014-06-24,28.25,28.450000762939453,27.0,27.0,2730,
2014-06-25,28.700000762939453,29.5,28.25,28.799999237060547,1782,
2014-06-26,28.549999237060547,29.5,27.5,28.75,2695,
2014-06-27,29.64999961853028,29.950000762939453,28.299999237060547,29.75,4975,
2014-06-30,30.0,31.0,28.350000381469727,28.350000381469727,10876,
2014-07-01,29.850000381469727,30.0,28.5,29.5,6299,
2014-07-02,30.89999961853028,31.299999237060547,28.5,29.0,29312,
2014-07-03,30.950000762939453,31.0,29.5,29.5,17105,
2014-07-04,29.75,31.75,29.450000762939453,30.39999961853028,12323,
2014-07-07,28.64999961853028,31.0,28.299999237060547,29.5,11143,
2014-07-08,28.0,29.0,27.25,28.5,7989,
2014-07-09,27.75,28.950000762939453,26.600000381469727,28.950000762939453,1657,
2014-07-10,28.0,29.0,26.450000762939453,27.100000381469727,4904,
2014-07-11,27.049999237060547,28.0,27.0,27.64999961853028,2009,
2014-07-14,25.700000762939453,26.5,25.700000762939453,26.049999237060547,8666,
2014-07-15,26.25,26.5,26.100000381469727,26.100000381469727,1206,
2014-07-16,26.39999961853028,27.549999237060547,26.0,27.5,2603,
2014-07-17,27.549999237060547,27.700000762939453,26.5,27.39999961853028,9203,
2014-07-18,28.450000762939453,28.75,27.0,27.700000762939453,2272,
2014-07-21,28.049999237060547,28.950000762939453,27.64999961853028,28.0,10570,
2014-07-22,27.14999961853028,28.0,27.14999961853028,28.0,6557,
2014-07-23,28.450000762939453,28.5,27.700000762939453,27.89999961853028,29160,
2014-07-24,29.700000762939453,29.850000381469727,28.0,28.75,7637,
2014-07-25,28.25,29.200000762939453,28.25,28.299999237060547,2727,
2014-07-28,27.0,28.0,26.950000762939453,28.0,5609,
2014-07-30,27.5,27.89999961853028,26.049999237060547,26.89999961853028,681,
2014-07-31,26.75,27.5,26.200000762939453,27.5,3061,
2014-08-01,26.0,28.0,25.600000381469727,26.200000762939453,7431,
2014-08-04,26.200000762939453,27.25,25.549999237060547,25.64999961853028,3896,
2014-08-05,27.200000762939453,27.5,26.0,27.5,5161,
2014-08-06,27.200000762939453,27.5,26.049999237060547,26.049999237060547,3893,
2014-08-07,26.100000381469727,26.799999237060547,25.850000381469727,26.14999961853028,3949,
2014-08-08,24.850000381469727,27.350000381469727,24.799999237060547,25.850000381469727,6256,
2014-08-11,25.14999961853028,25.25,24.200000762939453,24.850000381469727,3454,
2014-08-12,24.450000762939453,25.200000762939453,24.299999237060547,24.799999237060547,7363,
2014-08-13,23.299999237060547,24.950000762939453,23.25,24.200000762939453,4726,
2014-08-14,24.25,24.450000762939453,23.299999237060547,23.299999237060547,6625,
2014-08-18,25.299999237060547,25.450000762939453,24.299999237060547,25.450000762939453,22295,
2014-08-19,26.100000381469727,26.350000381469727,24.25,24.25,14284,
2014-08-20,26.5,27.0,26.25,26.700000762939453,9330,
2014-08-21,27.14999961853028,27.450000762939453,26.799999237060547,27.0,6457,
2014-08-22,26.64999961853028,27.850000381469727,26.600000381469727,27.14999961853028,7680,
2014-08-25,26.950000762939453,27.299999237060547,26.799999237060547,26.89999961853028,3808,
2014-08-26,26.5,27.25,25.799999237060547,26.350000381469727,5777,
2014-08-27,25.75,26.450000762939453,25.350000381469727,26.0,17328,
2014-08-28,25.14999961853028,26.600000381469727,24.600000381469727,25.799999237060547,4329,
2014-09-01,25.450000762939453,26.299999237060547,24.700000762939453,25.0,4600,
2014-09-02,24.799999237060547,25.25,24.299999237060547,25.25,19903,
2014-09-03,24.100000381469727,25.0,23.700000762939453,24.450000762939453,28727,
2014-09-04,23.39999961853028,24.5,23.0,24.5,19425,
2014-09-05,23.299999237060547,23.950000762939453,23.0,23.39999961853028,16755,
2014-09-08,22.200000762939453,25.0,21.700000762939453,23.700000762939453,31738,
2014-09-09,23.75,24.0,22.200000762939453,22.200000762939453,19912,
2014-09-10,23.850000381469727,24.75,23.200000762939453,24.700000762939453,26224,
2014-09-11,25.0,25.600000381469727,23.0,23.25,28242,
2014-09-12,27.39999961853028,27.5,24.39999961853028,25.89999961853028,40966,
2014-09-15,28.5,30.100000381469727,26.850000381469727,26.850000381469727,111669,
2014-09-16,27.100000381469727,29.350000381469727,27.100000381469727,28.5,52904,
2014-09-17,26.049999237060547,26.950000762939453,25.75,26.950000762939453,30102,
2014-09-18,26.850000381469727,27.350000381469727,26.049999237060547,26.049999237060547,42078,
2014-09-19,25.950000762939453,27.64999961853028,25.799999237060547,27.64999961853028,35967,
2014-09-22,25.75,26.64999961853028,25.299999237060547,25.299999237060547,4689,
2014-09-23,25.0,26.350000381469727,25.0,25.64999961853028,15873,
2014-09-24,24.049999237060547,25.89999961853028,23.799999237060547,25.89999961853028,14646,
2014-09-25,22.850000381469727,24.200000762939453,22.850000381469727,24.200000762939453,15892,
2014-09-26,23.850000381469727,23.950000762939453,22.049999237060547,22.950000762939453,8413,
2014-09-29,25.0,25.0,22.89999961853028,22.89999961853028,19488,
2014-09-30,25.200000762939453,26.100000381469727,24.350000381469727,26.100000381469727,5212,
2014-10-01,24.14999961853028,26.25,24.049999237060547,26.25,4707,
2014-10-07,22.950000762939453,24.14999961853028,22.950000762939453,24.14999961853028,8041,
2014-10-08,21.799999237060547,23.799999237060547,20.700000762939453,23.049999237060547,14076,
2014-10-09,22.549999237060547,23.75,22.0,23.75,4792,
2014-10-10,21.950000762939453,24.0,21.5,22.39999961853028,6607,
2014-10-13,22.75,23.549999237060547,21.600000381469727,21.600000381469727,3318,
2014-10-14,21.049999237060547,23.5,20.75,23.100000381469727,31797,
2014-10-15,21.049999237060547,21.049999237060547,21.049999237060547,21.049999237060547,0,
2014-10-16,20.950000762939453,21.39999961853028,20.200000762939453,21.39999961853028,9727,
2014-10-17,21.200000762939453,21.39999961853028,20.850000381469727,20.950000762939453,3760,
2014-10-20,20.600000381469727,21.850000381469727,20.25,21.14999961853028,10562,
2014-10-21,21.0,21.39999961853028,20.5,21.39999961853028,3847,
2014-10-22,20.600000381469727,21.5,20.5,21.200000762939453,5829,
2014-10-27,21.049999237060547,22.0,21.0,21.600000381469727,18349,
2014-10-28,20.64999961853028,21.850000381469727,20.600000381469727,21.850000381469727,8953,
2014-10-29,20.100000381469727,21.89999961853028,20.0,20.39999961853028,40412,
2014-10-30,19.700000762939453,20.950000762939453,19.5,20.700000762939453,26709,
2014-10-31,19.64999961853028,21.39999961853028,19.5,20.450000762939453,66677,
2014-11-03,19.549999237060547,20.14999961853028,19.39999961853028,20.049999237060547,73413,
2014-11-05,20.549999237060547,20.799999237060547,19.5,20.0,95002,
2014-11-07,20.5,21.600000381469727,19.799999237060547,20.799999237060547,104029,
2014-11-10,19.950000762939453,21.14999961853028,19.5,20.600000381469727,110771,
2014-11-11,18.89999961853028,20.100000381469727,18.799999237060547,20.049999237060547,71590,
2014-11-12,19.14999961853028,20.200000762939453,18.600000381469727,19.200000762939453,92747,
2014-11-13,18.5,19.299999237060547,18.299999237060547,18.549999237060547,37794,
2014-11-14,17.75,19.450000762939453,17.200000762939453,18.299999237060547,75140,
2014-11-17,16.100000381469727,17.5,15.699999809265137,16.5,163298,
2014-11-18,16.700000762939453,16.799999237060547,15.399999618530272,15.399999618530272,18369,
2014-11-19,16.649999618530273,16.950000762939453,16.350000381469727,16.600000381469727,20687,
2014-11-20,16.5,17.0,16.25,17.0,41980,
2014-11-21,16.049999237060547,16.75,15.649999618530272,16.5,27027,
2014-11-24,15.949999809265137,16.200000762939453,15.550000190734863,15.800000190734863,35578,
2014-11-25,15.75,15.850000381469728,15.5,15.699999809265137,6896,
2014-11-26,16.25,16.25,15.5,15.699999809265137,10444,
2014-11-27,16.149999618530273,16.450000762939453,16.0,16.0,1259,
2014-11-28,16.5,17.25,16.049999237060547,16.5,23173,
2014-12-01,15.649999618530272,16.399999618530273,15.649999618530272,16.200000762939453,7526,
2014-12-02,15.399999618530272,15.800000190734863,15.050000190734863,15.550000190734863,12511,
2014-12-03,16.149999618530273,16.850000381469727,14.649999618530272,14.649999618530272,17305,
2014-12-04,15.699999809265137,16.5,15.5,16.200000762939453,17994,
2014-12-05,15.949999809265137,16.049999237060547,15.600000381469728,15.800000190734863,13407,
2014-12-08,15.5,16.350000381469727,14.649999618530272,15.800000190734863,15193,
2014-12-09,15.600000381469728,16.25,15.0,15.300000190734863,8270,
2014-12-10,15.649999618530272,16.049999237060547,15.5,15.600000381469728,5361,
2014-12-11,15.600000381469728,16.200000762939453,15.300000190734863,16.200000762939453,25889,
2014-12-12,15.449999809265137,15.600000381469728,15.149999618530272,15.399999618530272,3504,
2014-12-15,15.149999618530272,15.699999809265137,14.850000381469728,15.300000190734863,8453,
2014-12-16,14.5,15.75,14.399999618530272,15.75,6529,
2014-12-17,14.899999618530272,15.100000381469728,14.25,14.5,7320,
2014-12-18,15.350000381469728,15.600000381469728,14.699999809265137,14.699999809265137,4236,
2014-12-19,15.100000381469728,16.25,15.0,15.5,11933,
2014-12-22,14.649999618530272,15.0,14.399999618530272,14.600000381469728,25889,
2014-12-23,13.649999618530272,14.899999618530272,13.0,14.899999618530272,39669,
2014-12-24,13.949999809265137,14.5,13.699999809265137,14.5,9652,
2014-12-26,14.550000190734863,14.600000381469728,13.699999809265137,14.0,13081,
2014-12-29,14.649999618530272,16.649999618530273,14.100000381469728,16.649999618530273,49733,
2014-12-30,14.399999618530272,15.0,14.399999618530272,14.850000381469728,3505,
2014-12-31,15.100000381469728,15.699999809265137,14.25,14.25,9047,
2015-01-01,15.300000190734863,16.350000381469727,14.699999809265137,14.699999809265137,4637,
2015-01-02,15.449999809265137,16.0,15.25,15.300000190734863,6259,
2015-01-05,16.75,16.899999618530273,15.449999809265137,15.949999809265137,26032,
2015-01-06,16.049999237060547,16.850000381469727,15.800000190734863,16.850000381469727,13780,
2015-01-07,15.25,17.450000762939453,15.100000381469728,15.149999618530272,9488,
2015-01-08,15.600000381469728,15.949999809265137,15.5,15.699999809265137,5521,
2015-01-09,15.5,15.899999618530272,15.399999618530272,15.899999618530272,2308,
2015-01-12,15.600000381469728,16.200000762939453,15.149999618530272,16.200000762939453,2485,
2015-01-13,15.75,16.299999237060547,15.300000190734863,15.300000190734863,14041,
2015-01-14,15.0,15.850000381469728,14.850000381469728,15.300000190734863,10635,
2015-01-15,15.100000381469728,15.899999618530272,14.850000381469728,15.050000190734863,7271,
2015-01-16,15.199999809265137,16.049999237060547,15.100000381469728,15.100000381469728,2446,
2015-01-19,15.600000381469728,16.200000762939453,15.25,15.25,10634,
2015-01-20,15.899999618530272,16.100000381469727,15.649999618530272,15.649999618530272,7992,
2015-01-21,16.100000381469727,16.450000762939453,15.850000381469728,16.0,7090,
2015-01-22,16.0,16.5,15.899999618530272,16.5,4870,
2015-01-23,15.600000381469728,16.649999618530273,15.199999809265137,16.649999618530273,6463,
2015-01-27,15.600000381469728,15.699999809265137,15.600000381469728,15.699999809265137,719,
2015-01-28,15.449999809265137,15.75,15.199999809265137,15.5,4510,
2015-01-29,15.600000381469728,15.600000381469728,14.800000190734863,15.199999809265137,5054,
2015-01-30,15.350000381469728,15.5,14.75,15.350000381469728,5086,
2015-02-02,15.0,16.0,14.800000190734863,15.5,10205,
2015-02-03,14.75,15.600000381469728,14.600000381469728,14.949999809265137,7412,
2015-02-04,14.850000381469728,15.350000381469728,14.75,15.350000381469728,4062,
2015-02-05,14.550000190734863,15.300000190734863,14.5,14.899999618530272,10427,
2015-02-06,14.800000190734863,14.850000381469728,14.399999618530272,14.600000381469728,3951,
2015-02-09,14.800000190734863,14.800000190734863,14.149999618530272,14.800000190734863,4035,
2015-02-10,14.800000190734863,15.800000190734863,13.649999618530272,15.800000190734863,1922,
2015-02-11,14.899999618530272,14.899999618530272,14.5,14.5,2470,
2015-02-12,14.350000381469728,14.600000381469728,13.300000190734863,14.5,10190,
2015-02-13,14.649999618530272,15.0,14.149999618530272,15.0,16353,
2015-02-16,14.399999618530272,14.550000190734863,14.350000381469728,14.350000381469728,2854,
2015-02-18,14.75,15.100000381469728,14.0,14.5,5754,
2015-02-19,14.25,14.899999618530272,14.0,14.899999618530272,12466,
2015-02-20,14.300000190734863,14.699999809265137,14.149999618530272,14.5,11834,
2015-02-23,14.050000190734863,14.25,13.699999809265137,14.100000381469728,3801,
2015-02-24,14.100000381469728,14.350000381469728,13.899999618530272,14.350000381469728,3858,
2015-02-25,13.850000381469728,14.149999618530272,13.199999809265137,14.149999618530272,13274,
2015-02-26,13.850000381469728,14.149999618530272,13.300000190734863,14.100000381469728,5181,
2015-02-27,14.0,14.75,13.800000190734863,13.949999809265137,1914,
2015-03-02,13.850000381469728,14.300000190734863,13.550000190734863,14.300000190734863,12680,
2015-03-03,13.600000381469728,14.0,13.5,14.0,12764,
2015-03-04,13.600000381469728,14.0,13.5,14.0,10194,
2015-03-05,13.949999809265137,14.0,13.550000190734863,13.550000190734863,9885,
2015-03-09,13.350000381469728,13.949999809265137,13.25,13.75,2857,
2015-03-10,13.050000190734863,13.5,12.800000190734863,13.5,21627,
2015-03-11,13.149999618530272,13.899999618530272,13.100000381469728,13.199999809265137,11819,
2015-03-12,13.050000190734863,13.75,13.050000190734863,13.399999618530272,11511,
2015-03-13,12.649999618530272,13.25,12.600000381469728,13.149999618530272,12966,
2015-03-16,12.649999618530272,13.0,12.5,12.5,4312,
2015-03-17,13.649999618530272,13.949999809265137,12.100000381469728,12.649999618530272,15039,
2015-03-18,13.550000190734863,13.699999809265137,13.100000381469728,13.199999809265137,2982,
2015-03-19,12.899999618530272,13.699999809265137,12.800000190734863,13.600000381469728,7646,
2015-03-20,13.399999618530272,13.5,12.649999618530272,12.800000190734863,4223,
2015-03-23,12.550000190734863,13.949999809265137,12.5,13.100000381469728,7327,
2015-03-24,13.0,13.600000381469728,12.350000381469728,13.5,10283,
2015-03-25,12.449999809265137,13.0,12.25,13.0,54409,
2015-03-26,13.0,13.25,12.149999618530272,12.300000190734863,6629,
2015-03-27,12.350000381469728,12.949999809265137,12.100000381469728,12.300000190734863,18666,
2015-03-30,13.0,13.449999809265137,12.5,13.449999809265137,6060,
2015-03-31,13.050000190734863,13.699999809265137,12.399999618530272,13.050000190734863,120645,
2015-04-01,13.649999618530272,13.699999809265137,12.199999809265137,12.899999618530272,6157,
2015-04-06,15.050000190734863,15.399999618530272,12.600000381469728,13.550000190734863,22239,
2015-04-07,15.300000190734863,15.949999809265137,14.25,15.600000381469728,13978,
2015-04-08,15.850000381469728,16.399999618530273,15.600000381469728,15.699999809265137,8591,
2015-04-09,15.649999618530272,16.799999237060547,15.600000381469728,16.799999237060547,14542,
2015-04-10,15.550000190734863,16.0,15.300000190734863,16.0,7106,
2015-04-13,15.399999618530272,15.649999618530272,15.350000381469728,15.5,5951,
2015-04-15,15.199999809265137,16.5,15.199999809265137,16.5,5377,
2015-04-16,15.300000190734863,15.699999809265137,15.199999809265137,15.199999809265137,7340,
2015-04-17,14.949999809265137,15.300000190734863,14.899999618530272,15.300000190734863,5304,
2015-04-20,14.850000381469728,16.5,14.350000381469728,16.5,4291,
2015-04-21,15.199999809265137,15.5,14.300000190734863,14.800000190734863,3270,
2015-04-22,14.699999809265137,14.699999809265137,14.25,14.699999809265137,1428,
2015-04-23,16.149999618530273,16.399999618530273,15.550000190734863,15.550000190734863,25148,
2015-04-24,15.100000381469728,17.850000381469727,15.100000381469728,17.850000381469727,4067,
2015-04-27,14.25,15.0,14.149999618530272,15.0,1650,
2015-04-28,14.5,15.25,14.399999618530272,14.399999618530272,4282,
2015-04-29,14.75,14.850000381469728,14.25,14.850000381469728,1766,
2015-04-30,14.5,14.75,14.449999809265137,14.75,4660,
2015-05-04,14.699999809265137,15.600000381469728,14.550000190734863,15.5,7319,
2015-05-05,14.649999618530272,15.300000190734863,14.550000190734863,15.0,3317,
2015-05-06,15.0,15.5,14.100000381469728,14.5,6256,
2015-05-07,14.350000381469728,14.949999809265137,14.300000190734863,14.949999809265137,3461,
2015-05-08,14.5,15.449999809265137,14.350000381469728,14.350000381469728,288,
2015-05-11,14.399999618530272,14.75,14.399999618530272,14.5,2190,
2015-05-12,14.449999809265137,14.899999618530272,13.699999809265137,14.5,2786,
2015-05-13,14.25,14.399999618530272,13.75,14.0,1041,
2015-05-14,14.399999618530272,14.850000381469728,14.0,14.199999809265137,1596,
2015-05-15,14.0,14.850000381469728,13.699999809265137,14.850000381469728,4580,
2015-05-18,14.050000190734863,15.100000381469728,14.0,15.100000381469728,4062,
2015-05-19,14.0,14.5,13.949999809265137,14.5,7321,
2015-05-20,13.800000190734863,14.399999618530272,13.75,13.949999809265137,18006,
2015-05-21,14.149999618530272,14.399999618530272,13.850000381469728,14.399999618530272,3214,
2015-05-22,13.5,14.0,13.5,14.0,7890,
2015-05-25,13.149999618530272,13.899999618530272,12.5,13.399999618530272,11802,
2015-05-26,13.899999618530272,13.899999618530272,13.449999809265137,13.550000190734863,1500,
2015-05-27,13.050000190734863,13.699999809265137,13.050000190734863,13.5,1412,
2015-05-28,13.649999618530272,13.800000190734863,13.199999809265137,13.199999809265137,867,
2015-05-29,13.149999618530272,13.399999618530272,13.050000190734863,13.100000381469728,1827,
2015-06-01,13.149999618530272,13.199999809265137,13.050000190734863,13.050000190734863,1709,
2015-06-02,13.649999618530272,13.75,12.550000190734863,13.050000190734863,6208,
2015-06-03,12.0,13.350000381469728,11.699999809265137,13.0,17121,
2015-06-04,12.199999809265137,12.949999809265137,11.699999809265137,12.0,6850,
2015-06-05,12.050000190734863,13.449999809265137,11.649999618530272,13.449999809265137,2591,
2015-06-08,12.850000381469728,13.5,12.149999618530272,12.149999618530272,5481,
2015-06-09,12.25,13.949999809265137,12.25,12.600000381469728,4516,
2015-06-10,12.350000381469728,13.449999809265137,12.350000381469728,12.399999618530272,2810,
2015-06-11,12.75,13.449999809265137,12.0,13.449999809265137,2935,
2015-06-12,13.149999618530272,13.399999618530272,11.649999618530272,12.100000381469728,6777,
2015-06-15,13.0,13.100000381469728,11.75,12.800000190734863,4195,
2015-06-16,12.350000381469728,12.800000190734863,11.399999618530272,12.800000190734863,2311,
2015-06-17,12.300000190734863,12.949999809265137,11.449999809265137,12.350000381469728,2897,
2015-06-18,12.699999809265137,12.800000190734863,11.5,12.350000381469728,1978,
2015-06-19,12.300000190734863,13.0,12.0,12.199999809265137,3679,
2015-06-22,12.300000190734863,13.100000381469728,11.699999809265137,11.699999809265137,2514,
2015-06-23,12.550000190734863,13.0,12.300000190734863,12.300000190734863,513,
2015-06-24,12.449999809265137,13.350000381469728,12.25,13.350000381469728,3740,
2015-06-25,12.25,12.899999618530272,12.25,12.300000190734863,4955,
2015-06-26,13.100000381469728,13.399999618530272,12.600000381469728,12.949999809265137,1435,
2015-06-29,12.5,13.0,12.449999809265137,13.0,1560,
2015-06-30,12.600000381469728,13.0,12.100000381469728,12.199999809265137,1548,
2015-07-01,13.0,13.0,12.300000190734863,12.300000190734863,2613,
2015-07-02,13.25,13.399999618530272,12.600000381469728,13.0,2847,
2015-07-03,13.399999618530272,13.449999809265137,12.899999618530272,13.0,1458,
2015-07-06,13.399999618530272,13.399999618530272,12.699999809265137,13.350000381469728,2907,
2015-07-07,13.399999618530272,13.399999618530272,12.5,13.0,2509,
2015-07-08,12.850000381469728,13.5,12.5,13.0,5122,
2015-07-09,12.850000381469728,13.350000381469728,12.600000381469728,12.649999618530272,4283,
2015-07-10,12.800000190734863,13.199999809265137,12.649999618530272,13.050000190734863,4392,
2015-07-13,13.100000381469728,13.149999618530272,12.600000381469728,12.649999618530272,3206,
2015-07-14,12.949999809265137,13.0,12.5,12.899999618530272,4091,
2015-07-15,12.850000381469728,13.0,12.699999809265137,13.0,4539,
2015-07-16,13.100000381469728,13.5,12.850000381469728,12.850000381469728,10002,
2015-07-17,12.75,13.149999618530272,12.649999618530272,13.149999618530272,11510,
2015-07-20,12.949999809265137,15.0,11.800000190734863,11.800000190734863,30297,
2015-07-21,12.699999809265137,14.350000381469728,12.449999809265137,13.25,6516,
2015-07-22,12.649999618530272,13.25,12.600000381469728,13.25,8520,
2015-07-23,12.600000381469728,12.949999809265137,12.600000381469728,12.649999618530272,6194,
2015-07-24,12.449999809265137,13.0,12.25,12.75,7089,
2015-07-27,12.5,13.100000381469728,12.300000190734863,13.0,2733,
2015-07-28,12.949999809265137,13.100000381469728,12.449999809265137,13.100000381469728,9346,
2015-07-29,12.850000381469728,13.0,12.550000190734863,12.800000190734863,1854,
2015-07-30,12.5,13.0,12.449999809265137,12.5,9366,
2015-07-31,12.0,13.0,11.399999618530272,13.0,11306,
2015-08-03,12.600000381469728,13.0,12.149999618530272,12.5,3841,
2015-08-04,12.600000381469728,12.800000190734863,12.25,12.25,5047,
2015-08-05,12.800000190734863,13.449999809265137,12.5,12.5,23916,
2015-08-06,12.899999618530272,13.300000190734863,12.800000190734863,13.0,9760,
2015-08-07,12.949999809265137,13.0,12.75,13.0,13719,
2015-08-10,12.699999809265137,13.199999809265137,12.600000381469728,13.199999809265137,7078,
2015-08-11,12.350000381469728,13.0,12.350000381469728,13.0,6337,
2015-08-12,12.300000190734863,12.699999809265137,12.050000190734863,12.199999809265137,4124,
2015-08-13,12.100000381469728,12.5,12.050000190734863,12.5,1409,
2015-08-14,12.399999618530272,12.5,12.199999809265137,12.350000381469728,2500,
2015-08-17,12.5,12.949999809265137,12.350000381469728,12.399999618530272,16261,
2015-08-18,12.699999809265137,13.050000190734863,12.5,12.949999809265137,49970,
2015-08-19,12.699999809265137,12.800000190734863,12.5,12.5,1800,
2015-08-20,12.25,12.550000190734863,12.25,12.5,5460,
2015-08-21,11.800000190734863,12.699999809265137,11.699999809265137,12.699999809265137,10176,
2015-08-24,10.850000381469728,12.0,10.199999809265137,12.0,22980,
2015-08-25,11.350000381469728,12.0,10.649999618530272,11.0,17045,
2015-08-26,11.300000190734863,11.949999809265137,10.550000190734863,10.949999809265137,6473,
2015-08-27,11.850000381469728,11.899999618530272,11.0,11.899999618530272,120,
2015-08-28,11.199999809265137,11.850000381469728,11.100000381469728,11.5,2187,
2015-08-31,11.300000190734863,11.449999809265137,11.0,11.300000190734863,3960,
2015-09-01,10.25,11.449999809265137,10.100000381469728,11.100000381469728,7748,
2015-09-02,10.25,11.449999809265137,10.149999618530272,11.449999809265137,5634,
2015-09-03,10.600000381469728,11.449999809265137,10.399999618530272,11.449999809265137,3111,
2015-09-04,10.0,11.100000381469728,9.5,10.899999618530272,17958,
2015-09-07,10.199999809265137,11.199999809265137,10.0,10.0,8954,
2015-09-08,11.199999809265137,11.699999809265137,9.5,9.850000381469728,8419,
2015-09-09,11.399999618530272,12.0,11.149999618530272,11.199999809265137,2550,
2015-09-10,11.050000190734863,11.600000381469728,10.699999809265137,11.5,1500,
2015-09-11,11.350000381469728,11.5,11.050000190734863,11.050000190734863,3301,
2015-09-14,10.449999809265137,11.25,10.0,10.899999618530272,29529,
2015-09-15,10.5,10.949999809265137,10.5,10.949999809265137,195,
2015-09-16,10.199999809265137,10.5,10.199999809265137,10.5,822,
2015-09-18,10.800000190734863,10.899999618530272,10.5,10.5,2581,
2015-09-21,11.050000190734863,11.399999618530272,10.600000381469728,10.949999809265137,3203,
2015-09-22,11.25,11.300000190734863,10.800000190734863,10.899999618530272,1610,
2015-09-23,11.350000381469728,12.75,10.75,12.75,3832,
2015-09-24,11.050000190734863,11.5,10.800000190734863,11.399999618530272,2908,
2015-09-28,10.800000190734863,11.25,10.800000190734863,10.949999809265137,1154,
2015-09-29,10.600000381469728,10.75,10.600000381469728,10.75,2458,
2015-09-30,10.550000190734863,11.25,10.449999809265137,11.25,3061,
2015-10-01,10.649999618530272,11.199999809265137,10.5,10.5,5469,
2015-10-05,10.5,11.25,10.5,11.25,7167,
2015-10-06,10.600000381469728,11.149999618530272,10.550000190734863,11.149999618530272,4056,
2015-10-07,10.899999618530272,10.949999809265137,10.300000190734863,10.649999618530272,5638,
2015-10-08,11.100000381469728,13.050000190734863,10.899999618530272,10.899999618530272,11383,
2015-10-09,11.5,11.600000381469728,10.800000190734863,10.850000381469728,10275,
2015-10-12,11.25,11.5,11.100000381469728,11.100000381469728,2498,
2015-10-13,11.850000381469728,12.0,11.399999618530272,11.600000381469728,2807,
2015-10-14,11.25,11.600000381469728,10.800000190734863,11.600000381469728,5822,
2015-10-15,11.850000381469728,12.100000381469728,10.949999809265137,11.0,19433,
2015-10-16,11.850000381469728,12.25,11.350000381469728,11.5,3281,
2015-10-19,11.699999809265137,12.449999809265137,11.350000381469728,12.449999809265137,7733,
2015-10-20,11.399999618530272,12.600000381469728,10.449999809265137,12.600000381469728,18102,
2015-10-21,11.75,11.850000381469728,11.5,11.5,13941,
2015-10-23,11.899999618530272,12.5,11.449999809265137,12.5,6879,
2015-10-26,11.399999618530272,11.899999618530272,11.050000190734863,11.899999618530272,2157,
2015-10-27,11.149999618530272,11.25,10.800000190734863,11.25,1443,
2015-10-28,11.949999809265137,12.0,11.050000190734863,11.25,7298,
2015-10-29,11.399999618530272,12.5,11.199999809265137,12.449999809265137,9567,
2015-10-30,11.800000190734863,12.199999809265137,11.449999809265137,11.449999809265137,7467,
2015-11-02,11.199999809265137,11.350000381469728,11.199999809265137,11.350000381469728,1552,
2015-11-03,11.350000381469728,11.5,11.050000190734863,11.050000190734863,5506,
2015-11-04,11.350000381469728,12.0,11.350000381469728,11.600000381469728,3009,
2015-11-05,11.350000381469728,11.850000381469728,11.350000381469728,11.850000381469728,642,
2015-11-06,11.399999618530272,11.399999618530272,11.350000381469728,11.350000381469728,1437,
2015-11-09,11.949999809265137,12.199999809265137,10.800000190734863,11.0,7088,
2015-11-10,10.800000190734863,11.800000190734863,10.600000381469728,11.699999809265137,21588,
2015-11-13,10.949999809265137,11.699999809265137,10.550000190734863,10.899999618530272,5972,
2015-11-16,10.5,11.100000381469728,10.199999809265137,11.100000381469728,3061,
2015-11-17,10.550000190734863,11.0,10.399999618530272,11.0,1900,
2015-11-18,10.550000190734863,10.550000190734863,10.550000190734863,10.550000190734863,0,
2015-11-19,10.550000190734863,10.850000381469728,10.350000381469728,10.350000381469728,5078,
2015-11-20,11.300000190734863,11.350000381469728,10.600000381469728,10.949999809265137,842,
2015-11-23,10.800000190734863,11.0,10.649999618530272,11.0,8012,
2015-11-24,10.899999618530272,11.0,9.75,10.550000190734863,4286,
2015-11-26,10.949999809265137,11.399999618530272,10.5,10.949999809265137,6644,
2015-11-27,11.100000381469728,11.399999618530272,10.850000381469728,11.0,2923,
2015-11-30,11.199999809265137,11.449999809265137,10.550000190734863,11.100000381469728,5777,
2015-12-01,11.649999618530272,12.449999809265137,10.850000381469728,12.449999809265137,6271,
2015-12-02,11.850000381469728,11.949999809265137,11.0,11.0,9642,
2015-12-03,12.25,12.600000381469728,11.050000190734863,11.5,17432,
2015-12-04,12.0,12.5,11.5,11.5,14514,
2015-12-07,12.149999618530272,12.300000190734863,11.600000381469728,12.0,4932,
2015-12-08,11.399999618530272,11.899999618530272,11.350000381469728,11.899999618530272,2804,
2015-12-09,11.399999618530272,11.550000190734863,11.100000381469728,11.399999618530272,403,
2015-12-10,11.199999809265137,11.949999809265137,11.199999809265137,11.949999809265137,2402,
2015-12-11,11.75,11.949999809265137,11.0,11.0,2491,
2015-12-14,11.300000190734863,11.649999618530272,11.300000190734863,11.399999618530272,1107,
2015-12-15,11.0,11.5,10.899999618530272,11.25,9141,
2015-12-16,11.0,11.800000190734863,10.899999618530272,11.0,2592,
2015-12-17,11.5,11.850000381469728,11.449999809265137,11.850000381469728,13408,
2015-12-18,11.850000381469728,11.899999618530272,11.300000190734863,11.399999618530272,238,
2015-12-21,11.5,11.850000381469728,11.300000190734863,11.5,3743,
2015-12-22,11.800000190734863,12.199999809265137,11.699999809265137,11.800000190734863,3804,
2015-12-23,11.75,12.149999618530272,11.550000190734863,12.0,2925,
2015-12-24,12.949999809265137,13.0,11.550000190734863,11.550000190734863,16738,
2015-12-28,13.25,14.0,12.949999809265137,12.949999809265137,14972,
2015-12-29,13.5,13.600000381469728,13.149999618530272,13.149999618530272,7503,
2015-12-30,13.199999809265137,13.5,12.75,13.100000381469728,11766,
2015-12-31,13.050000190734863,13.699999809265137,12.5,13.199999809265137,9109,
2016-01-01,13.300000190734863,13.649999618530272,13.100000381469728,13.649999618530272,1831,
2016-01-04,13.5,13.949999809265137,13.149999618530272,13.949999809265137,19618,
2016-01-05,14.300000190734863,14.649999618530272,13.300000190734863,13.649999618530272,14577,
2016-01-06,14.399999618530272,14.899999618530272,14.100000381469728,14.350000381469728,13495,
2016-01-07,13.25,14.149999618530272,13.199999809265137,14.0,9056,
2016-01-08,13.25,13.899999618530272,12.899999618530272,13.899999618530272,4923,
2016-01-11,13.100000381469728,13.350000381469728,12.699999809265137,13.350000381469728,3480,
2016-01-12,13.100000381469728,13.600000381469728,13.0,13.0,4132,
2016-01-13,12.350000381469728,13.0,12.050000190734863,13.0,5571,
2016-01-14,12.399999618530272,12.699999809265137,11.300000190734863,12.0,2296,
2016-01-15,11.5,12.0,11.5,12.0,7983,
2016-01-18,10.800000190734863,11.699999809265137,10.600000381469728,11.25,6555,
2016-01-19,10.899999618530272,11.600000381469728,10.5,10.5,13231,
2016-01-20,10.449999809265137,11.149999618530272,10.449999809265137,11.149999618530272,867,
2016-01-21,10.699999809265137,10.850000381469728,10.399999618530272,10.399999618530272,5394,
2016-01-22,10.949999809265137,11.449999809265137,10.600000381469728,10.699999809265137,8840,
2016-01-25,11.149999618530272,11.75,11.050000190734863,11.75,1712,
2016-01-27,11.199999809265137,11.399999618530272,10.699999809265137,11.100000381469728,464,
2016-01-28,11.199999809265137,11.449999809265137,10.800000190734863,10.800000190734863,3218,
2016-01-29,11.25,11.899999618530272,10.800000190734863,11.899999618530272,4652,
2016-02-01,12.0,12.350000381469728,11.300000190734863,11.300000190734863,21743,
2016-02-02,12.449999809265137,12.449999809265137,11.149999618530272,11.899999618530272,884,
2016-02-03,11.699999809265137,14.850000381469728,11.5,11.899999618530272,12648,
2016-02-04,11.199999809265137,11.850000381469728,11.199999809265137,11.399999618530272,2565,
2016-02-05,11.350000381469728,11.800000190734863,11.25,11.5,238,
2016-02-08,11.550000190734863,12.800000190734863,11.5,12.25,2630,
2016-02-09,11.75,12.5,11.449999809265137,11.449999809265137,860,
2016-02-10,11.199999809265137,11.699999809265137,11.199999809265137,11.5,1916,
2016-02-11,10.800000190734863,12.449999809265137,10.149999618530272,11.399999618530272,1721,
2016-02-12,10.649999618530272,10.949999809265137,9.449999809265137,10.5,12338,
2016-02-15,10.25,11.850000381469728,10.199999809265137,10.75,7422,
2016-02-16,10.199999809265137,10.5,10.199999809265137,10.5,5941,
2016-02-17,10.5,10.5,10.199999809265137,10.5,1049,
2016-02-18,10.199999809265137,10.399999618530272,9.800000190734863,10.300000190734863,4218,
2016-02-19,10.199999809265137,10.199999809265137,10.0,10.0,982,
2016-02-22,10.0,10.0,9.899999618530272,10.0,706,
2016-02-23,10.100000381469728,10.949999809265137,10.0,10.949999809265137,356,
2016-02-24,10.0,10.0,9.5,9.5,135,
2016-02-25,9.800000190734863,10.300000190734863,9.5,9.899999618530272,9427,
2016-02-26,10.149999618530272,10.449999809265137,9.800000190734863,9.800000190734863,601,
2016-02-29,9.550000190734863,10.0,9.5,9.699999809265137,1899,
2016-03-01,9.949999809265137,10.399999618530272,9.5,10.399999618530272,5385,
2016-03-02,10.25,10.399999618530272,10.199999809265137,10.399999618530272,1598,
2016-03-03,10.149999618530272,10.75,9.899999618530272,10.399999618530272,1697,
2016-03-04,10.149999618530272,10.699999809265137,10.0,10.149999618530272,2365,
2016-03-08,10.5,10.5,10.100000381469728,10.449999809265137,3240,
2016-03-09,10.550000190734863,10.600000381469728,10.550000190734863,10.600000381469728,194,
2016-03-10,10.25,10.800000190734863,10.25,10.399999618530272,7132,
2016-03-11,10.149999618530272,10.449999809265137,10.149999618530272,10.449999809265137,881,
2016-03-14,10.399999618530272,10.399999618530272,9.949999809265137,10.199999809265137,7786,
2016-03-15,10.050000190734863,10.5,9.350000381469728,10.25,14050,
2016-03-16,9.899999618530272,10.25,9.600000381469728,10.050000190734863,357,
2016-03-17,9.699999809265137,10.5,9.699999809265137,10.199999809265137,8314,
2016-03-18,9.850000381469728,9.949999809265137,9.550000190734863,9.649999618530272,3351,
2016-03-21,9.350000381469728,10.0,9.199999809265137,10.0,17119,
2016-03-22,9.5,9.5,9.350000381469728,9.5,10050,
2016-03-23,9.149999618530272,9.5,9.149999618530272,9.5,17146,
2016-03-28,9.050000190734863,9.649999618530272,9.0,9.300000190734863,7202,
2016-03-29,9.050000190734863,9.350000381469728,9.0,9.0,11277,
2016-03-30,8.699999809265137,9.5,7.699999809265137,9.199999809265137,11710,
2016-03-31,8.899999618530273,9.300000190734863,8.5,9.0,2322,
2016-04-01,9.350000381469728,9.5,8.850000381469727,8.899999618530273,2551,
2016-04-04,9.5,10.0,9.300000190734863,10.0,3110,
2016-04-05,9.5,9.5,9.449999809265137,9.5,566,
2016-04-06,9.5,9.5,9.5,9.5,1036,
2016-04-07,9.199999809265137,9.5,8.850000381469727,9.149999618530272,2108,
2016-04-08,9.0,9.100000381469728,8.899999618530273,9.100000381469728,312,
2016-04-11,9.25,9.449999809265137,8.550000190734863,9.0,3718,
2016-04-12,9.100000381469728,9.399999618530272,8.699999809265137,8.699999809265137,7075,
2016-04-13,10.850000381469728,10.899999618530272,9.25,9.5,62424,
2016-04-18,13.0,13.0,10.699999809265137,11.5,68071,
2016-04-20,14.050000190734863,14.949999809265137,13.5,14.5,224309,
2016-04-21,13.300000190734863,14.600000381469728,13.100000381469728,14.600000381469728,40488,
2016-04-22,12.649999618530272,13.800000190734863,12.550000190734863,13.25,15667,
2016-04-25,12.5,13.0,12.25,13.0,6318,
2016-04-26,13.699999809265137,13.75,12.100000381469728,12.100000381469728,27699,
2016-04-27,12.699999809265137,13.800000190734863,12.649999618530272,13.550000190734863,15345,
2016-04-28,12.800000190734863,13.399999618530272,12.399999618530272,13.399999618530272,10718,
2016-04-29,12.850000381469728,13.399999618530272,11.949999809265137,12.399999618530272,8534,
2016-05-02,12.399999618530272,12.899999618530272,12.100000381469728,12.899999618530272,13115,
2016-05-03,11.75,12.350000381469728,11.699999809265137,12.300000190734863,10529,
2016-05-04,12.149999618530272,12.149999618530272,11.600000381469728,11.75,3993,
2016-05-05,12.5,13.25,11.149999618530272,12.0,3915,
2016-05-06,11.850000381469728,12.100000381469728,11.449999809265137,11.850000381469728,6024,
2016-05-09,11.699999809265137,11.850000381469728,11.100000381469728,11.550000190734863,3782,
2016-05-10,11.75,13.0,11.600000381469728,13.0,5758,
2016-05-11,11.699999809265137,11.949999809265137,11.100000381469728,11.399999618530272,7825,
2016-05-12,11.649999618530272,11.75,11.050000190734863,11.399999618530272,2647,
2016-05-13,11.399999618530272,11.800000190734863,10.949999809265137,11.449999809265137,10806,
2016-05-16,11.449999809265137,12.300000190734863,11.25,12.300000190734863,3276,
2016-05-17,11.25,11.5,11.25,11.25,1881,
2016-05-18,11.25,11.25,11.25,11.25,700,
2016-05-19,11.350000381469728,11.699999809265137,11.25,11.25,810,
2016-05-20,11.399999618530272,11.75,10.75,11.199999809265137,3991,
2016-05-23,11.399999618530272,12.0,11.100000381469728,12.0,3360,
2016-05-24,10.850000381469728,11.199999809265137,10.75,11.199999809265137,793,
2016-05-25,11.0,11.899999618530272,10.75,10.75,9044,
2016-05-26,11.100000381469728,11.5,10.550000190734863,11.5,3262,
2016-05-27,11.100000381469728,11.649999618530272,10.699999809265137,10.850000381469728,2651,
2016-05-30,10.75,10.899999618530272,10.75,10.899999618530272,1250,
2016-05-31,10.850000381469728,11.25,10.800000190734863,10.850000381469728,4059,
2016-06-01,11.25,11.399999618530272,10.850000381469728,11.399999618530272,14957,
2016-06-02,10.899999618530272,12.0,10.75,12.0,3827,
2016-06-03,10.850000381469728,11.449999809265137,10.800000190734863,11.449999809265137,2874,
2016-06-06,10.649999618530272,11.5,10.649999618530272,11.5,8319,
2016-06-07,11.100000381469728,12.050000190734863,10.5,12.050000190734863,7751,
2016-06-08,11.25,11.399999618530272,10.850000381469728,10.850000381469728,7188,
2016-06-09,11.300000190734863,12.300000190734863,10.25,10.25,19524,
2016-06-10,12.399999618530272,13.100000381469728,11.0,11.300000190734863,98896,
2016-06-13,11.850000381469728,12.699999809265137,11.75,12.699999809265137,12794,
2016-06-14,12.699999809265137,13.100000381469728,12.149999618530272,12.300000190734863,40600,
2016-06-15,12.600000381469728,12.899999618530272,12.449999809265137,12.899999618530272,17875,
2016-06-16,12.350000381469728,12.75,12.050000190734863,12.399999618530272,16070,
2016-06-17,11.5,12.0,11.399999618530272,12.0,10125,
2016-06-20,11.699999809265137,12.0,11.399999618530272,12.0,3610,
2016-06-21,12.050000190734863,12.050000190734863,11.300000190734863,11.699999809265137,4499,
2016-06-22,11.850000381469728,12.5,11.550000190734863,12.5,26474,
2016-06-23,11.850000381469728,11.899999618530272,11.350000381469728,11.800000190734863,5310,
2016-06-24,11.550000190734863,11.949999809265137,10.699999809265137,11.800000190734863,11716,
2016-06-27,11.649999618530272,12.449999809265137,11.149999618530272,12.449999809265137,1790,
2016-06-28,11.850000381469728,12.149999618530272,11.699999809265137,12.149999618530272,3590,
2016-06-29,11.800000190734863,12.300000190734863,11.399999618530272,11.399999618530272,2365,
2016-06-30,11.850000381469728,12.149999618530272,11.699999809265137,11.800000190734863,5060,
2016-07-01,12.550000190734863,12.949999809265137,11.699999809265137,11.699999809265137,32434,
2016-07-04,12.649999618530272,13.300000190734863,12.5,12.75,17879,
2016-07-05,12.699999809265137,13.050000190734863,12.5,13.050000190734863,14014,
2016-07-07,12.350000381469728,13.050000190734863,12.199999809265137,13.050000190734863,11071,
2016-07-08,12.550000190734863,12.649999618530272,12.350000381469728,12.350000381469728,4780,
2016-07-11,12.100000381469728,12.600000381469728,12.050000190734863,12.5,7270,
2016-07-12,12.350000381469728,12.449999809265137,12.100000381469728,12.300000190734863,18871,
2016-07-13,13.199999809265137,14.399999618530272,12.5,12.5,76443,
2016-07-14,13.149999618530272,13.449999809265137,12.399999618530272,13.25,5385,
2016-07-15,13.550000190734863,14.199999809265137,13.0,13.100000381469728,97642,
2016-07-18,13.100000381469728,13.800000190734863,13.0,13.800000190734863,4650,
2016-07-19,13.0,13.300000190734863,12.550000190734863,13.100000381469728,8305,
2016-07-20,12.25,13.0,11.550000190734863,12.850000381469728,41761,
2016-07-21,12.0,12.300000190734863,11.800000190734863,12.199999809265137,2210,
2016-07-22,12.199999809265137,12.850000381469728,12.0,12.050000190734863,33730,
2016-07-25,12.050000190734863,12.949999809265137,11.899999618530272,12.949999809265137,30091,
2016-07-26,12.199999809265137,12.699999809265137,11.949999809265137,12.100000381469728,25879,
2016-07-27,12.149999618530272,12.699999809265137,12.0,12.699999809265137,10814,
2016-07-28,12.800000190734863,13.0,12.050000190734863,12.600000381469728,31736,
2016-07-29,12.399999618530272,12.699999809265137,12.25,12.699999809265137,9613,
2016-08-01,11.899999618530272,12.600000381469728,11.899999618530272,12.25,16752,
2016-08-02,11.399999618530272,12.0,11.350000381469728,12.0,16600,
2016-08-03,11.699999809265137,12.0,11.5,11.5,12509,
2016-08-04,11.600000381469728,11.899999618530272,11.350000381469728,11.899999618530272,4434,
2016-08-05,12.0,12.600000381469728,11.699999809265137,12.0,30580,
2016-08-08,11.649999618530272,12.75,11.600000381469728,12.75,5232,
2016-08-09,11.600000381469728,12.199999809265137,11.600000381469728,12.199999809265137,7568,
2016-08-10,11.350000381469728,11.850000381469728,11.199999809265137,11.600000381469728,11142,
2016-08-11,11.25,11.600000381469728,11.25,11.25,2162,
2016-08-12,11.600000381469728,12.5,11.600000381469728,11.800000190734863,8082,
2016-08-16,11.350000381469728,11.75,11.050000190734863,11.399999618530272,11278,
2016-08-17,11.100000381469728,11.5,11.050000190734863,11.350000381469728,6156,
2016-08-18,11.050000190734863,11.5,10.800000190734863,11.149999618530272,19088,
2016-08-19,11.399999618530272,12.100000381469728,11.0,12.100000381469728,10419,
2016-08-22,11.0,11.649999618530272,11.0,11.649999618530272,6772,
2016-08-23,11.100000381469728,11.600000381469728,11.0,11.050000190734863,15367,
2016-08-24,11.199999809265137,11.449999809265137,11.199999809265137,11.25,1929,
2016-08-25,11.25,11.800000190734863,11.100000381469728,11.100000381469728,13497,
2016-08-26,11.0,11.350000381469728,10.899999618530272,11.199999809265137,4025,
2016-08-29,11.25,11.5,10.899999618530272,11.5,6970,
2016-08-30,11.050000190734863,11.149999618530272,11.0,11.050000190734863,5166,
2016-08-31,10.899999618530272,11.25,10.850000381469728,11.0,6126,
2016-09-01,11.0,12.399999618530272,10.949999809265137,12.399999618530272,13978,
2016-09-02,10.949999809265137,11.050000190734863,10.899999618530272,11.0,5550,
2016-09-06,10.600000381469728,11.350000381469728,10.550000190734863,10.800000190734863,10833,
2016-09-07,11.0,11.449999809265137,10.300000190734863,10.899999618530272,20620,
2016-09-08,11.199999809265137,11.399999618530272,11.0,11.199999809265137,6728,
2016-09-09,11.100000381469728,11.350000381469728,10.850000381469728,11.100000381469728,6983,
2016-09-12,10.899999618530272,11.5,10.850000381469728,11.449999809265137,4855,
2016-09-14,11.0,11.25,10.649999618530272,10.699999809265137,4683,
2016-09-15,10.649999618530272,11.199999809265137,10.600000381469728,10.75,3653,
2016-09-16,11.050000190734863,11.350000381469728,11.0,11.149999618530272,5802,
2016-09-19,11.199999809265137,11.25,11.0,11.0,14143,
2016-09-20,11.199999809265137,11.25,10.899999618530272,11.0,1575,
2016-09-21,11.0,11.25,11.0,11.25,3051,
2016-09-22,11.100000381469728,11.199999809265137,10.850000381469728,11.050000190734863,8714,
2016-09-23,11.100000381469728,11.5,10.949999809265137,10.949999809265137,5815,
2016-09-26,11.149999618530272,11.199999809265137,11.0,11.199999809265137,7080,
2016-09-27,11.0,11.5,11.0,11.5,9925,
2016-09-28,10.5,10.899999618530272,10.449999809265137,10.899999618530272,29264,
2016-09-29,9.600000381469728,11.0,9.5,10.5,35841,
2016-09-30,9.850000381469728,10.600000381469728,9.600000381469728,9.699999809265137,17931,
2016-10-03,10.0,11.350000381469728,9.800000190734863,11.350000381469728,16739,
2016-10-04,10.0,10.300000190734863,9.600000381469728,10.050000190734863,6067,
2016-10-05,10.649999618530272,11.25,9.899999618530272,9.899999618530272,28727,
2016-10-06,10.449999809265137,10.75,10.300000190734863,10.649999618530272,11292,
2016-10-07,10.399999618530272,10.899999618530272,10.149999618530272,10.899999618530272,3102,
2016-10-10,10.449999809265137,10.649999618530272,10.100000381469728,10.199999809265137,12599,
2016-10-13,12.100000381469728,12.449999809265137,10.699999809265137,10.699999809265137,98648,
2016-10-14,11.949999809265137,12.699999809265137,11.600000381469728,12.199999809265137,22608,
2016-10-17,12.0,12.25,11.350000381469728,12.0,7333,
2016-10-18,11.899999618530272,12.100000381469728,11.600000381469728,11.949999809265137,12536,
2016-10-19,11.949999809265137,12.050000190734863,11.600000381469728,11.899999618530272,12109,
2016-10-20,12.5,12.850000381469728,12.0,12.0,19133,
2016-10-21,13.899999618530272,14.199999809265137,11.949999809265137,12.5,127598,
2016-10-24,14.050000190734863,14.5,13.5,14.350000381469728,82644,
2016-10-25,16.850000381469727,16.850000381469727,14.100000381469728,14.100000381469728,345279,
2016-10-26,15.449999809265137,17.700000762939453,15.300000190734863,17.700000762939453,218800,
2016-10-27,14.800000190734863,15.449999809265137,14.5,15.449999809265137,36631,
2016-10-28,14.649999618530272,15.350000381469728,14.100000381469728,15.350000381469728,40129,
2016-11-01,15.399999618530272,15.600000381469728,14.0,14.0,41834,
2016-11-02,14.699999809265137,15.800000190734863,14.600000381469728,14.850000381469728,44177,
2016-11-03,14.600000381469728,15.100000381469728,14.399999618530272,14.850000381469728,28690,
2016-11-04,13.300000190734863,14.800000190734863,13.149999618530272,14.800000190734863,55583,
2016-11-07,13.850000381469728,14.0,13.5,13.600000381469728,21054,
2016-11-08,13.699999809265137,14.050000190734863,13.300000190734863,14.050000190734863,8299,
2016-11-09,12.800000190734863,13.449999809265137,12.399999618530272,12.5,16614,
2016-11-10,13.5,13.949999809265137,12.5,12.699999809265137,25377,
2016-11-11,13.300000190734863,13.699999809265137,13.149999618530272,13.699999809265137,5328,
2016-11-15,12.149999618530272,14.0,12.0,12.5,15416,
2016-11-16,12.100000381469728,12.899999618530272,11.800000190734863,12.0,9009,
2016-11-17,10.949999809265137,12.0,10.899999618530272,12.0,36626,
2016-11-18,11.199999809265137,11.850000381469728,10.149999618530272,10.149999618530272,3332,
2016-11-21,10.649999618530272,11.199999809265137,10.449999809265137,11.0,12537,
2016-11-22,10.75,11.399999618530272,10.550000190734863,10.600000381469728,5112,
2016-11-23,11.550000190734863,11.800000190734863,10.600000381469728,11.399999618530272,7033,
2016-11-24,11.25,11.899999618530272,11.199999809265137,11.199999809265137,4495,
2016-11-25,12.350000381469728,12.350000381469728,11.649999618530272,11.649999618530272,9520,
2016-11-28,12.300000190734863,12.850000381469728,12.0,12.850000381469728,31081,
2016-11-29,11.800000190734863,12.600000381469728,11.649999618530272,12.149999618530272,4876,
2016-11-30,12.149999618530272,12.449999809265137,11.649999618530272,11.649999618530272,6521,
2016-12-01,12.850000381469728,13.350000381469728,12.5,12.5,31964,
2016-12-02,12.800000190734863,13.800000190734863,11.199999809265137,12.800000190734863,24866,
2016-12-05,13.75,14.100000381469728,13.149999618530272,13.449999809265137,24923,
2016-12-06,13.100000381469728,13.850000381469728,12.699999809265137,13.850000381469728,4202,
2016-12-07,13.199999809265137,13.5,12.199999809265137,12.25,4986,
2016-12-08,13.25,14.0,13.100000381469728,13.100000381469728,14933,
2016-12-09,12.899999618530272,13.350000381469728,12.300000190734863,13.050000190734863,15222,
2016-12-12,13.050000190734863,13.699999809265137,12.550000190734863,12.699999809265137,7043,
2016-12-13,13.050000190734863,13.350000381469728,13.0,13.350000381469728,2846,
2016-12-14,12.850000381469728,13.25,12.699999809265137,13.050000190734863,7644,
2016-12-15,12.899999618530272,12.899999618530272,12.850000381469728,12.850000381469728,1338,
2016-12-16,12.899999618530272,12.899999618530272,12.25,12.699999809265137,1855,
2016-12-19,12.199999809265137,13.0,12.100000381469728,13.0,1738,
2016-12-20,12.5,12.949999809265137,12.350000381469728,12.399999618530272,5369,
2016-12-21,12.899999618530272,12.949999809265137,12.050000190734863,12.050000190734863,2261,
2016-12-22,12.050000190734863,12.699999809265137,11.899999618530272,12.300000190734863,5505,
2016-12-23,11.800000190734863,12.050000190734863,11.600000381469728,11.949999809265137,15592,
2016-12-26,11.300000190734863,11.949999809265137,10.899999618530272,11.5,19797,
2016-12-27,11.050000190734863,12.800000190734863,10.949999809265137,12.800000190734863,26279,
2016-12-28,10.949999809265137,11.399999618530272,10.850000381469728,11.199999809265137,24071,
2016-12-29,10.5,11.050000190734863,10.300000190734863,11.050000190734863,46941,
2016-12-30,10.550000190734863,10.949999809265137,10.449999809265137,10.949999809265137,17126,
2017-01-02,11.75,12.149999618530272,10.5,11.0,47915,
2017-01-03,11.899999618530272,12.350000381469728,11.75,11.75,42741,
2017-01-04,12.0,12.100000381469728,11.850000381469728,11.850000381469728,3326,
2017-01-05,13.100000381469728,13.850000381469728,11.300000190734863,11.800000190734863,60534,
2017-01-06,12.949999809265137,13.550000190734863,12.050000190734863,13.5,43844,
2017-01-09,12.75,13.149999618530272,12.600000381469728,13.100000381469728,3297,
2017-01-10,13.100000381469728,13.300000190734863,12.300000190734863,12.699999809265137,12666,
2017-01-11,15.699999809265137,15.699999809265137,13.300000190734863,13.75,211447,
2017-01-12,14.300000190734863,16.5,13.649999618530272,16.149999618530273,148480,
2017-01-13,14.5,15.399999618530272,13.699999809265137,14.649999618530272,65692,
2017-01-16,14.800000190734863,15.300000190734863,14.600000381469728,14.899999618530272,25459,
2017-01-17,14.100000381469728,14.75,13.800000190734863,14.75,15125,
2017-01-18,14.050000190734863,14.850000381469728,14.0,14.5,6482,
2017-01-19,14.100000381469728,14.699999809265137,13.800000190734863,13.899999618530272,6893,
2017-01-20,13.800000190734863,14.449999809265137,13.699999809265137,14.100000381469728,3508,
2017-01-23,13.600000381469728,14.25,13.600000381469728,13.649999618530272,1006,
2017-01-24,14.25,14.25,14.0,14.149999618530272,17895,
2017-01-25,14.949999809265137,14.949999809265137,14.0,14.300000190734863,13938,
2017-01-27,15.550000190734863,15.649999618530272,15.0,15.0,22050,
2017-01-30,15.399999618530272,16.0,14.850000381469728,15.0,9049,
2017-01-31,14.649999618530272,15.649999618530272,14.649999618530272,15.300000190734863,17436,
2017-02-01,14.949999809265137,15.0,14.0,14.050000190734863,11274,
2017-02-02,15.649999618530272,15.649999618530272,14.550000190734863,15.300000190734863,30990,
2017-02-03,16.0,16.399999618530273,15.699999809265137,16.399999618530273,49180,
2017-02-06,16.0,16.5,15.75,16.0,21461,
2017-02-07,15.699999809265137,16.799999237060547,15.199999809265137,16.200000762939453,23717,
2017-02-08,15.050000190734863,15.5,15.0,15.25,5038,
2017-02-09,14.649999618530272,15.699999809265137,14.350000381469728,15.300000190734863,3635,
2017-02-10,14.649999618530272,15.0,14.149999618530272,14.300000190734863,6470,
2017-02-13,14.0,14.649999618530272,13.949999809265137,14.649999618530272,6242,
2017-02-14,13.649999618530272,14.449999809265137,13.300000190734863,13.75,16841,
2017-02-15,13.800000190734863,14.300000190734863,13.5,13.75,2166,
2017-02-16,14.050000190734863,14.100000381469728,13.800000190734863,14.0,4199,
2017-02-17,13.850000381469728,14.399999618530272,13.850000381469728,14.050000190734863,1028,
2017-02-20,14.300000190734863,14.5,13.850000381469728,14.5,1993,
2017-02-21,14.199999809265137,14.25,13.699999809265137,14.050000190734863,4231,
2017-02-22,13.5,14.100000381469728,13.5,13.5,14496,
2017-02-23,13.5,13.699999809265137,13.050000190734863,13.050000190734863,3981,
2017-02-27,13.300000190734863,13.800000190734863,13.199999809265137,13.300000190734863,2292,
2017-02-28,13.399999618530272,13.550000190734863,13.0,13.550000190734863,2399,
2017-03-01,13.699999809265137,14.0,13.100000381469728,13.399999618530272,6631,
2017-03-02,13.399999618530272,13.899999618530272,13.399999618530272,13.550000190734863,6298,
2017-03-03,13.25,14.0,13.100000381469728,13.300000190734863,3510,
2017-03-06,13.100000381469728,13.5,13.100000381469728,13.25,5877,
2017-03-07,13.300000190734863,13.75,13.050000190734863,13.699999809265137,2674,
2017-03-08,13.25,13.5,13.0,13.100000381469728,20060,
2017-03-09,13.199999809265137,13.699999809265137,13.199999809265137,13.699999809265137,2376,
2017-03-10,13.0,13.5,12.899999618530272,13.100000381469728,16289,
2017-03-14,13.100000381469728,13.399999618530272,12.399999618530272,12.399999618530272,8052,
2017-03-15,13.199999809265137,13.449999809265137,12.75,13.0,7699,
2017-03-16,13.050000190734863,13.5,12.850000381469728,12.850000381469728,5593,
2017-03-17,13.0,13.25,13.0,13.100000381469728,6920,
2017-03-20,12.75,13.300000190734863,12.550000190734863,13.0,11043,
2017-03-21,12.550000190734863,13.199999809265137,12.149999618530272,13.199999809265137,7873,
2017-03-22,12.149999618530272,12.649999618530272,12.100000381469728,12.600000381469728,15137,
2017-03-23,12.699999809265137,12.75,12.199999809265137,12.199999809265137,15304,
2017-03-24,12.600000381469728,13.25,12.5,13.0,4779,
2017-03-27,13.199999809265137,13.199999809265137,12.399999618530272,12.399999618530272,21408,
2017-03-28,13.050000190734863,13.850000381469728,12.550000190734863,13.600000381469728,33023,
2017-03-29,13.050000190734863,13.5,12.75,13.5,5605,
2017-03-30,12.899999618530272,13.5,12.699999809265137,12.800000190734863,8848,
2017-03-31,12.899999618530272,13.449999809265137,12.399999618530272,12.399999618530272,5608,
2017-04-03,13.449999809265137,13.5,12.800000190734863,13.449999809265137,42110,
2017-04-05,13.699999809265137,13.850000381469728,13.149999618530272,13.5,8180,
2017-04-06,13.75,13.800000190734863,13.550000190734863,13.550000190734863,4670,
2017-04-07,13.800000190734863,13.899999618530272,13.449999809265137,13.899999618530272,9519,
2017-04-10,14.149999618530272,15.0,13.300000190734863,13.899999618530272,52540,
2017-04-11,13.800000190734863,14.949999809265137,13.300000190734863,14.25,13100,
2017-04-12,14.550000190734863,14.800000190734863,13.850000381469728,14.5,42929,
2017-04-13,14.100000381469728,14.850000381469728,13.550000190734863,14.850000381469728,17353,
2017-04-17,14.399999618530272,14.449999809265137,13.75,14.350000381469728,8598,
2017-04-18,14.550000190734863,14.75,14.350000381469728,14.350000381469728,8726,
2017-04-19,14.350000381469728,14.399999618530272,13.649999618530272,13.649999618530272,8961,
2017-04-20,14.149999618530272,14.800000190734863,13.850000381469728,13.850000381469728,3012,
2017-04-21,14.699999809265137,14.949999809265137,14.449999809265137,14.550000190734863,14271,
2017-04-24,14.199999809265137,15.0,14.0,14.699999809265137,15953,
2017-04-25,13.800000190734863,14.449999809265137,13.649999618530272,14.149999618530272,10972,
2017-04-26,14.399999618530272,15.100000381469728,13.649999618530272,14.399999618530272,44081,
2017-04-27,13.850000381469728,14.449999809265137,13.850000381469728,14.350000381469728,7699,
2017-04-28,13.600000381469728,14.0,13.5,13.949999809265137,13541,
2017-05-02,13.199999809265137,14.25,13.100000381469728,14.25,53008,
2017-05-03,13.300000190734863,13.449999809265137,13.0,13.350000381469728,34285,
2017-05-04,13.550000190734863,14.300000190734863,13.449999809265137,13.550000190734863,48002,
2017-05-05,13.899999618530272,13.899999618530272,13.350000381469728,13.350000381469728,18577,
2017-05-08,13.699999809265137,13.949999809265137,13.350000381469728,13.350000381469728,7894,
2017-05-09,13.699999809265137,13.949999809265137,13.350000381469728,13.75,7090,
2017-05-10,13.899999618530272,13.949999809265137,13.399999618530272,13.399999618530272,3674,
2017-05-11,13.600000381469728,13.899999618530272,13.5,13.899999618530272,4875,
2017-05-12,13.550000190734863,13.899999618530272,13.100000381469728,13.25,4109,
2017-05-15,13.399999618530272,14.0,13.0,13.350000381469728,19280,
2017-05-16,13.25,13.75,13.100000381469728,13.75,4859,
2017-05-17,14.550000190734863,14.550000190734863,13.25,13.649999618530272,31312,
2017-05-18,16.0,16.0,14.5,14.550000190734863,91031,
2017-05-19,16.399999618530273,17.600000381469727,14.600000381469728,17.200000762939453,159342,
2017-05-22,15.850000381469728,16.75,15.350000381469728,16.75,59731,
2017-05-23,14.550000190734863,15.800000190734863,14.300000190734863,15.0,69161,
2017-05-24,13.199999809265137,14.75,13.100000381469728,14.75,54769,
2017-05-25,14.399999618530272,14.5,12.850000381469728,13.100000381469728,43334,
2017-05-26,15.050000190734863,15.449999809265137,14.550000190734863,15.199999809265137,37397,
2017-05-29,16.549999237060547,16.549999237060547,15.75,15.850000381469728,119643,
2017-05-30,15.600000381469728,17.350000381469727,15.149999618530272,16.5,61429,
2017-05-31,15.0,15.800000190734863,14.649999618530272,15.800000190734863,21121,
2017-06-01,14.949999809265137,15.600000381469728,14.649999618530272,15.600000381469728,25894,
2017-06-02,15.399999618530272,15.550000190734863,14.75,14.949999809265137,28159,
2017-06-05,15.899999618530272,16.850000381469727,15.600000381469728,16.850000381469727,101212,
2017-06-06,15.300000190734863,16.0,15.0,16.0,11443,
2017-06-07,15.300000190734863,15.699999809265137,15.199999809265137,15.550000190734863,20274,
2017-06-08,15.350000381469728,16.049999237060547,14.5,15.5,55641,
2017-06-09,15.149999618530272,16.0,14.699999809265137,15.25,41889,
2017-06-12,15.5,16.049999237060547,15.199999809265137,16.049999237060547,27160,
2017-06-13,15.300000190734863,16.100000381469727,14.300000190734863,15.0,8451,
2017-06-14,15.25,15.550000190734863,14.850000381469728,14.850000381469728,10412,
2017-06-15,15.699999809265137,15.949999809265137,15.0,15.0,12017,
2017-06-16,15.5,15.75,15.0,15.75,10308,
2017-06-19,15.300000190734863,15.600000381469728,15.199999809265137,15.5,9007,
2017-06-20,15.149999618530272,15.600000381469728,15.0,15.350000381469728,12604,
2017-06-21,15.550000190734863,15.75,14.649999618530272,15.5,12762,
2017-06-22,14.550000190734863,15.550000190734863,14.399999618530272,15.550000190734863,24353,
2017-06-23,14.300000190734863,14.75,14.0,14.350000381469728,18892,
2017-06-27,13.800000190734863,14.449999809265137,13.399999618530272,13.399999618530272,13272,
2017-06-28,14.850000381469728,15.399999618530272,13.75,14.100000381469728,16728,
2017-06-29,14.899999618530272,15.199999809265137,14.600000381469728,14.75,6527,
2017-06-30,15.0,15.350000381469728,14.300000190734863,14.75,3749,
2017-07-03,14.800000190734863,15.699999809265137,14.550000190734863,14.699999809265137,19528,
2017-07-04,14.850000381469728,15.100000381469728,14.649999618530272,14.800000190734863,8664,
2017-07-05,14.5,14.899999618530272,14.399999618530272,14.899999618530272,10646,
2017-07-06,14.699999809265137,14.949999809265137,14.600000381469728,14.600000381469728,7831,
2017-07-07,14.600000381469728,14.899999618530272,14.199999809265137,14.899999618530272,13199,
2017-07-10,14.5,14.850000381469728,14.0,14.800000190734863,9707,
2017-07-11,15.0,15.050000190734863,14.600000381469728,14.800000190734863,20156,
2017-07-12,15.300000190734863,15.449999809265137,15.0,15.0,11478,
2017-07-13,14.550000190734863,15.449999809265137,14.399999618530272,14.899999618530272,18559,
2017-07-14,14.25,14.850000381469728,14.0,14.800000190734863,13762,
2017-07-17,14.550000190734863,14.850000381469728,14.300000190734863,14.300000190734863,9900,
2017-07-18,14.649999618530272,15.0,14.449999809265137,14.5,5998,
2017-07-19,16.399999618530273,17.5,14.5,14.649999618530272,150084,
2017-07-20,15.899999618530272,17.700000762939453,15.699999809265137,17.700000762939453,86142,
2017-07-21,15.600000381469728,17.399999618530273,15.100000381469728,17.399999618530273,27111,
2017-07-24,16.049999237060547,17.399999618530273,14.550000190734863,16.200000762939453,45493,
2017-07-25,16.149999618530273,16.850000381469727,16.049999237060547,16.850000381469727,29605,
2017-07-26,16.149999618530273,16.399999618530273,15.800000190734863,16.25,21752,
2017-07-27,15.199999809265137,16.0,15.050000190734863,15.899999618530272,24584,
2017-07-28,15.199999809265137,15.649999618530272,15.050000190734863,15.25,33063,
2017-07-31,15.300000190734863,15.75,15.050000190734863,15.350000381469728,39146,
2017-08-01,16.25,16.700000762939453,15.449999809265137,15.75,94116,
2017-08-02,18.75,19.450000762939453,16.350000381469727,16.600000381469727,561458,
2017-08-03,21.049999237060547,21.89999961853028,18.200000762939453,18.950000762939453,891059,
2017-08-04,21.5,23.450000762939453,19.0,20.700000762939453,571969,
2017-08-07,20.450000762939453,22.350000381469727,19.75,21.0,153986,
2017-08-08,18.450000762939453,20.350000381469727,18.450000762939453,20.14999961853028,142753,
2017-08-09,17.25,18.5,16.75,18.450000762939453,91663,
2017-08-10,16.5,17.950000762939453,16.399999618530273,17.350000381469727,96363,
2017-08-11,15.699999809265137,16.399999618530273,15.699999809265137,15.75,34970,
2017-08-14,16.450000762939453,16.450000762939453,15.100000381469728,15.100000381469728,30780,
2017-08-16,15.899999618530272,16.799999237060547,15.75,16.299999237060547,87926,
2017-08-17,15.800000190734863,16.399999618530273,15.5,15.850000381469728,52895,
2017-08-18,15.800000190734863,15.899999618530272,15.399999618530272,15.550000190734863,24357,
2017-08-21,15.600000381469728,15.949999809265137,15.5,15.550000190734863,17756,
2017-08-22,15.5,15.899999618530272,15.300000190734863,15.899999618530272,22715,
2017-08-23,15.25,15.699999809265137,14.850000381469728,15.050000190734863,22230,
2017-08-24,16.0,16.0,15.050000190734863,15.050000190734863,25852,
2017-08-28,15.850000381469728,16.5,15.800000190734863,16.0,32788,
2017-08-29,15.699999809265137,16.25,15.600000381469728,15.699999809265137,14679,
2017-08-30,15.75,16.149999618530273,15.550000190734863,15.550000190734863,26613,
2017-08-31,15.699999809265137,15.949999809265137,15.199999809265137,15.949999809265137,16955,
2017-09-01,15.699999809265137,16.0,15.300000190734863,15.600000381469728,22534,
2017-09-04,15.050000190734863,15.800000190734863,14.949999809265137,15.800000190734863,60900,
2017-09-05,15.100000381469728,15.25,14.850000381469728,14.850000381469728,20025,
2017-09-06,15.350000381469728,15.5,15.0,15.100000381469728,12417,
2017-09-07,15.25,15.699999809265137,14.649999618530272,15.699999809265137,21842,
2017-09-08,15.300000190734863,15.699999809265137,15.149999618530272,15.149999618530272,21897,
2017-09-11,15.25,15.600000381469728,15.149999618530272,15.199999809265137,26196,
2017-09-12,15.350000381469728,15.550000190734863,14.5,15.25,42492,
2017-09-13,15.899999618530272,16.049999237060547,15.350000381469728,15.399999618530272,29090,
2017-09-14,16.25,16.399999618530273,15.850000381469728,16.200000762939453,28750,
2017-09-15,15.5,16.850000381469727,15.449999809265137,16.25,69517,
2017-09-18,15.800000190734863,16.200000762939453,15.550000190734863,15.550000190734863,31679,
2017-09-19,15.5,15.800000190734863,15.5,15.600000381469728,22391,
2017-09-20,15.699999809265137,15.899999618530272,15.050000190734863,15.100000381469728,8690,
2017-09-21,15.550000190734863,15.949999809265137,15.399999618530272,15.949999809265137,18039,
2017-09-22,14.949999809265137,15.600000381469728,14.800000190734863,15.199999809265137,26555,
2017-09-25,14.949999809265137,15.199999809265137,14.800000190734863,15.149999618530272,6608,
2017-09-26,14.75,14.949999809265137,14.600000381469728,14.649999618530272,5246,
2017-09-27,14.25,15.199999809265137,14.199999809265137,15.199999809265137,10481,
2017-09-28,14.800000190734863,14.949999809265137,14.0,14.5,10926,
2017-09-29,14.649999618530272,15.350000381469728,14.300000190734863,15.350000381469728,24467,
2017-10-03,14.550000190734863,14.850000381469728,14.300000190734863,14.649999618530272,14644,
2017-10-04,14.399999618530272,14.800000190734863,14.300000190734863,14.800000190734863,11019,
2017-10-05,14.649999618530272,15.0,14.300000190734863,14.350000381469728,8755,
2017-10-06,14.75,14.899999618530272,14.399999618530272,14.399999618530272,6154,
2017-10-09,14.699999809265137,14.949999809265137,13.699999809265137,14.949999809265137,21500,
2017-10-10,14.5,14.800000190734863,14.100000381469728,14.5,14187,
2017-10-11,14.25,15.0,14.100000381469728,15.0,27937,
2017-10-12,14.449999809265137,14.649999618530272,14.199999809265137,14.300000190734863,9569,
2017-10-13,14.399999618530272,14.899999618530272,14.199999809265137,14.600000381469728,11305,
2017-10-16,14.75,14.949999809265137,14.399999618530272,14.399999618530272,11847,
2017-10-17,14.399999618530272,14.850000381469728,14.25,14.5,20297,
2017-10-18,14.800000190734863,15.0,14.300000190734863,14.550000190734863,17661,
2017-10-19,14.550000190734863,14.800000190734863,14.25,14.800000190734863,1074,
2017-10-23,16.0,16.0,14.0,14.600000381469728,148185,
2017-10-24,16.950000762939453,17.549999237060547,15.0,16.75,184633,
2017-10-25,16.200000762939453,17.5,15.300000190734863,17.5,86729,
2017-10-26,16.399999618530273,16.5,15.699999809265137,16.350000381469727,33422,
2017-10-27,16.350000381469727,16.799999237060547,16.0,16.799999237060547,26213,
2017-10-30,17.399999618530273,17.5,16.149999618530273,16.5,73774,
2017-10-31,17.5,18.200000762939453,17.0,17.5,63530,
2017-11-01,17.350000381469727,17.899999618530273,17.200000762939453,17.649999618530273,24047,
2017-11-02,16.600000381469727,17.75,16.350000381469727,17.75,37174,
2017-11-03,16.450000762939453,17.299999237060547,16.0,16.350000381469727,24392,
2017-11-06,16.350000381469727,16.799999237060547,16.200000762939453,16.450000762939453,8900,
2017-11-07,15.949999809265137,16.649999618530273,15.75,16.649999618530273,15841,
2017-11-08,15.399999618530272,16.5,15.25,16.149999618530273,14005,
2017-11-09,15.25,15.949999809265137,15.100000381469728,15.399999618530272,39762,
2017-11-10,15.100000381469728,15.5,15.0,15.149999618530272,8745,
2017-11-13,15.300000190734863,15.850000381469728,15.050000190734863,15.050000190734863,12649,
2017-11-14,16.799999237060547,16.799999237060547,15.100000381469728,15.149999618530272,39710,
2017-11-15,15.699999809265137,17.850000381469727,15.600000381469728,17.850000381469727,48538,
2017-11-16,15.800000190734863,16.0,15.350000381469728,15.350000381469728,18801,
2017-11-17,15.899999618530272,16.350000381469727,15.699999809265137,15.800000190734863,16455,
2017-11-20,16.549999237060547,17.0,16.149999618530273,16.450000762939453,26163,
2017-11-21,16.049999237060547,16.75,16.0,16.600000381469727,30502,
2017-11-22,16.25,16.75,16.0,16.0,42649,
2017-11-23,16.049999237060547,16.5,16.049999237060547,16.5,6314,
2017-11-24,16.25,16.899999618530273,15.800000190734863,15.800000190734863,16884,
2017-11-27,16.200000762939453,16.399999618530273,16.0,16.100000381469727,21226,
2017-11-28,17.149999618530273,17.549999237060547,16.100000381469727,16.100000381469727,42058,
2017-11-29,16.899999618530273,17.450000762939453,16.700000762939453,17.25,12137,
2017-11-30,18.549999237060547,18.549999237060547,16.600000381469727,16.649999618530273,77249,
2017-12-01,20.39999961853028,20.39999961853028,19.600000381469727,19.75,163337,
2017-12-04,21.39999961853028,21.39999961853028,21.299999237060547,21.299999237060547,11749,
2017-12-05,22.450000762939453,22.450000762939453,22.450000762939453,22.450000762939453,62170,
2017-12-06,21.350000381469727,23.549999237060547,21.350000381469727,23.549999237060547,352097,
2017-12-07,20.299999237060547,20.5,20.299999237060547,20.5,58110,
2017-12-08,19.350000381469727,20.200000762939453,19.299999237060547,19.299999237060547,40946,
2017-12-11,19.75,20.299999237060547,18.39999961853028,18.39999961853028,27851,
2017-12-12,19.299999237060547,19.799999237060547,18.799999237060547,19.0,6966,
2017-12-13,19.200000762939453,19.75,19.049999237060547,19.049999237060547,8850,
2017-12-14,18.299999237060547,19.450000762939453,18.25,19.450000762939453,30131,
2017-12-15,17.649999618530273,19.100000381469727,17.399999618530273,18.25,7307,
2017-12-18,18.5,18.5,17.399999618530273,17.649999618530273,5757,
2017-12-19,19.39999961853028,19.39999961853028,18.100000381469727,18.100000381469727,19619,
2017-12-20,20.350000381469727,20.350000381469727,19.39999961853028,19.39999961853028,14600,
2017-12-21,21.350000381469727,21.350000381469727,20.0,21.350000381469727,38854,
2017-12-22,21.200000762939453,22.299999237060547,21.0,21.350000381469727,12100,
2017-12-26,21.25,22.25,20.14999961853028,21.89999961853028,21084,
2017-12-27,21.450000762939453,22.25,21.25,21.25,44543,
2017-12-28,22.14999961853028,22.5,20.5,22.5,19502,
2017-12-29,21.600000381469727,22.5,21.100000381469727,22.5,19242,
2018-01-01,22.0,22.450000762939453,21.5,21.5,8863,
2018-01-02,21.200000762939453,22.0,21.0,22.0,14218,
2018-01-03,22.0,22.25,20.799999237060547,20.799999237060547,32631,
2018-01-04,22.549999237060547,22.600000381469727,21.100000381469727,21.100000381469727,10256,
2018-01-05,22.700000762939453,23.049999237060547,22.049999237060547,22.700000762939453,18562,
2018-01-08,23.799999237060547,23.799999237060547,22.5,23.100000381469727,49697,
2018-01-09,24.950000762939453,24.950000762939453,23.64999961853028,24.850000381469727,61974,
2018-01-10,25.350000381469727,26.049999237060547,24.5,26.049999237060547,25268,
2018-01-11,25.950000762939453,26.100000381469727,24.89999961853028,25.350000381469727,48132,
2018-01-12,26.299999237060547,27.200000762939453,24.799999237060547,27.200000762939453,26434,
2018-01-15,27.600000381469727,27.600000381469727,25.89999961853028,26.299999237060547,81391,
2018-01-16,27.200000762939453,28.950000762939453,26.25,28.799999237060547,95095,
2018-01-17,26.200000762939453,27.89999961853028,25.850000381469727,26.0,25592,
2018-01-18,24.89999961853028,27.450000762939453,24.89999961853028,27.450000762939453,17522,
2018-01-19,23.950000762939453,25.89999961853028,23.700000762939453,25.89999961853028,18502,
2018-01-22,25.100000381469727,25.100000381469727,22.799999237060547,23.25,40061,
2018-01-23,26.350000381469727,26.350000381469727,25.64999961853028,26.0,18117,
2018-01-24,27.64999961853028,27.64999961853028,27.64999961853028,27.64999961853028,22519,
2018-01-25,26.89999961853028,29.0,26.450000762939453,28.700000762939453,66920,
2018-01-29,25.64999961853028,27.89999961853028,25.600000381469727,26.350000381469727,54095,
2018-01-30,25.450000762939453,26.600000381469727,24.39999961853028,24.5,25216,
2018-01-31,25.600000381469727,26.0,24.200000762939453,24.5,18586,
2018-02-01,25.0,26.5,24.350000381469727,24.600000381469727,10365,
2018-02-02,23.75,25.700000762939453,23.75,23.75,15609,
2018-02-05,22.700000762939453,23.39999961853028,22.600000381469727,22.600000381469727,15945,
2018-02-06,21.600000381469727,21.64999961853028,21.600000381469727,21.600000381469727,8786,
2018-02-07,22.64999961853028,22.64999961853028,22.64999961853028,22.64999961853028,16690,
2018-02-08,23.75,23.75,22.549999237060547,23.75,14514,
2018-02-09,24.350000381469727,24.89999961853028,23.75,23.75,63202,
2018-02-12,25.549999237060547,25.549999237060547,23.5,23.5,43877,
2018-02-14,24.39999961853028,26.799999237060547,24.299999237060547,26.0,163533,
2018-02-15,23.200000762939453,25.049999237060547,23.200000762939453,25.049999237060547,22676,
2018-02-16,22.049999237060547,23.39999961853028,22.049999237060547,23.0,25615,
2018-02-19,20.950000762939453,21.75,20.950000762939453,21.75,22815,
2018-02-20,20.5,21.75,19.950000762939453,21.75,48159,
2018-02-21,20.89999961853028,21.5,20.350000381469727,21.450000762939453,24052,
2018-02-22,21.39999961853028,21.799999237060547,20.200000762939453,20.950000762939453,39086,
2018-02-23,22.200000762939453,22.39999961853028,20.799999237060547,20.799999237060547,42785,
2018-02-26,21.700000762939453,22.89999961853028,21.25,22.89999961853028,18902,
2018-02-27,21.39999961853028,22.0,21.14999961853028,21.5,11380,
2018-02-28,21.299999237060547,21.700000762939453,20.39999961853028,20.39999961853028,35499,
2018-03-01,22.25,22.350000381469727,21.049999237060547,21.5,34455,
2018-03-05,21.350000381469727,21.89999961853028,21.14999961853028,21.5,20550,
2018-03-06,20.350000381469727,21.89999961853028,20.299999237060547,21.89999961853028,8672,
2018-03-07,19.350000381469727,20.299999237060547,19.350000381469727,19.75,13646,
2018-03-08,18.5,19.700000762939453,18.39999961853028,19.700000762939453,33333,
2018-03-09,18.14999961853028,19.39999961853028,17.899999618530273,17.899999618530273,30851,
2018-03-12,18.25,18.350000381469727,17.700000762939453,18.350000381469727,28101,
2018-03-13,18.14999961853028,18.39999961853028,17.75,18.39999961853028,35639,
2018-03-14,18.200000762939453,19.049999237060547,17.649999618530273,17.700000762939453,16522,
2018-03-15,18.600000381469727,18.89999961853028,17.75,17.850000381469727,10517,
2018-03-16,18.600000381469727,19.5,17.700000762939453,19.5,8933,
2018-03-19,17.75,19.0,17.700000762939453,19.0,23137,
2018-03-20,18.049999237060547,18.549999237060547,17.25,18.549999237060547,9685,
2018-03-21,18.350000381469727,18.950000762939453,18.0,18.450000762939453,1352,
2018-03-22,17.5,19.200000762939453,17.450000762939453,19.200000762939453,10956,
2018-03-23,16.649999618530273,17.5,16.649999618530273,17.0,18684,
2018-03-26,16.0,17.450000762939453,15.899999618530272,17.049999237060547,29642,
2018-03-27,16.799999237060547,16.799999237060547,16.0,16.0,6138,
2018-03-28,16.5,17.5,16.100000381469727,17.200000762939453,13409,
2018-04-02,16.799999237060547,16.899999618530273,16.350000381469727,16.899999618530273,9127,
2018-04-03,17.450000762939453,17.600000381469727,16.350000381469727,16.350000381469727,12744,
2018-04-04,18.200000762939453,18.299999237060547,17.799999237060547,18.0,5008,
2018-04-05,18.5,19.0,18.25,18.299999237060547,9168,
2018-04-06,18.299999237060547,18.450000762939453,17.75,18.200000762939453,14467,
2018-04-09,18.600000381469727,19.0,17.549999237060547,17.549999237060547,12781,
2018-04-10,18.200000762939453,19.600000381469727,18.049999237060547,19.600000381469727,14547,
2018-04-11,18.14999961853028,18.89999961853028,18.0,18.549999237060547,3056,
2018-04-12,18.600000381469727,19.700000762939453,18.049999237060547,19.64999961853028,4771,
2018-04-13,18.299999237060547,18.850000381469727,18.14999961853028,18.200000762939453,3649,
2018-04-16,18.25,18.850000381469727,17.75,18.299999237060547,7928,
2018-04-17,18.5,18.89999961853028,17.799999237060547,18.39999961853028,6988,
2018-04-18,18.14999961853028,18.549999237060547,18.100000381469727,18.100000381469727,4091,
2018-04-19,18.200000762939453,18.950000762939453,18.0,18.0,8743,
2018-04-20,18.700000762939453,19.5,18.39999961853028,18.75,15566,
2018-04-23,18.14999961853028,19.100000381469727,17.899999618530273,18.14999961853028,3801,
2018-04-24,17.950000762939453,18.5,17.649999618530273,18.100000381469727,17048,
2018-04-25,17.549999237060547,18.25,17.350000381469727,17.5,6434,
2018-04-26,17.25,18.39999961853028,17.149999618530273,18.0,4626,
2018-04-27,17.399999618530273,18.5,17.200000762939453,18.450000762939453,14540,
2018-04-30,17.850000381469727,17.850000381469727,16.75,17.799999237060547,7133,
2018-05-02,17.25,18.5,17.0,17.899999618530273,16955,
2018-05-03,16.700000762939453,16.950000762939453,16.649999618530273,16.75,4068,
2018-05-04,16.600000381469727,17.75,16.5,17.75,10760,
2018-05-07,16.75,17.75,16.399999618530273,17.399999618530273,16526,
2018-05-08,16.899999618530273,18.25,16.399999618530273,16.899999618530273,6035,
2018-05-09,16.950000762939453,18.25,16.5,17.0,14865,
2018-05-10,16.549999237060547,17.450000762939453,16.549999237060547,17.0,9946,
2018-05-11,16.350000381469727,16.5,16.299999237060547,16.5,5674,
2018-05-14,15.899999618530272,16.649999618530273,15.899999618530272,16.649999618530273,18546,
2018-05-15,15.25,17.0,14.75,16.049999237060547,18036,
2018-05-16,14.550000190734863,16.25,14.050000190734863,16.25,17204,
2018-05-17,15.399999618530272,15.899999618530272,14.199999809265137,14.449999809265137,14244,
2018-05-18,15.0,16.149999618530273,14.899999618530272,14.899999618530272,6654,
2018-05-21,13.649999618530272,15.5,13.5,15.5,36187,
2018-05-22,13.600000381469728,14.850000381469728,13.050000190734863,13.800000190734863,13368,
2018-05-23,13.0,14.949999809265137,12.25,14.5,50706,
2018-05-24,12.550000190734863,13.199999809265137,12.100000381469728,12.899999618530272,34337,
2018-05-25,13.0,13.449999809265137,12.800000190734863,13.0,6765,
2018-05-28,14.300000190734863,14.300000190734863,13.0,13.0,18675,
2018-05-29,15.699999809265137,15.699999809265137,14.600000381469728,15.050000190734863,23551,
2018-05-30,17.25,17.25,15.0,15.800000190734863,45786,
2018-05-31,16.399999618530273,17.450000762939453,16.399999618530273,17.200000762939453,21691,
2018-06-01,15.600000381469728,15.600000381469728,15.600000381469728,15.600000381469728,2345,
2018-06-04,14.850000381469728,15.600000381469728,14.850000381469728,15.600000381469728,8254,
2018-06-05,14.149999618530272,15.300000190734863,14.149999618530272,14.149999618530272,16992,
2018-06-06,13.5,14.149999618530272,13.449999809265137,14.149999618530272,17256,
2018-06-07,14.050000190734863,14.149999618530272,13.0,13.050000190734863,14156,
2018-06-08,13.75,14.449999809265137,13.550000190734863,14.449999809265137,3703,
2018-06-11,13.5,14.350000381469728,13.300000190734863,14.350000381469728,8029,
2018-06-12,13.800000190734863,14.0,13.399999618530272,13.5,3474,
2018-06-13,13.850000381469728,14.399999618530272,13.399999618530272,13.800000190734863,6374,
2018-06-14,13.399999618530272,14.399999618530272,13.199999809265137,13.850000381469728,11571,
2018-06-15,13.350000381469728,13.800000190734863,13.050000190734863,13.199999809265137,4089,
2018-06-18,13.100000381469728,13.699999809265137,12.949999809265137,13.0,9638,
2018-06-19,12.949999809265137,13.449999809265137,12.449999809265137,13.0,38008,
2018-06-20,13.100000381469728,13.5,12.699999809265137,13.25,37387,
2018-06-21,13.050000190734863,13.449999809265137,12.649999618530272,13.449999809265137,42143,
2018-06-22,12.800000190734863,13.550000190734863,12.75,13.550000190734863,424,
2018-06-25,12.800000190734863,13.399999618530272,12.699999809265137,13.0,26280,
2018-06-26,12.800000190734863,13.300000190734863,12.550000190734863,12.850000381469728,2354,
2018-06-27,12.600000381469728,13.399999618530272,12.350000381469728,13.399999618530272,23734,
2018-06-28,12.800000190734863,13.149999618530272,12.5,12.550000190734863,10253,
2018-06-29,12.850000381469728,13.199999809265137,12.300000190734863,12.300000190734863,6343,
2018-07-02,12.800000190734863,13.0,12.550000190734863,12.850000381469728,6974,
2018-07-03,12.899999618530272,13.199999809265137,12.600000381469728,12.699999809265137,9873,
2018-07-04,12.899999618530272,13.0,12.399999618530272,12.399999618530272,4336,
2018-07-05,12.949999809265137,13.399999618530272,12.550000190734863,13.0,7280,
2018-07-06,12.800000190734863,12.850000381469728,12.800000190734863,12.800000190734863,2225,
2018-07-09,12.649999618530272,13.050000190734863,12.300000190734863,12.800000190734863,18726,
2018-07-10,12.800000190734863,13.100000381469728,12.649999618530272,12.649999618530272,2608,
2018-07-11,13.0,13.149999618530272,12.649999618530272,12.800000190734863,7600,
2018-07-12,12.800000190734863,13.050000190734863,12.75,12.899999618530272,3495,
2018-07-13,12.649999618530272,12.899999618530272,12.600000381469728,12.75,11783,
2018-07-16,12.5,13.0,12.100000381469728,12.649999618530272,22612,
2018-07-17,11.899999618530272,12.399999618530272,11.899999618530272,12.350000381469728,15668,
2018-07-18,11.949999809265137,12.100000381469728,11.399999618530272,11.399999618530272,25405,
2018-07-19,11.899999618530272,12.399999618530272,11.600000381469728,12.399999618530272,11511,
2018-07-20,12.300000190734863,12.399999618530272,11.350000381469728,11.899999618530272,16524,
2018-07-23,12.050000190734863,12.449999809265137,11.800000190734863,11.800000190734863,6450,
2018-07-24,12.649999618530272,12.649999618530272,12.399999618530272,12.399999618530272,7346,
2018-07-25,12.899999618530272,13.25,12.800000190734863,13.25,6819,
2018-07-26,12.5,12.75,12.5,12.550000190734863,1733,
2018-07-27,13.0,13.100000381469728,12.350000381469728,12.350000381469728,20096,
2018-07-30,13.0,13.600000381469728,12.350000381469728,12.5,33196,
2018-07-31,13.0,13.5,12.800000190734863,13.0,13702,
2018-08-01,13.100000381469728,13.449999809265137,13.0,13.449999809265137,1853,
2018-08-02,12.899999618530272,13.0,12.699999809265137,13.0,3168,
2018-08-03,13.149999618530272,13.149999618530272,12.75,12.75,4874,
2018-08-06,13.149999618530272,13.550000190734863,13.050000190734863,13.050000190734863,1361,
2018-08-07,13.149999618530272,13.5,12.600000381469728,12.949999809265137,14935,
2018-08-08,13.149999618530272,13.75,13.149999618530272,13.25,4163,
2018-08-09,14.149999618530272,14.399999618530272,13.399999618530272,13.5,17321,
2018-08-10,14.300000190734863,15.0,13.850000381469728,14.949999809265137,5422,
2018-08-13,13.75,15.0,13.649999618530272,15.0,3140,
2018-08-14,13.100000381469728,14.649999618530272,12.899999618530272,14.649999618530272,15404,
2018-08-16,13.699999809265137,13.899999618530272,13.100000381469728,13.149999618530272,7229,
2018-08-17,13.550000190734863,13.899999618530272,13.5,13.5,3808,
2018-08-20,14.649999618530272,14.899999618530272,13.75,14.0,18347,
2018-08-21,14.350000381469728,15.5,14.149999618530272,15.5,9904,
2018-08-23,14.050000190734863,14.800000190734863,13.600000381469728,14.350000381469728,12191,
2018-08-24,14.5,14.600000381469728,14.199999809265137,14.199999809265137,4244,
2018-08-27,14.350000381469728,14.399999618530272,13.75,13.75,4131,
2018-08-28,13.100000381469728,14.699999809265137,12.949999809265137,14.399999618530272,53545,
2018-08-29,13.399999618530272,13.75,12.0,13.75,142173,
2018-08-30,14.25,14.550000190734863,12.300000190734863,12.300000190734863,98752,
2018-08-31,14.699999809265137,14.899999618530272,14.100000381469728,14.5,11668,
2018-09-03,14.850000381469728,15.800000190734863,14.350000381469728,14.350000381469728,38381,
2018-09-04,14.75,14.949999809265137,14.25,14.5,8779,
2018-09-05,14.949999809265137,15.350000381469728,14.350000381469728,15.350000381469728,20945,
2018-09-06,14.800000190734863,15.699999809265137,14.5,15.699999809265137,6173,
2018-09-07,14.899999618530272,15.0,14.050000190734863,14.649999618530272,5037,
2018-09-10,14.899999618530272,15.0,14.350000381469728,15.0,3097,
2018-09-11,14.75,15.75,14.25,15.75,7161,
2018-09-12,14.550000190734863,14.600000381469728,14.0,14.350000381469728,3613,
2018-09-14,14.300000190734863,14.699999809265137,14.050000190734863,14.25,9396,
2018-09-17,14.949999809265137,15.0,13.0,13.0,13351,
2018-09-18,14.899999618530272,15.300000190734863,14.550000190734863,14.550000190734863,15257,
2018-09-19,14.199999809265137,14.949999809265137,14.050000190734863,14.300000190734863,13274,
2018-09-21,13.899999618530272,14.850000381469728,13.600000381469728,13.850000381469728,19792,
2018-09-24,13.649999618530272,14.600000381469728,13.25,14.5,8872,
2018-09-25,13.350000381469728,13.649999618530272,13.0,13.649999618530272,6241,
2018-09-26,13.949999809265137,14.449999809265137,13.149999618530272,14.25,8807,
2018-09-27,13.300000190734863,14.300000190734863,13.100000381469728,14.100000381469728,8335,
2018-09-28,13.100000381469728,14.149999618530272,12.899999618530272,12.899999618530272,10900,
2018-10-01,13.399999618530272,13.600000381469728,11.850000381469728,12.899999618530272,11181,
2018-10-03,13.350000381469728,13.850000381469728,12.699999809265137,13.850000381469728,6684,
2018-10-04,12.5,12.800000190734863,12.300000190734863,12.699999809265137,23292,
2018-10-05,13.149999618530272,13.149999618530272,12.300000190734863,12.300000190734863,11206,
2018-10-08,12.25,13.300000190734863,12.100000381469728,13.149999618530272,17215,
2018-10-09,12.399999618530272,12.649999618530272,12.199999809265137,12.5,11448,
2018-10-10,13.449999809265137,13.75,12.100000381469728,12.100000381469728,11741,
2018-10-11,13.050000190734863,13.899999618530272,12.5,13.899999618530272,3303,
2018-10-12,13.449999809265137,13.5,13.100000381469728,13.399999618530272,6282,
2018-10-15,13.350000381469728,13.399999618530272,12.800000190734863,13.399999618530272,3731,
2018-10-16,13.399999618530272,14.399999618530272,13.199999809265137,14.399999618530272,8279,
2018-10-17,13.100000381469728,13.949999809265137,13.100000381469728,13.949999809265137,3319,
2018-10-19,12.850000381469728,13.699999809265137,11.600000381469728,13.100000381469728,7637,
2018-10-22,12.949999809265137,13.25,12.75,13.0,647,
2018-10-23,12.600000381469728,12.850000381469728,12.449999809265137,12.850000381469728,3060,
2018-10-24,12.850000381469728,12.850000381469728,12.5,12.850000381469728,1253,
2018-10-25,12.300000190734863,12.600000381469728,12.149999618530272,12.5,7381,
2018-10-26,12.449999809265137,12.800000190734863,12.300000190734863,12.300000190734863,562,
2018-10-29,13.050000190734863,13.350000381469728,12.100000381469728,12.100000381469728,10189,
2018-10-30,12.800000190734863,14.449999809265137,12.25,12.25,10748,
2018-10-31,13.300000190734863,13.399999618530272,13.0,13.399999618530272,1318,
2018-11-01,13.5,13.800000190734863,12.800000190734863,13.800000190734863,13308,
2018-11-02,13.350000381469728,14.600000381469728,13.25,14.600000381469728,3304,
2018-11-05,13.300000190734863,14.0,12.350000381469728,14.0,1285,
2018-11-06,13.050000190734863,13.350000381469728,12.75,13.149999618530272,3307,
2018-11-07,13.350000381469728,13.699999809265137,13.100000381469728,13.300000190734863,246,
2018-11-09,13.199999809265137,13.949999809265137,12.949999809265137,13.75,5402,
2018-11-12,13.800000190734863,14.449999809265137,13.5,13.550000190734863,30060,
2018-11-13,13.800000190734863,14.300000190734863,13.550000190734863,13.550000190734863,2791,
2018-11-14,13.75,14.449999809265137,13.699999809265137,13.75,3782,
2018-11-15,13.899999618530272,14.949999809265137,13.5,13.75,13012,
2018-11-16,14.0,14.5,13.5,14.449999809265137,3821,
2018-11-19,13.649999618530272,14.0,13.050000190734863,13.949999809265137,7012,
2018-11-20,13.199999809265137,13.75,12.800000190734863,13.5,4857,
2018-11-21,13.550000190734863,13.699999809265137,13.350000381469728,13.449999809265137,9529,
2018-11-22,13.25,14.0,13.25,14.0,795,
2018-11-26,13.050000190734863,13.850000381469728,12.800000190734863,13.850000381469728,7875,
2018-11-27,13.100000381469728,13.649999618530272,13.0,13.0,226,
2018-11-28,13.600000381469728,13.600000381469728,13.050000190734863,13.100000381469728,1054,
2018-11-29,13.149999618530272,13.800000190734863,12.75,13.5,7201,
2018-11-30,13.149999618530272,13.449999809265137,12.75,13.449999809265137,4402,
2018-12-03,13.25,13.399999618530272,13.0,13.300000190734863,1154,
2018-12-04,13.100000381469728,13.449999809265137,12.649999618530272,13.0,462,
2018-12-05,12.800000190734863,13.25,12.600000381469728,13.25,3662,
2018-12-06,12.5,12.850000381469728,12.100000381469728,12.600000381469728,5624,
2018-12-07,13.100000381469728,13.100000381469728,11.600000381469728,12.850000381469728,2281,
2018-12-10,12.600000381469728,12.800000190734863,12.5,12.5,6061,
2018-12-11,12.699999809265137,14.300000190734863,12.600000381469728,12.899999618530272,2249,
2018-12-12,12.949999809265137,13.449999809265137,12.850000381469728,13.199999809265137,5105,
2018-12-13,13.550000190734863,15.149999618530272,13.0,13.300000190734863,10411,
2018-12-14,14.0,14.25,13.050000190734863,13.600000381469728,4343,
2018-12-17,13.699999809265137,14.350000381469728,13.449999809265137,13.899999618530272,1843,
2018-12-18,13.850000381469728,14.699999809265137,12.75,13.199999809265137,4373,
2018-12-19,13.949999809265137,14.350000381469728,13.399999618530272,13.850000381469728,4947,
2018-12-20,13.75,14.149999618530272,13.550000190734863,14.0,7885,
2018-12-21,13.649999618530272,14.350000381469728,13.600000381469728,13.649999618530272,11627,
2018-12-24,13.449999809265137,13.800000190734863,13.300000190734863,13.399999618530272,5939,
2018-12-26,13.149999618530272,13.899999618530272,12.699999809265137,13.899999618530272,2198,
2018-12-27,13.399999618530272,13.699999809265137,12.399999618530272,12.399999618530272,4441,
2018-12-28,13.149999618530272,13.199999809265137,13.100000381469728,13.149999618530272,1089,
2018-12-31,13.350000381469728,13.800000190734863,13.0,13.199999809265137,9802,
2019-01-01,13.199999809265137,13.600000381469728,13.100000381469728,13.300000190734863,2622,
2019-01-02,13.100000381469728,13.5,13.0,13.149999618530272,92,
2019-01-03,13.149999618530272,13.5,13.149999618530272,13.5,15169,
2019-01-04,12.949999809265137,13.449999809265137,12.899999618530272,13.449999809265137,1307,
2019-01-07,12.800000190734863,13.25,12.800000190734863,12.949999809265137,5628,
2019-01-08,13.25,13.25,12.899999618530272,13.149999618530272,1695,
2019-01-09,13.149999618530272,13.899999618530272,12.149999618530272,12.149999618530272,8750,
2019-01-10,12.649999618530272,12.899999618530272,12.600000381469728,12.850000381469728,5527,
2019-01-11,12.649999618530272,12.949999809265137,12.600000381469728,12.949999809265137,1088,
2019-01-14,12.550000190734863,12.649999618530272,12.5,12.5,1639,
2019-01-15,12.550000190734863,12.600000381469728,12.550000190734863,12.600000381469728,4561,
2019-01-16,12.899999618530272,12.899999618530272,12.199999809265137,12.25,2196,
2019-01-17,13.0,13.300000190734863,12.899999618530272,12.899999618530272,2021,
2019-01-18,12.800000190734863,13.100000381469728,12.600000381469728,12.899999618530272,154,
2019-01-21,12.699999809265137,12.949999809265137,12.649999618530272,12.649999618530272,1201,
2019-01-22,12.550000190734863,12.75,12.550000190734863,12.600000381469728,3650,
2019-01-23,12.149999618530272,12.899999618530272,12.149999618530272,12.899999618530272,949,
2019-01-24,12.25,12.949999809265137,12.149999618530272,12.949999809265137,3830,
2019-01-25,12.25,12.399999618530272,12.050000190734863,12.149999618530272,1834,
2019-01-28,11.399999618530272,12.100000381469728,11.050000190734863,12.100000381469728,13023,
2019-01-29,11.75,11.949999809265137,11.449999809265137,11.449999809265137,889,
2019-01-30,11.699999809265137,12.300000190734863,11.399999618530272,11.75,2395,
2019-01-31,11.550000190734863,12.149999618530272,11.350000381469728,11.399999618530272,3624,
2019-02-01,11.100000381469728,11.949999809265137,11.0,11.550000190734863,4502,
2019-02-04,11.149999618530272,11.899999618530272,11.0,11.050000190734863,6658,
2019-02-05,11.100000381469728,13.0,11.100000381469728,13.0,5845,
2019-02-06,10.75,11.949999809265137,10.600000381469728,10.899999618530272,4882,
2019-02-07,11.850000381469728,11.899999618530272,10.600000381469728,10.600000381469728,7731,
2019-02-08,11.0,11.800000190734863,10.75,11.5,3278,
2019-02-11,10.199999809265137,11.0,10.050000190734863,11.0,20757,
2019-02-12,9.899999618530272,11.0,9.699999809265137,11.0,4208,
2019-02-14,11.600000381469728,11.600000381469728,9.0,9.699999809265137,17689,
2019-02-15,13.350000381469728,13.899999618530272,13.0,13.0,82604,
2019-02-18,11.5,13.649999618530272,11.199999809265137,13.649999618530272,48043,
2019-02-19,11.050000190734863,12.0,10.899999618530272,11.5,22521,
2019-02-20,11.600000381469728,11.899999618530272,11.149999618530272,11.850000381469728,21154,
2019-02-21,11.600000381469728,12.199999809265137,11.149999618530272,11.850000381469728,12338,
2019-02-22,11.850000381469728,13.0,11.399999618530272,12.199999809265137,23589,
2019-02-25,14.199999809265137,14.199999809265137,11.850000381469728,11.850000381469728,61007,
2019-02-26,13.699999809265137,14.850000381469728,13.0,14.050000190734863,85556,
2019-02-27,13.149999618530272,14.0,12.5,13.699999809265137,28792,
2019-02-28,14.199999809265137,15.100000381469728,13.149999618530272,13.149999618530272,31490,
2019-03-01,14.0,14.899999618530272,13.25,13.899999618530272,16822,
2019-03-05,15.449999809265137,16.5,13.899999618530272,14.800000190734863,76493,
2019-03-06,15.399999618530272,15.949999809265137,14.850000381469728,15.600000381469728,32158,
2019-03-07,14.800000190734863,15.25,14.300000190734863,15.0,38603,
2019-03-08,14.449999809265137,15.199999809265137,14.149999618530272,15.199999809265137,10203,
2019-03-11,14.600000381469728,15.300000190734863,13.649999618530272,14.100000381469728,20340,
2019-03-12,15.149999618530272,15.399999618530272,14.649999618530272,15.399999618530272,14424,
2019-03-13,14.800000190734863,15.699999809265137,14.550000190734863,15.699999809265137,10466,
2019-03-14,14.5,15.5,14.25,15.5,35055,
2019-03-15,14.350000381469728,14.850000381469728,14.350000381469728,14.75,7514,
2019-03-18,14.300000190734863,14.699999809265137,14.25,14.25,7080,
2019-03-19,14.0,14.399999618530272,13.600000381469728,14.199999809265137,17574,
2019-03-20,13.600000381469728,14.399999618530272,13.350000381469728,14.0,5641,
2019-03-22,13.350000381469728,14.0,13.300000190734863,13.300000190734863,3715,
2019-03-25,13.050000190734863,14.0,12.699999809265137,14.0,7382,
2019-03-26,12.899999618530272,13.899999618530272,12.75,13.899999618530272,12145,
2019-03-27,13.050000190734863,13.899999618530272,11.75,12.899999618530272,22035,
2019-03-28,13.25,13.800000190734863,12.850000381469728,13.800000190734863,1509,
2019-04-01,14.149999618530272,14.5,13.5,13.5,19476,
2019-04-02,13.800000190734863,14.5,13.550000190734863,14.5,17037,
2019-04-03,14.199999809265137,14.949999809265137,13.649999618530272,14.050000190734863,28337,
2019-04-04,14.0,14.449999809265137,13.75,14.449999809265137,994,
2019-04-05,13.850000381469728,14.550000190734863,13.800000190734863,13.800000190734863,6492,
2019-04-08,13.0,13.75,13.0,13.699999809265137,6163,
2019-04-09,13.0,13.350000381469728,12.550000190734863,13.050000190734863,14404,
2019-04-10,12.600000381469728,13.300000190734863,12.600000381469728,13.199999809265137,17223,
2019-04-11,12.699999809265137,12.949999809265137,12.550000190734863,12.75,7017,
2019-04-12,12.75,13.0,12.449999809265137,12.800000190734863,7896,
2019-04-15,13.350000381469728,13.5,12.75,12.75,8539,
2019-04-16,13.100000381469728,13.600000381469728,12.800000190734863,13.350000381469728,8601,
2019-04-18,13.149999618530272,13.449999809265137,12.800000190734863,13.449999809265137,3205,
2019-04-22,12.300000190734863,13.100000381469728,12.100000381469728,12.899999618530272,33486,
2019-04-23,12.100000381469728,12.600000381469728,11.75,12.600000381469728,73167,
2019-04-24,11.050000190734863,12.050000190734863,10.800000190734863,12.050000190734863,131562,
2019-04-25,10.0,11.350000381469728,9.850000381469728,11.350000381469728,181163,
2019-04-26,10.0,10.800000190734863,9.100000381469728,10.300000190734863,195175,
2019-04-30,10.0,10.25,9.600000381469728,10.0,17105,
2019-05-02,9.899999618530272,10.100000381469728,9.75,10.100000381469728,30487,
2019-05-03,9.949999809265137,10.149999618530272,9.600000381469728,9.699999809265137,6688,
2019-05-06,9.949999809265137,10.0,9.600000381469728,10.0,4378,
2019-05-07,9.600000381469728,10.0,9.199999809265137,9.75,8556,
2019-05-08,9.5,9.75,9.199999809265137,9.600000381469728,6403,
2019-05-09,9.699999809265137,10.0,9.399999618530272,9.75,9428,
2019-05-10,9.899999618530272,10.0,9.600000381469728,9.850000381469728,3029,
2019-05-13,9.350000381469728,9.800000190734863,9.25,9.699999809265137,7949,
2019-05-14,9.75,9.899999618530272,9.350000381469728,9.550000190734863,7001,
2019-05-15,9.699999809265137,9.949999809265137,9.600000381469728,9.850000381469728,3288,
2019-05-16,9.350000381469728,9.899999618530272,9.25,9.449999809265137,7778,
2019-05-17,9.550000190734863,10.0,9.449999809265137,9.600000381469728,28324,
2019-05-20,9.699999809265137,11.0,9.25,9.25,35105,
2019-05-21,9.25,9.699999809265137,9.100000381469728,9.5,24490,
2019-05-22,9.300000190734863,9.5,9.149999618530272,9.5,30841,
2019-05-23,9.350000381469728,9.5,9.300000190734863,9.300000190734863,1961,
2019-05-24,9.350000381469728,9.800000190734863,9.300000190734863,9.449999809265137,114793,
2019-05-27,9.5,10.0,9.350000381469728,10.0,14410,
2019-05-28,9.199999809265137,9.550000190734863,9.149999618530272,9.449999809265137,155500,
2019-05-29,9.350000381469728,10.0,9.050000190734863,10.0,41695,
2019-05-30,9.100000381469728,10.0,9.100000381469728,9.550000190734863,47996,
2019-05-31,9.100000381469728,9.25,8.699999809265137,9.100000381469728,11031,
2019-06-03,9.100000381469728,9.300000190734863,8.75,9.0,30030,
2019-06-04,8.949999809265137,9.100000381469728,8.75,9.100000381469728,8730,
2019-06-06,8.800000190734863,9.149999618530272,8.800000190734863,8.899999618530273,62005,
2019-06-07,8.800000190734863,9.0,8.550000190734863,9.0,11057,
2019-06-10,8.5,8.75,8.5,8.600000381469727,38615,
2019-06-11,8.449999809265137,8.600000381469727,8.300000190734863,8.600000381469727,12879,
2019-06-12,8.350000381469727,8.800000190734863,8.300000190734863,8.800000190734863,7257,
2019-06-13,8.100000381469727,8.5,8.100000381469727,8.25,31258,
2019-06-14,8.0,8.350000381469727,8.0,8.199999809265137,12399,
2019-06-17,8.050000190734863,8.399999618530273,8.0,8.199999809265137,20344,
2019-06-18,8.0,8.5,7.800000190734863,8.0,7109,
2019-06-19,7.400000095367432,7.900000095367432,7.400000095367432,7.900000095367432,58885,
2019-06-20,7.0,7.400000095367432,6.300000190734863,7.400000095367432,240815,
2019-06-21,6.800000190734863,7.699999809265137,6.400000095367432,7.699999809265137,14227,
2019-06-24,6.599999904632568,7.449999809265137,6.400000095367432,6.699999809265137,45795,
2019-06-25,6.599999904632568,6.849999904632568,6.599999904632568,6.599999904632568,28333,
2019-06-26,6.75,7.599999904632568,6.150000095367432,6.400000095367432,28670,
2019-06-27,6.650000095367432,7.300000190734863,6.199999809265137,6.599999904632568,48953,
2019-06-28,6.650000095367432,7.0,6.400000095367432,6.949999809265137,4649,
2019-07-01,6.849999904632568,7.349999904632568,6.650000095367432,7.349999904632568,10564,
2019-07-02,6.599999904632568,7.0,6.599999904632568,6.699999809265137,10722,
2019-07-03,6.900000095367432,7.0,6.650000095367432,6.650000095367432,7304,
2019-07-04,6.650000095367432,6.949999809265137,6.650000095367432,6.849999904632568,6661,
2019-07-05,6.699999809265137,6.900000095367432,6.599999904632568,6.900000095367432,20259,
2019-07-08,6.5,6.849999904632568,6.400000095367432,6.849999904632568,21937,
2019-07-09,6.5,6.949999809265137,6.150000095367432,6.199999809265137,6536,
2019-07-10,6.599999904632568,6.900000095367432,6.449999809265137,6.900000095367432,1338,
2019-07-11,6.650000095367432,6.900000095367432,6.5,6.5,6639,
2019-07-12,6.550000190734863,6.900000095367432,6.300000190734863,6.300000190734863,9492,
2019-07-15,6.449999809265137,6.849999904632568,6.400000095367432,6.599999904632568,5791,
2019-07-16,6.550000190734863,6.599999904632568,6.349999904632568,6.349999904632568,2398,
2019-07-17,6.599999904632568,7.25,6.099999904632568,6.449999809265137,1475,
2019-07-18,6.300000190734863,6.599999904632568,6.050000190734863,6.599999904632568,3355,
2019-07-19,6.400000095367432,6.599999904632568,6.099999904632568,6.25,12856,
2019-07-22,6.599999904632568,6.75,6.349999904632568,6.75,3937,
2019-07-23,6.699999809265137,6.949999809265137,6.449999809265137,6.949999809265137,5402,
2019-07-24,6.300000190734863,6.699999809265137,6.150000095367432,6.699999809265137,26879,
2019-07-25,6.199999809265137,6.449999809265137,5.900000095367432,6.050000190734863,106978,
2019-07-26,6.349999904632568,6.400000095367432,6.050000190734863,6.25,102500,
2019-07-29,6.400000095367432,6.5,6.199999809265137,6.5,1337,
2019-07-30,6.0,6.349999904632568,5.550000190734863,6.199999809265137,3422,
2019-07-31,5.949999809265137,6.099999904632568,5.75,5.949999809265137,60521,
2019-08-01,5.949999809265137,6.0,5.75,5.900000095367432,5708,
2019-08-02,5.849999904632568,6.599999904632568,5.449999809265137,6.599999904632568,128643,
2019-08-05,5.699999809265137,6.449999809265137,5.599999904632568,6.449999809265137,988,
2019-08-06,5.75,6.75,5.650000095367432,6.75,3035,
2019-08-07,5.599999904632568,6.0,5.5,5.699999809265137,6686,
2019-08-08,5.650000095367432,5.900000095367432,5.550000190734863,5.650000095367432,8766,
2019-08-09,5.949999809265137,5.949999809265137,5.650000095367432,5.699999809265137,9254,
2019-08-13,5.699999809265137,6.0,5.599999904632568,5.949999809265137,7717,
2019-08-14,5.849999904632568,6.800000190734863,5.5,5.5,9784,
2019-08-16,5.900000095367432,6.949999809265137,5.699999809265137,6.25,4100,
2019-08-19,5.949999809265137,6.199999809265137,5.75,5.900000095367432,849,
2019-08-20,5.849999904632568,6.75,5.199999809265137,5.199999809265137,7496,
2019-08-21,5.449999809265137,6.099999904632568,5.199999809265137,5.199999809265137,17212,
2019-08-22,4.900000095367432,5.599999904632568,4.800000190734863,5.599999904632568,5977,
2019-08-23,5.449999809265137,5.5,4.650000095367432,4.75,3979,
2019-08-26,5.400000095367432,5.5,5.0,5.5,4795,
2019-08-27,5.5,5.5,5.25,5.25,1846,
2019-08-28,5.400000095367432,5.800000190734863,5.199999809265137,5.800000190734863,1495,
2019-08-29,5.099999904632568,5.300000190734863,4.75,5.099999904632568,3354,
2019-08-30,5.099999904632568,5.599999904632568,4.849999904632568,5.550000190734863,1148,
2019-09-03,5.099999904632568,5.75,4.900000095367432,4.949999809265137,7760,
2019-09-04,5.050000190734863,5.300000190734863,4.849999904632568,5.099999904632568,6141,
2019-09-05,5.150000095367432,5.349999904632568,4.949999809265137,5.0,12206,
2019-09-06,5.25,5.75,5.099999904632568,5.75,8438,
2019-09-09,5.25,5.650000095367432,5.150000095367432,5.25,2339,
2019-09-11,5.5,5.5,5.25,5.25,17253,
2019-09-12,5.550000190734863,5.75,5.5,5.75,11418,
2019-09-13,5.800000190734863,5.800000190734863,5.5,5.5,15859,
2019-09-16,5.800000190734863,5.800000190734863,5.75,5.75,1100,
2019-09-17,5.550000190734863,6.0,5.550000190734863,5.800000190734863,33358,
2019-09-18,5.550000190734863,5.550000190734863,5.550000190734863,5.550000190734863,45051,
2019-09-19,5.599999904632568,5.800000190734863,5.599999904632568,5.800000190734863,1501,
2019-09-20,5.550000190734863,5.75,5.349999904632568,5.75,1299,
2019-09-23,5.550000190734863,5.550000190734863,5.300000190734863,5.300000190734863,8483,
2019-09-24,5.349999904632568,5.550000190734863,5.300000190734863,5.300000190734863,2987,
2019-09-25,5.25,5.349999904632568,5.099999904632568,5.099999904632568,400,
2019-09-26,5.150000095367432,5.5,5.099999904632568,5.25,1478,
2019-09-27,4.949999809265137,5.150000095367432,4.900000095367432,5.099999904632568,4682,
2019-09-30,4.949999809265137,4.949999809265137,4.949999809265137,4.949999809265137,2002,
2019-10-01,5.099999904632568,5.150000095367432,4.900000095367432,4.949999809265137,961,
2019-10-03,5.099999904632568,5.099999904632568,4.949999809265137,4.949999809265137,366,
2019-10-04,5.0,5.099999904632568,5.0,5.099999904632568,650,
2019-10-07,5.0,5.050000190734863,5.0,5.0,3746,
2019-10-09,4.900000095367432,4.900000095367432,4.900000095367432,4.900000095367432,222,
2019-10-10,4.900000095367432,4.900000095367432,4.800000190734863,4.800000190734863,1347,
2019-10-11,5.0,5.099999904632568,5.0,5.0,4474,
2019-10-14,4.75,5.25,4.75,5.25,488,
2019-10-15,4.849999904632568,4.949999809265137,4.75,4.75,2148,
2019-10-16,4.650000095367432,5.050000190734863,4.650000095367432,5.050000190734863,2272,
2019-10-17,4.699999809265137,4.849999904632568,4.449999809265137,4.449999809265137,518,
2019-10-18,4.75,4.900000095367432,4.5,4.5,1656,
2019-10-22,4.949999809265137,4.949999809265137,4.599999904632568,4.900000095367432,582,
2019-10-23,5.099999904632568,5.150000095367432,4.75,4.949999809265137,1540,
2019-10-24,5.050000190734863,5.25,4.849999904632568,5.25,3187,
2019-10-25,4.849999904632568,5.199999809265137,4.849999904632568,4.849999904632568,2547,
2019-10-27,4.650000095367432,5.0,4.650000095367432,5.0,150,
2019-10-29,4.849999904632568,4.849999904632568,4.849999904632568,4.849999904632568,1890,
2019-10-30,5.050000190734863,5.050000190734863,4.849999904632568,5.050000190734863,10765,
2019-10-31,5.25,5.300000190734863,5.0,5.300000190734863,11266,
2019-11-01,5.25,5.449999809265137,5.25,5.400000095367432,4030,
2019-11-04,5.5,5.5,5.099999904632568,5.25,5288,
2019-11-05,5.75,5.75,5.349999904632568,5.75,4831,
2019-11-06,5.699999809265137,5.949999809265137,5.5,5.949999809265137,4442,
2019-11-07,5.849999904632568,5.949999809265137,5.449999809265137,5.699999809265137,2825,
2019-11-08,6.099999904632568,6.099999904632568,5.699999809265137,6.099999904632568,5477,
2019-11-11,6.400000095367432,6.400000095367432,5.949999809265137,5.949999809265137,5478,
2019-11-13,6.400000095367432,6.699999809265137,6.25,6.699999809265137,13296,
2019-11-14,6.099999904632568,6.699999809265137,6.099999904632568,6.199999809265137,1889,
2019-11-15,5.800000190734863,5.800000190734863,5.800000190734863,5.800000190734863,3066,
2019-11-18,5.550000190734863,5.599999904632568,5.550000190734863,5.550000190734863,4103,
2019-11-19,5.550000190734863,5.550000190734863,5.300000190734863,5.550000190734863,4260,
2019-11-20,5.300000190734863,5.550000190734863,5.300000190734863,5.300000190734863,7722,
2019-11-21,5.199999809265137,5.5,5.050000190734863,5.050000190734863,2320,
2019-11-22,5.300000190734863,5.449999809265137,4.949999809265137,4.949999809265137,3744,
2019-11-25,5.400000095367432,5.550000190734863,5.199999809265137,5.449999809265137,5534,
2019-11-26,5.5,5.650000095367432,5.400000095367432,5.650000095367432,1280,
2019-11-27,5.75,5.75,5.650000095367432,5.699999809265137,2158,
2019-11-28,5.800000190734863,5.900000095367432,5.5,5.75,1993,
2019-11-29,5.849999904632568,5.949999809265137,5.599999904632568,5.800000190734863,4310,
2019-12-02,5.699999809265137,6.050000190734863,5.599999904632568,5.849999904632568,1280,
2019-12-03,5.5,5.75,5.449999809265137,5.75,2666,
2019-12-04,5.5,5.699999809265137,5.25,5.5,5389,
2019-12-05,5.599999904632568,5.75,5.25,5.25,6403,
2019-12-06,5.599999904632568,5.599999904632568,5.099999904632568,5.300000190734863,3782,
2019-12-09,5.400000095367432,5.949999809265137,5.150000095367432,5.949999809265137,4655,
2019-12-10,5.400000095367432,5.900000095367432,5.0,5.0,7015,
2019-12-11,5.199999809265137,5.550000190734863,5.0,5.0,1536,
2019-12-12,5.050000190734863,5.5,4.75,4.75,3769,
2019-12-13,5.199999809265137,5.5,5.0,5.5,8711,
2019-12-16,5.199999809265137,5.599999904632568,4.699999809265137,4.699999809265137,7306,
2019-12-17,5.300000190734863,5.5,5.199999809265137,5.5,6456,
2019-12-18,5.199999809265137,5.550000190734863,4.800000190734863,4.800000190734863,4309,
2019-12-19,5.449999809265137,5.5,5.0,5.0,3073,
2019-12-20,5.800000190734863,5.849999904632568,5.199999809265137,5.199999809265137,4640,
2019-12-23,5.849999904632568,6.199999809265137,5.300000190734863,6.199999809265137,3652,
2019-12-24,5.550000190734863,6.199999809265137,5.300000190734863,5.300000190734863,7524,
2019-12-26,5.699999809265137,6.0,5.5,5.5,4908,
2019-12-27,6.25,6.25,5.650000095367432,5.699999809265137,12641,
2019-12-30,6.849999904632568,6.849999904632568,6.300000190734863,6.849999904632568,19696,
2019-12-31,7.449999809265137,7.5,7.0,7.449999809265137,87318,
2020-01-01,7.199999809265137,7.650000095367432,7.099999904632568,7.650000095367432,16966,
2020-01-02,7.5,7.550000190734863,7.0,7.400000095367432,29870,
2020-01-03,7.400000095367432,7.800000190734863,7.199999809265137,7.800000190734863,22307,
2020-01-06,7.099999904632568,7.449999809265137,7.050000190734863,7.099999904632568,4601,
2020-01-07,7.050000190734863,7.099999904632568,6.75,6.900000095367432,8288,
2020-01-08,6.800000190734863,7.150000095367432,6.699999809265137,6.800000190734863,3327,
2020-01-09,6.800000190734863,7.099999904632568,6.599999904632568,6.599999904632568,6320,
2020-01-10,7.099999904632568,7.099999904632568,6.849999904632568,7.099999904632568,3901,
2020-01-13,7.150000095367432,7.449999809265137,7.050000190734863,7.050000190734863,1967,
2020-01-14,7.449999809265137,7.449999809265137,7.050000190734863,7.25,13867,
2020-01-15,7.400000095367432,7.449999809265137,7.099999904632568,7.449999809265137,2069,
2020-01-16,7.050000190734863,7.650000095367432,7.050000190734863,7.099999904632568,14102,
2020-01-17,6.75,7.199999809265137,6.699999809265137,6.849999904632568,22227,
2020-01-20,6.599999904632568,7.0,6.550000190734863,6.699999809265137,21831,
2020-01-21,6.75,6.75,6.5,6.599999904632568,769,
2020-01-22,6.699999809265137,7.0,6.5,6.599999904632568,6901,
2020-01-23,6.650000095367432,6.900000095367432,6.400000095367432,6.699999809265137,13932,
2020-01-24,6.550000190734863,6.949999809265137,6.349999904632568,6.5,15519,
2020-01-27,6.400000095367432,6.849999904632568,6.25,6.5,31167,
2020-01-28,6.199999809265137,6.550000190734863,6.099999904632568,6.25,6016,
2020-01-29,6.300000190734863,6.400000095367432,5.900000095367432,6.199999809265137,6567,
2020-01-30,6.199999809265137,6.300000190734863,6.050000190734863,6.050000190734863,3001,
2020-01-31,5.949999809265137,6.300000190734863,5.900000095367432,6.300000190734863,6012,
2020-02-03,5.650000095367432,5.949999809265137,5.650000095367432,5.900000095367432,3298,
2020-02-04,5.900000095367432,5.900000095367432,5.75,5.900000095367432,4517,
2020-02-05,6.150000095367432,6.150000095367432,5.800000190734863,5.800000190734863,1594,
2020-02-06,6.400000095367432,6.449999809265137,6.099999904632568,6.400000095367432,13377,
2020-02-07,6.5,6.699999809265137,6.199999809265137,6.699999809265137,2180,
2020-02-10,6.449999809265137,6.550000190734863,6.199999809265137,6.550000190734863,4161,
2020-02-11,6.150000095367432,6.449999809265137,6.150000095367432,6.449999809265137,2599,
2020-02-12,6.0,6.300000190734863,6.0,6.300000190734863,2370,
2020-02-13,5.949999809265137,6.199999809265137,5.900000095367432,5.900000095367432,3258,
2020-02-14,5.849999904632568,6.199999809265137,5.849999904632568,5.900000095367432,17973,
2020-02-17,5.800000190734863,6.0,5.699999809265137,5.75,4414,
2020-02-18,5.599999904632568,5.900000095367432,5.599999904632568,5.599999904632568,8744,
2020-02-19,5.699999809265137,5.849999904632568,5.699999809265137,5.699999809265137,6922,
2020-02-20,5.699999809265137,5.900000095367432,5.650000095367432,5.900000095367432,10838,
2020-02-24,5.599999904632568,5.949999809265137,5.599999904632568,5.599999904632568,7078,
2020-02-25,5.400000095367432,5.699999809265137,5.400000095367432,5.400000095367432,2902,
2020-02-26,5.5,5.550000190734863,5.199999809265137,5.400000095367432,4271,
2020-02-27,5.25,5.550000190734863,5.25,5.550000190734863,4000,
2020-02-28,5.0,5.199999809265137,5.0,5.199999809265137,245,
2020-03-02,4.849999904632568,5.050000190734863,4.800000190734863,4.800000190734863,1169,
2020-03-03,4.699999809265137,5.050000190734863,4.650000095367432,4.650000095367432,6479,
2020-03-04,4.550000190734863,4.699999809265137,4.5,4.699999809265137,3431,
2020-03-05,4.599999904632568,4.75,4.400000095367432,4.400000095367432,9507,
2020-03-06,4.449999809265137,4.75,4.400000095367432,4.75,1829,
2020-03-09,4.449999809265137,4.5,4.25,4.449999809265137,4137,
2020-03-11,4.400000095367432,4.400000095367432,4.25,4.400000095367432,679,
2020-03-12,4.199999809265137,4.349999904632568,4.199999809265137,4.349999904632568,3002,
2020-03-13,4.050000190734863,4.300000190734863,4.0,4.0,16551,
2020-03-16,4.0,4.25,3.849999904632568,3.849999904632568,3522,
2020-03-17,3.849999904632568,4.199999809265137,3.799999952316284,4.0,7860,
2020-03-18,3.700000047683716,4.0,3.700000047683716,4.0,1636,
2020-03-19,3.799999952316284,3.849999904632568,3.5999999046325684,3.799999952316284,2751,
2020-03-20,3.799999952316284,3.950000047683716,3.650000095367432,3.799999952316284,10384,
2020-03-23,3.650000095367432,3.700000047683716,3.650000095367432,3.700000047683716,2229,
2020-03-24,3.799999952316284,3.799999952316284,3.5,3.5,2507,
2020-03-25,3.799999952316284,3.849999904632568,3.75,3.849999904632568,1013,
2020-03-26,3.799999952316284,3.799999952316284,3.650000095367432,3.700000047683716,2429,
2020-03-27,3.950000047683716,3.950000047683716,3.650000095367432,3.950000047683716,2611,
2020-03-30,3.900000095367432,4.0,3.900000095367432,3.950000047683716,618,
2020-03-31,4.0,4.050000190734863,4.0,4.050000190734863,4562,
2020-04-01,4.199999809265137,4.199999809265137,4.150000095367432,4.199999809265137,2900,
2020-04-03,4.349999904632568,4.349999904632568,4.0,4.199999809265137,6252,
2020-04-07,4.449999809265137,4.550000190734863,4.150000095367432,4.550000190734863,9976,
2020-04-08,4.650000095367432,4.650000095367432,4.599999904632568,4.650000095367432,3918,
2020-04-09,4.800000190734863,5.099999904632568,4.300000190734863,5.099999904632568,6285,
2020-04-13,4.599999904632568,4.900000095367432,4.599999904632568,4.900000095367432,2139,
2020-04-15,4.400000095367432,4.599999904632568,4.400000095367432,4.599999904632568,2309,
2020-04-16,4.5,4.5,4.400000095367432,4.400000095367432,2067,
2020-04-17,4.5,4.5,4.5,4.5,1127,
2020-04-20,4.5,4.5,4.449999809265137,4.5,4386,
2020-04-21,4.5,4.699999809265137,4.449999809265137,4.5,2344,
2020-04-22,4.300000190734863,4.650000095367432,4.300000190734863,4.5,3933,
2020-04-23,4.349999904632568,4.5,4.150000095367432,4.5,1363,
2020-04-24,4.150000095367432,4.449999809265137,4.150000095367432,4.300000190734863,3543,
2020-04-27,4.25,4.349999904632568,4.0,4.050000190734863,1889,
2020-04-28,4.199999809265137,4.449999809265137,4.050000190734863,4.25,1332,
2020-04-29,4.25,4.400000095367432,4.25,4.349999904632568,4222,
2020-04-30,4.25,4.449999809265137,4.199999809265137,4.300000190734863,1734,
2020-05-04,4.050000190734863,4.25,4.050000190734863,4.25,3220,
2020-05-05,4.25,4.25,4.150000095367432,4.150000095367432,500,
2020-05-06,4.099999904632568,4.449999809265137,4.050000190734863,4.25,716,
2020-05-07,4.25,4.300000190734863,3.900000095367432,4.099999904632568,1430,
2020-05-08,4.449999809265137,4.449999809265137,4.150000095367432,4.25,3791,
2020-05-11,4.5,4.650000095367432,4.449999809265137,4.449999809265137,1131,
2020-05-12,4.300000190734863,4.5,4.300000190734863,4.5,348,
2020-05-13,4.300000190734863,4.300000190734863,4.099999904632568,4.300000190734863,528,
2020-05-14,4.099999904632568,4.300000190734863,4.099999904632568,4.099999904632568,2182,
2020-05-15,4.0,4.099999904632568,4.0,4.099999904632568,777,
2020-05-18,3.799999952316284,4.0,3.799999952316284,4.0,3692,
2020-05-19,3.799999952316284,3.799999952316284,3.799999952316284,3.799999952316284,82,
2020-05-20,3.650000095367432,3.650000095367432,3.650000095367432,3.650000095367432,501,
2020-05-21,3.650000095367432,3.650000095367432,3.650000095367432,3.650000095367432,0,
2020-05-22,3.650000095367432,3.650000095367432,3.5999999046325684,3.650000095367432,488,
2020-05-26,3.799999952316284,3.799999952316284,3.700000047683716,3.700000047683716,13,
2020-05-27,3.950000047683716,3.950000047683716,3.799999952316284,3.799999952316284,1510,
2020-05-28,4.0,4.099999904632568,4.0,4.099999904632568,2419,
2020-05-29,4.199999809265137,4.199999809265137,4.199999809265137,4.199999809265137,523,
2020-06-01,4.25,4.400000095367432,4.199999809265137,4.199999809265137,2790,
2020-06-02,4.25,4.349999904632568,4.25,4.25,2301,
2020-06-03,4.449999809265137,4.449999809265137,4.150000095367432,4.150000095367432,354,
2020-06-04,4.449999809265137,4.449999809265137,4.449999809265137,4.449999809265137,1372,
2020-06-05,4.849999904632568,4.849999904632568,4.050000190734863,4.849999904632568,14220,
2020-06-08,5.300000190734863,5.300000190734863,4.900000095367432,4.900000095367432,8914,
2020-06-09,5.800000190734863,5.800000190734863,5.400000095367432,5.800000190734863,12709,
2020-06-10,6.050000190734863,6.050000190734863,5.900000095367432,5.900000095367432,8269,
2020-06-11,6.349999904632568,6.349999904632568,6.300000190734863,6.349999904632568,4845,
2020-06-12,6.050000190734863,6.349999904632568,6.050000190734863,6.349999904632568,11097,
2020-06-15,6.150000095367432,6.349999904632568,6.050000190734863,6.050000190734863,12844,
2020-06-16,5.949999809265137,6.400000095367432,5.849999904632568,6.150000095367432,53547,
2020-06-17,5.949999809265137,5.949999809265137,5.849999904632568,5.949999809265137,3750,
2020-06-18,5.849999904632568,6.199999809265137,5.699999809265137,6.199999809265137,20139,
2020-06-19,6.0,6.099999904632568,5.800000190734863,5.800000190734863,3762,
2020-06-22,6.25,6.25,5.800000190734863,6.099999904632568,26116,
2020-06-23,6.550000190734863,6.550000190734863,6.199999809265137,6.550000190734863,29286,
2020-06-24,6.849999904632568,6.849999904632568,6.349999904632568,6.849999904632568,9341,
2020-06-25,7.150000095367432,7.150000095367432,6.650000095367432,7.150000095367432,11601,
2020-06-26,7.5,7.5,7.150000095367432,7.150000095367432,17694,
2020-06-29,7.849999904632568,7.849999904632568,7.150000095367432,7.5,40146,
2020-06-30,7.650000095367432,8.199999809265137,7.599999904632568,8.199999809265137,23184,
2020-07-01,7.300000190734863,7.849999904632568,7.300000190734863,7.650000095367432,22918,
2020-07-02,6.949999809265137,7.349999904632568,6.949999809265137,6.949999809265137,18388,
2020-07-03,6.800000190734863,7.25,6.650000095367432,6.800000190734863,16394,
2020-07-06,6.650000095367432,6.900000095367432,6.5,6.699999809265137,6457,
2020-07-07,6.650000095367432,6.949999809265137,6.5,6.650000095367432,8435,
2020-07-08,6.599999904632568,6.75,6.349999904632568,6.400000095367432,16027,
2020-07-09,6.550000190734863,6.849999904632568,6.300000190734863,6.300000190734863,11149,
2020-07-10,6.599999904632568,6.849999904632568,6.300000190734863,6.300000190734863,4340,
2020-07-13,6.699999809265137,6.900000095367432,6.300000190734863,6.300000190734863,7814,
2020-07-14,6.5,6.900000095367432,6.400000095367432,6.400000095367432,9470,
2020-07-15,6.75,6.800000190734863,6.25,6.5,15730,
2020-07-16,6.5,7.0,6.449999809265137,6.75,8442,
2020-07-17,6.349999904632568,6.800000190734863,6.199999809265137,6.199999809265137,1483,
2020-07-20,6.650000095367432,6.650000095367432,6.050000190734863,6.050000190734863,2977,
2020-07-21,6.349999904632568,6.949999809265137,6.349999904632568,6.849999904632568,21100,
2020-07-22,6.650000095367432,6.650000095367432,6.050000190734863,6.349999904632568,6357,
2020-07-23,6.550000190734863,6.949999809265137,6.349999904632568,6.650000095367432,5956,
2020-07-24,6.75,6.75,6.5,6.5,400,
2020-07-27,6.449999809265137,6.75,6.449999809265137,6.75,496,
2020-07-28,6.199999809265137,6.75,6.150000095367432,6.349999904632568,7782,
2020-07-29,6.199999809265137,6.5,6.0,6.199999809265137,3822,
2020-07-30,6.25,6.5,6.199999809265137,6.5,5509,
2020-07-31,6.199999809265137,6.550000190734863,5.949999809265137,6.550000190734863,5299,
2020-08-03,6.0,6.449999809265137,6.0,6.0,1628,
2020-08-04,6.300000190734863,6.300000190734863,5.949999809265137,6.050000190734863,3604,
2020-08-05,6.449999809265137,6.5,6.099999904632568,6.300000190734863,12031,
2020-08-06,6.599999904632568,6.75,6.150000095367432,6.5,29323,
2020-08-07,6.699999809265137,6.900000095367432,6.300000190734863,6.599999904632568,9270,
2020-08-10,6.949999809265137,6.949999809265137,6.400000095367432,6.699999809265137,6057,
2020-08-11,7.199999809265137,7.25,6.75,6.949999809265137,9392,
2020-08-12,7.300000190734863,7.550000190734863,6.849999904632568,7.5,12514,
2020-08-13,7.199999809265137,7.650000095367432,6.949999809265137,7.300000190734863,20658,
2020-08-14,7.400000095367432,7.5,6.849999904632568,6.949999809265137,8826,
2020-08-17,7.25,7.650000095367432,7.050000190734863,7.650000095367432,4444,
2020-08-18,7.5,7.599999904632568,6.949999809265137,7.5,26654,
2020-08-19,7.400000095367432,7.599999904632568,7.199999809265137,7.199999809265137,13200,
2020-08-20,7.150000095367432,7.75,7.050000190734863,7.75,10834,
2020-08-21,7.5,7.5,6.900000095367432,7.150000095367432,13437,
2020-08-24,7.550000190734863,7.849999904632568,7.300000190734863,7.5,41429,
2020-08-25,7.800000190734863,7.900000095367432,7.199999809265137,7.199999809265137,87851,
2020-08-26,7.800000190734863,7.849999904632568,7.599999904632568,7.800000190734863,5443,
2020-08-27,7.75,8.0,7.5,8.0,30869,
2020-08-28,7.699999809265137,7.75,7.400000095367432,7.5,24068,
2020-08-31,7.349999904632568,7.949999809265137,7.349999904632568,7.949999809265137,12013,
2020-09-01,7.449999809265137,7.650000095367432,7.050000190734863,7.349999904632568,2731,
2020-09-02,7.5,7.5,7.150000095367432,7.449999809265137,256,
2020-09-03,7.5,7.5,7.25,7.5,3670,
2020-09-04,7.25,7.599999904632568,7.150000095367432,7.599999904632568,3377,
2020-09-07,7.0,7.400000095367432,6.900000095367432,6.949999809265137,5790,
2020-09-08,7.150000095367432,7.300000190734863,7.150000095367432,7.300000190734863,2498,
2020-09-09,6.900000095367432,7.300000190734863,6.849999904632568,7.099999904632568,691,
2020-09-10,7.150000095367432,7.199999809265137,6.699999809265137,6.699999809265137,7022,
2020-09-11,7.0,7.300000190734863,6.849999904632568,7.150000095367432,3007,
2020-09-14,6.949999809265137,7.349999904632568,6.800000190734863,6.900000095367432,4142,
2020-09-15,7.0,7.199999809265137,6.800000190734863,7.199999809265137,7371,
2020-09-16,7.0,7.199999809265137,6.800000190734863,6.800000190734863,3720,
2020-09-17,7.0,7.349999904632568,6.800000190734863,6.800000190734863,4026,
2020-09-18,7.099999904632568,7.300000190734863,6.900000095367432,7.0,6824,
2020-09-21,6.75,7.099999904632568,6.75,7.099999904632568,3026,
2020-09-22,6.550000190734863,6.75,6.5,6.75,2844,
2020-09-23,6.5,6.849999904632568,6.349999904632568,6.5,504,
2020-09-24,6.449999809265137,6.800000190734863,6.199999809265137,6.800000190734863,498,
2020-09-25,6.199999809265137,6.75,6.150000095367432,6.75,1421,
2020-09-28,6.5,6.5,6.25,6.25,405,
2020-09-29,6.199999809265137,6.599999904632568,6.199999809265137,6.5,1166,
2020-09-30,6.300000190734863,6.5,5.949999809265137,6.0,2400,
2020-10-01,6.400000095367432,6.599999904632568,6.0,6.199999809265137,10237,
2020-10-05,6.300000190734863,6.699999809265137,6.099999904632568,6.650000095367432,4197,
2020-10-06,6.300000190734863,6.599999904632568,6.0,6.300000190734863,11200,
2020-10-07,6.199999809265137,6.599999904632568,6.199999809265137,6.300000190734863,1620,
2020-10-08,6.25,6.5,6.050000190734863,6.099999904632568,4230,
2020-10-09,6.199999809265137,6.349999904632568,6.199999809265137,6.25,2676,
2020-10-12,6.150000095367432,6.5,6.099999904632568,6.5,2529,
2020-10-13,6.099999904632568,6.400000095367432,6.0,6.050000190734863,3563,
2020-10-14,6.25,6.400000095367432,6.099999904632568,6.099999904632568,8672,
2020-10-15,6.199999809265137,6.449999809265137,6.050000190734863,6.449999809265137,727,
2020-10-16,6.099999904632568,6.400000095367432,6.0,6.199999809265137,2149,
2020-10-19,6.0,6.400000095367432,5.849999904632568,6.400000095367432,5909,
2020-10-20,6.0,6.300000190734863,5.75,5.75,9005,
2020-10-21,6.25,6.25,6.0,6.0,4284,
2020-10-22,6.199999809265137,6.5,6.050000190734863,6.25,17297,
2020-10-23,6.25,6.400000095367432,6.0,6.0,1435,
2020-10-26,6.400000095367432,6.550000190734863,6.050000190734863,6.400000095367432,5229,
2020-10-27,6.300000190734863,6.5,6.300000190734863,6.5,109,
2020-10-28,6.25,6.550000190734863,6.099999904632568,6.5,399,
2020-10-29,6.099999904632568,6.300000190734863,6.099999904632568,6.25,5320,
2020-10-30,6.300000190734863,6.400000095367432,5.949999809265137,6.400000095367432,6206,
2020-11-02,6.050000190734863,6.449999809265137,6.050000190734863,6.449999809265137,1225,
2020-11-03,6.0,6.349999904632568,6.0,6.349999904632568,563,
2020-11-04,6.150000095367432,6.300000190734863,5.949999809265137,6.0,567,
2020-11-05,6.099999904632568,6.449999809265137,6.050000190734863,6.449999809265137,1669,
2020-11-06,6.25,6.400000095367432,6.0,6.400000095367432,5270,
2020-11-09,6.150000095367432,6.550000190734863,6.050000190734863,6.400000095367432,1451,
2020-11-10,6.199999809265137,6.349999904632568,6.050000190734863,6.349999904632568,6365,
2020-11-11,6.400000095367432,6.400000095367432,6.199999809265137,6.199999809265137,3531,
2020-11-12,6.400000095367432,6.699999809265137,6.099999904632568,6.699999809265137,9092,
2020-11-13,6.349999904632568,6.5,6.199999809265137,6.400000095367432,4193,
2020-11-14,6.5,6.599999904632568,6.349999904632568,6.349999904632568,3156,
2020-11-17,6.800000190734863,6.800000190734863,6.199999809265137,6.650000095367432,22059,
2020-11-18,6.699999809265137,6.949999809265137,6.5,6.949999809265137,2232,
2020-11-19,6.699999809265137,7.0,6.699999809265137,6.900000095367432,6944,
2020-11-20,6.900000095367432,7.0,6.849999904632568,6.949999809265137,19499,
2020-11-23,7.199999809265137,7.199999809265137,6.849999904632568,6.849999904632568,3789,
2020-11-24,7.349999904632568,7.550000190734863,6.849999904632568,7.550000190734863,14619,
2020-11-25,7.25,7.699999809265137,7.150000095367432,7.5,4532,
2020-11-26,7.349999904632568,7.449999809265137,6.949999809265137,7.25,11766,
2020-11-27,7.300000190734863,7.699999809265137,7.099999904632568,7.699999809265137,5667,
2020-12-01,7.449999809265137,7.550000190734863,7.150000095367432,7.449999809265137,4328,
2020-12-02,7.300000190734863,7.800000190734863,7.099999904632568,7.800000190734863,22949,
2020-12-03,7.400000095367432,7.650000095367432,6.949999809265137,7.650000095367432,14091,
2020-12-04,7.75,7.75,7.25,7.75,14201,
2020-12-07,8.0,8.5,7.050000190734863,8.0,14030,
2020-12-08,7.800000190734863,8.800000190734863,7.550000190734863,8.800000190734863,11112,
2020-12-09,7.949999809265137,8.5,7.199999809265137,8.5,18430,
2020-12-10,7.699999809265137,8.5,7.300000190734863,8.5,9937,
2020-12-11,8.0,8.399999618530273,7.699999809265137,7.800000190734863,70428,
2020-12-14,8.25,8.800000190734863,7.199999809265137,8.350000381469727,69058,
2020-12-15,9.050000190734863,9.050000190734863,7.849999904632568,8.25,33624,
2020-12-16,9.949999809265137,9.949999809265137,9.5,9.699999809265137,19491,
2020-12-17,10.399999618530272,10.399999618530272,10.399999618530272,10.399999618530272,16974,
2020-12-18,9.949999809265137,10.850000381469728,9.899999618530272,10.850000381469728,38634,
2020-12-21,9.5,9.949999809265137,9.5,9.949999809265137,24786,
2020-12-22,9.050000190734863,9.699999809265137,9.050000190734863,9.699999809265137,7834,
2020-12-23,8.699999809265137,9.050000190734863,8.600000381469727,8.649999618530273,96636,
2020-12-24,8.350000381469727,9.100000381469728,8.300000190734863,8.300000190734863,145557,
2020-12-28,8.399999618530273,8.699999809265137,8.050000190734863,8.550000190734863,33183,
2020-12-29,8.100000381469727,8.800000190734863,8.0,8.800000190734863,56865,
2020-12-30,8.0,8.449999809265137,7.900000095367432,8.449999809265137,64094,
2020-12-31,8.0,8.399999618530273,7.949999809265137,8.199999809265137,76330,
2021-01-01,7.849999904632568,8.199999809265137,7.800000190734863,8.199999809265137,48069,
2021-01-04,7.650000095367432,8.199999809265137,7.5,8.149999618530273,171528,
2021-01-05,7.349999904632568,8.0,7.300000190734863,7.849999904632568,317142,
2021-01-06,7.050000190734863,7.699999809265137,7.0,7.5,455843,
2021-01-07,7.400000095367432,7.400000095367432,7.099999904632568,7.400000095367432,75318,
2021-01-08,7.75,7.75,7.75,7.75,21481,
2021-01-11,8.100000381469727,8.100000381469727,7.550000190734863,8.100000381469727,260959,
2021-01-12,8.5,8.5,7.800000190734863,8.399999618530273,64394,
2021-01-13,8.75,8.899999618530273,8.300000190734863,8.899999618530273,106561,
2021-01-14,8.75,8.899999618530273,8.350000381469727,8.800000190734863,48734,
2021-01-15,8.350000381469727,9.0,8.350000381469727,8.949999809265137,61168,
2021-01-18,8.0,8.399999618530273,7.949999809265137,8.300000190734863,14672,
2021-01-19,8.100000381469727,8.350000381469727,7.75,8.350000381469727,40093,
2021-01-20,8.300000190734863,8.449999809265137,8.050000190734863,8.100000381469727,21732,
2021-01-21,7.900000095367432,8.399999618530273,7.900000095367432,8.149999618530273,96441,
2021-01-22,7.699999809265137,8.0,7.550000190734863,8.0,35350,
2021-01-25,7.550000190734863,8.050000190734863,7.349999904632568,7.550000190734863,118411,
2021-01-27,7.449999809265137,7.75,7.25,7.400000095367432,10842,
2021-01-28,7.5,7.699999809265137,7.150000095367432,7.300000190734863,4730,
2021-01-29,7.150000095367432,7.75,7.150000095367432,7.699999809265137,79492,
2021-02-01,7.300000190734863,7.5,6.900000095367432,7.5,12205,
2021-02-02,7.5,7.650000095367432,7.25,7.599999904632568,35055,
2021-02-03,7.449999809265137,7.800000190734863,7.199999809265137,7.800000190734863,48450,
2021-02-04,7.199999809265137,7.449999809265137,7.099999904632568,7.449999809265137,44673,
2021-02-05,7.25,7.400000095367432,7.099999904632568,7.400000095367432,15886,
2021-02-08,7.599999904632568,7.599999904632568,7.150000095367432,7.349999904632568,55898,
2021-02-09,7.949999809265137,7.949999809265137,7.699999809265137,7.699999809265137,61282,
2021-02-10,8.25,8.300000190734863,7.650000095367432,7.650000095367432,103401,
2021-02-11,8.300000190734863,8.649999618530273,7.949999809265137,8.649999618530273,114974,
2021-02-12,8.199999809265137,8.449999809265137,8.100000381469727,8.300000190734863,25183,
2021-02-15,7.949999809265137,8.25,7.800000190734863,8.199999809265137,22156,
2021-02-16,7.900000095367432,8.199999809265137,7.699999809265137,8.199999809265137,44906,
2021-02-17,7.699999809265137,8.050000190734863,7.550000190734863,7.650000095367432,94054,
2021-02-18,7.599999904632568,7.849999904632568,7.449999809265137,7.849999904632568,52417,
2021-02-19,7.25,7.949999809265137,7.25,7.75,94013,
2021-02-22,7.400000095367432,7.5,7.0,7.400000095367432,29658,
2021-02-23,7.599999904632568,7.699999809265137,7.150000095367432,7.550000190734863,16213,
2021-02-24,7.5,7.800000190734863,7.349999904632568,7.800000190734863,18156,
2021-02-25,7.599999904632568,7.699999809265137,7.349999904632568,7.650000095367432,17936,
2021-02-26,7.449999809265137,7.949999809265137,7.349999904632568,7.949999809265137,20032,
2021-03-01,7.599999904632568,7.800000190734863,7.349999904632568,7.800000190734863,16862,
2021-03-02,7.550000190734863,7.849999904632568,7.349999904632568,7.849999904632568,20815,
2021-03-03,7.599999904632568,7.75,7.349999904632568,7.550000190734863,50448,
2021-03-04,7.5,7.75,7.349999904632568,7.75,35731,
2021-03-05,7.199999809265137,7.599999904632568,7.150000095367432,7.599999904632568,50806,
2021-03-08,7.349999904632568,7.550000190734863,7.150000095367432,7.199999809265137,38534,
2021-03-09,7.699999809265137,7.699999809265137,7.25,7.349999904632568,38000,
2021-03-10,7.849999904632568,8.050000190734863,7.5,8.050000190734863,67355,
2021-03-12,8.100000381469727,8.199999809265137,7.699999809265137,8.050000190734863,69475,
2021-03-15,8.0,8.25,7.75,7.75,28792,
2021-03-16,7.800000190734863,8.050000190734863,7.699999809265137,8.0,11889,
2021-03-17,7.449999809265137,8.0,7.449999809265137,8.0,32301,
2021-03-18,7.800000190734863,7.800000190734863,7.349999904632568,7.449999809265137,26189,
2021-03-19,7.550000190734863,8.149999618530273,7.5,8.149999618530273,35533,
2021-03-22,7.699999809265137,7.75,7.300000190734863,7.699999809265137,14045,
2021-03-23,7.75,7.849999904632568,7.550000190734863,7.849999904632568,8683,
2021-03-24,7.599999904632568,7.75,7.550000190734863,7.75,15376,
2021-03-25,7.349999904632568,7.599999904632568,7.25,7.599999904632568,15884,
2021-03-26,7.449999809265137,7.550000190734863,7.050000190734863,7.349999904632568,22274,
2021-03-30,7.349999904632568,7.800000190734863,7.099999904632568,7.349999904632568,53439,
2021-03-31,7.349999904632568,7.599999904632568,7.0,7.5,30429,
2021-04-01,7.699999809265137,7.699999809265137,7.300000190734863,7.5,30349,
2021-04-05,8.050000190734863,8.050000190734863,7.5,7.900000095367432,59131,
2021-04-06,8.449999809265137,8.449999809265137,8.149999618530273,8.399999618530273,67118,
2021-04-07,8.850000381469727,8.850000381469727,8.449999809265137,8.649999618530273,31592,
2021-04-08,9.699999809265137,9.699999809265137,9.5,9.699999809265137,32991,
2021-04-09,10.649999618530272,10.649999618530272,10.050000190734863,10.600000381469728,150623,
2021-04-12,10.149999618530272,11.199999809265137,9.699999809265137,10.649999618530272,211581,
2021-04-13,11.149999618530272,11.149999618530272,10.350000381469728,10.75,73602,
2021-04-15,10.75,11.699999809265137,10.649999618530272,11.300000190734863,160716,
2021-04-16,10.850000381469728,11.050000190734863,10.600000381469728,11.0,65862,
2021-04-19,10.350000381469728,10.75,10.350000381469728,10.75,50419,
2021-04-20,10.149999618530272,10.800000190734863,10.050000190734863,10.350000381469728,34980,
2021-04-22,9.649999618530272,10.050000190734863,9.649999618530272,10.050000190734863,54767,
2021-04-23,9.949999809265137,10.100000381469728,9.649999618530272,9.850000381469728,41539,
2021-04-26,10.399999618530272,10.399999618530272,10.100000381469728,10.100000381469728,12932,
2021-04-27,10.350000381469728,10.899999618530272,9.949999809265137,10.899999618530272,72081,
2021-04-28,10.5,10.850000381469728,10.300000190734863,10.850000381469728,46187,
2021-04-29,11.0,11.0,10.300000190734863,10.850000381469728,206444,
2021-04-30,11.550000190734863,11.550000190734863,10.800000190734863,11.449999809265137,227951,
2021-05-03,12.100000381469728,12.100000381469728,11.899999618530272,12.100000381469728,453251,
2021-05-04,12.699999809265137,12.699999809265137,12.149999618530272,12.649999618530272,216778,
2021-05-05,12.5,13.300000190734863,12.100000381469728,13.0,228879,
2021-05-06,12.0,13.0,11.899999618530272,13.0,92720,
2021-05-07,11.449999809265137,12.399999618530272,11.399999618530272,12.0,332007,
2021-05-10,11.149999618530272,11.449999809265137,10.899999618530272,11.149999618530272,192827,
2021-05-11,11.199999809265137,11.399999618530272,10.600000381469728,10.600000381469728,99698,
2021-05-12,11.100000381469728,11.300000190734863,11.050000190734863,11.300000190734863,54640,
2021-05-14,10.850000381469728,11.5,10.550000190734863,11.149999618530272,98090,
2021-05-17,10.800000190734863,11.199999809265137,10.350000381469728,10.600000381469728,82600,
2021-05-18,11.0,11.149999618530272,10.5,11.149999618530272,15086,
2021-05-19,10.899999618530272,11.149999618530272,10.800000190734863,11.149999618530272,387123,
2021-05-20,10.949999809265137,11.25,10.550000190734863,10.899999618530272,204916,
2021-05-21,11.050000190734863,11.300000190734863,10.899999618530272,11.300000190734863,100876,
2021-05-24,11.149999618530272,11.449999809265137,10.699999809265137,11.300000190734863,81908,
2021-05-25,11.100000381469728,11.5,10.899999618530272,11.149999618530272,56868,
2021-05-26,11.0,11.300000190734863,10.800000190734863,11.300000190734863,186672,
2021-05-27,11.0,11.350000381469728,10.600000381469728,11.25,37229,
2021-05-28,10.75,11.25,10.699999809265137,11.199999809265137,73697,
2021-05-31,11.050000190734863,11.199999809265137,10.300000190734863,10.75,108092,
2021-06-01,10.850000381469728,11.100000381469728,10.75,11.100000381469728,82501,
2021-06-02,10.649999618530272,11.0,10.550000190734863,10.850000381469728,50826,
2021-06-03,10.850000381469728,11.149999618530272,10.649999618530272,11.0,80424,
2021-06-04,10.800000190734863,11.300000190734863,10.75,11.300000190734863,79953,
2021-06-07,11.199999809265137,11.300000190734863,10.699999809265137,11.100000381469728,331108,
2021-06-08,11.199999809265137,11.550000190734863,11.100000381469728,11.300000190734863,143144,
2021-06-09,10.949999809265137,11.600000381469728,10.850000381469728,11.600000381469728,153426,
2021-06-10,11.050000190734863,11.399999618530272,10.649999618530272,11.399999618530272,123750,
2021-06-11,11.199999809265137,11.600000381469728,11.0,11.300000190734863,395675,
2021-06-14,11.75,11.75,11.25,11.699999809265137,768277,
2021-06-15,12.0,12.300000190734863,11.75,12.100000381469728,318680,
2021-06-16,11.550000190734863,12.100000381469728,11.399999618530272,12.100000381469728,158016,
2021-06-17,11.25,11.800000190734863,11.0,11.800000190734863,288518,
2021-06-18,10.899999618530272,11.5,10.699999809265137,11.100000381469728,98668,
2021-06-21,10.949999809265137,11.399999618530272,10.399999618530272,11.199999809265137,362871,
2021-06-22,11.0,11.399999618530272,10.800000190734863,11.300000190734863,217058,
2021-06-23,10.800000190734863,11.449999809265137,10.800000190734863,11.300000190734863,320711,
2021-06-24,10.699999809265137,11.149999618530272,10.449999809265137,11.149999618530272,166108,
2021-06-25,10.75,11.100000381469728,10.5,10.949999809265137,168631,
2021-06-28,11.0,11.25,10.75,11.25,547372,
2021-06-29,11.0,11.550000190734863,10.899999618530272,11.550000190734863,296036,
2021-06-30,11.0,11.25,10.850000381469728,11.050000190734863,126832,
2021-07-01,10.949999809265137,11.350000381469728,10.699999809265137,11.350000381469728,166616,
2021-07-02,10.800000190734863,11.100000381469728,10.600000381469728,10.800000190734863,159857,
2021-07-05,10.899999618530272,11.149999618530272,10.5,11.0,198113,
2021-07-06,10.850000381469728,11.050000190734863,10.399999618530272,10.899999618530272,192096,
2021-07-07,10.899999618530272,11.0,10.5,11.0,359289,
2021-07-08,11.0,11.050000190734863,10.550000190734863,11.0,526756,
2021-07-09,11.0,11.050000190734863,10.75,11.0,129217,
2021-07-12,11.5,11.550000190734863,10.899999618530272,11.0,702473,
2021-07-13,11.25,11.899999618530272,11.0,11.899999618530272,512496,
2021-07-14,11.149999618530272,11.5,10.949999809265137,11.050000190734863,141307,
2021-07-15,10.899999618530272,11.25,10.699999809265137,11.25,612829,
2021-07-16,10.800000190734863,11.0,10.600000381469728,10.949999809265137,178515,
2021-07-19,10.600000381469728,11.050000190734863,10.550000190734863,10.800000190734863,333656,
2021-07-20,10.399999618530272,10.949999809265137,10.25,10.949999809265137,327820,
2021-07-22,10.899999618530272,10.899999618530272,10.449999809265137,10.899999618530272,117823,
2021-07-23,10.800000190734863,11.350000381469728,10.649999618530272,11.300000190734863,237200,
2021-07-26,10.800000190734863,11.0,10.649999618530272,11.0,176974,
2021-07-27,10.850000381469728,10.949999809265137,10.699999809265137,10.899999618530272,219654,
2021-07-28,10.850000381469728,10.899999618530272,10.550000190734863,10.75,205964,
2021-07-29,11.350000381469728,11.350000381469728,10.800000190734863,10.899999618530272,387443,
2021-07-30,11.850000381469728,11.899999618530272,11.649999618530272,11.850000381469728,450029,
2021-08-02,12.399999618530272,12.399999618530272,12.100000381469728,12.399999618530272,297585,
2021-08-03,12.600000381469728,13.0,12.149999618530272,12.949999809265137,770236,
2021-08-04,12.0,12.699999809265137,12.0,12.699999809265137,487547,
2021-08-05,11.399999618530272,12.199999809265137,11.399999618530272,11.550000190734863,240770,
2021-08-06,11.949999809265137,11.949999809265137,11.050000190734863,11.050000190734863,404379,
2021-08-09,11.899999618530272,12.25,11.75,12.199999809265137,390646,
2021-08-10,11.350000381469728,12.149999618530272,11.350000381469728,11.899999618530272,195371,
2021-08-11,10.850000381469728,11.699999809265137,10.800000190734863,10.850000381469728,337928,
2021-08-12,11.0,11.25,10.600000381469728,10.899999618530272,281329,
2021-08-13,10.75,11.149999618530272,10.449999809265137,11.149999618530272,397249,
2021-08-16,10.800000190734863,10.949999809265137,10.649999618530272,10.850000381469728,168330,
2021-08-17,10.399999618530272,10.899999618530272,10.300000190734863,10.75,151381,
2021-08-18,9.949999809265137,10.75,9.899999618530272,10.75,358276,
2021-08-20,9.550000190734863,10.100000381469728,9.5,9.949999809265137,247662,
2021-08-23,9.149999618530272,9.949999809265137,9.100000381469728,9.550000190734863,244257,
2021-08-24,9.0,9.350000381469728,8.800000190734863,9.300000190734863,129363,
2021-08-25,9.399999618530272,9.449999809265137,9.199999809265137,9.300000190734863,148142,
2021-08-26,9.300000190734863,9.699999809265137,9.25,9.399999618530272,165132,
2021-08-27,9.350000381469728,9.449999809265137,9.149999618530272,9.399999618530272,53792,
2021-08-30,9.199999809265137,9.5,9.100000381469728,9.5,119448,
2021-08-31,9.449999809265137,9.550000190734863,9.100000381469728,9.300000190734863,103086,
2021-09-01,9.899999618530272,9.899999618530272,9.25,9.25,187476,
2021-09-02,10.25,10.350000381469728,9.949999809265137,10.100000381469728,152623,
2021-09-03,9.949999809265137,10.449999809265137,9.75,10.300000190734863,111530,
2021-09-06,9.899999618530272,10.149999618530272,9.649999618530272,10.149999618530272,109395,
2021-09-07,9.949999809265137,10.199999809265137,9.649999618530272,10.0,87564,
2021-09-08,10.0,10.399999618530272,9.699999809265137,9.949999809265137,58830,
2021-09-09,9.949999809265137,10.050000190734863,9.800000190734863,10.0,46790,
2021-09-13,9.899999618530272,9.949999809265137,9.649999618530272,9.949999809265137,74293,
2021-09-14,9.850000381469728,10.149999618530272,9.800000190734863,9.899999618530272,66560,
2021-09-15,9.949999809265137,10.100000381469728,9.899999618530272,10.100000381469728,128006,
2021-09-16,10.050000190734863,10.100000381469728,9.899999618530272,10.100000381469728,157590,
2021-09-17,9.899999618530272,10.25,9.899999618530272,10.25,96615,
2021-09-20,9.699999809265137,10.25,9.5,10.25,216654,
2021-09-21,9.550000190734863,10.050000190734863,9.25,10.050000190734863,281465,
2021-09-22,9.649999618530272,9.75,9.399999618530272,9.75,67156,
2021-09-23,9.550000190734863,9.949999809265137,9.399999618530272,9.949999809265137,85754,
2021-09-24,9.350000381469728,9.649999618530272,9.149999618530272,9.449999809265137,297923,
2021-09-27,9.300000190734863,9.600000381469728,9.199999809265137,9.600000381469728,78001,
2021-09-28,9.350000381469728,9.649999618530272,9.100000381469728,9.5,217345,
2021-09-29,9.5,9.600000381469728,9.25,9.449999809265137,126453,
2021-09-30,9.399999618530272,9.800000190734863,9.399999618530272,9.5,178578,
2021-10-01,9.75,9.850000381469728,9.350000381469728,9.350000381469728,198169,
2021-10-04,10.0,10.100000381469728,9.75,9.75,501475,
2021-10-05,9.899999618530272,10.0,9.75,9.949999809265137,177307,
2021-10-06,9.75,10.0,9.600000381469728,10.0,118215,
2021-10-07,9.75,9.949999809265137,9.699999809265137,9.949999809265137,191619,
2021-10-08,9.600000381469728,9.949999809265137,9.25,9.949999809265137,266649,
2021-10-11,9.75,9.949999809265137,9.649999618530272,9.699999809265137,169677,
2021-10-12,9.899999618530272,10.0,9.75,9.899999618530272,225726,
2021-10-13,9.850000381469728,10.050000190734863,9.75,9.949999809265137,340046,
2021-10-14,9.899999618530272,10.199999809265137,9.850000381469728,10.149999618530272,197283,
2021-10-18,9.949999809265137,10.149999618530272,9.899999618530272,10.149999618530272,121818,
2021-10-19,9.899999618530272,10.050000190734863,9.699999809265137,10.050000190734863,114305,
2021-10-20,9.399999618530272,10.0,9.25,10.0,356048,
2021-10-21,9.350000381469728,9.649999618530272,9.300000190734863,9.649999618530272,232797,
2021-10-22,9.449999809265137,9.850000381469728,9.300000190734863,9.850000381469728,138317,
2021-10-25,9.449999809265137,9.949999809265137,9.149999618530272,9.649999618530272,279557,
2021-10-26,9.199999809265137,9.850000381469728,8.550000190734863,9.399999618530272,344588,
2021-10-27,9.25,9.399999618530272,9.149999618530272,9.399999618530272,148123,
2021-10-28,9.0,9.5,8.600000381469727,9.5,413381,
2021-10-29,9.050000190734863,9.399999618530272,8.949999809265137,9.0,243934,
2021-11-01,9.100000381469728,9.5,9.050000190734863,9.149999618530272,193088,
2021-11-02,9.100000381469728,9.5,9.050000190734863,9.399999618530272,205932,
2021-11-03,8.949999809265137,9.199999809265137,8.899999618530273,9.149999618530272,175849,
2021-11-04,9.25,9.350000381469728,9.0,9.300000190734863,39495,
2021-11-08,9.100000381469728,9.350000381469728,9.050000190734863,9.300000190734863,162835,
2021-11-09,9.149999618530272,9.25,9.050000190734863,9.100000381469728,128400,
2021-11-10,9.100000381469728,9.300000190734863,9.0,9.199999809265137,134472,
2021-11-11,8.949999809265137,9.25,8.899999618530273,9.199999809265137,336565,
2021-11-12,8.899999618530273,9.300000190734863,8.800000190734863,9.199999809265137,210885,
2021-11-15,9.699999809265137,9.75,8.949999809265137,9.149999618530272,1349922,
2021-11-16,10.050000190734863,10.550000190734863,9.600000381469728,10.100000381469728,1920677,
2021-11-17,9.699999809265137,10.300000190734863,9.5,10.300000190734863,870323,
2021-11-18,9.5,9.899999618530272,9.300000190734863,9.899999618530272,455356,
2021-11-22,9.050000190734863,9.800000190734863,8.850000381469727,9.800000190734863,380966,
2021-11-23,9.050000190734863,9.350000381469728,8.949999809265137,9.300000190734863,514963,
2021-11-24,9.050000190734863,9.199999809265137,9.0,9.149999618530272,517548,
2021-11-25,9.149999618530272,9.25,9.0,9.149999618530272,593616,
2021-11-26,9.0,9.199999809265137,8.899999618530273,9.199999809265137,596925,
2021-11-29,8.800000190734863,9.149999618530272,8.699999809265137,9.149999618530272,435088,
2021-11-30,8.949999809265137,9.050000190734863,8.649999618530273,9.050000190734863,199814,
2021-12-01,8.800000190734863,9.199999809265137,8.699999809265137,9.199999809265137,488861,
2021-12-02,9.050000190734863,9.350000381469728,8.699999809265137,8.949999809265137,530208,
2021-12-03,8.899999618530273,9.25,8.649999618530273,9.050000190734863,746663,
2021-12-06,8.899999618530273,9.199999809265137,8.800000190734863,9.149999618530272,470028,
2021-12-07,9.0,9.149999618530272,8.800000190734863,9.100000381469728,508257,
2021-12-08,9.050000190734863,9.199999809265137,8.949999809265137,9.100000381469728,758957,
2021-12-09,9.050000190734863,9.149999618530272,8.949999809265137,9.100000381469728,674618,
2021-12-10,10.699999809265137,10.850000381469728,9.0,9.100000381469728,6075452,
2021-12-13,10.399999618530272,11.449999809265137,10.350000381469728,11.0,3215973,
2021-12-14,10.100000381469728,10.949999809265137,9.949999809265137,10.0,2075857,
2021-12-15,10.0,10.149999618530272,9.899999618530272,10.149999618530272,1500232,
2021-12-16,9.899999618530272,10.050000190734863,9.699999809265137,10.050000190734863,965428,
2021-12-17,9.75,10.0,9.600000381469728,10.0,1088784,
2021-12-20,9.5,10.050000190734863,9.350000381469728,9.699999809265137,1236871,
2021-12-21,9.949999809265137,10.0,9.5,10.0,1717128,
2021-12-22,10.100000381469728,10.850000381469728,9.800000190734863,10.0,2298684,
2021-12-23,10.0,10.550000190734863,9.949999809265137,10.199999809265137,937424,
2021-12-24,9.949999809265137,10.300000190734863,9.899999618530272,10.300000190734863,482091,
2021-12-27,9.949999809265137,10.100000381469728,9.699999809265137,10.050000190734863,546243,
2021-12-28,10.0,10.149999618530272,9.899999618530272,10.050000190734863,877731,
2021-12-29,11.199999809265137,11.850000381469728,10.050000190734863,10.100000381469728,10698923,
2021-12-30,13.399999618530272,13.399999618530272,11.25,11.399999618530272,15279859,
2021-12-31,16.049999237060547,16.049999237060547,14.050000190734863,14.449999809265137,18035879,
2022-01-03,17.649999618530273,17.649999618530273,16.399999618530273,16.600000381469727,11176365,
2022-01-04,15.899999618530272,18.89999961853028,15.899999618530272,18.89999961853028,10909751,
2022-01-05,14.75,15.449999809265137,14.350000381469728,15.0,12341775,
2022-01-06,16.200000762939453,16.200000762939453,14.399999618530272,14.899999618530272,5800808,
2022-01-07,16.25,17.399999618530273,15.5,16.75,8320620,
2022-01-10,16.0,16.899999618530273,15.899999618530272,16.899999618530273,3796514,
2022-01-11,14.949999809265137,16.049999237060547,14.800000190734863,16.0,3606656,
2022-01-12,14.449999809265137,15.600000381469728,14.100000381469728,14.649999618530272,2736391,
2022-01-13,15.050000190734863,15.350000381469728,14.600000381469728,14.800000190734863,2626373,
2022-01-14,15.100000381469728,15.399999618530272,14.5,15.300000190734863,1575778,
2022-01-17,14.949999809265137,15.449999809265137,14.899999618530272,15.449999809265137,1891488,
2022-01-18,14.5,15.100000381469728,14.449999809265137,14.949999809265137,1154098,
2022-01-19,14.449999809265137,14.699999809265137,13.699999809265137,14.199999809265137,1232930,
2022-01-20,15.0,15.149999618530272,14.449999809265137,14.5,1148099,
2022-01-21,14.550000190734863,15.0,14.149999618530272,15.0,686651,
2022-01-24,13.449999809265137,14.550000190734863,13.300000190734863,14.350000381469728,1419936,
2022-01-25,14.25,14.5,12.699999809265137,13.0,1365012,
2022-01-27,14.25,14.699999809265137,13.199999809265137,14.600000381469728,1633064,
2022-01-28,14.100000381469728,14.899999618530272,14.0,14.300000190734863,737707,
2022-01-31,14.300000190734863,14.649999618530272,14.050000190734863,14.199999809265137,579617,
2022-02-01,14.199999809265137,14.449999809265137,13.949999809265137,14.449999809265137,902736,
2022-02-02,14.100000381469728,14.550000190734863,13.899999618530272,14.300000190734863,868960,
2022-02-03,14.149999618530272,14.300000190734863,13.699999809265137,13.699999809265137,805037,
2022-02-04,14.100000381469728,14.350000381469728,14.0,14.350000381469728,735508,
2022-02-07,14.350000381469728,14.600000381469728,14.25,14.399999618530272,728285,
2022-02-08,14.149999618530272,14.850000381469728,14.050000190734863,14.5,921034,
2022-02-09,13.75,14.399999618530272,13.699999809265137,14.199999809265137,706586,
2022-02-10,13.449999809265137,14.100000381469728,13.25,13.800000190734863,1061895,
2022-02-11,13.100000381469728,13.449999809265137,12.850000381469728,13.449999809265137,1120040,
2022-02-14,11.550000190734863,12.149999618530272,11.449999809265137,11.800000190734863,2179900,
2022-02-15,11.25,12.0,11.050000190734863,12.0,1401286,
2022-02-16,11.5,11.800000190734863,11.100000381469728,11.25,1838793,
2022-02-17,11.300000190734863,11.600000381469728,11.25,11.600000381469728,579932,
2022-02-18,12.850000381469728,13.5,10.800000190734863,11.300000190734863,8484921,
2022-02-21,12.100000381469728,13.449999809265137,11.800000190734863,13.0,2760021,
2022-02-22,11.449999809265137,11.75,11.199999809265137,11.75,1261134,
2022-02-23,11.899999618530272,12.449999809265137,11.600000381469728,11.600000381469728,1090374,
2022-02-24,10.600000381469728,11.5,10.5,11.399999618530272,1380206,
2022-02-25,11.25,11.600000381469728,10.949999809265137,10.949999809265137,772799,
2022-02-28,11.600000381469728,12.0,10.899999618530272,11.350000381469728,1339743,
2022-03-02,12.399999618530272,12.800000190734863,11.350000381469728,11.600000381469728,2323026,
2022-03-03,12.75,13.199999809265137,12.600000381469728,12.899999618530272,899011,
2022-03-04,12.050000190734863,12.75,12.0,12.149999618530272,865462,
2022-03-07,11.600000381469728,12.25,11.100000381469728,11.899999618530272,1066702,
2022-03-08,11.699999809265137,12.0,11.449999809265137,11.75,659767,
2022-03-09,11.949999809265137,12.199999809265137,11.600000381469728,12.100000381469728,703264,
2022-03-10,12.399999618530272,12.949999809265137,12.050000190734863,12.300000190734863,1100497,
2022-03-11,12.25,12.600000381469728,12.100000381469728,12.399999618530272,680196,
2022-03-14,12.050000190734863,12.550000190734863,11.949999809265137,12.25,672848,
2022-03-15,11.649999618530272,12.350000381469728,11.550000190734863,12.199999809265137,763698,
2022-03-16,11.699999809265137,12.149999618530272,11.449999809265137,12.0,782981,
2022-03-17,11.699999809265137,12.050000190734863,11.449999809265137,11.949999809265137,881166,
2022-03-21,11.550000190734863,12.100000381469728,11.300000190734863,11.899999618530272,1522122,
2022-03-22,11.300000190734863,11.75,11.199999809265137,11.699999809265137,668374,
2022-03-23,11.300000190734863,11.600000381469728,10.899999618530272,11.5,1387390,
2022-03-24,11.199999809265137,11.399999618530272,11.050000190734863,11.300000190734863,1167890,
2022-03-25,10.899999618530272,11.399999618530272,10.75,11.399999618530272,780805,
2022-03-28,10.449999809265137,11.149999618530272,10.199999809265137,11.100000381469728,1077735,
2022-03-29,10.850000381469728,11.100000381469728,10.449999809265137,10.449999809265137,1451931,
2022-03-30,10.899999618530272,11.199999809265137,10.850000381469728,11.100000381469728,576670,
2022-03-31,10.699999809265137,11.100000381469728,10.699999809265137,11.100000381469728,482885,
2022-04-01,11.149999618530272,11.550000190734863,10.600000381469728,10.850000381469728,946235,
2022-04-04,11.949999809265137,12.300000190734863,11.199999809265137,11.649999618530272,1803500,
2022-04-05,13.899999618530272,14.300000190734863,11.850000381469728,12.399999618530272,11554588,
2022-04-06,13.449999809265137,14.100000381469728,13.0,13.800000190734863,2974217,
2022-04-07,12.949999809265137,13.75,12.899999618530272,13.5,1116114,
2022-04-08,12.949999809265137,13.350000381469728,12.899999618530272,13.0,639559,
2022-04-11,13.350000381469728,13.75,13.149999618530272,13.149999618530272,1068312,
2022-04-12,12.800000190734863,13.5,12.550000190734863,13.5,839414,
2022-04-13,13.0,13.300000190734863,12.699999809265137,12.949999809265137,707167,
2022-04-18,12.850000381469728,12.899999618530272,12.699999809265137,12.899999618530272,507569,
2022-04-19,13.649999618530272,14.550000190734863,12.949999809265137,12.949999809265137,4186870,
2022-04-20,13.649999618530272,14.300000190734863,13.550000190734863,14.0,1848727,
2022-04-21,15.199999809265137,15.949999809265137,13.75,13.850000381469728,9502541,
2022-04-22,15.050000190734863,16.0,14.600000381469728,15.0,4590294,
2022-04-25,14.25,15.0,14.0,14.649999618530272,1921910,
2022-04-26,13.899999618530272,14.5,13.649999618530272,14.5,1393575,
2022-04-27,13.25,13.800000190734863,12.899999618530272,13.75,1606050,
2022-04-28,13.050000190734863,13.949999809265137,12.699999809265137,13.199999809265137,1548478,
2022-04-29,13.0,13.899999618530272,12.850000381469728,13.149999618530272,1745502,
2022-05-02,12.899999618530272,13.0,12.600000381469728,12.899999618530272,691841,
2022-05-04,12.199999809265137,13.25,12.100000381469728,13.25,1017054,
2022-05-05,12.25,12.800000190734863,12.149999618530272,12.5,843212,
2022-05-06,12.399999618530272,12.649999618530272,11.649999618530272,12.0,911836,
2022-05-09,11.800000190734863,12.699999809265137,11.5,12.350000381469728,1926525,
2022-05-10,11.350000381469728,12.050000190734863,11.25,11.800000190734863,1099614,
2022-05-11,10.949999809265137,11.699999809265137,9.800000190734863,11.399999618530272,1845754,
2022-05-12,10.5,10.899999618530272,9.850000381469728,10.550000190734863,1115335,
2022-05-13,10.75,11.100000381469728,10.449999809265137,10.800000190734863,851561,
2022-05-16,11.199999809265137,11.5,10.800000190734863,10.949999809265137,498089,
2022-05-17,11.699999809265137,11.800000190734863,11.25,11.25,480870,
2022-05-18,11.699999809265137,12.199999809265137,11.600000381469728,12.149999618530272,595528,
2022-05-19,11.199999809265137,11.449999809265137,11.100000381469728,11.399999618530272,407164,
2022-05-20,11.550000190734863,11.75,11.399999618530272,11.75,356488,
2022-05-23,11.0,11.649999618530272,10.75,11.649999618530272,743043,
2022-05-24,10.899999618530272,11.199999809265137,10.850000381469728,11.149999618530272,350298,
2022-05-25,10.5,11.149999618530272,10.399999618530272,10.899999618530272,443965,
2022-05-26,10.649999618530272,10.800000190734863,10.100000381469728,10.350000381469728,434205,
2022-05-27,11.0,11.100000381469728,10.699999809265137,10.800000190734863,286612,
2022-05-30,11.25,12.0,11.100000381469728,11.100000381469728,392501,
2022-05-31,11.449999809265137,11.800000190734863,11.300000190734863,11.5,605106,
2022-06-01,11.5,11.800000190734863,11.399999618530272,11.550000190734863,477062,
2022-06-02,11.550000190734863,11.699999809265137,11.399999618530272,11.600000381469728,291641,
2022-06-03,11.550000190734863,11.899999618530272,11.5,11.75,344721,
2022-06-06,11.25,11.649999618530272,10.949999809265137,11.550000190734863,316424,
2022-06-07,11.0,11.449999809265137,10.899999618530272,11.050000190734863,435396,
2022-06-08,11.050000190734863,11.300000190734863,10.899999618530272,11.199999809265137,414192,
2022-06-09,11.050000190734863,11.25,10.899999618530272,11.149999618530272,238662,
2022-06-10,10.949999809265137,11.149999618530272,10.850000381469728,11.0,284389,
2022-06-13,10.550000190734863,10.949999809265137,10.350000381469728,10.800000190734863,400647,
2022-06-14,10.449999809265137,10.699999809265137,10.199999809265137,10.25,375268,
2022-06-15,10.25,10.800000190734863,9.550000190734863,10.600000381469728,353907,
2022-06-16,9.850000381469728,10.649999618530272,9.800000190734863,10.600000381469728,470513,
2022-06-17,9.800000190734863,10.149999618530272,9.600000381469728,9.600000381469728,515503,
2022-06-20,9.199999809265137,10.050000190734863,8.5,9.800000190734863,567370,
2022-06-21,9.699999809265137,9.850000381469728,9.25,9.25,359626,
2022-06-22,9.600000381469728,10.0,9.449999809265137,10.0,246164,
2022-06-23,9.550000190734863,9.800000190734863,9.300000190734863,9.5,161359,
2022-06-24,10.0,10.149999618530272,9.449999809265137,9.75,354635,
2022-06-27,9.949999809265137,10.399999618530272,9.899999618530272,10.199999809265137,522906,
2022-06-28,10.0,10.149999618530272,9.800000190734863,10.050000190734863,168133,
2022-06-29,9.949999809265137,10.050000190734863,9.800000190734863,9.949999809265137,145684,
2022-06-30,9.899999618530272,10.149999618530272,9.649999618530272,10.050000190734863,206971,
2022-07-01,9.699999809265137,10.050000190734863,8.399999618530273,10.050000190734863,378809,
2022-07-04,9.800000190734863,9.949999809265137,9.600000381469728,9.800000190734863,125076,
2022-07-05,9.850000381469728,10.050000190734863,9.800000190734863,9.949999809265137,207884,
2022-07-06,9.899999618530272,10.0,9.800000190734863,9.899999618530272,210386,
2022-07-07,10.050000190734863,10.149999618530272,9.850000381469728,10.0,301520,
2022-07-08,9.899999618530272,10.25,9.800000190734863,10.25,243466,
2022-07-11,10.0,10.050000190734863,9.899999618530272,10.0,262243,
2022-07-12,9.899999618530272,10.050000190734863,9.899999618530272,10.0,224821,
2022-07-13,10.050000190734863,10.199999809265137,9.850000381469728,10.0,414498,
2022-07-14,9.899999618530272,10.199999809265137,9.899999618530272,10.199999809265137,201242,
2022-07-15,9.75,10.149999618530272,9.699999809265137,10.0,222148,
2022-07-18,9.75,9.949999809265137,9.699999809265137,9.800000190734863,400662,
2022-07-19,10.100000381469728,10.25,9.75,9.75,515513,
2022-07-20,10.0,10.600000381469728,9.949999809265137,10.350000381469728,809940,
2022-07-21,10.050000190734863,10.149999618530272,9.850000381469728,10.100000381469728,515954,
2022-07-22,9.949999809265137,10.149999618530272,9.899999618530272,10.149999618530272,148101,
2022-07-25,9.800000190734863,10.050000190734863,9.75,10.050000190734863,338653,
2022-07-26,9.699999809265137,9.850000381469728,9.649999618530272,9.800000190734863,172217,
2022-07-27,9.550000190734863,9.800000190734863,9.449999809265137,9.800000190734863,353663,
2022-07-28,9.449999809265137,9.75,9.399999618530272,9.600000381469728,591061,
2022-07-29,9.699999809265137,9.75,9.449999809265137,9.449999809265137,428188,
2022-08-01,9.850000381469728,9.899999618530272,9.699999809265137,9.899999618530272,274675,
2022-08-02,9.850000381469728,10.100000381469728,9.800000190734863,9.850000381469728,288311,
2022-08-03,10.0,10.050000190734863,9.800000190734863,10.050000190734863,298859,
2022-08-04,9.850000381469728,10.199999809265137,9.75,10.199999809265137,541022,
2022-08-05,9.850000381469728,10.0,9.699999809265137,9.699999809265137,217569,
2022-08-08,9.899999618530272,10.0,9.800000190734863,9.949999809265137,168358,
2022-08-10,9.5,9.800000190734863,9.399999618530272,9.800000190734863,881868,
2022-08-11,9.449999809265137,9.649999618530272,9.300000190734863,9.5,254985,
2022-08-12,9.5,9.600000381469728,9.399999618530272,9.399999618530272,254811,
2022-08-16,9.5,9.699999809265137,9.399999618530272,9.5,256511,
2022-08-17,9.449999809265137,9.649999618530272,9.300000190734863,9.5,281858,
2022-08-18,9.5,9.550000190734863,9.399999618530272,9.449999809265137,229083,
2022-08-19,9.350000381469728,9.649999618530272,9.300000190734863,9.649999618530272,317388,
2022-08-22,9.350000381469728,9.5,9.149999618530272,9.399999618530272,519734,
2022-08-23,9.399999618530272,9.5,9.350000381469728,9.399999618530272,219784,
2022-08-24,9.449999809265137,9.5,9.350000381469728,9.5,184304,
2022-08-25,9.449999809265137,9.5,9.399999618530272,9.449999809265137,149769,
2022-08-26,9.399999618530272,9.699999809265137,9.350000381469728,9.449999809265137,474557,
2022-08-29,9.399999618530272,9.449999809265137,9.25,9.300000190734863,279937,
2022-08-30,9.399999618530272,9.5,9.300000190734863,9.399999618530272,186377,
2022-09-01,9.449999809265137,9.75,9.350000381469728,9.399999618530272,524378,
2022-09-02,9.5,9.600000381469728,9.399999618530272,9.600000381469728,366449,
2022-09-05,10.300000190734863,11.199999809265137,9.449999809265137,9.5,3504197,
2022-09-06,10.050000190734863,10.800000190734863,9.949999809265137,10.399999618530272,1328767,
2022-09-07,10.050000190734863,10.399999618530272,9.899999618530272,10.050000190734863,924136,
2022-09-08,10.0,10.25,9.949999809265137,10.149999618530272,605559,
2022-09-09,9.949999809265137,10.100000381469728,9.899999618530272,10.0,207030,
2022-09-12,9.899999618530272,10.149999618530272,9.850000381469728,10.100000381469728,357593,
2022-09-13,9.850000381469728,10.100000381469728,9.699999809265137,10.100000381469728,366638,
2022-09-14,9.800000190734863,10.050000190734863,9.649999618530272,9.800000190734863,373495,
2022-09-15,9.850000381469728,10.0,9.649999618530272,9.899999618530272,398467,
2022-09-16,9.600000381469728,9.949999809265137,9.5,9.850000381469728,530483,
2022-09-19,9.550000190734863,9.75,9.5,9.75,364311,
2022-09-20,9.550000190734863,9.800000190734863,9.5,9.649999618530272,263229,
2022-09-21,9.449999809265137,9.75,9.399999618530272,9.600000381469728,305284,
2022-09-22,9.399999618530272,9.550000190734863,9.350000381469728,9.550000190734863,265308,
2022-09-23,9.300000190734863,9.5,9.100000381469728,9.5,244097,
2022-09-26,9.199999809265137,9.300000190734863,9.050000190734863,9.199999809265137,394578,
2022-09-27,9.350000381469728,9.449999809265137,9.149999618530272,9.350000381469728,186979,
2022-09-28,9.199999809265137,9.300000190734863,9.149999618530272,9.199999809265137,194101,
2022-09-29,9.199999809265137,9.350000381469728,9.149999618530272,9.300000190734863,129640,
2022-09-30,9.300000190734863,9.399999618530272,9.050000190734863,9.199999809265137,65309,
2022-10-03,9.100000381469728,9.449999809265137,9.0,9.449999809265137,132659,
2022-10-04,9.199999809265137,9.449999809265137,9.100000381469728,9.25,298304,
2022-10-06,9.699999809265137,10.050000190734863,9.199999809265137,9.199999809265137,887032,
2022-10-07,9.699999809265137,9.800000190734863,9.600000381469728,9.800000190734863,191634,
2022-10-10,9.399999618530272,9.699999809265137,9.350000381469728,9.699999809265137,208109,
2022-10-11,9.399999618530272,9.600000381469728,9.399999618530272,9.550000190734863,196207,
2022-10-12,9.350000381469728,9.550000190734863,9.300000190734863,9.550000190734863,130156,
2022-10-13,9.25,9.399999618530272,9.199999809265137,9.300000190734863,171988,
2022-10-14,9.199999809265137,9.449999809265137,9.149999618530272,9.350000381469728,123657,
2022-10-17,9.300000190734863,9.350000381469728,9.100000381469728,9.100000381469728,104026,
2022-10-18,9.300000190734863,9.699999809265137,9.25,9.449999809265137,263773,
2022-10-19,9.350000381469728,9.449999809265137,9.199999809265137,9.300000190734863,87019,
2022-10-20,9.25,9.399999618530272,9.199999809265137,9.399999618530272,125227,
2022-10-21,9.300000190734863,9.399999618530272,9.199999809265137,9.199999809265137,112084,
2022-10-24,9.300000190734863,9.399999618530272,9.199999809265137,9.199999809265137,64865,
2022-10-25,9.25,9.399999618530272,9.199999809265137,9.350000381469728,103086,
2022-10-27,9.300000190734863,9.399999618530272,9.199999809265137,9.300000190734863,173754,
2022-10-28,9.199999809265137,9.449999809265137,9.149999618530272,9.449999809265137,142398,
2022-10-31,9.199999809265137,9.300000190734863,9.149999618530272,9.199999809265137,141038,
2022-11-01,9.199999809265137,9.25,9.100000381469728,9.25,105554,
2022-11-02,9.25,9.350000381469728,9.100000381469728,9.199999809265137,115427,
2022-11-03,9.25,9.350000381469728,9.149999618530272,9.25,96926,
2022-11-04,9.449999809265137,9.649999618530272,9.25,9.300000190734863,568382,
2022-11-07,10.100000381469728,10.199999809265137,9.5,9.5,1091680,
2022-11-09,10.149999618530272,10.350000381469728,9.800000190734863,10.100000381469728,715562,
2022-11-10,9.899999618530272,10.25,9.850000381469728,10.25,417559,
2022-11-11,9.850000381469728,10.199999809265137,9.800000190734863,10.100000381469728,324877,
2022-11-14,9.600000381469728,10.199999809265137,9.5,9.899999618530272,373042,
2022-11-15,9.449999809265137,9.600000381469728,9.399999618530272,9.399999618530272,262754,
2022-11-16,9.350000381469728,9.600000381469728,9.300000190734863,9.550000190734863,257875,
2022-11-17,9.300000190734863,9.449999809265137,9.25,9.449999809265137,118176,
2022-11-18,9.199999809265137,9.449999809265137,9.100000381469728,9.350000381469728,258080,
2022-11-21,9.399999618530272,9.550000190734863,9.199999809265137,9.199999809265137,382886,
2022-11-22,9.350000381469728,9.550000190734863,9.350000381469728,9.550000190734863,136608,
2022-11-23,9.25,9.399999618530272,9.149999618530272,9.25,169310,
2022-11-24,9.449999809265137,9.75,9.100000381469728,9.25,603651,
2022-11-25,9.75,9.899999618530272,9.300000190734863,9.5,621316,
2022-11-28,9.899999618530272,10.199999809265137,9.75,9.949999809265137,624570,
2022-11-29,9.899999618530272,10.050000190734863,9.75,10.0,206509,
2022-11-30,9.75,10.0,9.75,9.899999618530272,138220,
2022-12-01,10.050000190734863,10.25,9.550000190734863,9.899999618530272,586173,
2022-12-02,9.949999809265137,10.149999618530272,9.850000381469728,10.149999618530272,227165,
2022-12-05,9.949999809265137,10.149999618530272,9.850000381469728,9.949999809265137,267907,
2022-12-06,9.850000381469728,10.100000381469728,9.800000190734863,9.949999809265137,261213,
2022-12-07,9.850000381469728,10.149999618530272,9.800000190734863,9.949999809265137,232584,
2022-12-08,9.850000381469728,10.149999618530272,9.800000190734863,9.850000381469728,192738,
2022-12-09,9.800000190734863,10.050000190734863,9.699999809265137,9.850000381469728,358914,
2022-12-12,9.75,9.899999618530272,9.600000381469728,9.800000190734863,269040,
2022-12-13,9.699999809265137,9.899999618530272,9.600000381469728,9.75,267607,
2022-12-14,9.850000381469728,10.0,9.75,9.850000381469728,373048,
2022-12-15,9.600000381469728,9.949999809265137,9.449999809265137,9.949999809265137,441380,
2022-12-16,9.399999618530272,9.649999618530272,9.350000381469728,9.649999618530272,520874,
2022-12-19,9.550000190734863,9.649999618530272,9.5,9.5,227944,
2022-12-20,10.100000381469728,10.350000381469728,9.5,9.600000381469728,660087,
2022-12-21,9.699999809265137,10.699999809265137,9.550000190734863,10.300000190734863,1587350,
2022-12-22,9.350000381469728,9.800000190734863,9.199999809265137,9.699999809265137,521502,
2022-12-23,9.100000381469728,9.550000190734863,9.0,9.350000381469728,644672,
2022-12-26,9.149999618530272,9.449999809265137,8.75,9.050000190734863,426045,
2022-12-27,9.649999618530272,9.899999618530272,9.25,9.25,622780,
2022-12-28,9.550000190734863,9.899999618530272,9.449999809265137,9.649999618530272,488355,
2022-12-29,9.949999809265137,10.100000381469728,9.5,9.699999809265137,772009,
2022-12-30,9.800000190734863,10.100000381469728,9.699999809265137,10.100000381469728,325555,
2023-01-02,10.0,10.25,9.800000190734863,9.949999809265137,777582,
2023-01-03,9.949999809265137,10.25,9.850000381469728,10.149999618530272,336920,
2023-01-04,9.699999809265137,9.949999809265137,9.600000381469728,9.949999809265137,458344,
2023-01-05,9.800000190734863,9.949999809265137,9.649999618530272,9.949999809265137,252733,
2023-01-06,9.75,9.899999618530272,9.649999618530272,9.649999618530272,134040,
2023-01-09,9.600000381469728,9.899999618530272,9.5,9.899999618530272,263982,
2023-01-10,9.550000190734863,9.800000190734863,9.5,9.800000190734863,236236,
2023-01-11,9.649999618530272,9.75,9.550000190734863,9.649999618530272,177627,
2023-01-12,9.5,9.75,9.350000381469728,9.75,216945,
2023-01-13,9.699999809265137,9.75,9.449999809265137,9.649999618530272,150213,
2023-01-16,9.550000190734863,9.850000381469728,9.5,9.649999618530272,255698,
2023-01-17,9.5,9.699999809265137,9.399999618530272,9.399999618530272,145165,
2023-01-18,9.550000190734863,9.75,9.449999809265137,9.649999618530272,356112,
2023-01-19,9.649999618530272,9.75,9.449999809265137,9.449999809265137,223768,
2023-01-20,9.550000190734863,9.75,9.449999809265137,9.75,357095,
2023-01-23,9.550000190734863,9.649999618530272,8.649999618530273,9.649999618530272,242784,
2023-01-24,9.449999809265137,9.699999809265137,9.449999809265137,9.649999618530272,155386,
2023-01-25,9.25,9.550000190734863,9.100000381469728,9.5,490422,
2023-01-27,9.0,9.399999618530272,8.949999809265137,9.25,384996,
2023-01-30,9.100000381469728,9.199999809265137,8.899999618530273,9.100000381469728,250281,
2023-01-31,9.350000381469728,9.550000190734863,9.050000190734863,9.100000381469728,434921,
2023-02-01,9.100000381469728,9.550000190734863,9.0,9.449999809265137,301327,
2023-02-02,9.0,9.25,8.649999618530273,9.149999618530272,338068,
2023-02-03,9.050000190734863,9.149999618530272,8.850000381469727,9.0,315175,
2023-02-06,9.050000190734863,9.149999618530272,9.0,9.100000381469728,319256,
2023-02-07,9.100000381469728,9.300000190734863,9.0,9.149999618530272,372187,
2023-02-08,9.0,9.199999809265137,8.949999809265137,9.199999809265137,220183,
2023-02-09,9.050000190734863,9.100000381469728,8.949999809265137,9.0,171219,
2023-02-10,8.949999809265137,9.100000381469728,8.949999809265137,9.0,257378,
2023-02-13,8.949999809265137,9.149999618530272,8.800000190734863,9.0,416509,
2023-02-14,8.949999809265137,9.449999809265137,8.800000190734863,9.050000190734863,445771,
2023-02-15,8.75,9.100000381469728,8.75,9.050000190734863,342914,
2023-02-16,8.699999809265137,8.850000381469727,8.649999618530273,8.850000381469727,372613,
2023-02-17,8.550000190734863,8.850000381469727,8.399999618530273,8.800000190734863,335314,
2023-02-20,8.550000190734863,8.800000190734863,8.5,8.649999618530273,174128,
2023-02-21,8.649999618530273,8.75,8.449999809265137,8.449999809265137,155080,
2023-02-22,8.800000190734863,8.949999809265137,8.5,8.5,290108,
2023-02-23,9.050000190734863,9.149999618530272,8.75,8.949999809265137,453563,
2023-02-24,8.75,9.100000381469728,8.699999809265137,9.100000381469728,203835,
2023-02-27,8.5,9.0,8.050000190734863,8.75,393368,
2023-02-28,8.550000190734863,8.699999809265137,8.25,8.699999809265137,74744,
2023-03-01,8.949999809265137,9.5,8.550000190734863,8.550000190734863,266158,
2023-03-02,8.899999618530273,9.0,8.850000381469727,8.949999809265137,99062,
2023-03-03,8.800000190734863,9.0,8.550000190734863,9.0,252891,
2023-03-06,8.649999618530273,8.949999809265137,8.600000381469727,8.949999809265137,302419,
2023-03-08,8.75,8.850000381469727,8.5,8.699999809265137,216213,
2023-03-09,8.699999809265137,8.899999618530273,8.600000381469727,8.899999618530273,193243,
2023-03-10,8.550000190734863,8.800000190734863,7.650000095367432,8.600000381469727,232249,
2023-03-13,8.5,8.800000190734863,8.399999618530273,8.600000381469727,298141,
2023-03-14,8.600000381469727,8.699999809265137,8.449999809265137,8.449999809265137,133767,
2023-03-15,8.399999618530273,8.699999809265137,8.300000190734863,8.699999809265137,206494,
2023-03-16,8.350000381469727,8.649999618530273,8.25,8.5,269735,
2023-03-17,8.449999809265137,8.600000381469727,8.350000381469727,8.350000381469727,98669,
2023-03-20,8.5,8.649999618530273,8.350000381469727,8.649999618530273,128634,
2023-03-21,8.449999809265137,8.649999618530273,8.399999618530273,8.649999618530273,157158,
2023-03-22,8.5,8.550000190734863,8.399999618530273,8.5,83337,
2023-03-23,8.300000190734863,8.5,8.300000190734863,8.399999618530273,268176,
2023-03-24,8.100000381469727,8.449999809265137,8.0,8.449999809265137,282908,
2023-03-27,7.949999809265137,8.350000381469727,7.800000190734863,8.100000381469727,287075,
2023-03-28,7.550000190734863,8.100000381469727,7.5,8.050000190734863,638483,
2023-03-29,7.650000095367432,7.849999904632568,7.449999809265137,7.550000190734863,388237,
2023-03-31,7.900000095367432,8.600000381469727,7.599999904632568,7.75,268901,
2023-04-03,8.100000381469727,8.199999809265137,7.900000095367432,8.100000381469727,100469,
2023-04-05,8.300000190734863,8.449999809265137,8.100000381469727,8.199999809265137,123337,
2023-04-06,8.5,8.550000190734863,8.25,8.5,289257,
2023-04-10,9.149999618530272,9.399999618530272,8.5,8.600000381469727,599704,
2023-04-11,9.0,9.300000190734863,8.800000190734863,9.25,390100,
2023-04-12,9.050000190734863,9.25,8.75,9.149999618530272,175447,
2023-04-13,8.949999809265137,9.149999618530272,8.899999618530273,9.050000190734863,68305,
2023-04-17,8.899999618530273,9.100000381469728,8.800000190734863,9.100000381469728,66629,
2023-04-18,8.899999618530273,9.050000190734863,8.649999618530273,8.949999809265137,138851,
2023-04-19,9.0,9.25,8.75,8.75,201669,
2023-04-20,9.0,9.199999809265137,8.899999618530273,9.199999809265137,72449,
2023-04-21,8.899999618530273,9.050000190734863,8.75,8.949999809265137,88190,
2023-04-24,8.800000190734863,9.0,8.800000190734863,8.899999618530273,80449,
2023-04-25,8.649999618530273,8.949999809265137,8.550000190734863,8.899999618530273,187018,
2023-04-26,8.649999618530273,8.800000190734863,8.600000381469727,8.699999809265137,96059,
2023-04-27,8.649999618530273,8.75,8.550000190734863,8.649999618530273,117759,
2023-04-28,8.5,8.75,8.449999809265137,8.75,415818,
2023-05-02,8.600000381469727,8.75,8.449999809265137,8.75,124695,
2023-05-03,8.600000381469727,8.699999809265137,8.550000190734863,8.699999809265137,126607,
2023-05-04,8.649999618530273,8.75,8.550000190734863,8.699999809265137,213019,
2023-05-05,8.600000381469727,8.75,8.550000190734863,8.699999809265137,139021,
2023-05-08,8.699999809265137,8.800000190734863,8.600000381469727,8.699999809265137,95819,
2023-05-09,8.699999809265137,8.850000381469727,8.649999618530273,8.850000381469727,129095,
2023-05-10,8.699999809265137,8.800000190734863,8.600000381469727,8.649999618530273,203652,
2023-05-11,8.699999809265137,8.800000190734863,8.600000381469727,8.75,151656,
2023-05-12,8.600000381469727,8.75,8.600000381469727,8.699999809265137,91219,
2023-05-15,8.75,9.149999618530272,8.600000381469727,8.699999809265137,302670,
2023-05-16,8.699999809265137,9.0,8.649999618530273,9.0,171154,
2023-05-17,8.600000381469727,8.800000190734863,8.550000190734863,8.800000190734863,200344,
2023-05-18,8.5,8.800000190734863,8.5,8.649999618530273,81156,
2023-05-19,8.5,8.600000381469727,8.449999809265137,8.550000190734863,66297,
2023-05-22,8.550000190734863,8.649999618530273,8.5,8.649999618530273,167882,
2023-05-23,8.550000190734863,8.649999618530273,8.5,8.600000381469727,196625,
2023-05-24,8.449999809265137,8.800000190734863,8.449999809265137,8.5,235553,
2023-05-25,8.399999618530273,8.5,8.350000381469727,8.449999809265137,141648,
2023-05-26,8.449999809265137,8.550000190734863,8.399999618530273,8.550000190734863,78709,
2023-05-29,8.550000190734863,8.649999618530273,8.449999809265137,8.449999809265137,113429,
2023-05-30,8.600000381469727,8.75,8.5,8.550000190734863,361384,
2023-05-31,8.399999618530273,8.75,8.050000190734863,8.699999809265137,467979,
2023-06-01,8.600000381469727,8.649999618530273,8.449999809265137,8.649999618530273,198027,
2023-06-02,8.550000190734863,8.75,8.5,8.600000381469727,325188,
2023-06-05,8.550000190734863,8.699999809265137,8.5,8.600000381469727,140745,
2023-06-06,8.649999618530273,8.649999618530273,8.5,8.600000381469727,116526,
2023-06-07,9.300000190734863,9.600000381469728,8.550000190734863,8.649999618530273,903521,
2023-06-08,9.0,9.449999809265137,8.899999618530273,9.449999809265137,620514,
2023-06-09,8.850000381469727,9.25,8.800000190734863,9.100000381469728,392844,
2023-06-12,9.050000190734863,9.300000190734863,8.75,8.899999618530273,701091,
2023-06-13,8.850000381469727,9.199999809265137,8.699999809265137,9.100000381469728,560270,
2023-06-14,8.899999618530273,9.0,8.449999809265137,8.949999809265137,351079,
2023-06-15,8.899999618530273,9.050000190734863,8.850000381469727,8.949999809265137,190559,
2023-06-16,8.850000381469727,9.100000381469728,8.850000381469727,8.949999809265137,293294,
2023-06-19,8.800000190734863,9.0,8.75,8.899999618530273,281734,
2023-06-20,8.800000190734863,8.899999618530273,8.699999809265137,8.800000190734863,229186,
2023-06-21,8.699999809265137,8.899999618530273,8.649999618530273,8.850000381469727,351947,
2023-06-22,8.699999809265137,8.800000190734863,8.649999618530273,8.699999809265137,218279,
2023-06-23,8.600000381469727,8.800000190734863,8.550000190734863,8.75,245328,
2023-06-26,8.399999618530273,8.699999809265137,8.350000381469727,8.600000381469727,656994,
2023-06-27,8.649999618530273,8.850000381469727,8.399999618530273,8.449999809265137,218904,
2023-06-28,8.550000190734863,8.75,8.350000381469727,8.75,377620,
2023-06-30,8.449999809265137,8.649999618530273,8.350000381469727,8.550000190734863,465125,
2023-07-03,8.550000190734863,8.600000381469727,8.449999809265137,8.5,258389,
2023-07-04,8.699999809265137,8.899999618530273,8.550000190734863,8.550000190734863,519609,
2023-07-05,8.75,8.850000381469727,8.699999809265137,8.699999809265137,375429,
2023-07-06,8.75,8.850000381469727,8.699999809265137,8.75,230308,
2023-07-07,8.699999809265137,8.800000190734863,8.699999809265137,8.800000190734863,205027,
2023-07-10,8.75,8.949999809265137,8.649999618530273,8.699999809265137,453489,
2023-07-11,8.550000190734863,8.850000381469727,8.550000190734863,8.850000381469727,348219,
2023-07-12,8.75,8.850000381469727,8.449999809265137,8.600000381469727,491242,
2023-07-13,8.649999618530273,8.850000381469727,8.600000381469727,8.800000190734863,296790,
2023-07-14,8.649999618530273,8.800000190734863,8.600000381469727,8.75,254740,
2023-07-17,8.649999618530273,8.899999618530273,8.600000381469727,8.75,350294,
2023-07-18,8.550000190734863,8.75,8.550000190734863,8.75,248275,
2023-07-19,8.550000190734863,8.699999809265137,8.5,8.600000381469727,486501,
2023-07-20,8.600000381469727,8.699999809265137,8.5,8.600000381469727,293766,
2023-07-21,8.550000190734863,8.699999809265137,8.550000190734863,8.649999618530273,168171,
2023-07-24,8.75,8.850000381469727,8.550000190734863,8.649999618530273,543129,
2023-07-25,10.5,10.5,8.850000381469727,8.899999618530273,5579968,
2023-07-26,11.800000190734863,12.5,10.5,10.800000190734863,11669707,
2023-07-27,12.350000381469728,12.899999618530272,12.149999618530272,12.25,5707248,
2023-07-28,12.800000190734863,13.0,12.300000190734863,12.399999618530272,3054504,
2023-07-31,11.949999809265137,12.949999809265137,11.800000190734863,12.949999809265137,3432096,
2023-08-01,11.850000381469728,12.350000381469728,11.600000381469728,11.75,1712403,
2023-08-02,11.25,11.800000190734863,11.25,11.800000190734863,305636,
2023-08-03,10.699999809265137,10.949999809265137,10.699999809265137,10.699999809265137,206726,
2023-08-04,10.75,11.199999809265137,10.199999809265137,10.199999809265137,1531190,
2023-08-07,11.050000190734863,11.100000381469728,10.649999618530272,11.0,1190322,
2023-08-08,11.0,11.25,10.699999809265137,11.149999618530272,869360,
2023-08-09,11.050000190734863,11.199999809265137,10.800000190734863,11.050000190734863,785933,
2023-08-10,11.600000381469728,11.600000381469728,11.149999618530272,11.149999618530272,449319,
2023-08-11,12.149999618530272,12.149999618530272,12.149999618530272,12.149999618530272,386719,
2023-08-14,12.75,12.75,12.5,12.75,2347072,
2023-08-16,13.350000381469728,13.350000381469728,13.350000381469728,13.350000381469728,355330,
2023-08-17,13.600000381469728,13.600000381469728,13.600000381469728,13.600000381469728,1169603,
2023-08-18,13.350000381469728,13.800000190734863,13.350000381469728,13.350000381469728,675245,
2023-08-21,13.100000381469728,13.100000381469728,13.100000381469728,13.100000381469728,496764,
2023-08-22,12.850000381469728,12.850000381469728,12.850000381469728,12.850000381469728,112579,
2023-08-23,12.600000381469728,12.600000381469728,12.600000381469728,12.600000381469728,49756,
2023-08-24,12.350000381469728,12.350000381469728,12.350000381469728,12.350000381469728,110445,
2023-08-25,12.100000381469728,12.100000381469728,12.100000381469728,12.100000381469728,308868,
2023-08-28,11.850000381469728,11.899999618530272,11.850000381469728,11.850000381469728,352197,
2023-08-29,11.649999618530272,11.800000190734863,11.649999618530272,11.649999618530272,503244,
2023-08-30,11.850000381469728,11.850000381469728,11.449999809265137,11.850000381469728,549785,
2023-08-31,11.899999618530272,12.050000190734863,11.899999618530272,11.899999618530272,513880,
2023-09-01,12.0,12.0,11.699999809265137,12.0,524863,
2023-09-04,12.0,12.199999809265137,12.0,12.0,994954,
2023-09-05,12.0,12.199999809265137,11.800000190734863,12.0,539326,
2023-09-06,12.199999809265137,12.199999809265137,12.0,12.199999809265137,1152951,
2023-09-07,12.350000381469728,12.350000381469728,12.300000190734863,12.350000381469728,672855,
2023-09-08,12.25,12.5,12.25,12.25,199605,
2023-09-11,12.100000381469728,12.25,12.100000381469728,12.100000381469728,673579,
2023-09-12,11.899999618530272,12.100000381469728,11.850000381469728,11.899999618530272,481344,
2023-09-13,12.100000381469728,12.100000381469728,11.699999809265137,12.100000381469728,760688,
2023-09-14,12.300000190734863,12.300000190734863,12.0,12.300000190734863,2331369,
2023-09-15,12.5,12.5,12.5,12.5,1203130,
2023-09-18,12.75,12.75,12.5,12.75,1919420,
2023-09-20,13.0,13.0,13.0,13.0,778247,
2023-09-21,13.25,13.25,13.25,13.25,303160,
2023-09-22,13.5,13.5,13.5,13.5,612799,
2023-09-25,14.149999618530272,14.149999618530272,13.600000381469728,14.149999618530272,3006692,
2023-09-26,14.850000381469728,14.850000381469728,14.5,14.850000381469728,11056253,
2023-09-27,15.550000190734863,15.550000190734863,15.550000190734863,15.550000190734863,6256161,
2023-09-28,16.299999237060547,16.299999237060547,16.299999237060547,16.299999237060547,8180621,
2023-09-29,17.100000381469727,17.100000381469727,17.100000381469727,17.100000381469727,579543,
2023-10-03,17.950000762939453,17.950000762939453,17.950000762939453,17.950000762939453,726111,
2023-10-04,18.799999237060547,18.799999237060547,18.799999237060547,18.799999237060547,1155129,
2023-10-05,19.14999961853028,19.14999961853028,19.14999961853028,19.14999961853028,8451346,
2023-10-06,18.799999237060547,19.5,18.799999237060547,18.799999237060547,4138213,
2023-10-09,18.450000762939453,18.450000762939453,18.450000762939453,18.450000762939453,337481,
2023-10-10,18.100000381469727,18.100000381469727,18.100000381469727,18.100000381469727,68873,
2023-10-11,18.0,18.450000762939453,18.0,18.0,6876419,
2023-10-12,18.350000381469727,18.350000381469727,18.0,18.350000381469727,703883,
2023-10-13,18.700000762939453,18.700000762939453,18.700000762939453,18.700000762939453,243849,
2023-10-16,19.049999237060547,19.049999237060547,19.049999237060547,19.049999237060547,241932,
2023-10-17,19.39999961853028,19.39999961853028,19.39999961853028,19.39999961853028,111533,
2023-10-18,19.75,19.75,19.39999961853028,19.75,4058512,
2023-10-19,20.100000381469727,20.100000381469727,20.100000381469727,20.100000381469727,299725,
2023-10-20,20.5,20.5,20.5,20.5,427261,
2023-10-23,20.100000381469727,20.5,20.100000381469727,20.100000381469727,5439663,
2023-10-25,19.700000762939453,19.75,19.700000762939453,19.700000762939453,576695,
2023-10-26,19.299999237060547,19.299999237060547,19.299999237060547,19.299999237060547,1077361,
2023-10-27,18.950000762939453,19.299999237060547,18.950000762939453,18.950000762939453,2857449,
2023-10-30,18.600000381469727,18.600000381469727,18.600000381469727,18.600000381469727,861756,
2023-10-31,18.25,18.25,18.25,18.25,850592,
2023-11-01,17.899999618530273,17.899999618530273,17.899999618530273,17.899999618530273,1034215,
2023-11-02,17.549999237060547,17.549999237060547,17.549999237060547,17.549999237060547,2330691,
2023-11-03,17.5,17.549999237060547,17.350000381469727,17.5,1796989,
2023-11-06,17.850000381469727,17.850000381469727,17.850000381469727,17.850000381469727,1437563,
2023-11-07,17.5,17.5,17.5,17.5,1374870,
2023-11-08,17.25,17.649999618530273,17.25,17.25,1047233,
2023-11-09,17.25,17.25,16.899999618530273,17.25,2021746,
2023-11-10,16.899999618530273,17.25,16.899999618530273,16.899999618530273,412804,
2023-11-13,18.549999237060547,18.549999237060547,18.0,18.549999237060547,3218599,
2023-11-15,19.450000762939453,19.450000762939453,18.850000381469727,19.450000762939453,1403576,
2023-11-16,20.39999961853028,20.39999961853028,20.39999961853028,20.39999961853028,143133,
2023-11-17,21.39999961853028,21.39999961853028,21.39999961853028,21.39999961853028,208428,
2023-11-20,22.450000762939453,22.450000762939453,21.0,22.450000762939453,5515034,
2023-11-21,23.549999237060547,23.549999237060547,22.5,23.0,2602789,
2023-11-22,23.100000381469727,23.100000381469727,23.100000381469727,23.100000381469727,719991,
2023-11-23,22.64999961853028,22.64999961853028,22.64999961853028,22.64999961853028,363584,
2023-11-24,23.100000381469727,23.100000381469727,22.39999961853028,23.100000381469727,2343410,
2023-11-28,22.64999961853028,23.549999237060547,22.64999961853028,22.64999961853028,1662378,
2023-11-29,22.549999237060547,22.64999961853028,22.549999237060547,22.549999237060547,877946,
2023-11-30,22.100000381469727,22.299999237060547,22.100000381469727,22.100000381469727,619525,
2023-12-01,22.5,22.5,21.64999961853028,22.5,1341517,
2023-12-04,22.700000762939453,22.950000762939453,22.450000762939453,22.700000762939453,937279,
2023-12-05,23.14999961853028,23.14999961853028,22.950000762939453,23.14999961853028,1148573,
2023-12-06,23.549999237060547,23.600000381469727,23.549999237060547,23.549999237060547,716975,
2023-12-07,23.100000381469727,23.5,23.100000381469727,23.100000381469727,387179,
2023-12-08,22.64999961853028,22.64999961853028,22.64999961853028,22.64999961853028,121725,
2023-12-11,22.200000762939453,22.200000762939453,22.200000762939453,22.200000762939453,138966,
2023-12-12,22.100000381469727,22.100000381469727,21.75,22.100000381469727,911658,
2023-12-13,22.5,22.5,22.5,22.5,610252,
2023-12-14,22.950000762939453,22.950000762939453,22.5,22.950000762939453,711522,
2023-12-15,23.0,23.39999961853028,23.0,23.0,1082527,
2023-12-18,23.450000762939453,23.450000762939453,23.450000762939453,23.450000762939453,527283,
2023-12-19,23.89999961853028,23.89999961853028,23.200000762939453,23.89999961853028,987631,
2023-12-20,24.200000762939453,24.350000381469727,24.200000762939453,24.200000762939453,1420859,
2023-12-21,24.0,24.0,23.75,24.0,599883,
2023-12-22,24.450000762939453,24.450000762939453,24.450000762939453,24.450000762939453,306562,
2023-12-26,24.89999961853028,24.89999961853028,24.89999961853028,24.89999961853028,121008,
2023-12-27,25.350000381469727,25.350000381469727,25.350000381469727,25.350000381469727,95966,
2023-12-28,24.850000381469727,25.600000381469727,24.850000381469727,24.850000381469727,789582,
2023-12-29,24.350000381469727,24.700000762939453,24.350000381469727,24.350000381469727,525601,
2024-01-01,24.799999237060547,24.799999237060547,24.600000381469727,24.799999237060547,370008,
2024-01-02,24.299999237060547,24.700000762939453,24.299999237060547,24.299999237060547,173549,
2024-01-03,24.299999237060547,24.299999237060547,23.850000381469727,24.299999237060547,386723,
2024-01-04,24.75,24.75,24.5,24.75,607768,
2024-01-05,25.0,25.200000762939453,24.799999237060547,25.0,483591,
2024-01-08,25.0,25.0,24.850000381469727,25.0,834216,
2024-01-09,25.200000762939453,25.450000762939453,25.200000762939453,25.200000762939453,461395,
2024-01-10,25.0,25.200000762939453,24.700000762939453,25.0,184941,
2024-01-11,24.799999237060547,25.350000381469727,24.799999237060547,24.799999237060547,107946,
2024-01-12,24.700000762939453,24.799999237060547,24.600000381469727,24.700000762939453,284326,
2024-01-15,25.14999961853028,25.14999961853028,25.14999961853028,25.14999961853028,812208,
2024-01-16,25.5,25.600000381469727,25.5,25.5,377949,
2024-01-17,25.350000381469727,25.89999961853028,25.200000762939453,25.350000381469727,238728,
2024-01-18,24.850000381469727,25.049999237060547,24.850000381469727,24.850000381469727,348852,
2024-01-19,25.299999237060547,25.299999237060547,25.14999961853028,25.299999237060547,64035,
2024-01-23,27.549999237060547,27.850000381469727,26.799999237060547,27.850000381469727,1396211,
2024-01-24,28.89999961853028,28.89999961853028,26.200000762939453,28.600000381469727,1273969,
2024-01-25,30.049999237060547,30.299999237060547,27.450000762939453,30.299999237060547,1984225,
2024-01-29,31.14999961853028,31.549999237060547,30.049999237060547,30.299999237060547,2061256,
2024-01-30,32.150001525878906,32.70000076293945,30.0,31.39999961853028,2627247,
2024-01-31,32.54999923706055,33.400001525878906,32.0,33.0,1799044,
2024-02-01,31.89999961853028,31.89999961853028,31.89999961853028,31.89999961853028,524657,
2024-02-02,31.299999237060547,31.299999237060547,31.299999237060547,31.299999237060547,597375,
2024-02-05,30.700000762939453,30.700000762939453,30.700000762939453,30.700000762939453,1339573,
2024-02-06,30.100000381469727,30.200000762939453,30.100000381469727,30.100000381469727,1418269,
2024-02-07,29.5,29.5,29.5,29.5,1468275,
2024-02-08,30.049999237060547,30.049999237060547,29.700000762939453,30.049999237060547,631306,
2024-02-09,29.5,29.75,29.450000762939453,29.5,490910,
2024-02-12,28.950000762939453,29.0,28.950000762939453,28.950000762939453,305077,
2024-02-13,28.39999961853028,28.39999961853028,28.39999961853028,28.39999961853028,424469,
2024-02-14,28.950000762939453,28.950000762939453,28.25,28.950000762939453,560853,
2024-02-15,29.5,29.5,29.5,29.5,459153,
2024-02-16,30.049999237060547,30.049999237060547,30.049999237060547,30.049999237060547,185726,
2024-02-19,30.64999961853028,30.64999961853028,30.64999961853028,30.64999961853028,209832,
2024-02-20,31.25,31.25,31.200000762939453,31.25,643700,
2024-02-21,30.64999961853028,31.75,30.64999961853028,30.64999961853028,198246,
2024-02-22,30.700000762939453,31.25,30.25,30.700000762939453,219473,
2024-02-23,31.0,31.0,30.5,31.0,197266,
2024-02-26,31.600000381469727,31.600000381469727,31.600000381469727,31.600000381469727,433312,
2024-02-27,32.20000076293945,32.20000076293945,32.20000076293945,32.20000076293945,391463,
2024-02-28,31.549999237060547,32.79999923706055,31.549999237060547,31.549999237060547,1649539,
2024-02-29,30.950000762939453,30.950000762939453,30.950000762939453,30.950000762939453,405432,
2024-03-01,31.549999237060547,31.549999237060547,30.799999237060547,31.549999237060547,251633,
2024-03-04,31.5,31.89999961853028,31.5,31.5,252360,
2024-03-05,31.950000762939453,32.099998474121094,31.0,31.950000762939453,387590,
2024-03-06,31.350000381469727,31.39999961853028,31.350000381469727,31.350000381469727,165449,
2024-03-07,31.5,31.5,30.75,31.5,351648,
2024-03-11,29.950000762939453,32.79999923706055,29.950000762939453,32.5,334043,
2024-03-12,28.450000762939453,28.5,28.450000762939453,28.5,65778,
2024-03-13,27.049999237060547,27.049999237060547,27.049999237060547,27.049999237060547,81143,
2024-03-14,25.700000762939453,25.700000762939453,25.700000762939453,25.700000762939453,125212,
2024-03-15,24.450000762939453,24.450000762939453,24.450000762939453,24.450000762939453,100358,
2024-03-18,25.64999961853028,25.64999961853028,23.25,23.25,869939,
2024-03-19,24.5,26.850000381469727,24.39999961853028,25.64999961853028,1168127,
2024-03-20,23.299999237060547,24.600000381469727,23.299999237060547,24.600000381469727,997129,
2024-03-21,23.5,24.299999237060547,22.850000381469727,22.850000381469727,729313,
2024-03-22,24.64999961853028,24.64999961853028,23.549999237060547,24.0,558794,
2024-03-26,27.100000381469727,27.100000381469727,26.14999961853028,26.600000381469727,156096,
2024-03-27,29.799999237060547,29.799999237060547,27.799999237060547,29.799999237060547,1202941,
2024-03-28,30.600000381469727,32.20000076293945,27.549999237060547,27.799999237060547,2759188,
2024-04-01,31.200000762939453,32.5,30.200000762939453,31.89999961853028,1422835,
2024-04-02,29.89999961853028,31.5,29.64999961853028,31.299999237060547,578331,
2024-04-03,29.64999961853028,31.0,29.0,29.049999237060547,488722,
2024-04-04,30.100000381469727,30.700000762939453,29.700000762939453,30.700000762939453,230268,
2024-04-05,29.700000762939453,30.600000381469727,29.5,30.0,569834,
2024-04-08,29.14999961853028,30.700000762939453,29.0,30.700000762939453,386653,
2024-04-09,29.5,29.950000762939453,28.299999237060547,29.850000381469727,565201,
2024-04-10,28.950000762939453,30.0,28.700000762939453,29.5,426116,
2024-04-12,28.5,29.5,28.049999237060547,28.950000762939453,743726,
2024-04-15,27.14999961853028,28.600000381469727,27.100000381469727,28.5,737992,
2024-04-16,27.5,28.200000762939453,26.850000381469727,26.850000381469727,395357,
2024-04-18,27.64999961853028,28.600000381469727,27.100000381469727,27.5,335680,
2024-04-19,27.049999237060547,27.5,26.5,27.0,279431,
2024-04-22,27.25,28.0,27.0,27.049999237060547,223086,
2024-04-23,27.39999961853028,28.200000762939453,27.0,27.799999237060547,373490,
2024-04-24,27.450000762939453,28.5,26.200000762939453,27.5,703937,
2024-04-25,27.549999237060547,28.350000381469727,27.39999961853028,28.14999961853028,606672,
2024-04-26,27.39999961853028,27.700000762939453,27.0,27.0,484186,
2024-04-29,27.950000762939453,28.75,27.700000762939453,28.350000381469727,925646,
2024-04-30,27.39999961853028,28.549999237060547,27.25,28.100000381469727,486804,
2024-05-02,27.64999961853028,27.89999961853028,27.299999237060547,27.5,307625,
2024-05-03,27.049999237060547,28.200000762939453,27.0,28.0,341776,
2024-05-06,25.75,27.14999961853028,25.700000762939453,26.799999237060547,906254,
2024-05-07,24.5,25.700000762939453,24.5,25.200000762939453,1016753,
2024-05-08,25.700000762939453,25.700000762939453,24.200000762939453,24.600000381469727,720754,
2024-05-09,24.850000381469727,26.950000762939453,24.450000762939453,26.600000381469727,1013227,
2024-05-10,25.350000381469727,25.799999237060547,24.64999961853028,24.89999961853028,460475,
2024-05-13,25.39999961853028,25.600000381469727,24.14999961853028,25.0,377918,
2024-05-14,25.75,26.049999237060547,25.350000381469727,25.5,260662,
2024-05-15,25.200000762939453,26.200000762939453,25.0,25.950000762939453,362688,
2024-05-16,25.299999237060547,25.950000762939453,24.950000762939453,25.5,357841,
2024-05-17,25.799999237060547,26.39999961853028,25.549999237060547,25.89999961853028,307039,
2024-05-21,27.100000381469727,27.75,25.549999237060547,26.450000762939453,821383,
2024-05-22,26.850000381469727,27.549999237060547,26.25,26.850000381469727,623808,
2024-05-23,27.299999237060547,27.799999237060547,26.5,26.850000381469727,789834,
2024-05-24,27.25,27.799999237060547,27.0,27.700000762939453,414825,
2024-05-27,26.549999237060547,27.5,26.299999237060547,27.5,322579,
2024-05-28,26.14999961853028,27.0,26.0,26.600000381469727,402736,
2024-05-29,25.5,26.200000762939453,25.14999961853028,26.100000381469727,248699,
2024-05-30,24.25,25.75,24.25,25.600000381469727,702326,
2024-05-31,24.549999237060547,25.450000762939453,23.25,24.549999237060547,729472,
2024-06-03,24.799999237060547,25.5,24.5,25.5,502912,
2024-06-04,23.600000381469727,24.850000381469727,23.600000381469727,24.799999237060547,654639,
2024-06-05,23.950000762939453,24.200000762939453,22.450000762939453,23.89999961853028,1383195,
2024-06-06,24.100000381469727,25.0,23.450000762939453,23.950000762939453,780981,
2024-06-07,24.450000762939453,24.89999961853028,23.799999237060547,23.89999961853028,276326,
2024-06-10,24.89999961853028,25.239999771118164,24.450000762939453,24.450000762939453,350369,
2024-06-11,25.280000686645508,25.75,25.0,25.75,336259,
2024-06-12,26.459999084472656,26.540000915527344,25.32999992370605,25.32999992370605,1674501,
2024-06-13,27.01000022888184,27.239999771118164,25.8700008392334,26.64999961853028,787842,
2024-06-14,27.34000015258789,28.299999237060547,27.200000762939453,27.8799991607666,1021372,
2024-06-18,26.63999938964844,27.5,26.5,27.450000762939453,477579,
2024-06-19,26.049999237060547,27.0,25.89999961853028,27.0,366773,
2024-06-20,26.96999931335449,27.200000762939453,26.350000381469727,26.5,481634,
2024-06-21,26.32999992370605,27.979999542236328,26.200000762939453,26.96999931335449,605828,
2024-06-24,26.040000915527344,27.3799991607666,25.89999961853028,26.32999992370605,560123,
2024-06-25,26.440000534057617,26.93000030517578,26.200000762939453,26.200000762939453,416890,
2024-06-26,26.65999984741211,26.950000762939453,26.239999771118164,26.799999237060547,754672,
2024-06-27,25.64999961853028,27.38999938964844,25.530000686645508,27.100000381469727,695688,
2024-06-28,25.8799991607666,26.38999938964844,25.700000762939453,26.280000686645508,301931,
2024-07-01,25.71999931335449,26.799999237060547,25.100000381469727,26.799999237060547,729075,
2024-07-02,27.0,27.0,25.799999237060547,25.799999237060547,1636273,
2024-07-03,27.670000076293945,28.350000381469727,26.940000534057617,28.0,1565036,
2024-07-04,27.71999931335449,28.100000381469727,27.13999938964844,27.959999084472656,575317,
2024-07-05,28.89999961853028,29.100000381469727,27.489999771118164,28.0,1630287,
2024-07-08,27.989999771118164,29.549999237060547,27.68000030517578,29.450000762939453,1034514,
2024-07-09,27.280000686645508,28.200000762939453,27.01000022888184,28.100000381469727,456897,
2024-07-10,27.799999237060547,28.63999938964844,27.479999542236328,27.780000686645508,1313284,
2024-07-11,28.489999771118164,28.64999961853028,27.81999969482422,27.81999969482422,559380,
2024-07-12,27.64999961853028,28.850000381469727,27.299999237060547,28.850000381469727,522913,
2024-07-15,27.5,28.0,27.0,28.0,330124,
2024-07-16,27.63999938964844,28.100000381469727,27.5,27.700000762939453,261079,
2024-07-18,27.030000686645508,27.690000534057617,26.670000076293945,27.14999961853028,365425,
2024-07-19,26.81999969482422,28.0,26.01000022888184,27.030000686645508,648453,
2024-07-22,26.64999961853028,27.89999961853028,26.25,27.25,645528,
2024-07-23,26.350000381469727,26.89999961853028,25.420000076293945,26.850000381469727,301899,
2024-07-24,26.200000762939453,26.989999771118164,26.0,26.350000381469727,422266,
2024-07-25,26.32999992370605,26.670000076293945,25.90999984741211,26.190000534057617,251632,
2024-07-26,27.63999938964844,27.63999938964844,26.479999542236328,26.479999542236328,1302476,
2024-07-29,29.020000457763672,29.020000457763672,28.43000030517578,28.450000762939453,943774,
2024-07-30,30.46999931335449,30.46999931335449,30.46999931335449,30.46999931335449,568832,
2024-07-31,31.989999771118164,31.989999771118164,31.989999771118164,31.989999771118164,314678,
2024-08-01,33.58000183105469,33.58000183105469,32.61000061035156,33.58000183105469,5549813,
2024-08-02,35.189998626708984,35.25,32.27000045776367,33.45000076293945,10513507,
2024-08-05,35.630001068115234,36.900001525878906,33.43000030517578,36.45000076293945,4862547,
2024-08-06,34.720001220703125,37.29999923706055,33.90999984741211,37.29999923706055,2677732,
2024-08-07,35.380001068115234,36.45000076293945,34.5,35.0,1269662,
2024-08-08,35.209999084472656,36.18999862670898,35.04999923706055,35.099998474121094,924641,
2024-08-09,34.63999938964844,35.66999816894531,34.0,35.209999084472656,963919,
2024-08-12,34.66999816894531,36.0,34.0,35.04999923706055,930938,
2024-08-13,32.939998626708984,35.470001220703125,32.93000030517578,35.470001220703125,862213,
2024-08-14,32.599998474121094,33.79999923706055,31.600000381469727,33.79999923706055,863469,
2024-08-16,33.7599983215332,33.9900016784668,32.599998474121094,33.9900016784668,903410,
2024-08-19,35.439998626708984,35.439998626708984,34.209999084472656,34.38999938964844,441038,
2024-08-20,37.209999084472656,37.209999084472656,37.209999084472656,37.209999084472656,482584,
2024-08-21,39.06999969482422,39.06999969482422,39.06999969482422,39.06999969482422,651019,
2024-08-22,41.02000045776367,41.02000045776367,41.02000045776367,41.02000045776367,667564,
2024-08-23,43.02000045776367,43.06999969482422,40.15999984741211,43.06999969482422,11548878,
2024-08-26,43.02999877929688,45.16999816894531,41.29999923706055,45.16999816894531,8085703,
2024-08-27,43.31999969482422,44.95000076293945,41.79999923706055,43.0,2614029,
2024-08-28,42.2400016784668,44.5,42.0,44.5,1471085,
2024-08-29,40.119998931884766,42.560001373291016,40.119998931884766,42.11000061035156,1418458,
2024-08-30,40.56999969482422,41.79999923706055,38.11000061035156,39.0,2835845,
2024-09-02,41.119998931884766,42.29999923706055,39.619998931884766,42.0,1819562,
2024-09-03,40.70000076293945,41.79999923706055,40.18999862670898,41.119998931884766,874000,
2024-09-04,40.65999984741211,40.900001525878906,39.5,40.0,734635,
2024-09-05,42.68999862670898,42.68999862670898,40.83000183105469,41.09999847412109,2367089,
2024-09-06,44.790000915527344,44.81999969482422,43.619998931884766,44.81999969482422,5313312,
2024-09-09,47.02000045776367,47.02000045776367,45.79999923706055,47.02000045776367,4187902,
2024-09-10,46.88999938964844,48.93999862670898,46.41999816894531,48.880001068115234,4186684,
2024-09-11,44.72999954223633,48.29999923706055,44.540000915527344,48.0,3381873,
2024-09-12,44.79999923706055,46.20000076293945,43.95000076293945,45.79999923706055,2452181,
2024-09-13,47.040000915527344,47.040000915527344,45.09000015258789,45.4900016784668,2930857,
2024-09-16,49.38999938964844,49.38999938964844,49.38999938964844,49.38999938964844,1226480,
2024-09-17,51.84999847412109,51.84999847412109,51.84999847412109,51.84999847412109,391051,
2024-09-18,54.43999862670898,54.43999862670898,54.43999862670898,54.43999862670898,399617,
2024-09-19,55.20000076293945,57.15999984741211,52.54999923706055,55.900001525878906,12573547,
2024-09-20,55.75,57.79999923706055,55.0,57.79999923706055,3405288,
2024-09-23,58.52999877929688,58.52999877929688,53.119998931884766,56.0,3694546,
2024-09-24,61.45000076293945,61.45000076293945,60.0,61.29999923706055,3697133,
2024-09-25,63.18999862670898,64.5199966430664,59.09999847412109,62.0,4067752,
2024-09-26,60.02999877929688,63.0,60.02999877929688,63.0,1807349,
2024-09-27,57.02000045776367,59.20000076293945,57.02000045776367,57.54999923706055,1770067,
2024-09-30,54.15999984741211,56.5,54.15999984741211,55.0,1624509,
2024-10-01,56.84000015258789,56.86000061035156,51.5,51.5,1941014,
2024-10-03,55.220001220703125,59.54999923706055,54.5,55.0,1809675,
2024-10-04,54.18999862670898,56.79999923706055,53.119998931884766,55.45000076293945,817183,
2024-10-07,51.47999954223633,55.25,51.47999954223633,54.11000061035156,500359,
2024-10-08,53.77999877929688,54.04999923706055,48.900001525878906,48.93000030517578,1267166,
2024-10-09,53.869998931884766,55.79999923706055,53.0,55.79999923706055,599313,
2024-10-10,54.09999847412109,55.93999862670898,52.060001373291016,54.900001525878906,473780,
2024-10-11,54.119998931884766,55.0,53.54999923706055,53.54999923706055,353433,
2024-10-14,52.709999084472656,55.34999847412109,51.59999847412109,54.11000061035156,447252,
2024-10-15,51.31999969482422,53.400001525878906,50.400001525878906,52.09999847412109,479823,
2024-10-16,50.52999877929688,52.20000076293945,49.09999847412109,50.9900016784668,658805,
2024-10-17,50.31999969482422,52.0,49.25,50.52999877929688,381366,
2024-10-18,49.290000915527344,50.900001525878906,47.79999923706055,50.900001525878906,1041800,
2024-10-21,46.83000183105469,51.45000076293945,46.81999969482422,48.900001525878906,838344,
2024-10-22,44.47999954223633,46.83000183105469,44.47999954223633,46.83000183105469,854099,
2024-10-23,44.970001220703125,45.5,42.25,42.36000061035156,1132815,
2024-10-24,43.08000183105469,44.970001220703125,42.720001220703125,44.79999923706055,463979,
2024-10-25,40.91999816894531,43.75,40.91999816894531,43.290000915527344,498561,
2024-10-28,41.869998931884766,42.95000076293945,38.869998931884766,41.0,1720335,
2024-10-29,40.0099983215332,41.79999923706055,39.77000045776367,41.79999923706055,730055,
2024-10-30,42.0099983215332,42.0099983215332,39.0,39.79999923706055,678722,
2024-10-31,43.13999938964844,44.11000061035156,41.0,42.29999923706055,538843,
2024-11-01,45.290000915527344,45.290000915527344,43.20000076293945,44.0,350898,
2024-11-04,47.54999923706055,47.54999923706055,45.45000076293945,46.900001525878906,758548,
2024-11-05,48.2400016784668,49.619998931884766,46.15999984741211,48.81999969482422,609206,
2024-11-06,48.34000015258789,49.400001525878906,47.29999923706055,48.25,386328,
2024-11-07,46.34000015258789,48.34000015258789,46.0,48.34000015258789,405819,
2024-11-08,45.119998931884766,47.459999084472656,44.91999816894531,46.5,406361,
2024-11-11,43.22999954223633,47.0,42.86000061035156,45.04999923706055,446299,
2024-11-12,42.290000915527344,44.5,41.900001525878906,43.70000076293945,395227,
2024-11-13,40.33000183105469,43.43999862670898,40.20000076293945,42.9900016784668,448118,
2024-11-14,40.060001373291016,42.34000015258789,38.45000076293945,39.75,444290,
2024-11-18,41.88999938964844,42.060001373291016,38.5099983215332,38.5099983215332,679307,
2024-11-19,41.52000045776367,43.5,40.7400016784668,42.59000015258789,374495,
2024-11-21,40.56999969482422,42.41999816894531,40.20000076293945,41.52999877929688,517976,
2024-11-22,42.02999877929688,42.5,40.02000045776367,41.0,375856,
2024-11-25,42.52999877929688,44.0,42.20000076293945,42.93999862670898,376835,
2024-11-26,43.20000076293945,44.59999847412109,42.720001220703125,42.720001220703125,486971,
2024-11-27,44.7599983215332,45.0,43.0,43.400001525878906,420139,
2024-11-28,45.43000030517578,46.5,44.09999847412109,44.810001373291016,492643,
2024-11-29,45.38999938964844,46.34000015258789,44.130001068115234,46.34000015258789,222048,
2024-12-02,45.150001525878906,46.29999923706055,43.75,44.650001525878906,334478,
2024-12-03,45.38999938964844,45.900001525878906,44.560001373291016,45.20000076293945,184247,
2024-12-04,46.11000061035156,46.70000076293945,44.25,45.900001525878906,706845,
2024-12-05,46.02999877929688,47.43999862670898,45.09999847412109,46.150001525878906,322748,
2024-12-06,46.11000061035156,46.880001068115234,45.09999847412109,46.25,727766,
2024-12-09,46.13999938964844,47.5,45.0099983215332,45.0099983215332,335795,
2024-12-10,46.63999938964844,47.43999862670898,46.0,47.400001525878906,264199,
2024-12-11,45.59999847412109,47.790000915527344,44.900001525878906,47.790000915527344,643425,
2024-12-12,44.59999847412109,46.18999862670898,44.29999923706055,45.59000015258789,426581,
2024-12-13,46.83000183105469,46.83000183105469,43.5,43.79999923706055,682828,
2024-12-16,46.959999084472656,47.95000076293945,46.09999847412109,46.83000183105469,333272,
2024-12-17,47.060001373291016,48.0,46.04999923706055,47.59999847412109,366340,
2024-12-18,46.290000915527344,47.900001525878906,46.04999923706055,46.54999923706055,205767,
2024-12-19,46.08000183105469,46.5,45.5099983215332,45.5099983215332,383469,
2024-12-20,46.2400016784668,47.869998931884766,45.79999923706055,46.470001220703125,1161820,
2024-12-23,45.43000030517578,47.0099983215332,45.0,47.0099983215332,321816,
2024-12-24,45.08000183105469,46.0,44.0,44.0,251373,
2024-12-26,45.040000915527344,45.91999816894531,44.5099983215332,44.5099983215332,150225,
2024-12-27,44.65999984741211,45.5099983215332,44.36000061035156,44.5099983215332,167347,
2024-12-30,45.130001068115234,46.88999938964844,45.0,46.400001525878906,652672,
2024-12-31,45.02999877929688,46.0099983215332,44.5,45.79999923706055,475919,
2025-01-01,45.2400016784668,45.59999847412109,44.68000030517578,45.5099983215332,274728,
2025-01-02,44.45000076293945,46.29999923706055,43.95000076293945,45.31999969482422,520174,
2025-01-03,44.209999084472656,44.83000183105469,43.810001373291016,44.54999923706055,208063,
2025-01-06,41.9900016784668,44.81999969482422,41.9900016784668,44.20000076293945,389896,
2025-01-07,40.81999969482422,43.0,39.88999938964844,41.9900016784668,1132637,
2025-01-08,40.83000183105469,41.650001525878906,40.09999847412109,40.900001525878906,517002,
2025-01-09,39.560001373291016,41.41999816894531,39.25,40.84000015258789,412905,
2025-01-10,37.77000045776367,39.9900016784668,37.58000183105469,39.560001373291016,935951,
2025-01-13,35.900001525878906,37.86000061035156,35.880001068115234,36.209999084472656,1279005,
2025-01-14,37.68999862670898,37.68999862670898,36.380001068115234,36.38999938964844,212486,
2025-01-15,39.56999969482422,39.56999969482422,38.290000915527344,39.470001220703125,488174,
2025-01-16,38.70000076293945,40.95000076293945,38.38999938964844,40.2599983215332,433002,
2025-01-17,38.06999969482422,39.650001525878906,37.75,38.400001525878906,509664,
2025-01-20,37.93999862670898,38.900001525878906,37.470001220703125,38.06999969482422,441509,
2025-01-21,36.77999877929688,38.66999816894531,36.25,37.970001220703125,420657,
2025-01-22,35.619998931884766,36.77999877929688,35.060001373291016,36.77999877929688,482884,
2025-01-23,35.20000076293945,36.34999847412109,35.04999923706055,35.04999923706055,344535,
2025-01-24,33.880001068115234,35.790000915527344,33.75,35.400001525878906,464938,
2025-01-27,33.290000915527344,34.0,32.5,34.0,612852,
2025-01-28,32.15999984741211,34.95000076293945,31.64999961853028,34.95000076293945,355317,
2025-01-29,33.7599983215332,33.7599983215332,32.5099983215332,32.79999923706055,173530,
2025-01-30,35.439998626708984,35.439998626708984,33.7599983215332,33.7599983215332,144509,
2025-01-31,35.310001373291016,36.61000061035156,34.66999816894531,35.5,342397,
2025-02-01,35.209999084472656,36.7400016784668,34.790000915527344,35.310001373291016,461149,
2025-02-03,33.54999923706055,34.5,33.5,34.5,260197,
2025-02-04,34.33000183105469,34.5099983215332,33.61000061035156,33.9900016784668,205163,
2025-02-05,34.11000061035156,35.08000183105469,33.5,34.400001525878906,398972,
2025-02-06,34.34000015258789,35.16999816894531,33.599998474121094,33.97999954223633,227968,
2025-02-07,34.41999816894531,35.0,33.849998474121094,34.400001525878906,204194,
2025-02-10,33.25,34.2400016784668,33.11000061035156,34.0,159010,
2025-02-11,31.57999992370605,33.2400016784668,31.57999992370605,32.5,232679,
2025-02-12,30.61000061035156,31.32999992370605,30.0,31.299999237060547,464613,
2025-02-13,30.020000457763672,31.530000686645508,29.600000381469727,31.530000686645508,449497,
2025-02-14,28.51000022888184,31.309999465942383,28.51000022888184,31.309999465942383,247764,
2025-02-17,27.07999992370605,28.59000015258789,27.07999992370605,28.479999542236328,714097,
2025-02-18,25.790000915527344,27.38999938964844,25.71999931335449,26.950000762939453,666699,
2025-02-19,26.96999931335449,27.06999969482422,25.739999771118164,26.0,502315,
2025-02-20,27.15999984741211,28.309999465942383,26.15999984741211,27.200000762939453,688811,
2025-02-21,27.049999237060547,27.88999938964844,26.90999984741211,27.299999237060547,391009,
2025-02-24,26.0,26.89999961853028,25.700000762939453,26.209999084472656,404830,
2025-02-25,25.40999984741211,26.32999992370605,25.25,25.71999931335449,458762,
2025-02-27,24.600000381469727,25.489999771118164,24.299999237060547,25.489999771118164,420560,
2025-02-28,23.549999237060547,24.8700008392334,23.3700008392334,24.8700008392334,661092,
2025-03-03,22.479999542236328,24.25,22.3700008392334,24.25,668316,
2025-03-04,23.600000381469727,23.600000381469727,21.600000381469727,21.600000381469727,1695456,
2025-03-05,24.780000686645508,24.780000686645508,23.57999992370605,23.59000015258789,1971092,
2025-03-06,26.01000022888184,26.01000022888184,25.690000534057617,25.799999237060547,234226,
2025-03-07,27.309999465942383,27.309999465942383,26.11000061035156,26.11000061035156,290186,
2025-03-10,27.84000015258789,28.670000076293945,26.5,28.670000076293945,1093930,
2025-03-11,28.459999084472656,28.88999938964844,26.700000762939453,27.100000381469727,815421,
2025-03-12,27.71999931335449,29.700000762939453,27.5,28.6200008392334,620875,
2025-03-13,27.61000061035156,28.06999969482422,27.299999237060547,27.71999931335449,664218,
2025-03-17,27.25,28.780000686645508,27.0,27.71999931335449,425480,
2025-03-18,27.25,27.25,27.25,27.25,0,
2025-03-19,28.11000061035156,28.489999771118164,27.459999084472656,27.850000381469727,1425824,
2025-03-20,27.780000686645508,28.5,27.5,28.15999984741211,937563,
2025-03-21,26.57999992370605,28.38999938964844,26.40999984741211,28.38999938964844,1544160,
2025-03-24,26.63999938964844,27.549999237060547,26.5,26.600000381469727,1203932,
2025-03-25,26.200000762939453,27.290000915527344,26.0,26.89999961853028,770380,
2025-03-26,25.18000030517578,26.549999237060547,25.01000022888184,26.0,852241,
2025-03-27,26.209999084472656,26.43000030517578,24.26000022888184,25.049999237060547,1697637,
2025-03-28,27.309999465942383,27.520000457763672,25.0,27.200000762939453,1885848,
2025-04-01,28.18000030517578,28.670000076293945,26.61000061035156,27.38999938964844,789046,
2025-04-02,28.780000686645508,29.0,27.46999931335449,28.39999961853028,333613,
2025-04-03,29.38999938964844,29.88999938964844,28.540000915527344,28.700000762939453,744704,
2025-04-04,28.299999237060547,29.5,27.920000076293945,29.489999771118164,630335,
2025-04-07,26.8799991607666,26.8799991607666,26.8799991607666,26.8799991607666,146243,
2025-04-08,26.540000915527344,27.280000686645508,26.299999237060547,26.299999237060547,457123,
2025-04-09,26.21999931335449,26.440000534057617,25.850000381469727,25.950000762939453,214942,
2025-04-11,27.36000061035156,27.459999084472656,26.57999992370605,27.200000762939453,273671,
2025-04-15,28.709999084472656,28.71999931335449,27.81999969482422,28.450000762939453,666263,
2025-04-16,28.479999542236328,30.13999938964844,28.049999237060547,29.200000762939453,1587236,
2025-04-17,28.209999084472656,28.520000457763672,27.799999237060547,28.39999961853028,1068730,
2025-04-21,28.89999961853028,29.6200008392334,27.86000061035156,28.059999465942383,666270,
2025-04-22,28.729999542236328,29.8799991607666,28.5,29.350000381469727,447429,
2025-04-23,28.540000915527344,29.39999961853028,28.15999984741211,29.39999961853028,340328,
2025-04-24,28.86000061035156,29.440000534057617,28.3799991607666,28.39999961853028,244020,
2025-04-25,27.520000457763672,29.290000915527344,27.450000762939453,29.0,439796,
2025-04-28,27.670000076293945,27.89999961853028,27.100000381469727,27.100000381469727,317101,
2025-04-29,27.31999969482422,28.020000457763672,27.200000762939453,27.86000061035156,192145,
2025-04-30,27.14999961853028,27.6299991607666,27.0,27.0,164607,
2025-05-02,26.700000762939453,27.61000061035156,26.61000061035156,27.61000061035156,234219,
2025-05-05,26.780000686645508,27.39999961853028,26.5,27.39999961853028,175262,
2025-05-06,25.530000686645508,26.989999771118164,25.450000762939453,26.780000686645508,331852,
2025-05-07,25.950000762939453,26.489999771118164,25.100000381469727,25.38999938964844,203560,
2025-05-08,24.76000022888184,26.459999084472656,24.64999961853028,25.950000762939453,329053,
2025-05-09,24.34000015258789,24.600000381469727,23.709999084472656,24.5,291355,
2025-05-12,25.549999237060547,25.549999237060547,24.89999961853028,24.89999961853028,169970,
2025-05-13,26.739999771118164,26.81999969482422,26.200000762939453,26.61000061035156,410468,
2025-05-14,27.239999771118164,27.770000457763672,26.790000915527344,27.770000457763672,228921,
2025-05-15,27.020000457763672,27.850000381469727,26.5,27.850000381469727,303293,
2025-05-16,28.229999542236328,28.350000381469727,26.809999465942383,27.0,458444,
2025-05-19,28.15999984741211,28.729999542236328,27.75,28.350000381469727,349327,
2025-05-20,27.59000015258789,28.690000534057617,27.229999542236328,28.3799991607666,186805,
2025-05-21,26.81999969482422,27.57999992370605,26.5,27.40999984741211,298801,
2025-05-22,26.90999984741211,27.11000061035156,26.549999237060547,27.100000381469727,171640,
2025-05-23,27.059999465942383,27.290000915527344,26.71999931335449,27.290000915527344,107055,
2025-05-26,26.8700008392334,28.190000534057617,26.709999084472656,28.190000534057617,203922,
2025-05-27,27.170000076293945,27.43000030517578,26.71999931335449,27.38999938964844,142026,
2025-05-28,28.239999771118164,28.38999938964844,27.1200008392334,27.5,469483,
2025-05-29,28.40999984741211,29.049999237060547,28.200000762939453,28.5,399240,
2025-05-30,27.950000762939453,28.799999237060547,27.51000022888184,28.799999237060547,276454,
2025-06-02,27.239999771118164,28.309999465942383,27.0,27.299999237060547,321883,
2025-06-03,27.1299991607666,27.68000030517578,27.01000022888184,27.01000022888184,171164,
2025-06-04,26.530000686645508,27.290000915527344,26.450000762939453,27.14999961853028,418158,
2025-06-05,26.540000915527344,26.89999961853028,26.15999984741211,26.89999961853028,377891,
2025-06-06,26.420000076293945,27.0,26.15999984741211,26.89999961853028,223956,
2025-06-09,27.59000015258789,28.15999984741211,26.56999969482422,26.57999992370605,444165,
2025-06-10,27.700000762939453,28.040000915527344,27.21999931335449,27.84000015258789,292005,
2025-06-11,29.239999771118164,29.770000457763672,27.68000030517578,27.850000381469727,1273132,
2025-06-12,28.270000457763672,29.89999961853028,28.01000022888184,29.75,738485,
2025-06-13,28.020000457763672,28.38999938964844,27.350000381469727,27.799999237060547,240668,
2025-06-16,28.59000015258789,28.88999938964844,27.780000686645508,28.5,372178,
2025-06-17,28.170000076293945,29.64999961853028,27.89999961853028,28.82999992370605,522732,
2025-06-18,28.09000015258789,28.89999961853028,27.200000762939453,27.75,354583,
2025-06-19,27.309999465942383,28.270000457763672,27.200000762939453,27.799999237060547,311367,
2025-06-20,27.059999465942383,27.63999938964844,26.86000061035156,27.239999771118164,208564,
2025-06-23,26.82999992370605,27.100000381469727,26.549999237060547,26.780000686645508,182378,
2025-06-24,26.8700008392334,27.290000915527344,26.700000762939453,27.049999237060547,342660,
2025-06-25,27.959999084472656,28.6200008392334,26.989999771118164,26.989999771118164,578349,
2025-06-26,27.46999931335449,28.200000762939453,27.3700008392334,28.200000762939453,677118,
2025-06-27,27.450000762939453,27.88999938964844,26.25,27.68000030517578,380395,
2025-06-30,27.1299991607666,28.25,26.959999084472656,27.84000015258789,744414,
2025-07-01,26.84000015258789,27.63999938964844,26.75,27.63999938964844,600867,
2025-07-02,26.96999931335449,27.200000762939453,26.40999984741211,26.75,336761,
2025-07-03,27.280000686645508,27.89999961853028,26.8700008392334,27.299999237060547,583359,
2025-07-04,27.14999961853028,27.64999961853028,26.920000076293945,27.64999961853028,235823,
2025-07-07,27.479999542236328,28.200000762939453,26.63999938964844,26.63999938964844,325471,
2025-07-08,30.21999931335449,30.21999931335449,27.11000061035156,27.84000015258789,4378852,
2025-07-09,32.09000015258789,32.9900016784668,31.209999084472656,31.450000762939453,5151365,
2025-07-10,32.2599983215332,32.619998931884766,31.51000022888184,32.0,1559484,
2025-07-11,31.350000381469727,32.25,30.780000686645508,32.25,1179958,
2025-07-14,32.7599983215332,32.849998474121094,30.479999542236328,31.600000381469727,1955613,
2025-07-15,33.209999084472656,34.0,32.56999969482422,32.880001068115234,1753761,
2025-07-16,33.61000061035156,34.4900016784668,32.91999816894531,33.209999084472656,1667345,
2025-07-17,32.47999954223633,34.040000915527344,32.279998779296875,33.61000061035156,630343,
2025-07-18,32.72999954223633,33.0,31.739999771118164,32.40999984741211,523222,
2025-07-21,33.09000015258789,33.900001525878906,32.52000045776367,32.849998474121094,897608,
2025-07-22,32.439998626708984,33.25,32.0,32.599998474121094,360923,
2025-07-23,33.720001220703125,33.900001525878906,31.989999771118164,32.459999084472656,1279419,
2025-07-24,32.810001373291016,34.400001525878906,32.63999938964844,33.95000076293945,673214,
2025-07-25,31.68000030517578,33.09000015258789,31.5,32.90999984741211,554469,
2025-07-28,31.809999465942383,32.599998474121094,31.299999237060547,32.0,317774,
2025-07-29,31.459999084472656,32.099998474121094,30.670000076293945,31.39999961853028,609580,
2025-07-30,31.39999961853028,31.670000076293945,30.51000022888184,31.39999961853028,456884,
2025-07-31,34.540000915527344,34.540000915527344,31.600000381469727,31.600000381469727,3777650,
2025-08-01,33.709999084472656,36.400001525878906,32.56999969482422,35.38999938964844,5849295,
2025-08-04,33.099998474121094,33.7400016784668,32.79999923706055,33.099998474121094,605191,
2025-08-05,30.559999465942383,33.5,29.86000061035156,33.22999954223633,1779342,
2025-08-06,31.57999992370605,32.56999969482422,31.25,31.25,1410584,
2025-08-07,31.809999465942383,32.5,31.13999938964844,31.39999961853028,761646,
2025-08-08,31.479999542236328,32.0,31.100000381469727,31.89999961853028,220875,
2025-08-11,30.90999984741211,31.89999961853028,30.459999084472656,31.600000381469727,292415,
2025-08-12,30.90999984741211,31.59000015258789,30.38999938964844,31.100000381469727,349590,
2025-08-13,32.61000061035156,33.0,30.82999992370605,31.0,965332,
2025-08-14,32.279998779296875,33.41999816894531,32.02000045776367,32.560001373291016,465812,
2025-08-18,31.950000762939453,33.400001525878906,31.540000915527344,33.08000183105469,322345,
2025-08-19,32.040000915527344,33.0,31.520000457763672,31.950000762939453,720747,
2025-08-20,32.209999084472656,32.900001525878906,31.979999542236328,32.900001525878906,429724,
2025-08-21,31.8799991607666,32.689998626708984,31.700000762939453,32.4900016784668,222007,
2025-08-22,31.75,32.22999954223633,31.11000061035156,32.22999954223633,411146,
2025-08-25,32.060001373291016,32.209999084472656,31.280000686645508,31.88999938964844,387661,
2025-08-26,31.559999465942383,32.400001525878906,31.01000022888184,31.920000076293945,376835,
2025-08-28,31.21999931335449,31.799999237060547,30.6299991607666,31.100000381469727,291737,
2025-08-29,31.059999465942383,31.920000076293945,30.790000915527344,31.90999984741211,361980,
2025-09-01,30.51000022888184,31.280000686645508,30.11000061035156,30.989999771118164,564070,
2025-09-02,30.700000762939453,32.0,30.270000457763672,30.84000015258789,1111338,
2025-09-03,31.96999931335449,32.5,30.520000457763672,30.520000457763672,789177,
2025-09-04,30.709999084472656,32.38999938964844,30.61000061035156,32.38999938964844,722571,
2025-09-05,31.040000915527344,31.600000381469727,30.61000061035156,31.299999237060547,465296,
2025-09-08,32.06999969482422,32.47999954223633,30.64999961853028,30.64999961853028,650389,
2025-09-09,32.310001373291016,33.380001068115234,31.89999961853028,32.40999984741211,971497,
2025-09-10,32.52000045776367,33.25,31.950000762939453,32.4900016784668,704605,
2025-09-11,35.77000045776367,35.77000045776367,32.65999984741211,32.70000076293945,6075842,
2025-09-12,37.540000915527344,38.34000015258789,36.130001068115234,36.40999984741211,7688987,
2025-09-15,40.65999984741211,41.0,37.220001220703125,37.9900016784668,7595329,
2025-09-16,39.220001220703125,41.0,38.79999923706055,40.70000076293945,3032991,
2025-09-17,39.040000915527344,40.5,38.900001525878906,39.900001525878906,1336932,
2025-09-18,38.0099983215332,39.5,37.11000061035156,39.18999862670898,1159208,
2025-09-19,38.130001068115234,39.400001525878906,37.75,38.0,1037510,
2025-09-22,37.2400016784668,38.59000015258789,37.0,38.09999847412109,589235,
2025-09-23,38.2400016784668,38.790000915527344,36.91999816894531,36.91999816894531,1128974,
2025-09-24,37.61000061035156,38.5,37.5099983215332,38.2400016784668,547773,
2025-09-25,37.369998931884766,38.400001525878906,36.900001525878906,37.5,645691,
2025-09-26,36.29999923706055,37.68999862670898,35.869998931884766,37.0099983215332,1176278,
2025-09-29,36.2599983215332,37.400001525878906,36.09999847412109,36.56999969482422,440796,
2025-09-30,36.5,37.5099983215332,36.0,36.5,555518,
2025-10-01,37.31999969482422,37.5,36.29999923706055,36.5,496850,
2025-10-03,38.970001220703125,39.18000030517578,36.66999816894531,37.31999969482422,1928945,
2025-10-06,37.290000915527344,39.29999923706055,37.11000061035156,39.02999877929688,1148520,
2025-10-07,36.9900016784668,37.68000030517578,36.81999969482422,37.36000061035156,419996,
2025-10-08,37.040000915527344,38.02000045776367,36.70000076293945,37.0,700158,
2025-10-09,37.709999084472656,38.09999847412109,36.52999877929688,36.720001220703125,760594,
2025-10-10,37.18000030517578,38.11000061035156,37.0,38.0,542652,
2025-10-13,36.52999877929688,37.18000030517578,36.5,37.18000030517578,389008,
2025-10-14,35.66999816894531,36.709999084472656,35.27000045776367,36.5,1023609,
2025-10-15,35.20000076293945,35.88999938964844,35.099998474121094,35.41999816894531,384277,
2025-10-16,34.41999816894531,35.900001525878906,33.900001525878906,35.25,1421798,
2025-10-17,34.56999969482422,35.220001220703125,34.04999923706055,34.04999923706055,622484,
2025-10-20,34.970001220703125,35.099998474121094,33.70000076293945,34.75,424110,
2025-10-21,35.58000183105469,36.0,35.20000076293945,35.470001220703125,208871,
2025-10-23,34.939998626708984,36.5,34.599998474121094,36.5,362157,
2025-10-24,33.900001525878906,35.13999938964844,33.79999923706055,34.7400016784668,613712,
2025-10-27,34.150001525878906,34.9900016784668,34.06999969482422,34.5,390761,
2025-10-28,33.459999084472656,34.599998474121094,33.15999984741211,34.5,1094206,
2025-10-29,34.29999923706055,34.68000030517578,33.41999816894531,33.41999816894531,461546,
2025-10-30,33.619998931884766,34.560001373291016,33.20000076293945,34.38999938964844,489121,
2025-10-31,33.5,33.88999938964844,33.380001068115234,33.880001068115234,237281,
2025-11-03,33.52000045776367,33.70000076293945,33.02000045776367,33.119998931884766,156748,
2025-11-04,33.29999923706055,34.220001220703125,33.150001525878906,33.5,200811,
2025-11-06,32.16999816894531,33.310001373291016,31.82999992370605,33.06999969482422,645795,
2025-11-07,32.0,32.47999954223633,31.670000076293945,32.0099983215332,420652,
2025-11-10,31.75,32.349998474121094,31.26000022888184,32.0,1197103,
2025-11-11,33.33000183105469,33.33000183105469,32.04999923706055,32.04999923706055,360719,
2025-11-12,34.63999938964844,34.9900016784668,34.20000076293945,34.9900016784668,5479348,
2025-11-13,34.59000015258789,35.95000076293945,33.970001220703125,34.75,1092546,
2025-11-14,34.720001220703125,35.29999923706055,34.220001220703125,34.650001525878906,947321,
2025-11-17,34.84000015258789,35.5,33.77000045776367,35.0,3144879,
2025-11-18,35.349998474121094,35.79999923706055,34.56999969482422,34.900001525878906,874160,
2025-11-19,34.18000030517578,35.400001525878906,34.099998474121094,35.400001525878906,590739,
2025-11-20,34.689998626708984,35.880001068115234,33.939998626708984,34.29999923706055,3556497,
2025-11-21,33.90999984741211,34.88999938964844,33.630001068115234,34.86000061035156,2188982,
2025-11-24,33.279998779296875,34.099998474121094,33.02000045776367,34.0,1686759,
2025-11-25,33.630001068115234,34.5099983215332,33.11000061035156,33.400001525878906,1967494,
2025-11-26,34.81999969482422,35.310001373291016,33.54999923706055,33.54999923706055,2343939,
2025-11-27,36.560001373291016,36.560001373291016,35.060001373291016,35.290000915527344,1808020,
2025-11-28,36.790000915527344,37.900001525878906,36.560001373291016,36.900001525878906,2446820,
2025-12-01,36.66999816894531,37.77999877929688,36.20000076293945,37.0,2346988,
2025-12-02,37.25,37.70000076293945,36.34999847412109,37.0,2110521,
2025-12-03,37.59999847412109,38.08000183105469,36.900001525878906,37.70000076293945,1979665,
2025-12-04,37.58000183105469,38.0,36.650001525878906,38.0,1990766,
2025-12-05,36.54999923706055,38.0099983215332,36.0,38.0099983215332,1921921,
2025-12-08,34.93000030517578,36.720001220703125,34.5,36.5,2026779,
2025-12-09,35.380001068115234,36.290000915527344,34.18000030517578,34.93000030517578,1712410,
2025-12-10,35.959999084472656,36.560001373291016,35.400001525878906,36.369998931884766,1730412,
2025-12-11,36.38999938964844,37.0,35.54999923706055,36.02999877929688,1788088,
2025-12-12,36.369998931884766,37.09999847412109,36.29999923706055,36.79999923706055,1538007,
2025-12-15,37.08000183105469,38.0,36.38999938964844,36.43000030517578,2220579,
2025-12-16,35.970001220703125,37.5,35.77000045776367,37.5,1860437,
2025-12-17,36.369998931884766,36.61000061035156,35.709999084472656,35.709999084472656,1717835,
2025-12-18,35.77000045776367,36.900001525878906,35.209999084472656,36.0,1808724,
2025-12-19,36.13999938964844,36.68999862670898,35.70000076293945,36.68999862670898,1624330,
2025-12-22,36.52999877929688,36.79999923706055,35.959999084472656,36.5,975533,
2025-12-23,36.0099983215332,36.75,35.81999969482422,36.04999923706055,1659156,
2025-12-24,36.54999923706055,37.900001525878906,36.130001068115234,36.4900016784668,2074950,
2025-12-26,35.56999969482422,36.84999847412109,35.400001525878906,36.54999923706055,1974360,
2025-12-29,36.04999923706055,36.4900016784668,35.400001525878906,35.400001525878906,2115355,
2025-12-30,36.59999847412109,36.900001525878906,35.77000045776367,36.470001220703125,982761,
2025-12-31,37.369998931884766,39.150001525878906,36.66999816894531,36.900001525878906,3607612,
2026-01-01,37.04999923706055,37.70000076293945,36.54999923706055,37.70000076293945,737661,
2026-01-02,37.02999877929688,37.4900016784668,36.61000061035156,37.369998931884766,822580,
2026-01-05,36.5099983215332,37.72999954223633,36.36000061035156,37.5,1228668,
2026-01-06,35.66999816894531,36.59000015258789,35.54999923706055,36.310001373291016,770173,
2026-01-07,36.790000915527344,37.2400016784668,35.279998779296875,35.66999816894531,1614972,
2026-01-08,35.7599983215332,36.75,35.439998626708984,36.75,1028604,
2026-01-09,34.689998626708984,35.650001525878906,34.400001525878906,35.459999084472656,801599,
2026-01-12,34.18000030517578,34.58000183105469,33.22999954223633,34.5,956846,
2026-01-13,33.58000183105469,34.5,32.75,34.36000061035156,1042949,
2026-01-14,34.65999984741211,34.90999984741211,33.0,33.0,688339,
2026-01-16,33.52000045776367,34.869998931884766,33.31999969482422,34.66999816894531,727419,
2026-01-19,33.36000061035156,33.5099983215332,32.84000015258789,33.099998474121094,354268,
2026-01-20,30.600000381469727,33.209999084472656,30.350000381469727,33.20000076293945,1751615,
2026-01-21,29.36000061035156,30.690000534057617,29.14999961853028,29.809999465942383,1107526,
2026-01-22,30.11000061035156,30.600000381469727,29.34000015258789,30.299999237060547,536199,
2026-01-23,28.670000076293945,30.26000022888184,28.299999237060547,30.11000061035156,810638,
2026-01-27,28.6299991607666,29.3700008392334,27.770000457763672,28.64999961853028,950570,
2026-01-28,29.520000457763672,30.09000015258789,28.690000534057617,28.950000762939453,783264,
2026-01-29,29.46999931335449,30.0,28.75,30.0,417537,
2026-01-30,29.68000030517578,30.309999465942383,28.739999771118164,29.01000022888184,418643,
2026-02-02,29.229999542236328,29.780000686645508,28.1200008392334,29.290000915527344,702260,
2026-02-03,30.89999961853028,32.150001525878906,30.170000076293945,31.0,573521,
2026-02-04,31.6299991607666,32.400001525878906,30.31999969482422,30.5,606525,
2026-02-05,30.850000381469727,31.950000762939453,30.559999465942383,31.950000762939453,354045,
2026-02-06,30.520000457763672,30.88999938964844,29.63999938964844,30.75,350433,
2026-02-09,30.64999961853028,31.26000022888184,30.07999992370605,31.0,444821,
2026-02-10,31.790000915527344,32.47999954223633,30.18000030517578,30.75,590108,
2026-02-11,31.76000022888184,32.939998626708984,31.520000457763672,32.939998626708984,1061655,
2026-02-12,31.6299991607666,32.0,31.200000762939453,31.200000762939453,352625,
2026-02-13,31.18000030517578,31.6299991607666,29.600000381469727,31.6299991607666,324629,
2026-02-16,30.739999771118164,31.36000061035156,30.290000915527344,31.01000022888184,918186,
2026-02-17,32.310001373291016,32.790000915527344,30.61000061035156,30.799999237060547,2392641,
2026-02-18,32.540000915527344,33.689998626708984,31.90999984741211,32.290000915527344,1821826,
2026-02-19,32.279998779296875,32.97999954223633,31.31999969482422,32.400001525878906,2044270,
2026-02-20,31.709999084472656,32.900001525878906,31.520000457763672,32.400001525878906,2064411,
2026-02-23,31.559999465942383,32.7599983215332,31.39999961853028,31.89999961853028,2303819,
2026-02-24,31.6200008392334,32.040000915527344,31.200000762939453,31.700000762939453,2242054,
2026-02-25,31.46999931335449,32.5,31.299999237060547,31.8799991607666,2232102,
2026-02-26,32.06999969482422,33.52000045776367,31.229999542236328,31.229999542236328,3269543,
2026-02-27,31.780000686645508,32.33000183105469,31.5,32.0,2134462,
2026-03-02,31.309999465942383,31.690000534057617,30.36000061035156,30.549999237060547,2398875,
2026-03-04,31.59000015258789,31.950000762939453,30.350000381469727,30.950000762939453,2764277,
2026-03-05,31.40999984741211,31.8700008392334,31.270000457763672,31.5,2156966,
2026-03-06,31.31999969482422,32.0,31.200000762939453,31.799999237060547,2326600,
2026-03-09,30.84000015258789,31.700000762939453,30.13999938964844,31.25,2609693,
2026-03-10,31.56999969482422,32.04999923706055,31.15999984741211,31.459999084472656,2330846,
2026-03-11,31.790000915527344,32.650001525878906,31.3799991607666,32.0,2390001,
2026-03-12,31.709999084472656,32.400001525878906,31.11000061035156,31.790000915527344,1974353,
2026-03-13,31.020000457763672,31.88999938964844,30.64999961853028,31.5,646802,
2026-03-16,29.940000534057617,31.09000015258789,29.61000061035156,31.020000457763672,1163647,
2026-03-17,30.61000061035156,30.89999961853028,29.850000381469727,30.1200008392334,928952,
2026-03-18,30.61000061035156,31.350000381469727,30.489999771118164,30.61000061035156,1025511,
2026-03-19,29.530000686645508,30.790000915527344,29.31999969482422,30.5,982849,
2026-03-20,30.040000915527344,30.270000457763672,29.809999465942383,30.200000762939453,1084365,
2026-03-23,28.049999237060547,29.989999771118164,27.21999931335449,29.989999771118164,1139801,
2026-03-24,29.31999969482422,29.729999542236328,27.799999237060547,28.5,1620859,
2026-03-25,29.350000381469727,30.18000030517578,29.14999961853028,29.549999237060547,1286770,
2026-03-27,27.63999938964844,30.18000030517578,27.25,30.18000030517578,2170231,
2026-03-30,26.450000762939453,27.290000915527344,26.25,26.700000762939453,1673441,
2026-04-01,29.09000015258789,29.09000015258789,27.01000022888184,28.690000534057617,500968,
2026-04-02,31.3799991607666,31.989999771118164,29.190000534057617,31.780000686645508,4846228,
2026-04-06,33.220001220703125,33.95000076293945,30.700000762939453,30.71999931335449,3051557,
2026-04-07,33.61000061035156,33.95000076293945,32.900001525878906,33.18000030517578,911379,
2026-04-08,34.75,36.0099983215332,33.86000061035156,33.9900016784668,2277989,
2026-04-09,35.4900016784668,36.0,34.40999984741211,34.40999984741211,1515259,
2026-04-10,34.90999984741211,36.13999938964844,34.86000061035156,36.0,650163,
2026-04-13,34.27000045776367,35.58000183105469,33.52000045776367,34.11000061035156,828191,
2026-04-15,34.97999954223633,35.709999084472656,34.560001373291016,34.95000076293945,1110139,
2026-04-16,35.869998931884766,36.27999877929688,35.189998626708984,35.349998474121094,1312615,
2026-04-17,35.560001373291016,36.36000061035156,35.29999923706055,35.529998779296875,1083395,
2026-04-20,35.849998474121094,36.13999938964844,35.310001373291016,35.560001373291016,694253,
2026-04-21,35.54999923706055,36.310001373291016,35.310001373291016,35.97999954223633,504920,
2026-04-22,34.86000061035156,35.9900016784668,34.529998779296875,35.650001525878906,1056188,
2026-04-23,34.459999084472656,35.689998626708984,34.0099983215332,35.380001068115234,803916,
2026-04-24,34.900001525878906,35.709999084472656,34.5,34.790000915527344,556769,
2026-04-27,35.13999938964844,35.81999969482422,35.0099983215332,35.630001068115234,658581,
2026-04-28,35.459999084472656,36.11000061035156,35.0,35.099998474121094,1567416,
2026-04-29,35.560001373291016,35.880001068115234,35.5,35.880001068115234,457580,
2026-04-30,35.5099983215332,35.849998474121094,34.41999816894531,35.220001220703125,871134,
2026-05-04,37.25,37.27999877929688,35.5099983215332,35.5099983215332,1756444,
2026-05-05,36.65999984741211,37.810001373291016,36.06999969482422,37.5,1228689,
2026-05-06,38.27000045776367,38.459999084472656,36.43999862670898,37.0,2393329,
2026-05-07,40.18000030517578,40.18000030517578,38.61000061035156,39.5,1740743,
2026-05-08,42.18000030517578,42.18000030517578,40.400001525878906,41.0,1073311,
2026-05-11,41.90999984741211,43.20000076293945,41.08000183105469,42.970001220703125,4006109,
2026-05-12,40.58000183105469,43.0099983215332,40.02000045776367,42.0,2740101,
2026-05-13,41.0,42.59999847412109,40.08000183105469,40.5,3578561,
2026-05-14,41.68999862670898,42.59999847412109,40.2599983215332,41.2599983215332,1479028,
2026-05-15,40.56999969482422,42.04999923706055,40.310001373291016,41.720001220703125,972077,
2026-05-18,40.16999816894531,40.400001525878906,38.54999923706055,40.18000030517578,1593479,
2026-05-19,40.58000183105469,41.79999923706055,39.61000061035156,39.61000061035156,1305119,
2026-05-20,41.060001373291016,41.79999923706055,40.0,41.150001525878906,1072332,
2026-05-21,43.06999969482422,43.11000061035156,41.25,41.25,3208619,
2026-05-22,42.220001220703125,44.0,42.09999847412109,43.400001525878906,1114053,
2026-05-25,42.7400016784668,43.20000076293945,42.45000076293945,42.45000076293945,970510,
2026-05-26,42.650001525878906,44.0,42.5,43.0,1387607,
2026-05-27,42.66999816894531,43.58000183105469,41.79999923706055,43.0,1017575,
2026-05-28,42.66999816894531,42.66999816894531,42.66999816894531,42.66999816894531,0,
2026-05-29,42.720001220703125,43.7599983215332,42.400001525878906,42.400001525878906,1849090,
2026-06-01,40.65999984741211,44.84999847412109,40.59000015258789,44.84999847412109,2746531,
2026-06-02,40.970001220703125,42.68999862670898,39.70000076293945,40.9900016784668,8818404,
2026-06-03,41.150001525878906,41.790000915527344,40.20000076293945,41.060001373291016,2625980,
2026-06-04,40.93999862670898,42.20000076293945,40.5099983215332,41.790000915527344,3730841,
2026-06-05,41.09999847412109,42.41999816894531,40.90999984741211,40.9900016784668,4700435,
2026-06-08,40.560001373291016,41.880001068115234,40.290000915527344,40.70000076293945,4874856,
2026-06-09,40.27999877929688,41.34999847412109,40.0,40.900001525878906,5789581,
2026-06-10,40.0099983215332,41.4900016784668,39.790000915527344,40.540000915527344,5571206,
2026-06-11,39.97999954223633,40.9900016784668,39.5,40.02000045776367,4906645,
2026-06-12,41.470001220703125,41.970001220703125,40.709999084472656,40.900001525878906,6197266,
2026-06-15,42.11000061035156,42.91999816894531,41.5,42.52000045776367,6117843,
2026-06-16,42.47999954223633,44.20000076293945,42.25,42.25,6559887,
2026-06-17,41.97999954223633,42.84999847412109,41.790000915527344,42.77999877929688,5650507,
2026-06-18,42.209999084472656,43.08000183105469,41.63999938964844,42.0099983215332,5707929,
2026-06-19,44.31999969482422,44.31999969482422,42.400001525878906,42.400001525878906,5362185,
2026-06-22,44.75,46.119998931884766,43.68000030517578,46.119998931884766,4921173,
2026-06-23,43.09000015258789,45.0,42.70000076293945,45.0,1831469,
2026-06-24,42.11000061035156,43.540000915527344,42.0,43.20000076293945,1093451,
2026-06-25,41.900001525878906,43.41999816894531,41.5,42.619998931884766,1171352,
2026-06-26,41.900001525878906,41.900001525878906,41.900001525878906,41.900001525878906,0,
2026-06-29,41.25,42.13999938964844,41.0099983215332,41.709999084472656,631199,
2026-06-30,40.65999984741211,41.560001373291016,40.209999084472656,41.20000076293945,962450,
2026-07-01,42.61000061035156,42.68999862670898,40.209999084472656,40.209999084472656,1347092,
2026-07-02,42.59000015258789,43.68999862670898,42.20000076293945,43.0,1829677,
2026-07-03,42.810001373291016,43.79999923706055,42.5099983215332,42.90999984741211,840535,
2026-07-06,42.27000045776367,43.15999984741211,42.0,42.810001373291016,713081,
2026-07-07,41.16999816894531,42.38999938964844,41.02000045776367,42.38999938964844,593164,
2026-07-08,40.380001068115234,41.61000061035156,40.13999938964844,40.5,708527,
2026-07-09,39.31999969482422,41.16999816894531,39.02999877929688,40.70000076293945,906752,
2026-07-10,39.13999938964844,40.29999923706055,38.72999954223633,39.43000030517578,1288626,
2026-07-13,39.66999816894531,40.0,38.7400016784668,38.7599983215332,578740,39.66999816894531
2026-07-14,38.72999954223633,39.52999877929688,38.560001373291016,39.34000015258789,501499,38.72999954223633
2026-07-15,37.040000915527344,39.290000915527344,36.79999923706055,38.720001220703125,922723,37.040000915527344
2026-07-16,37.18999862670898,37.790000915527344,36.560001373291016,36.560001373291016,423346,37.18999862670898
2026-07-17,36.5099983215332,37.09999847412109,36.209999084472656,37.09999847412109,458215,36.5099983215332
2026-07-20,36.5,36.79999923706055,36.220001220703125,36.5099983215332,288007,36.5
2026-07-21,36.540000915527344,36.83000183105469,36.34000015258789,36.5,253104,36.540000915527344
2026-07-23,35.20000076293945,35.880001068115234,35.0,35.349998474121094,182426,35.20000076293945
2026-07-24,35.369998931884766,35.9900016784668,34.11000061035156,34.11000061035156,448436,35.369998931884766
2026-07-27,36.13999938964844,36.900001525878906,36.0,36.18999862670898,273518,36.13999938964844
2026-07-28,35.7599983215332,36.0,35.04999923706055,36.0,328666,35.7599983215332
2026-07-29,37.130001068115234,37.79999923706055,35.79999923706055,35.79999923706055,592633,37.130001068115234
2026-07-30,36.04999923706055,37.709999084472656,35.279998779296875,37.0,798917,36.04999923706055
2026-07-31,34.310001373291016,36.59999847412109,34.25,34.5,2425275,34.310001373291016
2026-08-03,35.06999969482422,35.5099983215332,34.25,34.470001220703125,857318,35.06999969482422
2026-08-04,34.189998626708984,35.349998474121094,34.0,35.08000183105469,801549,34.189998626708984
2026-08-05,35.88999938964844,35.88999938964844,34.220001220703125,34.400001525878906,1757898,35.88999938964844
2026-08-06,37.54999923706055,37.68000030517578,36.310001373291016,36.5,2320928,37.54999923706055
2026-08-07,36.0099983215332,36.95000076293945,35.5099983215332,36.95000076293945,1272904,36.0099983215332
2026-08-10,35.599998474121094,36.02000045776367,35.119998931884766,36.0099983215332,377372,35.599998474121094
2026-08-11,35.52000045776367,35.689998626708984,35.209999084472656,35.45000076293945,246900,35.52000045776367
2026-08-12,34.869998931884766,35.599998474121094,34.5,35.5,409960,34.869998931884766
2026-08-13,34.029998779296875,34.81999969482422,33.900001525878906,34.720001220703125,995964,34.029998779296875
2026-08-14,,33.869998931884766,33.0,33.5099983215332,685620,
