Date,Close,High,Low,Open,Volume,Adj Close
2016-07-01,24.70662498474121,26.90602783556904,24.559998500910737,26.563898130326663,225900,
2016-07-04,25.073192596435547,25.879641069301936,24.682188010740937,25.879641069301936,87379,
2016-07-05,24.19342994689941,24.999878357578776,24.02236603649193,24.828812582714505,62947,
2016-07-07,23.82686424255371,24.65775013774953,23.58248614775829,23.58248614775829,48674,
2016-07-08,24.095680236816406,24.437809948993703,23.65580077640868,24.31562089924873,43894,
2016-07-11,24.291183471679688,26.148456655637307,24.04680537209429,24.193431858954145,729817,
2016-07-12,23.777990341186523,24.90212925029777,23.582487111577187,24.90212925029777,93810,
2016-07-13,23.63136100769043,24.168993934613184,23.46029708721227,24.168993934613184,68089,
2016-07-14,23.43585968017578,23.802426822625485,23.313670632692546,23.802426822625485,60607,
2016-07-15,22.433910369873047,23.46029764610747,22.385033631102825,23.09373049538704,94813,
2016-07-18,22.360595703125,22.72716284579918,22.11621760800888,22.67828797255872,65898,
2016-07-19,23.82686424255371,24.87769079595679,22.38503311036934,23.16704413238883,305653,
2016-07-20,23.80242729187012,24.65775064111473,23.704675679065065,23.94905377884924,396982,
2016-07-21,23.16704368591309,24.09567930956487,22.75159981409317,24.02236700121325,75492,
2016-07-22,23.997926712036133,24.193429921833665,23.21591760175958,23.4602956817781,94207,
2016-07-25,24.731061935424805,25.415321332466256,23.46029661458424,24.41337153744309,516527,
2016-07-26,24.21786880493164,25.04875469956468,23.94905327373013,25.04875469956468,133457,
2016-07-27,23.777990341186523,24.633313707927663,23.704676163968777,24.633313707927663,72079,
2016-07-28,23.92461585998535,24.291183002279947,23.509171980044,23.92461585998535,72362,
2016-07-29,23.704673767089844,24.193429927236025,23.289231776748306,23.94905184716293,58480,
2016-08-01,24.21786880493164,24.53556107373327,23.72911261567184,24.291182979103368,134713,
2016-08-02,24.486684799194336,26.368397282103263,24.02236790218248,24.34005831253496,811726,
2016-08-03,24.46224594116211,25.73301310212469,24.12011624919307,24.63331171937504,1220808,
2016-08-04,24.43780899047852,24.779938689236587,23.99792768286716,24.657749644284195,254495,
2016-08-05,24.682186126708984,24.877689336861675,24.31561900601529,24.63331125639921,487165,
2016-08-08,24.291183471679688,25.12206938316142,24.04680537209429,24.92656615771033,356998,
2016-08-09,24.43780899047852,24.90212773418898,23.75354959296237,24.804376125335693,152216,
2016-08-10,24.3644962310791,25.68413836600715,24.193432304005288,24.584436897643272,1902953,
2016-08-11,22.091779708862305,24.682187089967524,21.57858609275436,24.51112317275049,630873,
2016-08-12,21.55414581298828,21.945152230789912,20.527758627400942,21.114266389646613,322537,
2016-08-16,20.967641830444336,21.749651008565017,20.478885628004672,21.30976968058654,131028,
2016-08-17,21.260892868041992,21.74964902592801,20.52775863121296,20.96763991909309,167323,
2016-08-18,22.287282943725582,23.06929401641764,21.505273735490555,21.72521440794948,285458,
2016-08-19,22.45834732055664,22.971540947557504,22.33615827296325,22.971540947557504,114492,
2016-08-22,22.262842178344727,23.43585767984568,22.091778272251844,22.67828602300232,176147,
2016-08-23,22.262842178344727,22.67828602300232,22.14065314129074,22.21396730930583,95261,
2016-08-24,22.433910369873047,22.629411731583108,21.774088379902107,22.26284458086268,82900,
2016-08-25,22.38503074645996,23.020413352938853,22.262841711965685,22.409468180467474,74763,
2016-08-26,22.287282943725582,22.72716428864343,22.116219012066992,22.38503456086922,40573,
2016-08-29,21.896276473999023,22.38503265361712,21.65189838418998,22.091779691629004,20465,
2016-08-30,22.04290199279785,23.264792388506308,21.651897439062505,21.84740064815857,529649,
2016-08-31,21.74964714050293,22.21396582313533,21.676332977392747,21.99402519826139,83945,
2016-09-01,21.407520294189453,22.11621712752072,21.04095315947917,22.11621712752072,120102,
2016-09-02,21.285329818725582,21.62745949435245,21.11426591314052,21.48083302321429,72150,
2016-09-06,21.896276473999023,22.36059521752758,20.84545180649425,21.94515321063495,114612,
2016-09-07,21.35864448547364,21.896275513691847,21.114266406382303,21.896275513691847,102976,
2016-09-08,21.35864448547364,21.994027118219734,21.28533031596352,21.480833525019296,76978,
2016-09-09,21.96959114074707,22.433909894716603,21.16314268046015,21.627461434429684,166879,
2016-09-12,21.431957244873047,21.945152713409737,21.11426685399352,21.260893331665365,62039,
2016-09-14,22.140655517578125,22.824914944302567,21.774088367073663,22.385033617914434,407978,
2016-09-15,21.8718376159668,22.36059376380963,21.798523448007675,22.36059376380963,65529,
2016-09-16,21.529708862304688,22.23840567994144,21.43195725565534,22.23840567994144,85789,
2016-09-19,21.529708862304688,21.99402759554648,21.407519820107208,21.725212075603384,84002,
2016-09-20,21.77860641479492,22.00261531770728,21.579486967996427,21.82838532702265,74278,
2016-09-21,22.276403427124023,22.82397906463782,21.60437860845311,21.952834796538,246788,
2016-09-22,22.52530288696289,22.97332072053529,22.1768447829559,22.20173424061128,232356,
2016-09-23,22.17684555053711,22.77420204966128,22.15195609202026,22.64975285813308,78399,
2016-09-26,22.05239486694336,22.50041268570958,21.92794568383539,22.351074045768787,70237,
2016-09-27,21.753719329833984,22.20173528554861,21.654159595582737,22.20173528554861,68451,
2016-09-28,21.38037109375,21.90305730883105,21.305700820619595,21.67904838838376,186571,
2016-09-29,19.98653984069824,21.70393707197569,18.21935989718504,21.554598429987724,212603,
2016-09-30,20.857685089111328,21.156362386758577,18.667378576551684,20.0114302138522,159267,
2016-10-03,21.3305892944336,21.47992983380345,20.90746283006925,21.355480650291128,76155,
2016-10-04,21.10658073425293,21.47992825738988,21.03191047004806,21.05679992513512,40578,
2016-10-05,20.98213577270508,21.38037283088784,20.70834601494436,21.38037283088784,78909,
2016-10-06,21.55459785461425,22.59997211851279,20.90746249064496,21.05680112864652,353775,
2016-10-07,21.455039978027344,21.8283875546678,21.25592240985215,21.62926998649261,74640,
2016-10-10,20.95724296569824,21.977727849148305,20.90746404896875,21.62926973521004,111958,
2016-10-13,20.6585636138916,21.90305539786097,19.91186854350998,21.10658141569808,425078,
2016-10-14,21.181251525878903,21.55459909178374,20.90746369067081,20.90746369067081,111432,
2016-10-17,20.708345413208008,21.280812473235223,20.583896217458094,21.280812473235223,69689,
2016-10-18,20.98213577270508,21.280813091606127,20.807905754226063,20.88257603342337,60800,
2016-10-19,21.05680084228516,21.380369469341343,20.932351662485665,21.00702192994288,85530,
2016-10-20,21.05680084228516,21.405258925512488,20.98213247377173,21.156360565913506,85502,
2016-10-21,21.479930877685547,21.753718714929423,20.783014656570288,20.90746384613059,150706,
2016-10-24,22.027507781982425,22.599974845498565,21.62927073294443,21.62927073294443,1232564,
2016-10-25,21.50481986999512,22.50041336491208,21.280810953850025,22.20173417707065,205539,
2016-10-26,21.430150985717773,21.85327938781776,21.23103341320956,21.3554826081312,93634,
2016-10-27,21.03191375732422,21.57948945060004,20.9074645634939,21.529710532645502,83359,
2016-10-28,20.78301429748535,21.25592158943248,20.65856511007526,21.08169158769201,137382,
2016-11-01,21.927947998046875,22.649753716039125,21.08169308381265,21.08169308381265,570102,
2016-11-02,20.95724296569824,21.65415919357478,20.90746404896875,21.65415919357478,144290,
2016-11-03,20.8825740814209,21.828386768826928,20.807903809203413,21.131472456887312,64655,
2016-11-04,20.01142883300781,21.08169065817936,19.66297074383464,21.03191174498768,141400,
2016-11-07,20.23543930053711,20.78301498364232,19.98654091749948,20.60878687509356,56382,
2016-11-08,20.359888076782227,20.608786454743164,20.18565807284321,20.359888076782227,54755,
2016-11-09,19.78742218017578,20.01143111294771,17.920684238649766,19.16517619966711,208176,
2016-11-10,20.310108184814453,20.75812604508184,20.21054844931681,20.633676850445784,53401,
2016-11-11,19.563411712646484,20.35988764458015,19.339402797448145,20.35988764458015,83422,
2016-11-15,18.91627693176269,19.140285854164464,17.945572867317665,18.91627693176269,181790,
2016-11-16,19.040727615356445,19.662973615858288,18.318921874985485,19.41407521565755,101607,
2016-11-17,18.74205017089844,18.99094856945516,18.41848149319707,18.66737989175379,48729,
2016-11-18,18.51803970336914,18.91627672838853,18.36870105635486,18.692267808395147,26155,
2016-11-21,17.696674346923828,18.44336948307204,16.925089752692795,18.44336948307204,66039,
2016-11-22,18.07002258300781,18.269142052919257,16.925090378376993,18.16958231796353,84044,
2016-11-23,18.2193603515625,18.41847981180826,17.995353332465903,18.16958143597301,56512,
2016-11-24,18.592708587646484,18.816717513787378,17.920683708167783,18.169582093003445,60985,
2016-11-25,18.96605682373047,19.06561656091197,18.41848111764828,18.667379511130004,48848,
2016-11-28,19.01583671569824,19.63808266909842,17.895793999577922,19.63808266909842,312846,
2016-11-29,19.090505599975582,19.36429534593012,18.76693883494278,18.79182829395392,34834,
2016-11-30,19.314516067504883,19.76253396116925,18.61760166495872,19.04072819868517,77271,
2016-12-01,18.96605682373047,19.33940441395307,18.89138844505237,19.01583764179324,13341,
2016-12-02,18.74205017089844,18.91627829031051,18.61760097162008,18.91627829031051,16482,
2016-12-05,18.791826248168945,19.06561406537337,18.54292788726605,18.54292788726605,12163,
2016-12-06,18.76693725585937,19.0905039936667,18.54292834571963,18.69226698616485,21967,
2016-12-07,18.269142150878903,19.140286513260587,18.094912139036165,19.140286513260587,67886,
2016-12-08,18.29403114318848,18.418480334638737,18.119803034735696,18.418480334638737,51927,
2016-12-09,18.493148803710938,19.06561388912942,18.219359090093644,18.66737689515488,170401,
2016-12-12,17.84601402282715,19.065616528610143,17.622006988228346,18.045133496852795,99972,
2016-12-13,17.796234130859375,18.418480079490823,17.72156385744603,17.920683320585663,39041,
2016-12-14,18.19447326660156,18.26914354866783,17.547337784822474,18.14469434452016,62335,
2016-12-15,18.4184799194336,18.66737829672324,17.945572622794487,17.945572622794487,123570,
2016-12-16,18.617599487304688,18.717157319634715,18.16958164604384,18.6424889453872,43195,
2016-12-19,18.617599487304688,19.0656154296216,18.34380975156532,18.617599487304688,43958,
2016-12-20,18.542930603027344,18.816718460330208,18.418481404349308,18.791829000383416,39722,
2016-12-21,18.02024269104004,18.56781835528503,17.945572419123042,18.49314998231193,34901,
2016-12-22,18.269142150878903,18.41848080464125,17.92068402613743,17.970462944410208,30159,
2016-12-23,17.84601402282715,18.36870216740846,17.69667536677993,18.36870216740846,19866,
2016-12-26,17.37310791015625,17.696674669009816,17.173988443981774,17.696674669009816,38187,
2016-12-27,17.348217010498047,17.87090514826386,17.17398889720545,17.87090514826386,60323,
2016-12-28,17.447776794433594,17.846013839448727,17.298438139920922,17.79623492092584,26217,
2016-12-29,18.02024269104004,18.343809438477937,17.29843702530335,17.671784587000545,25368,
2016-12-30,19.51363182067871,20.011428541109577,17.87090302304561,18.642487559924696,199013,
2017-01-02,18.81671714782715,19.73764229317472,18.56781876783223,19.73764229317472,58346,
2017-01-03,18.84160614013672,19.21495370089724,18.74204830975569,18.81671668254146,39605,
2017-01-04,18.443368911743164,19.115395652825224,18.29403026892844,19.090504296569545,61058,
2017-01-05,18.368701934814453,18.91627763303524,18.294031658264338,18.542930048172696,70529,
2017-01-06,18.368701934814453,18.74204951967699,18.244252739860272,18.642489783924844,23323,
2017-01-09,18.468259811401367,18.692268742590187,18.16958250244562,18.244252779156568,32955,
2017-01-10,18.86649703979492,18.966054867765003,18.269140577255207,18.46825813213921,61488,
2017-01-11,18.69226837158203,19.14028622506732,18.51804026130664,18.51804026130664,88803,
2017-01-12,18.542930603027344,19.040727397739488,18.49315168313376,18.91627819906145,69048,
2017-01-13,18.7171573638916,18.86649791062762,18.46825898459015,18.667378447608883,24443,
2017-01-16,18.667377471923828,19.165174204508464,18.54292828877767,18.84160556875092,19131,
2017-01-17,18.617599487304688,19.0656154296216,18.567818672195745,18.866497866017617,67863,
2017-01-18,18.51803970336914,18.742048623362525,18.41847997237831,18.5678186193926,32033,
2017-01-19,18.493148803710938,18.742047162313003,18.318918813323226,18.44336799262426,25064,
2017-01-20,18.269142150878903,18.61760027562038,18.21936133366212,18.542929999267205,26899,
2017-01-23,18.14469146728516,18.61759874784544,18.07002119705948,18.542928477619764,21410,
2017-01-24,18.07002258300781,18.34381042992805,17.970462848052087,18.11980339995767,24813,
2017-01-25,18.468259811401367,18.667379283334544,17.92068411200116,18.04513330722339,84663,
2017-01-27,18.443368911743164,18.74204809631648,18.04513189792261,18.07002135523442,79182,
2017-01-30,18.443368911743164,18.64248836812537,18.31891972624025,18.443368911743164,21788,
2017-01-31,18.86649703979492,19.09050405167145,18.36870030416913,18.41847921815417,278161,
2017-02-01,18.592708587646484,19.14028617365133,18.44336993653388,18.742049137703063,48511,
2017-02-02,18.443368911743164,18.84160592556372,18.219359998049143,18.76693755362829,94078,
2017-02-03,18.4184799194336,18.66737829672324,18.31892018872896,18.46825883531396,70398,
2017-02-06,18.493148803710938,18.81671553052736,18.34380826939468,18.34380826939468,33320,
2017-02-07,18.4184799194336,18.642488838783056,18.070021811439307,18.443369377373774,42451,
2017-02-08,18.318920135498047,18.667378242479785,18.19447094721485,18.418479865913387,68100,
2017-02-09,18.318920135498047,18.542929054196588,18.11980257361128,18.542929054196588,60417,
2017-02-10,18.29403114318848,18.418480334638737,17.821123835888688,18.343810060191,73419,
2017-02-13,18.14469146728516,18.418479293206207,18.0202422828716,18.29403010879265,15651,
2017-02-14,17.870906829833984,18.4184825793728,17.79623654628588,18.36870365630352,41935,
2017-02-15,17.348217010498047,17.970462985034477,17.273548632920082,17.970462985034477,60535,
2017-02-16,17.39799690246582,17.622005821173193,17.223766899496127,17.273547714177717,26162,
2017-02-17,17.447776794433594,17.87090519765419,17.37310841664927,17.597115448946266,40348,
2017-02-20,17.597116470336914,17.771346493167893,17.497558627512504,17.54733754892471,27197,
2017-02-21,17.671783447265625,17.79623262647172,17.447774544905897,17.79623262647172,22611,
2017-02-22,17.42288589477539,17.796233449663433,17.37310698036786,17.796233449663433,52133,
2017-02-23,17.37310791015625,17.62200629340236,17.323327094140648,17.397997368692067,34844,
2017-02-27,17.497556686401367,17.671784790960025,17.273547767008864,17.42288641362256,74681,
2017-02-28,18.791826248168945,19.563410787179176,17.323325539053076,17.547334443654446,411396,
2017-03-01,18.19447326660156,19.14028797770157,18.07002406245389,18.916279030446923,125934,
2017-03-02,17.497556686401367,18.24425181841376,17.447775871567522,18.21936046152488,119469,
2017-03-03,17.57222557067871,17.671785304294517,17.472665837062905,17.671785304294517,25559,
2017-03-06,17.37310791015625,18.045132785343167,16.576631944402312,17.497557101779307,73154,
2017-03-07,17.472665786743164,17.82112390392297,17.323327136221526,17.323327136221526,38638,
2017-03-08,17.52244758605957,17.622007324974923,17.422887847144217,17.422887847144217,18832,
2017-03-09,17.323326110839844,17.622005293148028,17.19887692628073,17.622005293148028,48072,
2017-03-10,17.39799690246582,17.622005821173193,17.323326629915393,17.622005821173193,24965,
2017-03-14,16.925090789794922,17.84601408789732,16.725971315043246,17.796235168681424,98013,
2017-03-15,17.223766326904297,17.348215511055177,16.925089044519723,17.173987412821486,46075,
2017-03-16,17.52244758605957,18.51804117732496,16.900201591518705,17.124210529342232,214080,
2017-03-17,17.472665786743164,17.67178525340133,17.323327136221526,17.422886869550606,44414,
2017-03-20,17.37310791015625,17.472665744299523,16.92509006073566,17.422886827227885,56954,
2017-03-21,17.348217010498047,17.522447022734656,17.17398889720545,17.17398889720545,20706,
2017-03-22,16.94997787475586,17.646894039806572,16.701079515658286,17.646894039806572,340768,
2017-03-23,16.87531089782715,17.22376711014028,16.750861708017048,17.22376711014028,230360,
2017-03-24,16.850419998168945,17.099318384546294,16.701081346131335,17.024650007999483,193420,
2017-03-27,16.925090789794922,17.149099724154546,16.67619239582735,17.149099724154546,85290,
2017-03-28,16.94997787475586,17.34821486952322,16.676190059537287,16.925088418634857,769700,
2017-03-29,17.024648666381836,17.42288567341396,16.775750299618778,17.149097849763365,3990458,
2017-03-30,17.049537658691406,17.22376575110052,16.82552875491984,17.173986838681852,218243,
2017-03-31,17.173988342285156,17.248658616394412,16.974868877289776,17.04953915139903,975882,
2017-04-03,17.821125030517578,18.41848156931108,17.099319291931437,17.2984387711773,2384051,
2017-04-05,19.289623260498047,19.56341108182603,17.94557171159071,18.04513143724011,1863355,
2017-04-06,18.91627693176269,19.862091537928407,18.816717199701472,18.9909472055446,872520,
2017-04-07,18.542930603027344,19.28962579509556,18.4433708642961,18.841607920277,1156978,
2017-04-10,20.334997177124023,20.6336763767602,18.6175998497279,18.64248930829492,2066949,
2017-04-11,20.135881423950195,20.907466102713904,19.911872478775148,20.60878877510993,1143684,
2017-04-12,19.737642288208008,20.40966715444761,18.6673784949216,20.310107422685903,759041,
2017-04-13,19.86209297180176,20.45944760940511,19.662973493304584,19.812312152705424,627366,
2017-04-17,20.036319732666016,20.907464068868883,19.61319324323077,20.907464068868883,705061,
2017-04-18,20.23543930053711,21.156362558198765,19.93676010152557,20.310107676082023,1446673,
2017-04-19,20.409666061401367,20.857683880863323,20.16076769479892,20.33499579184309,649836,
2017-04-20,21.753719329833984,21.97772825716329,20.534116857880186,20.534116857880186,2521056,
2017-04-21,22.37596702575684,23.346671186627702,21.75372101224271,21.87817021494553,3724877,
2017-04-24,21.903057098388672,22.74931195697884,21.80349736815267,22.500413580860783,745448,
2017-04-25,21.77860641479492,22.276403132847378,21.654157235281808,22.05239422993501,625430,
2017-04-26,20.8825740814209,22.301294062001897,20.484337060463417,21.9777273132619,747592,
2017-04-27,20.45944595336914,21.1314727146936,20.03631946949161,21.05680244156513,630173,
2017-04-28,21.3305892944336,21.903056298167787,20.48433636570491,20.70834337687201,493010,
2017-05-02,20.83279228210449,21.62926818531048,20.65856418709209,21.430148734773027,724919,
2017-05-03,20.6585636138916,21.35547977249196,20.534114435494665,20.90746197068548,385587,
2017-05-04,20.83279228210449,21.25592063976062,20.55900446182336,20.65856418709209,337236,
2017-05-05,20.310108184814453,20.85768578057948,19.911871141767897,20.832794422497056,853956,
2017-05-08,20.75812530517578,21.056802602078594,20.28521800262638,20.28521800262638,279392,
2017-05-09,20.28521728515625,21.181251043116703,20.160768099357742,20.78301402835027,491004,
2017-05-10,20.509227752685547,20.907464797613184,20.359889098205684,20.434557475973605,307417,
2017-05-11,20.708345413208008,21.10658435876295,20.160769711486,20.160769711486,358020,
2017-05-12,20.509227752685547,20.88257533835721,20.31010828074972,20.83279452090125,201473,
2017-05-15,20.43455696105957,20.733236161437134,20.13587965962597,20.608786969349143,494079,
2017-05-16,20.359888076782227,20.758125101730943,20.16076861483591,20.758125101730943,395381,
2017-05-17,20.58389663696289,20.832795033535326,19.9616506455318,20.33499824039045,731891,
2017-05-18,20.061208724975582,20.58389493476503,19.98654035154504,20.28521764315504,339363,
2017-05-19,19.96164894104004,20.53411596385227,19.91187002555372,20.110989485386813,280727,
2017-05-22,19.463851928710938,20.210547044629934,19.41407301389389,20.11098921499584,218664,
2017-05-23,19.214954376220703,19.51363357469275,18.617599777164525,19.51363357469275,328746,
2017-05-24,18.74205017089844,19.414075087423942,18.66737989175379,19.040727489588864,170449,
2017-05-25,19.364295959472656,19.638083815157938,18.717158611015,18.89138862750132,236779,
2017-05-26,20.334997177124023,20.80790448567332,19.314514184324363,19.41407391753642,399863,
2017-05-29,20.559005737304688,20.733235742070143,19.58830167886379,20.33499681628849,389530,
2017-05-30,19.687862396240234,20.38477865231445,19.53852374106548,20.359889192942664,130973,
2017-05-31,19.289623260498047,19.88697971545062,19.090503809199248,19.66297080747543,224027,
2017-06-01,19.48874282836914,19.762530651334792,19.21495310645966,19.314512832704576,157278,
2017-06-02,20.110990524291992,20.5838959426734,19.414074277818347,19.613193747937675,261672,
2017-06-05,20.110990524291992,20.5838959426734,19.812311319113,20.23543971838057,254077,
2017-06-06,19.389184951782227,20.334997693976472,19.28962521603967,20.21054849903428,182638,
2017-06-07,19.53852272033692,19.98654056139992,19.31451379980541,19.588301636479944,173220,
2017-06-08,19.314516067504883,19.712753140237574,19.21495632458567,19.712753140237574,161837,
2017-06-09,19.563411712646484,19.638081984027224,19.14028523867264,19.314513339969192,138375,
2017-06-12,19.26473426818848,19.78742046676713,18.91627616948808,19.214953454691923,227414,
2017-06-13,18.89138603210449,19.66297057355656,18.8167157640198,19.21495276293598,325404,
2017-06-14,18.51803970336914,19.2149540224171,18.393590514366583,19.065615375402817,239477,
2017-06-15,18.89138603210449,19.04072466933009,18.567817402329204,18.6673771267942,128496,
2017-06-16,18.791826248168945,19.11539487692023,18.71715598032056,18.916275428620395,208428,
2017-06-19,19.364295959472656,19.53852407701491,18.54293049347275,18.990948365644343,323694,
2017-06-20,19.438962936401367,20.235438885137867,19.264734831429216,19.91187023425368,894170,
2017-06-21,19.364295959472656,19.862092751243736,19.140287023386858,19.264736221329628,232456,
2017-06-22,19.14028549194336,19.71275061730985,18.99094684614966,19.26473467992876,198585,
2017-06-23,18.617599487304688,19.36429462344348,18.493150297948223,19.23984543408701,229186,
2017-06-27,18.39358901977539,18.791826012435603,18.244250384895786,18.6673768335453,131503,
2017-06-28,18.2193603515625,18.667378187643507,18.16958143597301,18.59270791531537,98607,
2017-06-29,18.343809127807617,18.76693749659801,18.29403021333527,18.29403021333527,103624,
2017-06-30,18.29403114318848,18.542929526089,17.920683568837692,18.19447141023948,85562,
2017-07-03,18.84160614013672,19.264734515031645,18.31891993486077,18.56781830870112,235991,
2017-07-04,19.040727615356445,19.41407521565755,18.91627841525608,18.99094869489393,133053,
2017-07-05,19.98653984069824,20.285217124674183,19.06561473370868,19.1402850041746,848360,
2017-07-06,19.98653984069824,20.78301386392999,19.83719929976641,20.235438210326148,800415,
2017-07-07,21.10658073425293,21.903054690700937,20.0363170750162,20.0363170750162,1434571,
2017-07-10,21.08169174194336,21.38037093327931,20.90746363787199,21.18125147238868,78840,
2017-07-11,20.359888076782227,21.330590231674744,20.03631942585544,21.25592185765281,549692,
2017-07-12,21.8532772064209,22.226624753918223,20.359887016431603,20.55900456906388,1674848,
2017-07-13,21.803497314453125,22.525302983206537,21.60437975341544,22.027506232196448,1525828,
2017-07-14,21.38037109375,21.95283622495537,20.90746379479328,21.90305730883105,582186,
2017-07-17,20.78301429748535,21.529709421945903,20.65856511007526,21.529709421945903,269559,
2017-07-18,21.529708862304688,22.10217586908802,20.633675116032222,20.78301375725366,719577,
2017-07-19,21.40526008605957,21.87816737472641,21.3305898145539,21.654158459153287,314791,
2017-07-20,21.82838630676269,22.500413045662864,21.40525983700412,21.504819564871973,1000633,
2017-07-21,21.03191375732422,22.027507307966783,20.9074645634939,21.8781686551592,427898,
2017-07-24,21.007022857666016,21.853277697464065,20.68345421632021,21.15636150023182,414928,
2017-07-25,20.83279228210449,21.355480365029344,20.68345364367332,21.10658200132944,246310,
2017-07-26,20.683454513549805,21.181251261885272,20.633675598293816,20.95724234534553,173507,
2017-07-27,19.96164894104004,20.9074635268314,19.91187002555372,20.68345460925514,339137,
2017-07-28,20.01142883300781,20.359886922180987,19.76253046916181,19.936758564276484,214980,
2017-07-31,19.61319160461425,20.23543750705832,19.51363188043445,20.110988326569505,220730,
2017-08-01,19.63808250427246,20.359888183947213,19.538522772775263,19.71275087868741,146822,
2017-08-02,19.563411712646484,19.911869814183472,19.36429415387098,19.812310085323777,156378,
2017-08-03,19.16517448425293,19.862090679621488,19.140285027049163,19.613192309696128,129432,
2017-08-04,19.33940315246582,19.5883015297122,19.06561531728359,19.23984532072241,156663,
2017-08-07,19.463851928710938,19.83719948667044,19.36429409907684,19.463851928710938,163790,
2017-08-08,18.91627693176269,19.66297207380596,18.816717199701472,19.563412341744737,273263,
2017-08-09,18.617599487304688,19.09050488770411,18.493150297948223,18.791827592826166,240088,
2017-08-10,17.99535369873047,18.76693829973524,17.771344776130647,18.49315046053276,342078,
2017-08-11,18.07002258300781,18.89138802271253,17.44777661321454,17.970462848052087,248062,
2017-08-14,18.318920135498047,18.791827430762982,18.07002175893165,18.07002175893165,98186,
2017-08-16,18.51803970336914,18.667378350383423,18.36870105635486,18.542929161380865,98969,
2017-08-17,18.592708587646484,18.91627724751044,18.41848047783911,18.56781912895171,151095,
2017-08-18,18.667377471923828,18.81671611191045,18.02024209935257,18.219359653020124,109749,
2017-08-21,18.29403114318848,18.891387641938525,18.169581951738216,18.791827908989525,118867,
2017-08-22,17.870906829833984,19.01583915092508,17.671787339668494,18.468261502442072,158139,
2017-08-23,19.26473426818848,19.36429399623772,17.87090377233076,18.02024241493268,666085,
2017-08-24,18.91627693176269,19.31451396106365,18.493150444182422,19.289624502784328,191739,
2017-08-28,18.592708587646484,19.14028617365133,18.542929670256942,19.01583698123349,148200,
2017-08-29,18.29403114318848,18.542929526089,18.219360868740736,18.542929526089,127631,
2017-08-30,18.667377471923828,18.81671611191045,18.49314937509674,18.49314937509674,71388,
2017-08-31,18.64249038696289,19.16517664288924,18.54293064799024,18.742050125935545,158797,
2017-09-01,19.289623260498047,19.46385135617663,18.59270707989608,18.66737734886908,407974,
2017-09-04,19.364295959472656,20.135880606929017,19.015837825444088,19.3891854192724,534563,
2017-09-05,19.63808250427246,20.310107368726648,19.289624393504244,19.41407358313976,375018,
2017-09-06,20.409666061401367,20.733234697562096,19.438962051863022,19.613192047851044,712215,
2017-09-07,20.384775161743164,20.807901595441905,20.260325987250155,20.53411379134603,377981,
2017-09-08,20.210548400878903,20.783015454410325,19.986541370226096,20.434557330475723,249254,
2017-09-11,20.43455696105957,21.007024004241924,20.28521831034277,20.334997227600383,763509,
2017-09-12,20.23543930053711,20.708344709153444,20.18565848456321,20.583895517634627,227843,
2017-09-13,19.588302612304688,20.6087875345694,19.48874477505898,20.28521886668878,317612,
2017-09-14,20.01142883300781,20.65856419921867,19.3394021112573,19.41407237998863,658471,
2017-09-15,18.96605682373047,19.414074691575205,18.766939248311505,19.414074691575205,607181,
2017-09-18,19.09266471862793,20.004250427686245,19.016698437913583,19.34588307847206,537692,
2017-09-19,20.20682716369629,20.763906817752893,19.06734447247814,19.24459656279536,1445954,
2017-09-20,20.02957344055176,20.56133165134637,19.751033609364384,20.35875810680233,352596,
2017-09-21,21.143733978271484,21.776779905764645,19.624423752287907,20.23214822906191,2171324,
2017-09-22,19.9536075592041,20.96648100014029,19.82699837908708,20.96648100014029,699026,
2017-09-25,19.39652633666992,20.25746916245481,19.09266507199422,19.97892934785162,426241,
2017-09-26,19.548458099365234,19.953609051563763,19.29523972019261,19.52313664782856,295833,
2017-09-27,19.067344665527344,19.85232125215573,19.0166998307076,19.59910287376574,246799,
2017-09-28,19.193952560424805,19.44717092173963,18.91541081745628,19.0673433797674,139178,
2017-09-29,19.11798667907715,19.59910196201727,19.092665228796683,19.26991731266276,98943,
2017-10-03,19.219274520874023,19.54845724018873,19.092665336852328,19.37120515531949,120333,
2017-10-04,19.4978141784668,19.85232027718312,19.117986629535626,19.269917262727528,226078,
2017-10-05,19.168630599975582,19.59910300526863,19.11798769671896,19.57378155364032,221659,
2017-10-06,19.143308639526367,19.47249329765364,19.04202090380237,19.345884110974364,252115,
2017-10-09,19.3205623626709,19.497814448532782,19.19395317794017,19.219274628505744,233776,
2017-10-10,19.26991844177246,19.49781537145578,19.19395408647998,19.34588472896788,183128,
2017-10-11,20.232147216796875,20.763905382905364,19.14330750322488,19.24459523293668,1872451,
2017-10-12,20.76390647888184,21.118412585633564,20.43472182291891,20.561331008765748,1050864,
2017-10-13,20.434720993041992,21.143733177751663,20.3587566437606,21.01712399704656,373056,
2017-10-16,19.852319717407227,20.76390542275749,19.72571053800017,20.68793914235216,249022,
2017-10-17,19.72571182250977,20.18150373891402,19.4978148983562,20.080217934315,178344,
2017-10-18,20.13086128234864,20.5106888537137,19.523136781783936,19.85232144972817,304184,
2017-10-19,20.00425148010254,20.38407903985132,19.8523208425836,20.15618211762148,104437,
2017-10-23,21.75145721435547,22.1819276477359,19.92828388802617,20.00425016775342,2701055,
2017-10-24,21.27034378051757,22.46046938595204,21.09309168844109,22.10596520179908,1261664,
2017-10-25,20.33343505859375,21.346308497489524,20.2827902275073,21.017123857087288,395186,
2017-10-26,20.56133079528809,21.06776753341737,20.28279097569754,20.384078709703967,315432,
2017-10-27,20.66261863708496,21.32098601370697,20.460045099918187,20.687940087742952,414029,
2017-10-30,20.738584518432617,21.1184120666387,20.536009053294915,20.536009053294915,301202,
2017-10-31,20.35875701904297,20.890515201425977,20.25746928623125,20.76390601838703,316263,
2017-11-01,20.33343505859375,20.83987177804164,20.30811167709914,20.48536568804756,365999,
2017-11-02,20.71326446533203,21.118413491031067,20.33343689150738,20.460046082782263,385034,
2017-11-03,20.282791137695312,20.81454933059763,20.15618195215177,20.76390642914136,521250,
2017-11-06,21.27034378051757,21.675492799480185,20.2574702671596,20.2574702671596,1470826,
2017-11-07,20.56133079528809,21.523561370494875,20.35875725917807,21.39695218596255,634237,
2017-11-08,20.054893493652344,20.83987196121853,19.87764141304869,20.586653599268868,418427,
2017-11-09,20.20682716369629,20.7132639153488,19.953608787870035,20.25747006610038,353292,
2017-11-10,20.080217361450195,20.38407863038423,20.02957252869264,20.206826545489847,190287,
2017-11-13,19.902963638305664,20.33343602953347,19.85232073670374,20.15618201012101,219062,
2017-11-14,19.902963638305664,20.40940038193636,19.80167590319895,20.004251373412373,282187,
2017-11-15,19.523136138916016,19.953608531430035,19.44717178628615,19.953608531430035,152495,
2017-11-16,19.82699966430664,19.902964018159327,19.548457904471423,19.64974564151124,168080,
2017-11-17,19.928285598754883,20.308113166191657,19.87764269585781,19.97893043355487,133395,
2017-11-20,19.852319717407227,20.1308595257222,19.67506570709569,19.978928896814285,185763,
2017-11-21,20.02957344055176,20.46004584502581,19.801676512524665,19.90296425074814,388012,
2017-11-22,19.82699966430664,20.181503846091648,19.776354829835284,20.15618239480742,172232,
2017-11-23,19.72571182250977,19.95360874666334,19.675066988307368,19.75103327365952,197504,
2017-11-24,20.20682716369629,20.96648229117505,19.80167621685197,19.877642502361,1492270,
2017-11-27,20.434720993041992,21.1184117279912,20.20682601329504,20.3587566437606,966481,
2017-11-28,20.384078979492188,21.06776781225438,20.308112695006223,20.536009616561245,1138911,
2017-11-29,22.207250595092773,22.89094136305098,20.460045362528504,20.460045362528504,5448824,
2017-11-30,22.35918235778809,23.245446633525283,21.776779346685377,21.90338852893355,3288305,
2017-12-01,21.320985794067383,23.1948021019982,21.042445975893184,22.71368681684121,2158581,
2017-12-04,24.258319854736328,24.714111747239286,21.62484850329792,22.71368630086286,9827737,
2017-12-05,25.54973602294922,27.04372491533334,23.498667443460587,23.90381648243687,14115018,
2017-12-06,24.94200897216797,26.486640613505426,24.815399789568133,25.29651506982808,3047884,
2017-12-07,25.44844627380371,26.23342283716236,24.688791161152857,25.169906452212302,2293881,
2017-12-08,27.14500999450684,28.05659772251208,24.91668937424601,25.57505678632528,6945852,
2017-12-11,29.575904846191406,29.98105383067977,27.37290398295007,27.37290398295007,6387784,
2017-12-12,28.208526611328125,29.525261353555567,27.98062969350723,29.373330718975915,3572329,
2017-12-13,27.7274112701416,28.917536825870567,27.145008251523617,28.10723882178738,2279323,
2017-12-14,27.09436416625977,28.157880491613536,26.511961173102428,28.10723759303583,1683203,
2017-12-15,28.081918716430664,28.48706773787768,27.29694212514529,27.49951566991733,1639876,
2017-12-18,27.9046630859375,29.27204264506736,25.11926106737412,26.866468174489896,2422099,
2017-12-19,31.829545974731445,32.513234750245864,27.92998491157116,28.0819155359185,9832696,
2017-12-20,32.03212356567383,33.27289202388122,31.5003653790274,32.00680211524359,4036400,
2017-12-21,33.42482376098633,34.28576464567132,31.930835039834413,32.20937485146207,4500935,
2017-12-22,32.94371032714844,33.93126038999164,32.58920230329802,33.65271864723814,1809276,
2017-12-26,33.196929931640625,34.58963096995985,32.48791772118969,33.12096364769843,3039933,
2017-12-27,32.310665130615234,33.72868768228462,31.93083755792328,33.348860109592664,1542561,
2017-12-28,31.52568817138672,32.66517087637661,31.297791244008163,32.15873411860332,1064583,
2017-12-29,32.2600212097168,33.82997628647771,31.62697527519293,31.8548721980021,2347367,
2018-01-01,32.310665130615234,33.62740187508912,32.03212529702172,32.91838963330296,1725758,
2018-01-02,31.2724666595459,32.69049098477218,30.69006367369205,32.53855842713885,1550721,
2018-01-03,31.297792434692383,32.1334138895696,30.89264339944097,31.399080176480982,1215691,
2018-01-04,31.829545974731445,32.513234750245864,31.348432652948635,31.551006174777527,1573851,
2018-01-05,31.348432540893555,32.3106611129224,31.171178536536324,32.15873048911813,973087,
2018-01-08,32.15873336791992,32.66517011387141,31.652296621968425,31.753584357539296,1501921,
2018-01-09,32.791778564453125,33.829975415876994,31.702938812331777,32.41195101351352,2912821,
2018-01-10,32.69049072265625,33.120961147425206,31.981478565728047,32.66516734198526,1048593,
2018-01-11,36.23554992675781,36.84327246310114,32.15873266538725,32.66516940027523,10580442,
2018-01-12,35.298641204833984,37.60293004611132,34.2351247641698,36.61537989345298,4305951,
2018-01-15,35.39992904663086,36.3368362467833,34.7922026378089,35.70379031913899,1441583,
2018-01-16,33.09564208984375,35.52654012718714,32.918389993409654,35.52654012718714,1569330,
2018-01-17,33.62739944458008,34.1085127896938,31.829547518260288,33.39950059915336,1498841,
2018-01-18,31.829545974731445,34.083191618811696,31.12053575047626,34.083191618811696,1034825,
2018-01-19,33.171607971191406,33.37418344912016,31.4497222045058,32.10809154182278,1415201,
2018-01-22,34.817527770996094,35.24799825067632,32.51323893299326,33.17160827636718,2290791,
2018-01-23,33.72868728637695,35.146711753304494,33.42482600455129,34.893493374482134,866697,
2018-01-24,32.46259307861328,33.57675618430728,32.15873181844421,33.37418072292605,744670,
2018-01-25,33.07032012939453,34.0325468286924,32.41195083258539,32.41195083258539,755633,
2018-01-29,33.09564208984375,34.28576772453661,32.94371337738849,33.931263531668414,730380,
2018-01-30,32.108089447021484,33.01967324251837,31.956156882535858,33.01967324251837,592512,
2018-01-31,32.86774444580078,34.26044544889569,31.65229552488412,32.31066288542114,1793333,
2018-02-01,33.67804336547852,34.893492319850914,32.43727489227265,33.07032082019518,1617356,
2018-02-02,30.66474151611328,33.1209606476264,30.08234047562041,32.71580974583679,1590908,
2018-02-05,30.563457489013672,31.52568809934521,27.929987900132865,30.234274756355024,1312541,
2018-02-06,29.29736328125,29.82912337917864,28.30981322944599,28.41109902723929,1473713,
2018-02-07,31.449722290039062,32.13341308098083,30.335562954109555,30.360884405943786,1266818,
2018-02-08,33.6527214050293,34.13383864886623,31.90551611564716,32.00680385477583,1622582,
2018-02-09,34.9188117980957,35.80507609615707,31.348435087046177,32.361308570544885,2621304,
2018-02-12,35.65314865112305,36.41280379057678,34.792203841458644,35.27332108139618,2105336,
2018-02-14,35.60250473022461,37.34970995550207,35.19735378857483,35.98233228909412,2322927,
2018-02-15,33.34885787963867,36.108940374924,32.74113534949076,36.108940374924,1892229,
2018-02-16,32.310665130615234,33.98190606407926,31.9055161061244,33.450149780594046,873854,
2018-02-19,31.247148513793945,32.58920477017319,30.71539030157188,32.31066493823809,946585,
2018-02-20,31.297792434692383,32.51323954044663,31.14586178796098,31.905516953521,695548,
2018-02-21,31.171180725097656,32.032123562973155,30.766031722539434,31.880192928501675,571804,
2018-02-22,31.247148513793945,31.8801944645114,30.639424014724607,30.86732094336348,462822,
2018-02-23,31.6776180267334,32.08276703652375,31.449721105006684,31.449721105006684,473171,
2018-02-26,31.399076461791992,32.18405298695624,31.297788731986305,32.03212235819909,551123,
2018-02-27,30.867319107055664,31.80422628561938,30.76603137458593,31.652295652866183,511619,
2018-02-28,30.892641067504883,31.32311152273357,30.15830740984756,30.386204328693328,404349,
2018-03-01,31.57633209228516,32.335987253433025,30.8420003153646,31.14586160706256,960516,
2018-03-05,30.96860694885254,32.03212331378221,30.89264066625636,31.323111115893884,440312,
2018-03-06,29.474618911743164,31.525687340271844,28.968182167321128,31.272468968060828,636106,
2018-03-07,28.00595092773437,29.55058257585744,27.626123378266268,29.22139985879344,946124,
2018-03-08,28.15788078308105,28.714962332716,27.195652176825234,28.360456243294266,578041,
2018-03-09,27.550159454345703,28.68964212040389,27.24629625092181,28.411100367622943,809836,
2018-03-12,27.24629592895508,28.18320504689549,27.11968674533363,28.05659586327404,601222,
2018-03-13,28.46174430847168,29.246720845209296,27.271616846537945,27.32226167813885,1219581,
2018-03-14,28.51238822937012,28.765606600735577,27.92998713437128,28.461745327858168,430353,
2018-03-15,28.588356018066406,29.6518724610101,28.33513763337477,28.76560811458937,1670218,
2018-03-16,28.36045837402344,29.499941076551163,28.284492087760423,28.765607392986045,709239,
2018-03-19,27.271617889404297,28.61367603365548,26.91711371415564,28.436423946031145,902535,
2018-03-20,26.739858627319336,27.70208917519465,26.613249446383257,27.0437218207076,442471,
2018-03-21,26.86646842956543,27.600802082357337,26.61325006183738,26.891789879957667,504610,
2018-03-22,26.05616950988769,27.043721495701465,25.82827260056101,26.84114603587713,294927,
2018-03-23,25.14458465576172,25.372479640901098,24.511538737257176,25.22054900684057,466453,
2018-03-26,25.904239654541016,26.435997837581155,25.01797537217318,25.24587035640265,806469,
2018-03-27,26.587928771972656,27.0690440599413,26.157458316997094,26.157458316997094,446917,
2018-03-28,25.980205535888672,26.73986067981468,25.7776319899835,26.68921777631412,348128,
2018-04-02,27.92998695373535,28.25916967523976,26.38535335287361,26.73985945687308,1168385,
2018-04-03,29.04414749145508,29.27204442044939,27.90466477838644,28.005952517039788,708931,
2018-04-04,28.537710189819336,29.981056091522817,28.183206009098413,29.19607951265052,690058,
2018-04-05,29.52526092529297,30.0316976544812,28.942859845868195,28.942859845868195,848676,
2018-04-06,29.01882553100586,29.80380211097692,28.66431941788583,29.651871471612026,490776,
2018-04-09,28.765607833862305,29.29736605014466,28.613677190910625,28.942861860558384,250160,
2018-04-10,28.46174430847168,29.12011166406121,28.03127193342649,28.89221475161408,404612,
2018-04-11,28.081918716430664,28.6136769278238,27.75273404980957,28.56303402460652,411628,
2018-04-12,28.841571807861328,28.99350243862641,28.08191672213313,28.13255962175389,520082,
2018-04-13,29.14543342590332,29.778479338420347,28.689641528032748,29.1201119757832,559300,
2018-04-16,28.765607833862305,29.12011395535152,28.41110171237309,29.12011395535152,292820,
2018-04-17,28.61367416381836,29.1201108746824,28.56303126549305,28.86689251925037,250460,
2018-04-18,28.28449249267578,28.96818328312176,28.18320668541233,28.81625264032363,519049,
2018-04-19,29.67719268798828,29.98105589621618,28.157882442557423,28.36045791470936,1195589,
2018-04-20,31.449722290039062,31.70294067218721,29.75315990240763,29.87976909348171,2292399,
2018-04-23,30.892641067504883,31.930835995688003,30.563456414516235,31.525686991019327,833553,
2018-04-24,30.563457489013672,31.576331002245645,30.41152684840945,30.99392989127901,470421,
2018-04-25,29.981056213378903,30.639423606983087,29.72783783646169,30.436848132688155,471971,
2018-04-26,29.80380249023437,30.58878101209729,29.39865346947144,29.930411679966724,284830,
2018-04-27,30.00637626647949,30.38620381415645,29.87976708392051,29.955733366217025,200436,
2018-04-30,30.53813743591309,30.79135582581602,29.930412913765448,30.082345493229607,356610,
2018-05-02,29.550582885742188,31.29779001799828,29.12011243125863,30.690065546095788,535694,
2018-05-03,29.01882553100586,29.52526228349079,28.4617458760336,29.37333164412589,271115,
2018-05-04,29.29736328125,29.601226470338183,28.66431738552807,28.81624994602354,216701,
2018-05-07,29.398653030395508,29.95573461603946,28.79092854237615,28.79092854237615,276900,
2018-05-08,29.474618911743164,30.48749240058724,29.221400539532148,29.75315873479472,403906,
2018-05-09,28.816251754760746,29.87976815356724,28.436424193486584,29.87976815356724,358741,
2018-05-10,28.385778427124023,29.34800899017344,28.33513552671208,29.17075497492601,141564,
2018-05-11,28.081918716430664,28.81625240449876,27.90466469136434,28.132561619647944,204701,
2018-05-14,26.86646842956543,28.7656061875258,26.28406734293261,27.854020450085383,461574,
2018-05-15,26.89179039001465,28.05659644917883,26.435998478600844,26.587929115738778,270551,
2018-05-16,26.63857078552246,27.246295237871465,26.33470952529935,26.562606436418072,148058,
2018-05-17,27.19565391540528,27.752733568750767,26.689217164399228,27.06904472765376,272572,
2018-05-18,25.701663970947266,27.60080170279066,25.37247932466662,26.891789510141336,392402,
2018-05-21,25.169906616210938,26.233423008090508,25.06861888081696,25.77763109667192,220786,
2018-05-22,26.258745193481445,26.435999218354823,25.220550223433925,25.397804248307303,266493,
2018-05-23,26.461320877075195,26.891791353031994,25.98020556565688,26.25874539903498,240621,
2018-05-24,26.967758178710938,28.233850111983752,26.25874592331697,27.347585758692784,544987,
2018-05-25,26.48664283752441,27.24629799690983,26.081493805566115,27.24629799690983,232384,
2018-05-28,26.689218521118164,26.99307981440712,26.3347123910124,26.58793077938752,221724,
2018-05-29,25.878915786743164,26.63857087166012,25.72698515614033,26.58792797209344,316311,
2018-05-30,24.840723037719727,25.92956285965146,24.71411384595571,25.85359657183187,464186,
2018-05-31,23.802526473999023,25.144584590506906,23.70123874092059,25.11926120831018,474526,
2018-06-01,24.20767593383789,24.76475751039049,23.34673308418596,23.701239190737088,435868,
2018-06-04,24.15703392028809,24.84072277584505,23.574630871552205,24.81540132413978,420635,
2018-06-05,22.48579216003418,24.13171157464313,22.283216690090395,23.954457555466604,432117,
2018-06-06,22.73900985717773,23.19480175318026,22.232573129239725,22.48579149320873,275949,
2018-06-07,23.853168487548828,24.05574394617243,23.06819196621217,23.29608887418804,460610,
2018-06-08,24.56218147277832,24.714112105817005,23.473341727512587,23.726560093211333,235687,
2018-06-11,24.359607696533203,24.99265365467495,24.20767705295977,24.73943527141825,309031,
2018-06-12,24.58750343322754,24.967330989658148,24.05574524060526,24.308963611559,199105,
2018-06-13,24.23299598693848,24.891365260519382,24.157031638996425,24.308962266783272,144642,
2018-06-14,24.131711959838867,24.48621614004488,24.00510277207875,24.25832114759898,118094,
2018-06-15,23.751882553100582,24.5621805191144,23.34673163819094,24.106386705792417,147961,
2018-06-18,23.39737701416016,24.05574436838812,23.24544638347721,24.05574436838812,103806,
2018-06-19,22.587078094482425,23.321411762421366,22.384504555263216,23.321411762421366,175235,
2018-06-20,22.840295791625977,23.245446721882363,22.28321616037766,22.28321616037766,187806,
2018-06-21,22.48579216003418,22.99222890299077,22.283216690090395,22.99222890299077,163532,
2018-06-22,22.029998779296875,22.485792630250387,21.90338959091012,22.485792630250387,91010,
2018-06-25,21.852746963500977,22.78965419660004,21.700814390001305,22.029999056713365,154878,
2018-06-26,20.68794059753418,21.903389578097265,20.30811303259608,21.54888346444113,180065,
2018-06-27,19.39652633666992,20.76390589151618,19.24459570433207,20.713262991371167,306059,
2018-06-28,19.62442398071289,20.004251541629912,18.7634811229204,19.67506688274068,177045,
2018-06-29,20.409400939941406,20.63729786718663,19.624424352232683,19.624424352232683,201715,
2018-07-02,19.928285598754883,20.56133154448284,19.751033506712226,20.56133154448284,130243,
2018-07-03,21.169057846069336,21.44759769958938,19.573783085780143,19.751035192955698,261539,
2018-07-04,20.66261863708496,21.19437682851417,20.434721717357345,21.19437682851417,179166,
2018-07-05,20.56133079528809,21.04244608289148,19.92828487262647,20.839872546781468,208524,
2018-07-06,21.523561477661133,21.70081356412779,20.434721712500664,20.434721712500664,415536,
2018-07-09,21.97935485839844,22.207249841413905,21.1184120308754,21.1184120308754,239577,
2018-07-10,21.47291755676269,22.46046760861792,21.320984996259348,22.23257263166841,182358,
2018-07-11,24.460893630981445,25.42312418910463,21.87806708513913,22.25789463199257,4198690,
2018-07-12,23.57462882995605,24.46089308620931,23.32141047102656,24.28364100771976,886457,
2018-07-13,24.30896377563477,24.86604342273192,23.09351481409188,23.72656074574904,1350814,
2018-07-16,22.409826278686523,24.43557328692937,22.15660790265617,24.1317120084541,344563,
2018-07-17,24.5368595123291,24.790077872762005,21.87806672778359,22.53643407852859,1005947,
2018-07-18,23.777204513549805,25.22054840026542,23.397376971582247,24.916687139452485,499468,
2018-07-19,23.042871475219727,24.05574494665796,22.89094084088456,24.030423496252567,152465,
2018-07-20,23.22012519836425,23.777206806104463,22.73901181100617,22.992230196732727,177316,
2018-07-23,23.853168487548828,24.10638684487696,22.40982462353958,23.27076742483577,253727,
2018-07-24,24.58750343322754,25.195227909897085,23.903814604413583,23.903814604413583,742673,
2018-07-25,24.15703392028809,24.916689062863792,23.90381553942952,24.76475842072924,343011,
2018-07-26,24.283641815185547,24.86604290094741,24.055744898190543,24.35960616624866,367909,
2018-07-27,24.30896377563477,24.89136680552049,24.131711687531908,24.30896377563477,274155,
2018-07-30,26.587928771972656,26.96775632585798,24.359606349750955,24.359606349750955,1805300,
2018-07-31,24.891366958618164,27.398227317876987,24.308963925150287,26.73985993128474,3566951,
2018-08-01,24.68879127502441,25.651021861581384,24.38493000132372,24.81540046105018,953702,
2018-08-02,23.625274658203125,24.815400222650744,23.473342090909515,24.6128247541945,1104650,
2018-08-03,25.29651641845703,25.67634398650623,23.650596956910515,23.751884694770883,2318626,
2018-08-06,24.94200897216797,25.67634261762759,24.66346915682889,25.57505488516716,586132,
2018-08-07,25.372478485107425,26.28406611175064,24.587501968300423,24.587501968300423,992758,
2018-08-08,25.60037612915039,26.03084850566499,25.1192608527648,25.372479215925345,768278,
2018-08-09,25.14458465576172,25.929561208326792,24.96733063943876,25.752307192003823,317998,
2018-08-10,24.41025352478028,25.397805646013147,24.359608686928084,25.2965179022118,294004,
2018-08-13,24.258319854736328,24.891365759798312,23.751883130686743,24.28364130455825,287126,
2018-08-14,24.0810661315918,24.739433494388187,23.90381404880528,24.283641596407367,232468,
2018-08-16,23.87849235534668,24.511538261565807,23.802526073839267,24.005101536590505,166344,
2018-08-17,25.62569808959961,25.980204191467383,24.106387880368736,24.106387880368736,1020794,
2018-08-20,26.48664283752441,26.765182676251804,25.220550905215376,25.701666225873403,910732,
2018-08-21,27.04372215270996,27.803377247652342,25.752306945785666,26.714537505473807,1480035,
2018-08-23,27.271617889404297,27.600802545738468,26.38535358747692,26.84114742980072,901010,
2018-08-24,26.84114646911621,27.524835276228806,26.587928106200017,27.32226174503753,422079,
2018-08-27,26.309389114379883,27.19565341224319,26.1574584782696,27.069044226834144,377367,
2018-08-28,26.20810317993164,26.91711543968616,26.08149398582569,26.23342463237224,406227,
2018-08-29,26.05616950988769,26.511961396638288,25.77762970155631,26.461318497633588,282033,
2018-08-30,26.689218521118164,27.1956552978684,25.98020626090664,26.20810319682484,659690,
2018-08-31,26.20810317993164,26.91711543968616,25.98020624416033,26.537287857368305,281224,
2018-09-03,25.95488166809082,26.81582447077877,25.77762959043569,26.435996934172568,312212,
2018-09-04,25.220548629760746,26.284066916089103,24.866042534317955,26.18277918426219,291908,
2018-09-05,25.27119445800781,25.72698637134549,24.5621822391676,25.24587107512555,304357,
2018-09-06,25.575056076049805,25.98020509285417,25.2205499618824,25.87891735567736,508823,
2018-09-07,25.575056076049805,25.92956219021721,25.34715915037769,25.80295300172192,206765,
2018-09-10,24.891366958618164,25.67634353232057,24.86604357567383,25.52441289416896,208664,
2018-09-11,23.97977828979492,25.16990575932745,23.80252620781698,25.09393947739245,316075,
2018-09-12,24.23299598693848,24.308962266783272,23.675916374419124,24.13171018968241,248025,
2018-09-14,24.182355880737305,24.714114105346745,23.9038160423136,24.688792653108766,249017,
2018-09-17,24.30896377563477,24.48621586373762,23.97977911841189,24.0557454029719,207121,
2018-09-18,23.82784843444824,24.663469835357475,23.751884081940133,24.35960662961645,129714,
2018-09-19,23.57024955749512,24.36880406747204,23.44145037958531,24.18848600452609,360347,
2018-09-21,22.359539031982425,23.95664812055849,21.12306608479351,23.85360838073949,297233,
2018-09-24,20.582109451293945,22.642896340728743,20.24723079563298,22.462576308711483,430629,
2018-09-25,20.55635070800781,21.174585223628224,19.628995003938,20.81394907795618,306121,
2018-09-26,20.942747116088867,21.303383242012192,20.60786846736637,20.73666764528741,199023,
2018-09-27,20.350271224975582,21.483704445759667,20.092672855039183,21.123066334784788,192283,
2018-09-28,18.9077205657959,20.916986652916272,18.23796520342244,20.607869398073007,359334,
2018-10-01,19.19107818603516,19.732034359289013,18.547082273752096,19.13955929918033,396142,
2018-10-03,19.44867515563965,20.01539073166297,18.93347846277502,19.34563542400284,209387,
2018-10-04,19.31987762451172,19.68051573323319,18.95923951579025,19.062279256184897,133117,
2018-10-05,19.47443580627441,19.65475583916372,19.113797705815355,19.319877181883257,203102,
2018-10-08,20.09267234802246,20.83970799505131,18.650121905843733,19.371396144273326,678192,
2018-10-09,20.118432998657227,20.710910056244227,19.989633809209582,20.35027193272691,180616,
2018-10-10,20.19571113586425,20.83970701414233,19.9123533424858,20.272989462065954,402222,
2018-10-11,19.47443580627441,19.83507390673348,19.062278819458147,19.47443580627441,340198,
2018-10-12,20.144189834594727,20.60786764268285,19.88659148906119,19.96387177884901,283370,
2018-10-15,19.98963165283203,20.45330947095224,19.88659191932538,20.29875085335199,235870,
2018-10-16,19.98963165283203,20.73666726410595,19.88659191932538,20.092671386338683,477940,
2018-10-17,19.088037490844727,20.55634927649091,18.959238314839943,20.272989517024826,646425,
2018-10-19,18.80467987060547,19.062278224997325,18.547081516213613,18.984997932551977,396240,
2018-10-22,18.856199264526367,19.551716019356967,18.80468037838463,19.551716019356967,129514,
2018-10-23,18.41828346252441,19.062279387787505,18.10916620452597,18.75316212978906,356668,
2018-10-24,18.10916519165039,18.90771970124823,17.825805428127737,18.90771970124823,315858,
2018-10-25,17.59396743774414,18.006124389374065,17.542446590465797,18.006124389374065,501471,
2018-10-26,18.16068458557129,18.23796488057388,17.310609201820988,17.877326779427705,1281100,
2018-10-29,18.650121688842773,18.77892086906224,17.67124713304701,18.418282771383826,244284,
2018-10-30,19.088037490844727,19.319876400717224,18.469801052957884,18.753160812423967,213876,
2018-10-31,19.68051528930664,19.83507391375249,18.62436239605385,19.06227882620369,309974,
2018-11-01,19.809314727783203,19.96387335423596,19.42291717899154,19.706274988374847,237815,
2018-11-02,19.68051528930664,20.81394847744212,19.55171610804851,19.88659280012793,928136,
2018-11-05,19.938112258911133,20.04115198978301,19.680513914391145,19.73203279716738,301113,
2018-11-06,19.628995895385746,20.066914323377727,19.525958114982625,20.066914323377727,237348,
2018-11-07,19.654756546020508,20.04115410355444,19.44867706254124,19.83507462007517,231061,
2018-11-09,19.8608341217041,20.35027142239525,19.16531930225641,19.732034935486407,2024338,
2018-11-12,19.26835823059082,20.01539190685047,19.16531849290412,19.75779354529348,290915,
2018-11-13,19.628995895385746,19.783556496629785,19.062280241889862,19.268359733335465,136004,
2018-11-14,19.29411697387696,19.783554236147047,19.24259612424252,19.73203338651261,138765,
2018-11-15,19.26835823059082,19.319877116774403,19.139559049812323,19.242596822179493,105108,
2018-11-16,18.88196182250977,19.294118832695645,18.83044096791175,19.26835938805646,117075,
2018-11-19,19.11379814147949,19.268358734713114,18.907720626033964,19.06227925394801,137877,
2018-11-20,19.0622787475586,19.78355494575619,18.830439829186545,18.98499845299473,192570,
2018-11-21,19.26835823059082,19.39715741136932,18.907720131347123,19.062278755217413,106431,
2018-11-22,18.933481216430664,19.31987879227619,18.75316313383064,19.2425984909792,176744,
2018-11-26,19.036518096923828,19.50019393893581,18.959237807262127,19.21683615237525,183094,
2018-11-27,18.80467987060547,19.03651878262204,18.675880693409542,18.9334790478014,114853,
2018-11-28,18.10916519165039,18.90771970124823,18.0318848988134,18.90771970124823,219395,
2018-11-29,18.26372337341309,18.36676310628148,17.7227672325033,18.13492419865745,143567,
2018-11-30,18.212203979492188,18.469802349585823,18.13492564765585,18.28948427664812,118059,
2018-12-03,18.18644523620605,18.41828417128617,18.08340549113493,18.08340549113493,187491,
2018-12-04,17.98036766052246,18.341003819271776,17.9030873606078,18.23796603981178,77267,
2018-12-05,17.774288177490234,18.08340544662307,17.671248432672733,17.90308736718219,113622,
2018-12-06,17.387889862060547,17.903086598714193,17.310609565434667,17.671247674156135,121911,
2018-12-07,17.722768783569336,17.774287671852658,17.00149255568515,17.722768783569336,407777,
2018-12-10,17.207571029663086,17.465169386602238,16.924211264774424,17.465169386602238,213244,
2018-12-11,17.156049728393555,17.51668781169829,16.949972227447596,17.207570577619627,180139,
2018-12-12,17.98036766052246,18.18644518476212,17.181811112469834,17.439409491759154,222129,
2018-12-13,18.26372337341309,18.49556228103712,17.928844732920656,18.289482815300325,346183,
2018-12-14,17.903085708618164,18.134924621649777,17.825805415834463,18.08340377135415,63586,
2018-12-17,18.23796463012696,18.41828269556412,17.877326533933125,17.903085976807073,136472,
2018-12-18,18.34100151062012,18.392522359184653,17.95460399032346,17.980365397265437,121445,
2018-12-19,18.41828346252441,18.70164127657625,18.2894842774718,18.44404290647102,229695,
2018-12-20,19.21683692932129,19.422916399871447,18.65012133328759,18.85619883851826,579928,
2018-12-21,18.650121688842773,19.39715732717959,18.547081951603293,19.21683729568062,184710,
2018-12-24,18.212203979492188,18.778921572889946,18.10916620371041,18.67588183178857,223496,
2018-12-26,18.16068458557129,18.36676406203183,17.928845665883067,18.23796488057388,96069,
2018-12-27,18.05764389038086,18.624361437954526,17.92884471574859,18.006125006655726,91535,
2018-12-28,18.083404541015625,18.418283203572035,17.98036676667787,18.083404541015625,95907,
2018-12-31,18.34100151062012,18.41828180080721,18.10916457069765,18.160683453942777,98167,
2019-01-01,18.727399826049805,18.881960412986377,18.186443667730305,18.186443667730305,121633,
2019-01-02,18.49556350708008,18.75316187366716,18.366764323786537,18.547082394269665,84288,
2019-01-03,18.52132225036621,19.371395648769752,18.289483336139977,18.80468004983405,263848,
2019-01-04,18.18644523620605,18.57284280623304,18.05764604619706,18.36676528141045,87413,
2019-01-07,18.18644523620605,18.444043616224043,18.05764604619706,18.16068579126819,59086,
2019-01-08,18.212203979492188,18.366764573804048,18.03188590655448,18.03188590655448,62000,
2019-01-09,18.28948211669922,18.44404072743844,18.05764321793071,18.05764321793071,96953,
2019-01-10,18.23796463012696,18.34100240162275,18.134924893311645,18.3152429587488,39415,
2019-01-11,18.083404541015625,18.46980209074092,18.031885653846743,18.46980209074092,48743,
2019-01-14,17.387889862060547,18.34100303874196,17.181810381271255,18.3152435949732,206523,
2019-01-15,17.87732696533203,17.980366704633802,17.49092941694007,17.51668886043562,94048,
2019-01-16,17.697006225585938,18.031884873653,17.619727898176254,18.031884873653,55158,
2019-01-17,17.64548683166504,17.825804889072533,17.54244709943815,17.7742860056188,46945,
2019-01-18,17.439409255981445,17.671248187271345,17.387890366947975,17.671248187271345,77043,
2019-01-21,17.41364860534668,17.619728077846204,17.31060886909692,17.439408048079247,81405,
2019-01-22,17.259090423583984,17.82580603942459,17.156050684707633,17.82580603942459,46158,
2019-01-23,17.078773498535156,17.619729707221676,17.02725264298616,17.465171071214055,53032,
2019-01-24,16.84693145751953,17.053008945783056,16.74389173072811,17.02724950541503,63839,
2019-01-25,16.7696533203125,17.310609498647825,16.718134432973734,17.07877254030381,63376,
2019-01-28,16.20293617248535,16.924210353903895,15.945337829410288,16.795411182366365,90907,
2019-01-29,15.919578552246094,16.228696782734904,15.713500059473478,16.228696782734904,74331,
2019-01-30,15.790778160095217,16.383254149864133,15.687739412943056,16.383254149864133,59878,
2019-01-31,15.971097946166992,16.228696300137425,15.58470041521134,15.99685738850014,826679,
2019-02-01,16.151416778564453,16.69237390440061,15.790778694673682,16.69237390440061,122018,
2019-02-04,15.868059158325195,16.640854266347393,15.713500529784676,16.434775767406766,53578,
2019-02-05,15.687740325927734,16.48629483913441,15.017984008492052,16.48629483913441,166323,
2019-02-06,14.99222469329834,15.893818949976732,14.837665088271908,15.610460165424811,151786,
2019-02-07,15.558941841125488,15.661980598867768,14.940705364032636,15.017984678004291,174139,
2019-02-08,15.50742244720459,15.765020823461612,15.301343942730938,15.765020823461612,168453,
2019-02-11,15.610461235046388,15.687741534184694,15.095264481643408,15.455902602089424,115917,
2019-02-12,15.40438175201416,16.022618209902657,15.043744637129004,16.022618209902657,292008,
2019-02-14,15.40438175201416,15.481661063585282,15.2240627032417,15.327102440443038,114786,
2019-02-15,15.095263481140137,15.455901577683315,14.914945415528305,15.352861840768192,99183,
2019-02-18,15.095263481140137,15.198303218055262,14.734626367256713,14.734626367256713,129685,
2019-02-19,15.198302268981934,15.275581575512614,15.0695030972109,15.22406171027226,38296,
2019-02-20,15.249823570251465,15.301343440343286,15.095263959976002,15.121024386351808,28460,
2019-02-21,15.481660842895508,15.687740314360534,15.198303043620712,15.430141957688996,38509,
2019-02-22,15.40438175201416,15.687740537987954,15.198303260271247,15.507421489215496,58969,
2019-02-25,15.790778160095217,15.971097195936109,15.327101341261264,15.327101341261264,57306,
2019-02-26,15.713500022888184,15.842299203403662,15.198303300826275,15.301343038302564,64788,
2019-02-27,15.610461235046388,16.434776237023122,15.455902602089424,16.12565798844937,231097,
2019-02-28,15.481660842895508,15.765019624830046,15.430141957688996,15.507421268158508,36497,
2019-03-01,16.512054443359375,16.949972833501466,15.584700742645994,15.584700742645994,277972,
2019-03-05,17.31060791015625,17.800045156240067,16.640852609613905,17.001490683850367,791314,
2019-03-06,17.00149154663086,17.77428661693226,16.898451810860106,17.568207145390755,302634,
2019-03-07,16.94997215270996,17.25908938542563,16.640852954674855,16.872691861871324,232131,
2019-03-08,17.439409255981445,17.851568229527775,16.795413316464852,16.82117472630123,393371,
2019-03-11,17.46516990661621,17.851567453529672,17.310609315595183,17.74852771462217,302886,
2019-03-12,17.46516990661621,18.186444148329603,17.336370724311724,17.516688793410182,457684,
2019-03-13,17.98036766052246,18.521323863966103,17.516689791673816,17.568208681403814,874990,
2019-03-14,17.46516990661621,18.444042512938577,17.36213016770871,18.006126079231144,250727,
2019-03-15,17.28485107421875,17.9546064757142,17.23333218384206,17.61972975762632,328282,
2019-03-18,17.51668930053711,17.61972904242772,17.23333148432764,17.46517041225161,151409,
2019-03-19,17.51668930053711,17.64548848657047,17.181810630722527,17.51668930053711,161401,
2019-03-20,17.41364860534668,17.64548752057877,17.31060886909692,17.516688341596442,189259,
2019-03-22,17.33637046813965,17.568207420606328,16.486295091363413,17.181809879402497,299709,
2019-03-25,17.053010940551758,17.33637071370389,17.001492053789306,17.027251497170532,429947,
2019-03-26,17.078773498535156,17.362131325435744,16.975733752756845,17.362131325435744,112902,
2019-03-27,16.84693145751953,17.336368685789296,16.74389173072811,17.20756951862985,416827,
2019-03-28,16.94997215270996,17.233329943585897,16.846932420031592,16.846932420031592,366144,
2019-04-01,17.542448043823242,17.928845586485952,17.027251320272956,17.053010763386567,334587,
2019-04-02,17.130290985107422,17.645487706464035,17.027251247772195,17.516688526124884,129550,
2019-04-03,16.615093231201172,17.284848534278733,16.46053461746318,17.284848534278733,173847,
2019-04-04,16.640853881835938,16.872692801949537,16.53781414341661,16.615094438560995,65130,
2019-04-05,16.795413970947266,16.949974574709863,16.512056139582025,16.512056139582025,174079,
2019-04-08,16.640853881835938,17.362130085451675,16.486295256866722,17.001491983643806,295168,
2019-04-09,16.82117462158203,17.001492697396262,16.6150951360918,16.76965376754966,84356,
2019-04-10,16.795413970947266,17.00149346575092,16.769654525426738,16.949974574709863,83154,
2019-04-11,16.486295700073242,16.9242121434786,16.434775829478554,16.846933811576264,82249,
2019-04-12,16.615093231201172,17.00149074820585,16.486294058866278,16.589333789798072,135473,
2019-04-15,16.84693145751953,17.259088399365897,16.64085200393669,16.666611444304714,126882,
2019-04-16,16.640853881835938,16.975732540368863,16.53781414341661,16.743893620255264,69164,
2019-04-18,16.331737518310547,16.74389452903833,16.228697774298688,16.48629615166851,68289,
2019-04-22,15.893818855285645,16.61509405979924,15.765019676527508,16.61509405979924,70442,
2019-04-23,15.50742244720459,15.919579456151894,15.404382703637854,15.713500951678242,118437,
2019-04-24,15.584701538085938,15.71350072435111,15.378623036593622,15.687741280161998,47331,
2019-04-25,15.327102661132812,15.790779519895633,15.198303479106483,15.790779519895633,58041,
2019-04-26,15.275583267211914,15.636221381173668,15.121024637033909,15.481661768335856,41995,
2019-04-30,14.78614616394043,15.404381634450916,14.193669153544056,15.404381634450916,76974,
2019-05-02,14.734626770019531,14.811906083488385,14.42550853348434,14.78614663988536,58245,
2019-05-03,14.657347679138184,14.837665752417232,14.3482294379087,14.786146864428815,65050,
2019-05-06,14.14215087890625,14.8634261169892,14.090631008473224,14.8634261169892,73546,
2019-05-07,14.064870834350586,14.399749506845447,14.039111390001665,14.090631261359322,39600,
2019-05-08,13.523913383483888,14.399748167097208,13.420873650355356,14.245188567404416,84706,
2019-05-09,13.42087459564209,13.575434206221145,13.214796097529812,13.395115151875478,79476,
2019-05-10,12.98295783996582,13.652713188210344,12.905677545225494,13.498154564049228,94578,
2019-05-13,12.184402465820312,12.98295798677542,12.055603283343016,12.98295798677542,129625,
2019-05-14,12.210162162780762,12.313200913013764,11.617685172637188,11.849524080315954,65446,
2019-05-15,11.95256519317627,12.673840458720049,11.694966813863504,12.210163572489035,83151,
2019-05-16,11.66920566558838,11.97832389820299,11.488886614674874,11.97832389820299,90898,
2019-05-17,12.545040130615234,13.13751615273609,11.669205327368932,11.694965752558378,186455,
2019-05-20,13.472394943237305,13.65271400397268,12.545041177540826,13.111757804426372,214118,
2019-05-21,13.42087459564209,13.781512704333425,13.266315967722829,13.755753260566811,613997,
2019-05-22,13.498154640197754,13.60119339599986,13.369355458450292,13.446634770966815,51460,
2019-05-23,13.523913383483888,13.910310908726284,13.240555591370017,13.755752291693211,93524,
2019-05-24,13.936071395874023,14.142150877586896,13.266316028286582,13.395115213027228,93174,
2019-05-27,14.296709060668944,14.580066865203884,13.8072717808434,14.064870142296895,174851,
2019-05-28,14.090630531311035,14.5285479411725,13.910311482231636,14.270949580390434,77489,
2019-05-29,14.245189666748049,14.373988851768662,13.987591296706816,14.116390481727432,57459,
2019-05-30,14.477027893066406,14.631586514556254,14.116389799377092,14.270949403526693,79043,
2019-05-31,14.502787590026855,14.940705002138738,14.373988408973936,14.477028146880178,130200,
2019-06-03,14.39974880218506,14.605827294871297,14.245189195675554,14.554307426034796,66128,
2019-06-04,14.245189666748049,14.605827777869688,14.142150908327434,14.322468981228456,51358,
2019-06-06,13.343595504760742,14.451268310459644,12.957197945843,14.373988995208055,65065,
2019-06-07,13.266315460205078,13.523913818655664,13.008717101754494,13.111756838198628,86834,
2019-06-10,12.879918098449709,13.395114822387695,12.699599048539458,13.395114822387695,48889,
2019-06-11,11.385847091674805,12.87991730219781,11.205528052912095,12.87991730219781,366544,
2019-06-12,11.179769515991213,11.540406640038157,11.076729776172208,11.385848012969436,171393,
2019-06-13,11.20552921295166,11.566167327811728,10.51001341009856,11.025210155521624,129340,
2019-06-14,11.050970077514648,11.308568438457558,10.87065102832266,11.231288144046871,108865,
2019-06-17,10.30393409729004,11.076729154586792,10.252414230271643,11.05096971240746,172868,
2019-06-18,10.097855567932127,10.406973786037549,9.917536525482324,10.303934052449168,66401,
2019-06-19,9.711459159851074,10.226655921830869,9.402340906131233,10.046336858605972,129268,
2019-06-20,9.917536735534668,10.097855781803611,9.325060711502209,9.582659068269342,179426,
2019-06-21,10.02057647705078,10.226654966050695,9.73721769484862,9.762978120135951,92893,
2019-06-24,10.04633617401123,10.252414668228225,9.814497253854755,9.814497253854755,66964,
2019-06-25,9.969056129455566,10.046335436279625,9.840256957195573,9.943295705407747,38223,
2019-06-26,10.25241470336914,10.510013067688265,9.840257713522456,9.840257713522456,149025,
2019-06-27,9.788738250732422,10.432734188280609,9.76297880629442,10.072096070189696,892451,
2019-06-28,9.994815826416016,10.22665473547612,9.788737342062436,9.788737342062436,96821,
2019-07-01,9.917536735534668,10.02057647130542,9.840257425036476,9.840257425036476,57919,
2019-07-02,9.711459159851074,9.840258350346025,9.53114009662618,9.73721860488613,47857,
2019-07-03,9.762978553771973,9.788737997543697,9.531139629187283,9.788737997543697,54447,
2019-07-04,10.04633617401123,10.252414668228225,9.582659316358052,9.60841875963776,69300,
2019-07-05,9.63417911529541,10.406974199966385,9.582659246452058,10.175135281501186,50832,
2019-07-08,9.45386028289795,9.788737964084678,9.144742045394896,9.788737964084678,96873,
2019-07-09,9.29930019378662,9.582658973009488,9.247781309073137,9.582658973009488,64418,
2019-07-10,9.093222618103027,9.531140060665576,9.015943300629598,9.32506155318315,50457,
2019-07-11,9.118982315063477,9.273540937626686,8.861383955684959,9.273540937626686,66464,
2019-07-12,8.758344650268555,9.247781950259249,8.681065335180499,9.247781950259249,97531,
2019-07-15,7.908269882202148,8.80986414604077,7.676430964151168,8.80986414604077,223604,
2019-07-16,8.08858871459961,8.191627964268223,7.934029594431739,7.934029594431739,65182,
2019-07-17,8.191627502441406,8.552265592944382,8.037068882317127,8.037068882317127,39910,
2019-07-18,7.599151134490967,8.243146993346134,7.547631269250615,8.19162712810578,118940,
2019-07-19,7.393073081970215,7.702190817225458,7.264273902781396,7.702190817225458,71696,
2019-07-22,7.006675720214844,7.52187244989741,6.826356668293991,7.393073267476768,134276,
2019-07-23,6.980915546417236,7.315793212711731,6.697557256528886,7.05819485669139,99921,
2019-07-24,8.294668197631836,8.37194751663806,7.00667627199521,7.058195654222718,296475,
2019-07-25,8.629545211791992,9.041702201977849,7.779470805371304,8.52650547291564,411307,
2019-07-26,8.578024864196777,8.809863772415497,8.371946380591096,8.552265422243464,85543,
2019-07-29,7.856750011444092,8.629545094536955,7.650671519151282,8.552265782759621,57181,
2019-07-30,7.418832778930664,7.882510134695015,7.264274151672442,7.779470886079568,49245,
2019-07-31,7.70219087600708,7.727950810307414,7.418832581363166,7.470352449963833,42642,
2019-08-01,7.49611234664917,8.165868178447665,7.341553232952614,8.165868178447665,57342,
2019-08-02,7.444592952728271,7.599152076274412,6.955156137607089,7.418833016915597,71733,
2019-08-05,6.723317623138428,7.341553619113592,6.568758501312161,7.341553619113592,152122,
2019-08-06,7.599151134490967,7.985548649804067,6.697556932093733,6.697556932093733,154528,
2019-08-07,7.573391437530518,7.959788964867074,7.496112128595152,7.727950546731114,75611,
2019-08-08,7.599151134490967,7.702190373641824,7.49611189534011,7.624911067111143,29961,
2019-08-09,8.26890754699707,8.500746480436543,7.547632284582905,7.7279513458514035,129310,
2019-08-13,7.805230617523193,8.474986986542962,7.727951301044712,8.474986986542962,54421,
2019-08-14,7.470352649688721,7.830990265545646,7.418832779710635,7.805230330556602,83593,
2019-08-16,7.521872043609619,7.624911285714573,7.032434783783825,7.521872043609618,52784,
2019-08-19,7.934029579162598,8.191627948503331,7.521872581281345,8.191627948503331,131637,
2019-08-20,7.856750011444092,7.985549191959569,7.599151650413138,7.985549191959569,69240,
2019-08-21,7.676431179046631,8.037069287741756,7.599151865086188,8.037069287741756,66958,
2019-08-22,7.341553211212158,7.676430880454798,7.264273900257666,7.496112324451022,65746,
2019-08-23,7.032435417175293,7.290033791303764,6.955156101468715,7.08395528853295,217043,
2019-08-26,7.418832778930664,7.727951016106898,7.264274151672442,7.624911767491452,241779,
2019-08-27,7.676431179046631,7.882510168490974,7.521872551125744,7.573391929989408,123937,
2019-08-28,7.70219087600708,7.908269859079873,7.599151630135624,7.727950810307414,95283,
2019-08-29,7.521872043609619,7.676430661102119,7.47035217689221,7.54763148563846,38238,
2019-08-30,7.959789276123047,8.371946752998165,7.47035248729067,7.547631799247931,136006,
2019-09-03,8.011308670043945,8.21738715059954,7.83098963106041,7.985548737142033,109048,
2019-09-04,8.06282901763916,8.140108825671975,7.830990576200541,8.114348889661036,43920,
2019-09-05,8.06282901763916,8.165868761682914,7.985549700936258,8.06282901763916,21493,
2019-09-06,8.68106460571289,8.758343914307186,8.037068729660891,8.114348038255187,103249,
2019-09-09,9.196261405944824,10.252414261020784,8.526505098016395,8.526505098016395,433958,
2019-09-11,9.479619026184082,9.685697508406836,9.118981927959194,9.118981927959194,203325,
2019-09-12,9.350820541381836,9.788737962554384,9.2735412276831,9.659938778836564,404075,
2019-09-13,9.24778175354004,9.402340380428372,9.170501457436089,9.350820510579,130554,
2019-09-16,9.65993881225586,10.046336364746097,9.067462761636126,9.196261945799536,181635,
2019-09-17,9.350820541381836,10.046336329990028,9.325061097702186,9.659938778836564,180404,
2019-09-18,9.196261405944824,9.71145811235451,9.093221671598997,9.350820024803838,132468,
2019-09-19,9.005241394042969,9.250839302998925,8.759643485087013,9.14168444546786,131223,
2019-09-20,9.278127670288086,9.714745026616368,8.814221078578104,8.814221078578104,219251,
2019-09-23,9.796611785888672,9.96034303584009,9.523725675317712,9.523725675317712,259673,
2019-09-24,9.578301429748535,9.960342375615324,9.551013236891404,9.960342375615324,121468,
2019-09-25,9.250839233398438,9.632879149927064,9.168972570377145,9.605590956238544,75435,
2019-09-26,8.677777290344238,9.414569927661102,8.514046055819513,9.250838693136377,158564,
2019-09-27,8.541335105895996,8.786933023331326,8.37760385492438,8.75964378751745,100330,
2019-09-30,8.486757278442383,8.759642840729839,8.37760294942962,8.595911607455145,60354,
2019-10-01,7.88640832901001,8.623201020575518,7.613522224058183,8.595912305982548,102052,
2019-10-03,7.831830978393555,7.940985310117347,7.695387933616586,7.831830978393555,77507,
2019-10-04,7.995562553405762,8.104717410228325,7.8591195028664895,8.050139981817043,68045,
2019-10-07,8.02285099029541,8.677777506148091,7.749964898649383,7.995562277033025,55018,
2019-10-09,8.213871955871582,8.29573758008571,7.77725407892203,7.995562757152333,48416,
2019-10-10,8.432180404663086,8.459469118821588,7.968274345924293,8.159294304055939,46190,
2019-10-11,8.35031509399414,8.43218071903284,8.077428983213215,8.213872038603677,59718,
2019-10-14,8.213871955871582,9.223550243297916,8.077428901855406,8.13200581116851,99982,
2019-10-15,8.213871955871582,8.486758063903933,8.186583240970558,8.213871955871582,75942,
2019-10-16,8.514046669006348,8.65048972126293,8.213871849944079,8.213871849944079,58687,
2019-10-17,8.295737266540527,8.54133465038927,8.186582931550966,8.514046457008575,170056,
2019-10-18,8.213871955871582,8.541334973217037,8.186583240970558,8.29573758008571,160916,
2019-10-22,8.104717254638672,8.377603350478507,7.968274206718755,8.377603350478507,61893,
2019-10-23,8.159294128417969,8.350314602926614,8.050139794622565,8.350314602926614,59751,
2019-10-24,8.159294128417969,8.595911984088502,8.077428508193647,8.295737175784453,112895,
2019-10-25,8.104717254638672,8.377603350478507,8.050139827275137,8.350314636796739,47576,
2019-10-27,8.159294128417969,8.432180223150937,8.104717221764727,8.432180223150937,13822,
2019-10-29,8.24116039276123,8.568623399059888,8.104717343347891,8.15929425081987,135829,
2019-10-30,8.24116039276123,8.514046491587909,8.213871678780777,8.268448586252756,107811,
2019-10-31,8.514046669006348,9.087107072092849,8.350314902200662,8.45946923990814,267907,
2019-11-01,8.514046669006348,8.732355344421306,8.350314902200662,8.404891810809932,107774,
2019-11-04,8.568623542785645,8.73235530892579,8.45946920552186,8.70506659448761,59383,
2019-11-05,8.295737266540527,8.950663796966818,8.241160359290209,8.677777699248454,193320,
2019-11-06,8.35031509399414,8.595912489599185,8.186583323427795,8.295737663642376,78212,
2019-11-07,8.323025703430176,8.48675746071019,8.186582659111648,8.213871372073136,71537,
2019-11-08,8.159294128417969,8.404891509579857,8.104717221764727,8.323025889355534,85090,
2019-11-11,8.213871955871582,8.323026294986734,7.995562757152333,8.241160670772606,59707,
2019-11-13,8.13200569152832,8.459469224544993,8.13200569152832,8.459469224544993,51380,
2019-11-14,8.104717254638672,8.186582875195054,7.995562399911601,8.132005447831519,45037,
2019-11-15,7.88640832901001,8.432180538913665,7.831831420313008,8.241160577740748,184511,
2019-11-18,7.913696765899658,8.350314622598804,7.804542431847103,7.804542431847103,95741,
2019-11-19,8.13200569152832,9.141684484588945,8.050140068518623,8.350314887035747,382632,
2019-11-20,7.859119415283203,8.377603417945512,7.777253794067535,8.213871655025253,179568,
2019-11-21,7.88640832901001,7.995562666892953,7.831831420313008,7.913697043602981,75334,
2019-11-22,7.695388317108154,8.050140043011387,7.55894526553169,7.859119562608763,155427,
2019-11-25,7.88640832901001,7.968274472788922,7.6953883678370945,7.6953883678370945,102485,
2019-11-26,7.695388317108154,7.886408277021843,7.668099602695075,7.804542654271539,67037,
2019-11-27,7.995562553405762,8.404891705023577,7.968274359689053,8.241160460767597,723680,
2019-11-28,7.859119415283203,7.995562464301931,7.804542507969066,7.995562464301931,103011,
2019-11-29,7.7772536277771,7.940985387196506,7.749964914459047,7.8045423410951535,99230,
2019-12-02,7.749965190887451,7.9136969561468975,7.722676476596054,7.831831333761641,59912,
2019-12-03,7.613522052764893,7.968274293514217,7.613522052764893,7.968274293514217,91639,
2019-12-04,7.586233139038086,7.749964898112134,7.5589449462665055,7.749964898112134,50426,
2019-12-05,7.558945178985596,7.722676422611564,7.504367750784319,7.6408108007985795,40785,
2019-12-06,7.067749977111816,7.613522184155029,6.112648614786194,7.586233469705081,173045,
2019-12-09,7.067749977111816,7.231481743322567,6.876730016940053,7.067749977111816,59656,
2019-12-10,7.231481552124023,7.340635886548865,7.09503850397074,7.09503850397074,99630,
2019-12-11,7.067749977111816,7.258770457772515,6.876730016940053,7.231481743322567,60891,
2019-12-12,7.25877046585083,7.422502232243799,7.067749984977544,7.122327413938179,84009,
2019-12-13,7.231481552124023,7.313347172820424,7.09503850397074,7.09503850397074,96697,
2019-12-16,7.231481552124023,7.286058979580906,7.09503850397074,7.258770265852465,55121,
2019-12-17,7.3952131271362305,7.504367458802855,7.149615750764101,7.149615750764101,76386,
2019-12-18,7.640810966491699,7.831831448849567,7.258770522264903,7.395213575237968,125188,
2019-12-19,7.422502040863037,7.586233282545446,7.3133471857562,7.504367661704241,109837,
2019-12-20,7.449790477752685,7.50436790709074,7.367924854234544,7.422502283572599,53401,
2019-12-23,7.2860589027404785,7.477078855847182,7.204192762418535,7.449790142406534,49828,
2019-12-24,7.367924690246582,7.422502118369906,7.286059068550525,7.422502118369906,42899,
2019-12-26,7.831830978393555,8.295737018341901,7.286058799285681,7.449790036626915,439266,
2019-12-27,7.722676277160644,7.831831131507345,7.586233229716187,7.831831131507345,87792,
2019-12-30,7.586233139038086,8.022850989739243,7.531656233006012,7.940985370446676,118514,
2019-12-31,7.613522052764893,7.66809948072292,7.504367717337765,7.531656431316779,82795,
2020-01-01,7.531656265258789,7.72267621792242,7.504367551881437,7.72267621792242,86786,
2020-01-02,8.13200569152832,8.241160549526503,7.504367860483461,7.640810912492251,235233,
2020-01-03,8.432180404663086,8.977953126366312,7.968274345924293,7.968274345924293,533449,
2020-01-06,7.913696765899658,8.40489152938062,7.804542431847103,8.295737195328064,123195,
2020-01-07,7.913696765899658,8.40489152938062,7.804542431847103,7.940985479535027,80329,
2020-01-08,7.88640832901001,7.968274472788922,7.722676561941126,7.85911961441704,53540,
2020-01-09,8.050139427185059,8.732354632878709,7.777253344907599,7.777253344907599,180226,
2020-01-10,8.295737266540527,8.514046457008575,7.859119406093357,7.859119406093357,223130,
2020-01-13,8.295737266540527,8.623200791998135,8.241160359290209,8.404891601530089,159116,
2020-01-14,8.268448829650879,8.51404674221569,8.21387192057232,8.323026259218379,83506,
2020-01-15,8.295737266540527,8.35031469427977,8.077428596561404,8.268448552670906,100693,
2020-01-16,8.486757278442383,8.81422026548067,8.241159908041443,8.37760294942962,246997,
2020-01-17,8.323025703430176,8.568623079105743,8.2684482775072,8.404891321825728,125985,
2020-01-20,8.268448829650879,8.459469312648189,8.18658320578857,8.21387192057232,91890,
2020-01-21,8.186582565307617,8.295736895413938,8.077428235201296,8.077428235201296,49118,
2020-01-22,8.213871955871582,8.268448865184684,8.159294526069534,8.268448865184684,57593,
2020-01-23,8.213871955871582,8.241160670772606,8.10471761675643,8.241160670772606,50417,
2020-01-24,8.02285099029541,8.213871462643194,7.995562277033025,8.186582749380808,126821,
2020-01-27,7.995562553405762,8.050139981817043,7.913696931277771,7.940985645483412,103890,
2020-01-28,7.88640832901001,8.159294433961836,7.85911961441704,8.104717525264835,70265,
2020-01-29,7.831830978393555,8.022850928787964,7.7499648392340275,7.940985310117347,63828,
2020-01-30,7.613522052764893,7.831831244108075,7.313347239973597,7.804542530129061,124264,
2020-01-31,7.531656265258789,7.64081059827928,7.422501932238296,7.422501932238296,87452,
2020-02-03,7.176904201507568,7.449790300735824,6.904018102279312,7.204192915528179,62704,
2020-02-04,7.204192638397217,7.504367440098957,7.122327019973519,7.122327019973519,95018,
2020-02-05,7.25877046585083,7.477079140715498,7.204193036890195,7.231481751370513,90787,
2020-02-06,7.14961576461792,7.313347002190662,7.12232705152616,7.313347002190662,77636,
2020-02-07,7.14961576461792,7.258770096496052,7.040460912250878,7.258770096496052,112782,
2020-02-10,7.04046106338501,7.258770252316521,7.013172870196378,7.204192824961413,102260,
2020-02-11,6.822152614593506,7.313347394648663,6.767575185481182,7.067750004621084,157487,
2020-02-12,6.603843688964844,6.90401797624504,6.412823214796612,6.849441069689059,244409,
2020-02-13,5.293990135192871,6.494688848253793,5.293990135192871,6.440111941585386,1198792,
2020-02-14,4.939238548278809,5.485010752055717,4.748218068761317,5.485010752055717,574551,
2020-02-17,5.43043327331543,5.43043327331543,4.96652721668404,5.184835887982467,190733,
2020-02-18,5.948916912078857,5.948916912078857,5.566876467168196,5.7033195203855,485794,
2020-02-19,5.757896900177002,6.139937341790632,5.594165133631464,6.139937341790632,527982,
2020-02-20,5.485010623931885,5.757896719446019,5.375856289824015,5.757896719446019,146899,
2020-02-24,5.293990135192871,5.703319277406067,5.293990135192871,5.703319277406067,155942,
2020-02-25,5.348567485809326,5.457721818073003,5.075681394905676,5.457721818073003,120592,
2020-02-26,5.102970123291016,5.403144407787852,5.075681410021599,5.403144407787852,102658,
2020-02-27,4.939238548278809,5.239413364453895,4.8573724054189125,5.239413364453895,110999,
2020-02-28,4.748218059539795,4.911949824452671,4.611775008860554,4.693641151561458,175338,
2020-03-02,4.639063835144043,4.911949943093692,4.475332066276464,4.748218174226113,154997,
2020-03-03,4.448043346405029,4.857372507871343,4.420755152031764,4.639063829951553,177622,
2020-03-04,4.120580196380615,4.584486252092611,4.066002768419708,4.584486252092611,109911,
2020-03-05,4.202445983886719,4.257023414004174,3.984137304394791,4.093291644140755,107642,
2020-03-06,3.956848382949829,4.147868597664032,3.820405335261904,4.147868597664032,100875,
2020-03-09,4.011425495147705,4.202445707251032,3.711250950483749,4.066002661428019,199853,
2020-03-11,3.9841370582580566,4.202445724263053,3.8749824650111,4.093291391260554,65486,
2020-03-12,3.738539457321167,3.8749825051083953,3.683962290255168,3.8749825051083953,103905,
2020-03-13,3.6020963191986084,3.820405242232196,3.574807866472194,3.6020963191986084,238211,
2020-03-16,3.4383649826049805,3.765828252318677,3.4383649826049805,3.547519319094724,367982,
2020-03-17,3.6020963191986084,3.6020963191986084,3.274633064770454,3.4110761091358897,151731,
2020-03-18,3.4383649826049805,3.765828252318677,3.4383649826049805,3.7112510840738056,112684,
2020-03-19,3.5475192070007324,3.602096373521083,3.274633114154522,3.301921827536926,71788,
2020-03-20,3.5475192070007324,3.711250966806242,3.383787447195223,3.5748079203831367,68335,
2020-03-23,3.3837873935699463,3.6566734820915374,3.3837873935699463,3.3837873935699463,38757,
2020-03-24,3.2746331691741943,3.3837875040488825,3.2200560017368502,3.2746331691741943,95207,
2020-03-25,3.2200560569763184,3.274633225349924,3.1109014599846407,3.2200560569763184,71251,
2020-03-26,3.08361291885376,3.2473444193515903,3.08361291885376,3.220055966057515,119248,
2020-03-27,3.110901355743408,3.2200559490774934,3.001747022653781,3.16547878253268,83032,
2020-03-30,3.029035806655884,3.19276731010694,2.9744583785944005,3.19276731010694,61874,
2020-03-31,3.056324243545532,3.165478838820582,3.0017470760302385,3.029035789910117,118490,
2020-04-01,3.08361291885376,3.110901372147836,2.97445832494408,3.001747038482615,42112,
2020-04-03,3.110901355743408,3.2200559490774934,3.0563241891985946,3.2200559490774934,74752,
2020-04-07,3.247344493865967,3.2473444938659664,3.138190157696064,3.220056039945724,42349,
2020-04-08,3.3837873935699463,3.3837873935699463,3.3837873935699463,3.3837873935699463,13319,
2020-04-09,3.711251020431519,3.711251020431519,3.711251020431519,3.711251020431519,22329,
2020-04-13,4.06600284576416,4.06600284576416,4.06600284576416,4.06600284576416,25897,
2020-04-15,4.448043346405029,4.448043346405029,4.448043346405029,4.448043346405029,34856,
2020-04-16,4.666352272033691,4.666352272033691,4.666352272033691,4.666352272033691,6076,
2020-04-17,4.8846611976623535,4.8846611976623535,4.8846611976623535,4.8846611976623535,15591,
2020-04-20,5.102970123291016,5.102970123291016,4.911949650894016,5.102970123291016,169438,
2020-04-21,5.130258560180664,5.348567756234719,4.8573724554798,5.348567756234719,238448,
2020-04-22,5.075681686401367,5.348567792976828,4.939238633113636,4.939238633113636,76025,
2020-04-23,5.321279048919678,5.321279048919678,4.966527320520608,5.157547281778207,113278,
2020-04-24,5.212124347686768,5.56687605135852,5.102970017363837,5.56687605135852,95185,
2020-04-27,5.457721710205078,5.457721710205078,5.048392581939697,5.403144284907467,114558,
2020-04-28,5.730607986450195,5.730607986450195,5.485010605414399,5.703319272893125,118923,
2020-04-29,5.539587497711182,5.921628445544161,5.485010591227126,5.8397623050847,98967,
2020-04-30,5.512299537658691,5.7306082137982886,5.457722108379323,5.648742590368175,124876,
2020-05-04,5.239413261413574,5.457721930435422,5.239413261413574,5.457721930435422,207326,
2020-05-05,4.9938154220581055,5.348567664369484,4.9938154220581055,5.348567664369484,81164,
2020-05-06,4.857372283935547,5.048392758675597,4.775506663612051,5.048392758675597,50398,
2020-05-07,4.693641185760498,4.857372431377428,4.639063756895563,4.775506808568963,77104,
2020-05-08,4.639063835144043,4.802795604011622,4.529909496061972,4.529909496061972,36894,
2020-05-11,4.857372283935547,4.857372283935547,4.584486188872001,4.748217950007913,48735,
2020-05-12,4.666352272033691,5.075681409571929,4.639063558766693,4.911949650458851,50221,
2020-05-13,4.8846611976623535,4.8846611976623535,4.502620753019125,4.502620753019125,33410,
2020-05-14,5.075681686401367,5.102970401156702,4.911949918358301,4.939238633113636,58900,
2020-05-15,4.966526985168457,5.266701264088882,4.857372134118588,5.266701264088882,22478,
2020-05-18,4.830084323883057,4.93923866307764,4.7209294641995285,4.7209294641995285,39988,
2020-05-19,4.748218059539795,4.884661110219036,4.7209293453061605,4.7209293453061605,24338,
2020-05-20,4.666352272033691,4.884660937191852,4.611774845499694,4.884660937191852,22955,
2020-05-21,4.8846611976623535,4.8846611976623535,4.666352520863064,4.748218144540561,22985,
2020-05-22,4.857372283935547,4.9665271383521015,4.748217950007913,4.911949711143824,20806,
2020-05-26,4.720929145812988,4.884660903807021,4.666352240140918,4.85737219072653,23055,
2020-05-27,4.748218059539795,4.802795488007064,4.639063723094188,4.802795488007064,22372,
2020-05-28,4.830084323883057,4.857372518314994,4.557198215652126,4.857372518314994,32165,
2020-05-29,4.830084323883057,4.911949948156758,4.775506894041293,4.911949948156758,31473,
2020-06-01,4.9938154220581055,5.04839285025645,4.80279546434176,4.830084178440932,78347,
2020-06-02,5.075681686401367,5.239413454444432,4.748218150315236,5.157547310178428,120083,
2020-06-03,5.321279048919678,5.321279048919678,5.048392943846873,5.10297037305701,103280,
2020-06-04,5.539587497711182,5.566876211197668,5.348567544283609,5.457721877740639,75333,
2020-06-05,6.085359573364258,6.085359573364258,5.594164821613289,5.594164821613289,73538,
2020-06-08,6.576555252075195,6.685709590267488,6.303669146349992,6.549266537404886,273817,
2020-06-09,6.1126484870910645,6.849441159403147,5.921628530909768,6.7129981104926815,147909,
2020-06-10,5.948916912078857,6.385534786472017,5.676030805644251,6.167226109519909,102947,
2020-06-11,5.648742198944092,6.167225659214534,5.594164773446613,5.730607816701408,69058,
2020-06-12,5.566876411437988,5.62145384037411,5.212124684820008,5.5941651259060485,79244,
2020-06-15,5.730607986450195,5.894339747303699,5.621453652710833,5.894339747303699,39643,
2020-06-16,5.512299537658691,5.948916889937886,5.266701626390471,5.948916889937886,88135,
2020-06-17,5.648742198944092,5.730607816701408,5.293989974188282,5.648742198944092,51024,
2020-06-18,5.703319549560547,5.785185694203077,5.375856532457263,5.648742640287805,65885,
2020-06-19,6.16722583770752,6.249091457834205,5.485010601688743,5.757896696096254,276401,
2020-06-22,6.139937400817871,6.412823507520888,6.058071777002543,6.194514830354051,183983,
2020-06-23,6.303668975830078,6.3582458832054,5.97620544962244,6.167225926658383,147683,
2020-06-24,6.1126484870910645,6.52197763382246,6.085359773211186,6.52197763382246,92755,
2020-06-25,6.058071613311768,6.194514662976546,5.921628563646988,6.1126485208843215,43525,
2020-06-26,6.0034942626953125,6.3582459882044615,5.894339925653185,6.3582459882044615,87027,
2020-06-29,5.921628475189209,6.249091477199652,5.839762334319907,6.249091477199652,41823,
2020-06-30,5.78518533706665,6.085359620758455,5.7306079106741885,6.003494001658674,45936,
2020-07-01,5.8943400382995605,6.358246109716518,5.78518569917139,5.78518569917139,66632,
2020-07-02,5.948916912078857,6.139937394778659,5.92162871782655,6.085359965296162,79477,
2020-07-03,5.78518533706665,6.112648333954685,5.6487422915744085,6.112648333954685,82994,
2020-07-06,5.566876411437988,5.839762515140722,5.430433359586621,5.64874255484217,141039,
2020-07-07,5.67603063583374,5.757896777608288,5.293990202352629,5.566876300623269,95830,
2020-07-08,5.648742198944092,5.812473434458723,5.566876060697872,5.566876060697872,79509,
2020-07-09,5.594164848327637,5.757896606522813,5.539587422099608,5.6760304671807695,36152,
2020-07-10,5.457721710205078,5.648742178257817,5.348567380098757,5.5941647529602045,59759,
2020-07-13,5.43043327331543,5.566876322999178,5.29399022363168,5.457721987349965,62596,
2020-07-14,5.266701698303223,5.512299612924894,5.239413503779878,5.293990413315513,76630,
2020-07-15,5.348567485809326,5.512299244449299,5.321278772621178,5.321278772621178,56705,
2020-07-16,5.239413261413574,5.348567595924498,5.184835833913651,5.293990168424575,35145,
2020-07-17,5.403144359588623,5.457721785640592,5.239413122410532,5.239413122410532,15136,
2020-07-20,5.266701698303223,5.621453952485111,5.239413503779878,5.621453952485111,41115,
2020-07-21,5.1575469970703125,5.266701328976088,4.993815238967194,5.212124423267656,82173,
2020-07-22,5.0483927726745605,5.239413247944302,4.993815345314943,5.239413247944302,69585,
2020-07-23,5.130258560180664,5.348567756234719,5.021104222398106,5.348567756234719,37637,
2020-07-24,5.075681686401367,5.184836024933762,5.021104256890697,5.021104256890697,27346,
2020-07-27,4.857372283935547,5.075681472279736,4.748217950007913,5.075681472279736,60029,
2020-07-28,4.666352272033691,4.911949650458851,4.639063558766693,4.748217891345773,66637,
2020-07-29,4.58448600769043,4.830083899932585,4.475331678076639,4.693640857793121,54330,
2020-07-30,4.80279541015625,4.857372317249923,4.611774934106082,4.63906364789738,37197,
2020-07-31,4.748218059539795,4.802795488007064,4.639063723094188,4.802795488007064,41016,
2020-08-03,4.80279541015625,4.857372317249923,4.748217982573652,4.775506696364951,33971,
2020-08-04,4.693641185760498,4.857372431377428,4.584486328030629,4.857372431377428,78476,
2020-08-05,4.966526985168457,5.075681315729421,4.639063472996661,4.802795229082559,73922,
2020-08-06,5.021103858947754,5.102969996725532,4.911949529066283,5.102969996725532,43259,
2020-08-07,5.075681686401367,5.102970401156702,4.966527347868971,5.075681686401366,50517,
2020-08-10,5.43043327331543,5.539587608964643,5.075681552333253,5.130258459913396,126647,
2020-08-11,5.730607986450195,5.812473606632487,5.457721891857329,5.703319272893125,121268,
2020-08-12,5.703319549560547,5.921628748118348,5.539587780764433,5.921628748118348,78807,
2020-08-13,5.812473773956299,5.894339916984193,5.512299477654158,5.8397624882989305,103129,
2020-08-14,5.867051124572754,6.058071601940461,5.676030647205047,5.839762410593234,139921,
2020-08-17,5.757896900177002,6.030783004256586,5.676030756659765,5.812473808699556,52748,
2020-08-18,5.948916912078857,5.976205626820107,5.839762573602803,5.8943400030853015,92830,
2020-08-19,6.249091625213623,6.33095776802198,5.921628615446997,5.976205523496968,181502,
2020-08-20,6.1126484870910645,6.276380249881408,6.003494152060477,6.003494152060477,94287,
2020-08-21,6.521977424621582,6.6038435636352535,5.9216283409658645,6.167225717029063,330412,
2020-08-24,7.14961576461792,7.14961576461792,6.303668781706806,6.603843584738351,215961,
2020-08-25,6.876729965209961,7.286059117413198,6.794863822475953,7.095038638189448,445661,
2020-08-26,7.122327327728272,7.204192949689372,6.54926641253378,6.79486379890601,488619,
2020-08-27,7.01317310333252,7.258770493616959,6.958595674163115,7.122327441182388,86951,
2020-08-28,7.04046106338501,7.149615918095226,6.822152394942421,7.095038490740118,77592,
2020-08-31,6.712997913360596,7.095038334993218,6.712997913360596,7.040460908836168,52527,
2020-09-01,6.467400550842285,6.794863547037379,6.385534411426828,6.794863547037379,44671,
2020-09-02,6.631132125854492,6.712998269432425,6.385534736098574,6.4674008796765055,23220,
2020-09-03,6.658420562744141,6.7675748958077,6.358245756452664,6.7675748958077,21124,
2020-09-04,6.521977424621582,6.7675748006847805,6.330957474567498,6.6038435636352535,43551,
2020-09-07,6.631132125854492,6.822152607047396,6.440112165150529,6.521977788239522,35600,
2020-09-08,6.358245849609375,6.631131946510875,6.30366894252243,6.631131946510875,30398,
2020-09-09,6.16722583770752,6.494688838703181,6.058071504042299,6.221802744295671,20328,
2020-09-10,6.194514751434326,6.467400854660704,6.167226037013902,6.276380374206665,30567,
2020-09-11,6.16722583770752,6.44011193211503,6.085359697091915,6.44011193211503,12141,
2020-09-14,6.303668975830078,6.467400738933897,6.139937212726259,6.467400738933897,60393,
2020-09-15,6.41282320022583,6.494688820118252,6.058071486706777,6.41282320022583,15410,
2020-09-16,6.16722583770752,6.385534505037961,6.11264841063045,6.139937124168985,103513,
2020-09-17,6.139937400817871,6.2490917394012895,6.112648686049781,6.167226115585962,25929,
2020-09-18,6.1126484870910645,6.276380249881408,5.8943398170298895,6.112648487091064,39638,
2020-09-21,5.839762210845947,6.112648300329299,5.812473497799831,6.112648300329299,27599,
2020-09-22,5.566876411437988,5.839762515140722,5.566876411437988,5.812473800672661,46095,
2020-09-23,5.375856399536133,5.703319408542706,5.29399025691779,5.566876358001068,30787,
2020-09-24,5.212124347686768,5.403144295629672,5.157546922280851,5.403144295629672,31887,
2020-09-25,5.43043327331543,5.457721987349965,4.96652721668404,5.184835887982467,22275,
2020-09-28,5.485010623931885,5.676030578498426,5.375856289824015,5.676030578498426,15719,
2020-09-29,5.457721710205078,5.67603037041772,5.266701242152339,5.266701242152339,132555,
2020-09-30,5.457721710205078,5.67603037041772,5.2939899548011455,5.67603037041772,42661,
2020-10-01,5.348567485809326,5.703319195788506,5.266701346244884,5.703319195788506,17882,
2020-10-05,5.43043327331543,5.594165037033714,5.348567651700751,5.348567651700751,23353,
2020-10-06,5.512299537658691,5.676030784518919,5.403144679099953,5.403144679099953,47237,
2020-10-07,5.485010623931885,5.676030578498426,5.348567576174817,5.676030578498426,11469,
2020-10-08,5.293990135192871,5.594164943580331,5.266701421614208,5.594164943580331,54956,
2020-10-09,5.348567485809326,5.539587437148533,5.157547013981206,5.457721818073003,28243,
2020-10-12,5.348567485809326,5.512299244449299,5.293990059433031,5.457721818073003,27238,
2020-10-13,5.266701698303223,5.348567843340096,5.1302586437307145,5.348567843340096,14881,
2020-10-14,5.212124347686768,5.266701252603782,5.04839259195792,5.04839259195792,20514,
2020-10-15,5.130258560180664,5.375856470802593,5.102970366101729,5.375856470802593,16976,
2020-10-16,5.130258560180664,5.239413418452161,5.048392936965981,5.184835989316412,33330,
2020-10-19,5.075681686401367,5.321279078221493,4.966527347868971,5.239413454444432,16837,
2020-10-20,5.102970123291016,5.293990075199101,4.857372224355183,5.293990075199101,17472,
2020-10-21,4.9938154220581055,5.348567664369484,4.857372372051175,4.884661086150347,39268,
2020-10-22,5.102970123291016,5.212124455879766,4.911949650894016,5.212124455879766,16187,
2020-10-23,5.1575469970703125,5.348567468272103,5.048392665164537,5.184835710168985,41949,
2020-10-26,5.348567485809326,5.403144391696709,4.966527062641998,5.239413153545648,96173,
2020-10-27,5.184835910797119,5.566876347494911,5.130258482487894,5.566876347494911,20637,
2020-10-28,5.021103858947754,5.321278656488473,4.9938151463551606,5.18483561401441,19963,
2020-10-29,5.102970123291016,5.239413169149183,4.966527077432848,5.239413169149183,13620,
2020-10-30,5.075681686401367,5.293990363466159,5.021104256890697,5.293990363466159,4310,
2020-11-02,5.021103858947754,5.102969996725532,4.830083911777406,5.075681284132939,35547,
2020-11-03,4.939238548278809,5.212124650167263,4.775506783047949,5.212124650167263,38843,
2020-11-04,4.9938154220581055,5.102970278454794,4.911949800249519,5.102970278454794,20305,
2020-11-05,4.911949634552002,5.048392679956224,4.911949634552002,5.048392679956224,8735,
2020-11-06,4.9938154220581055,5.157547186164209,4.693641128434001,5.157547186164209,73441,
2020-11-09,4.939238548278809,5.18483593588063,4.775506783047949,5.18483593588063,31985,
2020-11-10,4.939238548278809,5.048392884936404,4.775506783047949,4.775506783047949,44374,
2020-11-11,4.939238548278809,5.130258507307366,4.8573724054189125,5.130258507307366,27139,
2020-11-12,5.1575469970703125,5.184835710168985,5.048392665164537,5.048392665164537,81676,
2020-11-13,5.075681686401367,5.266701648710824,4.911949918358301,5.157547310178428,57315,
2020-11-14,5.266701698303223,5.321279128327804,5.075681734195079,5.102970449207371,17207,
2020-11-17,5.485010623931885,5.512299337581082,5.266701435227224,5.321278862525619,86237,
2020-11-18,5.757896900177002,5.757896900177002,5.539587704619973,5.676030756659765,54743,
2020-11-19,6.030782699584961,6.030782699584961,6.030782699584961,6.030782699584961,48734,
2020-11-20,6.330957889556885,6.330957889556884,6.330957889556884,6.330957889556884,56568,
2020-11-23,6.631132125854492,6.631132125854493,6.030783008727685,6.603843931817454,226185,
2020-11-24,6.685709476470947,6.82215252701117,6.549266425930723,6.631132048059285,121705,
2020-11-25,6.849441051483154,7.013172811693736,6.740286718172406,6.90401795789407,241177,
2020-11-26,6.985884189605713,7.095038524343989,6.631131951095159,7.013172903412513,541096,
2020-11-27,6.767574787139893,7.231481345822161,6.712997881728919,7.231481345822161,89807,
2020-12-01,6.658420562744141,6.904017942259379,6.576554943068699,6.7675748958077,92480,
2020-12-02,6.658420562744141,6.904017942259379,6.4401118966170205,6.904017942259379,117301,
2020-12-03,6.440112113952637,6.740286930374166,6.358245971025529,6.658420787447058,132416,
2020-12-04,6.740286827087402,6.740286827087402,6.303668966300267,6.303668966300267,182159,
2020-12-07,7.04046106338501,7.067749777062564,6.876729822297529,7.067749777062564,166678,
2020-12-08,6.849441051483154,7.204192764865316,6.71299800472249,7.204192764865316,147427,
2020-12-09,6.794863700866699,7.067749797451618,6.65842065257424,7.067749797451618,149477,
2020-12-10,6.685709476470947,6.82215252701117,6.521977711724892,6.794863812805339,78003,
2020-12-11,6.549266338348389,6.958595484495163,6.467400717314604,6.576555052189292,127273,
2020-12-14,6.849441051483154,6.876729764933071,6.412823197751244,6.412823197751244,141095,
2020-12-15,6.822152614593506,7.0131730959977,6.549266510009765,6.822152614593506,231761,
2020-12-16,6.958595275878906,7.149615746549577,6.822152231253829,7.013172701924501,288599,
2020-12-17,6.931306838989258,7.1496160313798445,6.904018124879317,7.1496160313798445,109388,
2020-12-18,6.685709476470947,7.176904250220178,6.603843854342386,7.176904250220178,97611,
2020-12-21,6.358245849609375,6.876729850113364,6.358245849609376,6.685709374086745,150739,
2020-12-22,6.139937400817871,6.494689131336216,6.058071777002543,6.358246077984707,76882,
2020-12-23,6.385534763336182,6.440112192620937,6.05807174909447,6.05807174909447,52480,
2020-12-24,6.467400550842285,6.685709214972348,6.3036687925002814,6.412823124565313,67966,
2020-12-28,6.603843688964844,6.767574929121707,6.494688834875044,6.494688834875044,125951,
2020-12-29,6.467400550842285,6.658420501833862,6.358245698288342,6.631131788695376,75637,
2020-12-30,6.303668975830078,6.521977646309218,6.276380261897954,6.467400738933897,106490,
2020-12-31,6.385534763336182,6.4946891014167525,6.3036691398979885,6.440112192620937,47795,
2021-01-01,6.521977424621582,6.65842046915546,6.385534380087704,6.65842046915546,60804,
2021-01-04,6.549266338348389,6.767575008097765,6.521977624507485,6.603843766030195,92696,
2021-01-05,6.467400550842285,6.54926616976883,6.412823124565313,6.54926616976883,91158,
2021-01-06,6.767574787139893,6.767574787139893,6.440111793207328,6.576554837468124,181815,
2021-01-07,7.095038414001465,7.095038414001465,7.095038414001465,7.095038414001465,123595,
2021-01-08,7.449790477752685,7.449790477752685,7.449790477752685,7.449790477752685,101265,
2021-01-11,7.722676277160644,7.804542417920669,7.122327180698389,7.804542417920669,386082,
2021-01-12,8.104717254638672,8.104717254638672,7.477078921913699,7.477078921913699,301940,
2021-01-13,8.459468841552734,8.486757554816817,8.077428417322329,8.486757554816817,772122,
2021-01-14,8.432180404663086,8.650489597442164,8.350314782676515,8.59591216912516,179822,
2021-01-15,8.050139427185059,8.595911591739979,8.022850714859533,8.595911591739979,186681,
2021-01-18,7.668099403381348,7.995562406359889,7.668099403381347,7.913696785737485,114241,
2021-01-19,7.640810966491699,7.913697072437831,7.640810966491699,7.6680996811841,83494,
2021-01-20,7.367924690246582,7.9136968895241075,7.286059068550525,7.9136968895241075,154126,
2021-01-21,7.504367828369141,7.6680995941768,7.258770439902119,7.613522165411268,198852,
2021-01-22,7.449790477752685,7.6408109599469345,7.258770516047376,7.395213568903571,180969,
2021-01-25,7.122327327728272,7.722676436583843,7.095038613578262,7.722676436583843,124993,
2021-01-27,7.176904201507568,7.367924679162918,7.04046115189344,7.176904201507568,75554,
2021-01-28,7.04046106338501,7.176904111283858,6.9040180154861615,6.9040180154861615,62234,
2021-01-29,7.367924690246582,7.367924690246582,7.040461162484496,7.040461162484496,91214,
2021-02-01,7.2860589027404785,7.640810616002155,7.204192762418535,7.613521902561507,149257,
2021-02-02,7.640810966491699,7.640810966491699,7.149616183984238,7.395213575237968,142193,
2021-02-03,8.02285099029541,8.02285099029541,8.02285099029541,8.02285099029541,42883,
2021-02-04,8.404891967773438,8.404891967773438,8.050140233476817,8.404891967773438,308240,
2021-02-05,8.541335105895996,9.223550386574235,8.241160798788732,8.950664274302941,759758,
2021-02-08,8.459468841552734,8.923375405575385,8.377603222249403,8.677777506687562,284014,
2021-02-09,8.24116039276123,8.841510018375493,7.968274293934553,8.459469063627001,339582,
2021-02-10,7.968274116516113,8.432180161898959,7.859119263024699,8.350314542269315,153990,
2021-02-11,8.7596435546875,8.7596435546875,7.804542707613346,7.804542707613346,273669,
2021-02-12,8.786932945251465,9.223550304614635,8.623201175245802,8.95066419476818,425324,
2021-02-15,8.677777290344238,9.005240800371489,8.650489098249384,8.977952608276635,90730,
2021-02-16,7.995562553405762,8.677777806102121,7.831831309149781,8.350314797101227,564390,
2021-02-17,8.568623542785645,8.73235530892579,8.050140050415962,8.050140050415962,205330,
2021-02-18,8.732355117797852,9.05981864291084,8.459469020366669,8.841509973161465,184204,
2021-02-19,8.514046669006348,8.732355344421306,8.45946923990814,8.732355344421306,121452,
2021-02-22,8.186582565307617,8.759642928488029,8.132005140010005,8.677777311030512,227988,
2021-02-23,8.323025703430176,8.48675746071019,7.83183095207904,8.48675746071019,102595,
2021-02-24,8.35031509399414,9.005241655770575,8.213872038603677,8.323026378818259,73006,
2021-02-25,8.268448829650879,8.48675802743194,8.21387192057232,8.404891883080689,133971,
2021-02-26,8.86879825592041,9.032529499638564,8.077428669489914,8.213871719580997,442368,
2021-03-01,9.387282371520996,9.496436188272993,8.923375787635864,8.977953216500799,1193706,
2021-03-02,9.46914768218994,9.71474454251952,9.305415400992384,9.523725109255793,321556,
2021-03-03,9.278127670288086,9.823899886187384,9.16897281071707,9.714745026616368,260375,
2021-03-04,9.823899269104004,10.205940212626956,9.196261468440149,9.278127087487116,551175,
2021-03-05,9.441858291625977,10.178650942354668,9.305415246712435,9.76932180761404,275869,
2021-03-08,9.660168647766112,10.096786004544448,9.441858928399055,9.52372559365065,195762,
2021-03-09,9.278127670288086,9.9330547457584,9.223550240502576,9.851188080591193,246389,
2021-03-10,9.11439609527588,9.41457038687196,9.005241239616657,9.278127337786858,187051,
2021-03-12,9.250839233398438,9.933054485390128,9.223549998732052,9.27812742708696,425198,
2021-03-15,9.305415153503418,9.496435622664556,9.05981829970579,9.496435622664556,175548,
2021-03-16,9.278127670288086,9.796611691783577,9.223550240502576,9.305415864691897,334697,
2021-03-17,8.7596435546875,9.441858817232566,8.37760363224899,9.441858817232566,256856,
2021-03-18,8.24116039276123,9.278127360107034,8.15929425081987,9.278127360107034,349822,
2021-03-19,8.595911979675293,8.786932454085868,7.777253695896694,8.213871551343065,176117,
2021-03-22,8.377603530883789,8.896086499557903,8.132005622948036,8.896086499557903,178783,
2021-03-23,8.377603530883789,8.568623489791788,8.213871765756265,8.568623489791788,110296,
2021-03-24,8.13200569152832,8.677777899563482,8.077428783018167,8.13200569152832,318487,
2021-03-25,7.804542541503906,8.186582976300127,7.558945156312689,8.186582976300127,204461,
2021-03-26,7.558945178985596,8.159294286754983,7.395213414870697,8.159294286754983,197301,
2021-03-30,7.531656265258789,7.9136966910749695,7.367924505483592,7.367924505483592,102226,
2021-03-31,7.586233139038086,7.859119230665195,7.5589449462665055,7.859119230665195,75090,
2021-04-01,8.323025703430176,8.323025703430176,7.613521768876051,8.050139614793121,150323,
2021-04-05,8.677777290344238,8.923375183109126,8.323025588222134,8.81422033277411,256044,
2021-04-06,8.541335105895996,8.841510453981165,8.432180765085267,8.705066877356565,91126,
2021-04-07,8.432180404663086,8.677777791111733,8.350314782676515,8.677777791111733,137768,
2021-04-08,8.159294128417969,8.459468936722018,8.132005414846889,8.377603316497696,199835,
2021-04-09,8.24116039276123,8.514046491587909,7.968274293934553,7.968274293934553,107025,
2021-04-12,7.695388317108154,8.241160523414012,7.53165655111861,8.241160523414012,169560,
2021-04-13,8.323025703430176,8.459468747748703,7.640810481837538,7.777253526156065,275689,
2021-04-15,8.13200569152832,8.514046653544083,7.85911958751074,8.514046653544083,85501,
2021-04-16,7.859119415283203,8.404891611358117,7.749965080166005,8.404891611358117,93829,
2021-04-19,7.586233139038086,7.940985370446676,7.367924473931963,7.940985370446676,136553,
2021-04-20,7.586233139038086,7.859119230665195,7.44979009322453,7.44979009322453,64338,
2021-04-22,7.558945178985596,7.695388228999856,7.449790322583043,7.586233372597304,123284,
2021-04-23,8.295737266540527,8.295737266540527,7.504367687255052,7.531656401124674,224063,
2021-04-26,9.11439609527588,9.11439609527588,8.595912092361354,8.677777713616845,700941,
2021-04-27,8.486757278442383,9.5783010890589,8.404891141316138,9.087106348257022,253403,
2021-04-28,8.404891967773438,8.623201167754313,8.241160718398966,8.568623737636857,153191,
2021-04-29,8.24116039276123,8.705066448473225,8.186582964800325,8.705066448473225,105389,
2021-04-30,8.377603530883789,8.486757867472493,7.886408235501217,7.886408235501217,95533,
2021-05-03,8.486757278442383,8.677777224092491,7.940985112889675,8.241159908041443,188668,
2021-05-04,9.032529830932615,9.305415941123668,8.51404684615636,8.541335040784306,857297,
2021-05-05,9.578301429748535,9.823899329374017,9.250838951551666,9.250838951551666,882500,
2021-05-06,9.878477096557615,10.151363198446072,9.578301759893597,9.578301759893597,800171,
2021-05-07,10.451537132263184,10.806288844239848,9.578301428259056,9.933054181213548,1035476,
2021-05-10,11.48850440979004,11.488504409790036,10.860866587101604,11.461216216142748,1134543,
2021-05-11,11.652236938476562,12.061566097619924,11.270195973551608,11.734102562109658,1007948,
2021-05-12,11.079174995422363,11.952410704056431,11.079174995422363,11.734102037142373,485914,
2021-05-14,10.533403396606444,11.079175614896476,10.533403396606444,11.051887420373133,228736,
2021-05-17,10.014920234680176,10.451537585111245,10.014920234680176,10.042208428715416,525483,
2021-05-18,9.578301429748535,10.205940275240806,9.523725044034276,9.823899329374017,639037,
2021-05-19,10.042207717895508,10.042207717895506,9.660167823554811,9.76932163294738,106977,
2021-05-20,10.478826522827148,10.533402909349226,9.987630716305684,10.28780604706634,455853,
2021-05-21,10.997309684753418,10.997309684753418,10.997309684753418,10.997309684753418,231843,
2021-05-24,11.543081283569336,11.543081283569336,11.543081283569336,11.543081283569336,218994,
2021-05-25,12.116143226623535,12.116143226623535,11.106464450908597,12.116143226623535,1246055,
2021-05-26,12.71649169921875,12.716491699218752,12.27987436056749,12.55276045746899,637074,
2021-05-27,12.66191577911377,13.34413104650184,12.38902967215854,13.043955704264356,1684547,
2021-05-28,12.034276008605955,13.071243970979788,12.034276008605955,12.8256460765275,391265,
2021-05-31,11.433927536010742,11.815967435707284,11.433927536010742,11.734101817270728,271809,
2021-06-01,10.888155937194824,11.406638908836849,10.888155937194824,10.942732325068183,613467,
2021-06-02,10.86086654663086,11.29748493020557,10.478826632103075,10.91544397469993,392194,
2021-06-03,11.051886558532717,11.297484454002344,10.915443514600211,11.051886558532717,303723,
2021-06-04,10.942731857299805,11.352060994719665,10.806288811493184,11.188329756142853,338435,
2021-06-07,11.051886558532717,11.379350072166282,10.915443514600211,11.07917475092809,371318,
2021-06-08,10.86086654663086,11.161041880521822,10.806289118561788,11.161041880521822,271157,
2021-06-09,10.86086654663086,11.188330074067428,10.806289118561788,10.91544397469993,445796,
2021-06-10,11.079174995422363,11.242907276341285,10.915443755481276,10.915443755481276,289259,
2021-06-11,10.997309684753418,11.133752735534424,10.806289205464438,11.133752735534424,238410,
2021-06-14,11.188329696655272,11.379350167964464,10.451537045021436,11.35206093436154,751284,
2021-06-15,11.734102249145508,11.734102249145508,11.352061294410094,11.59765919973684,1025749,
2021-06-16,12.307162284851074,12.307162284851074,12.143431046680224,12.225296665765647,299430,
2021-06-17,12.689203262329102,12.90751192746393,12.225296698306453,12.661915069553933,1195034,
2021-06-18,12.061565399169922,12.880223670050537,12.061565399169922,12.689203198649494,222916,
2021-06-21,12.389029502868652,12.49818331957248,11.461216335507824,11.461216335507824,731684,
2021-06-22,12.989377975463867,12.989377975463864,12.170719673456198,12.525472437108476,1106395,
2021-06-23,12.907512664794922,13.535150503277531,12.63462655754354,13.371419255317855,707064,
2021-06-24,12.607337951660156,13.071244527039488,12.44360566806741,13.01666709917524,332078,
2021-06-25,12.743781089782717,12.989377955419307,12.143431461041285,12.525472417779794,437638,
2021-06-28,12.443605422973633,12.989377608910685,12.361739803278642,12.989377608910685,261418,
2021-06-29,12.82564640045166,13.01666687418587,12.443605452983244,12.552760306825029,612607,
2021-06-30,12.498183250427246,13.262264127038309,12.389029434327304,13.12582107617998,508085,
2021-07-01,12.279874801635742,12.771069585505597,12.116143554005086,12.49818347880258,319441,
2021-07-02,12.771069526672363,12.82564695595712,12.22529731578057,12.443605991941713,667643,
2021-07-05,13.344130516052246,13.398706902491488,12.58004861416872,12.989377758330104,896840,
2021-07-06,12.71649169921875,13.753459700226728,12.68920350591974,13.61701665177598,1114867,
2021-07-07,12.607337951660156,13.01666709917524,12.416317474624211,12.7164917664108,363279,
2021-07-08,12.389029502868652,12.771069422798858,12.088854164732917,12.088854164732917,340145,
2021-07-09,12.170719146728516,12.661914939457304,12.034276102298923,12.389028850598116,308326,
2021-07-12,12.08885383605957,12.552760407127233,12.006988215513005,12.27987431132012,322468,
2021-07-13,11.515793800354004,12.334452112592755,11.48850456535932,12.307162877598072,460702,
2021-07-14,12.08885383605957,12.08885383605957,11.488504217088352,11.652236499159326,268470,
2021-07-15,12.034276008605955,12.443605138707898,12.006987816323615,12.38902875414322,307982,
2021-07-16,11.78868007659912,12.14343180888791,11.624947787173449,12.14343180888791,161714,
2021-07-19,12.034276008605955,12.279873903058244,11.597658686221676,11.92512219849879,365893,
2021-07-20,11.761390686035156,12.279874700909138,11.570371245692204,12.252586506853824,198335,
2021-07-22,11.543081283569336,12.170719076108035,11.433927473245715,12.170719076108035,211305,
2021-07-23,11.188329696655272,11.706813684354817,11.024598458949008,11.570370639273657,194990,
2021-07-26,10.888155937194824,11.379350714900168,10.724423650641128,11.379350714900168,235521,
2021-07-27,10.86086654663086,11.133752645998356,10.77900092501618,10.888155781154325,241135,
2021-07-28,10.806288719177246,10.94273176381826,10.751712334103097,10.860866145229217,201683,
2021-07-29,11.324772834777832,11.324772834777832,10.860866269494982,11.024598549524251,317936,
2021-07-30,11.133752822875977,11.65223683630232,11.024599005981608,11.515793784450953,142120,
2021-08-02,11.679524421691896,11.679524421691896,11.324772713559105,11.352060906116307,281318,
2021-08-03,11.78868007659912,12.252586668505025,11.597659592758117,12.252586668505025,569636,
2021-08-04,11.215618133544922,11.51579346384768,11.215618133544922,11.352061181597673,279145,
2021-08-05,10.97002124786377,11.761390300268053,10.669845918211516,11.215618109239784,378945,
2021-08-06,11.652236938476562,12.006988668205231,10.97002167323763,11.188330349918512,663949,
2021-08-09,10.506114959716797,11.188330216841264,10.506114959716797,11.188330216841264,766817,
2021-08-10,10.669845581054688,11.40663822385648,9.469147423320104,9.469147423320104,1403780,
2021-08-11,10.205940246582031,11.051886714511536,9.632878829391032,11.051886714511536,453183,
2021-08-12,10.151363372802734,10.587980726932315,9.851188030982996,10.560692532665923,385117,
2021-08-13,10.069497108459473,10.424248816244637,9.71474435969649,10.315093964167133,271199,
2021-08-16,9.74203395843506,10.315094350881532,9.660168336796684,10.315094350881532,248193,
2021-08-17,9.414570808410645,9.960343029188074,9.196262128295254,9.960343029188074,535826,
2021-08-18,9.16897201538086,9.551012949762478,8.78693212197704,9.551012949762478,242758,
2021-08-20,9.223549842834473,9.551013366451226,8.62320074352232,9.141684222174746,212816,
2021-08-23,8.896086692810059,9.57830196192058,8.650489820517004,9.41457071372521,232122,
2021-08-24,9.74203395843506,9.769322151988565,8.732355182287495,8.814220803925869,214553,
2021-08-25,9.6055908203125,9.987630731434988,9.496435965147304,9.823899489665042,161058,
2021-08-26,9.551012992858888,9.82389907836914,9.441858142263664,9.769321653071527,102545,
2021-08-27,9.960342407226562,10.096785453900898,9.551013267203553,9.551013267203553,126883,
2021-08-30,10.615269660949709,10.751712710365627,10.014920035324089,10.233228706193987,281945,
2021-08-31,10.533403396606444,10.915444365800624,10.478827007559756,10.915444365800624,144909,
2021-09-01,10.315093994140623,10.751712362741548,10.23322837533352,10.751712362741548,189241,
2021-09-02,10.205940246582031,10.5606919576177,10.151362820043198,10.260516632143036,187637,
2021-09-03,10.09678554534912,10.34238344797848,9.960342497439,10.34238344797848,130350,
2021-09-06,10.23322868347168,10.587980402969794,9.796611342701365,10.315094304743884,181003,
2021-09-07,10.069497108459473,10.724423097991048,9.960342256381969,10.315093964167133,202133,
2021-09-08,11.051886558532717,11.051886558532717,11.051886558532717,11.051886558532717,225481,
2021-09-09,12.143431663513184,12.143431663513184,12.143431663513184,12.143431663513184,230649,
2021-09-13,12.907512664794922,13.316841825672,11.7886800414554,13.098533148066467,2688037,
2021-09-14,12.33445167541504,13.31684119889094,12.27987424833797,13.20768738571464,622034,
2021-09-15,12.525472640991213,12.93480179865788,12.416317782555614,12.852935134342244,950366,
2021-09-16,12.279874801635742,12.66191576741112,12.116143554005086,12.60733833787494,307012,
2021-09-17,11.70681381225586,12.416317238038344,11.679524578354789,12.416317238038344,234654,
2021-09-20,11.406639099121094,12.22529742261272,11.215618615444138,11.734102636713324,188859,
2021-09-21,11.051886558532717,11.57037054186735,10.860866088831648,11.133752176696651,262859,
2021-09-22,11.270195960998535,11.570371301956053,11.07917547874882,11.07917547874882,172277,
2021-09-23,11.46121597290039,11.679524640379116,11.215618071375676,11.48850416596854,204848,
2021-09-24,11.079174995422363,11.706813844144804,10.970021182454252,11.652236417171832,155087,
2021-09-27,11.133752822875977,11.40663892657871,10.83357852519412,11.161042057832974,125045,
2021-09-28,10.86086654663086,11.270195695682109,10.77900092501618,11.270195695682109,195341,
2021-09-29,10.888155937194824,11.051887182770647,10.478826782277393,10.833578508343592,202145,
2021-09-30,10.86086654663086,11.133752645998356,10.697135303401502,10.91544397469993,195908,
2021-10-01,10.779001235961914,10.915444289581686,10.69713561198563,10.8608668599382,107789,
2021-10-04,10.806288719177246,11.0518866159222,10.7244231005882,10.7244231005882,179284,
2021-10-05,10.751712799072266,10.86086661491886,10.669846135964992,10.779000992789449,118610,
2021-10-06,10.506114959716797,10.860866685225943,10.369671908291902,10.833578491332116,181595,
2021-10-07,10.34238338470459,10.533402817827843,10.124073676601718,10.533402817827843,321356,
2021-10-08,10.833578109741213,10.833578109741213,10.260516689354867,10.451537162816985,225313,
2021-10-11,10.751712799072266,11.16104195069718,10.315094412752304,10.970021471743314,482396,
2021-10-12,10.697134971618652,10.970021062522305,10.587980118866062,10.970021062522305,169243,
2021-10-13,10.424248695373535,10.806288591259344,10.369671269967618,10.779000399045287,313060,
2021-10-14,10.34238338470459,10.478826431779964,10.178651103627436,10.178651103627436,244729,
2021-10-18,10.09678554534912,10.478826495888605,9.933054304248111,10.478826495888605,437754,
2021-10-19,9.714744567871094,10.315094185206462,9.660168181640657,9.98763066293464,319677,
2021-10-20,9.551012992858888,9.796610886209235,9.496435567561274,9.796610886209235,133590,
2021-10-21,9.387282371520996,9.742034097676258,9.33270494265606,9.714744862754856,150864,
2021-10-22,9.387282371520996,9.441858759408056,9.196261890982662,9.196261890982662,78867,
2021-10-25,9.223549842834473,9.414570318359068,8.950663746650152,9.387282125131772,142683,
2021-10-26,9.196261405944824,9.332704450421817,8.9779527429772,9.141683979958463,146280,
2021-10-27,9.250839233398438,9.332704855441868,9.141684376688625,9.27812742708696,44326,
2021-10-28,9.250839233398438,9.44185867117382,9.059818754645192,9.305415620775484,72441,
2021-10-29,9.578301429748535,9.687456283132711,9.005241051926182,9.250838951551666,99012,
2021-11-01,9.46914768218994,10.042208063936794,9.305415400992384,9.5510133022998,164242,
2021-11-02,9.332704544067385,9.52372501644746,9.223549690999388,9.52372501644746,96727,
2021-11-03,9.11439609527588,9.52372524253118,9.059818667446269,9.52372524253118,108531,
2021-11-04,9.278127670288086,9.44185891866672,9.114396421909452,9.114396421909452,46504,
2021-11-08,9.223549842834473,9.496435939018792,9.059818601515016,9.114396028947452,91618,
2021-11-09,9.196261405944824,9.359992642926088,9.087106553972102,9.278127024435456,137663,
2021-11-10,9.196261405944824,9.332704450421817,9.114395787454193,9.250838831931183,85389,
2021-11-11,9.278127670288086,9.359993294477402,9.16897281071707,9.250839475884275,92599,
2021-11-12,9.11439609527588,9.278127337786858,8.977953046190777,9.25083914436098,132480,
2021-11-15,9.059818267822266,9.223549503111144,8.923375224755599,9.114395693244496,84735,
2021-11-16,9.49643611907959,9.49643611907959,8.677777815004145,8.977953151085194,217451,
2021-11-17,9.523725509643556,9.714744950937945,9.305415792202169,9.551013703834784,203596,
2021-11-18,9.087106704711914,9.578301464781616,9.059818511754978,9.578301464781616,173970,
2021-11-22,9.059818267822266,9.523724822444496,8.677777330844474,9.114395693244496,157333,
2021-11-23,9.059818267822266,9.49643558924448,8.732354756266703,9.25083873631116,94844,
2021-11-24,9.059818267822266,9.38728177937783,8.95066341697781,9.059818267822266,90258,
2021-11-25,9.087106704711914,9.332704605235683,8.977952891906332,9.087106704711914,74473,
2021-11-26,8.86879825592041,9.141684356102576,8.786932634061332,9.005241306011493,106593,
2021-11-29,8.514046669006348,8.950664019836264,8.432180525359035,8.950664019836264,131708,
2021-11-30,8.377603530883789,8.705066540649902,8.213871765756265,8.213871765756265,106506,
2021-12-01,8.24116039276123,8.514046491587909,8.186582964800325,8.486757777607455,146833,
2021-12-02,8.595911979675293,8.650489406789434,8.132005410671852,8.241160264900135,139836,
2021-12-03,8.950663566589355,9.005240992923852,8.541334430547362,8.73235490222919,157386,
2021-12-06,8.595911979675293,9.250839023089307,8.514046359493001,8.786932454085868,358587,
2021-12-07,8.568623542785645,8.814220931751395,8.45946920552186,8.70506659448761,102311,
2021-12-08,8.623200416564941,8.841509597528338,8.486757373646158,8.650489129246479,121835,
2021-12-09,8.677777290344238,8.81422033277411,8.514046055819513,8.705066002927992,91650,
2021-12-10,8.814220428466797,8.896086046617944,8.623200479284487,8.73235481031565,150644,
2021-12-13,9.005241394042969,9.168972639361693,8.759643485087013,8.950663965277437,129456,
2021-12-14,9.11439609527588,9.38728219344608,8.759643334872333,9.005241239616657,260691,
2021-12-15,9.551012992858888,9.551012992858888,8.81422035378564,9.387281757943857,164837,
2021-12-16,10.014920234680176,10.014920234680176,9.823899753499882,10.014920234680176,377642,
2021-12-17,10.34238338470459,10.506114624803905,9.605590722301994,10.315094150702812,720445,
2021-12-20,9.851187705993652,10.342383514407308,9.851187705993652,10.342383514407308,63089,
2021-12-21,9.359992980957031,10.014920034490045,9.35999298095703,9.823899557128094,263233,
2021-12-22,9.332704544067385,9.496435782691544,9.059818452375223,9.496435782691544,161264,
2021-12-23,9.414570808410645,9.551013863605002,9.168972892669643,9.469148238683967,99261,
2021-12-24,9.223549842834473,9.44185851158636,9.141684222174746,9.414570318359068,154736,
2021-12-27,9.141684532165527,9.44185883175593,8.950664050163507,9.44185883175593,161846,
2021-12-28,9.141684532165527,9.44185883175593,9.032529673599264,9.05981890872977,250313,
2021-12-29,9.16897201538086,9.387281715586242,9.08710639829274,9.114395631307314,112277,
2021-12-30,9.6055908203125,9.605590820312498,9.141684247327191,9.250839102492389,143041,
2021-12-31,10.069497108459473,10.069497108459473,9.41457007795008,9.823899211773996,679105,
2022-01-03,10.178650856018066,10.560691794926592,9.905764768505636,10.560691794926592,374101,
2022-01-04,9.687456130981444,10.342383159044555,9.687456130981444,10.315093925638202,312662,
2022-01-05,9.632879257202148,9.769322309119964,9.387282388336809,9.769322309119964,103172,
2022-01-06,9.660168647766112,9.742034272039817,9.41457073396712,9.632879412356289,118438,
2022-01-07,9.905765533447266,10.069497823185122,9.714745049242044,9.7420342846873,215756,
2022-01-10,9.74203395843506,10.042208251435047,9.632879102265322,10.042208251435047,274809,
2022-01-11,9.551012992858888,9.796610886209235,9.359992524806149,9.769321653071527,155805,
2022-01-12,9.6055908203125,9.769322062082445,9.523725199427526,9.578301586032277,197000,
2022-01-13,9.578301429748535,9.796611136516889,9.469147617342188,9.769321902681927,121599,
2022-01-14,9.578301429748535,9.660168090275585,9.469147617342188,9.578301429748535,132237,
2022-01-17,9.905765533447266,9.987631157827249,9.578301994949443,9.714745049242044,228471,
2022-01-18,9.660168647766112,10.124074198976384,9.469148163808883,10.124074198976384,219384,
2022-01-19,9.551012992858888,9.687456035614014,9.441858142263664,9.469147375401372,102960,
2022-01-20,9.414570808410645,9.605591293878325,9.305415947864,9.605591293878325,124007,
2022-01-21,9.141684532165527,9.469148066886437,9.087107102882396,9.359993208320171,174720,
2022-01-24,8.923375129699707,9.25083863776698,8.73235466324565,9.25083863776698,141937,
2022-01-25,9.059818267822266,9.168972077688917,8.732354756266703,8.95066341697781,112198,
2022-01-27,8.86879825592041,9.059818734243498,8.786932634061332,8.950663877779489,152962,
2022-01-28,9.305415153503418,9.305415153503418,8.950663448477194,9.032529066409737,95882,
2022-01-31,9.769322395324709,9.769322395324709,9.38728247117042,9.496436289081124,367779,
2022-02-01,9.632879257202148,9.987630983992892,9.551013634247036,9.687456686164849,245551,
2022-02-02,9.359992980957031,9.742033935680931,9.305415552999635,9.55101345831898,141581,
2022-02-03,9.578301429748535,9.823899329374017,9.359992763958012,9.523725044034276,184745,
2022-02-04,9.359992980957031,9.687456507723535,9.305415552999635,9.687456507723535,138981,
2022-02-07,9.087106704711914,9.469147651976035,8.977952891906332,9.469147651976035,257110,
2022-02-08,8.950663566589355,9.278127083618514,8.73235490222919,9.114395845592847,180706,
2022-02-09,9.087106704711914,9.19626155849533,8.950663657971562,9.00524108486327,53730,
2022-02-10,9.551012992858888,9.987630313284171,9.087106439295894,9.141683864593505,281406,
2022-02-11,9.414570808410645,9.551013863605002,9.278127753216287,9.49643643333168,56810,
2022-02-14,9.16897201538086,9.414569907623015,8.950663356153278,9.223549440432205,214724,
2022-02-15,8.950663566589355,9.16897223094952,8.2684483398527,9.16897223094952,268901,
2022-02-16,9.032529830932615,9.196262121633984,8.896086775837091,9.087107261166407,85086,
2022-02-17,8.841509819030762,9.141684104581095,8.732354965570003,9.03252925112034,94037,
2022-02-18,8.814220428466797,9.196261367809232,8.759643002706762,8.759643002706762,122692,
2022-02-21,8.514046669006348,8.896086590738054,8.45946923990814,8.595912292164723,136990,
2022-02-22,8.268448829650879,8.404891883080689,8.02285143757501,8.404891883080689,176902,
2022-02-23,8.24116039276123,8.650489541001248,8.186582964800325,8.323026014213664,102273,
2022-02-24,7.504367828369141,8.26844870815297,7.422502205709779,8.104717462834246,270724,
2022-02-25,8.02285099029541,8.159294036118423,7.695387992613526,7.777253611911768,115033,
2022-02-28,8.459468841552734,8.705066219951645,7.695387993091924,8.022850990794165,167455,
2022-03-02,8.404891967773438,8.459469397890892,8.159294573222782,8.159294573222782,94491,
2022-03-03,8.323025703430176,8.48675746071019,8.2684482775072,8.295736990468688,34606,
2022-03-04,7.940985679626465,8.40489174116124,7.804542628500543,8.32302611868126,203011,
2022-03-07,7.831830978393555,8.295737018341901,7.3952131310094735,8.022850928787964,195028,
2022-03-08,8.050139427185059,8.18658246832379,7.395212933816936,7.91369638604633,184833,
2022-03-09,8.459468841552734,8.568623174120148,8.050139704058248,8.186582749889743,124990,
2022-03-10,8.377603530883789,8.732355254919312,8.32302610234497,8.54133477552238,296460,
2022-03-11,8.24116039276123,8.677777734492773,8.15929425081987,8.404891635666095,186599,
2022-03-14,8.323025703430176,8.541334366144257,8.132005233188673,8.37760312935315,78497,
2022-03-15,8.13200569152832,8.514046653544083,8.050140068518623,8.241160549526503,95155,
2022-03-16,8.35031509399414,8.45946943420872,8.186583323427795,8.295737663642376,162125,
2022-03-17,9.16897201538086,9.16897201538086,8.432179900121094,8.541334229734886,291167,
2022-03-21,8.623200416564941,9.196261300921616,8.54133427852033,9.196261300921616,428009,
2022-03-22,8.650489807128906,8.841510290379794,8.459469323878018,8.786932860739842,133881,
2022-03-23,8.705066680908203,8.78693282503548,8.404891860086071,8.732355395617295,200274,
2022-03-24,8.568623542785645,8.78693273780215,8.48675791996004,8.78693273780215,152086,
2022-03-25,8.213871955871582,8.677778027233213,8.186583240970558,8.541334973217037,247375,
2022-03-28,7.913696765899658,8.350314622598804,7.777253718211734,8.350314622598804,220623,
2022-03-29,7.640810966491699,7.968274501822634,7.6135222517992975,7.913697072437831,367964,
2022-03-30,7.640810966491699,7.88640835774543,7.6135222517992975,7.831831448849567,242837,
2022-03-31,7.558945178985596,7.804542564913478,7.504367750784319,7.668099514899218,328602,
2022-04-01,8.213871955871582,8.29573758008571,7.531656685790701,7.531656685790701,237210,
2022-04-04,8.650489807128906,8.677778001459938,8.159294501836172,8.241160646296098,184881,
2022-04-05,8.650489807128906,8.786932860739842,8.568623662668978,8.73235543109989,193914,
2022-04-06,8.7596435546875,8.814220983886681,8.568623593468244,8.705066645977258,121015,
2022-04-07,9.11439609527588,9.742033912871772,8.868798190531555,8.896086383957435,373836,
2022-04-08,8.814220428466797,9.250838793569269,8.759643002706762,9.250838793569269,142310,
2022-04-11,9.796611785888672,10.506115256982012,8.732355538270763,8.759643732936699,2054114,
2022-04-12,9.414570808410645,9.987631223835786,9.305415947864,9.960343029188074,330131,
2022-04-13,9.141684532165527,9.660168548888455,8.923375856010882,9.359993208320171,263426,
2022-04-18,9.387282371520996,9.714744862754856,8.950663981579396,9.059818839309264,274846,
2022-04-19,9.141684532165527,9.49643626103906,9.032529673599264,9.387282443450678,93755,
2022-04-20,9.223549842834473,9.44185851158636,9.114396028947452,9.223549842834473,138123,
2022-04-21,9.305415153503418,9.742033517439994,9.141683917638332,9.141683917638332,139912,
2022-04-22,9.16897201538086,9.441858099659788,9.114395631307314,9.441858099659788,117537,
2022-04-25,8.896086692810059,9.141684606081002,8.841510304063528,9.087107176356582,95100,
2022-04-26,8.97795295715332,9.414570293504417,8.896086295731877,9.032529343463825,60971,
2022-04-27,8.896086692810059,8.977953357885632,8.732355444614688,8.841510304063528,65292,
2022-04-28,8.841509819030762,8.977952865367792,8.759643158446277,8.923375438637414,66211,
2022-04-29,8.841509819030762,9.41457019725516,8.841509819030762,8.841509819030762,84483,
2022-05-02,8.814220428466797,8.868797854226832,8.623200479284487,8.868797854226832,57114,
2022-05-04,8.568623542785645,9.141684464031686,8.48675791996004,8.814220931751395,95460,
2022-05-05,8.568623542785645,8.759643502875035,8.51404663439822,8.568623542785645,34887,
2022-05-06,8.323025703430176,8.541334366144257,8.295736990468688,8.541334366144257,72583,
2022-05-09,8.104717254638672,8.323025923114972,7.968274206718755,8.323025923114972,73170,
2022-05-10,7.968274116516113,8.213871495893963,7.940985403143259,8.132005355775402,125839,
2022-05-11,7.804542541503906,7.995562498657552,7.722676399447549,7.995562498657552,80952,
2022-05-12,7.449790477752685,7.859119636321271,7.340636139565517,7.804542727472157,89317,
2022-05-13,7.477078914642334,7.940985485314479,7.395213294165566,7.613521962429562,95231,
2022-05-16,7.504367828369141,7.831831359984458,7.395213491327013,7.477079113986375,92912,
2022-05-17,7.668099403381348,7.831831165115079,7.531656355351391,7.6135219759737955,86450,
2022-05-18,8.323025703430176,8.432180034787216,7.749964813194579,7.804542239117553,118052,
2022-05-19,7.831830978393555,8.159293973564933,7.7772535522872035,7.995562215734789,66101,
2022-05-20,7.913696765899658,8.132005434004771,7.85911933862892,7.940985479535027,95208,
2022-05-23,7.940985679626465,8.29573740435829,7.859119536657551,8.104717445075359,46945,
2022-05-24,7.995562553405762,8.077428696022684,7.831831309149781,7.831831309149781,44004,
2022-05-25,7.668099403381348,7.995562406359889,7.6135219759737955,7.995562406359889,59876,
2022-05-26,7.968274116516113,8.104717162891465,7.531656264017204,7.668099310392555,32631,
2022-05-27,7.968274116516113,8.132005355775402,7.777253643395054,8.022851022772903,37752,
2022-05-30,8.104717254638672,8.213871588876822,7.940985493036987,7.995562399911601,64020,
2022-05-31,7.913696765899658,8.132005434004771,7.749965004576364,8.132005434004771,98960,
2022-06-01,7.88640832901001,8.077428810671865,7.804542705720038,7.804542705720038,67538,
2022-06-02,7.831830978393555,7.940985310117347,7.640810507510235,7.913696597064171,105347,
2022-06-03,7.804542541503906,7.913696877090123,7.7499651134663345,7.85911944905255,21061,
2022-06-06,7.640810966491699,7.831831448849567,7.586233537106896,7.777254019464765,136576,
2022-06-07,7.449790477752685,7.995562689177466,7.367924854234544,7.668099674615962,225150,
2022-06-08,7.504367828369141,7.804542645601693,7.422502205709779,7.504367828369141,79034,
2022-06-09,7.531656265258789,7.613521884901928,7.449790125126732,7.5589449786361405,26902,
2022-06-10,7.3952131271362305,7.558944884880621,7.313346988019582,7.449790032725088,93158,
2022-06-13,7.313347339630127,7.613522156511805,7.204193002715591,7.395213482682731,84648,
2022-06-14,7.25877046585083,7.504367855195815,7.204193036890195,7.313347374322529,30581,
2022-06-15,7.2860589027404785,7.749964949275831,7.25877018929983,7.31334709569221,49311,
2022-06-16,7.067749977111816,7.477079132394225,7.013173068700857,7.36792479508337,73946,
2022-06-17,7.367924690246582,8.459469088801631,6.931306826726777,7.013172968911763,107835,
2022-06-20,6.904017925262451,7.50436753636741,6.822152305788555,7.50436753636741,42357,
2022-06-21,7.122327327728272,7.204192949689372,6.931306849167131,6.958595563317141,22263,
2022-06-22,6.849441051483154,7.122327145004484,6.794863624583322,7.067749718104651,51274,
2022-06-23,6.985884189605713,7.176904145275466,6.822152427253836,6.931306761992112,27168,
2022-06-24,7.14961576461792,7.367924428374184,6.904017867280985,7.095038338434399,28425,
2022-06-27,7.204192638397217,7.367924395733522,7.122327019973519,7.204192638397217,22820,
2022-06-28,7.14961576461792,7.340635715282423,7.067749625342638,7.12232705152616,41702,
2022-06-29,7.14961576461792,7.286058809587812,7.040460912250878,7.258770096496052,43932,
2022-06-30,7.01317310333252,7.176904349862853,6.931306959578413,7.176904349862853,26713,
2022-07-01,7.067749977111816,7.176904314422671,6.9585956398009605,6.9585956398009605,26519,
2022-07-04,6.985884189605713,7.14961595195759,6.822152427253836,7.095038524343989,34342,
2022-07-05,7.067749977111816,7.204193028872619,6.931306925351013,7.067749977111816,77077,
2022-07-06,7.176904201507568,7.395213393183529,7.013172958361757,7.176904201507568,130932,
2022-07-07,6.931306838989258,7.258770367330674,6.876729931258308,7.095038603159965,360213,
2022-07-08,7.095038414001465,7.422501933612484,6.931306654195955,7.040460987236656,199430,
2022-07-11,7.067749977111816,7.258770457772515,6.9585956398009605,7.14961612046166,59278,
2022-07-12,6.849441051483154,6.958595384793903,6.822152338033238,6.822152338033238,153601,
2022-07-13,6.576555252075195,6.849441357800399,6.276380431679683,6.8221526431300905,277553,
2022-07-14,6.467400550842285,6.685709214972348,6.330957505638767,6.494688743491859,107293,
2022-07-15,6.440112113952637,6.603843879317919,6.358245971025529,6.603843879317919,55475,
2022-07-18,6.549266338348389,6.631131959382174,6.330957668599012,6.549266338348389,104634,
2022-07-19,6.521977424621582,6.631131756150903,6.4401118060968185,6.549266137626139,47292,
2022-07-20,6.1126484870910645,6.549266347702338,5.921628530909768,6.52197763382246,431768,
2022-07-21,6.276380062103272,6.30366877516672,6.167225730338388,6.221802635976375,90061,
2022-07-22,6.276380062103272,6.440111819995052,6.249091349039824,6.385534393868156,54119,
2022-07-25,6.194514751434326,6.358245996979004,6.167226037013902,6.358245996979004,50716,
2022-07-26,6.1126484870910645,6.249091536001529,6.085359773211186,6.1945146287306985,28104,
2022-07-27,6.0034942626953125,6.194514742885738,5.839762496887653,6.11264859973744,145872,
2022-07-28,6.085359573364258,6.139936999331658,6.003493954902066,6.058071380869466,59096,
2022-07-29,6.139937400817871,6.276380454169379,6.085359971281691,6.085359971281691,80643,
2022-08-01,6.221802711486816,6.249091424881452,6.112648378397189,6.167225805186461,33846,
2022-08-02,6.303668975830078,6.467400738933897,6.221802834033705,6.303668975830078,119241,
2022-08-03,6.221802711486816,6.440111898154987,6.194514518581097,6.385534471365715,36306,
2022-08-04,6.41282320022583,6.631131866931568,6.221802726491622,6.2490914399520685,181757,
2022-08-05,6.576555252075195,6.65842087559718,6.412823484542285,6.49468910806427,89661,
2022-08-08,6.41282320022583,6.5765549604995925,6.385534486765383,6.5765549604995925,54779,
2022-08-10,6.16722583770752,6.494688838703181,5.812473602684404,6.330957598449809,156607,
2022-08-11,6.0034942626953125,6.2763803655451,5.894339925653185,6.2763803655451,107434,
2022-08-12,6.440112113952637,6.549266450699848,6.030782960783896,6.085359868913034,111856,
2022-08-16,7.122327327728272,7.586233386322722,6.44011207642267,6.6038438408338,613866,
2022-08-17,7.095038414001465,7.477078839888375,6.658420561349745,7.286058887189378,284421,
2022-08-18,6.794863700866699,7.231481559500354,6.740286793843069,6.931306749159159,89477,
2022-08-19,6.658420562744141,6.904017942259379,6.521977516292462,6.7675748958077,100418,
2022-08-22,6.494688987731934,6.7402868947253785,6.38553465156203,6.71299818056067,77006,
2022-08-23,6.576555252075195,6.685709590267488,6.358246055201668,6.576555252075195,43100,
2022-08-24,6.494688987731934,6.685709466395961,6.467400794056156,6.631132038066545,41966,
2022-08-25,6.521977424621582,6.712997895164574,6.412823093092261,6.631131756150903,103309,
2022-08-26,6.631132125854492,6.685709554906447,6.521977788239522,6.5492665027655,60431,
2022-08-29,6.876729965209961,7.477079076148017,6.276380333782973,6.603843863741136,181670,
2022-08-30,6.685709476470947,6.985884291757225,6.576555140136555,6.849441241217002,148010,
2022-09-01,6.740286827087402,6.876729876052824,6.6038437781219805,6.740286827087402,85842,
2022-09-02,7.04046106338501,7.286058965994075,6.712998060721127,6.7402867743986805,436523,
2022-09-05,7.067749977111816,7.3406360806334225,6.985884354250909,7.14961612046166,160818,
2022-09-06,7.04046106338501,7.286058965994075,7.013172870196378,7.204192824961413,123568,
2022-09-07,6.931306838989258,7.176904225000855,6.904018124879317,7.067749889050026,185489,
2022-09-08,6.958595275878906,7.095038320503982,6.931306562856109,7.067749607481185,115666,
2022-09-09,7.04046106338501,7.067749777062564,6.7402867743986805,6.985884156518823,83883,
2022-09-12,6.904017925262451,7.149615824661971,6.822152305788555,7.1223271113410345,216658,
2022-09-13,6.740286827087402,7.013172925018246,6.6038437781219805,7.013172925018246,237621,
2022-09-14,6.685709476470947,6.740286904882609,6.603843854342386,6.658420762265116,74432,
2022-09-15,7.231481552124023,7.286058979580906,6.603843738814488,6.712998073239331,512701,
2022-09-16,7.01317310333252,7.39521354605153,6.958595674163115,7.231481779032257,266460,
2022-09-19,6.904017925262451,7.0950383980200975,6.822152305788555,7.06774968469916,92523,
2022-09-20,6.958595275878906,7.149615746549577,6.904017849833312,6.958595275878906,115883,
2022-09-21,6.712997913360596,7.013172716246553,6.57655486845688,7.013172716246553,150714,
2022-09-22,6.685709476470947,6.794863812805339,6.576555140136555,6.712998190676778,75815,
2022-09-23,6.685709476470947,6.794863812805339,6.603843854342386,6.712998190676778,69629,
2022-09-26,6.440112113952637,6.767575124194269,6.276380348587354,6.603843879317919,71708,
2022-09-27,6.467400550842285,6.740286641249319,6.221802653084824,6.740286641249319,59107,
2022-09-28,6.385534763336182,6.467400907263315,6.330957854540366,6.358246048693804,24659,
2022-09-29,6.303668975830078,6.549266360241343,6.249091547965829,6.494688932377095,69744,
2022-09-30,6.41282320022583,6.494688820118252,6.2490914399520685,6.358245773304937,27594,
2022-10-03,6.330957889556885,6.494689137338867,6.19451483607927,6.494689137338867,49218,
2022-10-04,6.385534763336182,6.658420868782078,6.276380425255612,6.330957854540366,76466,
2022-10-06,6.521977424621582,6.549266137626139,6.385534380087704,6.385534380087704,35133,
2022-10-07,6.41282320022583,6.521977533578699,6.276380153412514,6.494688820118252,43695,
2022-10-10,6.16722583770752,6.467400645653565,6.139937124168985,6.467400645653565,172844,
2022-10-11,6.16722583770752,6.330957598449809,6.11264841063045,6.249091457834205,34877,
2022-10-12,6.085359573364258,6.27638004376125,6.030782667885766,6.194514425299058,90044,
2022-10-13,6.058071613311768,6.3036689986105845,5.921628563646988,6.1126485208843215,81986,
2022-10-14,6.058071613311768,6.167225948945805,6.003494185250284,6.139937234915063,78565,
2022-10-17,5.621453762054443,6.139937247768193,5.2667015198900335,6.030782911905655,232777,
2022-10-18,5.976205348968506,6.003494062441021,5.676030541748671,5.676030541748671,97626,
2022-10-19,5.976205348968506,6.194514536259712,5.948916635495991,6.08535968236965,66030,
2022-10-20,5.948916912078857,6.085359965296162,5.8943400030853015,6.058071771043855,22701,
2022-10-21,5.921628475189209,6.058071522815791,5.894339761566108,6.058071522815791,44913,
2022-10-24,6.1126484870910645,6.221802822121651,6.003494152060477,6.003494152060477,48648,
2022-10-25,6.0034942626953125,6.167226028502972,6.0034942626953125,6.030782977078078,64925,
2022-10-27,6.085359573364258,6.22180261779385,6.003493954902066,6.003493954902066,44791,
2022-10-28,6.139937400817871,6.194514830354051,6.058071777002543,6.167226115585962,52643,
2022-10-31,5.8943400382995605,6.221803055684069,5.7306082693628335,6.194514861268736,82475,
2022-11-01,5.839762210845947,5.976205255587624,5.812473497799831,5.976205255587624,209134,
2022-11-02,5.8943400382995605,6.058071807236288,5.78518569917139,5.921628753203839,77172,
2022-11-03,5.921628475189209,6.08535971594997,5.812473620696807,5.894339761566108,44167,
2022-11-04,5.8943400382995605,6.00349437742773,5.867051323395282,6.00349437742773,63521,
2022-11-07,5.948916912078857,6.1126486800374105,5.8943400030853015,5.8943400030853015,43305,
2022-11-09,6.0034942626953125,6.085359885354674,5.921628640035951,6.0034942626953125,95067,
2022-11-10,6.030782699584961,6.058071412712097,5.9216283675653285,6.058071412712097,28985,
2022-11-11,5.867051124572754,6.112648509410572,5.812473696613715,6.0307828879609415,124851,
2022-11-14,5.839762210845947,6.003493968633741,5.812473497799831,5.867050923892065,58362,
2022-11-15,5.8943400382995605,6.1399374314601785,5.703319554458554,5.839762608491003,111859,
2022-11-16,5.78518533706665,5.976205288462444,5.703319197477958,5.948916575266212,95463,
2022-11-17,5.78518533706665,6.139937047150917,5.703319197477958,5.839762242970201,54993,
2022-11-18,5.594164848327637,5.976205270457108,5.403144377018446,5.894339651603975,141106,
2022-11-21,5.485010623931885,5.730608005796821,5.457721910282687,5.539587530741359,121761,
2022-11-22,5.485010623931885,5.594164958039754,5.403144482984292,5.566876244390556,72027,
2022-11-23,5.457721710205078,5.539587327662593,5.430432997556272,5.430432997556272,51672,
2022-11-24,5.730607986450195,5.812473606632487,5.403144464743188,5.51229931897147,217109,
2022-11-25,5.921628475189209,6.139937143196171,5.730608000316426,5.730608000316426,235957,
2022-11-28,6.822152614593506,6.931306952329215,5.948916871729962,6.112648638577994,1253265,
2022-11-29,6.658420562744141,7.067749702099177,6.631131849356021,6.876729749360176,467154,
2022-11-30,6.658420562744141,6.876729749360176,6.412823183228902,6.712997989520378,319704,
2022-12-01,6.549266338348389,6.794863721938668,6.494688910666582,6.740286814745787,126074,
2022-12-02,6.494688987731934,6.631132038066545,6.440112079891447,6.54926641606135,128692,
2022-12-05,6.685709476470947,6.958595577551393,6.440112089596331,6.494688997519061,248829,
2022-12-06,6.685709476470947,6.849441241217002,6.658420762265116,6.740286904882609,67763,
2022-12-07,6.631132125854492,6.849441321573372,6.576555217291476,6.794863892521418,40185,
2022-12-08,6.521977424621582,6.740286608169132,6.139937004024506,6.631131756150903,53948,
2022-12-09,6.276380062103272,6.603843577886833,6.221802635976375,6.358245680804707,133524,
2022-12-12,6.494688987731934,6.658420752231253,5.976205500558196,6.303669029556835,196532,
2022-12-13,6.494688987731934,6.7402868947253785,6.440112079891447,6.467400794056156,159710,
2022-12-14,7.067749977111816,7.477079132394225,6.440112147207696,6.440112147207696,702373,
2022-12-15,7.3952131271362305,7.913696592919374,6.958595279980829,7.122327037725218,746392,
2022-12-16,7.313347339630127,7.640810870862673,7.176904288364723,7.4770791052464,314372,
2022-12-19,6.904017925262451,7.531656249688347,6.849441019109492,7.395213203572577,355106,
2022-12-20,6.958595275878906,7.149615746549577,6.904017849833312,6.931306562856109,190574,
2022-12-21,6.576555252075195,7.040461319514677,6.440112199212593,7.013173125333309,122577,
2022-12-22,6.303668975830078,6.712998123345161,6.249091547965829,6.685709409413038,125877,
2022-12-23,5.839762210845947,6.276380058117093,5.757896592196506,6.276380058117093,106800,
2022-12-26,6.1126484870910645,6.139937200970942,5.839762389270133,6.003494152060477,102492,
2022-12-27,6.194514751434326,6.440112140240278,6.030782985400713,6.221802945365815,139125,
2022-12-28,6.358245849609375,6.494688898060125,6.058071559408865,6.058071559408865,51413,
2022-12-29,6.139937400817871,6.549266560872396,6.112648686049781,6.412823507520888,113803,
2022-12-30,6.303668975830078,6.494688932377095,6.167225926658383,6.276380261897954,76687,
2023-01-02,6.358245849609375,6.44011199097318,6.24909151494656,6.38553456339731,57917,
2023-01-03,6.385534763336182,6.52197781605913,6.330957854540366,6.412823477978559,49365,
2023-01-04,6.276380062103272,6.494688725633039,6.221802635976375,6.358245680804707,73838,
2023-01-05,6.194514751434326,6.330957803047514,6.139937322593477,6.330957803047514,121999,
2023-01-06,6.1126484870910645,6.303668963761286,6.058071579820234,6.1945146287306985,94744,
2023-01-09,6.1126484870910645,6.249091536001529,5.94891672430072,6.112648487091064,90573,
2023-01-10,6.030782699584961,6.139937031604593,6.0034939864578245,6.139937031604593,27586,
2023-01-11,5.78518533706665,6.2218026662506976,5.7306079106741885,6.030782714854905,244559,
2023-01-12,5.812473773956299,5.9762055395231535,5.676030722732077,5.894339916984193,94286,
2023-01-13,5.867051124572754,6.058071601940461,5.812473696613715,5.921628552531792,93913,
2023-01-16,5.921628475189209,6.03078280919269,5.812473620696807,5.948916668323388,46201,
2023-01-17,5.8943400382995605,6.276380485492627,5.485010876202216,5.839762608491003,85161,
2023-01-18,6.030782699584961,6.16722574473173,5.83976222818392,6.030782699584961,76909,
2023-01-19,5.948916912078857,6.1126486800374105,5.8943400030853015,6.003494341561356,25434,
2023-01-20,5.8943400382995605,6.030783092332009,5.839762608491003,6.030783092332009,20422,
2023-01-23,5.78518533706665,6.003494001658674,5.512299246082166,6.003494001658674,69830,
2023-01-24,5.757896900177002,5.948916860739348,5.730608185671256,5.948916860739348,27430,
2023-01-25,5.730607986450195,5.867051033746629,5.648742366267904,5.839762320189558,38970,
2023-01-27,5.594164848327637,5.894339651603975,5.512299229474504,5.894339651603975,90204,
2023-01-30,5.594164848327637,5.785185319636828,5.566876135213622,5.566876135213622,32342,
2023-01-31,5.8943400382995605,5.976205662523451,5.703319554458554,5.7306082693628335,63487,
2023-02-01,5.757896900177002,6.00349428975084,5.676030756659765,6.00349428975084,70630,
2023-02-02,5.594164848327637,5.785185319636828,5.485010516360489,5.757896606522813,134737,
2023-02-03,5.457721710205078,5.703319083066526,5.2939899548011455,5.703319083066526,119287,
2023-02-06,5.43043327331543,5.566876322999178,5.403144559280894,5.512299415419036,33228,
2023-02-07,5.43043327331543,5.539587608964643,5.29399022363168,5.457721987349965,96198,
2023-02-08,5.43043327331543,5.648742465102785,5.403144559280894,5.539587608964643,185476,
2023-02-09,5.43043327331543,5.539587608964643,5.403144559280894,5.43043327331543,54120,
2023-02-10,5.403144359588623,5.512299211692562,5.348567454025562,5.457721785640592,70409,
2023-02-13,5.403144359588623,5.457721785640592,5.348567454025562,5.457721785640592,39168,
2023-02-14,5.457721710205078,6.112648211331907,5.348567380098757,5.403144284907467,101209,
2023-02-15,5.348567485809326,5.512299244449299,5.184835727169354,5.485010531261152,131480,
2023-02-16,5.403144359588623,5.485010498666577,4.966527033128503,5.457721785640592,118537,
2023-02-17,5.1575469970703125,5.566876132083654,4.91194962016009,5.403144373980536,129447,
2023-02-20,5.0483927726745605,5.239413247944302,4.993815345314943,5.157547106904875,79378,
2023-02-21,4.8846611976623535,5.075681680228438,4.857372482940207,5.075681680228438,87703,
2023-02-22,4.775506496429443,4.91194953918457,4.748217783780637,4.802795209078249,68980,
2023-02-23,4.720929145812988,4.911949616887512,4.693640953221408,4.911949616887512,46625,
2023-02-24,4.748218059539795,4.802795488007064,4.7209293453061605,4.802795488007064,36899,
2023-02-27,4.58448600769043,4.802795187406912,4.58448600769043,4.775506474881239,52790,
2023-02-28,4.475331783294678,4.720929160822091,4.420754877449093,4.720929160822091,58746,
2023-03-01,4.639063835144043,4.7755068891188674,4.584486405358535,4.584486405358535,110079,
2023-03-02,4.639063835144043,4.830084318904375,4.557198210954726,4.748218174226113,90405,
2023-03-03,4.529909133911133,4.720929081911125,4.529909133911133,4.720929081911125,80797,
2023-03-06,4.420754909515381,4.584486148728685,4.366177482785002,4.584486148728685,119126,
2023-03-08,4.420754909515381,4.529909242487222,4.338888769419812,4.366177482785002,160757,
2023-03-09,4.17515754699707,4.448043397533522,4.147868831821188,4.448043397533522,283707,
2023-03-10,3.9841370582580566,4.147868557761804,3.9022711783839537,4.147868557761804,273344,
2023-03-13,3.8749825954437256,4.066002814750102,3.820405427105399,4.066002814750102,202257,
2023-03-14,3.8204054832458496,3.9568485362189154,3.738539599413116,3.9568485362189154,273050,
2023-03-15,3.956848382949829,4.093291430637755,3.820405335261904,3.874982502288182,206806,
2023-03-16,3.8749825954437256,4.038714360703172,3.8476941413967953,4.038714360703172,86610,
2023-03-17,3.9295597076416016,4.14786863812046,3.8749825400830025,3.956848421543132,95804,
2023-03-20,3.738539457321167,4.011425552895624,3.6020964095339383,3.8749825051083953,144812,
2023-03-21,3.629385232925415,3.929559790986567,3.547519349728931,3.738539570357749,349391,
2023-03-22,3.629385232925415,3.793116739073916,3.602096518445097,3.683962401641582,98700,
2023-03-23,3.57480788230896,3.711250927278853,3.492942003278133,3.683962214187092,119212,
2023-03-24,3.2746331691741943,3.5748079804462805,3.2200560017368502,3.46565338532713,324553,
2023-03-27,3.001747131347656,3.3292104027185068,2.9471699628265924,3.3292104027185068,519535,
2023-03-28,2.728860855102539,3.13818998336792,2.565129099698606,3.13818998336792,548047,
2023-03-29,2.9744584560394287,3.001747170780678,2.674283895108044,2.783438233584098,368054,
2023-03-31,2.892592668533325,3.2200559256658163,2.838015242140864,3.029035714025568,329136,
2023-04-03,3.1654789447784424,3.165478944778442,2.9471700071653646,3.029035891300828,125110,
2023-04-05,3.465653419494629,3.4656534194946285,3.1927673193730914,3.1927673193730914,210058,
2023-04-06,3.629385232925415,3.629385232925416,3.629385232925416,3.629385232925416,66066,
2023-04-10,3.793116569519043,3.793116569519043,3.793116569519043,3.793116569519043,52454,
2023-04-11,3.956848382949829,3.956848382949829,3.956848382949829,3.956848382949829,8455,
2023-04-12,4.147868633270264,4.147868633270264,3.9568484169163,4.147868633270264,343461,
2023-04-13,3.956848382949829,4.338888812378236,3.956848382949829,4.147868597664032,391165,
2023-04-17,3.956848382949829,4.093291430637755,3.874982502288182,3.956848382949829,66089,
2023-04-18,3.793116569519043,4.011425494869622,3.765828116503006,3.902271162316561,102417,
2023-04-19,3.956848382949829,3.956848382949829,3.7658281682356254,3.874982502288182,76869,
2023-04-20,4.011425495147705,4.147868540970718,3.956848328867391,3.956848328867391,68652,
2023-04-21,3.8749825954437256,3.984137192364845,3.8476941413967953,3.8749825954437256,49582,
2023-04-24,3.902271270751953,3.929559724526275,3.847694102958845,3.929559724526275,41785,
2023-04-25,3.902271270751953,3.9568484385450615,3.8204053889400593,3.929559724526275,49427,
2023-04-26,3.8204054832458496,3.902271367078584,3.765828314105517,3.902271367078584,66882,
2023-04-27,3.793116569519043,3.84769399604003,3.765828116503006,3.8204052827795367,11652,
2023-04-28,3.793116569519043,3.9295596153325976,3.765828116503006,3.874982449056067,50317,
2023-05-02,3.8204054832458496,3.929559821526514,3.711251144965185,3.929559821526514,45193,
2023-05-03,3.793116569519043,3.9295596153325976,3.738539403242512,3.902271162316561,153266,
2023-05-04,3.8204054832458496,3.847694197938251,3.738539599413116,3.847694197938251,65290,
2023-05-05,3.8204054832458496,3.847694197938251,3.738539599413116,3.8204054832458496,51017,
2023-05-08,3.793116569519043,3.984137041853585,3.738539403242512,3.765828116503006,76866,
2023-05-09,3.7658281326293945,3.902271179027239,3.711250966119148,3.902271179027239,36054,
2023-05-10,3.793116569519043,3.8204052827795367,3.711250950226475,3.765828116503006,33651,
2023-05-11,3.793116569519043,3.8204052827795367,3.738539403242512,3.738539403242512,35425,
2023-05-12,3.793116569519043,3.84769399604003,3.765828116503006,3.84769399604003,22889,
2023-05-15,3.8204054832458496,3.847694197938251,3.738539599413116,3.847694197938251,47338,
2023-05-16,3.793116569519043,3.84769399604003,3.765828116503006,3.8204052827795367,33047,
2023-05-17,3.7658281326293945,3.847694012516993,3.711250966119148,3.847694012516993,35374,
2023-05-18,3.711251020431519,3.820405355049432,3.6566735928781,3.820405355049432,19130,
2023-05-19,3.711251020431519,3.765828187740475,3.6293851393458527,3.765828187740475,29410,
2023-05-22,3.7658281326293945,3.82040529913964,3.683962252741796,3.765828132629394,18952,
2023-05-23,3.711251020431519,3.820405355049432,3.683962306654809,3.765828187740475,83567,
2023-05-24,3.656673669815064,3.7931167210804686,3.629385215708663,3.7931167210804686,51410,
2023-05-25,3.629385232925415,3.738539570357749,3.602096518445097,3.629385232925416,64017,
2023-05-26,3.629385232925415,3.7658282848380655,3.629385232925416,3.7658282848380655,40473,
2023-05-29,3.656673669815064,3.7385395526232,3.6020965013577952,3.7385395526232,36530,
2023-05-30,3.656673669815064,3.683962384165932,3.6020965013577952,3.629385215708663,41363,
2023-05-31,3.57480788230896,3.711250927278853,3.5475191692172,3.711250927278853,48488,
2023-06-01,3.520230531692505,3.6566735795913536,3.492942078259412,3.574807959047613,77938,
2023-06-02,3.683962345123291,3.683962345123291,3.5748080093655723,3.5748080093655723,142206,
2023-06-05,3.847694158554077,3.847694158554077,3.683962392564533,3.683962392564533,317701,
2023-06-06,4.038714408874512,4.038714408874512,3.9841372398852215,3.9841372398852215,149344,
2023-06-07,3.9295597076416016,4.06600275666033,3.847694086425935,4.06600275666033,188388,
2023-06-08,3.956848382949829,4.093291430637755,3.820405335261904,4.093291430637755,117036,
2023-06-09,3.7658281326293945,3.929559632160133,3.765828132629394,3.847694012516993,107058,
2023-06-12,3.711251020431519,3.820405355049432,3.683962306654809,3.793116641272723,89274,
2023-06-13,3.738539457321167,3.7931166243871663,3.7112510039103976,3.765828170976397,25025,
2023-06-14,3.8749825954437256,3.902271309735122,3.574808039460696,3.793116712814002,206932,
2023-06-15,3.8204054832458496,3.984137250911317,3.793116768553448,3.984137250911317,85208,
2023-06-16,3.7658281326293945,3.902271179027239,3.711250966119148,3.793116585762288,37656,
2023-06-19,3.7658281326293945,3.8749824656498864,3.62938508623155,3.765828132629394,79736,
2023-06-20,3.793116569519043,3.8204052827795367,3.6839622369659817,3.738539403242512,47071,
2023-06-21,3.847694158554077,3.8749826127226896,3.7931167297279176,3.847694158554077,69296,
2023-06-22,3.8204054832458496,3.8749826523861817,3.738539599413116,3.8749826523861817,52963,
2023-06-23,3.7658281326293945,3.847694012516993,3.711250966119148,3.82040529913964,61710,
2023-06-26,3.7658281326293945,3.82040529913964,3.765828132629394,3.82040529913964,33124,
2023-06-27,3.8204054832458496,3.847694197938251,3.738539599413116,3.847694197938251,27635,
2023-06-28,3.8204054832458496,3.8749826523861817,3.765828314105517,3.765828314105517,55251,
2023-06-30,3.7658281326293945,3.8749824656498864,3.738539419252042,3.793116585762288,93480,
2023-07-03,3.683962345123291,3.847694109004335,3.656673631061629,3.765828227063813,154411,
2023-07-04,3.7658281326293945,3.793116585762288,3.683962252741796,3.711250966119148,27050,
2023-07-05,3.738539457321167,3.820405338042396,3.7112510039103976,3.7931166243871663,41086,
2023-07-06,3.793116569519043,3.793116569519043,3.738539403242512,3.793116569519043,25863,
2023-07-07,3.793116569519043,3.84769399604003,3.738539403242512,3.8204052827795367,97248,
2023-07-10,3.7658281326293945,3.8749824656498864,3.765828132629394,3.8749824656498864,30224,
2023-07-11,3.7658281326293945,3.847694012516993,3.711250966119148,3.765828132629394,77979,
2023-07-12,3.7658281326293945,3.82040529913964,3.738539419252042,3.765828132629394,37411,
2023-07-13,3.683962345123291,3.820405394942672,3.656673631061629,3.820405394942672,109624,
2023-07-14,3.7658281326293945,3.793116585762288,3.6020963728541977,3.793116585762288,42218,
2023-07-17,3.738539457321167,3.847694051697626,3.7112510039103976,3.820405338042396,63559,
2023-07-18,3.738539457321167,3.7931166243871663,3.7112510039103976,3.738539457321167,22518,
2023-07-19,3.738539457321167,3.7931166243871663,3.7112510039103976,3.7931166243871663,38860,
2023-07-20,3.738539457321167,3.7931166243871663,3.7112510039103976,3.765828170976397,58816,
2023-07-21,3.7658281326293945,3.793116585762288,3.711250966119148,3.738539419252042,35215,
2023-07-24,3.738539457321167,3.820405338042396,3.7112510039103976,3.7931166243871663,77428,
2023-07-25,3.711251020431519,3.765828187740475,3.6566735928781,3.765828187740475,48914,
2023-07-26,3.683962345123291,3.765828227063813,3.656673631061629,3.765828227063813,69250,
2023-07-27,3.683962345123291,3.765828227063813,3.656673631061629,3.765828227063813,25621,
2023-07-28,3.738539457321167,3.7931166243871663,3.683962290255168,3.7931166243871663,43253,
2023-07-31,3.738539457321167,3.820405338042396,3.7112510039103976,3.820405338042396,40523,
2023-08-01,3.711251020431519,3.820405355049432,3.711251020431519,3.820405355049432,43558,
2023-08-02,3.711251020431519,3.793116641272723,3.711251020431519,3.738539473963766,27052,
2023-08-03,3.7658281326293945,3.793116585762288,3.711250966119148,3.711250966119148,18827,
2023-08-04,3.7658281326293945,3.82040529913964,3.738539419252042,3.82040529913964,23490,
2023-08-07,3.793116569519043,3.8204052827795367,3.738539403242512,3.8204052827795367,27454,
2023-08-08,3.793116569519043,3.84769399604003,3.738539403242512,3.84769399604003,72615,
2023-08-09,3.793116569519043,3.84769399604003,3.738539403242512,3.84769399604003,91319,
2023-08-10,3.847694158554077,3.847694158554077,3.765828275559305,3.7931167297279176,131761,
2023-08-11,3.7658281326293945,3.8749824656498864,3.683962252741796,3.8749824656498864,100278,
2023-08-14,3.738539457321167,3.820405338042396,3.7112510039103976,3.765828170976397,20063,
2023-08-16,3.793116569519043,3.793116569519043,3.711250950226475,3.738539403242512,32899,
2023-08-17,3.738539457321167,3.7931166243871663,3.738539457321167,3.7931166243871663,25933,
2023-08-18,3.711251020431519,3.793116641272723,3.683962306654809,3.793116641272723,42113,
2023-08-21,3.711251020431519,3.765828187740475,3.6566735928781,3.738539473963766,72709,
2023-08-22,3.683962345123291,3.765828227063813,3.629385177244432,3.711251059184953,45181,
2023-08-23,3.656673669815064,3.7385395526232,3.6020965013577952,3.629385215708663,60200,
2023-08-24,3.57480788230896,3.711250927278853,3.492942003278133,3.656673501095331,66490,
2023-08-25,3.738539457321167,3.738539457321167,3.5748079561231694,3.629385123189168,62898,
2023-08-28,3.8204054832458496,3.847694197938251,3.6020965464400496,3.793116768553448,96402,
2023-08-29,3.902271270751953,3.902271270751953,3.683962339335057,3.793116674921273,209134,
2023-08-30,4.093291282653809,4.093291282653809,3.9022710748455207,3.9022710748455207,285249,
2023-08-31,4.284311771392822,4.284311771392822,4.22973460276093,4.22973460276093,116886,
2023-09-01,4.475331783294678,4.475331783294678,4.366177451114595,4.475331783294678,182968,
2023-09-04,4.393466472625732,4.52990952754896,4.393466472625732,4.393466472625732,126275,
2023-09-05,4.311600208282471,4.311600208282471,4.311600208282471,4.311600208282471,41207,
2023-09-06,4.229734420776367,4.229734420776367,4.229734420776367,4.229734420776367,58656,
2023-09-07,4.147868633270264,4.147868633270264,4.147868633270264,4.147868633270264,143153,
2023-09-08,4.06600284576416,4.147868729018328,4.06600284576416,4.06600284576416,20535,
2023-09-11,3.9841370582580566,4.038714224759305,3.984137058258056,3.984137058258056,58528,
2023-09-12,3.902271270751953,3.902271270751953,3.902271270751953,3.902271270751953,21033,
2023-09-13,3.8204054832458496,3.8204054832458496,3.8204054832458496,3.8204054832458496,20449,
2023-09-14,3.7658281326293945,3.82040529913964,3.765828132629394,3.765828132629394,111119,
2023-09-15,3.8204054832458496,3.8204054832458496,3.793116768553448,3.8204054832458496,38736,
2023-09-18,3.8749825954437256,3.8749825954437256,3.820405427105399,3.8749825954437256,49178,
2023-09-20,3.8749825954437256,3.929559763782052,3.8749825954437256,3.8749825954437256,17136,
2023-09-21,3.9295597076416016,3.929559707641601,3.929559707641601,3.929559707641601,12605,
2023-09-22,3.9295597076416016,3.929559707641601,3.929559707641601,3.929559707641601,14658,
2023-09-25,3.902271270751953,3.929559724526275,3.847694102958845,3.902271270751953,24663,
2023-09-26,3.847694158554077,3.9022713271357694,3.820405444140997,3.847694158554077,9766,
2023-09-27,3.793116569519043,3.8204052827795367,3.793116569519043,3.793116569519043,15611,
2023-09-28,3.7658281326293945,3.82040529913964,3.765828132629394,3.765828132629394,7776,
2023-09-29,3.738539457321167,3.765828170976397,3.7112510039103976,3.738539457321167,11660,
2023-10-03,3.7658281326293945,3.765828132629394,3.738539419252042,3.765828132629394,16183,
2023-10-04,3.711251020431519,3.765828187740475,3.711251020431519,3.711251020431519,7976,
2023-10-05,3.656673669815064,3.656673669815064,3.656673669815064,3.656673669815064,31517,
2023-10-06,3.6020963191986084,3.656673484895892,3.6020963191986084,3.6020963191986084,20985,
2023-10-09,3.5475192070007324,3.602096373521083,3.4656533270979777,3.602096373521083,51622,
2023-10-10,3.5475192070007324,3.5748079203831367,3.411076160577627,3.5475192070007324,44296,
2023-10-11,3.683962345123291,3.683962345123291,3.54751929530391,3.683962345123291,89109,
2023-10-12,3.847694158554077,3.847694158554077,3.683962392564533,3.738539561146225,43878,
2023-10-13,4.011425495147705,4.038714208410091,3.711250950483749,3.929559615605005,129765,
2023-10-16,4.202445983886719,4.202445983886719,4.093291644140755,4.147868814013736,202284,
2023-10-17,4.393466472625732,4.393466472625732,4.229734702620069,4.393466472625732,171463,
2023-10-18,4.311600208282471,4.311600208282471,4.311600208282471,4.311600208282471,49571,
2023-10-19,4.229734420776367,4.229734420776367,4.229734420776367,4.229734420776367,11074,
2023-10-20,4.147868633270264,4.147868633270264,4.147868633270264,4.147868633270264,13067,
2023-10-23,4.06600284576416,4.06600284576416,4.06600284576416,4.06600284576416,1198,
2023-10-25,3.9841370582580566,3.984137058258056,3.984137058258056,3.984137058258056,939,
2023-10-26,3.902271270751953,3.902271270751953,3.902271270751953,3.902271270751953,4235,
2023-10-27,3.8204054832458496,3.902271367078584,3.8204054832458496,3.8204054832458496,24205,
2023-10-30,3.7658281326293945,3.82040529913964,3.765828132629394,3.765828132629394,5587,
2023-10-31,3.711251020431519,3.820405355049432,3.711251020431519,3.711251020431519,23805,
2023-11-01,3.711251020431519,3.711251020431519,3.683962306654809,3.711251020431519,7445,
2023-11-02,3.683962345123291,3.765828227063813,3.656673631061629,3.683962345123291,37899,
2023-11-03,3.629385232925415,3.683962401641582,3.629385232925416,3.629385232925416,19316,
2023-11-06,3.683962345123291,3.683962345123291,3.629385177244432,3.683962345123291,23411,
2023-11-07,3.738539457321167,3.738539457321167,3.629385123189168,3.738539457321167,25815,
2023-11-08,3.711251020431519,3.765828187740475,3.711251020431519,3.711251020431519,17873,
2023-11-09,3.656673669815064,3.7112510985168,3.656673669815064,3.656673669815064,15353,
2023-11-10,3.629385232925415,3.629385232925416,3.602096518445097,3.629385232925416,19783,
2023-11-13,3.629385232925415,3.629385232925416,3.574808064209249,3.629385232925416,46729,
2023-11-15,3.683962345123291,3.683962345123291,3.629385177244432,3.683962345123291,28943,
2023-11-16,3.656673669815064,3.7112510985168,3.656673669815064,3.656673669815064,39694,
2023-11-17,3.629385232925415,3.629385232925416,3.602096518445097,3.629385232925416,33920,
2023-11-20,3.656673669815064,3.683962384165932,3.656673669815064,3.656673669815064,27599,
2023-11-21,3.711251020431519,3.711251020431519,3.711251020431519,3.711251020431519,8474,
2023-11-22,3.7658281326293945,3.765828132629394,3.765828132629394,3.765828132629394,27687,
2023-11-23,3.711251020431519,3.820405355049432,3.711251020431519,3.711251020431519,29921,
2023-11-24,3.656673669815064,3.7112510985168,3.656673669815064,3.656673669815064,92039,
2023-11-28,3.711251020431519,3.765828187740475,3.547519258260187,3.6020964255691434,140267,
2023-11-29,3.8749825954437256,3.8749825954437256,3.738539544475676,3.793116712814002,97388,
2023-11-30,4.06600284576416,4.06600284576416,3.956848508254916,3.956848508254916,86417,
2023-12-01,4.257023334503174,4.257023334503174,4.257023334503174,4.257023334503174,67634,
2023-12-04,4.448043346405029,4.448043346405029,4.420755152031764,4.448043346405029,173227,
2023-12-05,4.420754909515381,4.666352288824254,4.229734436447971,4.666352288824254,538776,
2023-12-06,4.639063835144043,4.639063835144043,4.257023388112322,4.311600557653358,273257,
2023-12-07,4.55719804763794,4.55719804763794,4.55719804763794,4.55719804763794,58341,
2023-12-08,4.475331783294678,4.475331783294678,4.475331783294678,4.475331783294678,25212,
2023-12-11,4.393466472625732,4.393466472625732,4.393466472625732,4.393466472625732,42697,
2023-12-12,4.311600208282471,4.311600208282471,4.311600208282471,4.311600208282471,11289,
2023-12-13,4.229734420776367,4.311600300324156,4.229734420776367,4.229734420776367,36327,
2023-12-14,4.147868633270264,4.147868633270264,4.147868633270264,4.147868633270264,25783,
2023-12-15,4.06600284576416,4.120580274763252,4.06600284576416,4.06600284576416,26647,
2023-12-18,3.9841370582580566,3.984137058258056,3.984137058258056,3.984137058258056,42523,
2023-12-19,3.902271270751953,3.902271270751953,3.902271270751953,3.902271270751953,21794,
2023-12-20,3.8204054832458496,3.8204054832458496,3.8204054832458496,3.8204054832458496,63186,
2023-12-21,3.847694158554077,3.8749826127226896,3.847694158554077,3.847694158554077,31773,
2023-12-22,3.8204054832458496,3.8749826523861817,3.8204054832458496,3.8204054832458496,39163,
2023-12-26,3.7658281326293945,3.82040529913964,3.765828132629394,3.765828132629394,51904,
2023-12-27,3.8204054832458496,3.8204054832458496,3.765828314105517,3.8204054832458496,19438,
2023-12-28,3.8749825954437256,3.8749825954437256,3.820405427105399,3.8749825954437256,31065,
2023-12-29,3.8204054832458496,3.8749826523861817,3.8204054832458496,3.8204054832458496,30029,
2024-01-01,3.7658281326293945,3.82040529913964,3.765828132629394,3.765828132629394,64646,
2024-01-02,3.711251020431519,3.765828187740475,3.711251020431519,3.711251020431519,57429,
2024-01-03,3.7658281326293945,3.765828132629394,3.738539419252042,3.765828132629394,44472,
2024-01-04,3.8204054832458496,3.8204054832458496,3.793116768553448,3.8204054832458496,106092,
2024-01-05,3.847694158554077,3.8749826127226896,3.820405444140997,3.847694158554077,103832,
2024-01-08,3.902271270751953,3.902271270751953,3.902271270751953,3.902271270751953,56300,
2024-01-09,3.956848382949829,3.956848382949829,3.956848382949829,3.956848382949829,14901,
2024-01-10,4.011425495147705,4.011425495147705,4.011425495147705,4.011425495147705,45741,
2024-01-11,4.06600284576416,4.06600284576416,4.06600284576416,4.06600284576416,45525,
2024-01-12,4.120580196380615,4.120580196380615,4.093291482400162,4.120580196380615,111898,
2024-01-15,4.311600208282471,4.311600208282471,4.311600208282471,4.311600208282471,136842,
2024-01-16,4.502620697021484,4.502620697021484,4.257023308554463,4.502620697021484,210610,
2024-01-17,4.366177558898926,4.557198035296324,4.284311677620678,4.557198035296324,189694,
2024-01-18,4.58448600769043,4.58448600769043,4.147868428990815,4.366177348462847,309987,
2024-01-19,4.80279541015625,4.802795410156249,4.63906364789738,4.775506696364951,328634,
2024-01-23,5.184835910797119,5.266701532772028,5.021104146358372,5.266701532772028,426611,
2024-01-24,5.102970123291016,5.102970123291016,5.102970123291016,5.102970123291016,67822,
2024-01-25,5.021103858947754,5.021103858947753,5.021103858947753,5.021103858947753,51946,
2024-01-29,4.939238548278809,4.939238548278809,4.939238548278809,4.939238548278809,49827,
2024-01-30,4.857372283935547,4.857372283935547,4.857372283935547,4.857372283935547,25171,
2024-01-31,4.775506496429443,4.775506496429443,4.775506496429443,4.775506496429443,16324,
2024-02-01,4.693641185760498,4.693641185760498,4.693641185760498,4.693641185760498,33262,
2024-02-02,4.611774921417236,4.639063635133453,4.611774921417236,4.611774921417236,42167,
2024-02-05,4.529909133911133,4.529909133911133,4.529909133911133,4.529909133911133,30543,
2024-02-06,4.475331783294678,4.529909209629174,4.4480430701274285,4.475331783294678,60042,
2024-02-07,4.55719804763794,4.55719804763794,4.55719804763794,4.55719804763794,39833,
2024-02-08,4.639063835144043,4.639063835144043,4.639063835144043,4.639063835144043,51271,
2024-02-09,4.720929145812988,4.720929145812988,4.666352240140918,4.720929145812988,88208,
2024-02-12,4.80279541015625,4.802795410156249,4.802795410156249,4.802795410156249,60764,
2024-02-13,4.720929145812988,4.7755065719739695,4.720929145812988,4.720929145812988,41514,
2024-02-14,4.666352272033691,4.666352272033691,4.639063558766693,4.666352272033691,18095,
2024-02-15,4.666352272033691,4.748217891345773,4.666352272033691,4.666352272033691,19469,
2024-02-16,4.58448600769043,4.666352145267449,4.58448600769043,4.58448600769043,50855,
2024-02-19,4.529909133911133,4.557197846622247,4.529909133911133,4.529909133911133,28559,
2024-02-20,4.611774921417236,4.611774921417236,4.557198014473726,4.611774921417236,44322,
2024-02-21,4.529909133911133,4.639063464266687,4.529909133911133,4.529909133911133,11500,
2024-02-22,4.502620697021484,4.52990941140425,4.448043268255953,4.502620697021484,35423,
2024-02-23,4.420754909515381,4.502620529122033,4.420754909515381,4.420754909515381,20226,
2024-02-26,4.420754909515381,4.502620529122033,4.420754909515381,4.420754909515381,27817,
2024-02-27,4.338888645172119,4.448042975018236,4.338888645172119,4.338888645172119,21916,
2024-02-28,4.257023334503174,4.338888957661549,4.257023334503174,4.257023334503174,18030,
2024-02-29,4.311600208282471,4.338888660719557,4.202445617800773,4.311600208282471,46502,
2024-03-01,4.393466472625732,4.393466472625732,4.393466472625732,4.393466472625732,49101,
2024-03-04,4.529909133911133,4.802795220044468,4.475331708488905,4.74821779462224,137516,
2024-03-05,4.311600208282471,4.557197841682953,4.311600208282471,4.529909129001416,131317,
2024-03-06,4.17515754699707,4.448043397533522,4.093291661713898,4.311600602387534,263264,
2024-03-07,4.338888645172119,4.366177357755873,4.011425395389319,4.011425395389319,96592,
2024-03-11,4.147868633270264,4.448043184613788,4.1205801796451045,4.338888849624227,90761,
2024-03-12,4.284311771392822,4.338888940024715,3.9568484993569983,4.20244588832275,192346,
2024-03-13,4.202445983886719,4.420755183867594,4.0660029290820265,4.366177753750138,200953,
2024-03-14,4.202445983886719,4.2843118688184285,4.011425759209045,4.2843118688184285,143737,
2024-03-15,4.011425495147705,4.202445707251032,4.011425495147705,4.202445707251032,85097,
2024-03-18,3.8749825954437256,4.011425646411776,3.820405427105399,4.011425646411776,284937,
2024-03-19,3.8749825954437256,3.984137192364845,3.683962376137349,3.9568484780734487,215378,
2024-03-20,3.7658281326293945,3.9841370589148366,3.683962252741796,3.902271179027239,175776,
2024-03-21,3.683962345123291,3.820405394942672,3.656673631061629,3.683962345123291,176897,
2024-03-22,3.8204054832458496,3.847694197938251,3.711251144965185,3.793116768553448,256851,
2024-03-26,3.683962345123291,3.902271276883194,3.629385177244432,3.79311668088101,387235,
2024-03-27,3.520230531692505,3.820405341167756,3.520230531692505,3.629385126158261,311490,
2024-03-28,3.356498956680298,3.574807880575134,3.356498956680298,3.574807880575134,438814,
2024-04-01,3.520230531692505,3.520230531692505,3.4656533645818577,3.492942078259412,11193,
2024-04-02,3.683962345123291,3.683962345123291,3.683962345123291,3.683962345123291,35936,
2024-04-03,3.847694158554077,3.847694158554077,3.847694158554077,3.847694158554077,28997,
2024-04-04,4.038714408874512,4.038714408874512,4.038714408874512,4.038714408874512,12334,
2024-04-05,4.229734420776367,4.229734420776367,4.229734420776367,4.229734420776367,342608,
2024-04-08,4.420754909515381,4.420754909515381,4.420754909515381,4.420754909515381,58616,
2024-04-09,4.639063835144043,4.639063835144043,4.529909496061972,4.639063835144043,114843,
2024-04-10,4.857372283935547,4.857372283935547,4.420754948225009,4.720929236403774,669360,
2024-04-12,5.075681686401367,5.075681686401366,4.884661203602967,4.939238633113636,337166,
2024-04-15,5.321279048919678,5.321279048919678,4.993815514636737,5.184835996383276,467135,
2024-04-16,5.075681686401367,5.457722131509224,5.075681686401366,5.457722131509224,694428,
2024-04-18,5.212124347686768,5.3212786780096994,4.857372123526113,5.04839259195792,815192,
2024-04-19,5.457721710205078,5.457721710205078,5.021103869290891,5.021103869290891,417900,
2024-04-22,5.730607986450195,5.730607986450195,5.594164939153762,5.730607986450195,136550,
2024-04-23,6.0034942626953125,6.0034942626953125,6.0034942626953125,6.0034942626953125,81884,
2024-04-24,6.303668975830078,6.303668975830078,6.303668975830078,6.303668975830078,60393,
2024-04-25,6.603843688964844,6.603843688964844,6.603843688964844,6.603843688964844,340267,
2024-04-26,6.931306838989258,6.931306838989257,6.931306838989257,6.931306838989257,87307,
2024-04-29,7.25877046585083,7.258770465850831,7.258770465850831,7.258770465850831,61582,
2024-04-30,7.613522052764893,7.613522052764893,6.904018091755173,7.613522052764893,1242840,
2024-05-02,7.231481552124023,7.613521982855432,7.231481552124023,7.613521982855432,674835,
2024-05-03,6.876729965209961,7.0677499239447785,6.876729965209961,6.876729965209961,100762,
2024-05-06,6.549266338348389,6.549266338348389,6.549266338348389,6.549266338348389,40127,
2024-05-07,6.221802711486816,6.221802711486816,6.221802711486816,6.221802711486816,44819,
2024-05-08,5.921628475189209,5.921628475189209,5.921628475189209,5.921628475189209,79422,
2024-05-09,6.194514751434326,6.194514751434326,5.676030738913062,5.676030738913062,175792,
2024-05-10,6.494688987731934,6.494688987731933,6.358245937397322,6.358245937397322,133996,
2024-05-13,6.794863700866699,6.794863700866699,6.794863700866699,6.794863700866699,90120,
2024-05-14,7.122327327728272,7.122327327728272,7.122327327728272,7.122327327728272,38799,
2024-05-15,6.958595275878906,7.477078741356415,6.767574805208235,7.477078741356415,326389,
2024-05-16,6.822152614593506,6.822152614593506,6.822152614593506,6.822152614593506,47652,
2024-05-17,6.685709476470947,6.685709476470946,6.685709476470946,6.685709476470946,42073,
2024-05-21,6.440112113952637,6.440112113952637,6.440112113952637,6.440112113952637,17035,
2024-05-22,6.330957889556885,6.330957889556884,6.330957889556884,6.330957889556884,61789,
2024-05-23,6.221802711486816,6.221802711486816,6.221802711486816,6.221802711486816,24158,
2024-05-24,6.1126484870910645,6.221802822121651,6.112648487091064,6.112648487091064,27256,
2024-05-27,6.0034942626953125,6.0034942626953125,6.0034942626953125,6.0034942626953125,9291,
2024-05-28,5.948916912078857,5.948916912078857,5.8943400030853015,5.948916912078857,63381,
2024-05-29,5.839762210845947,5.839762210845948,5.839762210845948,5.839762210845948,18788,
2024-05-30,5.730607986450195,5.812473606632487,5.730607986450195,5.730607986450195,22050,
2024-05-31,5.839762210845947,5.839762210845948,5.839762210845948,5.839762210845948,60219,
2024-06-03,5.948916912078857,5.948916912078857,5.948916912078857,5.948916912078857,26488,
2024-06-04,5.839762210845947,5.9489165425415065,5.839762210845948,5.839762210845948,42418,
2024-06-05,5.730607986450195,5.730607986450195,5.730607986450195,5.730607986450195,26012,
2024-06-06,5.621453762054443,5.7306080979169804,5.6214537620544425,5.6214537620544425,30032,
2024-06-07,5.594164848327637,5.621453561441651,5.539587422099608,5.594164848327637,22404,
2024-06-10,5.512299537658691,5.588707314063081,5.512299537658691,5.512299537658691,14613,
2024-06-11,5.397686958312988,5.512299135037172,5.397686958312989,5.397686958312989,22144,
2024-06-12,5.299448013305664,5.3976871745735,5.299448013305665,5.299448013305665,83943,
2024-06-13,5.403144359588623,5.403144359588623,5.321278740999578,5.403144359588623,81298,
2024-06-14,5.506841659545898,5.506841659545898,5.506841659545898,5.506841659545898,22363,
2024-06-18,5.61599588394165,5.61599588394165,5.61599588394165,5.61599588394165,19115,
2024-06-19,5.725150108337402,5.725150108337402,5.725150108337402,5.725150108337402,90822,
2024-06-20,5.834304332733154,5.834304332733154,5.834304332733154,5.834304332733154,59042,
2024-06-21,5.948916912078857,5.948916912078857,5.948916912078857,5.948916912078857,48692,
2024-06-24,6.24363374710083,6.24363374710083,6.221802879892009,6.221802879892009,68512,
2024-06-25,6.554724216461182,6.554724216461183,6.554724216461183,6.554724216461183,73426,
2024-06-26,6.882187366485596,6.882187366485595,6.882187366485595,6.882187366485595,74275,
2024-06-27,7.1277852058410645,7.226023848526405,6.549266441187688,7.226023848526405,652014,
2024-06-28,6.767574787139893,6.767574787139893,6.767574787139893,6.767574787139893,79582,
2024-07-01,7.105954170227051,7.105954170227051,6.429196258427626,6.429196258427626,535679,
2024-07-02,7.460705757141113,7.460705757141113,7.460705757141113,7.460705757141113,206009,
2024-07-03,7.831830978393555,7.831830978393555,7.831830978393555,7.831830978393555,590957,
2024-07-04,8.219329833984375,8.219329833984375,7.531656714228964,7.58623362374814,1217865,
2024-07-05,8.628658294677734,8.628658294677734,8.628658294677734,8.628658294677734,549011,
2024-07-08,8.459468841552734,8.459468841552734,8.454010994802136,8.459468841552734,318418,
2024-07-09,8.628658294677734,8.628658294677734,8.404891266263913,8.628658294677734,314923,
2024-07-10,8.612284660339355,8.634115526227216,8.454010752530133,8.612284660339355,152867,
2024-07-11,8.437638282775879,8.51404657860428,8.437638282775879,8.437638282775879,56619,
2024-07-12,8.268448829650879,8.43218059786444,8.268448829650879,8.268448829650879,119757,
2024-07-15,8.268448829650879,8.268448829650879,8.268448829650879,8.268448829650879,0,
2024-07-16,8.268448829650879,8.268448829650879,8.268448829650879,8.268448829650879,0,
2024-07-18,7.771795749664307,7.771795749664306,7.771795749664306,7.771795749664306,5187,
2024-07-19,7.613522052764893,7.613522052764893,7.613522052764893,7.613522052764893,3175,
2024-07-22,7.613522052764893,7.760880795958211,7.460705983166914,7.613522052764893,69461,
2024-07-23,7.460705757141113,7.477078776836922,7.460705757141113,7.460705757141113,89208,
2024-07-24,7.307889938354492,7.307889938354493,7.307889938354493,7.307889938354493,23640,
2024-07-25,7.160531044006348,7.160531044006348,7.160531044006348,7.160531044006348,103112,
2024-07-26,7.01317310333252,7.095038726597686,7.01317310333252,7.01317310333252,62208,
2024-07-29,6.876729965209961,6.882187291667749,6.876729965209961,6.876729965209961,118225,
2024-07-30,6.822152614593506,6.876730043705829,6.745744317934041,6.822152614593506,64111,
2024-07-31,6.958595275878906,6.958595275878906,6.958595275878906,6.958595275878906,48838,
2024-08-01,7.095038414001465,7.095038414001465,7.095038414001465,7.095038414001465,31132,
2024-08-02,7.236939430236816,7.236939430236815,7.236939430236815,7.236939430236815,39233,
2024-08-05,7.313347339630127,7.378840462267784,7.313347339630128,7.313347339630128,85602,
2024-08-06,7.165988922119141,7.318804989688026,7.165988922119141,7.165988922119141,38804,
2024-08-07,7.2860589027404785,7.3078897693952145,7.165988875894977,7.2860589027404785,113876,
2024-08-08,7.14961576461792,7.422501854557705,7.14961576461792,7.14961576461792,32484,
2024-08-09,7.291516304016113,7.291516304016114,7.040461074660601,7.291516304016114,69443,
2024-08-12,7.651726245880127,7.651726245880126,7.651726245880126,7.651726245880126,107691,
2024-08-13,7.264228343963623,7.831831421532228,7.264228343963624,7.586233510646199,150463,
2024-08-14,6.898560523986816,7.553487034124237,6.898560523986816,6.936764409927418,188085,
2024-08-16,6.827610492706299,6.958595698585863,6.549266539845519,6.767575216311459,162008,
2024-08-19,6.582013130187988,6.936764861110351,6.483773965106559,6.740287051436435,94993,
2024-08-20,6.249091625213623,6.658420777788606,6.249091625213623,6.538350747296377,167903,
2024-08-21,6.560182094573975,6.560182094573975,6.019867220941498,6.221802872505584,131817,
2024-08-22,6.887645244598389,6.887645244598389,6.887645244598389,6.887645244598389,27680,
2024-08-23,7.231481552124023,7.231481552124023,6.8166945608207,6.925848895245542,205777,
2024-08-26,7.591691017150879,7.591691017150879,7.231481457993217,7.591691017150879,215177,
2024-08-27,7.957358360290527,7.968274053749251,7.586233110516507,7.591690957245869,338776,
2024-08-28,7.79362678527832,7.79362678527832,7.79362678527832,7.79362678527832,23871,
2024-08-29,7.635353088378906,7.635353088378906,7.635353088378906,7.635353088378906,32214,
2024-08-30,7.482536792755127,7.482536792755127,7.482536792755127,7.482536792755127,39058,
2024-09-02,7.346093654632568,7.346093654632568,7.346093654632568,7.346093654632568,93839,
2024-09-03,7.313347339630127,7.378840462267784,7.313347339630128,7.313347339630128,67972,
2024-09-04,7.165988922119141,7.25877023612248,7.165988922119141,7.165988922119141,21016,
2024-09-05,7.024087905883789,7.122327065004471,7.018630059157326,7.024087905883788,52493,
2024-09-06,6.882187366485596,7.0240882657093655,6.882187366485595,6.882187366485595,27250,
2024-09-09,6.740286827087402,6.882187202439857,6.740286827087402,6.740286827087402,10584,
2024-09-10,6.740286827087402,6.740286827087402,6.680251552429704,6.740286827087402,19238,
2024-09-11,6.822152614593506,6.871272196696809,6.620216959660211,6.822152614593506,38024,
2024-09-12,6.712997913360596,6.822152245185786,6.685709200282071,6.712997913360596,27250,
2024-09-13,6.75120210647583,6.843983422869905,6.576555167611186,6.75120210647583,44151,
2024-09-16,6.740286827087402,6.740286827087402,6.631131971523924,6.631131971523924,73778,
2024-09-17,6.603843688964844,6.740286736088176,6.603843688964844,6.603843688964844,40996,
2024-09-18,6.712997913360596,6.712997913360596,6.592927888108431,6.712997913360596,106445,
2024-09-19,6.576555252075195,6.740287019608106,6.576555252075195,6.576555252075195,76194,
2024-09-20,6.549266338348389,6.576555052189292,6.549266338348389,6.549266338348389,12559,
2024-09-23,6.418281078338623,6.440111945115737,6.418281078338623,6.418281078338623,38174,
2024-09-24,6.543808460235596,6.543808460235596,6.418281105851332,6.543808460235596,59026,
2024-09-25,6.41282320022583,6.41282320022583,6.41282320022583,6.41282320022583,20078,
2024-09-26,6.2818379402160645,6.358245712588984,6.2818379402160645,6.2818379402160645,21813,
2024-09-27,6.407365322113037,6.407365322113037,6.407365322113037,6.407365322113037,185470,
2024-09-30,6.532893180847168,6.532893180847168,6.532893180847168,6.532893180847168,204964,
2024-10-01,6.658420562744141,6.658420562744141,6.658420562744141,6.658420562744141,109747,
2024-10-03,6.789405822753906,6.789405822753907,6.789405822753907,6.789405822753907,166424,
2024-10-04,6.92039155960083,6.92039155960083,6.92039155960083,6.92039155960083,47294,
2024-10-07,6.685709476470947,7.253312545898719,6.571097293197602,6.636589894998237,310762,
2024-10-08,6.369161605834961,6.603843818030168,6.347330738688124,6.603843818030168,119682,
2024-10-09,6.549266338348389,6.652962826357111,6.0908176113857735,6.434654156607735,190297,
2024-10-10,6.767574787139893,6.849440925989715,6.330957461896474,6.652962609141269,70564,
2024-10-11,6.582013130187988,6.876730104943334,6.467400944422635,6.76757524574666,39536,
2024-10-14,6.500146865844727,6.680251651511286,6.287296039414575,6.576555161774666,40887,
2024-10-15,6.330957889556885,6.500146984395318,6.2763804599702615,6.500146984395318,76838,
2024-10-16,6.216345310211182,6.603843578371649,6.1126483046602464,6.145394864436571,131687,
2024-10-17,6.030782699584961,6.341872675963142,5.9489165602035525,6.341872675963142,115932,
2024-10-18,5.992578506469727,6.1999720049389335,5.730608100291105,6.030782914404139,72766,
2024-10-21,5.714234828948975,6.216345272551327,5.692403962726651,5.992578243161375,84674,
2024-10-22,5.424975395202637,5.676030625996054,5.424975395202637,5.495925843088704,260453,
2024-10-23,5.605080604553223,5.69240407110508,5.397687111248102,5.67603053075992,325362,
2024-10-24,5.883424282073975,5.883424282073975,5.457722103720666,5.67057345314179,196571,
2024-10-25,5.943459510803223,6.172683878965701,5.845220347165323,6.172683878965701,169005,
2024-10-28,5.643284797668457,5.83976260808552,5.643284797668457,5.643284797668457,214739,
2024-10-29,5.359482765197754,5.834304510338488,5.359482765197754,5.594164974590697,115103,
2024-10-30,5.414060115814209,5.615995761767311,5.108427463256944,5.4413488291568255,86212,
2024-10-31,5.27761697769165,5.566876084913169,5.212124379103132,5.212124379103132,127093,
2024-11-01,5.419517993927002,5.539587500546736,5.277617100115771,5.277617100115771,44543,
2024-11-04,5.490468502044678,5.517756695360445,5.348567606651423,5.457721941381264,112652,
2024-11-05,5.763354778289795,5.763354778289795,5.26670162897303,5.676030787302197,74744,
2024-11-06,6.047155857086182,6.047155857086181,5.89433978877587,5.987121103229361,82451,
2024-11-07,6.347330570220947,6.347330570220946,5.845220118681464,6.139937077586037,218049,
2024-11-08,6.025324821472168,6.489231380749975,6.025324821472168,6.385534375504861,158669,
2024-11-11,5.719692230224609,6.025324881838319,5.719692230224609,6.025324881838319,106506,
2024-11-12,5.43043327331543,5.648742465102785,5.43043327331543,5.457721987349965,72022,
2024-11-13,5.435891151428223,5.637826803660836,5.195751611621283,5.195751611621283,71991,
2024-11-14,5.479552745819092,5.670573219783934,5.408602298931833,5.485010592615554,44419,
2024-11-18,5.752439022064209,5.752439022064209,5.594165103373682,5.703319440317333,167635,
2024-11-19,6.014410018920898,6.036240886555373,5.845220404387005,5.916170854321287,205612,
2024-11-21,5.790642738342285,6.216345420545793,5.708777118181797,5.948916652344434,119458,
2024-11-22,5.637826919555664,5.970747782163074,5.572334316443827,5.965290455603794,68437,
2024-11-25,5.686946392059326,5.9161707587633625,5.654199830892064,5.654199830892064,142031,
2024-11-26,5.626911640167236,5.91071291498332,5.594165078982453,5.91071291498332,52665,
2024-11-27,5.637826919555664,5.839762575939399,5.599623031195995,5.839762575939399,60486,
2024-11-28,5.637826919555664,5.867051290691567,5.512299560380212,5.861593443643345,136375,
2024-11-29,5.4959259033203125,5.894339881125504,5.4577220157664055,5.479552883009914,156560,
2024-12-02,5.768811702728272,5.768811702728271,5.408602151784366,5.566876061153321,251093,
2024-12-03,6.052613735198975,6.052613735198975,6.052613735198975,6.052613735198975,48501,
2024-12-04,6.35278844833374,6.35278844833374,6.35278844833374,6.35278844833374,49093,
2024-12-05,6.669336318969727,6.669336318969727,6.669336318969727,6.669336318969727,30462,
2024-12-06,7.335177898406982,7.335177898406981,7.335177898406981,7.335177898406981,211416,
2024-12-09,8.066513061523438,8.066513061523438,8.066513061523438,8.066513061523438,95300,
2024-12-10,8.86879825592041,8.86879825592041,8.86879825592041,8.86879825592041,327009,
2024-12-11,9.310873031616213,9.310873031616213,8.623200485388637,9.310873031616213,1688513,
2024-12-12,9.7747802734375,9.7747802734375,9.556471595944284,9.7747802734375,227174,
2024-12-13,10.260517120361328,10.26051712036133,9.283585406840732,9.927596780491232,683207,
2024-12-16,10.77354335784912,10.77354335784912,10.77354335784912,10.77354335784912,193747,
2024-12-17,11.12283706665039,11.30839969940808,10.50611493376362,11.30839969940808,523629,
2024-12-18,10.95364761352539,11.674066732953392,10.58798020703053,11.570370767050578,544017,
2024-12-19,10.467910766601562,10.89907025522195,10.402417645797309,10.48974111288442,479077,
2024-12-20,10.986393928527832,10.986393928527832,10.47882665692345,10.58798047234228,263598,
2024-12-23,11.510335922241213,11.532166269200072,10.75171288806354,11.352061482633507,611056,
2024-12-24,11.166498184204102,11.406638232320327,10.931817023724896,11.188329570840944,393872,
2024-12-26,10.626184463500977,11.133752781037163,10.604354116595289,11.133752781037163,279549,
2024-12-27,10.091327667236328,10.527946043782087,10.091327667236328,10.527946043782087,95719,
2024-12-30,9.785696029663086,10.042208597223375,9.58375985108906,9.58375985108906,420464,
2024-12-31,10.031292915344238,10.16773596993312,9.376366877904347,9.780238194570089,178683,
2025-01-01,9.731118202209473,10.26051685698819,9.627421193611095,10.031292493284218,124320,
2025-01-02,9.736576080322266,9.92213871062936,9.551013450015173,9.70928788685622,85181,
2025-01-03,10.222312927246094,10.222312927246094,9.365450750608913,9.933054331119925,105175,
2025-01-06,10.729881286621094,10.729881286621094,10.369671720655498,10.680761705718709,383924,
2025-01-07,10.24960231781006,10.4679109901908,10.189567042538656,10.451537449395548,171978,
2025-01-08,10.587980270385742,10.7571693576934,9.905765033363751,9.905765033363751,222541,
2025-01-09,11.117380142211914,11.117380142211916,10.369671772187116,10.582522596503305,331729,
2025-01-10,10.757169723510742,11.597659423773596,10.560692436431768,11.564913382756746,224500,
2025-01-13,10.97002124786377,10.97002124786377,10.538860717282072,10.97002124786377,377319,
2025-01-14,10.915443420410156,11.188329505920407,10.915443420410156,10.915443420410156,67278,
2025-01-15,10.751712799072266,10.80628918650663,10.751712799072266,10.751712799072266,90110,
2025-01-16,10.533403396606444,10.642558256655608,10.533403396606444,10.533403396606444,37574,
2025-01-17,10.320551872253418,10.320551872253418,10.320551872253418,10.320551872253418,84507,
2025-01-20,10.1131591796875,10.1131591796875,10.1131591796875,10.1131591796875,53436,
2025-01-21,9.905765533447266,10.06403997609607,9.905765533447266,9.905765533447266,5932,
2025-01-22,9.703829765319824,9.703829765319824,9.703829765319824,9.703829765319824,7239,
2025-01-23,9.551012992858888,9.703829575496638,9.551012992858888,9.551012992858888,54290,
2025-01-24,9.359992980957031,9.441858602404194,9.35999298095703,9.35999298095703,12446,
2025-01-27,9.16897201538086,9.16897201538086,9.16897201538086,9.16897201538086,40844,
2025-01-28,8.983409881591797,9.136226471820928,8.983409881591797,8.983409881591797,5870,
2025-01-29,8.874256134033203,9.147142235174528,8.868798287093034,8.874256134033203,68512,
2025-01-30,9.005241394042969,9.005241394042969,8.732355291193182,9.005241394042969,24018,
2025-01-31,9.185345649719238,9.185345649719238,9.010698720539818,9.185345649719238,23001,
2025-02-01,9.365450859069824,9.365450859069824,9.278127390438048,9.365450859069824,24350,
2025-02-03,9.551012992858888,9.551012992858888,9.196261289891115,9.551012992858888,40612,
2025-02-04,9.74203395843506,9.74203395843506,9.74203395843506,9.74203395843506,107876,
2025-02-05,9.933053970336914,9.933053970336914,9.933053970336914,9.933053970336914,39776,
2025-02-06,10.129531860351562,10.129531860351562,10.129531860351562,10.129531860351562,31809,
2025-02-07,10.331467628479004,10.331467628479006,10.331467628479006,10.331467628479006,27945,
2025-02-10,10.533403396606444,10.533403396606444,10.533403396606444,10.533403396606444,111698,
2025-02-11,10.369671821594238,10.740797084923544,10.369671821594238,10.369671821594238,217390,
2025-02-12,10.16227912902832,10.162279129028322,10.162279129028322,10.162279129028322,155676,
2025-02-13,9.987630844116213,10.173193475403869,9.960342650505968,9.987630844116213,165280,
2025-02-14,9.785696029663086,9.796611723851496,9.785696029663086,9.785696029663086,70772,
2025-02-17,9.343620300292969,9.7856954803281,9.294500720180418,9.7856954803281,121590,
2025-02-18,9.174429893493652,9.496435557326947,8.879713462768652,9.343620015831693,139579,
2025-02-19,9.632879257202148,9.632879257202148,9.26721183642329,9.26721183642329,54232,
2025-02-20,10.107701301574709,10.113159148442234,9.714744654935664,9.714744654935664,130313,
2025-02-21,10.12407398223877,10.609811952356043,9.687456634807605,10.527946329834936,110100,
2025-02-24,9.627421379089355,10.587980586403296,9.616506726114393,10.587980586403296,62546,
2025-02-25,9.2672119140625,10.085870232427975,9.16897274930218,9.179888443381747,138074,
2025-02-27,9.343620300292969,9.551013273340985,8.825136306206183,9.278127179816956,44880,
2025-02-28,8.950663566589355,9.49643574797868,8.874255794307754,9.16897223094952,85086,
2025-03-03,8.945205688476562,9.141684006200338,8.503130514575888,9.141684006200338,160663,
2025-03-04,9.016157150268556,9.168972702694134,8.514046675917626,8.6941514634034,53249,
2025-03-05,9.272669792175291,9.463690275296262,8.677777995557982,8.841510284366478,117931,
2025-03-06,9.294501304626465,9.731118665328642,8.923376027540664,9.709288317782484,61726,
2025-03-07,9.75840663909912,9.75840663909912,9.414570605452008,9.714744904017298,1123207,
2025-03-10,9.916681289672852,10.244144830219572,9.41457080509532,10.244144830219572,101054,
2025-03-11,9.916681289672852,10.124074275464968,9.42002865221852,10.085870386580464,64949,
2025-03-12,9.545555114746094,10.369671215186116,9.420027765660093,10.369671215186116,55595,
2025-03-13,9.551012992858888,9.812983385114055,9.087106439295894,9.687456035614014,124416,
2025-03-17,9.20717716217041,9.982173701727664,9.136226195610604,9.136226195610604,40191,
2025-03-18,9.20717716217041,9.20717716217041,9.20717716217041,9.20717716217041,0,
2025-03-19,9.540098190307615,9.594675620700809,9.1689729128074,9.485520759914426,65915,
2025-03-20,10.014920234680176,10.014920234680176,9.27812754497211,10.014920234680176,91533,
2025-03-21,10.326009750366213,10.478826336452457,9.823899300057493,10.233228437559887,120762,
2025-03-24,10.839035987854004,10.839035987854006,10.260516719013328,10.342383380003612,169083,
2025-03-25,11.379350662231444,11.379350662231444,11.133752754026574,11.133752754026574,386106,
2025-03-26,11.603116989135742,11.603116989135742,11.603116989135742,11.603116989135742,234323,
2025-03-27,11.379350662231444,11.832341549937643,11.379350662231444,11.379350662231444,74394,
2025-03-28,11.150126457214355,11.352061592697648,11.150126457214355,11.150126457214355,31420,
2025-04-01,10.926359176635742,10.970020908929902,10.926359176635742,10.926359176635742,4560,
2025-04-02,10.7244234085083,10.7244234085083,10.702593062047413,10.7244234085083,19539,
2025-04-03,10.51157283782959,10.697135471595368,10.51157283782959,10.51157283782959,2551,
2025-04-04,10.298721313476562,10.369671237598318,10.298721313476562,10.298721313476562,7190,
2025-04-07,10.091327667236328,10.091327667236328,10.091327667236328,10.091327667236328,2947,
2025-04-08,9.889392852783203,9.889392852783203,9.889392852783203,9.889392852783203,13385,
2025-04-09,9.960342407226562,9.96034240722656,9.687456313877888,9.96034240722656,41935,
2025-04-11,9.878477096557615,10.156821045401184,9.823899667984351,9.878477096557615,59091,
2025-04-15,9.67654037475586,9.709287454630743,9.67654037475586,9.67654037475586,32074,
2025-04-16,9.55647087097168,9.676540374239767,9.55647087097168,9.55647087097168,29155,
2025-04-17,9.545555114746094,9.556470807965171,9.414569919050551,9.545555114746094,11924,
2025-04-21,9.731118202209473,9.731118202209474,9.676540774474653,9.731118202209474,14353,
2025-04-22,9.922138214111328,9.922138214111328,9.922138214111328,9.922138214111328,43679,
2025-04-23,10.118617057800291,10.118617057800291,10.118617057800291,10.118617057800291,289319,
2025-04-24,9.91122341156006,10.320552575719129,9.91122341156006,9.91122341156006,63743,
2025-04-25,9.823899269104004,9.878476695461258,9.709287610633814,9.823899269104004,110120,
2025-04-28,9.714744567871094,9.714744567871094,9.714744567871094,9.714744567871094,15408,
2025-04-29,9.823899269104004,9.823899269104004,9.55101317829556,9.823899269104004,28670,
2025-04-30,10.020378112792969,10.020378112792969,10.0149202657734,10.020378112792969,87902,
2025-05-02,10.16773509979248,10.216854678519123,10.167735099792482,10.020377404590358,500,
2025-05-05,10.549776077270508,10.724423006319393,10.227770411469953,10.724423006319393,68539,
2025-05-06,10.020378112792969,10.538861087917354,10.020378112792969,10.538861087917354,51117,
2025-05-07,9.752949714660645,9.933054499808772,9.518267501078386,9.82389964294051,121400,
2025-05-08,9.627421379089355,9.971258451758471,9.49643617458898,9.752949777591184,32395,
2025-05-09,9.196261405944824,10.107700984690242,9.141683979958463,9.141683979958463,166980,
2025-05-12,9.65471076965332,9.65471076965332,9.65471076965332,9.65471076965332,16943,
2025-05-13,10.134989738464355,10.134989738464354,10.042208421442712,10.09678585045154,60188,
2025-05-14,10.637100219726562,10.637100219726562,10.13498974622124,10.13498974622124,43598,
2025-05-15,11.073718070983888,11.166498342572895,10.702592820716548,11.166498342572895,278718,
2025-05-16,10.517030715942385,11.073718618887082,10.517030715942385,11.073718618887082,99011,
2025-05-19,10.30417823791504,10.30417823791504,10.30417823791504,10.30417823791504,27148,
2025-05-20,10.09678554534912,10.09678554534912,10.09678554534912,10.09678554534912,15583,
2025-05-21,10.298721313476562,10.298721313476562,9.905764684562833,10.298721313476562,31546,
2025-05-22,10.091327667236328,10.369671609027566,10.091327667236328,10.091327667236328,7987,
2025-05-23,9.889392852783203,9.889392852783203,9.889392852783203,9.889392852783203,22469,
2025-05-26,10.085869789123535,10.085869789123535,10.085869789123535,10.085869789123535,39799,
2025-05-27,10.2823486328125,10.2823486328125,10.2823486328125,10.2823486328125,60599,
2025-05-28,10.484283447265623,10.484283447265623,10.484283447265623,10.484283447265623,83732,
2025-05-29,10.69167709350586,10.69167709350586,10.69167709350586,10.69167709350586,71367,
2025-05-30,10.751712799072266,10.904528349453068,10.751712799072266,10.751712799072266,41492,
2025-06-02,10.533403396606444,10.533403396606444,10.533403396606444,10.533403396606444,6888,
2025-06-03,10.320551872253418,10.478826304609404,10.320551872253418,10.320551872253418,202753,
2025-06-04,10.1131591796875,10.12407383247842,10.1131591796875,10.1131591796875,86784,
2025-06-05,9.987630844116213,10.09132785359528,9.905765222307624,9.987630844116213,49145,
2025-06-06,9.878477096557615,9.905765290355315,9.823899667984351,9.878477096557615,34908,
2025-06-09,9.823899269104004,9.889392388928274,9.823899269104004,9.823899269104004,27466,
2025-06-10,9.823899269104004,9.823899269104004,9.632878797342528,9.823899269104004,13278,
2025-06-11,9.769322395324709,9.774780242366925,9.654710730371786,9.769322395324709,13091,
2025-06-12,9.57284450531006,9.57284450531006,9.57284450531006,9.57284450531006,22161,
2025-06-13,9.387282371520996,9.556471464122206,9.387282371520996,9.387282371520996,12085,
2025-06-16,9.20717716217041,9.38728194047002,9.196261468703083,9.20717716217041,27238,
2025-06-17,9.229007720947266,9.332704729322472,9.223549874087745,9.229007720947266,12560,
2025-06-18,9.409112930297852,9.409112930297852,9.409112930297852,9.409112930297852,7307,
2025-06-19,9.23446559906006,9.409112535244423,9.21809205842608,9.23446559906006,29312,
2025-06-20,9.278127670288086,9.359993294477402,9.278127670288086,9.278127670288086,9630,
2025-06-23,9.223549842834473,9.70382995506647,8.846966738626312,9.278127270266904,47544,
2025-06-24,9.28358554840088,9.551013810168245,9.223550271338326,9.305415895801332,66482,
2025-06-25,9.551012992858888,9.687456035614014,9.00524082183838,9.25083871518873,49304,
2025-06-26,10.020378112792969,10.025835959812536,9.087107092004466,9.769322354782249,112352,
2025-06-27,10.517030715942385,10.517030715942385,10.0312927421285,10.200482876401296,122059,
2025-06-30,10.680761337280272,11.019140545048824,10.02037750278292,11.019140545048824,212848,
2025-07-01,10.386045455932615,10.80628926344992,10.369671914999008,10.80628926344992,117479,
2025-07-02,10.173192977905272,10.364213446769094,10.173192977905272,10.173192977905272,30994,
2025-07-03,9.965800285339355,9.965800285339355,9.965800285339355,9.965800285339355,7189,
2025-07-04,9.796611785888672,9.84027352194091,9.769322550244835,9.796611785888672,13403,
2025-07-07,9.796611785888672,9.796611785888672,9.7420343555789,9.796611785888672,18108,
2025-07-08,9.6055908203125,9.714744634499846,9.600132973456455,9.605590820312498,29639,
2025-07-09,9.501893997192385,9.578301772710477,9.496436150229966,9.501893997192385,17142,
2025-07-10,9.551012992858888,9.551012992858888,9.458231682146288,9.551012992858888,50172,
2025-07-11,9.387282371520996,9.551013617137926,9.387282371520996,9.387282371520996,8779,
2025-07-14,9.250839233398438,9.27812742708696,9.223549998732052,9.250839233398438,8049,
2025-07-15,9.430943489074709,9.430943489074709,9.256295519943672,9.430943489074709,18358,
2025-07-16,9.44731616973877,9.523724983009222,9.294500625153512,9.44731616973877,13782,
2025-07-17,9.278127670288086,9.349077600324724,9.278127670288086,9.278127670288086,14793,
2025-07-18,9.250839233398438,9.27812742708696,9.250839233398438,9.250839233398438,4913,
2025-07-21,9.092564582824709,9.21809193642362,9.076191042407434,9.092564582824709,12022,
2025-07-22,9.032529830932615,9.065276913659629,9.032529830932615,9.032529830932615,34318,
2025-07-23,9.212634086608888,9.212634086608888,9.059818540008935,9.212634086608888,11323,
2025-07-24,9.392739295959473,9.392739295959473,9.27812763077807,9.392739295959473,31679,
2025-07-25,9.338162422180176,9.436401582075735,9.207177222645374,9.338162422180176,4793,
2025-07-28,9.14714241027832,9.496436293312833,9.14714241027832,9.14714241027832,12537,
2025-07-29,8.961579322814941,8.961579322814941,8.961579322814941,8.961579322814941,15547,
2025-07-30,8.781475067138672,8.781475067138672,8.781475067138672,8.781475067138672,44362,
2025-07-31,8.601369857788086,8.601369857788086,8.601369857788086,8.601369857788086,19207,
2025-08-01,8.426722526550293,8.426722526550293,8.426722526550293,8.426722526550293,33413,
2025-08-04,8.257533073425293,8.257533073425293,8.257533073425293,8.257533073425293,22450,
2025-08-05,8.088343620300293,8.088343620300293,8.088343620300293,8.088343620300293,38622,
2025-08-06,7.924612522125244,7.924612522125244,7.924612522125244,7.924612522125244,20402,
2025-08-07,8.077428817749023,8.077428817749023,7.7608809773666705,8.077428817749023,157659,
2025-08-08,8.213871955871582,8.224787129538624,8.093801922600441,8.213871955871582,79068,
2025-08-11,8.623200416564941,8.623200416564941,7.930069508702845,8.546792125154418,105543,
2025-08-12,8.79784870147705,9.05436127178828,8.464927312005402,9.005241688391548,58000,
2025-08-13,8.464926719665527,8.7869323922991,8.355772386693701,8.73235496556873,67534,
2025-08-14,8.115632057189941,8.46492643128922,8.039223766468222,8.46492643128922,37350,
2025-08-18,7.940985679626465,8.366687853402441,7.831831342823514,8.022851302106446,71249,
2025-08-19,7.875493049621582,8.186583038529236,7.782711733545804,7.782711733545804,38422,
2025-08-20,7.613522052764893,8.18658296436847,7.477079003358751,8.18658296436847,65117,
2025-08-21,7.706303119659424,7.990104903113181,7.55894490170375,7.586233094314457,56950,
2025-08-22,8.088343620300293,8.088343620300293,7.487994528710888,7.487994528710888,28236,
2025-08-25,8.492215156555176,8.492215156555176,8.088343356974638,8.492215156555176,52256,
2025-08-26,8.901544570922852,8.91246026510138,8.519504122986449,8.885172070632951,269136,
2025-08-28,8.5904541015625,9.343620302841863,8.497672788099907,9.343620302841863,258260,
2025-08-29,8.901544570922852,9.016157277841613,8.257533708569126,8.84151033489673,164264,
2025-09-01,8.694150924682617,9.332704411833822,8.552250034095927,8.901543893399896,84120,
2025-09-02,8.399434089660645,8.7760166671807,8.355772356629013,8.514046268990906,36547,
2025-09-03,8.464926719665527,8.72689711879791,8.197498473762325,8.72689711879791,55374,
2025-09-04,8.115632057189941,8.868797709770673,8.039223766468222,8.568622913957578,96679,
2025-09-05,8.30119514465332,8.454011214213821,8.022851199015713,8.208413829440785,60426,
2025-09-08,7.957358360290527,8.443095788936589,7.89186576100492,8.295737050177289,133215,
2025-09-09,8.077428817749023,8.18112530870644,7.684472680537195,8.066513123706695,181330,
2025-09-10,8.257533073425293,8.443095696275803,7.96827396629951,8.03922389104691,81168,
2025-09-11,8.393976211547852,8.514046237180692,8.21387143334305,8.333941458975888,46339,
2025-09-12,8.186582565307617,8.65048911887061,8.132005140010005,8.65048911887061,45462,
2025-09-15,8.584996223449707,8.595911916988499,8.104717158499009,8.104717158499009,51179,
2025-09-16,8.661404609680176,9.010698999335258,8.492215521925047,8.754186444288589,123617,
2025-09-17,9.06527614593506,9.092564338252007,8.650489168654998,8.977952681347448,227197,
2025-09-18,9.14714241027832,9.35999324013024,8.803305333310572,9.35999324013024,135640,
2025-09-19,9.58921718597412,9.600132879579467,8.797848137187497,9.136226311130573,278581,
2025-09-22,9.501893997192385,9.993088773053303,9.310873517419283,9.71474482383728,380870,
2025-09-23,9.89484977722168,9.976716442066191,9.305415828012912,9.507352005129956,121959,
2025-09-24,10.386045455932615,10.386045455932615,9.93305456654809,9.976716301393182,289786,
2025-09-25,10.648015975952148,10.904528540717608,10.56069250535208,10.806289376048063,527368,
2025-09-26,10.1131591796875,10.69713526360492,10.1131591796875,10.69713526360492,287662,
2025-09-29,9.6055908203125,9.98217392555679,9.605590820312498,9.98217392555679,141483,
2025-09-30,9.125310897827148,9.742034072761266,9.125310897827148,9.387282347513272,110840,
2025-10-01,9.04890251159668,9.409112059508782,8.710523829603828,8.857882044436552,137788,
2025-10-03,9.49643611907959,9.49643611907959,9.218092170776597,9.234465711610136,78047,
2025-10-06,9.409112930297852,9.818442094532852,9.29450126398144,9.507352096270717,59016,
2025-10-07,9.092564582824709,9.578301497780924,9.059818542968,9.578301497780924,58376,
2025-10-08,9.359992980957031,9.441858602404194,8.901544251679491,8.901544251679491,43420,
2025-10-09,9.294501304626465,9.556471721047773,9.168972902568926,9.223550332901173,47593,
2025-10-10,9.75840663909912,9.75840663909912,9.223550124102337,9.289043247214003,127842,
2025-10-13,9.840272903442385,10.04220802962488,9.714744509326474,10.014919836674112,384706,
2025-10-14,10.178650856018066,10.331467439777038,9.834814843782642,9.840272690450227,255272,
2025-10-15,10.34238338470459,10.555234205029269,9.823899389427028,10.315094150702812,148299,
2025-10-16,10.46245288848877,10.60981162912415,10.287805954836989,10.424249001874673,229605,
2025-10-17,10.369671821594238,10.506114871878374,10.233228771310104,10.369671821594238,79355,
2025-10-20,10.784459114074709,10.888156126598105,10.429707381837476,10.451537729170992,402200,
2025-10-21,10.806288719177246,10.964563150630177,10.697134908051124,10.849950451823258,84943,
2025-10-23,10.396960258483888,10.822662960081203,10.287806440289778,10.806289418912035,87829,
2025-10-24,10.18410873413086,10.446079129116995,9.97125791832685,10.369671357490494,102840,
2025-10-27,9.823899269104004,10.364213603987386,9.747491496790545,10.2714322914734,104405,
2025-10-28,9.747491836547852,9.823899611524572,9.578301704845314,9.796611417883703,57940,
2025-10-29,10.23322868347168,10.23322868347168,9.829357383014674,10.23322868347168,90244,
2025-10-30,10.326009750366213,10.631641881560874,10.096785391725756,10.096785391725756,124812,
2025-10-31,10.053123474121094,10.642557379663335,10.01491958854542,10.424248718532471,62346,
2025-11-03,10.085869789123535,10.309636303029986,9.878476815616764,9.93851104845992,65174,
2025-11-04,10.195024490356444,10.309636148502827,9.752949315969529,10.22777052968715,73919,
2025-11-06,10.036750793457031,10.244144820020564,9.862103849600096,10.189567389820798,58259,
2025-11-07,9.736576080322266,10.036750372360173,9.605590877925112,10.036750372360173,66146,
2025-11-10,9.965800285339355,10.22231283914146,9.551013297228108,9.933054245508368,40105,
2025-11-11,9.818441390991213,10.107701021075718,9.556470994487029,9.965800129391496,105181,
2025-11-12,9.512809753417969,9.878477174471724,9.365451007401258,9.769322316464264,163483,
2025-11-13,9.769322395324709,9.987631072123996,9.5455558714832,9.632879342202916,205809,
2025-11-14,9.660168647766112,10.173193781736185,9.420028581049085,10.042208574702682,176410,
2025-11-17,9.370908737182615,9.600133103348714,9.283585268260092,9.458232206105142,94548,
2025-11-18,9.185345649719238,9.540097354737158,9.005240873880735,9.540097354737158,85970,
2025-11-19,9.316330909729004,9.38728187580002,9.037986974096636,9.14168397936622,108061,
2025-11-20,9.278127670288086,9.376366835706422,9.059818992123944,9.376366835706422,50114,
2025-11-21,8.890629768371582,9.22355010740094,8.846966992390945,9.07073455538021,113994,
2025-11-24,8.443096160888672,8.896086529114594,8.443096160888672,8.890629723122663,104318,
2025-11-25,8.262990951538086,8.699608276978509,8.11017436714503,8.699608276978509,144980,
2025-11-26,8.672320365905762,8.672320365905762,8.295737259882843,8.295737259882843,31497,
2025-11-27,9.010699272155762,9.10348058908443,8.743271015356157,9.10348058908443,104117,
2025-11-28,8.721439361572266,9.043445037511953,8.601369854314932,8.967037263891633,57164,
2025-12-01,8.645031929016113,8.87425629989828,8.514046722937431,8.514046722937431,60621,
2025-12-02,8.841509819030762,9.076190984309076,8.432180159530752,8.432180159530752,43760,
2025-12-03,8.661404609680176,8.988867612023451,8.514046388747932,8.988867612023451,57848,
2025-12-04,8.546792030334473,8.814220266571047,8.464926413686998,8.732354649923572,66451,
2025-12-05,8.541335105895996,8.868798648817133,8.454011633247413,8.54679295305877,62017,
2025-12-08,8.617742538452148,8.841509565232261,8.437637764096348,8.437637764096348,34680,
2025-12-09,8.601369857788086,8.726897211922964,8.36122980219861,8.36122980219861,65854,
2025-12-10,8.514046669006348,8.781474926511907,8.432180525359035,8.497673127983523,55594,
2025-12-11,8.35031509399414,8.623201204775068,8.295737663642376,8.437638566165806,49977,
2025-12-12,8.235702514648438,8.623200794332995,7.968274263729372,8.355772543413929,114897,
2025-12-15,8.219329833984375,8.350315041417135,8.132005841873587,8.132005841873587,84880,
2025-12-16,8.13200569152832,8.541334847554692,8.082886630015864,8.541334847554692,22937,
2025-12-17,8.170209884643555,8.317568106274203,8.137463324009564,8.159294190935917,9692,
2025-12-18,8.099259376525879,8.268448463819386,7.913696748793191,8.268448463819386,19348,
2025-12-19,8.121089935302734,8.290279016179868,7.913696448671973,7.919154295278049,20524,
2025-12-22,8.2520751953125,8.344856506384223,8.121089998677913,8.121089998677913,28049,
2025-12-23,8.219329833984375,8.459469380944435,8.192041118980313,8.393976777228055,27554,
2025-12-24,8.328483581542969,8.568623111434485,8.07742835823011,8.224786575995859,46575,
2025-12-26,8.421265602111816,8.595912547634269,8.241160809419547,8.241160809419547,59044,
2025-12-29,8.432180404663086,8.623200883283662,8.404891690504584,8.421265231293043,41356,
2025-12-30,8.53041934967041,8.710524129834232,8.415807169521713,8.60136979647569,8647,
2025-12-31,8.568623542785645,8.726897461940366,8.301195286367136,8.301195286367136,43234,
2026-01-01,8.557707786560059,8.814220331540302,8.43217991688792,8.59045382526486,15774,
2026-01-02,8.584996223449707,8.721439269751112,8.437638004098426,8.535877163991891,14617,
2026-01-05,8.268448829650879,8.72689757245327,8.230244941246994,8.361230147622265,73777,
2026-01-06,8.186582565307617,8.344856474084008,8.186582565307617,8.20841343132888,31849,
2026-01-07,8.001020431518555,8.18658306425319,7.946443523383561,8.18112521729301,32683,
2026-01-08,7.897323608398437,8.235702298313656,7.80454229594713,7.91915447482881,51574,
2026-01-09,7.662641525268555,7.897323733478705,7.6571836784522915,7.880950193029913,36346,
2026-01-12,7.477078914642334,7.760880703874451,7.373382427339165,7.520740648295133,52702,
2026-01-13,7.842746257781982,7.848204104564487,7.21510845148369,7.275143204624484,47458,
2026-01-14,7.82637357711792,8.077428814615738,7.640810942381845,8.077428814615738,20562,
2026-01-16,7.695388317108154,7.799084807291136,7.55894526553169,7.657183908734268,19021,
2026-01-19,7.449790477752685,7.771796165771536,7.395213568903571,7.771796165771536,49211,
2026-01-20,7.1114115715026855,7.635352900729764,7.078665531201014,7.373382496360687,56094,
2026-01-21,6.756659984588623,7.253312609641431,6.756659984588622,7.253312609641431,156174,
2026-01-22,6.658420562744141,6.95313752226021,6.423738876779716,6.549266229680581,237413,
2026-01-23,6.991342067718506,6.991342067718507,6.603843787298684,6.603843787298684,61336,
2026-01-27,6.647505283355713,7.31334696463778,6.642047436667603,7.307889638438578,87180,
2026-01-28,6.565639495849609,6.865814313403139,6.418281270807401,6.805779558088007,29762,
2026-01-29,6.893102645874023,6.893102645874024,6.30912658406512,6.549266112508651,27713,
2026-01-30,7.236939430236816,7.236939430236815,7.029545933689049,7.236939430236815,118850,
2026-02-02,7.973731517791748,7.973731517791748,7.973731517791748,7.973731517791748,20443,
2026-02-03,8.372145652770996,8.372145652770996,8.372145652770996,8.372145652770996,39431,
2026-02-04,8.786932945251465,8.786932945251465,8.683235932036,8.699608952889882,100251,
2026-02-05,8.93974781036377,9.223549592528416,8.35031442072955,9.223549592528416,177673,
2026-02-06,8.497673034667969,9.163515788594111,8.497673034667969,9.163515788594111,102770,
2026-02-09,8.077428817749023,8.3175683613019,8.077428817749023,8.295737493706183,117832,
2026-02-10,7.766337871551514,8.071970521366092,7.673557079801477,7.679014406029895,245553,
2026-02-11,7.722676277160644,8.066512819179344,7.695388084062888,8.066512819179344,46621,
2026-02-12,8.066513061523438,8.104717469888135,7.482536967473093,7.875493101655695,54486,
2026-02-13,7.902781009674072,8.186582796452436,7.673557170223208,8.186582796452436,86731,
2026-02-16,8.115632057189941,8.153835942306353,7.673556893592078,7.864576839663031,39981,
2026-02-17,8.224786758422852,8.377603346777677,7.875492889015075,8.377603346777677,31186,
2026-02-18,8.317567825317383,8.432180002931512,7.946443100105507,8.432180002931512,25637,
2026-02-19,8.19204044342041,8.377603065558796,8.186582596771892,8.317567793402905,28463,
2026-02-20,8.028308868408203,8.372145407684062,7.973731441670226,8.372145407684062,13437,
2026-02-23,8.31210994720459,8.350314353257383,7.804542180109697,8.07742826668354,84163,
2026-02-24,7.990105152130127,8.268448577052025,7.940985571117754,8.148379068453922,34815,
2026-02-25,8.388518333435059,8.388518333435059,7.651726203668773,7.990104892378231,138723,
2026-02-26,8.79784870147705,8.803305507651883,8.186583353083225,8.803305507651883,610639,
2026-02-27,9.23446559906006,9.23446559906006,8.49221559978758,9.11439609067777,335113,
2026-03-02,9.692914009094238,9.692914009094238,9.692914009094238,9.692914009094238,288246,
2026-03-04,9.802067756652832,10.173193001956449,9.212633849693509,10.173193001956449,481113,
2026-03-05,9.998546600341797,10.151363192055156,9.605590988621843,10.151363192055156,157566,
2026-03-06,9.95488452911377,10.2004824287458,9.76932190294242,9.998546262273038,120368,
2026-03-09,9.720202445983888,10.058581662982345,9.458232043714151,10.058581662982345,112756,
2026-03-10,9.823899269104004,9.927596275085005,9.632878797342528,9.632878797342528,68571,
2026-03-11,9.829357147216797,10.036750118863054,9.469147589477942,9.469147589477942,109474,
2026-03-12,9.812983512878418,10.04220786933063,9.61104838991922,9.829357052974226,149145,
2026-03-13,9.600132942199709,9.943968965188247,9.480063434691202,9.551013361633082,85815,
2026-03-16,9.1635160446167,9.600133402850783,9.12531111491556,9.392739376956174,98611,
2026-03-17,8.907002449035645,9.605591264226284,8.841510365692148,9.158058211126772,82406,
2026-03-18,9.03798770904541,9.349077709173484,8.552250764352657,8.9070025006219,57810,
2026-03-19,8.81967830657959,9.474605336078971,8.650489223000413,8.81967830657959,73941,
2026-03-20,8.584996223449707,8.950663629176585,8.546792337041767,8.623200630346563,99317,
2026-03-23,8.945205688476562,9.01069880804376,8.41580704913817,8.595911826725692,101529,
2026-03-24,9.387282371520996,9.387282371520996,9.387282371520996,9.387282371520996,140408,
2026-03-25,9.856645584106444,9.856645584106444,9.856645584106444,9.856645584106444,73595,
2026-03-27,10.34238338470459,10.347840190527108,9.720202382175948,10.347840190527108,605251,
2026-03-30,10.855408668518066,10.855408668518066,10.855408668518066,10.855408668518066,309688,
2026-04-01,11.395723342895508,11.395723342895508,11.0082255715564,11.395723342895508,910651,
2026-04-02,11.772306442260742,11.963326924591044,10.83357861269356,11.161042147977238,886190,
2026-04-06,12.356282234191896,12.356282234191896,11.832341423586858,11.930580585819763,443095,
2026-04-07,12.973005294799805,12.973005294799805,12.4490634475104,12.678287810516167,784625,
2026-04-08,13.087616920471191,13.617016613185616,12.361739946409438,13.617016613185616,917765,
2026-04-09,12.459979057312012,13.726170371682697,12.438148711018297,13.093074714497355,381396,
2026-04-10,12.552760124206545,12.7929001745782,11.897833092639422,12.459978812084165,164344,
2026-04-13,13.180397987365724,13.180397987365724,12.061565430634673,12.061565430634673,405626,
2026-04-15,13.73162841796875,13.83532542705928,13.37141885057834,13.78074799906543,658093,
2026-04-16,13.071244239807127,13.698882044009409,13.049412852750018,13.698882044009409,307305,
2026-04-17,12.498183250427246,12.934801637760614,12.427233322011176,12.934801637760614,235774,
2026-04-20,13.12036418914795,13.12036418914795,12.438148939071068,12.498183173212889,288356,
2026-04-21,13.327756881713867,13.64430470933124,13.09853252095799,13.617016516303712,213674,
2026-04-22,13.415080070495604,13.644304426499918,12.836561854285796,13.180397867803356,151583,
2026-04-23,13.218602180480955,13.524235359007736,13.03303955101036,13.371418769744349,184181,
2026-04-24,13.12036418914795,13.37141890150687,12.667372263758155,13.098532801476116,152878,
2026-04-27,13.606101036071776,13.6388470764139,13.12036411391519,13.12036411391519,129054,
2026-04-28,14.075465202331545,14.282858175360296,13.207687341727498,13.606100788400898,315665,
2026-04-29,14.686729431152344,14.774052897569728,14.190076825536783,14.190076825536783,490479,
2026-04-30,14.954157829284668,15.227043924859125,14.522998339585504,15.227043924859125,190595,
2026-05-04,15.199755668640137,15.281621288777306,14.331977805034914,15.008735194334854,133273,
2026-05-05,15.281621932983398,15.55450803892953,14.6867301387426,15.254333738779938,196796,
2026-05-06,14.97598934173584,14.97598934173584,14.97598934173584,14.97598934173584,20946,
2026-05-07,14.68127155303955,14.681271553039547,14.681271553039547,14.681271553039547,126724,
2026-05-08,14.392013549804688,14.392013549804686,14.392013549804686,14.392013549804686,156710,
2026-05-11,14.19007682800293,14.19007682800293,14.108211208344631,14.19007682800293,226822,
2026-05-12,13.906275749206545,14.190077550042078,13.906275749206545,13.906275749206545,95945,
2026-05-13,13.644305229187012,13.86261390465843,13.633389535168972,13.644305229187012,57810,
2026-05-14,13.371418952941896,13.371418952941893,13.371418952941893,13.371418952941893,79757,
2026-05-15,13.10399055480957,13.10399055480957,13.10399055480957,13.10399055480957,57043,
2026-05-18,13.098532676696776,13.103990523562745,12.842020119863491,13.098532676696776,117254,
2026-05-19,13.360503196716309,13.360503196716309,13.09853279073627,13.360503196716309,59249,
2026-05-20,13.62247371673584,13.62247371673584,13.62247371673584,13.62247371673584,27779,
2026-05-21,13.88990306854248,13.88990306854248,13.88990306854248,13.88990306854248,75856,
2026-05-22,14.162789344787598,14.162789344787598,14.162789344787598,14.162789344787598,314387,
2026-05-25,14.441131591796877,14.441131591796877,14.441131591796877,14.441131591796877,73205,
2026-05-26,14.724933624267578,14.724933624267578,14.724933624267578,14.724933624267578,80596,
2026-05-27,15.014193534851074,15.014193534851074,15.014193534851074,15.014193534851074,44254,
2026-05-28,15.014193534851074,15.014193534851074,15.014193534851074,15.014193534851074,0,
2026-05-29,15.314367294311523,15.314367294311523,15.314367294311523,15.314367294311523,136293,
2026-06-01,15.620000839233398,15.620000839233397,15.620000839233397,15.620000839233397,1076206,
2026-06-02,15.93000030517578,15.93000030517578,15.93000030517578,15.93000030517578,291240,
2026-06-03,16.239999771118164,16.239999771118164,16.239999771118164,16.239999771118164,109644,
2026-06-04,16.559999465942383,16.559999465942383,16.559999465942383,16.559999465942383,82261,
2026-06-05,16.889999389648438,16.889999389648438,16.889999389648438,16.889999389648438,650641,
2026-06-08,17.219999313354492,17.219999313354492,17.219999313354492,17.219999313354492,124936,
2026-06-09,17.559999465942383,17.559999465942383,17.559999465942383,17.559999465942383,72353,
2026-06-10,17.90999984741211,17.90999984741211,17.90999984741211,17.90999984741211,100294,
2026-06-11,18.26000022888184,18.26000022888184,18.26000022888184,18.26000022888184,88172,
2026-06-12,18.6200008392334,18.6200008392334,18.6200008392334,18.6200008392334,30175,
2026-06-15,18.989999771118164,18.989999771118164,18.989999771118164,18.989999771118164,45594,
2026-06-16,18.6200008392334,19.350000381469727,18.6200008392334,18.6200008392334,897940,
2026-06-17,18.25,18.25,18.25,18.25,203696,
2026-06-18,17.889999389648438,17.889999389648438,17.889999389648438,17.889999389648438,41849,
2026-06-19,17.540000915527344,17.540000915527344,17.540000915527344,17.540000915527344,54788,
2026-06-22,17.190000534057617,17.540000915527344,17.190000534057617,17.190000534057617,284802,
2026-06-23,16.860000610351562,17.0,16.850000381469727,16.860000610351562,370736,
2026-06-24,17.010000228881836,17.010000228881836,16.600000381469727,17.010000228881836,44264,
2026-06-25,16.81999969482422,17.0,16.81999969482422,16.81999969482422,57431,
2026-06-26,16.81999969482422,16.81999969482422,16.81999969482422,16.81999969482422,0,
2026-06-29,16.489999771118164,16.81999969482422,16.489999771118164,16.489999771118164,44673,
2026-06-30,16.68000030517578,16.68000030517578,16.170000076293945,16.68000030517578,90656,
2026-07-01,16.350000381469727,16.559999465942383,16.350000381469727,16.350000381469727,72669,
2026-07-02,16.030000686645508,16.030000686645508,16.030000686645508,16.030000686645508,90197,
2026-07-03,16.0,16.0,15.710000038146973,16.0,215522,
2026-07-06,15.880000114440918,16.440000534057617,15.199999809265137,16.079999923706055,404457,
2026-07-07,16.670000076293945,16.670000076293945,15.350000381469728,15.779999732971191,300431,
2026-07-08,17.5,17.5,16.799999237060547,16.8700008392334,360898,
2026-07-09,18.3700008392334,18.3700008392334,16.81999969482422,17.100000381469727,200471,
2026-07-10,19.280000686645508,19.280000686645508,18.450000762939453,18.450000762939453,204077,
2026-07-13,18.700000762939453,19.770000457763672,18.350000381469727,19.770000457763672,304533,18.700000762939453
2026-07-14,18.6200008392334,19.299999237060547,17.770000457763672,17.770000457763672,99617,18.6200008392334
2026-07-15,18.25,18.25,18.25,18.25,33960,18.25
2026-07-16,17.899999618530273,17.899999618530273,17.889999389648438,17.899999618530273,69339,17.899999618530273
2026-07-17,18.010000228881836,18.010000228881836,17.899999618530273,17.899999618530273,52760,18.010000228881836
2026-07-20,18.3700008392334,18.3700008392334,18.3700008392334,18.3700008392334,18364,18.3700008392334
2026-07-21,18.5,18.729999542236328,18.5,18.5,36080,18.5
2026-07-23,18.350000381469727,18.479999542236328,18.350000381469727,18.479999542236328,4741,18.350000381469727
2026-07-24,18.0,18.36000061035156,17.959999084472656,18.0,19869,18.0
2026-07-27,18.0,18.010000228881836,17.75,18.0,67306,18.0
2026-07-28,17.899999618530273,17.989999771118164,17.809999465942383,17.989999771118164,17992,17.899999618530273
2026-07-29,17.940000534057617,18.0,17.899999618530273,17.940000534057617,16598,17.940000534057617
2026-07-30,17.600000381469727,17.899999618530273,17.600000381469727,17.600000381469727,44994,17.600000381469727
2026-07-31,17.700000762939453,17.700000762939453,17.5,17.700000762939453,12624,17.700000762939453
2026-08-03,17.899999618530273,17.940000534057617,17.75,17.899999618530273,61831,17.899999618530273
2026-08-04,17.610000610351562,18.0,17.600000381469727,17.610000610351562,13454,17.610000610351562
2026-08-05,17.75,17.950000762939453,17.690000534057617,17.690000534057617,31988,17.75
2026-08-06,17.75,17.75,17.600000381469727,17.75,38801,17.75
2026-08-07,17.75,17.75,17.5,17.75,36305,17.75
2026-08-10,17.920000076293945,18.0,17.899999618530273,17.920000076293945,11514,17.920000076293945
2026-08-11,17.56999969482422,17.700000762939453,17.56999969482422,17.56999969482422,146686,17.56999969482422
2026-08-12,17.600000381469727,17.600000381469727,17.31999969482422,17.600000381469727,44827,17.600000381469727
2026-08-13,17.5,17.799999237060547,17.5,17.5,75085,17.5
2026-08-14,,17.5,17.219999313354492,17.5,19179,
