Date,Close,High,Low,Open,Volume,Adj Close
2002-07-01,48.84423828125,49.170190184030986,47.26335833557319,48.24121804912494,1127806,
2002-07-02,49.80577850341797,50.00134875649303,47.58928893385391,47.58928893385391,1288779,
2002-07-03,49.10498428344727,50.848839714696666,48.893112799588486,49.83838187661284,1457035,
2002-07-04,49.28425598144531,50.196930652011616,49.15387445782264,49.82208727615311,741472,
2002-07-05,49.44724655151367,49.80579682008721,49.07239908962431,49.80579682008721,421530,
2002-07-08,49.82209777832031,50.01766409716697,49.21907759729234,49.21907759729234,341480,
2002-07-09,49.93616485595703,50.0339479893857,49.49612873990581,49.87097209513051,334988,
2002-07-10,48.958309173583984,49.93617270319665,48.89311640251273,49.77319277812252,629075,
2002-07-11,48.46937561035156,49.072391698252034,48.27380531481035,49.072391698252034,246086,
2002-07-12,48.2086067199707,48.7790283572114,47.93154649839981,48.56715689120666,183908,
2002-07-15,46.77442169189453,48.24121311479653,46.6603373360276,47.91526124535537,426753,
2002-07-16,46.74181365966797,47.37742808491199,46.49734780540721,46.49734780540721,669425,
2002-07-17,47.36112976074219,47.833764308321065,47.100366701086486,47.24704542149184,457650,
2002-07-18,47.6055908203125,48.2086068367976,47.14925751462148,47.42631773686377,186646,
2002-07-19,48.338993072509766,48.64865170805171,47.10036654075756,47.26334645639345,438321,
2002-07-22,46.26918029785156,47.50780668250161,45.66616429411308,47.50780668250161,640087,
2002-07-23,46.90480422973633,47.051486979807,45.95953497696678,45.95953497696678,474029,
2002-07-24,46.39957046508789,48.89311266235328,46.12250621573957,48.89311266235328,407954,
2002-07-25,45.68247222900391,47.52411505061886,44.32976120083024,46.77442016803666,928478,
2002-07-26,44.32975769042969,45.144645283371645,44.020103048549,45.01426374912589,634907,
2002-07-29,46.42713928222656,48.12965694239367,45.92977087500981,48.12965694239367,422082,
2002-07-30,43.72988128662109,47.78531959978357,43.27077532859021,47.40272895086818,1325987,
2002-07-31,44.43767929077149,44.74375001617676,42.276055380236016,43.99770203536217,501059,
2002-08-01,45.241119384765625,45.451541249814994,43.99770292421226,44.399422522340025,468194,
2002-08-02,47.80445098876953,48.14877930046614,44.4185402533767,44.4185402533767,1211939,
2002-08-05,47.72793197631836,48.56962864603722,47.05840416717475,47.63228783279097,294599,
2002-08-06,48.187049865722656,48.93309780221234,47.134931222012256,48.93309780221234,616373,
2002-08-07,48.03401184082031,48.58876202861075,47.058408577614,48.20617601641828,575128,
2002-08-08,46.94363021850586,48.51224600905737,46.50365302003157,48.51224600905737,258376,
2002-08-09,47.5557746887207,49.315683597289215,45.91064347008354,49.315683597289215,462214,
2002-08-12,47.90010833740234,50.3869316763249,47.47925993664375,50.3869316763249,222251,
2002-08-13,47.90010833740234,48.531378587983376,47.63229529136381,48.531378587983376,146880,
2002-08-14,47.30709838867188,48.09140403771589,47.23057835648726,47.82359097674068,105680,
2002-08-15,47.30709838867188,47.30709838867188,47.30709838867188,47.30709838867188,0,
2002-08-16,47.44100570678711,47.70881407109457,47.0201572755696,47.24970797370657,439747,
2002-08-19,47.49838638305664,48.35921197304543,47.134929196766336,48.35921197304543,304417,
2002-08-20,47.76620101928711,48.531377780150606,47.23057493612585,48.531377780150606,164886,
2002-08-21,48.14878463745117,48.53137534927625,47.76619862673948,48.397468835193145,324548,
2002-08-22,48.28268814086914,49.35393548562303,47.82358213597461,49.35393548562303,234561,
2002-08-23,49.10526657104492,50.176509342641445,47.84271667983042,50.176509342641445,226996,
2002-08-26,49.00962066650391,49.31569142080057,47.823595318325744,47.823595318325744,199342,
2002-08-27,48.97136306762695,49.35394916048848,48.60790110818265,49.35394916048848,316305,
2002-08-28,48.531375885009766,48.971353092964456,48.35921170817766,48.78006008549694,197822,
2002-08-29,48.11053466796875,48.66528964341337,47.63229972756767,48.225312369976976,608004,
2002-08-30,47.38361358642578,48.1870527670909,47.134934060031874,48.1870527670909,262399,
2002-09-02,45.92976760864258,48.588759531280346,45.27936860067607,47.78532518607975,266743,
2002-09-03,43.80640411376953,46.675818019188085,43.500333422554576,45.910641291150704,714751,
2002-09-04,43.2899169921875,43.59598772163079,41.31958608375703,42.84993973097351,536181,
2002-09-05,43.21338653564453,44.1507320319396,42.94557353670309,43.23251536398137,338449,
2002-09-06,43.88291549682617,44.60983442061372,43.32816071530968,43.32816071530968,539911,
2002-09-09,42.7542839050293,43.50033177423561,42.42908439557508,42.88819041500102,184533,
2002-09-10,42.7542839050293,42.7542839050293,42.7542839050293,42.7542839050293,0,
2002-09-11,44.074214935302734,45.91063899056928,42.849932231791705,45.91063899056928,219785,
2002-09-12,45.29850006103516,46.675818176133625,43.69162657619688,44.30377266179854,505527,
2002-09-13,44.62898254394531,47.36449057848213,44.28464940940902,47.36449057848213,166100,
2002-09-16,43.921180725097656,45.45153414378027,43.615110041361135,44.76287745592976,147500,
2002-09-17,43.78728103637695,44.38029366616047,43.653374503737375,43.99770290131682,60209,
2002-09-18,43.46207809448242,43.97857065071552,43.27078507748279,43.61511344830486,79793,
2002-09-19,43.404693603515625,43.74902672864202,42.94558747112818,43.23252939150964,102530,
2002-09-20,43.404693603515625,43.78728439772904,42.14215291472874,43.23252939150964,151821,
2002-09-23,43.51946640014648,47.82359001897694,42.849938462231066,47.82359001897694,174567,
2002-09-24,43.9403190612793,44.30378101504392,42.983849142957446,43.11775098258647,222995,
2002-09-25,43.95943832397461,44.09334483556174,43.462074638874775,43.57685232039422,120510,
2002-09-26,44.13160705566406,44.47594013580114,43.8255363407292,44.07422055953145,97369,
2002-09-27,43.46207809448242,44.45681024488512,43.32817157224857,44.18899720041743,280626,
2002-09-30,43.19426727294922,44.648105559639056,42.964716580958886,43.02210307867799,189299,
2002-10-01,43.156005859375,43.57685424276964,43.04122817279219,43.251650013932746,56105,
2002-10-02,43.156005859375,43.156005859375,43.156005859375,43.156005859375,0,
2002-10-03,43.13687515258789,43.61511000792037,42.96471098075726,43.328168154498215,54524,
2002-10-04,43.19426727294922,43.42382266605348,42.964716580958886,43.42382266605348,45232,
2002-10-07,42.63950729370117,43.99769655618659,42.19953009308364,42.50560078037293,110499,
2002-10-08,42.620384216308594,43.21339684061597,42.48647768490558,42.658646583219465,98230,
2002-10-09,42.35256576538086,43.06035599814727,42.27605044352147,42.46734344928336,96353,
2002-10-10,41.62564468383789,42.42908373108542,41.51087170661383,42.42908373108542,134351,
2002-10-11,41.45347595214844,42.35255904807819,41.35783181499379,42.314301393216326,122196,
2002-10-14,41.28131866455078,42.00823773329354,40.97524797256577,41.969980072073774,72804,
2002-10-15,41.28131866455078,41.28131866455078,41.28131866455078,41.28131866455078,0,
2002-10-16,40.076171875,42.00824522566756,39.86574999964809,41.70217447909335,217344,
2002-10-17,38.85187911987305,40.17181064551154,38.35451310646799,40.17181064551154,386688,
2002-10-18,39.31098556518555,39.98051810067636,39.02404372156279,39.02404372156279,246640,
2002-10-21,39.55967712402344,39.98052555319204,38.832755614195946,39.40663940841549,254864,
2002-10-22,38.56494140625,39.17708281098738,37.60846928606945,39.17708281098738,282799,
2002-10-23,38.39277648925781,39.19621089232552,37.895410432146136,38.4501629819364,372018,
2002-10-24,37.95279312133789,38.64145207682567,37.87627545961703,38.2014749342916,173111,
2002-10-25,36.86240768432617,38.41189180307927,36.44155944943839,38.258856508675706,227930,
2002-10-28,36.65199661254883,37.72324640522324,36.3841859272978,37.72324640522324,175084,
2002-10-29,36.039852142333984,37.07284183438261,35.96333447442507,36.0207233129959,207990,
2002-10-30,36.078121185302734,36.69026507228993,35.963345822500784,35.963345822500784,174925,
2002-10-31,34.7581787109375,36.26940315689587,34.509494540954975,36.07810782233673,593640,
2002-11-01,35.92508316040039,36.288542758577634,34.853835550393775,35.50423706031921,359574,
2002-11-04,36.49896240234375,36.7285154328161,35.944209833008095,36.34592704869551,138640,
2002-11-05,35.31294250488281,36.49896784788671,35.23642481664247,36.34593247140603,114126,
2002-11-06,35.31294250488281,35.31294250488281,35.31294250488281,35.31294250488281,0,
2002-11-07,34.47124481201172,35.42771700366228,34.069527572774696,35.38945698772891,218439,
2002-11-08,34.107784271240234,34.62427919307845,33.954748912959055,34.43298617050543,299020,
2002-11-11,34.356468200683594,34.98773846061322,33.82084210067435,34.26081933964944,326535,
2002-11-12,34.586021423339844,35.27468293086571,34.16517533602634,34.24169302013398,324831,
2002-11-13,34.7581787109375,35.31293118521305,34.719918703803096,35.00686053036358,329657,
2002-11-14,34.5668830871582,35.083377900534295,34.47123659595713,35.083377900534295,212689,
2002-11-15,36.709381103515625,37.07284060163636,34.52862646534775,34.930343620872506,1480699,
2002-11-18,38.10583114624024,38.64145481625859,36.26940478419219,37.2832656367872,1186051,
2002-11-19,38.10583114624024,38.10583114624024,38.10583114624024,38.10583114624024,0,
2002-11-20,37.16849136352539,39.57880162510407,36.80503182367091,39.02404672459473,1325650,
2002-11-21,35.963340759277344,37.47456555221493,35.82943422939648,37.30240135697209,522087,
2002-11-22,36.709381103515625,36.91980527090725,36.05897977263872,36.3459216053949,409663,
2002-11-25,37.111106872558594,37.66585945243386,36.72851613061241,37.072846858141226,396732,
2002-11-26,37.58933639526367,38.14408889575595,37.14935922048584,37.43630106060673,466355,
2002-11-27,38.52668380737305,40.3631080246187,37.49369165933716,37.76150469963056,1199457,
2002-11-28,39.44488906860352,39.693573234436414,38.87100542505855,38.96665191546391,955882,
2002-11-29,39.483154296875,40.53527294478521,39.13882592515564,39.98052272392929,687136,
2002-12-02,41.87433242797852,42.35256731038575,39.98052172951223,40.32485009266726,1135784,
2002-12-03,40.15268325805664,42.084756192302784,39.98051908785463,42.084756192302784,551119,
2002-12-04,39.750972747802734,40.53527845720564,39.59793737277011,39.86575045435578,366754,
2002-12-05,40.267459869384766,40.74569946444153,39.98052269390988,39.99965152553396,275926,
2002-12-06,40.09529495239258,41.2048047752634,39.98052196474134,40.51614334378794,266622,
2002-12-09,39.42576217651367,41.013501987095474,39.100560332277176,40.17181000953194,326189,
2002-12-10,41.33871841430664,41.5873979648234,38.90927650504626,39.36838498861261,945534,
2002-12-11,41.644779205322266,42.31430705951177,41.09002433108756,42.04649403739065,1328272,
2002-12-12,40.68830871582031,42.04649808608639,40.55440219186577,41.85520506662865,507529,
2002-12-13,40.61178588867188,41.51086902553673,40.401359375125615,41.51086902553673,168400,
2002-12-16,39.578800201416016,41.09002479916911,39.44489368883004,40.57352757903559,204437,
2002-12-17,39.0814323425293,40.745694556152095,38.8710081683419,40.745694556152095,296503,
2002-12-18,39.46403503417969,39.88488353561071,38.89015114142057,38.89015114142057,218880,
2002-12-19,39.31098556518555,39.865740423004624,39.11969021925152,39.48314973113656,233559,
2002-12-20,39.578800201416016,41.128282459589855,39.2344695048459,39.55967137120564,108729,
2002-12-23,39.483154296875,39.80835383695592,39.29186127937688,39.55967432454246,184119,
2002-12-24,39.77010726928711,39.98053387824506,39.10057682013522,39.57881419841943,290950,
2002-12-25,39.77010726928711,39.77010726928711,39.77010726928711,39.77010726928711,0,
2002-12-26,39.0814323425293,40.07616202439377,38.83274815914576,39.80834901169043,570480,
2002-12-27,39.19621276855469,39.40663697011893,38.73710670180918,39.40663697011893,319591,
2002-12-30,38.10583114624024,39.02404315198599,37.72324281051284,38.85187898854779,316838,
2002-12-31,37.665863037109375,38.43103989271017,37.53195649973996,38.22061566978067,160869,
2003-01-01,37.971927642822266,38.25886950494005,37.16849089900384,38.25886950494005,134793,
2003-01-02,36.97719192504883,38.25886333189548,36.76676777007715,37.876275027654415,172039,
2003-01-03,36.5180892944336,37.3597860453532,36.34592511836218,36.91980883934252,332261,
2003-01-06,35.50423049926758,36.53722025044552,35.31293514326708,35.676394674278335,476608,
2003-01-07,34.54776382446289,35.772049123148406,34.35647078909636,35.408589535283504,341816,
2003-01-08,35.045127868652344,35.17903204524332,34.20343104118376,34.47124409547957,195073,
2003-01-09,35.25555419921875,35.59988260341828,34.662539207476854,34.83470576013369,268539,
2003-01-10,34.66253662109375,35.38945574325278,34.50950126385573,35.38945574325278,202393,
2003-01-13,33.09392166137695,34.605148689612214,32.97914632348781,34.605148689612214,284952,
2003-01-14,32.34787368774414,33.24695696046144,32.156580674708046,32.90262859677375,269802,
2003-01-15,34.66253662109375,34.9112208395232,32.5200416197615,32.69220580901505,647755,
2003-01-16,34.08864974975586,35.0068617461949,33.667801409443044,35.0068617461949,373900,
2003-01-17,34.47124481201172,34.98773974849188,33.78258568022383,34.605151341943056,314013,
2003-01-20,34.18430709838867,34.77731978867261,33.973882861423846,34.77731978867261,143881,
2003-01-21,33.18956756591797,34.35646377556024,33.132178726800554,33.89735541317749,282947,
2003-01-22,33.03653335571289,33.66780355587105,32.90262684338944,32.90262684338944,134023,
2003-01-23,32.42439270019531,32.82611227513955,32.022675475807965,32.67307691817705,164670,
2003-01-24,32.137451171875,33.055663256594826,31.75486045268499,32.137451171875,466168,
2003-01-27,32.003543853759766,32.52003872611944,30.66448342179863,31.563566653210533,291654,
2003-01-28,32.55829620361328,32.71133154637338,31.96528366277872,32.52003854320159,215350,
2003-01-29,34.4329833984375,35.58074849314417,32.787849903522854,32.787849903522854,1461000,
2003-01-30,33.93561172485352,35.37031844311123,33.11304628899308,34.35646003177981,2213421,
2003-01-31,33.70606994628906,34.54776448932556,33.208703813761666,33.3999992033667,925479,
2003-02-03,33.954742431640625,34.394719590354924,33.686929430490544,34.05038892467003,321493,
2003-02-04,33.763450622558594,34.29907668081982,33.572157616513906,34.14604133576139,383459,
2003-02-05,32.577430725097656,33.93562011901114,32.29048884035823,33.706067081330986,331889,
2003-02-06,32.73046112060547,32.86436527603055,32.36700161175098,32.73046112060547,222182,
2003-02-07,32.577430725097656,33.24695865541376,32.520041878038384,32.90263027417198,158244,
2003-02-10,33.170440673828125,34.3947258808528,32.76872344918886,32.76872344918886,664695,
2003-02-11,33.1130485534668,34.08864937664413,32.99827087988994,34.08864937664413,270114,
2003-02-12,33.419124603271484,34.08865487225772,32.787851997940926,33.62954880504834,357101,
2003-02-13,33.419124603271484,33.419124603271484,33.419124603271484,33.419124603271484,0,
2003-02-14,32.520042419433594,34.16517372547472,32.32874704290364,33.01740616740894,289938,
2003-02-17,33.285213470458984,33.782579483012135,32.940885143008494,33.39999114664684,154073,
2003-02-18,33.62955093383789,35.19816460471012,33.47651556841411,33.47651556841411,727320,
2003-02-19,33.68692779541016,33.97386961112738,33.43824598538153,33.8590942951743,219141,
2003-02-20,33.47651290893555,33.973876631772185,33.323475205112544,33.68693475675891,373991,
2003-02-21,34.39472198486328,34.9494745037226,33.30434342641432,33.36173226644988,865869,
2003-02-24,35.79117202758789,36.11637154417432,34.62427577303734,34.81557112727192,1847818,
2003-02-25,35.25555419921875,36.49896598191695,35.06425881311907,35.92508217417497,1186727,
2003-02-26,34.37560272216797,35.46597923352479,34.16517848384518,35.46597923352479,503232,
2003-02-27,34.45211410522461,35.25555089055092,33.70606616539808,33.70606616539808,1291451,
2003-02-28,34.318206787109375,35.46597191771638,34.10778259219223,34.89209052769128,526655,
2003-03-03,33.897369384765625,34.71993524929961,33.76346282181782,34.605159874314026,200649,
2003-03-04,33.514774322509766,34.01214045156197,33.419127803654106,33.68693852656137,194854,
2003-03-05,33.438255310058594,33.859103737210226,33.07479573216527,33.572161841475655,356363,
2003-03-06,33.1130485534668,33.64867221219366,32.99827087988994,33.361730378808,118705,
2003-03-07,32.520042419433594,33.17044152841012,32.32874704290364,33.17044152841012,215176,
2003-03-10,31.86964607238769,33.43825994956325,31.75486835794584,32.52004763625776,369244,
2003-03-11,31.86964607238769,32.4435299434823,31.08534030907858,31.563575301285866,198552,
2003-03-12,31.3531494140625,32.13745748679251,31.238374056197863,31.86964440084636,220969,
2003-03-13,31.142719268798828,31.525309990518668,30.76013089763575,31.372272291496675,262126,
2003-03-14,31.142719268798828,31.142719268798828,31.142719268798828,31.142719268798828,0,
2003-03-17,29.80365753173828,31.33401330210975,29.669751019865323,30.798389605174567,419029,
2003-03-18,29.80365753173828,29.80365753173828,29.80365753173828,29.80365753173828,0,
2003-03-19,29.97582244873047,30.54970377514275,29.459327609569847,29.459327609569847,255005,
2003-03-20,30.33928298950196,30.779260210873232,29.65062391061696,29.65062391061696,456679,
2003-03-21,30.473188400268555,30.79839027193708,29.84191818856758,30.22450655180404,315228,
2003-03-24,29.78453826904297,30.951434889400723,29.65063171415644,30.951434889400723,203821,
2003-03-25,29.554975509643555,29.765399691232723,29.30629366806908,29.57410433963621,227408,
2003-03-26,29.937572479248047,30.16712555690241,29.74627942314807,29.74627942314807,280138,
2003-03-27,29.172382354736328,30.20537191208518,28.84718054561168,29.70800596025448,810018,
2003-03-28,28.101137161254883,29.22977572937329,27.77593765213668,29.07673803916614,456885,
2003-03-31,27.98636245727539,28.65589267084924,27.24031457216616,27.71854943162318,257738,
2003-04-01,28.42634010314941,29.05761031560177,27.928974055071663,27.928974055071663,224145,
2003-04-02,28.94283103942871,29.11499519200014,28.694146873985098,28.86631337711292,168961,
2003-04-03,29.05760955810547,29.40194025173021,28.77066770517764,29.07673838815222,97092,
2003-04-04,29.535844802856445,29.7653977998518,29.095867637642904,29.095867637642904,288186,
2003-04-07,29.88018035888672,30.1862510956656,29.459334271094303,29.841922692067893,327474,
2003-04-08,29.36367988586425,29.650621735320925,28.71327851713292,29.650621735320925,150845,
2003-04-09,29.3828125,29.88017620280808,29.076739455236225,29.076739455236225,317175,
2003-04-10,28.73241806030273,29.74627924340108,28.59851151150751,29.554983837899712,369603,
2003-04-11,27.94809913635254,29.038477589516503,27.603770830500213,29.038477589516503,248937,
2003-04-15,28.101137161254883,28.31156134091352,27.94810182160436,27.967233001978144,139323,
2003-04-16,28.024614334106445,28.311556130784915,27.92896785206569,28.292427304488,123689,
2003-04-17,27.66116142272949,28.311562825630947,27.54638608725085,28.273305163990315,113472,
2003-04-18,27.66116142272949,27.66116142272949,27.66116142272949,27.66116142272949,0,
2003-04-21,27.833328247070312,28.273305463945835,27.737679390840487,28.21591662031929,163367,
2003-04-22,27.718549728393555,28.00549158736261,27.642032056038925,27.928973915007973,200612,
2003-04-23,27.7376766204834,28.120267306077125,27.54638362824307,28.120267306077125,337120,
2003-04-24,26.85773086547852,27.83333193414008,26.49427127510545,27.661165380453618,727183,
2003-04-25,26.723817825317383,26.972499652707665,26.207322991078705,26.781206662578683,297764,
2003-04-28,27.90984916687012,28.02462451691165,27.16380116465049,27.54638958238401,384835,
2003-04-29,27.833328247070312,28.388080800642143,27.62290405414418,28.12027011464624,467561,
2003-04-30,28.98109436035156,29.344553915037466,27.469869646570857,27.89071804685071,670889,
2003-05-01,28.98109436035156,28.98109436035156,28.98109436035156,28.98109436035156,0,
2003-05-02,29.45932388305664,29.593228020261904,28.655887307043844,29.26802856474645,503008,
2003-05-05,31.066205978393555,31.257501366247624,29.47846342637741,29.47846342637741,836685,
2003-05-06,30.894041061401367,31.94615979391364,30.60709916152401,31.37227599415893,435714,
2003-05-07,30.989686965942383,31.56357075436561,30.64535857333404,30.989686965942383,393092,
2003-05-08,30.10972785949707,31.08533109128325,29.994952529647108,30.98968224075888,234886,
2003-05-09,29.82278823852539,30.415798416363323,29.650621718614424,30.22450541720441,198275,
2003-05-12,30.989686965942383,31.276628860153995,29.88017940525074,29.93756825420446,409765,
2003-05-13,30.874914169311523,31.37227796651465,30.41580569030967,31.06620721421821,212330,
2003-05-14,31.372278213500977,31.563573610470872,30.549712472589125,30.549712472589125,317391,
2003-05-15,31.81225204467773,32.06093626869698,31.37227479508962,31.37227479508962,422366,
2003-05-16,31.77399444580078,32.500913585809386,31.58269906927753,32.500913585809386,301092,
2003-05-19,32.09918975830078,32.44352045031581,31.793119076757044,31.94615441752892,468330,
2003-05-20,31.850505828857425,32.19483414773938,31.44878632275316,31.946152322929468,161607,
2003-05-21,31.20010757446289,31.850508969510592,30.9896833863101,31.850508969510592,344090,
2003-05-22,30.760133743286133,31.41053520971103,30.549709532040698,30.62622721335204,296814,
2003-05-23,31.44879150390625,31.9844152497322,30.645357060445768,31.35314499407655,359602,
2003-05-26,33.438255310058594,33.5912906743761,31.793123968366924,31.927030499783992,793806,
2003-05-27,32.82610321044922,34.24168104672926,32.558290234441,33.66779744131522,416532,
2003-05-28,33.01740264892578,33.763450541943534,32.82610964333783,33.07479149082485,434630,
2003-05-29,34.08864974975586,34.70079108071522,32.30961224373783,32.94088475420706,1109526,
2003-05-30,34.509498596191406,35.69552604893871,34.050392559967314,35.198160001084254,1669726,
2003-06-02,36.17376708984375,36.32680246137188,35.006870619023914,35.19816600871263,936912,
2003-06-03,36.7859001159668,37.87627865025826,35.006862568175954,36.21201642943903,862280,
2003-06-04,38.06757354736328,38.25886890261574,36.38418476359112,37.20675032511896,1089784,
2003-06-05,39.00491714477539,39.57880086516423,38.258869248492594,38.60319995083724,1289957,
2003-06-06,38.67971420288086,38.94752485830357,38.06757052500785,38.64145419464532,709531,
2003-06-09,39.78922271728516,40.03790691651201,38.37364459686144,39.02404599017955,747342,
2003-06-10,40.248329162597656,40.84134171977054,39.444894766249725,40.09529381562122,1084007,
2003-06-11,39.82748031616211,41.05176777873249,39.33011661959858,40.17181336865695,996553,
2003-06-12,40.89873504638672,41.20480575630444,39.92313172032791,39.92313172032791,743798,
2003-06-13,40.22920227050781,41.10915673330566,39.90400273015072,40.936992547299766,580971,
2003-06-16,40.42049026489258,40.93698745983602,40.01877544784003,40.93698745983602,337833,
2003-06-17,41.33871841430664,41.45349142172311,40.21007956579601,40.63092802966632,565360,
2003-06-18,43.270782470703125,44.03595919371846,41.31958065173565,41.89345966816211,1154128,
2003-06-19,44.55245208740234,44.99242929441511,43.23252046636404,43.61511118159345,898555,
2003-06-20,44.64809799194336,44.93503983413109,43.9020501424779,44.284636131319445,496407,
2003-06-23,45.92976760864258,46.29322947276924,44.72461374028511,44.74374256980022,746183,
2003-06-24,46.5610466003418,46.828859639432174,45.987162859752,45.987162859752,658542,
2003-06-25,48.85658645629883,49.23917725886506,46.31237148752116,46.44627803336362,1323653,
2003-06-26,48.74180603027344,50.27216445417583,48.0531492055759,49.621760596155184,1288170,
2003-06-27,47.13492965698242,48.97135383933154,46.77146776602987,48.97135383933154,825754,
2003-06-30,48.03401184082031,49.23916577111943,45.98716116191628,47.058408577614,1142582,
2003-07-01,47.5366439819336,48.97135329669214,47.24970211898189,48.894833272718735,298207,
2003-07-02,48.47399520874024,49.5069803936646,48.014884413955166,48.20618214548695,497730,
2003-07-03,48.47399520874024,49.31568736324683,47.88098258344254,48.9139677683669,447041,
2003-07-04,48.70354843139648,48.99049034246456,48.091406941415066,48.74180609924176,378787,
2003-07-07,48.70354843139648,48.933103840696646,48.20618464606515,48.76093963427866,252765,
2003-07-08,49.35393524169922,50.50170259881944,48.7800562642522,50.310409606337096,560713,
2003-07-09,49.81304931640625,50.004342321833846,49.18177440660239,49.698271632704326,489626,
2003-07-10,52.032073974609375,54.32760948445543,49.66002782281102,50.11913398455729,954205,
2003-07-11,52.68245315551758,54.36584162470096,52.41464017832392,53.10330144809155,994622,
2003-07-14,51.97469329833984,53.562433712644726,51.66861781607362,53.52417133916469,271840,
2003-07-15,51.419918060302734,53.44763990069504,50.32954181841584,52.10857946108643,617642,
2003-07-16,50.941688537597656,51.26688809110708,50.19564056732328,51.113852730566535,262035,
2003-07-17,49.755653381347656,50.59735004678099,49.181769718653385,50.34866587265002,474765,
2003-07-18,47.268821716308594,49.35392967253006,47.077528745412025,49.35392967253006,494513,
2003-07-21,43.921180725097656,46.675816878726366,43.6916253617386,46.675816878726366,579376,
2003-07-22,42.448219299316406,43.36643146955502,41.702171323358286,42.84993888671352,1076251,
2003-07-23,45.317626953125,45.71934648242871,42.849932690105774,43.23251868848843,617015,
2003-07-24,46.082801818847656,46.58017017852933,44.97329682631364,46.17845066519715,664063,
2003-07-25,45.910640716552734,46.25497376569511,45.183721658736665,46.10193842200295,507515,
2003-07-28,45.92976760864258,46.29322947276924,44.85852024800407,45.52805278659888,635063,
2003-07-29,45.73847961425781,46.274105703708784,45.260244720741554,45.71935078265081,341443,
2003-07-30,46.17845153808594,46.54191340019389,44.78200468122016,45.18371950103271,514368,
2003-07-31,44.24638366699219,44.7628809240099,42.084759883266685,44.7628809240099,789336,
2003-08-01,45.3941535949707,45.62370428726148,43.61511574998296,43.99770180417223,701490,
2003-08-04,44.7246208190918,45.14546923837374,44.38029243109472,45.14546923837374,668297,
2003-08-05,45.03069305419922,45.87238992102851,44.41855158781941,45.52806152146838,783007,
2003-08-06,44.686370849609375,44.95418395355659,44.3803000739882,44.72462852128334,730029,
2003-08-07,47.5557746887207,48.51224916999708,45.24111556419238,45.48979977552469,1112086,
2003-08-08,48.493125915527344,49.23917393421062,47.05841637916942,47.05841637916942,1434302,
2003-08-11,49.832176208496094,50.1191180560329,48.74179530741093,48.74179530741093,1138559,
2003-08-12,50.826904296875,51.07558376453344,49.58348815413137,49.92781646388174,1766396,
2003-08-13,52.016883850097656,53.70172684225494,51.22778375282232,53.70172684225494,959924,
2003-08-14,51.01450729370117,53.189874601968256,50.84389035268424,52.46475391294751,964310,
2003-08-15,51.01450729370117,51.01450729370117,51.01450729370117,51.01450729370117,0,
2003-08-18,49.7562141418457,50.97185930926889,49.43630669128086,50.97185930926889,545377,
2003-08-19,49.03108215332031,50.7585832236371,48.839138754663935,50.11876840064605,561338,
2003-08-20,48.540557861328125,50.545308180379536,48.28463507655811,49.88416689468366,656756,
2003-08-21,48.75382614135742,49.9054916146842,48.625862146275786,49.41496733454124,408156,
2003-08-22,50.566654205322266,50.84390353058018,49.22304479142207,49.75622221514011,756821,
2003-08-25,51.952903747558594,52.76333553794933,49.05241047234914,49.5216083763864,1126025,
2003-08-26,50.26807022094727,52.46476443212785,49.69223465380713,51.78229653122537,937159,
2003-08-27,51.0784912109375,51.18512352183493,50.33203882863165,50.33203882863165,345770,
2003-08-28,51.82493591308594,52.12351685195665,50.97185126002999,51.18512111299285,629199,
2003-08-29,51.61166763305664,53.06191420805218,51.27043376143471,52.05953905501218,584281,
2003-09-01,51.78228378295898,52.03820656218891,50.97185203985579,51.69697269574594,551137,
2003-09-02,51.59033966064453,52.42209785351936,51.227779337812734,52.42209785351936,488112,
2003-09-03,51.86759567260742,52.65670104615548,50.75858809804792,51.65432579153139,684930,
2003-09-04,52.10218048095703,52.76332161647705,51.22776953303804,52.03819586839487,553949,
2003-09-05,52.76333236694336,52.97660222279582,51.65431968234229,52.33678741403384,358209,
2003-09-08,53.42448425292969,53.53111658144209,51.95291094860777,52.46476184908423,435883,
2003-09-09,53.55244445800781,53.74438787680702,52.46475809653868,53.57377092218492,439450,
2003-09-10,52.44343185424805,54.1282749434204,51.09982267576363,53.403154193509856,570153,
2003-09-11,53.21119689941406,53.31783444465456,51.82493501730978,52.251479957067325,350501,
2003-09-12,52.84863662719727,53.31783448895912,47.772781714729874,52.89129479005156,307758,
2003-09-15,52.72068405151367,52.805989904828095,51.2704373743232,52.08086918683537,320486,
2003-09-16,51.56902694702149,52.8913098236427,50.54531984801964,52.038219700940175,575580,
2003-09-17,50.26807022094727,52.89130949079484,49.92683627049603,52.89130949079484,311512,
2003-09-18,50.46001052856445,50.758591526964175,49.073748346115735,49.90550670382608,283171,
2003-09-19,50.374698638916016,51.1851305185416,48.3486215604548,50.737264269142166,208159,
2003-09-22,49.62824630737305,50.50265749262892,49.0524108440352,50.33204054815936,176545,
2003-09-23,50.8438835144043,51.09981151211092,49.5642592494836,49.7348761675533,153338,
2003-09-24,51.24910736083984,51.61166769472074,49.905498334572606,51.24910736083984,153810,
2003-09-25,50.16142654418945,51.547688644117706,49.52161165462096,51.39840339500995,363569,
2003-09-26,50.4173469543457,51.61166545461222,49.77753216175896,50.545305719899496,286635,
2003-09-29,51.14247131347656,52.46475391675495,50.758584506461816,51.22778240459364,194284,
2003-09-30,52.016883850097656,52.20883249986163,51.39840069834198,51.61167056994032,307938,
2003-10-01,51.41972732543945,52.33679144508174,50.97185587656952,51.99555755295368,291106,
2003-10-02,51.41972732543945,51.41972732543945,51.41972732543945,51.41972732543945,0,
2003-10-03,51.97422409057617,52.31545793675091,51.398393940607896,51.824933627724185,225124,
2003-10-06,55.53586196899414,56.73018051044683,52.12351803792467,52.12351803792467,1252741,
2003-10-07,53.8936653137207,56.4529242543818,53.5310997869108,56.17566456361847,305914,
2003-10-08,53.851016998291016,55.45055412859458,53.40315079476997,53.95765455404623,266621,
2003-10-09,55.23729705810547,57.15673681804539,54.59748205772345,55.45056697783076,908913,
2003-10-10,54.49082946777344,57.15672107424197,54.17092205570084,57.15672107424197,183538,
2003-10-13,54.74676132202149,55.4078973498746,54.21357882152625,54.98135239771933,311113,
2003-10-14,54.61879348754883,55.7917855848908,54.49082947446313,55.36524586287811,401298,
2003-10-15,54.06428909301758,55.38657164929727,53.85101399340788,54.70409866823273,296788,
2003-10-16,54.10693740844727,54.96002725182349,53.63773956695161,54.53347708893118,164643,
2003-10-17,51.995548248291016,54.17091523162422,46.51447525077402,53.91499247892834,254667,
2003-10-20,52.080867767333984,52.6780244478741,51.35574182790005,52.25148471051758,271386,
2003-10-21,50.39602279663086,51.95290168619485,49.92682491121023,51.95290168619485,286609,
2003-10-22,50.65195083618164,51.377071580847584,50.35336985618793,50.75858839795232,192844,
2003-10-23,51.31309509277344,51.6116760896665,50.43868380861991,50.54531613522063,157590,
2003-10-24,51.16380310058594,51.95290850042074,50.28939184196109,50.993186141800464,142783,
2003-10-27,50.82255935668945,51.97422491612308,50.48132550509463,51.18511966885841,119867,
2003-10-28,50.92920303344727,51.56901789253249,50.75858608710487,51.56901789253249,129186,
2003-10-29,51.91025161743164,52.720683420239766,51.5690177258498,51.5690177258498,178268,
2003-10-30,53.16855239868164,53.53111277223576,52.25148823270391,52.358120553628495,550256,
2003-10-31,51.86759567260742,53.31784239457584,47.41022842797195,49.052413325824105,1097360,
2003-11-03,51.56902694702149,52.038219700940175,50.651957423658935,51.82494979086751,319639,
2003-11-04,52.72068405151367,52.97660685266197,51.61167126999095,51.82494114448203,421789,
2003-11-05,54.29888916015625,54.85339292675599,52.97660651262956,52.97660651262956,479616,
2003-11-06,53.253849029541016,55.02399748805839,52.46474386304324,55.02399748805839,303696,
2003-11-07,54.21357727050781,54.59746404762158,52.95527415267296,52.95527415267296,233622,
2003-11-10,54.23491287231445,54.5974732497188,52.89130368475407,53.3178434553926,55326,
2003-11-11,57.00743103027344,58.92687551722351,55.02400715690693,55.02400715690693,959855,
2003-11-12,59.24679946899414,59.69467102253571,57.75389953172846,58.00982239003349,648078,
2003-11-13,59.438724517822266,61.336831834913085,58.8628891436087,59.71597373392127,571026,
2003-11-14,58.4789924621582,60.14250859030007,58.28704909986548,60.14250859030007,270789,
2003-11-17,59.39606475830078,60.78232652508627,58.86288755886051,59.715972126205735,229434,
2003-11-18,57.60458755493164,59.07616047591314,57.24202725002408,59.07616047591314,188729,
2003-11-19,55.62117385864258,57.37000155810448,55.45055690561253,56.45293740101992,150951,
2003-11-20,54.89604949951172,57.5619411803077,54.59746854109196,55.3439156959365,194591,
2003-11-21,55.51455307006836,56.17569461796006,54.17094350386351,55.0027020563335,204535,
2003-11-24,54.93871307373047,56.23967471364769,54.2135922409039,55.87710905602852,174380,
2003-11-25,58.41503143310547,58.862902913240426,55.450558512545975,55.450558512545975,462219,
2003-11-26,58.41503143310547,58.41503143310547,58.41503143310547,58.41503143310547,0,
2003-11-27,58.26573944091797,59.58802214150736,58.05246955923733,59.48138458006442,459629,
2003-11-28,57.6685676574707,58.56431044208643,57.26335442719525,58.18041843102069,129996,
2003-12-01,59.438724517822266,60.56905832423384,52.10218655872589,57.689891935574266,284978,
2003-12-02,57.64725875854492,60.1425340052059,57.37000944749765,59.73732065148747,234976,
2003-12-03,58.39371490478516,59.20414690336828,57.79655282965877,57.79655282965877,385540,
2003-12-04,58.75625228881836,58.96952212857985,57.15671538759674,57.839183067796846,286975,
2003-12-05,57.114070892333984,59.28943825414426,56.34629201825773,59.076168382925005,282649,
2003-12-08,57.369998931884766,59.24678532930187,56.367623723568194,58.86289851285871,90095,
2003-12-09,57.49795150756836,59.07616201151244,56.94344780572,58.7775810792847,398133,
2003-12-10,57.26336288452149,59.07616994069929,56.4102781359446,59.03351701357172,166281,
2003-12-11,55.02399444580078,57.15670830266498,54.704087105210974,57.15670830266498,314545,
2003-12-12,54.66144180297852,55.87709196299352,54.38419257940669,55.87709196299352,228326,
2003-12-15,55.49321746826172,57.54062642750767,55.04535118069416,55.45056453443736,161127,
2003-12-16,56.83681488037109,57.15672229930037,55.89842432722272,57.11406937443109,341631,
2003-12-17,57.114070892333984,57.60459526498175,55.49320729217576,57.19938198554467,551920,
2003-12-18,56.77284622192383,57.7965480594734,55.70649145144448,57.5832781536187,562662,
2003-12-19,55.51455307006836,57.15674370458691,54.89606970422631,57.15674370458691,633812,
2003-12-22,55.57851409912109,56.94344955558719,55.024005139028326,55.024005139028326,374743,
2003-12-23,56.06903839111328,56.28230824572207,55.53586113398902,55.87709499784491,324820,
2003-12-24,57.83919525146485,58.86290222861027,56.73018765813236,56.73018765813236,750849,
2003-12-25,57.83919525146485,57.83919525146485,57.83919525146485,57.83919525146485,0,
2003-12-26,66.22076416015625,67.0098695603895,58.41503174027288,58.41503174027288,2522594,
2003-12-29,66.11412811279297,68.99329525618731,65.47431319203866,67.39375795430156,1079111,
2003-12-30,63.78945541381836,67.2657785098652,63.23495172210932,66.6686218975334,690981,
2003-12-31,62.80841827392578,65.2610402761503,61.89135410687113,64.79184233991535,502768,
2004-01-01,66.94587707519531,67.39374850516934,63.512211835675465,63.512211835675465,987668,
2004-01-02,68.2681655883789,69.9103557329783,67.39375435593156,68.22551266026079,1348547,
2004-01-05,75.77531433105469,76.77769479772054,70.27291382270364,70.27291382270364,2467160,
2004-01-06,77.75873565673828,80.57391782524559,76.77769216943267,77.63077688091899,2172558,
2004-01-07,75.02886962890625,78.91040663767086,73.834550952456,78.91040663767086,822163,
2004-01-08,76.69237518310547,78.03598415557725,75.56203606181212,75.81796407618984,547329,
2004-01-09,74.94356536865234,79.76349834644941,72.87483541518077,77.63078375819494,654508,
2004-01-12,73.4933090209961,75.64734979272762,72.59756618055052,75.64734979272762,472135,
2004-01-13,74.51702117919922,75.90328331836399,73.79189517126864,75.90328331836399,351746,
2004-01-14,74.68763732910156,75.88195603126113,74.43170927232184,75.26346759504791,294289,
2004-01-15,73.4933090209961,76.30849107158785,73.15207515069434,75.49805931932003,315054,
2004-01-16,69.86769104003906,73.34401416160644,69.16389687977927,73.34401416160644,436089,
2004-01-19,72.1496810913086,73.36532578049102,67.39372937414399,69.99564088414479,389264,
2004-01-20,68.54541015625,72.46960476256235,67.07383717888287,72.42694659942957,329354,
2004-01-21,67.03118896484375,70.4222013203997,65.68757990009858,70.4222013203997,512382,
2004-01-22,69.93169403076172,74.38906728591431,68.46012059082278,68.46012059082278,686945,
2004-01-23,70.8274154663086,72.02173922022382,69.59043879009769,70.37954405859038,342641,
2004-01-26,70.8274154663086,70.8274154663086,70.8274154663086,70.8274154663086,0,
2004-01-27,71.63786315917969,72.51227446711084,70.806099541843,71.44591448366772,296762,
2004-01-28,70.102294921875,72.42694732594495,68.4814314602954,70.37954415839462,188507,
2004-01-29,69.16390228271484,71.44590186670708,68.2681594258613,71.44590186670708,302274,
2004-01-30,71.46723175048828,72.25633179417218,64.4292740536738,70.16627566380295,417605,
2004-02-02,71.46723175048828,71.46723175048828,71.46723175048828,71.46723175048828,0,
2004-02-03,70.99805450439453,74.0478337398713,69.56913399170475,72.06440934106013,709013,
2004-02-04,69.44115447998047,71.42457843710478,68.246835861339,70.37955030094412,321428,
2004-02-05,67.43641662597656,69.95301835164665,66.1781183837445,69.69709550627994,273791,
2004-02-06,68.01222229003906,68.86530680143885,67.09515316453202,68.11885457821175,130120,
2004-02-09,69.63309478759766,70.80608689096334,68.80133656007635,69.14257043592075,216286,
2004-02-10,70.27291107177734,72.29898790675207,69.63309623100535,70.3155692380457,528934,
2004-02-11,72.19235229492188,73.3653443689968,71.01936022084695,71.23263007762294,663405,
2004-02-12,74.04782104492188,74.53834544358075,72.2989933328147,73.79189299292365,815171,
2004-02-13,73.4293212890625,74.43169639583165,71.40324461468285,74.43169639583165,305646,
2004-02-16,72.1496810913086,73.79186538597106,71.87242667890426,73.49328975861634,169959,
2004-02-17,71.2113265991211,72.17104912616507,69.99568120958918,72.17104912616507,485965,
2004-02-18,71.44590759277344,72.5122674733671,70.72078685728569,72.5122674733671,341475,
2004-02-19,69.78237915039062,71.82978746730572,69.29185484168438,71.65917054432983,262493,
2004-02-20,68.67337799072266,70.76343417615223,68.31081765171587,69.73973254559021,276456,
2004-02-23,69.2918701171875,70.37955651669375,68.75869277049856,69.54779817867325,157012,
2004-02-24,74.28240203857422,75.49805217250206,71.76580117302484,73.04543068612607,2003711,
2004-02-25,74.06913757324219,75.45539948552783,72.5335851908513,74.75160529874925,375770,
2004-02-26,76.30848693847656,76.77768479502939,74.32506320932447,74.32506320932447,766692,
2004-02-27,80.14736938476562,80.61656723542163,77.73740075052523,77.73740075052523,884675,
2004-03-01,85.54314422607422,86.07632677781463,81.64028086210239,81.64028086210239,1035142,
2004-03-02,85.54314422607422,85.54314422607422,85.54314422607422,85.54314422607422,0,
2004-03-03,85.4151840209961,86.78011959039313,83.70900931804479,86.26826875186924,1099828,
2004-03-04,80.23269653320312,84.0289280260409,79.2303211847329,84.0289280260409,428183,
2004-03-05,82.68531036376953,83.17582948302697,80.42462672370294,80.42462672370294,377534,
2004-03-08,85.62846374511719,88.72089559517141,84.02892641494735,88.72089559517141,482606,
2004-03-09,88.99815368652344,89.74459569112987,86.41756754152742,86.58818450410205,1098538,
2004-03-10,85.82038116455078,87.0146995631867,82.4506958009556,86.16161499273247,791952,
2004-03-11,82.85591888427734,85.2658876691725,82.32274161933033,84.81802149204343,386067,
2004-03-12,81.40567779541016,82.49335879007329,77.63077352425152,81.0004592992223,274171,
2004-03-15,79.9554443359375,84.02892498011178,78.91041085217505,82.5360252445138,263441,
2004-03-16,78.50519561767578,80.19003874031773,76.99096945376714,80.19003874031773,219516,
2004-03-17,77.22554779052734,85.2872063820703,76.00990289830264,84.02890332921001,209062,
2004-03-18,79.5928726196289,81.04311397724432,78.05731493089942,78.377222345951,230968,
2004-03-19,79.20897674560547,82.74928460210872,77.63077145006427,81.0644365184355,467912,
2004-03-22,78.09999084472656,79.61421717418399,77.31088535886099,79.61421717418399,196397,
2004-03-23,76.86300659179688,78.91041012769197,75.5833767612597,77.20424051444606,170438,
2004-03-24,82.13078308105469,85.18056087688565,76.13785977799992,77.54544791724385,229183,
2004-03-25,81.32035827636719,84.19951940979213,78.931716193928,83.60236282008542,524764,
2004-03-26,81.0644302368164,82.74927818993207,78.99570077164005,82.74927818993207,373482,
2004-03-29,83.7303466796875,84.77538019708528,77.7587475450943,77.7587475450943,163631,
2004-03-30,86.460205078125,88.61424057136252,79.87011886534968,84.4554548145061,463772,
2004-03-31,87.48389434814453,88.29432597222356,85.4151649918089,87.31327743998074,648276,
2004-04-01,85.3511962890625,89.53131918025734,84.05024015630129,88.29434243453495,354949,
2004-04-02,84.15689086914062,86.16164153763792,83.62371350349456,85.30855670436307,251919,
2004-04-05,82.51470184326172,85.18059395287693,81.68294346313212,84.24220324273438,210275,
2004-04-06,80.27533721923828,84.43412821026224,79.7634864235126,84.43412821026224,190356,
2004-04-07,79.99808502197266,84.02891211877325,79.42224958459846,83.60237239743392,199120,
2004-04-08,78.35588836669922,81.38434004686174,78.14261852419314,80.80850989973403,294822,
2004-04-09,78.35588836669922,78.35588836669922,78.35588836669922,78.35588836669922,0,
2004-04-12,77.67341613769531,80.38196027518183,76.99094848860277,80.38196027518183,307099,
2004-04-13,80.23269653320312,81.85356036002477,78.09998704036019,79.33695875585732,310016,
2004-04-14,80.23269653320312,80.23269653320312,80.23269653320312,80.23269653320312,0,
2004-04-15,77.7800521850586,79.76347571773405,76.77767718948307,77.63076173452565,234390,
2004-04-16,78.14263153076172,79.3369501852719,76.99096580361132,78.44120726348541,152393,
2004-04-19,77.88670349121094,78.54784483016786,76.99096581054887,77.86537702752912,92899,
2004-04-20,79.14500427246094,79.46491169997067,78.07864443369348,78.44120478721653,149330,
2004-04-21,79.4435806274414,81.21372936633472,78.48385840059777,79.12367321849354,212163,
2004-04-22,78.71846008300781,79.2942955548177,77.46016206448385,78.7611130094515,326824,
2004-04-23,79.84878540039062,80.87248690378469,78.95304789522184,79.272955270183,429512,
2004-04-27,76.3298110961914,80.61656581639531,75.92459263362856,80.61656581639531,291419,
2004-04-28,74.17577362060547,75.92459582154639,73.40799482433601,74.21842654228587,244139,
2004-04-29,72.96013641357422,74.64497941094622,72.51226496474705,74.64497941094622,313804,
2004-04-30,69.76105499267578,73.7065760527716,69.27053066777947,73.30136281278112,339866,
2004-05-03,67.60702514648438,70.12362655735865,66.96721025129163,70.12362655735865,126621,
2004-05-04,71.2113265991211,71.74450403374342,66.71130024568203,67.39376820059162,246020,
2004-05-05,72.64022064208984,72.91746987182312,71.27527998926199,72.51225663694905,157880,
2004-05-06,72.27765655517578,73.79188246334779,71.76580576542204,73.25870521250488,338378,
2004-05-07,69.86769104003906,71.87244121847867,68.28948055336718,71.87244121847867,543224,
2004-05-10,69.61177825927734,70.57150063749617,68.31082719772469,68.52409709026038,184421,
2004-05-11,66.77526092529297,68.2468340058476,65.36767247332192,65.68757989262531,111884,
2004-05-12,63.81078720092773,67.82029310428214,63.128319449175,66.11411848369558,378011,
2004-05-13,63.02168273925781,65.6875741738914,59.715976521719455,61.8486907176672,316809,
2004-05-14,60.48374557495117,65.04775455863945,59.71597208546625,64.25864936893197,213672,
2004-05-17,49.88417053222656,60.569069433524696,46.94102946613228,60.569069433524696,216192,
2004-05-18,57.54062271118164,61.84870502055295,51.611676609110994,55.02401591878792,569373,
2004-05-19,56.64487838745117,61.08092462754715,55.66382954854902,59.71598893558084,553574,
2004-05-20,56.30362701416016,58.82022772654915,55.450542471079466,57.60458290780964,450156,
2004-05-21,54.533477783203125,56.30363163099871,53.31783286478201,56.30363163099871,363812,
2004-05-24,59.22547149658203,59.48138908453293,55.45056128537142,56.73019115477087,304828,
2004-05-25,59.1401481628418,61.33684200217351,58.00980892785986,60.14252337776438,457732,
2004-05-26,58.35103988647461,60.52641239448435,58.0098060109446,60.03588804325937,217603,
2004-05-27,59.90793228149414,60.5690736615513,59.07617394017079,60.1425286377831,512957,
2004-05-28,56.30362701416016,60.14251007862518,55.66381229654868,59.71597042768676,207618,
2004-05-31,61.08089828491211,62.7017613406879,55.47186219841623,55.47186219841623,487365,
2004-06-01,60.057228088378906,61.848708960690274,58.69229227755346,61.848708960690274,292246,
2004-06-02,59.630672454833984,61.42215300952964,59.07616869029687,61.20888313720074,186550,
2004-06-03,59.60932922363281,61.42213573149886,59.3107483416401,60.7823210532869,351649,
2004-06-04,59.35340881347656,60.099861113505895,58.05245807548977,58.90554267466315,96422,
2004-06-07,59.90793228149414,60.91030758408368,59.396081397695575,59.886605816486544,168858,
2004-06-08,61.42215347290039,61.84869846198103,60.185181914615086,60.78233860988195,302337,
2004-06-09,60.03587341308594,61.84867990052714,52.80597392019411,61.84867990052714,180634,
2004-06-10,61.25153732299805,61.84869926724493,60.67570708350721,60.78233940126194,211654,
2004-06-11,61.63541412353516,63.76812826738274,61.03825751762855,61.89134212692674,228312,
2004-06-14,58.86289596557617,61.08091615744827,58.11644358678933,61.08091615744827,140244,
2004-06-15,58.00981903076172,59.05485259517554,57.625932144931454,57.625932144931454,122726,
2004-06-16,58.45769882202149,59.60936488351917,58.03115894218184,59.60936488351917,101578,
2004-06-17,59.1401481628418,59.71598363250647,58.50033330374995,58.86289890078567,97389,
2004-06-18,59.5880126953125,60.99560102895399,55.45054829585068,60.59038779387672,145274,
2004-06-21,58.564300537109375,60.31312240732593,58.436336555063335,60.31312240732593,68194,
2004-06-22,60.206504821777344,60.952951957073104,58.86289578528119,58.86289578528119,262578,
2004-06-23,58.50033187866211,59.28943720173285,56.30363809284261,59.28943720173285,299233,
2004-06-24,61.99797821044922,63.38424001280562,58.64961399104608,58.64961399104608,693762,
2004-06-25,66.32740783691406,67.28712504325064,63.23497058634592,63.23497058634592,534741,
2004-06-28,69.2918701171875,70.16628662625925,63.76814274237553,63.76814274237553,450826,
2004-06-29,68.88665008544922,69.739734805225,67.09516955331763,69.69708187953744,417434,
2004-06-30,69.05725860595703,70.3795410706217,68.75867768015449,69.95299614216033,269969,
2004-07-01,72.55491638183594,73.2587106144935,69.59044373016363,69.63309665548714,748019,
2004-07-02,73.55728912353516,76.77768970226755,72.12836900195927,72.51226104069583,702551,
2004-07-05,71.9364242553711,75.24213061997177,71.33926760831056,74.21842901826408,280475,
2004-07-06,73.57860565185547,74.21842038883219,71.36058577271295,71.87243651405353,218987,
2004-07-07,75.73265838623047,75.88194886505225,73.59994399889693,73.62127046141364,333765,
2004-07-08,72.1496810913086,77.20420843582791,70.3795275773175,75.73263579039484,630270,
2004-07-09,70.37954711914062,71.87244663525091,66.96720312180081,69.52646243010685,233984,
2004-07-12,70.87006378173828,72.51225359541765,66.1141112599966,67.05250693672886,254102,
2004-07-13,71.33926391601562,72.06438453606081,69.41981958125459,72.06438453606081,147223,
2004-07-14,70.05963897705078,74.21843006859604,69.41982415662771,72.51226070827097,148173,
2004-07-15,71.12598419189453,71.65916663314668,69.97432395556844,70.03830333274078,91278,
2004-07-16,70.61415100097656,71.72316383602002,69.56912280021184,71.65918444294657,140177,
2004-07-19,70.44352722167969,72.38429818471944,69.97433456884363,70.23025735755377,123309,
2004-07-20,70.37954711914062,71.18997888402389,67.1804782249628,67.1804782249628,121475,
2004-07-21,70.14495849609375,71.65918464052122,69.84637751185052,71.65918464052122,114392,
2004-07-22,71.44590759277344,71.82979966556564,70.37955295338496,71.25396417697992,156390,
2004-07-23,71.7444839477539,72.00041197979711,68.20418111252192,68.20418111252192,181101,
2004-07-26,71.7871322631836,72.10703966209365,70.82741530765789,71.21130208986817,95052,
2004-07-27,71.63786315917969,72.1283823572926,71.01937468325502,72.00042356189219,99463,
2004-07-28,71.59520721435547,72.08572639182529,71.01937169446448,71.97909406681248,141054,
2004-07-29,73.53596496582031,73.91985177538119,71.23263362604528,71.29661301390381,268951,
2004-07-30,77.24688720703125,80.5525990827282,73.53596728756519,73.79189008828438,1046402,
2004-08-02,76.18053436279297,83.17583461577163,75.30612314147193,83.17583461577163,370480,
2004-08-03,76.86300659179688,78.05732532106902,76.45779327410301,76.73504256050207,287516,
2004-08-04,77.88670349121094,79.76349518967262,77.24688861593583,77.80139763648367,539327,
2004-08-05,76.09522247314453,77.35353099434674,75.2847906516353,77.1615823398483,278595,
2004-08-06,73.34400177001953,75.92458166871376,72.76816646985576,75.92458166871376,252932,
2004-08-09,71.53121948242188,73.36535304652473,70.37955373368703,73.36535304652473,233137,
2004-08-10,70.63545989990234,72.9387908546345,70.37953715004544,71.72314600010519,753888,
2004-08-11,70.6781234741211,72.02173766832398,70.42219546345262,71.70182503438619,360423,
2004-08-12,73.19723510742188,73.59868074289055,70.03025743348806,72.26052131674768,376136,
2004-08-13,72.57276916503906,73.15263577117784,71.8367835724521,73.15263577117784,146315,
2004-08-16,70.610107421875,72.55043469613867,70.09714683388036,72.26049878264013,290539,
2004-08-17,77.1447982788086,78.68368055527604,71.74756756918423,72.26052284707114,1753867,
2004-08-18,74.44617462158203,77.61314652846187,73.64327794224653,77.61314652846187,427680,
2004-08-19,75.67282104492188,78.0592037477222,75.09295455340227,75.31598476477797,281921,
2004-08-20,75.38289642333984,75.918159145654,74.26776712208601,75.918159145654,125221,
2004-08-23,76.1634750366211,77.56854006743576,74.53537980848664,74.60229106005647,156567,
2004-08-24,76.18578338623047,77.14479358423027,75.3828866662136,75.8289416175419,175988,
2004-08-25,75.44979095458984,78.0591982024606,74.60229046199916,77.16708838220273,222333,
2004-08-26,76.09657287597656,77.03328666238129,71.36841653434048,76.27499376658669,223694,
2004-08-27,75.20448303222656,76.72106363749288,74.73613152897717,76.18580086168178,100370,
2004-08-30,75.13755798339844,75.9181472760458,74.49078023970658,74.5353840893584,113379,
2004-08-31,74.6915054321289,75.73972881807146,74.49078262134304,74.75841668968104,118011,
2004-09-01,75.07064819335938,76.67644162152105,74.51308361902262,75.76203528113398,147088,
2004-09-02,75.40518951416016,78.05920636730316,75.07064966680491,76.72104697788217,139771,
2004-09-03,74.9814453125,76.72105040405975,74.71381123028979,76.49802565617493,180623,
2004-09-06,75.65052032470703,76.00736209146875,75.15986152517587,76.00736209146875,117439,
2004-09-07,75.69510650634766,76.27497287174756,74.04470960961372,75.82892350788114,147043,
2004-09-08,77.2339859008789,78.32681283712613,75.73970797261401,76.23036664223534,341620,
2004-09-09,75.78435516357422,77.83619306408109,75.49441910460699,77.61316827768748,144984,
2004-09-10,75.69510650634766,76.25267095164763,75.02602697961412,75.87352734808101,153720,
2004-09-13,75.31598663330078,76.36420453665751,75.0706490099528,76.36420453665751,114957,
2004-09-14,74.75841522216797,75.82894051263497,74.49078115908364,75.82894051263497,96962,
2004-09-15,74.6692123413086,75.76204518856619,74.49079143495125,75.22677698855829,134636,
2004-09-16,75.04833984375,75.73972139140523,74.51307724049448,74.95913215034145,148109,
2004-09-17,75.80664825439453,76.27499970311354,74.62460770675276,74.8253305391946,177619,
2004-09-20,77.50163269042969,79.17433184927798,75.82893901251644,75.82893901251644,532464,
2004-09-21,77.63546752929688,78.50527019524813,77.2786256910059,78.37145861659124,342767,
2004-09-22,77.12250518798828,77.94770397819146,76.14119289241604,77.94770397819146,221507,
2004-09-23,76.94405364990234,78.1929995623487,76.67642512341655,77.14477641500018,171285,
2004-09-24,76.92176818847656,77.56854594402115,76.05196569965062,77.07788714605407,106316,
2004-09-27,75.51671600341797,77.56855924814549,75.18217610564996,77.56855924814549,114127,
2004-09-28,74.31237030029297,76.09657935838493,74.04473620111123,75.60592049717567,132823,
2004-09-29,76.58721160888672,77.12247414033398,74.49076532381811,74.78070125036896,216249,
2004-09-30,78.37145233154297,78.92901697404132,76.94407961191187,77.12250051674877,438115,
2004-10-01,78.37145233154297,79.12973980686586,78.0146050409333,78.28223913865659,184155,
2004-10-04,79.08514404296875,80.78014007188527,78.72829671584608,78.9513269804148,347990,
2004-10-05,78.7505874633789,79.84341470096435,77.61315089375724,79.17433501070869,276144,
2004-10-06,77.9922866821289,80.24484654725845,77.61313757005267,78.72826654175647,192610,
2004-10-07,78.39374542236328,79.12973088673239,77.61315062611176,77.70236380894133,146437,
2004-10-08,76.96638488769531,79.17434710667635,76.67645433030918,79.17434710667635,242517,
2004-10-11,77.3901138305664,80.15563985329611,77.16708364871542,79.30813941269174,110067,
2004-10-12,76.67644500732422,78.34913880419563,76.27499389208933,77.6131533143348,90373,
2004-10-14,76.49800872802734,77.99228681434045,75.8512310732569,76.27497854856107,123153,
2004-10-15,74.95914459228516,76.49802688742359,74.75842176786459,75.82894715206466,137727,
2004-10-18,73.9109115600586,76.18577907701093,73.64327750821248,75.96275435442911,121233,
2004-10-19,74.6692123413086,75.27138632584955,73.95552871587924,74.13394962223657,78154,
2004-10-20,74.42388916015625,75.29369180478407,74.06704733061336,75.15987474847145,63965,
2004-10-21,74.44617462158203,75.15985812279806,73.59867409365427,74.69150126977443,82449,
2004-10-22,74.44617462158203,74.44617462158203,74.44617462158203,74.44617462158203,0,
2004-10-25,73.59867095947266,75.3828796365326,73.24182922406065,75.02603790112062,90418,
2004-10-26,74.20085906982422,74.49078960996681,72.84039763682914,73.5986851000362,93664,
2004-10-27,76.14117431640625,76.63182760402059,74.66919801075872,74.66919801075872,187983,
2004-10-28,76.43111419677734,77.47933207822746,75.87354414709296,76.72104470320329,116827,
2004-10-29,74.55768585205078,76.9440685363254,74.31235919856412,76.72104380761616,96102,
2004-11-01,77.2339859008789,77.72464457050023,74.11161852794365,74.26773744468379,192119,
2004-11-02,82.56433868408203,83.16650712675008,79.39736106555472,80.2894709879994,1355730,
2004-11-03,82.36360168457031,84.303934805847,81.62761628322247,83.85787989176465,736052,
2004-11-04,82.54203033447266,84.30394275238217,81.8506541960179,83.411838321062,426832,
2004-11-05,80.95853424072266,82.74274836296357,80.5347867437629,82.54202009499883,185324,
2004-11-08,80.7578125,82.83195712774192,80.51248586399238,80.95853528963072,226543,
2004-11-09,80.35637664794922,81.31538686581497,79.48657413363594,80.95854508973441,289721,
2004-11-10,79.64266967773438,80.82470976878605,78.88438249676305,79.3973376032316,169642,
2004-11-11,82.89886474609375,84.74997909897671,80.24484830799707,80.24484830799707,517821,
2004-11-12,85.70899963378906,86.53419820836258,83.96939479059878,84.39314229917358,394058,
2004-11-15,85.70899963378906,85.70899963378906,85.70899963378906,85.70899963378906,0,
2004-11-16,84.81690979003906,86.08815801404661,83.76868083926969,86.08815801404661,344425,
2004-11-17,83.32261657714844,85.0845233331097,82.51971993097983,85.0845233331097,247977,
2004-11-18,83.05500030517578,84.03631802924012,82.34131668074204,84.03631802924012,208896,
2004-11-19,87.47090911865234,88.63064754379636,82.6089361760379,83.09959495132709,970599,
2004-11-22,92.93505096435548,94.1170802188565,86.08813628571573,87.8723448306505,1434064,
2004-11-23,92.97965240478516,95.36604045982403,91.68610246086791,93.5372169412851,1226144,
2004-11-24,95.29913330078124,96.12433191956724,93.22499401286596,93.67104346885,554906,
2004-11-25,98.53302001953124,100.36183271968532,95.34374053560754,95.34374053560754,925295,
2004-11-26,98.53302001953124,98.53302001953124,98.53302001953124,98.53302001953124,0,
2004-11-29,104.42091369628906,105.71445824829313,99.02367238796492,99.02367238796492,1336642,
2004-11-30,101.87841033935548,106.11591880627002,100.38414292284024,105.2684127281388,1132150,
2004-12-01,101.61077880859376,103.03814580944596,100.80787664921196,102.56978895694073,629544,
2004-12-02,101.67767333984376,102.43597160772065,98.57761286585485,102.14603016581388,406096,
2004-12-03,101.3654556274414,104.30940870715192,98.73375145571733,102.36908072905992,813893,
2004-12-06,99.35823822021484,102.34678451996729,99.0236928291106,102.34678451996729,325840,
2004-12-07,97.52938079833984,100.272610410831,96.79340092132526,100.13878791546917,261745,
2004-12-08,100.02729034423828,101.6999839509936,96.83801111577144,97.68550614053731,428982,
2004-12-09,96.7265167236328,99.9157853115583,96.14663376310716,99.9157853115583,368806,
2004-12-10,96.614990234375,97.4178924510202,94.22861291497809,96.3473671240306,553461,
2004-12-13,96.90492248535156,98.53301224665871,94.96459482983896,97.4624870216128,270538,
2004-12-14,95.81208038330078,96.793397816377,95.20991205909556,96.793397816377,370541,
2004-12-15,99.42512512207033,99.9157894371523,96.12434128712673,96.12434128712673,360320,
2004-12-16,99.13518524169922,103.03814813894498,97.6855108028662,99.8488797201305,596038,
2004-12-17,97.440185546875,99.35821687631012,95.7005805800742,98.3545918804664,397014,
2004-12-20,98.46610260009766,100.27261874263766,97.23945840794734,98.13156825763384,260272,
2004-12-21,104.42091369628906,105.26840878077002,99.22439519644384,99.22439519644384,841794,
2004-12-22,106.6734848022461,111.06710132872831,104.80005721244169,104.80005721244169,1308156,
2004-12-23,108.47999572753906,109.05986776769129,103.1496760949484,107.05262851658424,683872,
2004-12-24,107.9447250366211,110.1749832850115,107.40945691836012,109.21597311515325,518175,
2004-12-27,105.15689849853516,107.27565274976192,104.01947285225408,107.05262252483146,332169,
2004-12-28,104.26478576660156,105.2683997226372,103.39498335074752,105.2683997226372,334712,
2004-12-29,102.45829010009766,105.04540142074856,101.0978341372853,105.04540142074856,291396,
2004-12-30,105.7367706298828,108.39078207742712,102.1460453907802,102.59209487929186,464704,
2004-12-31,103.52879333496094,105.26839814052391,102.815109874313,104.37629929564864,232005,
2005-01-03,109.70661163330078,110.97787050233448,103.038134230892,104.35398598158775,909802,
2005-01-04,105.02307891845705,112.4052516420621,103.93024624639358,112.4052516420621,877987,
2005-01-05,103.26115417480467,108.1231266200068,99.02365746716168,104.77773967485804,544910,
2005-01-06,102.97125244140624,105.89289820433858,99.49204203203608,104.33171938668691,622762,
2005-01-07,105.51373291015624,106.47275404086372,100.45103704525374,104.66623784599372,504308,
2005-01-10,103.03816223144533,107.61019445914634,101.74460657005768,107.61019445914634,416664,
2005-01-11,98.64453887939452,104.37631482111463,97.79703279264444,103.52880873436456,370008,
2005-01-12,95.94590759277344,104.8223588223206,94.78617459789668,103.66262582744388,237621,
2005-01-13,98.64453887939452,101.25394647587562,96.48118077169876,101.25394647587562,360085,
2005-01-14,98.66683197021484,100.36183312421552,97.2394648851344,100.36183312421552,292467,
2005-01-17,98.3992156982422,111.06711731231354,96.34738336373783,111.06711731231354,290750,
2005-01-18,97.95314025878906,99.91577531803432,94.56313823349984,97.6855062121884,292942,
2005-01-19,97.95314025878906,99.469725881613,95.74517855760556,98.53301219944554,191048,
2005-01-20,95.27684020996094,98.08698180191782,94.20631477763668,98.08698180191782,252285,
2005-01-24,92.7566375732422,94.3401235629662,91.55228978617497,94.3401235629662,261882,
2005-01-25,88.94287872314453,92.3328807735477,88.31840841134148,91.88682585288709,500963,
2005-01-27,90.79399871826172,92.33288079564716,89.23281471697814,89.23281471697814,524248,
2005-01-28,93.47032928466795,94.54085465486716,90.9947332000298,92.7789421503618,451865,
2005-01-31,102.52517700195312,106.16050547039538,94.6077478695307,94.76385584615278,1096589,
2005-02-01,101.85613250732422,102.5921126465474,98.59995204209196,102.5921126465474,1086278,
2005-02-02,100.20569610595705,104.822341855844,96.70419028196494,100.807864431107,1694900,
2005-02-03,100.60714721679688,103.48418843402412,100.3618205850504,100.62945462053251,526178,
2005-02-04,99.46971893310548,100.36181774363013,98.59991656381608,100.36181774363013,353849,
2005-02-07,97.86394500732422,101.20934361052724,97.46249936731404,100.80788700864606,270718,
2005-02-08,98.02005767822266,99.24670192696269,96.34736396499636,97.68551235845524,264918,
2005-02-09,98.80066680908205,100.11651894941694,98.15388348169526,98.64454782956165,224992,
2005-02-10,97.81932830810548,100.5402506864702,97.23945636986952,99.17979497822262,173734,
2005-02-11,97.55169677734376,99.3805093718638,97.2394588765423,98.13156873052785,152137,
2005-02-14,102.10144805908205,104.82237094033648,98.5776338548537,98.5776338548537,700080,
2005-02-15,101.07550811767578,103.41729232031877,100.04958674181395,102.59208277683253,699583,
2005-02-16,99.98267364501952,102.50286195259513,98.57760330340705,101.8783862452118,256795,
2005-02-17,99.6258544921875,100.36183448939111,98.5776256087708,100.36183448939111,124870,
2005-02-18,98.2876968383789,99.46973729815213,97.77473609096546,99.46973729815213,376893,
2005-02-21,98.84525299072266,99.78195573847589,97.2394596259215,99.75965929502958,225409,
2005-02-22,99.51433563232422,99.78195873293085,97.79702711314532,98.80065210696606,200381,
2005-02-23,99.5812530517578,101.0309277577637,98.13158930762408,99.46974888826456,427180,
2005-02-24,99.55894470214844,101.1870346446131,99.0236765491314,99.91578648353618,208257,
2005-02-25,98.73372650146484,110.17496865037414,97.30635965819414,106.82958172215918,1091933,
2005-02-28,97.9754638671875,99.6927616066413,95.9236207736865,99.46974233248125,295033,
2005-03-01,97.440185546875,98.57762209329174,96.36966025667992,97.6855122038607,173606,
2005-03-02,97.6632080078125,98.80064446394672,96.436563858377,98.80064446394672,229439,
2005-03-03,98.04235076904295,98.93446062937272,96.9049252216002,98.08696557964888,202702,
2005-03-04,98.17616271972656,98.756023652809,96.99412248878882,98.13155887578704,212758,
2005-03-07,98.86754608154295,101.23162671888056,96.9049219931946,96.9049219931946,457600,
2005-03-08,99.00138854980467,99.91579500750323,97.68552546215903,99.46974548318312,436324,
2005-03-09,98.0646514892578,99.24669176672656,95.72287833810256,98.80064234790396,250765,
2005-03-10,98.80066680908205,99.20211248159968,96.90494260740392,96.90494260740392,198064,
2005-03-11,99.02367401123048,100.25031828842982,97.90854484320752,99.02367401123048,429628,
2005-03-14,96.81572723388672,98.57763992543836,95.90132073488428,98.13159038097012,262581,
2005-03-15,93.11348724365234,96.3473707532321,91.7084165330002,96.3473707532321,473535,
2005-03-16,91.24005126953124,94.78616669594042,90.81629828366684,92.77892782601732,511369,
2005-03-17,88.7867660522461,91.44078287808816,88.31841465551474,91.44078287808816,257155,
2005-03-18,86.73491668701172,91.84221586407506,86.33346564097971,89.61195237176813,440724,
2005-03-21,89.14361572265625,90.5486809128658,88.22920386796798,88.22920386796798,424179,
2005-03-22,87.22557830810547,89.43354008979124,86.75722693088046,89.43354008979124,217162,
2005-03-23,83.9024887084961,87.64933266972474,80.7355167180142,80.7355167180142,438172,
2005-03-24,82.47512817382812,86.0881553897996,82.07368253236535,85.64210041411334,238581,
2005-03-28,80.57941436767578,84.70540286404899,79.59810206584996,84.70540286404899,322464,
2005-03-29,80.33407592773438,80.95854630477989,78.41604998228135,79.84341710802585,721184,
2005-03-30,80.64631652832031,84.25933831481692,79.62039500247157,80.31177666202461,616663,
2005-03-31,81.9844741821289,83.6348716605163,81.18158285183092,81.20388477979077,431737,
2005-04-01,86.89104461669922,87.33709407275946,71.81446667172315,82.96577980631984,317618,
2005-04-04,87.09176635742188,90.37025338748484,85.01762161352356,85.19604248995776,375748,
2005-04-05,86.04356384277344,88.20691680787678,84.88382512486756,87.38171799934882,345645,
2005-04-06,87.80545806884766,88.31841330869578,86.08814954359175,86.9356501031874,219826,
2005-04-07,88.496826171875,89.25511348130838,86.60110241735688,87.49320674637694,249413,
2005-04-08,87.00255584716797,90.01341439539232,86.60111023311211,89.65656715064415,242565,
2005-04-11,86.77952575683594,87.38169414073897,85.73130245524064,87.38169414073897,126886,
2005-04-12,86.04356384277344,86.28889055188031,84.30395850638277,85.99895450216977,208373,
2005-04-13,85.37446594238281,86.51189700861981,84.99532225363714,86.40038738306824,189486,
2005-04-15,83.94709014892578,85.68669493578857,82.5197177620391,85.68669493578857,275666,
2005-04-18,83.94709014892578,85.21833811442256,79.39734991480154,79.39734991480154,199731,
2005-04-19,88.1845932006836,89.92419810944808,84.61617020481377,85.59748776188833,766379,
2005-04-20,87.58242797851562,90.23643928667212,84.32624276727829,90.23643928667212,430166,
2005-04-21,86.77952575683594,88.22919464769993,85.99893102110816,86.53419911471282,217975,
2005-04-22,88.31840515136719,89.81268332544248,86.08814159225638,86.98024591971377,399959,
2005-04-25,92.97965240478516,93.626435598146,88.3184078371857,89.12129901584647,683298,
2005-04-26,92.02066040039062,95.20994026214848,91.01704074848914,93.64875048301114,538384,
2005-04-27,90.88322448730467,95.00921252258225,90.10262963803852,91.66381385563524,853292,
2005-04-28,94.56312561035156,96.34734504160224,91.44076352939916,92.5335905317792,1619941,
2005-04-29,93.04657745361328,97.23947128234782,91.10624950956438,94.5631523408164,1141731,
2005-05-02,93.29190063476562,94.1617031619685,91.4407859492668,93.67104982328824,247047,
2005-05-03,93.001953125,95.27681495499084,92.44438862857474,93.67103271308407,659800,
2005-05-04,93.9163818359375,94.47394646593126,91.39618729675394,91.66381590753922,551734,
2005-05-05,92.77893829345705,95.1876230167418,92.44440392499529,94.94229635162044,165583,
2005-05-06,92.22137451171876,94.07249466251764,91.59690414006596,93.53722651405042,299231,
2005-05-09,93.6710433959961,94.5631423072703,91.66380440282404,93.224993940359,261182,
2005-05-10,94.49624633789062,95.76749446983888,93.04657183840143,94.11709715803526,351618,
2005-05-11,92.39981079101562,94.00559348488387,91.6638197484114,93.58185136393084,237038,
2005-05-12,92.0875473022461,93.55951801751524,91.70839818137472,92.39978517546513,123831,
2005-05-13,91.75301361083984,95.67827824758432,90.14722029343744,95.67827824758432,224892,
2005-05-16,93.93869018554688,94.5185512679021,90.95013321544086,91.88684158397798,382939,
2005-05-17,92.28826904296876,94.11708145531932,91.6191894595946,93.93866607941622,124994,
2005-05-18,92.4220962524414,93.2249984658078,90.5486796783277,91.4630860396136,164169,
2005-05-19,92.84584045410156,94.91997964381278,92.42208746195158,94.91997964381278,127936,
2005-05-20,93.18038940429688,94.11710323011114,92.46670581183018,94.11710323011114,101006,
2005-05-23,93.40341186523438,93.67104593060648,92.4444016730106,92.4666981173672,42729,
2005-05-24,94.8307876586914,95.56677866573052,91.03933942958156,93.67105455117562,426622,
2005-05-25,94.09480285644533,95.43295131506346,93.6710498155206,95.00920923600958,141338,
2005-05-26,95.09840393066406,95.87899864613624,92.33287776316487,94.09478998353504,312874,
2005-05-27,93.29190063476562,95.90130821637428,92.37749425512553,95.90130821637428,298416,
2005-05-30,92.86814880371094,94.5631500277623,90.14723155556057,90.14723155556057,171304,
2005-05-31,92.1767807006836,93.22500970483836,91.88684466883636,93.22500970483836,124314,
2005-06-01,92.37749481201172,93.38111986444731,92.10986073390416,92.55592118470706,96237,
2005-06-02,92.66739654541016,95.00918029896172,92.3328622731128,92.5558924292227,368470,
2005-06-03,96.94953918457033,97.61861890915168,92.3328923735201,92.3328923735201,729222,
2005-06-06,96.4588623046875,98.13156687911842,95.94590161474434,96.14662440977692,196846,
2005-06-07,99.64813995361328,100.69636872149093,95.90129623636408,97.2394554898009,618972,
2005-06-08,99.78195190429688,102.14603253095994,99.246694777844,100.40642768671648,740452,
2005-06-09,98.4215087890625,100.36183667409156,97.35098343738686,100.18342126308106,489373,
2005-06-10,101.92303466796876,102.59210347586456,99.91579535866587,99.91579535866587,1622671,
2005-06-13,104.80006408691406,105.37993613539624,99.1128916080161,101.7000029364396,1478523,
2005-06-14,101.65540313720705,105.71447475294276,101.03092720805628,105.71447475294276,760082,
2005-06-15,102.97125244140624,104.33171938668691,101.25395464580228,101.65540031428776,551768,
2005-06-16,100.40644073486328,104.68855311230834,99.78196487129098,104.68855311230834,488167,
2005-06-17,101.54386138916016,104.55471415888243,100.8078705282166,101.16471225676244,495688,
2005-06-20,103.52879333496094,106.0935966972486,99.93806862775824,102.45826814398905,614326,
2005-06-21,102.94895935058594,105.00079161619873,102.32448341841712,103.88566228696703,488088,
2005-06-22,103.90795135498048,105.00077308149926,103.03814887781743,103.93024779898094,647307,
2005-06-23,103.95255279541016,105.71445415289882,102.68130473700188,103.93024539005653,535878,
2005-06-24,103.46189880371094,104.86695839922508,101.05321424953112,103.46189880371094,341597,
2005-06-27,100.60714721679688,104.30938698233705,99.91577116715963,102.59207863637344,362557,
2005-06-28,100.3172378540039,101.0309214575914,98.19848348980086,100.69638706422852,802350,
2005-06-29,103.37269592285156,103.88565670214638,100.16111968104246,100.7855955796399,448019,
2005-06-30,110.01885986328124,112.38294052617682,104.2201842681774,104.3316993684428,3544664,
2005-07-01,111.91460418701172,112.36066466979985,108.52461248142642,109.28289995554589,1419515,
2005-07-04,120.03274536132812,125.20695605333192,112.00380075976902,112.293731246874,6924871,
2005-07-05,116.3751449584961,121.23711924790074,112.07073537144028,119.98817826091364,1506724,
2005-07-06,116.93267822265624,119.54208558978976,116.26359856734996,117.42334248287816,1809746,
2005-07-07,116.218994140625,121.50472010269786,113.81030958587468,116.93267764115323,1913977,
2005-07-08,118.89534759521484,121.5493595757774,116.97731577422644,116.97731577422644,1556692,
2005-07-11,124.13640594482422,125.7867918041742,120.43416679709186,120.43416679709186,2904873,
2005-07-12,146.57286071777344,148.31246548376882,125.34076180362128,126.45589081528622,15253623,
2005-07-13,153.73199462890625,162.49692925488802,148.53548800264744,151.21180626197253,21639414,
2005-07-14,141.3317413330078,154.4456765624292,140.3504239164965,154.3341724375786,8706317,
2005-07-15,152.19314575195312,153.73202798881624,138.52164295360134,141.84473409656573,16941261,
2005-07-18,150.78811645507812,177.97503049596688,149.47226417671163,153.44212842345632,7814239,
2005-07-19,156.22994995117188,157.85804008599587,151.32336117503695,151.70251040837653,7823712,
2005-07-20,160.7350616455078,162.22932905532363,156.80979112372748,158.3486733474519,7162863,
2005-07-21,163.7235870361328,166.73443984960423,159.68681286795132,161.9170709633022,7706613,
2005-07-22,166.66757202148438,168.51868133945584,159.90987420675444,164.14737199035034,5820896,
2005-07-25,173.51443481445312,177.26127830655864,163.2552217958153,166.80134250815345,13140590,
2005-07-26,176.41380310058594,178.71097272827492,171.0611764382821,174.85262443478217,11885998,
2005-07-27,186.115478515625,188.18964024845417,173.090745625586,177.5735706412046,16398034,
2005-07-28,299.7511901855469,299.7511901855469,299.7511901855469,299.7511901855469,0,
2005-07-29,186.2269744873047,198.31500242533065,179.93762288176197,185.55788380062845,14557055,
2005-08-01,187.76583862304688,191.7357239286825,185.1118381947262,186.8960361102165,8704569,
2005-08-02,188.54641723632807,193.58681647353905,185.33483057108324,189.8845765198685,6848134,
2005-08-03,183.9297790527344,190.4198416096896,182.45779728697315,189.4385131246024,8505270,
2005-08-04,193.1630706787109,194.88037927343169,179.22393391507916,180.2052515460809,17412308,
2005-08-05,193.05154418945312,198.0473285086024,191.46805829603449,194.9249715305362,10146246,
2005-08-08,185.6470642089844,197.5343785396581,184.4873422672642,193.14075164014528,10318571,
2005-08-09,179.89300537109375,189.3047246572436,175.87853828890744,188.2341884093323,16102466,
2005-08-10,185.9593048095703,186.8960184925876,181.1642432185492,182.7923439424229,8039798,
2005-08-11,184.4650421142578,189.0147884078852,182.9484673242957,187.2974798444949,5965734,
2005-08-12,179.73690795898438,186.896040064826,178.91169831852258,185.35716878206043,5184534,
2005-08-16,178.2202911376953,183.77363973422243,177.0828547267143,182.43548054034704,5277290,
2005-08-17,178.2872314453125,180.6513013804896,173.33603942859577,178.42104300176263,5090781,
2005-08-18,183.68443298339844,185.2679297750116,177.37278610604153,179.75917403333645,11601868,
2005-08-19,180.29443359375,186.4053577704728,178.86706668336464,184.71036778579207,6021218,
2005-08-22,173.91592407226562,182.8815840147804,172.17631890260776,180.2052649962693,7086851,
2005-08-23,164.72720336914062,174.85260552323822,163.09911362056286,174.85260552323822,7472446,
2005-08-24,159.55303955078125,166.33303411587357,154.9363923486292,164.28119091491712,9389627,
2005-08-25,168.7863311767578,170.79357061786664,158.34869923723898,158.34869923723898,11788806,
2005-08-26,167.8049774169922,171.2395834679626,164.72721312604975,170.83813785816494,5682822,
2005-08-29,166.8236846923828,168.6078936411221,160.22210610111193,167.6711798323323,5159055,
2005-08-30,172.41598510742188,173.90410975699325,169.41684798823613,172.16415157125542,4475500,
2005-08-31,172.4617462158203,175.59825479679515,170.4241679058474,171.70624572027378,4025719,
2005-09-01,170.9965362548828,175.04879390380475,169.5312996089064,173.9956617457489,2938182,
2005-09-02,171.13392639160156,173.49202461848716,168.7300300172478,171.01945352816335,2635697,
2005-09-05,176.857421875,179.375779199251,170.90493581194625,171.7062343931024,6214913,
2005-09-06,175.96458435058594,179.94816772435829,175.1632856108572,179.0323961285804,3588767,
2005-09-08,176.9261474609375,179.1697841334958,176.10196082761524,178.34558624755718,2033721,
2005-09-09,174.2246551513672,178.11666538819378,173.30888340338913,178.11666538819378,1289030,
2005-09-12,174.2703857421875,176.6513825155103,173.6751337357034,176.6513825155103,824658,
2005-09-13,176.76585388183594,177.8189859792859,173.30882596241526,174.9114231770624,2347285,
2005-09-14,178.6431884765625,183.74858970172536,175.41510594095067,176.85744356391285,6629131,
2005-09-15,185.1222381591797,186.0380097258399,178.68898313149035,180.77234853592745,4993096,
2005-09-16,181.3904724121093,187.2742729821308,180.4747121789607,187.2742729821308,3004741,
2005-09-19,180.7036895751953,184.06912196312163,179.74213103429292,183.79440059653464,2142297,
2005-09-20,178.96371459960938,182.8328249699429,177.79610951657122,181.642332068136,2686140,
2005-09-21,176.19351196289062,181.0012929618092,168.5010781182818,179.49028057748075,3971937,
2005-09-22,159.13734436035156,176.7429587856115,155.68032761584894,175.9187723439059,4044733,
2005-09-23,158.10711669921875,163.00645988375973,149.77363321684012,159.34339640393074,7022922,
2005-09-26,164.28855895996094,165.79957143409044,157.9697652011813,158.65659109898846,3530454,
2005-09-27,167.31056213378906,169.85183000282248,164.4258982394663,166.89846889925926,3832047,
2005-09-28,164.9296112060547,168.89030715963395,162.6172997900738,167.21902354747016,2395286,
2005-09-29,161.6099395751953,167.03586073302677,160.4423344363708,165.63930987988672,4174132,
2005-09-30,163.55596923828125,165.61644722232555,158.2674192065897,163.41860854039183,3980985,
2005-10-03,166.00558471679688,167.40213530447988,163.23539386216927,164.15116529274567,2013395,
2005-10-04,169.30239868164062,193.6846916206318,166.48640892869568,167.081661082289,2274259,
2005-10-05,166.1200714111328,169.87471996133863,165.31877274910502,169.87471996133863,1625669,
2005-10-06,161.81600952148438,164.83804612469282,160.25920994725453,164.38015463011703,1610976,
2005-10-07,154.85618591308594,162.18231473950948,152.97885555527503,161.63286070383623,4580332,
2005-10-10,156.32142639160156,158.93135862508896,153.4825483910083,156.55036090608937,2919695,
2005-10-11,155.52011108398438,157.214282575898,151.55941499527597,156.82507706332274,3349838,
2005-10-13,153.94041442871094,157.90111056798,152.42940176243107,155.68037284091264,2369271,
2005-10-14,150.91836547851562,154.71878999880676,150.25442742029065,154.26090983123504,1925574,
2005-10-17,145.19479370117188,152.10883846236956,140.57017198274818,152.10883846236956,3217736,
2005-10-18,142.8824920654297,148.90366481673044,141.32569284783406,145.95031486479022,2345364,
2005-10-19,135.0298309326172,141.2570405390577,133.24408559478135,139.6544540512493,2855341,
2005-10-20,136.1516571044922,141.48599434579512,132.55726714814202,141.48599434579512,3678645,
2005-10-21,145.51531982421875,147.20949092808024,137.22763436049553,138.28076653288355,3889648,
2005-10-24,145.0116729736328,150.41469524969085,143.1114549850673,147.73607755863986,4593775,
2005-10-25,146.52268981933594,149.20131884224662,141.32571403864233,145.60692940789053,7322829,
2005-10-26,141.73779296875,147.4384465247214,141.27991280948248,146.43110117224083,3799371,
2005-10-27,127.33734130859376,141.94381862980987,125.460022805631,141.94381862980987,8217692,
2005-10-28,124.95636749267578,128.39048537920522,123.62850272519157,128.2073378265119,5281818,
2005-10-31,133.404296875,133.88507602235956,125.0021394615711,125.91789962096854,3500420,
2005-11-02,137.52528381347656,140.43283594640684,131.8704167960009,132.96933599824962,7189527,
2005-11-04,137.52528381347656,137.52528381347656,137.52528381347656,137.52528381347656,0,
2005-11-07,142.69935607910156,143.75248835655393,138.2807803282789,139.4483854624309,4911609,
2005-11-08,143.1801300048828,146.75161998654443,141.14255149024046,143.31749067624864,4030882,
2005-11-09,141.53172302246094,146.06477073566808,140.1580715183004,143.7753478111961,4001583,
2005-11-10,141.37149047851562,142.81382821090273,140.20388535029016,141.9438435064934,2580487,
2005-11-11,142.7909393310547,145.3550840280893,141.73779581415187,142.42462169314874,4159639,
2005-11-14,150.62074279785156,151.46781715673595,143.1343442193976,144.187476465844,7389956,
2005-11-16,150.8038787841797,152.8872440454248,148.97234702935748,151.60516619074212,4906595,
2005-11-17,153.00169372558594,153.8487791438081,147.80471964165525,151.10147630120792,5768032,
2005-11-18,152.3607177734375,156.09246821541055,151.14732555895154,154.69592840389427,3861840,
2005-11-21,151.3304443359375,155.5429617309391,149.45311444779512,155.5429617309391,4010567,
2005-11-22,150.8726043701172,154.07778883514783,149.77368494661678,151.10155013641153,3751399,
2005-11-23,153.3222198486328,154.71875914490656,151.55936298821416,151.55936298821416,3454417,
2005-11-24,155.4743194580078,157.46611135315746,153.84883398894755,154.9935401638999,4674753,
2005-11-25,163.5330352783203,164.83801226667626,156.41295453050205,156.5961020886199,6950822,
2005-11-28,172.64491271972656,173.94987840903528,169.94339631269415,173.07990503370092,6247875,
2005-11-29,167.60821533203125,172.62203200041176,167.12743607904636,172.62203200041176,5089609,
2005-11-30,163.28118896484375,172.2556999247411,161.63281606049122,168.72999718110037,6498986,
2005-12-01,169.78314208984375,170.286820378325,162.86910799279872,163.92224020653296,6663280,
2005-12-02,175.50668334960938,180.17710360482832,171.70625900341446,171.70625900341446,12008257,
2005-12-05,174.54515075683594,179.26134704305403,173.33175870220848,176.05616324373625,6411925,
2005-12-06,176.74298095703125,180.5434166973972,173.6064832692055,174.9114490498113,7195830,
2005-12-07,178.73475646972656,180.6120863511429,176.92611254507082,178.116616616723,4872654,
2005-12-08,179.604736328125,181.1844346224981,176.9719170901176,179.0323833413743,5969980,
2005-12-09,189.4492645263672,190.8915798081221,179.5360813499395,179.90238775181635,11490307,
2005-12-12,187.8924560546875,192.265233854709,184.06912098492,190.89158201861025,8290994,
2005-12-13,189.2889709472656,190.0444714365361,185.0077564976111,188.05268002896537,6583302,
2005-12-14,192.5170440673828,197.30190277585504,186.1295544229836,189.10579185750004,10648113,
2005-12-15,185.19091796875,194.6004100116656,182.4207157102116,192.310998189106,6887255,
2005-12-16,194.3714599609375,195.01249885768684,186.4042943945207,186.88507356708269,9194796,
2005-12-19,193.3870086669922,196.4319433457376,191.89889555630631,195.05829181847884,4879188,
2005-12-20,192.7460174560547,195.378859578284,191.18921800820348,193.2267967347601,4973331,
2005-12-21,190.5481109619141,195.03538262829085,188.1900135578428,193.2267277707265,4273739,
2005-12-22,192.95204162597656,194.0967475641056,190.1818505550769,192.31100269978776,4305508,
2005-12-23,188.02981567382807,194.55464497947165,186.9537955349597,193.22679129768645,4129710,
2005-12-26,168.1805877685547,187.7322121293375,166.32615650818383,184.9849082254721,9409599,
2005-12-27,176.4224395751953,177.20083913259867,165.84533146427546,170.33259251962096,8059684,
2005-12-28,174.70538330078125,179.39867978314388,171.82071945591494,175.0030036867026,8550393,
2005-12-29,172.59915161132812,177.20087519030335,170.92787931658054,176.28511479029024,5155384,
2005-12-30,175.23194885253906,177.52136066619084,171.70624610752873,171.70624610752873,4429339,
2006-01-02,174.52224731445312,177.1092911115337,173.17149461396792,175.36933294945365,2270485,
2006-01-03,180.10841369628906,181.64232509426915,174.54513234083586,175.75852426744015,3153797,
2006-01-04,182.1231231689453,184.2293877689831,179.07818787542553,182.23758477548225,5585918,
2006-01-05,182.46652221679688,185.09935284741448,179.97106351197726,182.46652221679688,5872924,
2006-01-06,181.3675842285156,186.10667887121232,178.5744941430928,182.69544894177184,5488502,
2006-01-09,179.87948608398438,183.336491936246,178.688981930069,182.21468499645235,2411434,
2006-01-10,173.92701721191406,180.2915868986331,173.26307910420434,179.9252917393672,2847516,
2006-01-12,172.11834716796875,175.36931749258113,170.42417604729025,172.87385895222118,2393539,
2006-01-13,171.95809936523438,176.14772931698036,171.29417256361506,172.16414600203402,2548812,
2006-01-16,168.66134643554688,172.5762438920792,167.47084222150818,172.16415060745638,2158929,
2006-01-17,164.01380920410156,171.2254747508522,162.66305662242365,169.18789634316877,2560308,
2006-01-18,169.62289428710938,170.561553654854,160.51101069447475,162.5485891697703,4490274,
2006-01-19,174.47647094726562,175.1403978013845,171.24839921373726,171.70627941476351,2910450,
2006-01-20,174.8885955810547,176.23934851807022,172.2099662781459,175.68988321167424,2927999,
2006-01-23,171.77490234375,173.9956392160326,171.27123539972902,173.0798790900649,1193371,
2006-01-24,173.4691162109375,175.16327612987376,171.47731337924537,175.16327612987376,1078546,
2006-01-25,166.60084533691406,176.21639521915827,164.86088740554257,174.91142958378313,4555284,
2006-01-27,170.7446746826172,171.66044608958995,168.66130964146635,168.66130964146635,1980878,
2006-01-30,169.16500854492188,173.2630531784791,168.11186510915206,171.47730828118213,1448884,
2006-01-31,175.39222717285156,177.9792596457948,168.6155535328129,170.79049273582237,6327205,
2006-02-01,172.53042602539062,180.31444390116724,170.44706090377093,175.36930286825944,6093299,
2006-02-02,169.87472534179688,174.45356051647758,168.61554651270578,172.16413730282991,2749669,
2006-02-03,169.87472534179688,172.55334273746055,167.1961079461332,169.46263208902008,2967825,
2006-02-06,168.89028930664062,172.1641477085836,167.86004485981516,170.33261577853483,2033581,
2006-02-07,170.46995544433594,171.66045949160787,167.9515979443118,170.309706969533,1610358,
2006-02-08,168.29502868652344,171.24837869717706,167.6768888013024,171.24837869717706,1058763,
2006-02-10,175.43804931640625,176.1706622218596,169.05056859107884,170.3326468019309,3209932,
2006-02-13,178.1624298095703,179.85660114064257,173.5606950794375,176.2393240098503,4199029,
2006-02-14,178.23110961914062,184.069112783518,177.24665205380998,180.863940312252,5112761,
2006-02-15,179.90235900878906,182.23755772792805,177.84188160770358,180.81811924086216,2717329,
2006-02-16,178.59742736816406,183.0617902942068,177.91060143703316,181.00131250081407,2428533,
2006-02-17,172.85096740722656,180.2686798981045,172.23282751280712,179.03238885665073,1606154,
2006-02-20,171.3857421875,173.07991338462477,168.52396590843168,173.07991338462477,1472007,
2006-02-21,173.76673889160156,175.32353816264825,170.85917572827842,172.1641414779227,1684110,
2006-02-22,172.0267791748047,173.99567168993082,170.49286773702073,172.6220199919934,1011879,
2006-02-23,168.36370849609375,173.0799157792273,167.15032775986825,173.0799157792273,2716316,
2006-02-24,171.13392639160156,171.88942703558467,165.54774517779293,165.54774517779293,2096878,
2006-02-27,170.17236328125,172.5762483385637,169.43975047801885,171.70627485445763,1176750,
2006-02-28,167.10452270507812,172.1641254925038,165.9827046196636,171.93517981106015,1346302,
2006-03-01,167.67691040039062,170.33262909340456,166.71535184221943,169.41685743048683,1505858,
2006-03-02,174.4077606201172,177.15506394780598,168.50107196872366,169.41683224287692,3933939,
2006-03-03,174.2246551513672,178.7577044865167,173.10283672930208,175.36936139687683,3079796,
2006-03-06,174.8656768798828,177.36114704972564,174.2475256664068,174.8656768798828,1124856,
2006-03-07,174.8656768798828,177.10930224853135,171.7062798542219,175.34645615586808,2166911,
2006-03-08,167.97451782226562,176.74298327255352,167.12743219421333,175.14038579985584,2534396,
2006-03-09,169.3939208984375,170.69888642206328,165.38743931077315,168.50104856620797,2458293,
2006-03-10,177.9334716796875,178.9866039198718,170.33261154571508,170.33261154571508,4077167,
2006-03-13,180.29156494140625,184.06910146374904,178.66607973335476,180.6349834903181,3818540,
2006-03-14,180.56629943847656,185.44274355766447,178.00214374766085,180.40602845518643,5359106,
2006-03-16,186.70193481445312,187.64060544408568,181.32181207378355,181.96285103934144,5240673,
2006-03-17,191.85313415527344,195.012531022398,188.0984964309449,188.87690736402257,9221794,
2006-03-20,192.1278686523437,194.0051874230093,191.0060504526798,192.3110162140599,2297132,
2006-03-21,188.99136352539065,194.94383944165983,187.2742932106918,193.22678037957627,2347351,
2006-03-22,184.2522735595703,190.3421328269099,182.35205562589323,189.5637218942932,2538746,
2006-03-23,191.8073272705078,193.2267544696149,184.5727631036836,184.5727631036836,3386327,
2006-03-24,192.1278686523437,194.9667458798641,190.1360657766831,190.1360657766831,2383444,
2006-03-27,195.8138122558593,198.2177083000812,188.6479335169872,193.6846600482509,4362999,
2006-03-28,196.0885467529297,199.7287227906316,195.05832481214603,197.004329596156,3232922,
2006-03-29,215.5485992431641,221.0203185801319,194.8751589444992,196.8440740957276,12290193,
2006-03-30,213.327865600586,225.9654526175505,210.5118761553377,216.1209447213992,10719273,
2006-03-31,215.0678100585937,221.02030837213755,210.62635790022912,213.83153025694267,4138813,
2006-04-03,216.73907470703125,221.84447572042387,215.2280511877625,216.21249738015425,2875386,
2006-04-04,228.964584350586,230.4984959521042,215.66309203917208,215.66309203917208,9651593,
2006-04-05,231.82632446289065,234.23019781742445,228.02588922493712,231.2310611993913,5585811,
2006-04-07,223.0349884033203,236.17624302433887,220.35637077161928,231.6889924846741,5074808,
2006-04-10,224.3628387451172,226.1943592624977,216.41856055001548,222.9433889641801,4175559,
2006-04-12,206.8259429931641,225.46178318737688,197.9429927733184,224.54602277989449,3724345,
2006-04-13,195.3558959960937,208.29111234182471,187.7779362248228,207.9019069596545,6733645,
2006-04-17,197.3477478027344,200.7360904971441,191.0289538608021,195.5162045204169,4041762,
2006-04-18,204.4906768798828,206.7114025774005,198.7213496251589,201.01076127294635,3695472,
2006-04-19,200.0034637451172,208.1079797524727,196.935640776308,207.37536699165483,2963000,
2006-04-20,209.55029296875,210.58053727943783,199.6829209225167,204.9943571914916,4500747,
2006-04-21,207.42120361328125,212.9158115913173,203.071301879797,212.9158115913173,3199655,
2006-04-24,202.6591644287109,207.421158473706,200.5986981379691,207.421158473706,1558319,
2006-04-25,194.5088348388672,202.8423181186265,193.79910997731105,200.5528838073237,1451438,
2006-04-26,200.87339782714844,203.25440584566283,192.3567672345249,195.17275628275488,2618147,
2006-04-27,193.1351928710937,205.10885232123468,191.395246113302,201.60602597745688,4452838,
2006-04-28,190.2047576904297,192.2194484480401,173.99568035105358,192.0820765198394,3472338,
2006-05-02,202.8881225585937,205.7727980475888,200.2553031088359,203.4833634112239,3454467,
2006-05-03,212.1602783203125,213.14472463937813,196.9356470942029,203.30021643825927,5646617,
2006-05-04,209.84796142578125,213.7857468065359,206.59699070251392,212.4578931326036,4087022,
2006-05-05,223.7218017578125,226.5606788391432,210.62634667532583,210.62634667532583,12229074,
2006-05-08,225.07257080078125,227.88853762431523,219.4634799615126,224.3628458877185,6869081,
2006-05-09,220.0358428955078,226.1486010439956,217.0367283799548,225.75939558987872,2722758,
2006-05-10,219.76109313964844,223.6759899835669,217.58614294684017,221.6155238828802,1790904,
2006-05-11,224.95811462402344,232.1010952673956,219.78402672075205,219.78402672075205,6195831,
2006-05-12,219.78399658203125,228.91877903919348,217.4945846395578,224.22547105398547,3266682,
2006-05-15,197.69110107421875,222.48549079395465,194.64618905025904,219.32609468696424,3774688,
2006-05-16,200.20947265625,203.25440740327463,180.8639117626245,195.97405639607217,4805476,
2006-05-17,215.77752685546875,217.9295893966461,201.9265485198569,201.9265485198569,4244426,
2006-05-18,186.61038208007807,212.9157916850404,181.45919320858147,212.04580691863472,5626040,
2006-05-19,180.9783630371093,201.4686511493444,175.8271756141826,201.4686511493444,4749533,
2006-05-22,171.79782104492188,187.7321638345057,145.14900928974214,186.35851223595023,4455874,
2006-05-23,182.83282470703125,186.77062103323829,168.66133774695598,174.40776686834874,3328410,
2006-05-24,187.80084228515625,198.6755711960085,182.2375610768215,182.64966556670285,7794285,
2006-05-25,197.3248291015625,201.3312998665216,179.9481484806166,187.18270167891853,5616960,
2006-05-26,195.6306915283203,206.04753080461143,193.91363233494369,199.20218185221808,3935833,
2006-05-29,194.5775451660156,199.1792571711578,192.42548249519004,196.93564322247687,3315156,
2006-05-30,183.40516662597656,198.72136992287608,181.8254683767096,195.516175284409,3622433,
2006-05-31,174.2246551513672,180.8639693795108,168.0432324235213,178.57454563587422,3002293,
2006-06-01,170.03500366210938,182.23758785198905,167.12744025153398,179.49029544902547,4223332,
2006-06-02,176.07904052734375,177.65873878490652,164.83800517416702,170.37838735806577,3398057,
2006-06-05,173.4919891357422,183.611205901706,171.93517876609206,178.1166108539773,4366321,
2006-06-06,169.2794952392578,176.19353016074845,166.39483084301486,171.7062794344221,2783231,
2006-06-07,154.32958984375,171.61468646867294,150.87256151667356,169.4168369933255,6190162,
2006-06-08,140.18099975585938,154.26091372441675,137.82290164232165,151.1015168579442,3032703,
2006-06-09,161.83885192871094,163.83064322430693,139.70019075742044,140.59306310553634,3005759,
2006-06-12,154.10061645507812,164.38009205207953,151.55936013703766,164.38009205207953,2670189,
2006-06-13,142.21853637695312,148.81206077162508,139.1965123333288,147.1178899806718,2291965,
2006-06-14,142.49327087402344,156.13818864330136,137.41076968352115,145.1489886686874,3680974,
2006-06-15,153.18487548828125,154.67300006943063,148.03368713327268,150.64362991818552,3073285,
2006-06-16,160.80860900878906,170.79046463705302,157.05397205367663,157.83237157466726,4890052,
2006-06-19,164.40304565429688,167.86006325438186,156.4587658944044,162.54861444888962,3515240,
2006-06-20,170.08078002929688,172.94254511622376,158.10713105005058,162.54859451590258,5315922,
2006-06-21,169.37103271484375,172.8967353882359,162.6172589996703,170.08075756433195,2944678,
2006-06-22,172.0496826171875,176.0561652245661,170.42419725262738,173.07992711050483,2355425,
2006-06-23,170.67604064941406,173.0799371042127,163.9222652593269,167.58532949623464,3282273,
2006-06-26,160.57969665527344,173.07991134971348,158.15291273969925,170.8820731346098,3367669,
2006-06-27,175.82720947265625,178.00215994325782,153.98617599484413,158.8397439910758,8545302,
2006-06-28,182.6038360595703,190.3878531011814,168.04315833180368,171.70622120340457,14094436,
2006-06-29,176.90322875976562,187.7321709794869,174.04145261175515,185.35117403453043,18288117,
2006-06-30,183.1991271972656,185.78617082693265,179.03238525632884,179.03238525632884,5716446,
2006-07-03,182.9930725097656,185.64880198243893,179.74210225218712,184.52698386435625,5020438,
2006-07-04,185.39698791503903,187.6406245226154,181.9170713932854,183.29072324411533,6618748,
2006-07-05,192.5857086181641,193.2267474930763,184.54985737152,185.90062107297456,7126636,
2006-07-06,188.39614868164065,194.6004589827141,185.44278688272715,192.3110465840257,4436035,
2006-07-07,178.6202850341797,192.19651910056749,176.85743923520948,190.0215913156269,3620016,
2006-07-10,182.0086364746093,182.9701836626459,173.99567197441158,173.99567197441158,3591159,
2006-07-11,180.0397186279297,184.98485986092672,178.1166131495926,182.3520295168489,3417561,
2006-07-12,182.0086364746093,183.10755558423307,175.46089745390984,178.57450722415106,3157543,
2006-07-13,179.71922302246094,183.35939910116247,177.2466520778392,183.15335246016207,2863471,
2006-07-14,176.10195922851562,179.21556940212793,171.93521669850284,177.6587699416299,2151041,
2006-07-17,167.99740600585938,175.78142516985253,167.17321944818045,174.9114517203709,2582292,
2006-07-18,162.11358642578125,170.3325970122549,160.7628338860539,168.50106528399388,2389599,
2006-07-19,157.1685028076172,166.07433057660754,154.48988475400444,163.784918053226,2978907,
2006-07-20,163.57882690429688,168.36370890897123,160.80863561294282,162.5485937285167,3200075,
2006-07-21,160.5110321044922,162.52572303004231,157.28294905930576,162.09073064217247,2251120,
2006-07-24,163.46435546875,166.48638010429735,155.01639892515723,158.88552037471405,3002765,
2006-07-25,166.50927734375,168.08897560261155,163.4643536713266,164.8380053096944,2011315,
2006-07-26,169.1879119873047,171.15680461865895,166.21166271520738,169.16502416746968,1993935,
2006-07-27,167.69979858398438,172.16416153854314,163.69331583556553,172.11837464319078,2929695,
2006-07-28,167.26478576660156,171.56888843534145,166.21165354429615,171.24838020702728,1782215,
2006-07-31,162.29673767089844,173.53777227264115,160.7170395189344,169.41681763640105,2869379,
2006-08-01,166.8527069091797,168.02031208298018,159.34342003554931,160.71707185735983,3114683,
2006-08-02,167.69979858398438,169.41685779647122,165.3874872266843,165.52484791274142,1940648,
2006-08-03,169.14212036132812,171.24838486320746,166.53217755317343,169.37105481634862,2477362,
2006-08-04,170.9049835205078,174.6138458442758,169.4168587761773,170.7676228336564,3330338,
2006-08-07,171.77490234375,172.59909996025615,167.4021257996595,170.79045626992027,2146990,
2006-08-08,170.30970764160156,173.0570108352379,169.25656424826795,171.7062470552188,1823410,
2006-08-09,173.01126098632812,173.90413364821205,168.54689767690846,169.87476275814066,2219498,
2006-08-10,177.26951599121094,179.03236162627115,172.23280131662386,172.988301766244,4331707,
2006-08-11,179.62481689453125,183.5910639125329,178.01497069613828,180.53471151581743,3005279,
2006-08-14,182.0045623779297,182.82113622591675,179.2281837732913,180.58136919027325,1843917,
2006-08-16,182.33120727539065,185.45755611438707,181.32796891423976,184.29100068053384,1517135,
2006-08-17,184.2676696777344,186.18081421867777,181.0480114548427,184.3376659871294,2425159,
2006-08-18,187.9773101806641,190.217077641768,183.0078239762235,185.4809048480915,2018424,
2006-08-21,192.94677734375,193.6467175069672,187.3473592435804,188.98051855589785,2392020,
2006-08-22,189.9370880126953,194.9999060398713,187.6273358946892,192.94678030465977,1450585,
2006-08-23,193.3667449951172,194.1133341242798,188.98053099446545,190.3803884784668,1837749,
2006-08-24,194.20664978027344,195.6998279992458,190.4737042328425,192.24685623469364,3028600,
2006-08-25,193.8567047119141,196.44643084965136,193.06346662829657,195.51320013115944,2035196,
2006-08-28,193.8100433349609,194.55663244869007,192.71347265653696,193.88001671332813,987199,
2006-08-29,194.09002685546875,195.88651499039568,193.18012055700336,194.5799781649943,1436270,
2006-08-30,196.7263946533203,198.31289358201545,192.2468487045768,195.04657495641607,1610833,
2006-08-31,194.8832397460937,199.4794190265332,194.1133033445068,198.3128751306016,2005058,
2006-09-01,194.41661071777344,196.39973990434947,193.7400180182721,194.8132411420023,944387,
2006-09-04,197.75296020507807,198.89617983303708,195.09323784958227,196.91305029645545,991124,
2006-09-05,197.86962890625,200.59934758389383,196.9363752856531,197.8462815115344,1202461,
2006-09-06,197.86962890625,201.5325782699183,191.3136323075044,198.0795949166836,3263758,
2006-09-07,196.51641845703125,198.03294410875955,194.16000583700185,196.5397658515243,1531208,
2006-09-08,197.5896148681641,199.432774446194,195.58316115834245,196.4463954036385,1550135,
2006-09-11,183.9410552978516,197.63632091616824,180.6514004119165,197.37968304384407,1624885,
2006-09-12,185.0142822265625,185.94752442351788,179.2982067386603,184.3143649129544,2560867,
2006-09-13,188.1172637939453,190.1470649422656,186.6007612479544,186.6007612479544,1499623,
2006-09-14,189.9370880126953,192.43350460449963,188.2805927492697,190.8469941846414,1619211,
2006-09-15,190.9636383056641,191.9902125729572,188.18725958783887,190.38036633305848,1206246,
2006-09-18,192.7601318359375,194.08999289062325,189.5171262692357,191.3602744729151,972580,
2006-09-19,185.8308563232422,194.48663904063736,182.96115652459923,193.6467291419684,1761498,
2006-09-20,188.98052978515625,190.3570628004112,180.83803426357235,182.2145672788272,907568,
2006-09-21,190.59036254882807,195.93313127030285,189.9604187030852,192.24684629931247,1073611,
2006-09-22,187.7439880371093,191.68691086415524,186.67076481072505,190.84698955614667,689206,
2006-09-25,187.557357788086,189.7738008188912,184.3610236466593,186.64745152782467,1065229,
2006-09-26,187.46401977539065,189.1671754323555,185.5275507259101,187.58066500436288,677576,
2006-09-27,185.57421875,191.29030536364863,184.45433506093943,189.30716438020173,719128,
2006-09-28,182.5878753662109,186.3908175837772,181.607972767637,185.71421325592456,873738,
2006-09-29,185.6208648681641,187.95396430815777,182.6111841355185,184.31433973166995,768702,
2006-10-03,186.2974548339844,189.4004792214206,185.71418284955524,186.64742490501283,669029,
2006-10-04,184.96759033203125,188.2805806459116,183.84770676680208,186.64742141351743,1948514,
2006-10-05,184.6643218994141,192.6668366839214,183.6377589322348,188.840558618487,1714205,
2006-10-06,201.90586853027344,211.09827482477533,188.98053935930065,188.98053935930065,15560586,
2006-10-09,200.62261962890625,206.19870076266244,198.3361809642055,201.5558500711128,3739167,
2006-10-10,196.7030639648437,202.18582519911007,195.816482293082,200.17937140973825,1817182,
2006-10-11,192.6201171875,199.08278018921587,191.50023371863065,197.37963626429945,1609134,
2006-10-12,199.2227935791016,200.17937155915985,190.8469854101646,191.3136121713496,3434614,
2006-10-13,201.04258728027344,203.00239197484905,197.93958611509663,202.97904458474605,2188184,
2006-10-16,201.4392547607422,203.0024293259962,199.5027741654017,201.112620584881,1366188,
2006-10-17,198.569580078125,202.04588848482425,197.89298714191497,201.57928452946024,1077217,
2006-10-18,198.7328338623047,200.55264604471208,196.9130216798973,196.9130216798973,858979,
2006-10-19,194.04331970214844,199.5260803096553,192.0368432075761,198.77949133840457,905534,
2006-10-20,197.7296295166016,200.3660273289715,194.6732767631487,195.88649266770585,752487,
2006-10-23,196.67974853515625,198.3129195289224,195.2798909597244,198.3129195289224,535474,
2006-10-26,196.8663787841797,199.22279114992057,195.34985329610484,199.22279114992057,2092231,
2006-10-27,204.42564392089844,206.3154529639176,197.61301992826893,198.7795641899696,1546802,
2006-10-30,208.64849853515625,209.97835963711407,202.04584194286952,206.24541418121743,4047178,
2006-10-31,203.09576416015625,209.9783838549783,198.3595912168567,209.9783838549783,1799744,
2006-11-01,207.52859497070312,213.1980207015308,204.14563120684497,204.14563120684497,2764066,
2006-11-02,202.67579650878903,205.2888699331956,201.2292671675434,202.97908329228463,1277038,
2006-11-03,206.50205993652344,207.34196982943232,199.87607863182907,203.2123937438204,1655078,
2006-11-06,207.80856323242188,209.9783339294903,202.97904772249896,207.645246172016,1523770,
2006-11-07,211.4481964111328,216.5110025631552,209.115108555038,209.51171606030152,3420700,
2006-11-08,212.73141479492188,218.0275350473404,207.6452834870049,212.1948146054828,6293170,
2006-11-09,218.6108245849609,220.66395060123384,212.77810367636377,213.78133075525952,2071717,
2006-11-10,215.8577880859375,220.47731603555587,213.7580130790996,218.377541028718,1884747,
2006-11-13,212.66143798828125,218.14419970220416,211.8681770123748,215.577798162222,1235152,
2006-11-14,206.4320526123047,213.1280298733521,205.4288256862532,212.77807125906816,1200598,
2006-11-15,208.4618682861328,211.23823586874164,204.00565795646324,207.64528283990308,2492223,
2006-11-16,211.93817138671875,214.1546142724607,204.4722802359192,209.2784490976572,2744246,
2006-11-17,205.05552673339844,215.4611011953264,204.0522769504712,212.7780547808396,2123321,
2006-11-20,204.35562133789065,208.06524262204337,198.896183886022,202.97908827735915,798753,
2006-11-21,206.78201293945312,210.14167529429173,204.7522346121365,205.31218216037144,773368,
2006-11-22,204.4489288330078,214.1079382206572,202.9790750911668,207.2486436933037,1357064,
2006-11-23,204.86886596679688,208.76512821286727,203.91231094896665,207.085308616484,1115874,
2006-11-24,203.42236328125,207.0853122171633,201.672547348831,205.49881335581952,735754,
2006-11-27,206.3387908935547,207.10872758680225,202.90915420986207,202.9791276050872,934576,
2006-11-28,202.60581970214844,208.2985709716084,182.91451515233703,182.91451515233703,847067,
2006-11-29,201.18263244628903,206.24543962881825,199.94609196133663,201.11263612682777,650319,
2006-11-30,199.36282348632807,201.8125571043612,197.84629769608705,201.8125571043612,1125908,
2006-12-01,205.6388397216797,206.7120630885302,199.7127752754673,200.08605839372484,1000969,
2006-12-04,205.0088806152344,206.2454209884287,203.25906452514548,205.31219032729564,793408,
2006-12-05,206.4320526123047,208.5784990839495,205.4288256862532,207.17864169224327,1338948,
2006-12-06,202.97911071777344,209.0451682913108,201.719245689882,206.7354042728888,730947,
2006-12-07,203.00244140625,207.13201776991068,201.6259083068386,203.44572084219507,817286,
2006-12-08,198.6862030029297,204.1922889638548,197.1463529645985,203.44569987078503,464359,
2006-12-11,187.557357788086,199.7127733641181,179.6481752490351,199.7127733641181,1335135,
2006-12-12,178.15496826171875,195.44319589284683,172.6721956538427,184.7809488926286,1247748,
2006-12-13,179.13487243652344,183.3577806448395,174.981972007046,179.64815960910246,1367273,
2006-12-14,183.0544586181641,185.24756538211028,178.94821885035273,178.94821885035273,1448103,
2006-12-15,188.8638916015625,193.76338147981727,186.6474486054604,187.1140639587974,1773606,
2006-12-18,188.91050720214844,192.24682166835163,184.3609770507043,192.24682166835163,987045,
2006-12-19,187.0906982421875,192.10684371947232,184.8275953565242,189.44712188448247,797914,
2006-12-20,182.54119873046875,189.9137690905872,180.1147783787787,188.51391163643083,834709,
2006-12-21,186.274169921875,187.97732585405845,179.88148972641542,181.9812761965113,902984,
2006-12-22,189.58712768554688,191.03364547067164,187.58066235321263,188.28059105358176,618657,
2006-12-26,191.616928100586,193.0867818930424,186.7640987806102,190.38038771028369,842337,
2006-12-27,193.2734222412109,195.51318960575813,192.01355739888533,193.41341486854887,400135,
2006-12-28,189.00387573242188,195.0465968290862,187.1840632118437,194.6032944621676,1420295,
2006-12-29,198.3828887939453,199.2461230960297,189.493804722736,189.493804722736,1688812,
2007-01-02,207.48193359375,208.92843977818777,199.7127337632539,200.64596429949017,1959247,
2007-01-03,204.86886596679688,209.69838170825312,202.7690914713177,208.29852439974383,979042,
2007-01-04,204.0756072998047,208.5318166038062,203.02570869136423,206.1053852836136,1196450,
2007-01-05,201.3225555419922,205.2654661202817,200.7392607261613,203.4456541812047,459871,
2007-01-08,203.4456787109375,205.2654908694318,195.5131618216476,201.11259090457423,1016294,
2007-01-09,202.62911987304688,207.64527765993577,198.40622305258432,204.26229072476488,1177562,
2007-01-10,196.7963714599609,202.0458189598345,193.74001913208377,201.22923365071827,1173711,
2007-01-11,196.2831115722656,197.8696335910139,190.84701001570207,195.48987349746443,1348343,
2007-01-12,203.4456787109375,204.6122226141191,196.6797057248292,200.50599449659907,1129591,
2007-01-15,217.0009765625,219.7306951452029,204.8455618685202,204.8455618685202,3333762,
2007-01-16,220.9672698974609,223.5103473321435,210.445024410576,217.4442898034745,3276772,
2007-01-17,215.6478271484375,221.64386549189408,213.8046670568289,220.3840004580199,1031538,
2007-01-18,223.1603240966797,226.28667306439044,215.1111612221404,216.4176978575503,2304779,
2007-01-19,222.57704162597656,225.28343553858736,219.0774097467078,224.6768391011937,1992677,
2007-01-22,228.293212890625,230.97626027794792,221.20060314151468,225.56349363862304,2666797,
2007-01-23,226.2167053222656,229.57636810409224,222.670423913404,224.46688907939247,967856,
2007-01-24,224.46690368652344,227.1033019204619,222.1804870715937,224.0236242152129,541538,
2007-01-25,228.92312622070312,231.4428793325867,221.2005956352367,225.3768214664892,1382318,
2007-01-29,225.4467620849609,231.20950875338067,224.4668596132876,229.15638304147987,587959,
2007-01-31,215.6944122314453,225.61005832478585,213.89792453264587,225.61005832478585,1024166,
2007-02-01,221.8538055419922,223.4169799916475,215.8810700443032,220.08064216570983,705464,
2007-02-02,235.7590789794922,237.15893661099503,222.6937563751821,223.6969834730872,2193615,
2007-02-05,236.55230712890625,240.26190525487087,233.3092899242238,237.04223544390968,1280274,
2007-02-06,227.8265686035156,237.55557606771765,225.4468082471141,236.90230761950644,1782284,
2007-02-07,234.475830078125,236.5289558135544,223.51030709608736,223.51030709608736,1299087,
2007-02-08,233.5892791748047,237.228903985684,228.40980427679503,237.04223950557264,1066379,
2007-02-09,228.6664581298828,233.30931024100107,224.95683674630973,231.90945268239665,952797,
2007-02-12,205.54547119140625,228.2231517939545,202.58246226060672,228.2231517939545,1443595,
2007-02-13,192.38682556152344,206.4320357830743,189.07383535597447,205.31216372174856,2033244,
2007-02-14,194.57994079589844,195.97979813504665,188.51389614868464,190.776999229217,1091119,
2007-02-15,199.80604553222656,202.97904297338744,197.3796370733722,197.3796370733722,1475249,
2007-02-19,201.0892639160156,205.75543946998425,200.2960030632481,204.8455334021949,656896,
2007-02-20,199.8527374267578,202.02250829073185,197.6129702551443,202.02250829073185,784039,
2007-02-21,199.82937622070312,201.11258825805783,195.746472613296,200.17935773470705,1087798,
2007-02-22,191.66358947753903,202.9790831293145,188.0939609164014,202.9790831293145,1872104,
2007-02-23,183.75439453125,194.11332085720008,180.58138521553187,194.11332085720008,1397417,
2007-02-26,183.5444183349609,187.5573375244224,179.181529062363,184.7809586542625,1069850,
2007-02-27,183.42774963378903,185.9008301105097,181.04800138683336,184.40765204168625,520235,
2007-02-28,170.68907165527344,179.46149892639795,164.36638904360214,172.64886508937897,1430934,
2007-03-01,177.2683868408203,178.17830442320152,169.00923549847306,176.3818166503121,845113,
2007-03-02,167.84271240234375,179.36819511460183,164.8330199244923,177.22174847720615,980496,
2007-03-05,165.6729278564453,167.07278524261824,157.0638060782103,157.0638060782103,1451999,
2007-03-06,169.6858367919922,170.96903740748337,162.42991245304927,165.6495819538711,1040209,
2007-03-07,167.772705078125,173.30213839933288,164.249737099585,173.30213839933288,998568,
2007-03-08,174.888671875,176.10187643713564,164.48307217978308,167.98271616113755,621850,
2007-03-09,173.11550903320312,177.31507008504715,169.00925728988824,175.14529897726356,449634,
2007-03-12,174.00204467773438,175.91517753729642,172.4155459357489,174.5153317770478,358036,
2007-03-13,175.6585693359375,176.8484377817105,172.4155637480842,174.84197249034912,526043,
2007-03-14,170.4557647705078,171.9489429614772,166.53617775285596,170.31578361533653,713968,
2007-03-15,170.71241760253906,176.84844757403968,169.0092504428329,174.5153594694561,537874,
2007-03-16,172.39224243164062,174.04872620922342,169.0092441645501,172.20558942721902,431237,
2007-03-19,176.05520629882812,176.77847098408793,173.58212545341544,173.58212545341544,394458,
2007-03-20,176.21847534179688,179.60146150281852,173.67539887386522,177.9682910248288,584717,
2007-03-21,179.4615020751953,181.9812430874192,176.42848537062156,178.6682526109793,858492,
2007-03-22,197.77626037597656,199.222766443312,181.7012389771729,181.7012389771729,3386925,
2007-03-23,190.00711059570312,202.0458699608665,188.3272906412493,200.6460123539636,2076472,
2007-03-26,188.2339630126953,193.85671804033456,187.18407551538635,191.17365947244787,1038114,
2007-03-28,184.7343139648437,188.1406255133041,183.00782226284105,186.6474472198812,508417,
2007-03-29,187.7439880371093,191.3136163274688,182.5411889816933,185.714186809886,1447388,
2007-03-30,187.7206420898437,191.0336323594775,186.71741522617376,190.38036408833065,511241,
2007-04-02,184.9442901611328,195.04659096663195,179.64816985490506,188.51391877734912,3042143,
2007-04-03,184.50100708007807,188.51392675236767,183.14780990358315,186.1808384532197,1732445,
2007-04-04,187.46401977539065,188.9805224248858,185.6208714960021,187.11404968661708,1005268,
2007-04-05,187.37066650390625,190.497015156598,186.1807981505926,187.46399873080645,657996,
2007-04-09,191.080322265625,193.1334366913881,188.51392063295629,188.51392063295629,883368,
2007-04-10,194.603256225586,197.79960120636383,191.7335568405598,192.90011221392223,1777812,
2007-04-11,196.0964508056641,199.8760680583841,194.11332141109213,195.97980557904188,940734,
2007-04-12,193.88003540039065,197.379690842649,187.6740199614053,187.6740199614053,477399,
2007-04-13,196.4930725097656,197.7062883115636,194.60326396767312,195.9797968402021,371654,
2007-04-16,202.5357818603516,202.9790612246969,197.7062889637383,199.1994670626138,754418,
2007-04-17,201.5325622558593,207.1086673379228,199.246123175482,203.93564656225635,655505,
2007-04-18,203.8889923095703,206.245404703146,200.6459753093389,200.6459753093389,574000,
2007-04-19,204.5422515869141,206.1054030048028,197.3796480874178,200.5759930968566,525244,
2007-04-20,204.0289764404297,208.11190355198863,201.5792431080659,208.11190355198863,583796,
2007-04-23,209.4884185791016,209.9783698441205,202.605799343524,205.31219353107048,1099691,
2007-04-24,206.59539794921875,212.07816010485675,205.31220854313435,208.62519947193715,591213,
2007-04-25,206.3154144287109,209.5117368523201,203.4457032375644,205.3121874684124,801129,
2007-04-26,205.0088806152344,211.2382314002481,203.16574375248936,206.9453382506356,1198990,
2007-04-27,203.5857086181641,207.55196778948385,201.6492279538197,205.07888692257345,848829,
2007-04-30,204.5889129638672,205.77878140954417,200.83264315854603,204.6122374219396,534846,
2007-05-03,209.1150817871093,211.6114863909595,207.6685528233703,208.53180989774785,415778,
2007-05-04,209.62843322753903,211.33157766949384,207.17867664511493,209.698429549119,1086792,
2007-05-07,210.30499267578125,214.5045648917213,207.87858387603785,211.564857460192,1448742,
2007-05-08,209.5350341796875,211.84479725622663,207.64522594119487,207.76187114387668,1070322,
2007-05-09,210.5849609375,212.0314902355398,207.20199695812147,209.9550399947685,617465,
2007-05-10,211.9615020751953,214.5978999822356,209.9783725298692,211.1449166230525,683239,
2007-05-11,210.70162963867188,212.3114530903796,205.9187852676683,210.4449917821553,801147,
2007-05-14,211.6348419189453,214.64454549238044,208.6018138881896,210.4449735116193,631118,
2007-05-15,210.74826049804688,214.1312471307035,209.97834699447225,212.0781215199348,318207,
2007-05-16,210.07167053222656,214.0146047352592,208.11188859410768,212.31143770048385,283879,
2007-05-17,213.314697265625,218.70416149096624,209.97838192719104,211.3782394885744,818798,
2007-05-18,210.4916229248047,215.71774625488607,209.67506050552265,210.91157783041848,262675,
2007-05-21,214.66786193847656,216.2310362774441,211.6348340209109,212.17145706124603,344546,
2007-05-22,220.8272857666016,224.4435867864713,210.63167410629728,214.64460568469173,1082437,
2007-05-23,223.0669708251953,232.28269930610327,220.75720759116493,223.97687685876585,1692002,
2007-05-24,221.03726196289065,226.77666222665349,218.4241882550849,222.5770893110692,533413,
2007-05-25,217.46759033203125,219.287402611508,214.66787560444087,218.93742106963143,398677,
2007-05-28,214.94781494140625,226.16999711088417,213.52463327170847,226.16999711088417,1215481,
2007-05-29,209.3250427246093,219.26401199402017,208.20517081508325,219.26401199402017,1700021,
2007-05-30,208.2752227783203,210.91159768158985,204.8455639693407,209.32509867388512,610720,
2007-05-31,217.18765258789065,220.24400582476648,209.4184505471453,211.1449424378193,789562,
2007-06-01,213.9679412841797,218.6807891859445,212.3347934274036,218.6807891859445,568065,
2007-06-04,216.5110321044922,219.2174263128057,213.71131712135025,215.57780142163563,724801,
2007-06-05,223.62698364257807,224.53688994204964,215.6711403713533,216.55772220879524,726365,
2007-06-06,223.9768981933593,227.19656776764523,220.8039004685138,224.67683832754489,898275,
2007-06-07,220.6173095703125,225.8434341130705,217.93423950870675,220.7106303560399,470520,
2007-06-08,212.1248016357422,216.9776420926236,210.9115857878792,216.9776420926236,648286,
2007-06-11,217.1175842285156,219.31070225970515,209.55837366682115,215.4377647558208,665326,
2007-06-12,214.66786193847656,218.6807693072056,212.8247253184008,218.09749735397008,298798,
2007-06-13,210.14170837402344,213.4780238608884,209.7450778426472,212.31147966359887,303530,
2007-06-14,210.5382843017578,215.1111391212999,210.0483331138174,215.1111391212999,321356,
2007-06-15,210.81825256347656,215.0178244644856,210.4449695151571,211.6581623567645,159561,
2007-06-18,210.81825256347656,215.08782076968777,209.97834277018865,210.9349207170033,360770,
2007-06-19,212.3114776611328,213.0114179336496,208.1119277643296,210.2117027127312,328848,
2007-06-20,216.67428588867188,217.8641540883076,214.2012058072718,214.92447026909235,390454,
2007-06-21,224.77017211914065,226.82329785668264,217.9575495184781,218.37750444950137,1025523,
2007-06-22,224.1869201660156,227.14995234164624,221.17723906863705,225.3767887546134,400153,
2007-06-25,222.1104736328125,224.39689007155985,219.77738533693528,224.39689007155985,362844,
2007-06-26,219.28738403320312,225.70337538367056,218.3774779705532,225.70337538367056,154913,
2007-06-27,218.14419555664065,222.0171337200109,215.3444806690339,219.31073960404817,656180,
2007-06-28,217.2343139648437,220.71062204146068,214.177960875467,218.1442202596265,916573,
2007-06-29,218.984115600586,220.2906523333908,216.5577066215003,218.8441229693361,495783,
2007-07-02,221.340560913086,223.04370528489392,218.3775286738792,221.17724381431745,322723,
2007-07-03,231.93280029296875,233.77593728858523,222.0638010554807,223.0437036408688,1204574,
2007-07-04,228.8297882080078,236.2023595364388,227.26661346331653,235.50244218471943,819183,
2007-07-05,224.6302185058593,230.97623835995444,218.37754237226463,230.92956649970424,748164,
2007-07-06,223.0203094482422,226.02998964698176,221.1771730289164,225.56338589595603,474511,
2007-07-09,224.74685668945312,229.5763500575286,223.9769201728361,224.4435469747512,485039,
2007-07-10,224.70016479492188,226.98660381198235,222.60039024272243,225.6100709233033,487577,
2007-07-11,223.1603240966797,223.95358503519887,220.2439640601902,222.13377270289809,273300,
2007-07-12,223.90692138671875,228.17646669494096,222.1104336312243,224.9101482558841,506643,
2007-07-13,227.7906951904297,232.0546691376628,226.08511492604828,229.7805543563944,353496,
2007-07-16,229.0935974121093,231.20189091717896,225.516614741626,228.35926447254403,616684,
2007-07-17,227.43540954589844,233.07332154721647,226.51154952706304,229.78059446188703,424448,
2007-07-18,232.1020355224609,233.76025150904456,211.8245060518093,227.88544911624533,804561,
2007-07-19,230.9413146972656,233.5707549235353,228.8803857241544,232.38632155003435,231546,
2007-07-20,231.8888702392578,234.8499538454029,228.90408119814057,230.254336253994,375149,
2007-07-23,229.4489288330078,231.580904327678,224.0952730187142,229.3067893712693,371720,
2007-07-24,227.1748046875,231.62828254111145,226.0377356121488,230.25432213453865,298096,
2007-07-25,224.1189880371093,230.0411792806481,218.05468059727028,218.05468059727028,299716,
2007-07-26,220.8498992919922,227.3169184634656,219.3575048786644,227.3169184634656,283665,
2007-07-27,215.5199432373047,220.3050641149505,211.77711623376248,217.4624148212212,513620,
2007-07-30,216.27798461914065,217.88881303250287,210.8295772752092,214.57238104651,116315,
2007-07-31,216.609619140625,219.3574932060514,213.48269102586968,217.9361918818813,132042,
2007-08-01,213.22216796875,215.56735296606783,211.0665100409,214.1460280196242,463947,
2007-08-02,209.5977783203125,215.3304418840104,208.460732439006,214.6197911189791,180056,
2007-08-03,214.5013427734375,216.0411015191136,210.35580263310828,210.35580263310828,232865,
2007-08-06,203.2492218017578,210.11893144710007,200.3118202004873,208.50810281794207,214393,
2007-08-07,204.5284118652344,207.0394183952189,202.30166099879608,206.09185294416423,600447,
2007-08-08,208.2948608398437,210.54526991328905,206.0917927670743,206.56557535426109,360269,
2007-08-09,201.5909423828125,214.14594752302384,200.4065092537138,212.1561119750015,470399,
2007-08-10,196.118881225586,198.4166780906849,192.1391746451161,194.2474677718372,333129,
2007-08-13,197.7060394287109,202.254269143516,196.2373271514391,196.2373271514391,421072,
2007-08-14,197.4691925048828,203.20185687501456,194.3422751404213,203.20185687501456,197474,
2007-08-16,180.65017700195312,194.2475035297836,180.05796024579513,194.2475035297836,855070,
2007-08-17,175.4149627685547,182.8769123689923,172.45387904974064,179.08672055165374,1110808,
2007-08-20,180.67388916015625,185.4826934347656,177.4522198989444,179.08674250361597,1131718,
2007-08-21,173.9462432861328,183.8244463852604,170.2271216036265,182.66369517209745,455247,
2007-08-22,177.5706329345703,178.61292688805997,172.54862035223343,175.29650634049466,460584,
2007-08-23,179.18148803710938,187.3304069754604,172.5486459576941,178.5655774469883,634918,
2007-08-24,177.71278381347656,179.0867328074661,175.29652908760332,177.71278381347656,292214,
2007-08-27,179.89212036132812,183.3269865128761,178.6129234490936,178.6129234490936,269813,
2007-08-28,178.2812957763672,181.81092575573007,177.2390017520936,180.03426386960427,206063,
2007-08-29,180.93443298339844,182.4031337068491,170.08499334874762,173.37773181299426,593614,
2007-08-30,192.99197387695312,194.2474769540433,181.47926028895924,184.7719868656099,1391549,
2007-08-31,190.5994110107422,197.49282513225285,188.2779202759736,191.85491407218336,784906,
2007-09-03,194.9818420410156,196.1425933670801,190.69418540840763,190.69418540840763,331111,
2007-09-04,196.18997192382807,197.4217696412555,194.2948644786053,197.4217696412555,206844,
2007-09-05,190.5047149658203,197.350743514182,189.5571610338501,197.18492186716577,431625,
2007-09-06,195.40821838378903,196.61635717874347,180.9817972189392,180.9817972189392,538874,
2007-09-07,193.2762451171875,198.62990073666148,192.8261562432956,196.6637236371935,364530,
2007-09-10,190.6705017089844,191.8312413824713,187.7331001936792,188.49113854323272,345910,
2007-09-11,194.7923278808593,198.5114497266825,190.93106657395973,192.8498445102261,574145,
2007-09-12,193.2289123535156,198.0377282979392,191.87864543014263,197.5165579361761,315276,
2007-09-13,193.75,197.09010230398343,193.2999111635982,193.7736821453616,321481,
2007-09-14,190.9784698486328,196.1899985659984,190.4573111553251,195.195057125476,449663,
2007-09-17,190.3388519287109,193.1578076718478,189.5097438739234,190.00720870679592,294309,
2007-09-18,192.6840667724609,193.2052138351997,187.61467741421072,187.61467741421072,185767,
2007-09-19,196.5215606689453,201.06981315838385,195.19499963959288,195.71615817941685,405943,
2007-09-20,200.0038299560547,202.2542625934109,196.45052997261624,198.01397078791493,664612,
2007-09-21,200.2644500732422,202.7754567647083,197.5639395938917,199.45902404530588,339196,
2007-09-24,203.6756134033203,204.62315553001315,199.48270863838005,203.50979178467787,391435,
2007-09-25,201.3067169189453,205.38118752414272,192.3523963623008,205.38118752414272,346933,
2007-09-26,206.9919891357422,209.21873955388267,198.03766974449096,198.03766974449096,448128,
2007-09-27,211.0664978027344,218.29155615894425,208.4607394330568,208.4607394330568,1685988,
2007-09-28,207.442123413086,214.5724064547312,205.6654499037623,212.91421355166256,467452,
2007-10-01,210.94805908203125,216.75179308598905,205.26278241085365,207.51319229825447,426179,
2007-10-03,218.2678375244141,220.30508445431656,205.3811859275486,216.4201176415297,940973,
2007-10-04,213.5775146484375,218.74164405214992,211.84822860597632,213.2221659504768,663498,
2007-10-05,213.3406219482422,219.8076422028212,211.30339809529747,215.28309391108297,802826,
2007-10-08,217.93624877929688,221.72644096792075,211.7771660972836,215.56735828590752,754627,
2007-10-09,223.5030670166016,225.9903679984889,209.88205877384053,209.88205877384053,691206,
2007-10-10,237.95323181152344,241.62499030197887,221.77382627113835,221.77382627113835,1164875,
2007-10-11,257.6859130859375,264.2240033179626,239.25607598875712,239.25607598875712,2125302,
2007-10-12,248.51834106445312,263.60803752431826,246.36266016178047,258.2070174799652,1130976,
2007-10-15,252.3796539306641,258.2070702598925,250.38979422914343,255.8382029692933,1753278,
2007-10-16,249.9396514892578,256.9751817754158,242.5724547200204,254.7958188496697,667168,
2007-10-17,238.6164703369141,242.7382820708929,217.9362255011789,237.0766881877348,1180456,
2007-10-18,231.77040100097656,263.58435055628485,223.8583748349361,242.7619679307656,2397013,
2007-10-19,245.53355407714844,260.76541340455856,225.0902017059772,236.8871715359942,1648949,
2007-10-22,241.19854736328125,247.310218538124,229.8516308341368,240.67737707102816,1224717,
2007-10-23,248.2104034423828,255.12750075910728,247.31022558786665,248.25779102895032,1645856,
2007-10-24,248.7553100585937,255.7671607887888,243.59115645371227,255.7671607887888,1428597,
2007-10-25,262.7079162597656,267.39828616980054,248.494667051695,248.68419411774423,3393499,
2007-10-26,269.12750244140625,272.42022901298475,263.4659091729385,264.36606361453727,1576143,
2007-10-29,279.3610534667969,284.2646088588544,274.78914130212746,276.4947217365332,1245015,
2007-10-30,268.8195495605469,281.8957032381756,264.36604875143746,281.8957032381756,1114176,
2007-10-31,264.0581359863281,278.53195804612864,258.7755728295421,269.1038543587486,1631237,
2007-11-01,246.03097534179688,265.8110610600538,240.20356118917056,265.36096060828294,1797942,
2007-11-02,241.7670440673828,246.3626615319924,232.74165403326515,243.9937947124365,544849,
2007-11-05,239.94305419921875,252.47438144836337,236.88719519749569,246.83646945808545,1060312,
2007-11-06,241.4591064453125,247.783986446458,237.3609538044266,239.2560379468244,517660,
2007-11-07,239.2086639404297,246.26789982117955,237.00561881765185,245.41510966309008,319210,
2007-11-08,231.8888702392578,236.4134180983141,224.64010683352248,224.64010683352248,278175,
2007-11-12,226.29833984375,227.8854863637134,219.16803322228463,222.5792176256257,441673,
2007-11-13,228.4540100097656,234.51831684783988,215.8516136295366,224.09528364832912,801135,
2007-11-14,248.51834106445312,252.5217185156266,228.83300387925703,232.22050576721136,1563671,
2007-11-15,256.9752502441406,259.6283965254444,244.041208695357,250.15290403172736,1457576,
2007-11-16,270.9752502441406,274.7417598595458,247.31021639951973,251.6452606011956,1070469,
2007-11-19,268.0615539550781,275.2392245102891,236.3897414861718,236.3897414861718,601527,
2007-11-20,266.498046875,276.2341098601339,259.8652065351255,263.25270807080784,1337030,
2007-11-21,251.2662353515625,264.7925152578995,246.83646245464016,260.57590499534496,429927,
2007-11-22,244.2069702148437,250.1528185915301,234.13924104802945,249.6553538336958,945870,
2007-11-23,249.0394897460937,249.67909403417207,240.2509677534396,246.7890569500669,768367,
2007-11-26,248.8499755859375,257.2594664265473,247.7839762457976,251.10038500160584,807439,
2007-11-27,253.5166778564453,256.3119633702055,244.0885738224551,248.73155610112968,920051,
2007-11-28,252.8533477783203,262.9447598690355,250.3186595039124,262.9447598690355,1046331,
2007-11-29,264.0107727050781,269.1038553967606,257.25949708104486,257.25949708104486,2990771,
2007-11-30,297.5066223144531,304.37635522416804,267.91942047490045,269.1038539715709,5641326,
2007-12-03,309.7536926269531,314.63356607038264,265.3136613386193,265.3136613386193,2573098,
2007-12-04,302.7181091308594,312.6436766878067,300.4203120999559,308.4270901301039,772301,
2007-12-05,297.553955078125,305.58441456889926,289.1207593976932,302.2680060465028,846735,
2007-12-06,296.8907470703125,307.9533856855911,295.161460987079,303.2156280351583,767177,
2007-12-07,307.0531616210937,319.9398129892956,298.4778488076934,301.7942577068605,2067778,
2007-12-10,297.76715087890625,315.5336972200289,294.21385092519347,315.5336972200289,602430,
2007-12-11,311.38818359375,313.638616402155,298.95160942016844,300.84671686047824,1042828,
2007-12-12,310.0142517089844,316.481271321075,299.9465441992468,307.95334590983254,1201366,
2007-12-13,312.4305114746094,322.54558345333635,308.4981802846217,315.05995188884185,1353297,
2007-12-14,308.0244140625,315.6284794901676,305.5844541805337,309.3746458201272,609206,
2007-12-17,293.7400817871094,307.4795461644657,290.42367300177403,305.58443879693084,480520,
2007-12-18,286.6572265625,297.9567569449219,276.7553390433654,297.9567569449219,1038549,
2007-12-19,339.3408508300781,349.645448841686,289.9498827014264,292.27138509041225,4200634,
2007-12-20,323.54052734375,349.6454987257991,315.58111273221874,344.9077646852332,3278260,
2007-12-24,353.3882751464844,361.0160454078086,325.00919273976547,326.85691247385046,2599583,
2007-12-26,354.76226806640625,366.46448712865606,351.5406107411501,355.33080267859367,2199844,
2007-12-27,348.4136047363281,364.8062132483994,341.9465860836271,360.0684569127547,2703386,
2007-12-28,353.6488342285156,357.4153432695539,345.8552426854428,345.8552426854428,1107120,
2007-12-31,362.1768493652344,367.1751569195992,352.9619314989061,352.9619314989061,1428129,
2008-01-01,362.508544921875,370.9654023436391,355.8046092972305,367.17520990360856,1104187,
2008-01-02,355.7097473144531,364.3324470009589,350.59298328234064,363.6217963261308,637355,
2008-01-03,340.09893798828125,353.90947371526426,337.3747455692784,350.5930412542695,841718,
2008-01-04,341.33074951171875,349.17170658897066,336.37980639545395,336.37980639545395,661230,
2008-01-07,327.4728088378906,341.11752084927593,326.9042743194413,341.11752084927593,867149,
2008-01-08,323.7536926269531,333.53714446635803,319.32391996449024,327.85186863737994,1129839,
2008-01-09,324.0616149902344,332.58956264436534,314.0176141442629,322.1665310357246,1423783,
2008-01-10,319.2528381347656,335.66913055779685,315.2020731474704,329.2731576523592,1483416,
2008-01-11,319.8924255371094,331.4998907733889,307.95331710629154,331.4998907733889,887532,
2008-01-14,319.8924255371094,326.2883748188846,307.95331710629154,319.5607823425711,692822,
2008-01-15,323.3273010253906,331.0735054598963,320.2714424590848,322.21391410448246,859206,
2008-01-16,313.9465637207031,319.797684108978,307.0057618413994,319.797684108978,469835,
2008-01-17,311.8856506347656,319.7503128027013,296.6538144185485,310.91442640266774,1295478,
2008-01-18,305.0870056152344,316.6707661765239,295.6351972389449,300.8467135343268,1243881,
2008-01-21,261.0971069335937,299.42544847884204,248.7315768763744,296.1327210943817,846325,
2008-01-22,249.06317138671875,251.10039498714173,199.00891399798908,242.57246978573232,938241,
2008-01-23,262.1630249023437,279.0530765318288,230.7281062505648,279.0530765318288,407590,
2008-01-24,246.10205078125,267.2086863427828,239.3744588549535,267.2086863427828,1675458,
2008-01-25,262.6604919433594,263.89231291215333,253.46928047456365,253.46928047456365,234696,
2008-01-28,249.65538024902344,262.9447673892105,234.5182966094524,260.5758773595203,422554,
2008-01-29,249.1105499267578,254.4168179262257,240.20359424893795,253.23238456030845,303018,
2008-01-30,234.9920959472656,248.25777859520576,230.9886950321583,246.36267109423625,594329,
2008-01-31,246.2915802001953,274.7891202817424,227.8854523470104,236.8871598090716,2419540,
2008-02-01,250.38980102539065,251.10045191734503,239.2560918565754,248.7315845624484,318212,
2008-02-04,253.6588134765625,258.20704379708826,230.32542182569483,245.41514310982416,543137,
2008-02-05,250.83984375,261.9972092101899,247.7839850757098,254.74846932599849,287387,
2008-02-06,239.42189025878903,258.0648876218817,235.9396363633678,258.0648876218817,362187,
2008-02-07,224.82969665527344,240.20367683729864,220.30514753294423,240.20367683729864,706697,
2008-02-08,209.90573120117188,233.5944461660976,207.5131589274206,233.5944461660976,1029837,
2008-02-11,228.19342041015625,235.89223744750328,213.19845270433063,213.38795645808105,2507218,
2008-02-12,212.3930511474609,235.8922386022466,208.484402311111,234.51830145140943,982947,
2008-02-13,222.5081481933593,225.0428368841749,214.6198031699121,216.06481021655347,532469,
2008-02-14,238.28485107421875,241.57757833457555,229.7806066760395,236.79245635993604,682256,
2008-02-15,240.9379425048828,241.62493439296264,230.84655281597864,231.2018781912145,332477,
2008-02-18,235.4184417724609,239.2559969825957,231.9125064371284,239.2559969825957,323688,
2008-02-19,236.7924041748047,240.9142387013788,232.19678699964788,236.88715604726528,622738,
2008-02-20,230.4438323974609,235.51323251276824,227.4116791592081,229.78056925208915,187560,
2008-02-21,233.83135986328125,268.15632002453765,231.6756787246109,232.1494614522678,298592,
2008-02-22,229.638412475586,232.14941855284263,223.6214707486185,229.78055192487344,321409,
2008-02-25,231.9362030029297,236.41338595589423,215.73312124935387,215.73312124935387,220555,
2008-02-26,238.49806213378903,241.1512085719712,225.9904150283214,235.4659080823166,424548,
2008-02-27,230.75181579589844,248.6367991745585,227.88548388817568,241.7433839913911,573802,
2008-02-28,248.8499755859375,260.10211580940023,232.14942792638672,232.14942792638672,1504616,
2008-02-29,242.6435394287109,246.36266126280103,234.6130557700076,243.99379444583363,295579,
2008-03-03,233.04953002929688,242.52501808161125,231.2018106741152,236.88710816275884,421894,
2008-03-04,225.13755798339844,236.83979880424005,220.3050726263804,228.35923817435764,365422,
2008-03-05,232.6231689453125,234.5182761464501,217.93618710317955,228.8803654060125,472754,
2008-03-07,217.1308135986328,231.2019000503601,213.22216424264607,231.2019000503601,469072,
2008-03-10,222.8397674560547,225.04281265772823,211.7771305792457,214.14599738905736,409405,
2008-03-11,230.37277221679688,233.2391036762194,214.6197669769408,219.26274843537303,566779,
2008-03-12,242.8804626464844,244.89400436244657,230.75182476218816,236.6976980193134,647212,
2008-03-13,237.64520263671875,241.57753355610103,228.0512783139918,237.83472967455788,678570,
2008-03-14,238.6400909423828,245.88882940407547,232.1967549285024,239.2559896714482,445403,
2008-03-17,231.249252319336,234.9920794747149,224.1426287967153,229.63842386388345,348834,
2008-03-18,242.8567047119141,248.2577476080725,223.62146960194025,224.3321435584544,731225,
2008-03-19,242.71463012695312,264.7451306859981,237.4794079285533,251.1004165891057,604728,
2008-03-24,246.95489501953125,250.152870100517,238.33219406117968,243.0462691588966,364442,
2008-03-25,262.73162841796875,264.7925579387229,253.04294967078084,253.46934486709432,409367,
2008-03-26,266.6401672363281,271.6384734573696,259.1545140472241,262.4709456229382,490993,
2008-03-27,254.9143218994141,274.7891652685491,247.40498433077283,263.89234868438183,1308040,
2008-03-28,263.6080627441406,265.3136665683889,251.57420051885325,254.96170273089555,316376,
2008-03-31,243.0225067138672,265.3135984530575,239.25599792095392,263.60799506669764,818679,
2008-04-01,253.3982391357422,261.52349947100043,236.88721478863093,243.04629760236608,533371,
2008-04-02,252.3085479736328,263.418549806658,248.7315421120908,259.1308931744465,500066,
2008-04-03,254.0852203369141,260.14952771074843,248.75526923339748,250.62667149316687,267680,
2008-04-04,246.36268615722656,258.20704472519225,241.7433860828571,255.3643949430751,248118,
2008-04-07,256.66729736328125,260.10216406428464,250.152889378482,250.43716834127565,302200,
2008-04-08,227.151107788086,253.46928625036463,225.04281444768208,253.46928625036463,1758145,
2008-04-09,222.8160858154297,234.51830371721428,220.30507953970223,229.82793438279063,1886185,
2008-04-10,222.15280151367188,231.5572224207796,220.3287638024924,227.2695659924938,1370184,
2008-04-11,223.2424774169922,229.0462103379294,218.8837513678134,229.0462103379294,528905,
2008-04-15,226.29833984375,228.3592690905419,218.88377755795773,220.020823501549,383631,
2008-04-16,226.58255004882807,231.15448491523327,225.0427914249828,229.7805478838808,237304,
2008-04-17,228.28814697265625,230.9175869447825,226.84314025955183,229.30675864396392,331462,
2008-04-21,229.66213989257807,235.46587358964297,226.51155224504416,229.78059721909443,628863,
2008-04-22,227.6248779296875,231.50982117758048,226.9379093815733,228.3592340577283,205582,
2008-04-23,227.8618011474609,232.812744416956,225.5639805681712,226.93794114297413,629558,
2008-04-24,228.6435089111328,231.2018795716449,209.5267055448921,229.78057806221508,1137378,
2008-04-25,231.91256713867188,235.4658676920525,228.8330260206386,228.8567314571185,430850,
2008-04-28,240.5826416015625,242.5725011633419,232.69429638026176,235.4658765043327,632011,
2008-04-29,239.4929351806641,248.44727899703813,236.88717695602256,239.2560438354636,931788,
2008-04-30,236.20022583007807,242.0513470156562,233.1443901238739,240.2036269871877,474609,
2008-05-02,234.0682067871093,240.9853028944381,233.1206415116994,240.9853028944381,176121,
2008-05-05,231.0834503173828,239.25605059692785,228.92776928730456,239.25605059692785,1018143,
2008-05-06,231.95993041992188,236.41340836323948,226.46413525549025,232.2441860513452,380658,
2008-05-07,231.4861602783203,234.39987962482343,229.42523115852973,232.19681103848671,212763,
2008-05-08,238.5691375732422,241.4354700406965,230.2543958876271,230.2543958876271,1166621,
2008-05-09,232.29151916503903,238.1900264802428,230.3490477286924,234.5182694809297,201137,
2008-05-12,230.2069854736328,239.2560584367962,227.41170003047097,239.2560584367962,197020,
2008-05-13,233.0259246826172,235.1816057361717,229.82794961291225,231.20188686807109,512538,
2008-05-14,234.3998565673828,237.7873349920167,228.832991919791,231.24924618198267,182079,
2008-05-15,237.43199157714844,240.677330302232,234.51827273901029,234.6130246047487,307165,
2008-05-16,242.00396728515625,243.4016100702171,236.4608070197944,237.3609849128649,427413,
2008-05-20,240.2983856201172,245.41515071075457,237.0530227608655,237.0530227608655,391386,
2008-05-21,244.9650421142578,246.5048243217174,227.4117019249732,227.4117019249732,299855,
2008-05-22,237.0292510986328,243.8042299301292,233.3574944756121,239.7297604598776,653862,
2008-05-23,238.85333251953125,240.6299825181186,235.93961348153127,238.75858064729348,267558,
2008-05-26,237.0529937744141,238.7822796017474,230.72811374552552,236.8871721647558,167015,
2008-05-27,237.763671875,239.25604310124777,235.01577419441443,237.05299784157947,256300,
2008-05-28,244.4913024902344,245.415162575064,236.93460017364623,243.99383757638108,212638,
2008-05-29,235.4184417724609,247.4996884353099,229.78053132038687,246.3626195155296,905001,
2008-05-30,241.24591064453125,248.73154232368856,236.9582540086722,239.25605122691184,238431,
2008-06-02,236.93460083007807,244.9176983397599,233.14440858518464,241.624971010098,285609,
2008-06-03,232.76535034179688,238.7822929214424,230.01745255507493,233.4760244026669,150193,
2008-06-04,226.1088256835937,235.93964216668195,220.30509233475487,235.93964216668195,387215,
2008-06-05,232.0782928466797,233.09690431954755,220.7787682246761,227.31685530688617,130711,
2008-06-06,227.19851684570312,241.62495165950173,225.5403005943967,234.54200936590016,144382,
2008-06-09,224.4032592773437,228.57245885556875,215.6147362506792,224.9244063138364,409011,
2008-06-10,215.89895629882807,223.1477191709028,213.19844638593528,222.6739365142871,438254,
2008-06-11,215.0698699951172,219.8076033812582,212.2982670892375,218.4099608549322,155550,
2008-06-12,210.92433166503903,212.72466384586053,205.61806371041345,212.72466384586053,112862,
2008-06-13,199.88540649414065,210.8295859243344,194.744948348108,210.8295859243344,349781,
2008-06-16,207.22889709472656,208.4607180602684,200.69080804776604,200.69080804776604,132694,
2008-06-17,205.54702758789065,208.46074716010136,202.9175869707936,207.0394222433852,253604,
2008-06-18,199.36422729492188,214.14598514974915,197.13750007257536,202.77541114075888,580649,
2008-06-19,193.3710021972656,199.8854092193721,190.2204032815061,199.3642389600299,450702,
2008-06-20,181.7161407470703,196.66372042901955,180.0342425881712,193.37099383834493,341729,
2008-06-23,169.35064697265625,185.7195523063085,167.0765320016072,181.7161514939132,454561,
2008-06-24,164.1154327392578,179.32358642005556,161.84131782440923,172.45386573684306,658094,
2008-06-25,170.8667449951172,173.40143377392795,161.0359277057705,161.0359277057705,818027,
2008-06-26,186.7381591796875,196.3557890770427,170.72459128323786,173.40140749364983,1056157,
2008-06-27,177.8785858154297,179.9868791977566,172.02747671497235,179.9158094656788,306099,
2008-06-30,176.57569885253906,183.9665780794396,172.02746906464347,183.9665780794396,260713,
2008-07-01,180.15269470214844,182.8768985027859,175.62814701399662,177.6653822383109,276762,
2008-07-02,181.9530487060547,191.26271808456147,167.10021954061554,178.6129342299149,415509,
2008-07-03,166.9817657470703,182.92426296347028,163.45213628004478,182.4031160269797,484348,
2008-07-04,172.99868774414062,182.166216139397,161.1306379924749,163.45212859435378,744922,
2008-07-07,176.8363037109375,188.893860532288,174.34899083204755,188.893860532288,520336,
2008-07-08,176.9547119140625,183.1137816056465,173.35402430094322,176.8125841042578,736175,
2008-07-09,180.15269470214844,185.53003257375528,179.08670697282963,180.5080317073484,516110,
2008-07-10,187.5672607421875,190.6941657259888,179.53678910170058,179.56047124860538,487577,
2008-07-11,180.79229736328125,195.1950376187766,175.79397836755172,195.1950376187766,342327,
2008-07-14,178.7550811767578,187.04612741182297,177.191628473698,177.66539955032243,368811,
2008-07-15,175.10699462890625,177.57062486875023,171.07991188670402,177.57062486875023,233246,
2008-07-16,177.31004333496094,181.9293428511257,174.60953335416932,178.61292238713202,193457,
2008-07-17,182.4741973876953,187.14088483770007,180.0579544968936,181.4082095892741,245627,
2008-07-18,187.1645355224609,188.68061197785232,182.97163148164563,187.09346580013343,301357,
2008-07-21,191.2626800537109,194.48433657112693,182.40310134453927,187.16452804431407,495977,
2008-07-22,198.20350646972656,201.25934179452045,190.0782711314272,190.93106130177523,453158,
2008-07-23,220.89724731445312,227.36426532782707,202.3253011332608,204.67048528101105,847618,
2008-07-24,221.8586578369141,228.59623121649463,215.6023481465788,227.15246380272947,592739,
2008-07-25,209.32192993164065,218.97109290023525,206.9397152091879,216.63701400167656,374551,
2008-07-28,204.38905334472656,216.08355081620653,198.8546164913156,211.27100937183167,523488,
2008-07-29,194.76397705078125,197.84400765114103,190.7695549740744,197.3146318268234,215902,
2008-07-30,213.1238555908203,222.29175492801872,196.59273636637903,196.59273636637903,1117644,
2008-07-31,216.8776092529297,221.85858993076744,203.9799781377565,212.23348466969435,1166676,
2008-08-01,216.17984008789065,224.8664762109781,211.27102659887305,216.56483208092885,571071,
2008-08-04,209.7791290283203,216.0835497746345,208.8647376428687,216.0835497746345,438354,
2008-08-05,214.25477600097656,219.3320286146435,205.4959256673248,210.2603545945869,761973,
2008-08-06,221.64208984375,227.68182334471075,214.90451694722435,216.56483634433263,514168,
2008-08-07,220.2223663330078,226.671194869266,212.7147862001545,220.8961259504657,855579,
2008-08-08,216.540756225586,223.0376965736955,213.7976057367367,219.0673309976472,383615,
2008-08-11,217.04605102539065,219.93358499436184,214.15851705641936,218.4416821936757,326044,
2008-08-12,215.3616638183593,218.48982972817896,213.1960250524628,218.48982972817896,1012797,
2008-08-13,216.2519989013672,217.50324634119883,208.912835877218,213.19602489499547,262931,
2008-08-14,205.6403350830078,217.5273291454401,202.15123289516265,202.15123289516265,270821,
2008-08-18,205.54409790039065,209.63476801485103,202.223435443218,205.0147220711245,87250,
2008-08-19,207.49319458007807,209.3460100684372,202.1753089922716,202.60843684121,94702,
2008-08-20,208.8406677246093,211.5116261441127,203.0896555609839,207.4931486466744,152283,
2008-08-21,199.23960876464844,209.29784191280905,197.79584176968984,208.86471417971785,574732,
2008-08-22,202.3437347412109,204.4612377606228,196.83334234680007,197.3146059351933,151209,
2008-08-25,198.87869262695312,206.93970413105896,197.3146095896728,206.45846418771856,187194,
2008-08-26,198.95089721679688,200.20214480322608,195.38960313918312,196.6889865499986,239072,
2008-08-27,198.99899291992188,200.12995998671664,197.60336162979107,198.277109364655,77002,
2008-08-28,190.02362060546875,202.12719126341352,187.85796959329247,200.9240557545328,1087167,
2008-08-29,199.5043487548828,201.2128040524052,192.5261555583632,193.46459134063647,321435,
2008-09-01,195.77459716796875,199.50431913672824,191.53954368426213,199.50431913672824,350929,
2008-09-02,206.0494079589844,211.2710214003712,195.5099094263514,196.35210895786025,204976,
2008-09-04,208.8406677246093,211.75225793002463,202.31964803844463,206.93969317368035,234166,
2008-09-05,204.7981414794922,205.49595720645016,198.54183236894315,205.49595720645016,158191,
2008-09-08,216.51670837402344,220.1742267289096,208.38348093374336,208.38348093374336,476200,
2008-09-09,214.8804473876953,218.73048584612832,200.3224931626784,216.56484660512544,308138,
2008-09-10,214.4713897705078,216.42045317399493,210.30852774087523,211.75229505551064,235922,
2008-09-11,211.31915283203125,218.48985308955184,206.0253475902908,212.1854084310117,163883,
2008-09-12,205.39968872070312,220.2945439393298,202.6805943422125,211.7522688497174,1002168,
2008-09-15,190.0717315673828,199.2396429123766,183.45447489550767,198.08463148384843,329837,
2008-09-16,204.8462677001953,206.9397147829065,182.8769594503795,186.72700929209145,349307,
2008-09-17,207.108139038086,211.2710004580553,203.11371750772165,209.3459697691448,357352,
2008-09-18,208.6962890625,214.1585337559813,199.2396228555987,199.2396228555987,352569,
2008-09-19,219.23580932617188,222.29178405701376,212.76294758117072,213.17201934861663,550803,
2008-09-22,220.9923858642578,227.633710748278,217.11829150889727,220.89613786428248,301784,
2008-09-23,221.32920837402344,226.6711483940325,217.0460433874926,218.0085467919577,499792,
2008-09-24,223.7836456298828,229.5586905132976,221.23299114767173,224.02427742793472,727938,
2008-09-25,214.03819274902344,225.27550513334097,210.91005061116093,225.2273929703386,990755,
2008-09-26,226.5989532470703,232.87931684717304,221.3773410112876,221.3773410112876,2357565,
2008-09-29,226.81553649902344,230.5212140922127,219.93360437561336,226.6952324288663,602110,
2008-09-30,227.32086181640625,230.9062117745158,212.7869660053496,218.97108263670776,474923,
2008-10-01,223.398666381836,235.3337973528304,220.7517634803962,233.4087899630397,465500,
2008-10-03,217.02203369140625,225.13118160265927,212.7629238748464,223.8317745268514,1027452,
2008-10-06,222.07521057128903,224.9868011852532,201.2849808915177,216.0113975236838,952113,
2008-10-07,229.96778869628903,233.4087788622888,221.4255126321784,222.0752161963661,377879,
2008-10-08,222.82110595703125,227.97055045421976,216.0354220942576,224.33706491127683,466534,
2008-10-10,201.0684051513672,218.97110030239503,196.03929946694188,216.5648294136368,531237,
2008-10-13,213.1238555908203,215.3135506696758,188.6520285167373,209.345985826482,408679,
2008-10-14,238.55821228027344,240.57949133107087,223.30241870300028,223.30241870300028,488838,
2008-10-15,234.1546630859375,252.129547250556,217.9123135512587,233.8899752231616,1440842,
2008-10-16,227.05616760253903,232.9996759219168,212.95539996345235,228.5961826964878,412606,
2008-10-17,210.21226501464844,227.7299439100493,206.9637946977728,227.7299439100493,201288,
2008-10-20,223.83175659179688,232.9274871237954,203.0896647132899,203.0896647132899,322837,
2008-10-21,224.84243774414065,228.5962282402631,217.5273527634993,225.22745342131827,369951,
2008-10-22,208.5759735107422,223.7836529103393,205.6403269793143,222.8211256868173,172952,
2008-10-23,207.37286376953125,216.0114118408761,197.79589175099383,199.72092278203192,369599,
2008-10-24,175.77847290039062,207.9022677860369,168.94465162079553,207.4931960219829,283019,
2008-10-27,170.55682373046875,177.8719076891152,155.46948376298172,166.03302616598398,525960,
2008-10-29,197.8680725097656,209.8272588149013,187.68952147610767,187.68952147610767,1165133,
2008-10-31,233.3846893310547,240.33883763047555,214.15855497177765,214.15855497177765,1875998,
2008-11-03,261.44189453125,269.5029311073576,228.644363589072,228.644363589072,1926304,
2008-11-04,250.5895233154297,255.0651843953308,239.6650348150652,255.0651843953308,1092767,
2008-11-05,241.20504760742188,258.9152431196792,235.8631074643756,256.99021261244815,655105,
2008-11-06,245.00701904296875,257.47152474169616,228.16307580135967,231.48373808656945,751788,
2008-11-07,235.2375946044922,247.8464876838432,233.4088348669714,247.8464876838432,346429,
2008-11-10,233.36056518554688,240.5793992806332,231.0505430059115,236.7774744712968,386473,
2008-11-11,225.1311492919922,240.3628595788912,220.8960961686576,229.55867472497803,546514,
2008-11-12,230.4249725341797,240.1222709018608,220.89611406179765,223.2542725959837,502578,
2008-11-14,235.88722229003903,245.3920012201537,230.42497727632943,238.2213011343846,606176,
2008-11-17,237.5235137939453,238.9432014066664,227.99465398856705,232.03718838728847,314881,
2008-11-18,229.79934692382807,235.6466079922876,228.0427795524492,232.0371779428562,192287,
2008-11-19,213.7976226806641,229.5587111987096,208.23910570287853,229.5587111987096,423084,
2008-11-20,203.3543701171875,206.9397203321057,192.76675937928056,203.5709458491208,519687,
2008-11-21,198.49366760253903,201.645889611246,183.1897650509474,197.31460022982768,1256599,
2008-11-24,191.1304626464844,192.020786022824,186.77510557110725,192.020786022824,840775,
2008-11-25,191.2748870849609,215.1210682194288,188.67609647475888,206.9397280436321,2641608,
2008-11-26,193.22393798828125,196.1114722345072,187.7135692024204,193.1036220901913,892084,
2008-11-27,193.22393798828125,193.22393798828125,193.22393798828125,193.22393798828125,0,
2008-11-28,189.7829742431641,198.2289895464125,185.28323292632564,187.6895036099085,654451,
2008-12-01,190.19204711914065,194.90834082005,187.7857644439765,191.49143053868173,831087,
2008-12-02,182.75662231445312,188.5076225835516,158.74200559544246,158.74200559544246,419579,
2008-12-03,182.227279663086,186.1495098428745,178.5456813100642,184.0801068828398,448507,
2008-12-04,205.8568878173828,208.81659021922272,184.7538371423116,184.7538371423116,417176,
2008-12-05,198.2530670166016,204.5334437382496,196.59273590715665,204.5334437382496,335716,
2008-12-08,210.1400909423828,217.2385998797756,202.12719050623696,202.12719050623696,425727,
2008-12-10,239.1116485595703,241.4457275221133,216.56482802953047,216.56482802953047,1200944,
2008-12-11,237.40310668945312,241.6622154118018,231.5318148871744,238.7025134314294,652794,
2008-12-12,238.2213287353516,240.67573559402783,228.6684128756343,238.0769449042619,627368,
2008-12-15,243.5873107910156,249.29018790647083,237.74004985371045,239.66508074715992,424936,
2008-12-16,241.4938201904297,249.77140741105868,236.2962632236193,236.2962632236193,378806,
2008-12-17,240.6276092529297,251.21522112696624,238.750713990642,242.93763237159385,652491,
2008-12-18,245.4641876220703,249.77140933222364,239.2319351614905,239.2319351614905,1051804,
2008-12-19,247.19674682617188,249.2901940245326,243.0338612077556,245.993587704508,674885,
2008-12-22,245.51231384277344,248.76080785517863,235.88723050160647,243.03385109778813,452111,
2008-12-23,242.7210388183593,244.83856556232843,239.9538085737972,242.5525989222032,170486,
2008-12-24,245.8973083496093,249.00139462196435,239.8334959579158,240.6756954087018,666246,
2008-12-26,240.55535888671875,247.26885019621616,236.77748990942297,240.57941496664856,360866,
2008-12-29,240.26661682128903,242.91351916743463,231.5318461751982,241.1088162478761,187431,
2008-12-30,243.2023162841797,246.8598347320816,239.4244464473593,242.64886074213624,551188,
2008-12-31,241.4698181152344,244.7182889893162,238.79885895640464,242.5526496245855,120578,
2009-01-02,238.34161376953125,244.8866903180565,235.3819110466129,244.8866903180565,575637,
2009-01-05,250.5895233154297,252.17767408950368,243.0578884005174,244.47757564540723,516279,
2009-01-06,255.61868286132807,259.252168830658,250.73394931172604,250.73394931172604,933255,
2009-01-07,242.961654663086,259.87776411183927,236.77751473350344,257.9527334744925,324050,
2009-01-09,235.2134704589844,245.44014514450265,226.18993118894264,241.59010708418413,217009,
2009-01-12,235.71875,239.52065158802108,227.20053189463715,232.4462004659721,193652,
2009-01-13,228.5240478515625,235.30973295930937,221.9067790045553,235.30973295930937,269747,
2009-01-14,241.9991607666016,250.1564201679028,224.3611316052977,228.5961849830004,221235,
2009-01-15,222.9655303955078,237.9325793918047,221.28113125046428,237.9325793918047,307858,
2009-01-16,223.4227294921875,230.13622242315515,213.6772945611617,230.13622242315515,265550,
2009-01-19,223.71144104003903,228.45179021160985,218.97106821450345,221.37736240461305,278883,
2009-01-20,216.34825134277344,223.7355030299544,214.6638524614102,221.23298444476143,166055,
2009-01-21,209.4181671142578,216.51669874522804,204.5334338427428,211.75226954628607,158969,
2009-01-22,204.9906463623047,211.6560267252348,197.7236864869052,202.127168094694,333391,
2009-01-23,205.3516082763672,207.90226315545783,197.8921396459025,200.972170370698,155110,
2009-01-27,213.53289794921875,218.4898226958101,207.9022136851532,215.1210251084388,193361,
2009-01-28,222.0511474609375,223.78368249998007,213.6773108944604,215.6023419420732,222179,
2009-01-29,217.8641815185547,230.52120525772293,216.56479826399848,226.1899040885708,285669,
2009-01-30,218.0326385498047,220.89611680545383,211.03037841993563,216.56481529566776,189573,
2009-02-02,206.1937713623047,218.00857241106056,204.5334285491765,216.4926134044564,122868,
2009-02-03,207.46905517578125,215.9150812821817,204.6056009786961,209.56252555526527,137812,
2009-02-04,207.2044219970703,210.1882046934165,202.2956319408703,208.8647650902632,265675,
2009-02-05,203.4747009277344,206.8675552015174,201.2127901938896,203.11374136905755,114227,
2009-02-06,207.7337951660156,209.73099418820192,205.5200204249585,205.73657248986265,250794,
2009-02-09,213.36453247070312,215.36173198395684,205.03880723353504,205.03880723353504,103293,
2009-02-10,217.38299560546875,221.85865803434413,211.75230978296509,212.811061515482,156356,
2009-02-11,212.08917236328125,235.59847355246487,208.6241261185461,235.59847355246487,165007,
2009-02-12,209.4422302246093,211.776308817372,206.4103123736312,209.82722214945235,232488,
2009-02-13,217.8882751464844,220.41484991576672,210.9100712047209,211.7522706791372,123562,
2009-02-16,209.4181671142578,217.5273144551544,207.03595251478683,217.5273144551544,102720,
2009-02-17,200.9962158203125,206.9397005077575,199.5043128871633,205.59218138206552,99769,
2009-02-18,193.1036071777344,201.50149773430977,190.57702082089423,199.7208746188132,390834,
2009-02-19,194.83612060546875,196.32801153560283,188.6760491066981,194.4270489685846,233915,
2009-02-20,187.7376403808593,193.80145332390725,185.4035496165885,193.2961454344732,460000,
2009-02-24,187.9060821533203,190.62516475513584,182.94914507428533,185.2832357148373,138985,
2009-02-25,192.9833068847656,194.8602017861525,188.45950952383225,191.05828798936665,287461,
2009-02-26,195.4617614746093,198.7583554592534,190.57702844444907,191.78016372659832,242618,
2009-02-27,194.5955505371093,196.35212987064065,187.76172921526887,193.94585875517072,170956,
2009-03-02,194.4751892089844,197.795851088439,190.14389984703064,194.59550510206304,161101,
2009-03-03,191.65988159179688,194.37897632382064,187.7617192794592,189.30173460418445,254055,
2009-03-04,196.3761749267578,199.9134010971024,190.09579811177264,190.143922109242,213172,
2009-03-05,194.9564666748047,198.95090044787943,192.98332361434333,198.95090044787943,182005,
2009-03-06,197.45901489257807,200.924061339164,192.02083703741124,192.9833407404745,153973,
2009-03-09,195.6302032470703,197.7958538720156,193.5126884416199,196.54459458575025,55322,
2009-03-12,199.28778076171875,205.97721758478264,196.44835841889267,199.2396449364301,166092,
2009-03-13,217.5032653808593,221.23299925238456,202.3918575648188,204.052176820459,483986,
2009-03-16,222.1714782714844,226.1418208593722,219.5726875040569,220.96834272036867,398568,
2009-03-17,214.61572265625,224.3130208833321,213.2441474298347,221.377374454084,302593,
2009-03-18,212.3779144287109,221.2570702177092,210.30852332761444,214.6398251806296,385947,
2009-03-19,215.60232543945312,219.6448595798556,212.7629267414796,213.1960545545953,341770,
2009-03-20,222.1955108642578,223.7355260991611,218.0085929659916,218.0085929659916,358420,
2009-03-23,241.54200744628903,243.9964144693125,225.7087013755775,225.7087013755775,333706,
2009-03-24,247.12451171875,252.0573809386268,245.48824855822684,248.32764709131013,620754,
2009-03-25,252.1776885986328,255.78709442905776,247.89449957459576,249.29015447270683,1359269,
2009-03-26,256.3165283203125,260.40719865115403,253.0921136929952,256.9421521830866,1152838,
2009-03-27,259.08367919921875,262.2840370449942,255.1374172129198,256.99023231177193,281230,
2009-03-30,250.13232421875,257.4714627288617,249.2901248941192,257.4714627288617,248096,
2009-03-31,249.45855712890625,254.10268175247413,246.4026069383287,250.733907891522,467486,
2009-04-01,250.3249053955078,255.0171434775504,245.4401713034251,252.0574167938096,615880,
2009-04-02,253.7417907714844,259.87779562628936,250.20457640954524,252.6589594282929,762704,
2009-04-06,262.3081970214844,266.6154438776177,257.4715978671237,258.4341017487613,695796,
2009-04-08,271.5722961425781,275.2779504432396,259.3484221481472,259.78154995851105,830034,
2009-04-09,277.92486572265625,281.99145576110254,274.82075560896783,274.82075560896783,305743,
2009-04-13,274.79669189453125,283.9405347734562,265.6528490156063,279.6092333085023,358884,
2009-04-15,280.5958557128906,285.7452776359754,276.64954565704335,276.64954565704335,1063495,
2009-04-16,266.904052734375,279.1279475507326,262.5005837402136,275.27788666664406,444179,
2009-04-17,263.7760009765625,282.9780815324549,258.50625110665203,271.7648220902549,373490,
2009-04-20,275.0132751464844,277.6842338120961,267.57786345032383,267.57786345032383,774155,
2009-04-21,274.0507202148437,278.6467092266297,268.5403398863449,272.39040111862045,290990,
2009-04-22,266.639404296875,274.21917582326165,255.08929089959824,255.08929089959824,184603,
2009-04-23,268.0350646972656,271.6685268560539,263.29469151644963,269.5028879420068,132710,
2009-04-24,265.09942626953125,271.42792752644954,259.3965488506374,270.94668751795746,464973,
2009-04-27,262.4525451660156,266.06195197144126,257.1587390564695,261.32160148495103,255513,
2009-04-28,257.2789611816406,267.0965861953269,251.5279729450401,258.9393038678237,112330,
2009-04-29,263.96844482421875,269.26224973618906,258.4821439364591,263.727813027499,513836,
2009-04-30,260.8402709960937,260.8402709960937,260.8402709960937,260.8402709960937,0,
2009-05-04,267.2409973144531,276.67360855748746,260.9846882541964,276.67360855748746,494297,
2009-05-05,271.5481872558594,278.64669440241005,267.625957985689,274.33944956790936,446701,
2009-05-06,270.4413146972656,275.78323149403303,268.0350441651027,275.78323149403303,473622,
2009-05-07,270.29693603515625,274.3154135772223,265.7009469312809,272.9919742209563,548462,
2009-05-08,267.40948486328125,273.35297072475254,264.6903663375654,268.0591648172395,369095,
2009-05-11,259.3965148925781,271.8610197712673,255.5705331425929,267.096614214081,212240,
2009-05-12,266.6153259277344,269.5028599491848,260.84025788483353,264.1128074809939,523652,
2009-05-13,273.0882263183594,278.64671900631873,260.8643299674893,267.0966058660113,190956,
2009-05-14,256.7015380859375,268.5403973001483,255.0652510680989,268.5403973001483,452443,
2009-05-15,252.08143615722656,259.39649567238786,249.38639804629665,259.39649567238786,352406,
2009-05-18,289.162109375,299.3406700101926,274.70040732111835,274.70040732111835,723,
2009-05-19,292.4828796386719,317.6284712853214,267.3613677356834,286.34687368201617,1321733,
2009-05-20,294.5522766113281,306.4633527884177,285.3843752916687,294.04698044845617,688423,
2009-05-21,281.9914245605469,297.9450301950471,276.72167606429934,291.1593464175754,370931,
2009-05-22,280.7882995605469,294.52813115289115,267.81847550489863,288.75306280068776,438389,
2009-05-25,281.6065368652344,290.0285104129053,274.36364292579367,283.940616336852,298292,
2009-05-26,261.0328063964844,283.9405635655539,255.1615128453489,283.9405635655539,551158,
2009-05-27,251.1670379638672,267.0965871030376,246.4026092363172,266.8078195110867,1105616,
2009-05-28,239.5928649902344,252.65893725611733,236.3443948996986,251.2151701432164,1801991,
2009-05-29,225.1311492919922,243.033817949445,220.10203257826905,240.33880349693035,4085472,
2009-06-01,226.839599609375,254.1026855351032,221.8585951601672,254.1026855351032,2733589,
2009-06-02,223.398666381836,235.7428691107012,222.41210659941,235.7428691107012,1441082,
2009-06-03,229.87155151367188,233.12002217953344,224.62588154246225,225.22744930821548,1903447,
2009-06-04,249.4827117919922,256.02778917670344,227.27279222013664,228.1149918518064,6242763,
2009-06-05,246.4989318847656,256.5090322687564,243.057965052075,249.4827147636631,2788802,
2009-06-08,232.20559692382807,248.52016345334604,226.38241612041315,240.6275680747453,1090498,
2009-06-09,233.2403106689453,242.07132966082824,222.3879893164564,228.5961855911605,1233611,
2009-06-10,236.1759490966797,242.52852896521068,234.90062190644232,239.6650508943493,888001,
2009-06-11,258.746826171875,262.28404017919314,228.9090044168172,235.81501619678647,4953203,
2009-06-12,249.1698608398437,270.4654101913701,245.87327824583383,264.6903411494711,3774192,
2009-06-15,238.8228912353516,247.485495138575,236.87380417442785,245.0551444205936,669420,
2009-06-16,237.1625518798828,243.90012424207285,229.10151639909984,232.47031440717845,1221834,
2009-06-17,227.8020935058593,238.67846958371075,224.26485621092587,235.67060798280505,1519119,
2009-06-18,225.4198608398437,231.8686875798216,222.86920689964128,226.7192438884485,1513904,
2009-06-19,226.8637084960937,231.96501819403164,222.3880226398761,227.20058833101305,1417924,
2009-06-22,220.6073455810547,228.78868485922663,218.73045065615565,227.36899745062763,945590,
2009-06-23,215.8910217285156,219.45231509745028,211.77629658609192,219.45231509745028,896581,
2009-06-24,219.86138916015625,222.91736295016256,216.0835200638517,216.87760726617608,1638489,
2009-06-25,220.43896484375,226.1418187883829,217.23860633007328,225.2274509164497,2749184,
2009-06-26,227.65777587890625,234.2269091104236,221.61801849526825,221.61801849526825,2778474,
2009-06-29,228.93312072753903,231.916903688019,223.83181056059408,228.7646807945933,1190507,
2009-06-30,228.62026977539065,230.76187647054584,224.1446076936679,229.1496692545573,1201002,
2009-07-01,234.34718322753903,236.7775098157236,226.52678042831943,230.0399382058944,1139683,
2009-07-02,230.93028259277344,240.94038059586345,227.63367672992104,237.37908685914243,1487753,
2009-07-03,232.39813232421875,233.8900117523195,225.22743186554925,228.21121437571887,816985,
2009-07-06,225.2515106201172,233.79378728432127,219.69301676636545,229.07749305295167,1116352,
2009-07-07,224.9627380371093,228.3555685299463,222.3880036667609,227.15243312330043,593743,
2009-07-08,221.7864227294922,224.2167492235897,216.56478660220108,223.01361401705145,414583,
2009-07-09,222.21954345703125,223.63925446104324,217.55138607509568,221.6420555454693,337064,
2009-07-10,222.6767578125,227.0321152899677,220.46298312143617,222.8211179678538,489352,
2009-07-13,222.460189819336,226.67118728759883,219.5004872033191,221.3533024353878,534108,
2009-07-14,223.9279937744141,228.4999267302708,221.4976671485708,223.8076897088241,533585,
2009-07-15,226.50271606445312,228.06678710552205,223.7836219764052,226.18989239465384,433963,
2009-07-16,228.1149444580078,235.8150199849549,226.2861617366292,229.0774479853847,814390,
2009-07-17,236.4647521972656,238.22131957410272,227.7540126099736,227.8021484364755,759689,
2009-07-20,240.72384643554688,242.5285733522663,236.7775600753496,238.2213274163434,717660,
2009-07-21,236.56105041503903,245.3920723083716,232.9756756795317,245.3920723083716,519373,
2009-07-22,233.23828125,241.493222462985,232.01714093015173,239.29515068089887,720045,
2009-07-23,241.8351593017578,244.0820633973924,235.4363682471441,236.7551969968556,345229,
2009-07-24,239.197494506836,244.22860098380693,236.0225148434461,244.22860098380693,389658,
2009-07-27,235.143295288086,243.2516930593828,234.3129322442003,239.1974941737344,385102,
2009-07-28,238.46473693847656,240.56509592046163,235.6805116738652,236.75513125177056,270723,
2009-07-29,239.7592163085937,243.2516768958259,236.535380681048,238.7090125158936,295648,
2009-07-30,247.5500640869141,249.1131254413792,239.2218515489634,239.34397997199912,1454962,
2009-07-31,246.8173675537109,253.9976882109038,244.7414244249037,250.9204216480763,788399,
2009-08-03,245.4985198974609,248.0873445863418,239.34396324342447,242.2747090801932,387183,
2009-08-04,241.24899291992188,246.6708521734465,239.63707519138924,246.13355426658543,320000,
2009-08-05,239.05088806152344,243.691239905738,237.63437122871605,242.27472307293056,209974,
2009-08-06,240.8582000732422,248.62467516372809,236.9017142791768,239.34399479579807,689241,
2009-08-07,237.36569213867188,241.248928902638,235.55839819776008,240.80931945841,299723,
2009-08-10,233.9954071044922,241.78629904255664,231.040244508392,240.809391541619,165786,
2009-08-11,231.60194396972656,237.29247602051603,229.5992729150336,234.9478837607817,195414,
2009-08-12,226.0091094970703,228.15832492999817,224.7391131030795,228.15832492999817,343414,
2009-08-13,240.736068725586,242.76315556575568,229.57482304468445,238.85550237462144,772628,
2009-08-14,245.3764495849609,249.55275217906143,238.36706507933488,238.36706507933488,744712,
2009-08-17,235.9736328125,249.55274381704425,233.4824961877919,244.17971721909583,766057,
2009-08-18,234.55709838867188,239.29513892226777,232.1392579599049,234.45941004883807,473197,
2009-08-19,236.3888092041016,238.2937916606864,229.6969305175736,234.4593866590356,645442,
2009-08-20,241.20008850097656,244.57044379893767,236.9749303367269,239.78357175566688,457189,
2009-08-21,243.3004608154297,245.254275273955,237.12146437108032,241.2977661839232,392171,
2009-08-24,247.6233825683593,251.43332432419925,244.74146815157863,246.7441393853724,914935,
2009-08-25,248.1361694335937,252.45901581424823,246.23118709662543,248.62463506130908,645912,
2009-08-26,253.85113525390625,257.41689138613816,247.3058250004353,249.16195130898643,692883,
2009-08-27,253.4115600585937,261.8130217656918,251.1158239449772,254.974621585126,1489920,
2009-08-28,250.60292053222656,255.5119214696279,245.4496867508637,255.5119214696279,452920,
2009-08-31,245.4740600585937,249.3572723917341,242.7631074384779,249.1130636221576,325862,
2009-09-01,241.95721435546875,252.94749970920336,239.8568552189092,245.13219314901968,435856,
2009-09-02,241.1024169921875,245.20547103657307,235.9736234446518,239.8324206439806,283746,
2009-09-03,238.3914794921875,243.7400896109381,237.14589926828992,242.32354880775728,327639,
2009-09-04,242.10379028320312,250.60294027166225,238.3670730913584,242.7631926050972,362559,
2009-09-07,241.0291290283203,246.573115636754,239.637028356278,242.27470921400453,910725,
2009-09-08,237.85418701171875,243.6912389108828,236.65746292987927,242.7631637442396,398312,
2009-09-09,236.8772735595703,240.78495118533016,235.6317172216248,237.87862105286013,290386,
2009-09-10,234.3373107910156,241.2978152271261,233.5801961306821,241.2978152271261,260378,
2009-09-11,233.50686645507807,237.87856873370632,232.2613103910809,235.9247303505548,507585,
2009-09-14,230.0877380371093,236.4132563058849,229.57485623088849,234.459417423908,551586,
2009-09-15,235.5095672607422,236.41322633196648,230.8448234366487,230.8448234366487,832066,
2009-09-16,236.9261474609375,237.63440598091856,233.9954010263025,236.9994197229958,458444,
2009-09-17,236.9261474609375,239.34401206911392,235.43635815891707,238.8555463273582,315537,
2009-09-18,240.3941192626953,242.2502693148745,235.53397542829137,239.3439398419892,322523,
2009-09-22,239.88134765625,242.27479655564065,237.1459774855178,242.27479655564065,546920,
2009-09-23,239.34396362304688,243.74008238517263,237.5855017134297,243.44699339626408,330903,
2009-09-24,233.28707885742188,239.8323883682304,231.06459154914043,237.87857395017588,505150,
2009-09-25,234.0442352294922,236.80399678824705,229.62369990787616,232.017124198684,309433,
2009-09-29,233.4336700439453,236.9017141373793,232.7009714846288,234.99673149428327,181992,
2009-09-30,236.82843017578125,237.63437694404377,232.01711763203232,232.01711763203232,210529,
2009-10-01,237.8053436279297,240.07666349267728,235.04555806859128,235.92477711249697,430884,
2009-10-05,230.3075256347656,235.68055242960727,229.57485107544545,233.65346534193307,196741,
2009-10-06,229.843490600586,232.21249878770047,222.29683251211887,230.7959818934594,347474,
2009-10-07,230.11212158203125,232.8963229889905,225.8381311424993,230.55173106692243,216113,
2009-10-08,231.82174682617188,236.31555438944915,227.376795435516,236.31555438944915,204591,
2009-10-09,232.0415496826172,233.48250673832445,229.57485303668844,233.48250673832445,220035,
2009-10-12,240.07662963867188,241.54200250786,230.18538077760988,232.5055564878197,723524,
2009-10-13,239.34396362304688,239.34396362304688,239.34396362304688,239.34396362304688,0,
2009-10-14,231.9438934326172,243.22724538983,231.1867787493032,240.32091509372563,449544,
2009-10-15,230.64944458007807,234.43499378748004,229.08638312803248,234.43499378748004,492665,
2009-10-16,233.94650268554688,236.1689659636315,229.91672147575275,231.5286387612589,304614,
2009-10-20,229.81906127929688,233.9709473940793,227.13254814666976,232.0171087485569,369444,
2009-10-21,223.51795959472656,232.8719113824109,221.0268231271891,229.0863625156198,998953,
2009-10-22,221.9793243408203,227.0837019170346,220.80704030855043,223.22490463454383,468557,
2009-10-23,229.6725006103516,231.5286507941215,224.73908418624904,224.73908418624904,423224,
2009-10-26,230.52734375,236.16901951664792,226.7417944836025,231.9927168851233,671963,
2009-10-27,220.391830444336,229.06193965049485,219.8056764679328,226.15560985645664,199985,
2009-10-28,213.577880859375,219.51264578287632,210.6959907030151,215.89805703954093,203693,
2009-10-29,192.0857696533203,210.0365606046313,187.6163899800368,210.0365606046313,1011003,
2009-10-30,191.2065277099609,199.7789367446788,188.3978981953508,199.1195225118501,490138,
2009-11-03,172.52305603027344,190.4982745463824,171.13095518922873,190.4982745463824,545273,
2009-11-04,174.25709533691406,178.21360549210772,163.63314533171993,174.86766552057233,595305,
2009-11-05,178.28684997558594,181.9014265834812,167.05233078082915,170.95999641603416,525265,
2009-11-06,178.89739990234375,183.85524464030783,176.82145689444326,181.70602938385457,321981,
2009-11-09,175.624755859375,181.16875530405653,173.0359427843992,181.16875530405653,207365,
2009-11-10,175.1363067626953,178.53109075884225,172.44979327140035,175.89342143961042,252829,
2009-11-11,180.90008544921875,183.65985880484465,173.89071367570173,177.7495347646133,558929,
2009-11-12,183.12257385253903,189.03289830809103,181.0710467491122,183.17141802110064,859513,
2009-11-13,181.46180725097656,185.7602380171764,179.996434217406,184.0994763106089,246429,
2009-11-16,180.46046447753903,184.1483007439329,179.60564962825885,182.1944742432084,257701,
2009-11-17,177.60301208496094,181.65721033247465,176.77263716780098,180.973367928705,239040,
2009-11-18,177.8472137451172,179.11719798363072,174.96531212221586,175.84454306023795,203902,
2009-11-19,175.2095489501953,178.9950976770787,174.72109530942635,177.30990800828243,119963,
2009-11-20,176.16207885742188,177.21225861720623,173.40229297336063,173.40229297336063,105736,
2009-11-23,175.82012939453125,178.14030533227643,173.98841913039962,176.8214648190821,91341,
2009-11-24,183.5133514404297,184.7833359196248,175.8934205573101,175.8934205573101,493094,
2009-11-25,180.46046447753903,186.0777111656327,179.5079613042156,183.6598471197448,191733,
2009-11-26,175.91781616210938,183.122564744061,171.93689058063038,182.68295524489952,421836,
2009-11-27,186.46847534179688,188.03154853692675,170.95996783254944,175.89338421863118,655724,
2009-11-30,186.2242431640625,194.6012870182037,184.7588822953352,188.1292254977772,555311,
2009-12-01,191.15771484375,192.7940366515093,185.1252614187584,186.83485548793104,519628,
2009-12-02,186.9569549560547,193.429017354241,186.10216400102752,192.67191473625005,208291,
2009-12-03,187.68963623046875,190.8890312124947,186.56619637809743,186.59061245968525,210858,
2009-12-04,185.76025390625,188.54445570579784,182.243353523272,188.54445570579784,129080,
2009-12-07,174.62342834472656,188.0071638932907,174.13497461062505,187.0790885941257,995919,
2009-12-08,174.5501251220703,176.67491214697125,171.25303021752717,175.84453740220113,935849,
2009-12-09,173.6709442138672,177.74957087646632,172.91384149459054,173.45113942414332,667589,
2009-12-10,175.624755859375,178.2868531964761,172.66959349761757,172.66959349761757,695278,
2009-12-11,172.10784912109375,178.28682169406989,171.448422922199,178.1402892076333,550576,
2009-12-14,166.22195434570312,172.59632852734995,165.58696813899087,172.59632852734995,850156,
2009-12-15,164.56117248535156,168.4199811586343,163.68195359887412,168.4199811586343,359336,
2009-12-16,166.07545471191406,168.42004733305572,163.63316172857606,163.63316172857606,484981,
2009-12-17,167.3942413330078,169.4213522805637,166.12425698458256,167.3942413330078,390410,
2009-12-18,164.9275360107422,167.51637293140203,164.51235458318158,167.34540033844092,236873,
2009-12-21,165.61138916015625,168.5177073583889,165.0985073597668,168.5177073583889,217102,
2009-12-22,166.12428283691406,170.96001215318304,164.6589095893189,170.96001215318304,203593,
2009-12-23,167.46754455566406,168.15138702511786,166.14871579655352,166.4906370312804,264759,
2009-12-24,168.81076049804688,170.4715100894475,167.6384645504748,168.56652767414633,233746,
2009-12-29,167.540771484375,169.9342074758173,166.1242427529625,167.34538282998577,292319,
2009-12-30,166.80810546875,168.95730890644256,166.34406786121383,167.98040152675694,197278,
2009-12-31,164.19482421875,167.98037267578357,163.19348892476546,167.98037267578357,1588122,
2010-01-04,165.61138916015625,167.29656707401833,164.8542865052772,165.0985073597668,537798,
2010-01-05,175.82012939453125,176.74820457121857,167.36982449107742,167.54078507604754,1582977,
2010-01-06,174.0128631591797,178.28686646588983,173.4267210622679,178.0914777642692,619293,
2010-01-07,172.62074279785156,176.0643707450704,172.0101726802831,174.3791928991509,262871,
2010-01-08,177.01686096191406,178.28684535817968,172.57189756902395,174.62341267129514,792493,
2010-01-11,176.67494201660156,180.7047120212584,176.08878797768207,180.7047120212584,478439,
2010-01-12,181.29083251953125,182.1456353897524,174.13494050132704,176.87029768206236,1606317,
2010-01-13,180.2162628173828,184.4902537748234,178.33569623261178,178.33569623261178,1555523,
2010-01-14,179.01956176757812,182.5364505314472,178.06707031044843,182.5364505314472,634854,
2010-01-15,178.43338012695312,182.4875782182557,178.0670428556056,179.75222071254652,572018,
2010-01-18,178.1403350830078,181.2176141224251,177.43206453957103,180.72914836723416,507896,
2010-01-19,174.81881713867188,179.21492475599734,174.15940279666927,179.0195480638372,399040,
2010-01-20,172.37649536132812,177.407612390835,167.17442975702494,171.98573003899511,295846,
2010-01-21,168.78634643554688,173.4511145333418,168.07808799296012,171.44844362370284,356799,
2010-01-22,166.27081298828125,167.54080952020095,162.16778235831336,163.68199975869848,375398,
2010-01-25,165.51370239257812,170.4715358355488,152.17882347152002,163.1446820556648,177572,
2010-01-27,156.9901123046875,166.07541557349128,155.0851297484536,166.07541557349128,628370,
2010-01-28,151.69036865234375,159.67663669358635,149.56556918767316,158.60202891949265,876690,
2010-01-29,156.50169372558594,164.0727814809981,149.5900203866187,152.3498065047478,1132635,
2010-02-01,158.94395446777344,160.16509478828968,153.9128486647028,157.03897172649624,464060,
2010-02-02,153.27781677246094,162.60735174167908,151.91014423511186,160.77562965898534,663537,
2010-02-03,155.84222412109375,158.74855397351374,153.91282558495183,156.01318470064786,454455,
2010-02-04,154.69436645507812,158.1135662681211,153.93725183731777,156.3062720231191,280151,
2010-02-05,149.29690551757812,152.34976793819175,148.05133726584063,152.34976793819175,398001,
2010-02-08,150.27381896972656,153.08244844545553,149.6144047460265,151.42168684017042,269950,
2010-02-09,147.0255889892578,153.83957239548707,146.56155139433105,152.39861544344714,426729,
2010-02-10,147.78271484375,150.34711205425833,147.26983300085328,148.39328503653888,344281,
2010-02-11,148.1734619140625,149.4678622950548,147.70942434111947,148.73517581292418,185720,
2010-02-15,144.8031005859375,149.46785619351252,143.60637657971623,148.97940256002255,248930,
2010-02-16,145.29156494140625,146.7813540352791,142.89811675233616,145.16944852302896,228156,
2010-02-17,148.44210815429688,150.29824655882248,145.68233463549058,147.0255912698741,353507,
2010-02-18,147.09886169433594,153.2534313577622,146.5615638050085,151.42170890856332,189214,
2010-02-19,145.31597900390625,148.39325748598668,144.58329250779445,147.2698056588801,168664,
2010-02-22,144.99850463867188,147.95366708549437,144.607739257241,147.95366708549437,155018,
2010-02-23,146.09751892089844,148.49096722833818,144.85195059820666,146.48828427664748,237722,
2010-02-24,141.70140075683594,145.56020984817496,141.23736318137924,145.56020984817496,274435,
2010-02-25,136.64588928222656,143.60640600244247,135.4247489463228,143.60640600244247,812702,
2010-02-26,138.03799438476562,141.13970149491792,136.18185573651485,136.18185573651485,391320,
2010-03-02,140.91989135742188,141.5304615205885,138.35548226735264,139.0637527796466,164743,
2010-03-03,141.09083557128906,142.84928559961233,140.77333048046893,141.65256149661715,190006,
2010-03-04,141.97007751464844,144.68101924536043,139.2102916091455,141.09085836046083,358065,
2010-03-05,144.38792419433594,146.5371276371106,143.11792779217848,144.09484717814777,519890,
2010-03-08,144.36349487304688,147.2698129157812,143.5086919181328,146.7325150606772,375738,
2010-03-09,143.28887939453125,146.53710616712834,142.9469462557656,146.04865254769663,181452,
2010-03-10,142.75160217285156,144.24139145374363,141.89679914087682,144.09485893567992,129901,
2010-03-11,141.1885223388672,143.33773768253482,132.7626335524154,140.2360310849193,150331,
2010-03-12,139.77200317382812,142.238711771571,134.76531372174415,137.30529457608523,197126,
2010-03-15,138.03799438476562,140.18721008357704,137.74491733420496,139.77201659495154,144214,
2010-03-16,139.23471069335938,140.1872020501175,137.79375361233343,138.23337516496932,183208,
2010-03-17,139.0637664794922,140.77336070398417,138.57531270163386,140.60241208511317,155533,
2010-03-18,144.1436767578125,144.77867489462196,139.21026016653065,140.18717945362422,415128,
2010-03-19,143.53309631347656,146.12192083307713,142.7271376598742,144.09482216199422,499852,
2010-03-22,141.72584533691406,143.94833332672147,139.210292296913,142.1410388306512,289636,
2010-03-23,138.966064453125,144.07044254169776,138.50202680762533,142.62948543261578,318412,
2010-03-25,137.2320098876953,139.43006915848642,136.54816762514184,138.4775660042357,564506,
2010-03-26,137.37855529785156,140.67563851230076,136.03529872885474,140.0650684358452,401625,
2010-03-29,136.352783203125,138.20892140016866,134.08146362235695,135.00952671889272,344809,
2010-03-30,136.20626831054688,138.23336734038787,135.8155029556362,137.2564479511243,627022,
2010-03-31,137.1099395751953,139.43011603055234,136.5970577058653,137.79377006365957,450459,
2010-04-01,137.4762725830078,139.0881662597723,137.1587674612442,137.74490952516086,130410,
2010-04-05,139.25914001464844,140.48029243742184,137.5007016528516,138.23338830492546,325901,
2010-04-06,140.01622009277344,141.16408796099154,138.96604055292016,140.04063617287838,300336,
2010-04-07,141.72584533691406,143.36217921838374,140.33374433458096,141.60372889734575,490496,
2010-04-08,140.5779266357422,143.1178948474267,139.25908636847024,141.6525341117491,287954,
2010-04-09,141.11526489257812,142.6050661407333,140.45585057157876,140.67565534524522,249285,
2010-04-12,140.7000732421875,142.58062772601002,140.33372397662825,141.35948751542605,113507,
2010-04-13,139.43008422851562,142.60505107128174,139.21026747410346,142.60505107128174,157999,
2010-04-15,138.966064453125,141.1152680666467,138.7218315862358,139.9429719127327,182037,
2010-04-16,136.98780822753906,139.45451694694933,136.64588701851443,139.01490739362464,258685,
2010-04-19,135.98646545410156,136.37723081448766,134.13032699127413,136.08415379320462,106545,
2010-04-20,134.5699005126953,137.476229857107,134.08144694390765,136.76795957819573,205123,
2010-04-21,135.2537841796875,136.76800151075622,134.66763011425314,135.42474478177468,136588,
2010-04-22,135.546875,136.64589897951237,133.9105410718562,135.25379793747152,126001,
2010-04-23,135.62010192871094,136.76798180648797,134.88741545446385,136.7435657262642,86366,
2010-04-26,134.64317321777344,136.52372726672857,134.49664074781862,135.83988506566465,170982,
2010-04-27,134.4722442626953,135.7666567319916,134.1303230818266,134.4722442626953,229056,
2010-04-28,132.59169006347656,136.0353059578404,132.1276524592809,133.8372463634106,350406,
2010-04-29,131.66360473632812,134.27684556190906,130.9553343414152,134.27684556190906,285799,
2010-04-30,132.0299835205078,133.83727819492395,131.4438413583041,132.37190478345013,171090,
2010-05-03,133.08016967773438,134.27688204258789,131.39499152741328,131.39499152741328,161236,
2010-05-04,130.7355499267578,133.3488031626346,130.29594037409896,132.86033743392522,122667,
2010-05-05,129.66094970703125,129.90518256304878,127.53615026842148,129.441132934231,116894,
2010-05-06,129.0259246826172,131.24839999641966,128.1222777078259,128.1222777078259,156406,
2010-05-07,126.85233306884766,128.8550042837126,126.51041183645968,126.99886559531022,127667,
2010-05-10,126.3149871826172,128.7084351281828,124.36116069927824,127.6338275613534,325909,
2010-05-11,125.8021240234375,131.7368885965868,125.31367033159684,127.97576756027438,192570,
2010-05-12,124.53213500976562,126.99884346794342,123.79944849716024,125.5334704427326,230642,
2010-05-13,122.96907043457033,125.99750473974332,122.4317726078992,124.55655983769302,189521,
2010-05-14,122.724853515625,124.0681102604535,122.18755561928336,124.01926608842012,149099,
2010-05-17,121.21063995361328,123.0912066575114,119.18354072903696,122.16313134795848,103897,
2010-05-18,121.03964233398438,123.7994273260442,119.72081403921324,121.2106028911552,168745,
2010-05-19,119.03697204589844,121.38156368833042,118.74389508960164,119.23236068475336,169745,
2010-05-20,118.6218032836914,121.87004221711258,118.20660988454372,121.62580939361716,89462,
2010-05-21,117.69373321533205,119.1102620453286,116.03298355531744,117.22969563233828,122401,
2010-05-24,118.27989196777344,121.08850965165476,117.8158543661348,121.08850965165476,107313,
2010-05-25,115.935302734375,118.15777845337745,115.1049158465967,118.15777845337745,114400,
2010-05-26,115.27584075927734,117.20525086606004,114.665270827706,116.44813646837072,253284,
2010-05-27,116.96104431152344,119.52544099978938,112.88243049240012,116.25278591308005,2394689,
2010-05-28,120.86869049072266,125.14269272415216,117.76699616467872,119.67197850822224,871699,
2010-05-31,119.79412078857422,122.94465995721384,119.08585027455962,120.64891181669933,231889,
2010-06-01,115.05606079101562,116.5947059921074,113.07780610503266,115.2758655334612,577940,
2010-06-02,117.54718780517578,118.6706395117705,109.90283058387074,115.05605158482344,494870,
2010-06-03,119.62313079833984,123.48193953312958,118.25544628293362,121.08849163116868,721720,
2010-06-04,120.8442840576172,122.45618955297915,118.719496812828,121.57697055623136,245134,
2010-06-07,118.89044189453124,120.06273773867042,114.88508875741051,114.88508875741051,193549,
2010-06-08,116.88778686523438,120.38025914270035,114.29897376859638,117.22970806750196,109703,
2010-06-09,117.71817016601562,119.1346870987212,116.47260182521084,117.62046982267736,160481,
2010-06-10,122.30967712402344,123.01794765781835,117.71818071476476,117.71818071476476,553179,
2010-06-11,120.30696868896484,124.45885465546408,119.72082671942027,124.45885465546408,241544,
2010-06-14,120.62449645996094,122.11428575005738,119.94065403015615,122.11428575005738,121559,
2010-06-15,122.84696197509766,124.06810220860515,119.72083913604683,122.06543126533496,235153,
2010-06-16,125.65559387207033,127.87806961537312,119.98949012701624,122.9934965935007,1182176,
2010-06-17,126.99885559082033,129.8074854899144,126.0707923217161,126.95001141918056,826035,
2010-06-18,124.4100341796875,128.41538841742442,123.65293149071036,127.97577885557,234203,
2010-06-21,124.80076599121094,126.85229273320802,124.0680795839222,124.556545191429,334773,
2010-06-22,124.55655670166016,126.38826688716404,119.67198420301058,125.19154284374352,193325,
2010-06-23,124.53213500976562,125.3869379418008,123.09119007003004,124.9473284350322,181072,
2010-06-24,125.6067352294922,127.43844540014769,122.35849628479744,125.9730724620343,948668,
2010-06-25,125.53347778320312,129.53883175325413,124.6054145484209,125.60675003994017,738927,
2010-06-28,127.6338348388672,128.219976815304,125.533463747035,126.07077356307234,264092,
2010-06-29,127.02330017089844,128.2688567193671,126.07080869031893,126.65695083007311,249500,
2010-06-30,128.122314453125,128.75731272660155,125.58233336319378,125.58233336319378,233706,
2010-07-01,127.21867370605467,129.29460504044445,126.75462406066453,128.4153859337406,205316,
2010-07-02,126.38829803466795,128.26885284809137,126.14406514815562,127.29194530999304,169162,
2010-07-05,127.16978454589844,129.09919486737235,121.4548378266603,126.38825398620628,203857,
2010-07-06,130.56455993652344,131.81014006200667,127.92690321422398,127.92690321422398,815511,
2010-07-07,129.0503692626953,132.8603346443769,128.6351878067789,130.8576636114351,357154,
2010-07-08,129.9295654296875,131.5903148149078,129.148034894999,130.85762843814098,158626,
2010-07-09,134.88742065429688,137.4274013298664,129.97843189117802,129.97843189117802,1630578,
2010-07-12,135.2781982421875,139.69872134248348,134.56992781955435,139.69872134248348,425530,
2010-07-13,137.28086853027344,137.94028277987977,133.9105130269881,135.79106744341502,684142,
2010-07-14,141.23739624023438,143.53314456631003,138.2333893468715,139.45452977487386,1533279,
2010-07-15,140.94427490234375,143.75290420687512,139.8208231805312,142.3852316785632,1332029,
2010-07-16,141.72584533691406,143.11794633924717,140.0406672804121,141.16411931808008,560792,
2010-07-19,140.382568359375,142.1410184280085,140.16277560526595,140.67564537147615,438098,
2010-07-20,137.30531311035156,141.1397069943223,136.7680151667008,139.7964501312199,192858,
2010-07-21,139.03933715820312,140.30933377496035,138.23339023246655,138.72184400600165,278130,
2010-07-22,139.03933715820312,140.16280124409252,137.3053148583766,138.40435085380017,218270,
2010-07-23,139.38124084472656,141.40832777638207,136.279522228071,140.08948726236997,409380,
2010-07-26,138.74623107910156,140.6756416872662,137.915868240513,139.3812412586681,162614,
2010-07-27,139.77200317382812,140.91988317664655,137.25645040634438,140.91988317664655,180726,
2010-07-28,139.014892578125,142.38524813305156,138.72181557248504,140.67564227012946,200249,
2010-07-29,132.07879638671875,136.7679925925014,131.44381019520722,136.7679925925014,683862,
2010-07-30,132.24977111816406,133.78841660113395,130.51574894121535,131.56594068526337,257400,
2010-08-02,134.32571411132812,136.6703064559023,132.6405361129202,135.00955654615595,187101,
2010-08-03,135.00955200195312,135.74223858546836,132.90919259879067,132.90919259879067,116975,
2010-08-04,135.2781982421875,137.50067383492703,134.69204423752373,135.74222382490882,294010,
2010-08-05,133.61746215820312,136.279547762353,132.8847755140203,135.5468731221455,187647,
2010-08-06,134.6920623779297,136.27954001341476,133.34880560730213,133.34880560730213,155184,
2010-08-09,143.4354248046875,144.33907188464903,133.51974701404382,134.32569375813733,1098910,
2010-08-10,142.7027130126953,145.2671092962112,141.65253362104124,144.045969352058,679840,
2010-08-11,158.74859619140625,161.19087711571518,141.77469815235068,142.62950127744918,6964047,
2010-08-12,156.5993194580078,159.72544166713232,149.54111640598146,158.2600688806124,1777043,
2010-08-13,160.9710235595703,162.87600594484366,154.42570162113896,156.79470955894752,1137199,
2010-08-16,157.69839477539062,163.34007062110223,156.47724247635833,162.1677744973696,906581,
2010-08-17,165.1473388671875,166.90578890454583,157.82048571881214,158.74856090663047,1578887,
2010-08-18,164.41464233398438,166.75924624226053,161.99679018540235,166.17309226419837,599945,
2010-08-19,163.36448669433594,165.83118318671774,161.19084320438012,164.6100429814668,462978,
2010-08-20,168.46885681152344,169.93422989889842,161.21527563418297,162.1189107675563,965378,
2010-08-23,165.90447998046875,169.98309463121234,164.732183769548,168.95733094516598,414773,
2010-08-24,161.53277587890625,167.63848934368303,159.8720260418859,165.58697413301235,393838,
2010-08-25,160.3848876953125,164.1704245262024,158.11355599360036,161.6792880796759,440116,
2010-08-26,162.8760528564453,164.85430805830592,159.28589178831626,161.1908747222633,706793,
2010-08-27,164.2437286376953,167.02793061477084,160.40933489391975,162.9004718237058,604632,
2010-08-30,162.60739135742188,168.51771641325928,161.72816022209352,165.4892816230695,279724,
2010-08-31,162.65623474121094,164.78102230098222,158.87068526986604,161.16644544209797,392222,
2010-09-01,170.76458740234375,172.91380264563597,163.1690858106619,163.6331113713946,760196,
2010-09-02,169.44578552246094,173.1092064383807,167.71176340797172,171.93691030480946,400315,
2010-09-03,165.61138916015625,170.47153421417664,165.0496631888689,168.07809781633344,412019,
2010-09-06,166.66156005859375,170.20288830373568,164.6100449691587,167.98040061920975,262391,
2010-09-07,165.3427276611328,168.95730406883442,165.12292290679832,166.07541417690547,184216,
2010-09-08,166.17311096191406,168.02924942933268,162.7050668794124,164.21928415515077,287605,
2010-09-09,165.0985107421875,168.00484100393714,164.3902522436961,164.3902522436961,178104,
2010-09-13,164.85426330566406,167.54077635480132,163.70638343719216,166.075403418186,160420,
2010-09-14,164.97640991210938,169.00619252054278,164.51238423320297,166.07544589767323,286363,
2010-09-15,164.07273864746094,166.93021237671388,162.68062590420678,166.0754094652349,173780,
2010-09-16,160.8977813720703,165.04966806476455,160.28721121184756,163.70641131147963,151170,
2010-09-17,163.1935272216797,164.0727583234861,158.87067998404814,158.87067998404814,218787,
2010-09-20,163.38888549804688,166.4173196090412,160.45813971218857,163.14465268123465,308639,
2010-09-21,160.16510009765625,165.04967354561612,159.4812576542264,164.61006397597546,329317,
2010-09-22,159.28587341308594,161.65489376390232,158.28453788434277,161.190856127274,145867,
2010-09-23,157.4785614013672,161.01987748698585,155.81781173543718,161.01987748698585,170318,
2010-09-24,157.4053192138672,159.8231717389198,155.74456935739232,156.84359323241625,159764,
2010-09-27,157.1610565185547,160.14064646344465,156.89240762276336,159.18815528456838,219041,
2010-09-28,155.72012329101562,158.01587112354812,155.37820212404557,157.0389517887804,145097,
2010-09-29,152.8870849609375,157.2343603451567,151.91017750657835,156.55051792472057,159223,
2010-09-30,149.73651123046875,156.0620286575919,148.61305942460322,156.0620286575919,822282,
2010-10-01,150.54248046875,152.61842364603834,149.9563264404451,151.34843925667582,413736,
2010-10-04,159.09048461914062,159.96971572017682,151.51940994293142,153.86400220441257,873752,
2010-10-05,157.4785614013672,161.11757782331404,156.84357523708553,159.09046690111958,396473,
2010-10-06,157.33204650878906,159.48125008097065,156.7947366127629,158.77299158617973,148656,
2010-10-07,161.9723663330078,166.41732943686182,157.77163606038928,158.60201088102792,1742985,
2010-10-08,162.7050323486328,166.00212713952797,161.16639931658833,162.65618818932663,716735,
2010-10-11,162.5585479736328,164.9519845117089,161.4839401389941,164.6100632914159,241591,
2010-10-12,160.9954833984375,164.12160649262665,160.36048514343983,161.72815799516025,277007,
2010-10-13,162.1677703857422,162.8760288579647,161.31296739928467,161.6793046769242,227231,
2010-10-14,162.33871459960938,166.56386092745498,161.72813252520757,165.58695361635765,332523,
2010-10-15,160.77565002441406,167.29655649654453,159.72547040657184,164.07274538931662,664298,
2010-10-18,160.18948364257812,163.633098983177,158.87064329641248,160.7756255711183,180091,
2010-10-19,155.64686584472656,162.6073822555987,155.30494464523343,162.6073822555987,227566,
2010-10-20,153.03359985351562,156.77029235034283,152.44744589120398,156.74586426692474,235034,
2010-10-21,155.50033569335938,157.69839543605698,153.76630158218427,157.69839543605698,262606,
2010-10-22,154.9385986328125,158.11356558696988,153.93725117415804,156.30627134975367,138719,
2010-10-25,155.86666870117188,157.72280718820878,154.5234120070763,155.35378690823055,197176,
2010-10-26,153.4487762451172,157.57623391448013,152.88705038450766,157.57623391448013,142063,
2010-10-27,152.05670166015625,154.84090335711073,149.46787664173775,152.44746702120204,179272,
2010-10-28,153.22897338867188,158.30892227484642,150.73783710546917,152.39859862892828,768057,
2010-10-29,149.58999633789062,152.3986261830465,148.53981665786796,149.02827036885947,240615,
2010-11-01,148.6863250732422,152.39860148468838,148.10018311583983,152.2520569923587,285661,
2010-11-02,149.90745544433594,151.91013801266217,147.31863095657556,151.91013801266217,313575,
2010-11-03,149.51669311523438,152.39859462159373,148.93055118422825,149.9807306467608,725706,
2010-11-04,152.66726684570312,154.32802857938012,149.9563254889481,150.8844006938798,355219,
2010-11-08,152.66726684570312,154.35244466142,151.4949708005053,152.39861791942366,205095,
2010-11-09,155.54916381835938,156.30626640493335,152.08111996172295,152.3986130459026,311209,
2010-11-10,155.64686584472656,158.16241866616235,154.42572556309352,156.77031778478275,396690,
2010-11-11,150.61575317382812,157.0389593983599,148.1246165520408,156.1841564395139,183213,
2010-11-12,147.44078063964844,150.44478691970676,146.80578246498058,150.44478691970676,178695,
2010-11-15,145.804443359375,148.0024908239699,142.6050484893867,148.0024908239699,96181,
2010-11-16,143.3621368408203,150.0051587530995,141.79907568592444,147.9536319843199,259093,
2010-11-18,143.50868225097656,147.90480114813644,133.5930046538424,146.53711651240508,517023,
2010-11-19,139.82081604003906,148.00247072533406,137.1343032779405,145.80442355923245,332436,
2010-11-22,142.5806427001953,143.60640634672146,139.69874045689676,141.23738592668596,125171,
2010-11-23,138.18450927734375,142.6294726311345,136.27952669771534,142.6294726311345,199259,
2010-11-24,136.20626831054688,140.1383499460742,135.57127010732688,140.1383499460742,158321,
2010-11-25,129.9295654296875,138.1844802018384,127.63381798354364,138.1844802018384,536569,
2010-11-26,125.5090560913086,134.17916593868352,122.60273808630008,129.92959130937788,320604,
2010-11-29,129.2702178955078,130.41808620800887,124.11698252209914,124.11698252209914,166685,
2010-11-30,132.95803833007812,133.8372574390198,125.28926320304092,131.88343052805246,167038,
2010-12-01,134.98513793945312,136.108577913427,130.44248585522348,133.83725787329948,122897,
2010-12-02,133.37318420410156,137.08546034625888,132.86030252609638,137.08546034625888,317004,
2010-12-03,129.44113159179688,134.66762582696046,128.80614537909517,134.64320974399635,152008,
2010-12-06,129.14804077148438,131.98108608764647,128.46419852152303,131.98108608764647,84355,
2010-12-07,129.6365509033203,130.8821195440117,125.02062570733553,129.4411621735753,223361,
2010-12-08,126.85233306884766,129.6853792749511,125.0694546416889,129.2946138670756,159582,
2010-12-09,119.52544403076172,126.51038787821577,117.40066878155062,126.14403862547476,221588,
2010-12-10,121.0641098022461,123.09120906649416,115.27588906056872,118.20663556328763,142789,
2010-12-13,124.23908233642578,124.80079631439108,120.7221819253406,122.72485299000412,93298,
2010-12-14,123.45752716064452,126.02192394937651,122.82254098680885,124.55656293008197,107456,
2010-12-15,122.9935302734375,131.49269422037435,121.96777842085844,123.45756801863824,129091,
2010-12-16,122.40733337402344,124.55654849289996,121.137349169581,124.55654849289996,111159,
2010-12-20,120.8442840576172,122.6027340550858,119.67198806062912,120.69773955551057,66780,
2010-12-21,122.11429595947266,123.04237133579262,119.7941315266241,121.62584218476384,82515,
2010-12-22,122.5050277709961,123.62847954739227,121.13735517623488,123.09118174301688,117131,
2010-12-23,122.0654296875,123.48195858212478,121.65023625156694,122.60273954600008,63032,
2010-12-24,122.43177795410156,123.48195757243823,120.9908209851564,121.23505382829332,537531,
2010-12-27,120.7954330444336,123.01792049930592,119.940630177175,123.01792049930592,108461,
2010-12-28,121.5281219482422,123.5307927027344,118.93929721469382,120.64889097965796,248732,
2010-12-29,122.67598724365234,123.28655729003776,121.13735408787332,121.8700405443303,190840,
2010-12-30,124.04368591308594,126.46155029350282,122.6027409201812,124.55656769123178,407964,
2010-12-31,124.58097839355467,125.53346965355648,123.09118929620752,123.09118929620752,155941,
2011-01-03,129.44113159179688,130.17381814827678,124.50772638399395,126.99885107284648,580322,
2011-01-04,129.6365509033203,131.2240408180829,127.6583075370212,131.2240408180829,361966,
2011-01-05,126.99885559082033,129.53883654390853,126.51040187044832,129.53883654390853,61335,
2011-01-06,126.0707778930664,128.46421405333504,124.48328847857574,127.975760388866,134298,
2011-01-07,123.04234313964844,129.44112093353166,122.11426797600436,126.04634937108248,282796,
2011-01-10,121.4304428100586,125.11830389701846,120.45353534642028,124.0681121682415,125155,
2011-01-11,124.82525634765624,127.48734241919074,121.13740639337652,123.0912337862407,132556,
2011-01-12,127.14537811279295,128.4153744915093,124.65425353110794,126.02192624145265,201597,
2011-01-13,125.28924560546876,128.65958905101982,124.55655911626909,128.65958905101982,99739,
2011-01-14,122.74925994873048,125.92422660258168,121.91888516270528,124.068088372893,81109,
2011-01-17,122.11429595947266,124.06812306228352,120.74662298949288,122.16314013654596,55686,
2011-01-18,122.43177795410156,127.43845520662153,122.11427285722884,127.43845520662153,90141,
2011-01-19,125.33809661865234,126.9744302673974,122.26081799747774,123.53080237962128,200161,
2011-01-20,126.70578002929688,129.14807266748437,123.75061758094525,123.75061758094525,291191,
2011-01-21,126.0707778930664,127.68268338859538,125.1182866451666,127.68268338859538,64739,
2011-01-24,125.36251831054688,127.38961739865996,125.06944128494548,127.38961739865996,42006,
2011-01-25,124.89849853515624,129.00152906966608,124.19022802314744,125.38695226469795,110510,
2011-01-27,117.81584930419922,127.26748949691176,116.30163214641269,127.26748949691176,371593,
2011-01-28,114.6897430419922,118.62182499780296,113.41974653210602,117.81586613591269,151230,
2011-01-31,113.83492279052734,114.37222061454192,110.14707426068068,110.14707426068068,205147,
2011-02-01,110.51341247558594,112.83358838108684,108.43746940349764,112.83358838108684,295986,
2011-02-02,114.15239715576172,115.17816047415891,109.9028234137888,109.9028234137888,217168,
2011-02-03,115.91087341308594,116.74124828804509,113.07781559972696,116.74124828804509,115868,
2011-02-04,114.0547332763672,117.64489365595584,112.83359306654178,116.22836477049216,100012,
2011-02-07,112.00322723388672,114.05474247163068,111.3682289918347,114.05474247163068,155667,
2011-02-08,108.95035552978516,113.78608419867729,108.51074601515376,112.00321805423955,204994,
2011-02-09,105.77538299560548,110.22033407875004,105.01826842400996,110.22033407875004,93532,
2011-02-10,95.56664276123048,110.65997226462548,93.6128098339448,110.65997226462548,995540,
2011-02-11,102.62483978271484,104.28558953879708,94.27222282552738,96.22604959855754,609769,
2011-02-14,103.04002380371094,104.65192924360228,99.64524034269658,103.60174969985198,424849,
2011-02-15,102.86907958984376,104.04137573296671,100.13371592056956,102.6004186371488,182024,
2011-02-16,103.6261749267578,104.21232895880468,101.623503991216,102.84464422001108,101736,
2011-02-17,105.21367645263672,106.43481682100976,102.62485118914192,102.62485118914192,198225,
2011-02-18,102.7469482421875,106.70344565038292,101.91657342851416,105.21365660267246,140927,
2011-02-21,103.04002380371094,104.52981283070682,101.13502936969246,103.11328404827016,105630,
2011-02-22,101.55021667480467,103.25982234473668,101.11060721795698,103.25982234473668,119183,
2011-02-23,107.14305877685548,109.63418302334227,102.28290268099556,102.28290268099556,884790,
2011-02-24,109.63420867919922,112.34513828759384,106.97211123948875,106.97211123948875,1640748,
2011-02-25,103.43080139160156,112.34513253477589,101.11062528328527,101.11062528328527,548051,
2011-02-28,103.28425598144533,105.99519743148625,102.50273726172748,105.99519743148625,231832,
2011-03-01,106.60576629638672,107.46056926654131,103.8459807093012,104.09021355905216,197400,
2011-03-03,103.23542022705078,106.1661666817844,101.599086389692,106.1661666817844,186799,
2011-03-04,103.55290222167967,106.48364836122867,96.1772047083181,103.33309746161086,225976,
2011-03-07,101.15947723388672,103.01561586250553,99.76737626341637,99.76737626341637,275339,
2011-03-08,102.52716064453124,103.7238849021294,100.71986621582477,101.15947577870476,129909,
2011-03-09,104.82289123535156,105.9463430427936,102.62483178549024,103.8704000074756,206255,
2011-03-10,104.4809799194336,106.38596255465504,103.30868383652609,103.67502111069612,180660,
2011-03-11,103.21097564697266,104.92058147372838,101.74561465771868,103.5528968123238,108920,
2011-03-14,103.7971420288086,104.38329609761648,101.6723545363352,101.6723545363352,72707,
2011-03-15,101.4769515991211,103.0644409756326,83.08654733071342,102.60040340330352,123338,
2011-03-16,102.9423370361328,104.28559374704398,101.94100152479622,102.5759997531453,132124,
2011-03-17,102.13639831542967,103.67503183161564,101.0862065459971,101.72120482472668,234770,
2011-03-18,106.01962280273438,108.87709701232032,100.52448517059696,103.52849790421004,487988,
2011-03-21,102.64926147460938,108.38863768725336,102.11196358415452,107.97345622753124,637726,
2011-03-22,107.6803741455078,108.36421652236676,99.2300627831212,102.57599640963028,2047135,
2011-03-23,120.0627670288086,120.94198612541167,92.8068549943698,100.32909749901089,5791777,
2011-03-24,117.00990295410156,122.0410206271061,115.1537644346199,120.16045402011616,3399519,
2011-03-25,115.66663360595705,118.69506791167947,113.32204162810216,117.22969492452695,1120084,
2011-03-28,120.62449645996094,123.31101000221578,113.76166808138017,116.74125866554772,2369234,
2011-03-29,119.54988861083984,124.0436965724048,118.89047426969056,120.55122416680166,1032462,
2011-03-30,119.52544403076172,121.60138711770831,118.71949728188297,120.16044219979564,316690,
2011-03-31,116.7412567138672,120.55122218311357,114.9095462394909,119.69641916014815,749356,
2011-04-01,120.52678680419922,122.55387364275693,116.22835629339733,116.22835629339733,527708,
2011-04-04,121.21063995361328,122.1142871743991,118.62182673111654,120.67334204048514,461981,
2011-04-05,125.2159652709961,126.75459839619512,119.67197879650637,120.64888604971831,1164437,
2011-04-06,125.1671142578125,127.97574346401989,124.60538841657105,126.4370984190653,515956,
2011-04-07,124.65426635742188,127.2430915450595,124.0681122755522,124.55657801176848,255136,
2011-04-08,121.91888427734376,127.46287084245562,120.33139495996014,125.16712315471754,326561,
2011-04-11,122.28522491455078,123.9215462760566,118.86602570470625,118.86602570470625,197753,
2011-04-13,124.48328399658205,125.53346353876957,120.7221633064508,121.87004318119284,338210,
2011-04-15,127.58501434326172,128.56192181987694,125.53348703521516,126.290601733368,661536,
2011-04-18,124.75196075439452,129.8807672056251,123.89715767852692,128.83057542499833,412391,
2011-04-19,125.8265609741211,126.85232460282634,122.67600983165104,124.77638126128925,297329,
2011-04-20,126.38829803466795,127.70713881626892,124.84965245679612,125.80214390862854,165901,
2011-04-21,125.6067352294922,127.85363880073638,125.11828158477856,126.55922643886863,119494,
2011-04-25,124.2878875732422,127.46286608962082,123.82386203947156,126.19288188545244,163113,
2011-04-26,123.7994384765625,125.97306975296502,123.21329651630572,125.09385081059372,237410,
2011-04-27,123.40868377685548,124.87405680942216,123.11560676954748,124.31233088040403,104258,
2011-04-28,118.13337707519533,124.09254651506076,116.7412640627432,124.09254651506076,387842,
2011-04-29,115.8864288330078,120.40466383952894,115.30028688868492,117.93795564806776,327962,
2011-05-02,115.59337615966795,118.20661711421376,114.29896372312476,115.76432474180324,169829,
2011-05-03,112.32069396972656,116.22834683992288,111.75896811938762,114.78740209478268,195604,
2011-05-04,110.92860412597656,113.73723364962564,110.39129430181562,113.73723364962564,127862,
2011-05-05,107.826904296875,111.34379243876012,106.63018016352292,110.44014531822518,163333,
2011-05-06,109.4144058227539,111.68572591315436,105.33579129235156,108.87709590611765,326228,
2011-05-09,108.51073455810548,110.31802859763316,107.50939921295424,107.99785284386338,133900,
2011-05-10,108.486328125,112.589370653794,107.94903022417051,112.1986052702886,244730,
2011-05-11,108.63287353515624,110.8797775096906,108.2176800600457,108.5596012739074,180546,
2011-05-12,107.94902801513672,109.4144011742887,105.6532799335251,108.4863259049711,113023,
2011-05-13,108.99920654296876,110.39130742805222,103.088881802232,105.1159689132286,109798,
2011-05-16,107.99787902832033,111.68572824356188,106.50808969105536,111.0018857921058,62905,
2011-05-17,107.24076080322266,108.6817057574993,106.16615310695894,107.48498164057352,113862,
2011-05-18,105.70211029052734,108.51073981117366,103.74828366833268,108.51073981117366,158250,
2011-05-19,104.4809799194336,106.87441625487304,103.79713753674407,105.72654825876468,69249,
2011-05-20,104.5786590576172,108.87707765009358,102.62483242467336,103.3086747471969,161075,
2011-05-23,103.35751342773438,105.1159513020838,103.01559228461706,105.04269105996735,72467,
2011-05-24,102.7713623046875,103.9436582546139,101.86771525920771,103.82155384639088,128896,
2011-05-25,101.01293182373048,103.18656330744244,100.52447214094828,102.79579796201136,152486,
2011-05-26,102.9179229736328,105.94635765449654,97.69142853976008,102.06311995791135,588689,
2011-05-27,105.0427017211914,106.21499775772963,102.9179144047175,102.9179144047175,139895,
2011-05-30,103.69943237304688,106.84998283644644,103.18655066924092,105.06710491255754,221544,
2011-05-31,104.96942901611328,105.79980387125912,103.5040559757508,104.04136582600282,252250,
2011-06-01,108.51073455810548,110.97744279995636,103.69943448312404,105.50672852265174,732562,
2011-06-02,110.80648803710938,114.03029897566566,106.5080694510434,106.94767894230355,1267185,
2011-06-03,108.53514862060548,113.00453947367826,107.97343475807992,112.05204830892043,355131,
2011-06-06,107.94902801513672,109.73189429064772,106.75230380090191,109.73189429064772,132792,
2011-06-07,107.90016174316406,108.90149706255986,107.21631947509714,107.7536172548801,99160,
2011-06-08,106.7522964477539,109.38996555174874,106.38595918518656,106.97210120608902,340033,
2011-06-09,108.31536102294922,115.27587725189515,106.48365064837486,115.27587725189515,446927,
2011-06-10,105.87307739257812,108.92593993056158,105.06711860953328,108.90151184454118,352741,
2011-06-13,104.70076751708984,106.99651513684992,104.21231389696293,106.99651513684992,252158,
2011-06-14,104.62750244140624,106.60575714422296,104.31000936716596,106.36152431543954,274189,
2011-06-15,102.99117279052734,105.506725113796,102.5759794150873,105.06710365581228,249911,
2011-06-16,102.0142822265625,103.55291574802445,101.5990887344358,103.08889008503004,308399,
2011-06-17,100.2558135986328,103.06444316885684,99.88947035025636,102.0875358425016,321515,
2011-06-20,92.90454864501952,101.01293915410965,90.41341788662169,100.52447943588056,612934,
2011-06-21,93.05108642578124,94.93164702303068,92.0985890824592,93.29531328197336,288811,
2011-06-22,90.07150268554688,96.1772165593063,89.48535458580908,93.39300858406108,532995,
2011-06-23,89.63187408447266,92.73358053940083,88.94803177894865,92.19627072621518,426746,
2011-06-24,92.1962890625,93.00224193859638,89.94938504260557,90.85303226834354,446838,
2011-06-27,91.92762756347656,93.29530625796455,89.3876468431551,89.3876468431551,444435,
2011-06-28,92.73358917236328,93.56395804554197,91.92763037954094,93.41741953757546,437603,
2011-06-29,94.22337341308594,95.00490407880514,92.80684457998,93.24646008093694,557771,
2011-06-30,96.27490234375,96.71451790833376,94.4676139181969,95.15145635066894,561541,
2011-07-01,99.69408416748048,100.57330913296308,95.85969723826756,96.7389222037502,364443,
2011-07-04,102.405029296875,102.9667552129708,100.18254771554123,100.74427963362352,388317,
2011-07-05,107.28960418701172,109.78072873363428,104.92058405618602,106.3859570854808,2434866,
2011-07-06,105.1648178100586,107.70478654587777,104.700780212487,106.89883977553976,377510,
2011-07-07,106.65461730957033,108.14440657831918,103.82157128894188,105.2869324695586,523269,
2011-07-08,103.43080139160156,107.21633861656744,102.86907542882834,106.97210576180552,287642,
2011-07-11,101.8677215576172,103.79713218006631,101.59907263656018,103.43079492480192,302519,
2011-07-12,98.39968872070312,101.55023369272732,97.3250809772291,101.55023369272732,303016,
2011-07-13,99.25448608398438,100.91523587330076,98.6683380403456,99.66967353131346,356659,
2011-07-14,100.1092758178711,101.06176701298742,98.81486347538254,99.2788950311119,195413,
2011-07-15,100.01158905029295,100.9640863194063,98.717176609944,99.27890253681294,143997,
2011-07-18,105.01827239990234,105.70211474749814,100.01158921867489,100.01158921867489,1322132,
2011-07-19,105.01827239990234,106.19056842264948,103.6017555415662,105.5311541605992,765608,
2011-07-20,105.01827239990234,106.04403592129604,104.16348146938084,105.50673807902692,391944,
2011-07-21,105.62883758544922,107.41171562423798,104.0413602139964,104.11462045928154,266463,
2011-07-22,107.65594482421876,108.38863136188252,105.50674138384878,105.50674138384878,273488,
2011-07-25,113.63953399658205,114.44549273566795,107.70478183850666,108.90150590479152,1250950,
2011-07-26,110.19591522216795,114.49433370122566,109.70746157781362,114.29895704507292,706101,
2011-07-27,111.63687133789062,112.76032323602789,108.68170908564971,110.85534062648853,428367,
2011-07-28,107.80248260498048,112.2962778837772,106.63017461471634,111.88109647420046,787130,
2011-07-29,108.7793960571289,110.90418340231084,106.630180625784,107.11864631725464,428038,
2011-08-01,109.17017364501952,111.22170096961943,108.55960346621475,110.80650748612425,260161,
2011-08-02,104.4809799194336,109.12132008143926,104.0902145584644,107.99786816815616,193593,
2011-08-03,105.62883758544922,106.1417193223085,99.76735774414172,104.43212553675023,291842,
2011-08-04,103.7971420288086,108.19326153294458,103.08888353264226,106.04404595261484,182258,
2011-08-05,101.06177520751952,103.11329025412654,97.691419627829,99.13236457718423,267455,
2011-08-08,99.91390991210938,101.81888661970667,97.8379666001789,100.6221684052718,198623,
2011-08-09,97.42276763916016,99.6452493422684,93.31973142032976,97.03200228498582,419605,
2011-08-10,98.47296142578124,100.35352209905696,96.93432196618971,99.15680385314964,314564,
2011-08-11,105.7509536743164,107.46055945858944,102.57598693720274,102.57598693720274,1535536,
2011-08-12,101.23274230957033,114.7874257495682,100.13371246260068,114.7874257495682,455487,
2011-08-16,99.81621551513672,102.746955659059,99.1812173157968,102.746955659059,192076,
2011-08-17,98.37525939941406,101.28157730758258,97.74026123316852,99.01025156367312,173019,
2011-08-18,95.2979736328125,99.96274147534452,93.49068549623055,99.64524239646418,241274,
2011-08-19,92.5626220703125,98.13103132461175,90.413412639212,93.49069127969352,344223,
2011-08-22,96.2260513305664,96.71451103360933,92.83127350008084,93.29531111826968,363454,
2011-08-23,97.74026489257812,98.37526308259808,96.0062429159596,97.20296104024844,386474,
2011-08-24,97.32508850097656,99.74295310971348,96.73894041431116,97.6670097186949,277656,
2011-08-25,96.2260513305664,99.13236945800902,94.88279464968204,98.17987813876422,1989825,
2011-08-26,92.8312759399414,97.2029672894259,91.46359713825656,96.29932611812607,198023,
2011-08-29,97.9356460571289,99.88947276096556,93.8326099790719,93.8326099790719,421074,
2011-08-30,99.30331420898438,100.6221485945794,98.86370474778136,99.91389024086033,260033,
2011-09-02,99.47428131103516,101.28157544043484,98.1798689213818,99.3033207311197,157399,
2011-09-05,98.64392852783205,99.1323822921254,97.49605437915858,98.17989084956685,88900,
2011-09-06,98.8637237548828,99.15680078668782,96.98316313976414,98.6439189820226,112779,
2011-09-07,100.13371276855467,102.40503872510376,99.18122143200144,102.40503872510376,337015,
2011-09-08,101.35485076904295,102.06310919079505,100.13370458997778,102.06310919079505,222792,
2011-09-09,101.20831298828124,104.38329206435984,100.67101511594662,102.5027375072147,434775,
2011-09-12,98.32640838623048,100.81753885781738,87.43381734348986,97.69141622742956,176163,
2011-09-13,98.44854736328124,101.8433256864272,97.2762511082354,100.08488130385844,230098,
2011-09-14,99.9383316040039,100.13371429134544,97.78911604126,98.81487965129335,139294,
2011-09-15,100.18254089355467,100.67100052724034,98.8148623220154,100.01158032186402,220182,
2011-09-16,99.76736450195312,101.11062114015414,99.15679439404116,100.3779346098651,76952,
2011-09-19,99.25448608398438,100.133711150436,97.96007357020362,99.4010245953908,117080,
2011-09-20,99.81621551513672,100.13370861281987,98.17987584821824,99.20563940008113,162662,
2011-09-21,99.10794830322266,101.11062530190952,98.6927608528327,99.86505694875268,254290,
2011-09-22,94.247802734375,99.10794768532386,93.6616546900694,99.10794768532386,407244,
2011-09-23,93.80817413330078,94.7362432413458,92.36722930916768,93.78375205177146,300542,
2011-09-26,92.80685424804688,94.10126679873346,91.34148709816336,94.0768447131339,229425,
2011-09-27,95.2002944946289,96.22605207638637,93.29531184137431,93.29531184137431,242940,
2011-09-28,94.14295959472656,98.314952971417,93.42279283626878,98.314952971417,225704,
2011-09-29,93.02545928955078,94.86312489962654,92.18113007039942,93.77045853131936,1188365,
2011-09-30,92.55362701416016,95.4591140168735,91.95762279500488,94.3416152602306,246933,
2011-10-03,91.53546142578124,92.28045452007444,90.41796263006786,91.88312242864512,133188,
2011-10-04,89.37496185302734,92.42945613862946,88.92796477318039,90.56696423736774,365878,
2011-10-05,89.1762924194336,90.39312725057007,87.41313055716513,87.41313055716513,185558,
2011-10-07,90.39312744140624,91.33678655327124,89.42462973457474,89.72262574283504,144760,
2011-10-10,92.55362701416016,93.27378148756772,89.15145965740265,90.49245694480436,169608,
2011-10-11,90.44279479980467,94.36645071436368,89.92129414309844,92.92612341379042,359124,
2011-10-12,90.98912811279295,91.70928871294925,90.04546287161163,90.88979203868747,203185,
2011-10-13,90.51730346679688,92.3301366915406,90.09513883183456,91.58513740497192,229916,
2011-10-14,91.5106430053711,92.30531346627934,89.39981961856148,89.74748069807397,319871,
2011-10-17,94.78862762451172,96.6511196301692,92.70263096355389,94.4161218999609,499480,
2011-10-18,91.8086395263672,94.66446190852425,91.4361337905667,94.21745868727344,335345,
2011-10-19,92.45429229736328,93.09996155257474,91.95763021180764,92.42945980337043,321774,
2011-10-20,90.8897933959961,93.05029353727603,90.56696488174268,92.37979180988594,351014,
2011-10-21,90.8897933959961,92.28045573429702,90.14479418905115,90.86496090281116,332219,
2011-10-24,90.84012603759766,92.57845544079464,89.94612579203817,91.38645918194796,142986,
2011-10-25,90.98912811279295,91.6099587416928,89.92129430469204,90.69112599332556,429091,
2011-10-28,93.69596099853516,94.09329311355418,91.43613078008356,93.37312636651366,338811,
2011-10-31,93.91947174072266,95.08663574294012,93.4724745790203,94.36646890242504,342709,
2011-11-01,92.23079681396484,95.21079383773952,82.7693172486094,82.7693172486094,181499,
2011-11-02,92.40463256835938,93.24896182356652,91.2871336579854,91.2871336579854,74944,
2011-11-03,92.3052978515625,93.12479456932414,91.41129754855471,92.8764635251523,137125,
2011-11-04,93.24893951416016,94.26710819931716,92.30528050309483,92.30528050309483,209539,
2011-11-08,92.7771224975586,93.82011770973229,92.00729080911998,93.44761811191688,180515,
2011-11-09,92.97579956054688,95.35979238679045,91.85830063467652,93.32346670675317,641643,
2011-11-11,97.49544525146484,100.45060962156572,91.95762832490952,91.95762832490952,1497280,
2011-11-14,96.60144805908205,100.32643791943084,96.12961238908076,99.33310769686108,414148,
2011-11-15,93.94430541992188,97.29679638055812,92.92614249308204,96.626300629571,241441,
2011-11-16,95.50878143310548,96.84977875465736,89.97095859569221,94.3167851701369,339285,
2011-11-17,93.37311553955078,96.84977419426036,91.9576208067836,94.36644571191798,189756,
2011-11-18,92.47914123535156,93.86980996902489,91.4609782863554,93.86980996902489,126466,
2011-11-21,93.07512664794922,96.15444736604869,91.2871260982796,91.38646217452757,462836,
2011-11-22,93.29863739013672,93.86979698019884,91.93280134386345,92.87646666705884,176959,
2011-11-23,89.74746704101562,93.8201243077425,89.10180387405813,93.8201243077425,204052,
2011-11-24,90.41795349121094,91.58511715467142,87.41312451349224,90.7407819685872,677027,
2011-11-25,92.57846069335938,93.0751288808158,89.39980382275618,90.39313409481969,143298,
2011-11-28,95.65778350830078,96.10478058595224,90.54212519679896,90.54212519679896,161051,
2011-11-29,94.98727416992188,96.30343890726776,93.69594802631904,94.3664435890149,255389,
2011-11-30,95.16112518310548,96.84978979964828,92.47913023414031,95.18595767855982,150455,
2011-12-01,96.00543212890624,99.73042129874966,95.459099082055,96.3282605771177,363743,
2011-12-02,97.74378967285156,98.2652903833948,94.63963011062452,97.81828715885074,103060,
2011-12-05,98.9357681274414,99.30826769559702,96.6014407551854,97.49543483648004,109570,
2011-12-07,97.66927337646484,99.33310527294924,96.84977672569818,97.7934419398245,190848,
2011-12-08,94.8134536743164,98.2901125053166,94.36645049694847,98.2901125053166,130480,
2011-12-09,94.6147918701172,95.78195569699676,92.87646237671044,93.37312445891276,142847,
2011-12-12,93.84495544433594,96.104785650261,93.3731258489348,93.42279083732453,105179,
2011-12-13,94.8134536743164,95.55844676423156,92.05696154336812,92.08178793323135,115324,
2011-12-14,98.26529693603516,98.83645657248157,95.88129788804324,96.84979578486336,748961,
2011-12-15,100.82311248779295,102.06477381918008,96.2041220822459,97.84311552790484,339067,
2011-12-16,99.90426635742188,103.3809249449277,99.08476974391588,101.81642919083494,662573,
2011-12-19,102.93394470214844,103.30643823039,98.88611985304752,99.85461767331464,494306,
2011-12-20,104.84608459472656,107.70192480403396,102.18892872452707,104.22526621777337,1072445,
2011-12-21,105.66558074951172,107.23007030304896,103.35607989621865,105.78974929947104,307471,
2011-12-22,103.9769287109375,105.64074831921336,101.17075959697296,105.64074831921336,131238,
2011-12-23,103.00841522216795,104.79641553042316,102.33792578655692,102.46208823654104,108325,
2011-12-26,106.41060638427734,106.75827352859922,103.30644068384603,103.85277999879447,359438,
2011-12-27,104.82127380371094,107.92542717885192,103.85277599775512,106.78309580743228,283322,
2011-12-28,104.92060089111328,105.764930097657,104.29977023319294,105.293094403586,150703,
2011-12-29,105.81460571289062,107.67711007940731,104.79644284341612,105.14410999968057,520840,
2011-12-30,105.54143524169922,107.2797709092557,105.2186067058812,106.78309660098292,261840,
2012-01-02,105.6904296875,106.981768235777,104.87093905316551,106.28643397219692,118025,
2012-01-03,108.52143096923828,109.14226164144708,106.28643322586724,106.28643322586724,304139,
2012-01-04,107.15559387207033,109.21675791271238,106.50992464571186,109.21675791271238,165506,
2012-01-05,107.15559387207033,108.86909080665,106.41059467417922,108.64559226785248,118911,
2012-01-06,107.03143310546876,107.60259879195634,105.218606067234,105.218606067234,115891,
2012-01-09,107.2301025390625,108.37243401298684,105.29310675333863,107.27977973853758,146766,
2012-01-10,107.87574768066406,109.11740886372183,107.03141856441268,107.27975568330318,144216,
2012-01-11,107.6274185180664,108.22342276518394,106.88241931201864,108.02475061424532,117812,
2012-01-12,110.97992706298828,111.99808985177272,107.37909940621718,107.6025979595748,334764,
2012-01-13,110.50806427001952,112.99138634556552,108.54623055400928,109.26640323224652,213472,
2012-01-16,110.01142120361328,113.06590934619048,109.31608699713124,110.25974613042968,266154,
2012-01-17,109.53958129882812,111.9484123328485,109.29124417591548,110.28458046186849,223958,
2012-01-18,107.65225982666016,111.17859600051425,102.01510675579765,109.48992539492949,222472,
2012-01-19,109.8127670288086,110.16043418895006,104.7964440120533,107.45361270660588,269442,
2012-01-20,109.0180892944336,110.68192129712916,107.27976591352528,109.76308851645103,200433,
2012-01-23,111.8490753173828,113.11557517351672,108.04958795467924,108.76974855635432,372937,
2012-01-24,112.64373016357422,113.8357263394562,110.75641203936728,113.06590081585824,453731,
2012-01-25,117.4117431640625,118.67824308879108,112.59408061296124,113.86058053768984,1027534,
2012-01-27,115.20156860351562,117.70971731396064,112.74307266913802,114.30756231466194,543248,
2012-01-30,110.70672607421876,114.6800585511472,109.88723563398118,111.35239519543006,220763,
2012-01-31,112.07257843017578,114.23307252907792,105.839433277968,105.839433277968,334722,
2012-02-01,112.19673919677734,113.6370725644061,109.81274671596286,109.81274671596286,201092,
2012-02-02,115.32573699951172,116.84057402717536,111.05441385900012,112.69341945689172,559306,
2012-02-03,113.8357391357422,118.20640447764676,113.26458568010308,115.25124619656036,305099,
2012-02-06,113.26457214355467,116.64190072074788,111.82423886412424,116.64190072074788,293971,
2012-02-07,110.33423614501952,114.680062195487,109.7879091674998,112.89206191376472,196336,
2012-02-08,111.42692565917967,112.7430906052675,109.56442141537104,110.33425926943708,113860,
2012-02-09,111.25309753417967,112.69343112773176,110.30942606727672,111.25309753417967,139088,
2012-02-10,111.0544204711914,112.22159045398956,109.39058838360856,110.30942121116472,273111,
2012-02-13,110.18524932861328,111.50140189016489,109.78791725957755,111.2034119926612,130969,
2012-02-14,118.6037139892578,120.54070914955642,110.35905915928186,110.35905915928186,1191962,
2012-02-15,119.07556915283205,122.00588876081174,115.27606957166093,118.60373347823597,963382,
2012-02-16,116.81573486328124,121.1118965792442,116.24456920756649,119.7460667247696,260832,
2012-02-17,117.53590393066406,121.68305834833566,115.25124138077834,117.188236829099,1073364,
2012-02-21,118.47957611083984,119.7957410815508,116.84058259841274,118.2312389521663,409410,
2012-02-22,126.0537338256836,130.7968933237637,117.46142133859148,120.68974359407576,5917665,
2012-02-23,124.3154067993164,129.6048932918306,120.34207312586408,128.33839325970328,3848858,
2012-02-24,116.89024353027344,124.71272949418018,116.26941286084578,124.1663902052086,1158778,
2012-02-27,111.79940795898438,117.21306216875932,111.00474379272556,116.71640011627204,423867,
2012-02-28,115.62372589111328,116.1700650964355,111.302738258287,111.32757685176864,301064,
2012-02-29,116.04591369628906,117.5607385687946,115.22641087000152,116.46807220231082,325894,
2012-03-01,117.3124008178711,121.83206122643163,115.79757595314138,116.71640875192944,1133484,
2012-03-02,120.88837432861328,121.63337339456012,116.36871495596192,118.3057100862845,667771,
2012-03-05,116.86539459228516,120.16821980835694,116.21973758840204,119.96955987045376,177456,
2012-03-06,113.56257629394533,119.9199021909702,111.9980864677136,117.7345695067275,285492,
2012-03-07,114.30758666992188,115.2760845349295,110.83092735436378,111.7249338337014,248072,
2012-03-09,117.21304321289062,118.30570931621338,115.69821870522004,115.69821870522004,283532,
2012-03-12,117.66004943847656,119.44804976651288,116.51771826889444,118.33055719005073,197875,
2012-03-13,117.66004943847656,119.19971265810048,116.96472750517614,117.33722096209792,115305,
2012-03-14,115.87208557128906,119.15007261888036,114.77941915352548,118.23123977225416,208360,
2012-03-15,111.55109405517578,116.19491094692236,110.83092119194409,115.87208241176964,194538,
2012-03-16,111.30276489257812,114.15859354150004,110.8309291490954,111.62559345090844,174145,
2012-03-19,110.85575103759766,113.1652522080154,109.73824614021233,111.70008020528334,83929,
2012-03-20,114.30758666992188,117.46141743237736,110.38393021754484,110.7564359686938,725975,
2012-03-21,114.4565887451172,115.22641440068584,112.76791805219057,114.63042231342288,174408,
2012-03-22,110.40875244140624,116.44323730486292,109.48991970502097,113.6122355153872,530096,
2012-03-23,111.27792358398438,113.2645964958495,109.3161014766396,112.66859218115005,390964,
2012-03-26,108.59591674804688,112.7430834889022,107.92542112133312,112.7430834889022,219634,
2012-03-27,110.6571044921875,111.99810823818083,108.32277639168886,109.29127435046703,282995,
2012-03-28,108.47176361083984,111.27791477033423,107.35425866071404,110.11075703789916,160546,
2012-03-29,107.32943725585938,109.96175497676832,104.34944019134446,108.74493219979416,1672374,
2012-03-30,112.19673919677734,112.9417383727441,109.29124607221635,109.76308173165812,365666,
2012-04-02,111.94842529296876,113.14042165068962,110.9302625002717,111.70008814130644,122026,
2012-04-03,112.7927474975586,114.75456937416064,110.75642203895706,112.8920774697591,204777,
2012-04-04,112.64373016357422,113.21489576070708,111.27790044918672,112.44507023710912,107877,
2012-04-09,110.58258819580078,112.7430822168566,108.57108913265635,108.57108913265635,81579,
2012-04-10,111.5262451171875,112.89207492408936,110.38391384554608,111.74974365244796,172734,
2012-04-11,111.5262451171875,112.99140489405004,109.2664211692438,111.62557508714816,381860,
2012-04-12,113.53773498535156,114.0343970008055,110.80607559180946,113.31423646811244,266088,
2012-04-13,112.69343566894533,116.12041790719108,111.79942915811144,114.23308710303095,514150,
2012-04-16,112.94176483154295,113.63709918610051,111.30277114272916,112.64376265020393,64071,
2012-04-17,113.58741760253906,114.456585418808,111.79941698131424,112.4947512343294,149125,
2012-04-18,116.666748046875,117.78424084010496,112.81758314831777,114.30758167642384,674598,
2012-04-19,117.21304321289062,120.34203438722184,115.32571307182332,117.48620668729734,714492,
2012-04-20,116.54257202148438,118.80239606147909,115.47474428666584,117.18824126392506,416445,
2012-04-23,113.98474884033205,118.62857781805238,113.0907546394506,118.62857781805238,288305,
2012-04-24,113.43841552734376,115.6734133528641,111.50141985303269,114.30758338266268,377458,
2012-04-25,111.37725830078124,115.2264108721517,110.53291687732428,113.2894152878894,295566,
2012-04-26,116.79090881347656,118.05739649252698,112.4947470849809,113.19008131234877,1106452,
2012-04-27,116.07070922851562,119.1748739396966,114.80420963577151,117.70970223963974,443338,
2012-04-30,118.08222198486328,118.90172469127536,106.85758223599473,117.51105639086629,177532,
2012-05-02,116.89024353027344,120.46623258022836,115.8472421468995,120.46623258022836,335767,
2012-05-03,115.49957275390624,118.2064061369948,114.82907710875816,116.61707770151844,228848,
2012-05-04,111.79940795898438,115.44990028701643,111.3275845016855,115.44990028701643,122428,
2012-05-07,113.88542938232422,114.25792293186252,109.31610356788156,111.72493506018228,144561,
2012-05-08,110.5577392578125,115.6485646204894,109.31607810760752,113.46323220802677,134290,
2012-05-09,108.04959106445312,111.00474934335251,107.55292898713098,108.69526030896084,138705,
2012-05-10,107.13075256347656,110.01141931056144,106.90725403033868,108.02474669602807,203596,
2012-05-11,107.40391540527344,108.74491880136016,105.81458708820604,106.88241476266737,108154,
2012-05-14,106.28643798828124,111.25309579419338,105.86426725352742,111.25309579419338,121679,
2012-05-15,108.69525909423828,109.14225617940264,104.3245938044126,106.21193652968144,125020,
2012-05-16,104.34943389892578,108.02475281192788,103.30643254810018,108.02475281192788,173253,
2012-05-17,105.93875122070312,106.73341534600034,103.18225317037368,104.44875293434652,245036,
2012-05-18,104.10110473632812,105.0447761848484,102.38761371963264,104.5481018621748,90831,
2012-05-21,100.40093994140624,106.98176440660151,99.90427785906844,105.21860241888857,572739,
2012-05-22,99.95394134521484,103.43060028075011,98.66260896540626,102.78493103942124,536437,
2012-05-23,101.56812286376952,102.28828973168751,98.06663072388272,99.8297930430764,260866,
2012-05-24,103.62926483154295,104.02659690343462,100.82310173381543,102.03993044112757,223778,
2012-05-25,106.26156616210938,107.62739571621708,103.10774865684728,104.07624619895448,462143,
2012-05-28,109.61408996582033,110.1107520290062,106.31125245939438,106.31125245939438,222865,
2012-05-29,110.88059997558594,111.92360150372454,108.07444837788545,109.6141120693612,189051,
2012-05-30,107.67710876464844,110.97993450313268,107.08110444527244,110.97993450313268,138809,
2012-05-31,108.29792022705078,109.21675293610522,105.9387541736112,107.35424892339591,206146,
2012-06-01,107.52808380126952,109.63891275765798,106.11258903394038,108.27308297444768,151836,
2012-06-04,109.0180892944336,109.2664264370056,105.46693894870565,106.6589230570953,152573,
2012-06-05,109.83759307861328,111.7000850473956,109.01809026538577,111.50141289042884,190067,
2012-06-06,112.3208999633789,113.23973262347832,108.29791445698132,111.22823376743104,214648,
2012-06-07,109.7879409790039,113.63709394081953,109.21677524350996,112.39543248253706,297223,
2012-06-08,110.13558959960938,110.7564324987402,108.57109966975791,109.26643395222496,145200,
2012-06-11,109.34092712402344,111.60076357900488,108.54626284697709,109.91209283600672,203714,
2012-06-12,110.53290557861328,110.90541126365468,107.35424898694184,108.5214188199011,123685,
2012-06-13,110.5577392578125,111.67524405755462,108.5462403828343,110.25973716416811,145770,
2012-06-14,107.15559387207033,111.1537533860896,106.9320953332728,111.1537533860896,224738,
2012-06-15,105.96360778808594,109.16709122085832,104.89576777146247,109.14226482843648,511891,
2012-06-18,103.62926483154295,107.72675411149396,102.85942707654802,106.43541572357292,343664,
2012-06-19,100.57476806640624,104.5480889218031,99.8297688803071,102.88426920502302,424743,
2012-06-20,103.6789321899414,104.74675986904424,100.4506044547291,101.071435068426,253665,
2012-06-21,106.53478240966795,106.8327723778816,103.85278725584288,104.2501194191614,160491,
2012-06-22,109.14226531982422,109.63892743319026,104.37426753213232,106.46027037852858,295999,
2012-06-25,111.5759048461914,113.19007170765477,109.26641602205986,110.75641432407258,547663,
2012-06-26,112.64373016357422,114.18339341646724,110.75641203936728,111.20340907961088,534672,
2012-06-27,111.20343017578124,113.68675296188373,109.7879352112469,113.51291939040058,325158,
2012-06-28,112.8175811767578,114.40692186314232,111.12892271745424,112.17192411004125,2305584,
2012-06-29,115.5740737915039,116.69156650878938,113.81091183439884,114.13374035145944,324231,
2012-07-02,116.7412567138672,119.10041098125512,115.30092311327576,116.46808094746036,672976,
2012-07-03,117.95806121826172,118.33056691148352,116.98956350386209,117.2379006326766,488758,
2012-07-04,120.5655746459961,121.11191398974422,117.43658238785724,117.9580831318304,509082,
2012-07-05,119.34872436523438,121.062221185073,117.80906108678649,120.21787986649085,507969,
2012-07-06,120.91323852539062,122.05556997001791,117.26274562240336,118.72791782683824,707896,
2012-07-09,120.98772430419922,123.66971894429834,119.89505801294432,120.68972218736644,636804,
2012-07-10,123.27239990234376,123.81872700293704,120.068904270203,120.98773710768208,328705,
2012-07-11,121.90656280517578,123.66972478834973,121.36023573658048,123.32205766989868,194751,
2012-07-12,121.31053924560548,122.55221255927952,120.24271166920062,121.7078712883861,170455,
2012-07-13,121.50923919677734,123.12339412452832,112.84242363741346,122.15489628559796,211969,
2012-07-16,120.1357879638672,122.75289758471864,119.58215958244364,122.70256998068808,221454,
2012-07-17,120.060302734375,123.15554346500328,119.78349469943625,120.11063034358706,113005,
2012-07-18,126.72893524169922,129.97517168609042,116.88958304259984,120.03515188397152,904683,
2012-07-19,123.68402862548828,128.13816524094204,123.4575481508506,127.83618715190929,434116,
2012-07-20,130.9565887451172,132.8187723914899,125.77268347360904,125.77268347360904,3571364,
2012-07-23,129.34603881835938,131.6108554708484,127.98715624799296,131.6108554708484,372122,
2012-07-24,129.09442138671875,130.35264893842415,127.10641245492847,129.84934802290437,199235,
2012-07-25,130.17649841308594,131.78703168695637,127.05608710282516,129.32090415741067,280302,
2012-07-26,127.73551940917967,133.85052873151164,125.97400340457372,131.13273856477764,1460108,
2012-07-27,125.54621887207033,130.85595003924303,124.36347644938722,129.62287999388911,425960,
2012-07-30,125.79786682128906,127.81103353033204,123.08008867194404,125.3700634843777,176907,
2012-07-31,124.2376480102539,124.96741700036456,122.8787528942157,124.96741700036456,213503,
2012-08-01,123.3065414428711,125.26938008914576,122.29995213028748,124.06148033517252,204892,
2012-08-02,122.75292205810548,126.55278678970495,122.07348071541634,124.61510562122037,351927,
2012-08-03,123.08008575439452,124.28798575118768,120.43779291589608,123.105243380353,299890,
2012-08-06,122.37545013427734,124.791249650203,121.82182168153696,123.30654185014258,171172,
2012-08-07,122.75292205810548,124.64027561252564,122.04832309265716,124.64027561252564,230724,
2012-08-08,120.714599609375,123.78467068729516,120.26163870832272,123.75951306420684,74862,
2012-08-09,120.26164245605467,122.29996657431056,117.79550267795652,120.7649309875139,140686,
2012-08-10,119.50672149658205,121.94767928181872,118.2736514215821,121.2430678103902,97039,
2012-08-13,119.4311981201172,122.67743429301368,118.9530796120855,122.67743429301368,117637,
2012-08-14,119.2801742553711,121.2681825193292,118.27359749956518,118.97820864975505,229545,
2012-08-16,119.0033950805664,121.7966703729297,118.44977896767888,118.87756986348856,182976,
2012-08-17,117.8961410522461,119.95964723640112,117.54384778858268,119.25503597198453,121771,
2012-08-21,119.0537109375,119.50668414795972,113.643326085778,114.32276734865066,182412,
2012-08-22,117.44320678710938,119.17955280097408,117.31736919632226,119.12922518578704,87750,
2012-08-23,117.87100219726562,118.72659642517884,116.38629420269426,118.72659642517884,127870,
2012-08-24,116.56243896484376,119.68284995749691,116.134635696276,119.58218236171592,116777,
2012-08-27,114.82608795166016,117.97165676723976,114.22213181268268,116.2604683210482,135124,
2012-08-28,114.27246856689452,116.10948238630884,113.66852474817163,116.10948238630884,70061,
2012-08-29,115.30420684814452,116.00881822292271,113.4923631627684,114.2724597787394,130990,
2012-08-30,116.48694610595705,117.21671508596144,113.31620737050682,115.75716475740612,182179,
2012-08-31,115.58103942871094,118.14782237531855,114.80093036229276,116.63794423329144,71563,
2012-09-03,114.64990997314452,115.7068144318237,113.29101514263692,115.1531983995891,101072,
2012-09-04,113.6433563232422,116.23530922827388,112.86325963650208,113.24072298234935,133134,
2012-09-05,113.19039154052734,117.015414334185,112.8632558272643,113.5175272537904,348520,
2012-09-06,115.00223541259766,115.3545287138756,112.762576173209,114.47377690786143,211141,
2012-09-07,116.2856216430664,117.7200143279342,115.48035506658604,117.7200143279342,186141,
2012-09-10,116.88957214355467,118.65108805676576,115.32936668051823,116.33594366848295,181447,
2012-09-11,121.36888122558594,122.0483350031278,116.33595853688875,116.68827660681411,430621,
2012-09-12,121.44438934326172,123.53305373843796,120.84043312621505,122.2999836769542,207655,
2012-09-13,119.55704498291016,122.02317267901536,119.2802245083229,121.469556466937,75273,
2012-09-14,119.2801742553711,121.46950529161607,118.77688587746812,119.95962778936436,100500,
2012-09-17,122.12381744384766,122.75293121942448,120.51328419940349,121.1927255928008,139942,
2012-09-18,124.86676025390624,125.8230096903398,122.09865480756866,122.55161571790804,288507,
2012-09-20,125.24425506591795,129.24541863110983,123.15557829733127,124.76611172180696,766442,
2012-09-21,124.48928833007812,127.18189598203618,123.63368181586186,125.82300097658056,255872,
2012-09-24,123.5078582763672,127.030902499926,122.97941215609733,123.68401110597244,196656,
2012-09-25,123.78466033935548,125.21905289750612,122.29995253923435,123.9104855499173,131716,
2012-09-26,124.11180877685548,125.57135896088737,122.40060817085572,123.30654226881276,182304,
2012-09-27,122.95425415039062,125.47070925456318,122.09865990971385,124.56478739602858,337872,
2012-09-28,122.4509506225586,125.37003868101804,121.84699454505912,123.80983324411416,133238,
2012-10-01,122.50129699707033,123.80985220734895,120.89076370178972,121.8973408270664,123733,
2012-10-03,126.42696380615234,127.2825579974714,120.73975778809964,122.50128615423856,557310,
2012-10-04,127.66002655029295,129.34605737914913,125.94883809719684,126.82960231653168,260106,
2012-10-05,125.0932159423828,129.37119848856915,124.36343473705884,128.38977925429214,299673,
2012-10-08,126.70375061035156,128.7169167134309,123.80982047200496,124.41377648720088,327363,
2012-10-09,125.11839294433594,128.16331869901182,124.33829638091294,127.66001782604631,226350,
2012-10-10,122.67745208740234,125.01775445963234,121.79668781030604,124.31314303795531,236904,
2012-10-11,123.78466033935548,124.5647692237117,122.14896970768729,124.41378639216464,93596,
2012-10-12,123.86017608642578,125.79785740217244,122.87875661621688,123.88534607964397,215408,
2012-10-15,123.98600769042967,125.26940530251004,123.35689388164566,123.60854435257832,77463,
2012-10-16,122.90392303466795,124.81643430156944,122.40062213331986,124.4892986105305,113163,
2012-10-17,122.5516128540039,123.80984032410908,121.6708486775118,123.70918509495176,84524,
2012-10-18,125.29456329345705,125.87334948345004,122.29997710224472,123.50787710285437,162359,
2012-10-19,125.67203521728516,127.28256850294224,122.55162388418778,122.55162388418778,188949,
2012-10-22,126.47730255126952,127.63487490272968,124.89192688222944,124.89192688222944,276878,
2012-10-23,125.64683532714844,127.5845162287806,125.0428916730026,127.43352103883583,148421,
2012-10-25,124.01117706298828,126.07467133493464,123.60854373264394,125.29456230008442,219017,
2012-10-29,122.87873840332033,124.51444140074278,122.72775557203086,123.30654164479157,77028,
2012-10-30,121.87216186523438,124.28796138521646,121.59534145412675,122.97940640402912,57287,
2012-10-31,122.62710571289062,124.18731117861384,120.8907474186884,124.18731117861384,60599,
2012-11-01,124.74095916748048,125.97402928198264,121.84702793751028,121.9728531855175,240204,
2012-11-02,126.30113983154295,126.77927073115104,123.8853400785966,125.31972040887436,339222,
2012-11-05,127.2574234008789,128.81761685241662,125.11841898271936,127.83619726185508,167861,
2012-11-06,126.67864990234376,135.88890377555657,124.36350452553236,135.88890377555657,458979,
2012-11-07,125.44557189941406,127.08126303400252,118.34915400097688,125.26941902417543,502941,
2012-11-08,123.5330581665039,126.32633412551068,122.95427192464928,125.44556976430825,318814,
2012-11-09,120.58880615234376,125.29458160675466,119.88419462353048,125.29458160675466,191367,
2012-11-12,119.10405731201172,120.33711469933914,118.77690928863184,120.33711469933914,97564,
2012-11-15,119.0789031982422,119.80867220576232,117.89616089553864,119.80867220576232,187924,
2012-11-16,117.16639709472656,120.26165084520248,116.81409138756516,119.48154181690292,113920,
2012-11-19,117.51869201660156,119.53185846666,116.56244259102868,117.51869201660156,182291,
2012-11-20,115.30420684814452,118.6259408855788,114.64993545889062,117.87100189382316,153011,
2012-11-21,114.59961700439452,115.22873081973208,111.32821032238186,113.79433796273084,367039,
2012-11-22,116.0088348388672,117.61936828701016,113.9956680286885,114.87643237331312,280873,
2012-11-23,116.0088348388672,117.1664073007885,114.49895663909602,116.05916246305308,95445,
2012-11-26,115.05258178710938,118.27364858666384,114.3228003369584,118.27364858666384,175358,
2012-11-27,119.50672149658205,120.28681821955756,114.57445356513082,115.20356741646388,365534,
2012-11-29,118.6259536743164,120.8907708937471,116.53728931757082,120.0351642072491,539360,
2012-11-30,120.33712005615234,121.04173137658827,116.83924581333946,119.43119828333236,388128,
2012-12-03,115.58103942871094,119.83385337953376,115.32938894885706,119.83385337953376,530639,
2012-12-04,115.48033905029295,116.68825111603113,114.52408976155232,115.48033905029295,376476,
2012-12-05,115.32938385009766,117.2418952542092,115.00224813558889,116.08432288773504,323150,
2012-12-06,115.40486145019533,115.90814993182096,114.32277451716384,115.90814993182096,290077,
2012-12-07,117.04056549072266,117.8206744765628,115.80750795131748,116.21014125636654,351024,
2012-12-10,117.0154037475586,119.38087587752634,116.51210285755316,118.4749416966444,457767,
2012-12-11,115.30420684814452,118.17297996423476,113.99565170108993,117.41804097247912,388379,
2012-12-12,114.97706604003906,116.76375202173898,114.44860753245804,115.80750260460158,251650,
2012-12-13,112.66193389892578,115.65650737091744,112.28445823563064,115.10289124034009,295297,
2012-12-14,112.9639129638672,113.593026775309,111.2275543916106,112.20897391642748,441117,
2012-12-17,112.6871109008789,114.14664908468814,111.88184418962264,112.98907664118872,159521,
2012-12-18,114.49896240234376,115.20357391350971,111.78118397966736,112.98908412657364,290325,
2012-12-19,114.3227996826172,116.31080879389695,113.7943410947372,115.85784782387071,528120,
2012-12-20,113.71884155273438,116.66309985640542,113.36653587176042,116.66309985640542,166741,
2012-12-21,112.938720703125,113.86981242368545,112.48575983767296,113.819484812918,432006,
2012-12-24,112.08311462402344,113.7188174578932,110.774559778054,113.7188174578932,166479,
2012-12-26,113.1148910522461,113.39169913863095,111.73083825177451,112.2341391745258,376033,
2012-12-27,112.23414611816406,113.54270138747046,111.27788420061296,113.54270138747046,1096735,
2012-12-28,119.2047348022461,120.18615431863316,112.38512580779395,113.51752818495304,1078273,
2012-12-31,118.60076904296876,121.7966778038385,117.26704392395445,118.7769218839158,728850,
2013-01-01,122.24964141845705,123.25623087018108,118.021985510891,120.26164487648133,653232,
2013-01-02,122.12381744384766,124.58995729688144,121.64569889027936,123.30655975254405,532812,
2013-01-03,126.50245666503906,127.23222560730945,121.62051740657706,123.30654810273194,920177,
2013-01-04,127.10639190673828,129.74867181187452,124.36344441364392,126.9805666981994,722369,
2013-01-07,125.87335205078124,129.54739211671776,124.3634739270866,127.13159206622544,504310,
2013-01-08,124.53961181640624,126.82959872177122,123.910498068583,125.29455078750344,384223,
2013-01-09,125.74752044677734,127.05607552037216,124.3634553991351,124.8415862863999,538264,
2013-01-10,123.4827117919922,126.57795303182242,123.1052361079854,126.57795303182242,474363,
2013-01-11,119.2801742553711,124.51441791231608,118.82721347840416,123.88530434780168,437165,
2013-01-14,123.00457000732422,123.75950894010288,117.39286180880303,119.28020295647676,468159,
2013-01-15,123.65885162353516,126.77926252799024,120.84040639225007,123.35687358181951,956358,
2013-01-16,120.99140167236328,124.84158150885038,120.79007885491288,123.60852408794464,680660,
2013-01-17,122.24964141845705,123.75951941176967,121.06691149044184,121.99799096338928,652971,
2013-01-18,120.1357879638672,123.23102837582452,119.65765717276132,122.77806757100576,294817,
2013-01-21,122.42578125,123.10522256420516,119.60734840072467,120.63909536715744,560412,
2013-01-22,122.04830932617188,124.11180311279196,121.31852808318816,123.2813666530328,612572,
2013-01-23,121.31854248046876,123.8098397868522,120.0351450243703,121.82183099261762,353335,
2013-01-24,115.9836654663086,121.82184244036692,114.876420740695,121.67085958309806,584894,
2013-01-25,117.09088897705078,117.7703427047956,113.06455606860116,116.31079238727771,378985,
2013-01-28,116.76375579833984,117.54386477339496,115.83266397418372,116.9650786323545,184506,
2013-01-29,114.624755859375,117.51868635713892,114.02081213771535,116.78891741930768,183459,
2013-01-30,115.75717163085938,116.21014493586028,113.99565550370092,114.90157737660827,153201,
2013-01-31,117.14122772216795,118.97824131918836,114.09630189683944,116.96507488625188,492519,
2013-02-01,115.7823257446289,117.16637835776548,115.48034770556109,116.2856142307116,89273,
2013-02-04,115.00223541259766,116.93990422808426,114.34795168741763,116.05914005352388,134649,
2013-02-05,114.27246856689452,115.50553856758596,113.2407214181426,115.00224999055892,147009,
2013-02-06,114.82608795166016,115.60618456524703,113.8194985095466,114.72542034946603,102520,
2013-02-07,113.19039154052734,115.60619150434876,112.73743059337929,115.2790557910857,131573,
2013-02-08,112.78775787353516,113.84467499272915,112.08314646073914,113.26588881343925,154163,
2013-02-11,114.6750946044922,116.76374616995146,112.98905156822296,116.76374616995146,283261,
2013-02-12,115.05258178710938,116.18498421865642,113.31622314637174,114.75060368251408,262902,
2013-02-13,114.22213745117188,116.46178453739051,113.7943341342324,115.4300497887545,214999,
2013-02-14,113.54267120361328,115.17837413182669,112.78773234201824,114.09628726346214,195108,
2013-02-15,113.36654663085938,115.1532328290526,112.48578234483516,114.222140922191,166195,
2013-02-18,117.669677734375,118.5252843190126,111.78116108601508,113.26588142861796,436384,
2013-02-19,117.14122772216795,118.52528041784592,116.26046354258756,117.72001384467134,272594,
2013-02-20,116.31080627441406,118.24847535278616,114.90158340392682,117.3677234272795,232245,
2013-02-21,113.6433563232422,116.78893780234397,113.2658929773949,116.78893780234397,146914,
2013-02-22,114.29762268066406,115.93332578941612,112.48576673914567,113.76916418236512,204561,
2013-02-25,112.15862274169922,116.61275847563188,110.7242425633572,114.24728658869792,380827,
2013-02-26,111.00108337402344,113.21557308437735,110.52295238390296,111.68052486405858,313276,
2013-02-27,111.65534973144533,112.33479111496328,109.717668446522,111.4540268945436,254878,
2013-02-28,112.18379974365234,114.80092250187484,111.12689501143812,113.31621445691032,654951,
2013-03-01,112.13346099853516,114.44860544560176,111.52951726413076,113.71883649237051,273696,
2013-03-04,112.28447723388672,114.24731638319946,110.74942906643412,112.71226821574687,210682,
2013-03-05,113.14006805419922,114.72543142713796,111.32821183086412,112.48578423522166,162250,
2013-03-06,116.15980529785156,116.61276618743622,112.8129138708694,113.39168760980296,258288,
2013-03-07,115.68167114257812,116.73858810072063,115.00222982743462,115.4803483259362,86115,
2013-03-08,115.58103942871094,116.63794423329144,114.80093036229276,116.05915802446596,81818,
2013-03-11,115.9081802368164,116.96509745625949,115.27906637816184,115.80752498788335,109040,
2013-03-12,115.88298034667967,116.51209404304564,114.2472896835464,116.08430316116043,189851,
2013-03-13,117.72000885009766,118.42460779532132,114.29761987503618,115.75715774664906,235706,
2013-03-14,117.64454650878906,119.07892718829538,115.6565371874324,117.36773837213862,339017,
2013-03-15,114.8009262084961,118.14781810042264,114.2976376355467,118.09749047998244,185777,
2013-03-18,114.52413177490234,115.631376662327,111.80635336705966,114.49896177740555,149222,
2013-03-19,113.4671859741211,114.59960057421227,112.28445612879014,114.4737753554748,106514,
2013-03-20,111.32820892333984,113.5930260512222,110.87524797147292,113.21556271418228,119632,
2013-03-21,109.5666732788086,112.93872219307369,108.23294828596832,111.73082241308455,129755,
2013-03-22,107.10053253173828,109.66732726562608,106.2952660208216,109.66732726562608,92483,
2013-03-25,106.87407684326172,108.93757097037256,105.99331262978266,107.35219538611028,518988,
2013-03-26,107.5535125732422,108.13229868762672,104.73506723812018,105.74165662474176,99547,
2013-03-28,117.74517822265624,120.7397642364787,106.04364224867288,106.19462510159995,1008183,
2013-04-01,114.52413177490234,117.3173954381371,113.99567314441222,116.73862154975168,233116,
2013-04-02,115.68167114257812,116.53726528407871,112.76257069681655,114.29761852200626,210404,
2013-04-03,115.48033905029295,117.01538675218416,113.74398091647517,115.5055090385561,246123,
2013-04-04,113.56785583496094,118.95309673212073,112.73743154767595,114.7505982012348,584545,
2013-04-05,113.69366455078124,119.28020274877898,112.73741516748449,113.59300932486492,209049,
2013-04-08,113.61820220947266,115.0777403849911,111.78117593934029,111.78117593934029,67026,
2013-04-09,112.33480072021484,113.94533407895078,111.55469166726893,113.5930283606588,164706,
2013-04-10,114.19696807861328,114.700256588469,111.68050079224248,111.73082840637343,421952,
2013-04-11,115.40486145019533,118.17296665195452,114.27244690585584,118.17296665195452,537460,
2013-04-12,115.10289001464844,115.98365418441188,113.24070644673316,113.24070644673316,90083,
2013-04-15,112.73741149902344,115.25386627632146,112.25928063866046,113.74398846252448,125091,
2013-04-16,114.29762268066406,114.77575356510778,111.02621646315994,112.73741717696788,84583,
2013-04-17,116.0591278076172,117.19154230357913,113.06454229863,113.2910227241134,334356,
2013-04-18,114.57444763183594,116.76376718429351,114.09631667690562,115.75717765315828,273509,
2013-04-22,115.70682525634766,116.13462849840072,114.52409548827542,116.13462849840072,173665,
2013-04-23,113.44202423095705,115.20354012366012,112.13345684587355,114.80090685945268,182915,
2013-04-25,114.22213745117188,117.7200244942812,113.03940747606434,114.27246507047992,1143414,
2013-04-26,114.7505874633789,116.63792870537851,114.29762655478272,114.29762655478272,347519,
2013-04-29,115.17840576171876,116.71344152633289,114.09631859619522,115.25389101062648,253137,
2013-04-30,115.07772064208984,117.21671228384822,114.22212645909572,115.75716199018404,269507,
2013-05-02,115.53069305419922,116.58761016892738,113.86983213716027,115.10290210434312,272718,
2013-05-03,115.40486145019533,116.51209363606266,114.54925495232266,115.25386624772582,300228,
2013-05-06,115.68167114257812,116.26045723367348,114.95188984686492,115.25386788755505,164941,
2013-05-07,115.7823257446289,117.72000682414742,115.2790372585462,115.7319981328752,471304,
2013-05-08,116.46177673339844,116.91473764536576,115.10289399749648,116.05914343736676,201349,
2013-05-09,116.46177673339844,118.6007684376692,115.75716537320636,116.51210434933408,404761,
2013-05-10,119.80865478515624,121.97281623707758,115.83264989013767,116.2352831406643,1180351,
2013-05-13,117.669677734375,120.86558650915974,117.26704443453536,120.2616427436736,311647,
2013-05-14,119.4563980102539,120.51330288545569,117.36773351983894,119.12924989087452,360246,
2013-05-15,120.3623046875,122.55162415048147,119.7583485197926,119.78351851367512,580488,
2013-05-16,115.32938385009766,120.13582617039462,114.97707814129704,120.13582617039462,1100601,
2013-05-17,113.29102325439452,116.059128350855,112.30960394985772,115.50551227898087,527643,
2013-05-20,113.0897216796875,114.24729389209342,112.56126318682227,114.19696627875568,233374,
2013-05-21,112.83806610107422,114.59959433033109,112.30960763229716,113.08971652483817,272155,
2013-05-22,112.08311462402344,113.41683945696364,111.88180420243305,112.4354202303506,171609,
2013-05-23,107.57866668701172,111.45401652785291,107.27668864402052,111.42884653737627,312366,
2013-05-24,104.3072738647461,105.49000368826322,102.31926512987062,104.1814486483293,743991,
2013-05-27,106.21979522705078,106.89923661888967,102.69674448649972,103.70333394624204,425513,
2013-05-28,109.74283599853516,110.17062691854814,105.74166065923086,105.74166065923086,277553,
2013-05-29,110.62358856201172,112.18379414156118,107.35219455400674,108.40911160198928,531630,
2013-05-30,106.57209777832033,111.15205927705088,106.21979209622206,111.15205927705088,1308964,
2013-05-31,103.92982482910156,107.9058309484539,103.37620857735652,105.7416811986699,355443,
2013-06-03,98.21743774414062,104.33243460133288,96.330096547187,103.67815706183508,1064207,
2013-06-04,98.74590301513672,103.17487562062078,98.54458635962716,102.29411138759548,1688243,
2013-06-05,98.04129791259766,99.04788119116816,95.70098947081864,99.04788119116816,565113,
2013-06-06,99.2995147705078,100.10478130663964,97.0095341932124,97.63865408580412,317080,
2013-06-07,97.43732452392578,99.04786366899796,97.13535268591204,98.64523042879802,327353,
2013-06-10,96.3804168701172,97.36183619725354,95.70097557484092,97.36183619725354,277176,
2013-06-11,96.8082275390625,97.8903021703128,93.96462456061762,95.87713575105197,274826,
2013-06-12,94.11560821533205,96.80822201255025,93.78847255604808,96.1287745196668,394796,
2013-06-13,92.02696228027344,93.73815076598642,91.29718089810846,93.66265315473385,252622,
2013-06-14,94.8202133178711,95.4996608106697,92.40441375297108,93.10901886726388,320203,
2013-06-17,95.09703826904295,96.02813016928502,92.47992160854312,94.11562493259514,454620,
2013-06-18,95.75131225585938,98.39359245571,94.99637328896684,95.37384277241313,716927,
2013-06-19,95.04672241210938,97.83999209252752,94.6692466835328,96.83340251820508,940404,
2013-06-20,92.12761688232422,95.02154785497218,91.64949211410467,95.02154785497218,311554,
2013-06-21,89.25884246826172,92.88254195301543,88.15159786689493,91.4481616800012,395207,
2013-06-24,83.57164001464844,89.46015611894148,83.11867295597553,89.46015611894148,502411,
2013-06-25,82.01144409179688,85.25767437545207,79.92277993433743,83.79813017510196,488619,
2013-06-26,77.73346710205078,82.59023721729757,76.70171993278302,82.03661482414019,690829,
2013-06-27,76.92819213867188,79.52013838793182,74.48721635803047,78.36256619736906,2503565,
2013-06-28,79.09236145019531,81.28168117345628,77.07919459941218,77.58248321997075,2742879,
2013-07-01,89.5608139038086,91.82563070912624,80.35057002720815,80.35057002720815,3236338,
2013-07-02,86.08811950683594,89.61115822022421,85.68547997335894,89.08270581456672,616679,
2013-07-03,86.99402618408203,88.57938919441689,84.88019234557538,86.28941490457981,836223,
2013-07-04,87.49732208251953,89.08269141171841,86.84303835764354,87.32116924768931,472543,
2013-07-05,88.45357513427734,91.54881609771078,87.57281098545837,88.85620840680232,730808,
2013-07-08,87.06953430175781,88.30260436500572,85.60998993320467,87.97546244434976,458698,
2013-07-09,86.16361236572266,88.37809582296273,85.5596623319299,88.37809582296273,557144,
2013-07-10,86.36492156982422,88.32776055585947,85.83646301688438,86.31459395076529,615996,
2013-07-11,88.78070831298828,89.96344429089217,86.59138918200372,87.11984765647337,857698,
2013-07-12,86.99402618408203,89.6111361243115,86.76753956976162,89.10784765404355,498814,
2013-07-15,87.04435729980469,88.07611052882717,85.73580218402091,87.22051013928967,347476,
2013-07-16,87.3463363647461,88.78071672069049,85.18218083460482,85.55965032579125,413052,
2013-07-17,87.72514343261719,91.01257579605269,86.6897339186372,90.83137833593408,687104,
2013-07-18,84.92953491210938,88.26872956309047,82.83282522855298,88.00987879326769,915791,
2013-07-19,85.39546966552734,87.1815533800227,84.38594464093228,84.92953699613781,662694,
2013-07-22,85.26602935791016,86.68971797293149,84.90363450433183,85.16249160624534,285331,
2013-07-23,85.49901580810547,87.62161019254994,84.72246340350004,86.09437710460037,825223,
2013-07-24,83.24699401855469,86.17203143081207,82.91048990593129,86.17203143081207,673475,
2013-07-25,85.78375244140625,88.99352509530178,81.07263123062314,82.59986423002577,1454677,
2013-07-26,82.4445571899414,88.73467437974917,81.4350320517901,86.19792249286388,1174307,
2013-07-29,81.38325500488281,85.88728782778888,80.39961440972627,84.92953803580569,1760226,
2013-07-30,78.45822143554688,82.13393321365476,77.70755350320178,81.07263288067628,750063,
2013-07-31,76.38739776611328,78.22525036350814,73.82475536180141,77.65577356684143,1207831,
2013-08-01,76.43916320800781,78.69118585181634,74.96370558049216,76.95687109841096,1175774,
2013-08-02,74.29067993164062,78.06992215670489,73.51412139292525,76.87920627356675,547471,
2013-08-05,74.60131072998047,75.42963826593119,71.00325901983435,74.05772476037303,940617,
2013-08-06,74.42010498046875,75.84379356916159,72.53048379514934,74.03182569615473,639122,
2013-08-07,75.50730895996094,76.62036540805248,73.54002139885338,74.44600231158034,614872,
2013-08-08,77.00862884521484,78.40643294969637,74.80838176151939,75.58494030416195,454876,
2013-08-12,77.73342895507812,78.38055904040439,74.49777216707055,77.91462639678969,1134044,
2013-08-13,79.46773529052734,81.0467369839495,76.87921501563162,77.11218133146214,1386518,
2013-08-14,85.24015808105469,87.41452753824676,79.59717162552595,79.7524846383792,9192125,
2013-08-16,82.6775131225586,86.43087795206154,80.81377610905867,85.83551672202144,2005811,
2013-08-19,82.9622573852539,84.36006178100466,79.90779781272501,83.35053673748338,580182,
2013-08-20,85.6284408569336,86.79327895785184,82.10804211123093,84.36006498422367,1162403,
2013-08-21,84.36006164550781,89.38180241308336,83.53173405844917,85.83551936478392,1339678,
2013-08-22,86.09436798095703,86.71561365563271,82.88459548111109,83.86823605635838,602752,
2013-08-23,85.5248794555664,87.44039146072411,84.43770126437938,86.97445885898335,407922,
2013-08-26,86.37911224365234,87.95811410140132,85.16250529774358,86.30145255604272,482577,
2013-08-27,85.6025390625,87.44038489371421,83.91998712320118,85.96492752476219,435859,
2013-08-28,86.32733917236328,87.20744203205251,83.86824077653321,86.24968584417464,845371,
2013-08-29,87.31098175048828,90.23601926482549,85.9649525302664,86.4826541191588,3259476,
2013-08-30,85.34369659423828,87.88044807128385,84.5671443038247,86.53441265075628,510116,
2013-09-02,86.81916046142578,87.67337885667136,84.90364813436209,85.57666907372992,500932,
2013-09-03,84.33417510986328,87.15566826875029,82.8845955071219,86.63796672037972,516933,
2013-09-04,84.51536560058594,85.11072682996142,83.11756761305378,84.6447941674507,433148,
2013-09-05,83.97177124023438,87.23331227528732,83.5834919397399,84.90363647232041,482752,
2013-09-06,83.7129135131836,85.36957481834953,83.01402095566394,83.97177061918268,472470,
2013-09-10,85.49901580810547,86.84505142656725,84.04944877495778,85.36959358802653,925236,
2013-09-11,87.41452026367188,88.94174037769054,85.36957954759883,85.42134842711617,820142,
2013-09-12,92.87630462646484,94.0929114919087,87.00035218354718,88.06164604542076,1666206,
2013-09-13,94.0152587890625,95.38717230572207,92.87630523722578,94.61062000551674,1403039,
2013-09-16,92.66922760009766,95.7236871440119,91.7114714494789,94.94712844682788,395352,
2013-09-17,93.9635009765625,94.86948837025793,91.84091284512331,92.87632246550557,412794,
2013-09-18,93.00572967529295,95.1283173188346,90.70193823328614,94.2223364947653,590539,
2013-09-19,96.55201721191406,97.53565782959492,93.60110172024837,94.22234742172414,878947,
2013-09-20,96.68144989013672,97.43212419680836,93.75641235529238,94.74005301473662,578805,
2013-09-23,95.25774383544922,96.7332077399252,94.377641108255,96.0084180071036,388964,
2013-09-24,95.77544403076172,98.1827731459429,94.79180992300569,95.23185809992304,944574,
2013-09-25,95.64602661132812,97.173253087511,94.5070730931018,96.29315668975735,578655,
2013-09-26,96.9920654296875,98.05335930464976,95.2836350920975,95.2836350920975,694641,
2013-09-27,101.18547058105467,102.97155421480248,97.32856810877745,97.32856810877745,1755444,
2013-09-30,97.53563690185548,100.40889844985148,97.01793544239472,100.40889844985148,533762,
2013-10-01,104.60232543945312,105.50831266231594,100.95250483029798,101.4184374812695,2885773,
2013-10-03,108.97694396972656,110.99599420782896,106.49196738001687,106.59550515562356,2713748,
2013-10-04,111.5395736694336,112.57498947360097,108.71808691368877,109.85704048144696,2256599,
2013-10-07,110.8665542602539,112.03138578961676,108.32979024980553,111.5136843013168,722970,
2013-10-08,114.23165893554688,114.93055801173288,107.68268464010772,107.68268464010772,1172636,
2013-10-09,112.9114990234375,115.37060372545804,112.36790665418536,115.18940626904066,703480,
2013-10-10,115.44827270507812,116.19894067193664,112.44557539213484,113.89515516014258,760111,
2013-10-11,115.31884002685548,116.48367178280944,114.2834241260876,115.9659701938026,340375,
2013-10-14,115.65531158447266,116.71660526833148,114.02453486258554,114.02453486258554,398893,
2013-10-15,118.70978546142578,122.15252384668324,115.44824450290562,115.96594598383302,1965074,
2013-10-17,117.72615051269533,120.34056170275136,116.01772654759748,119.20160815176855,781520,
2013-10-18,119.09805297851562,120.88413636542803,116.7424992607402,117.26020071813844,495534,
2013-10-21,117.36375427246094,120.62529552203428,116.56131754155324,119.0980690194986,454111,
2013-10-22,117.3119888305664,120.57353017573912,115.99183781108502,117.1566821847022,1008401,
2013-10-23,117.15668487548828,118.76157114395735,115.75887413959418,117.77792419596643,242829,
2013-10-24,116.84605407714844,118.96864181303576,116.35423062325896,118.76156628892616,175181,
2013-10-25,115.70709228515624,117.777910992524,115.24115966634248,116.84604575489648,215817,
2013-10-28,115.3447036743164,117.23432505206137,115.08585927358236,115.7588674382434,317787,
2013-10-29,118.2956314086914,119.0204084521758,113.40331320934484,115.34470346369152,735469,
2013-10-30,130.30642700195312,133.85271741612792,121.66075377276856,121.66075377276856,4299500,
2013-10-31,136.5965118408203,137.14009145248878,130.02164766953797,130.97940377455356,5407357,
2013-11-01,143.40432739257812,144.90567580874625,134.8621949854278,136.67415668266307,2151374,
2013-11-05,140.7381591796875,143.6373057722822,139.0815039839191,141.92888169199023,587317,
2013-11-06,136.38941955566406,141.54058209507787,135.1210374795712,141.54058209507787,1176207,
2013-11-07,136.18234252929688,141.07466107434064,134.73277561714744,136.88125426626988,813128,
2013-11-08,135.40577697753906,138.14961647682938,133.9044286759507,135.6387432819362,371535,
2013-11-11,148.270751953125,149.74620953947522,132.53251649413562,133.59381032426907,2921561,
2013-11-12,141.66998291015625,151.99819676738687,140.53104233986255,147.15766117538902,2314758,
2013-11-13,142.91250610351562,145.21629128133682,139.18503216968384,142.67953977782318,785516,
2013-11-14,144.69857788085938,147.98600969552805,144.1808763909771,145.00920386388944,831225,
2013-11-18,144.4915008544922,147.20944955123107,143.5337448384934,144.9833115394701,720496,
2013-11-19,147.10592651367188,149.9533040470269,142.91250717428338,144.59505307044876,1267815,
2013-11-20,145.4492645263672,149.7203306239837,144.02556310440946,147.6494991317282,1138811,
2013-11-21,143.1454620361328,146.17404949574944,142.3947942325986,145.26806233786206,372875,
2013-11-22,140.89346313476562,144.85390359112415,139.34034573779076,144.31032395266098,648771,
2013-11-25,140.45339965820312,143.3525457493118,138.9261732992957,139.78037883030683,772193,
2013-11-26,140.32398986816406,141.85121643125015,138.744981699835,139.80627559775945,229650,
2013-11-27,138.74497985839844,141.33351300780686,136.1823375112679,139.00383699016515,601114,
2013-11-28,146.174072265625,147.18358461241553,140.5051948492204,140.556963734485,2396481,
2013-11-29,148.86611938476562,151.94646324585415,146.01874185113735,146.01874185113735,1164667,
2013-12-02,153.18894958496094,155.2856591866728,146.66586718269335,148.65902630231582,1145682,
2013-12-03,150.67807006835938,155.05268653330785,150.13449049266785,154.01727081397485,1001586,
2013-12-04,148.7884521484375,153.73253910098532,148.16721288099689,150.1344938862712,744632,
2013-12-05,149.35794067382812,152.1276584838499,148.94377690627104,151.58406615341514,582298,
2013-12-06,147.4683380126953,151.273459363605,146.821195116099,149.04733360122916,445060,
2013-12-09,146.5364532470703,150.548675410714,145.34573072759906,150.1345116092785,576671,
2013-12-10,144.87977600097656,149.43557712369946,144.10323012382932,147.80481296983777,1069807,
2013-12-11,144.25851440429688,146.82115634066042,142.96425439842665,144.7503377867179,331607,
2013-12-12,142.31715393066406,146.458791898066,141.90299013392388,144.85390559535355,422127,
2013-12-13,140.298095703125,144.18088902433797,139.46976815763327,142.03241047735855,595761,
2013-12-16,138.33084106445312,141.38530742449092,136.8553958597196,140.5052108293884,562628,
2013-12-17,142.91250610351562,144.77624943180788,138.46025511350334,138.61554903362796,1079029,
2013-12-18,143.89614868164062,146.51055978932857,142.9901614852259,144.33619051793323,1397441,
2013-12-19,145.39749145507812,148.01188973895614,140.71224901590315,143.9996808742478,1128406,
2013-12-20,151.42874145507812,153.75841714082574,143.84436598054268,143.94790372939784,2885395,
2013-12-23,150.238037109375,153.9655110178807,149.2802810112567,153.0854146020498,1512685,
2013-12-24,153.34426879882812,157.79653239630036,150.4192316797367,150.44510975816976,2760735,
2013-12-26,152.04998779296875,155.9068899846157,150.70395882655055,153.7843024199077,2206898,
2013-12-27,154.7420654296875,157.84829996298336,151.68759977557963,153.05951960369353,2409054,
2013-12-30,153.49957275390625,156.2434123849834,152.7230141277004,155.67392927363127,1097019,
2013-12-31,160.02264404296875,160.33327001666285,153.81018818284312,154.690284506017,3424420,
2014-01-01,160.255615234375,162.35232471737342,158.96135514768528,161.16160238415847,2215475,
2014-01-02,155.18214416503906,163.54308027299044,152.7489301275848,159.99680335269375,2175164,
2014-01-03,160.15211486816406,160.77336697954644,154.40559009027325,155.18214886812385,1740503,
2014-01-06,163.18064880371094,164.08663593468984,158.93546104908947,160.48857820998143,1640293,
2014-01-07,162.76651000976562,165.14795499157864,158.5472124079995,164.26785852498543,1647401,
2014-01-08,160.59214782714844,163.3359749008622,159.22022792891508,161.78285755483375,1226268,
2014-01-09,156.91644287109375,161.5240264055938,155.36333812031984,161.5240264055938,1459320,
2014-01-10,156.55404663085938,160.0744323509245,155.59629051730397,156.91642880095193,1184522,
2014-01-13,157.9518585205078,158.9613836044883,155.8551486621625,156.37286296771947,1038148,
2014-01-14,157.77066040039062,159.3237778650788,156.4246312016127,158.6248788227953,897714,
2014-01-15,157.30471801757812,159.97089816941383,156.60581901833783,158.1589363873739,873968,
2014-01-16,153.99139404296875,158.28833814391194,152.4123860117967,157.38236369490556,1502968,
2014-01-17,154.198486328125,157.09763287035906,152.23120513663497,152.23120513663497,1454724,
2014-01-20,155.07858276367188,156.45050270907316,152.7747974677163,152.7747974677163,696510,
2014-01-21,159.03903198242188,159.81559066276668,155.31154522766556,155.8292594963975,1267494,
2014-01-22,160.4109649658203,161.36870845096607,158.41779285883155,159.66028430408576,957370,
2014-01-23,157.40826416015625,162.32646094201806,155.98457528322905,160.33330160342152,1263355,
2014-01-24,153.6030731201172,158.3141926092495,152.7229769507241,157.38232757374496,758668,
2014-01-27,143.40432739257812,152.10176644026205,141.5923529725903,152.10176644026205,1052235,
2014-01-28,142.1876983642578,145.24216373704587,140.4533965415594,142.26535803726335,685429,
2014-01-29,145.7340087890625,147.88247464920508,142.6277740801651,142.6277740801651,1501551,
2014-01-30,141.35939025878906,145.68223817564075,138.6673320843069,142.8866295154071,1939625,
2014-01-31,142.88661193847656,143.7925863373973,141.2040662443358,141.2040662443358,1473323,
2014-02-03,138.27903747558594,143.7667166793236,137.26951254454002,142.34302800022684,920398,
2014-02-04,141.5664825439453,143.5855325937514,133.82678644543756,133.82678644543756,1967919,
2014-02-05,142.52423095703125,143.89615081111836,139.88392900919308,140.815794297723,962366,
2014-02-06,153.86199951171875,154.97506244159254,143.92205467012937,144.1291429506492,4750862,
2014-02-07,152.30886840820312,156.70936357012565,150.3933560552537,155.3115527883572,2332498,
2014-02-10,151.71347045898438,154.74204491052598,150.93691192863392,152.43826011701157,793923,
2014-02-11,153.62901306152344,154.74207584586907,149.22851808406045,152.15355537571585,973131,
2014-02-12,156.7870330810547,158.34013789189547,152.8007014708947,154.79386091459742,2013908,
2014-02-13,151.0663604736328,157.874178010958,150.08271360099317,157.3823672973905,1791793,
2014-02-14,149.59091186523438,154.12082265407793,147.5459710398355,151.68760885016513,1465900,
2014-02-17,144.87977600097656,150.08270716982335,143.093692493484,147.75304409287807,1230612,
2014-02-18,144.59506225585938,147.02827617025562,143.09371371041166,144.90568828642677,1859342,
2014-02-19,141.04879760742188,145.55283090715474,140.45343629893972,144.62095273556002,1611628,
2014-02-20,142.213623046875,143.81850942728164,138.5896864692714,140.84170301824076,1558794,
2014-02-21,140.50515747070312,144.15497105430714,138.84850269193953,141.3334848600849,2042508,
2014-02-24,141.1522979736328,142.80895287592634,138.84851304530284,140.84167199876492,1504814,
2014-02-25,143.8184814453125,144.62091811801304,141.3334990280601,141.3593771050253,1484439,
2014-02-26,144.4915008544922,146.51055063882706,143.66317339029078,144.82800491096413,1257876,
2014-02-28,143.43017578125,145.99281751747887,142.16180667256344,145.11272129113004,809275,
2014-03-03,143.22314453125,145.65635848383528,142.16185057267867,144.8539089525046,836466,
2014-03-04,148.47784423828125,149.97919279515472,142.11008053833385,142.11008053833385,3122547,
2014-03-05,148.4001922607422,151.94646890892156,147.08004120742976,150.44512040274756,2306032,
2014-03-06,151.24755859375,151.9464575499317,148.14132404705052,148.27075260695506,1575341,
2014-03-07,149.53915405273438,154.25026263969644,148.32254069934044,152.0500150045671,2004499,
2014-03-10,149.77212524414062,151.8947132573456,147.90838166989087,147.90838166989087,1328451,
2014-03-11,145.55279541015625,150.41922246935098,145.08686279936657,149.09907159027915,1229510,
2014-03-12,148.55548095703125,149.56500586589658,142.9383860426787,145.83753221533652,1583561,
2014-03-13,147.18357849121094,151.11814083522495,145.94108712827284,149.4614856846408,1380789,
2014-03-14,146.09640502929688,149.33205561184096,145.08688001190262,145.73401012841143,901304,
2014-03-18,146.97650146484375,149.22851783245088,144.59505652939654,147.54597189603626,1362276,
2014-03-19,148.5296173095703,149.4873734344569,145.70811781696486,146.9764999569301,1203286,
2014-03-20,147.80484008789062,153.39605794389485,147.3647854688678,149.09910041759895,2026546,
2014-03-21,147.54595947265625,150.47099651309154,146.7435227760181,148.71080376238376,1122786,
2014-03-24,147.90838623046875,149.51327269249362,146.51058804874782,147.8048484516942,809180,
2014-03-25,147.5977325439453,149.77210182773993,146.79529582451096,148.55548862522355,1179291,
2014-03-26,148.86611938476562,149.7721066153072,145.00921685789183,148.011901035576,1978068,
2014-03-27,153.5513153076172,155.6997933810242,150.1862369861393,150.85924501678488,3067988,
2014-03-28,156.6317138671875,157.848327268192,154.40558806326007,155.2597938017536,2277966,
2014-03-31,158.9872589111328,160.25562830149988,155.82925539063748,156.86465845531458,1714908,
2014-04-01,156.26930236816406,158.4177809735879,152.77479464538877,157.82241973889825,1054748,
2014-04-02,156.37286376953125,158.83195584252,155.67395199799645,157.2788383633934,1792766,
2014-04-03,156.3469696044922,160.20387241489613,155.31155373307837,157.01999055704889,1464418,
2014-04-04,156.68348693847656,158.4178019899698,155.9845878457532,156.8646844131924,709454,
2014-04-07,151.3769989013672,157.12352308052215,148.8661253571687,156.55405264005088,1435713,
2014-04-09,152.33473205566406,154.1725843923431,150.70395522144105,152.33473205566406,1318555,
2014-04-10,151.63584899902344,154.76797470720967,150.88518107705318,153.60313025678582,1134167,
2014-04-11,154.66441345214844,156.9940894681432,150.18627159046994,151.1699057895328,1928775,
2014-04-15,161.8346405029297,162.79239663169005,154.30202003988256,156.19165421764797,3349436,
2014-04-16,158.88368225097656,164.3972516446404,157.90004822930803,163.43949569781148,2459339,
2014-04-17,160.8768768310547,162.74060739617298,157.46001625708365,159.97088962703748,1382256,
2014-04-21,160.15211486816406,163.543085229469,159.2202494238452,161.73111050689934,972601,
2014-04-22,159.3237762451172,161.6016835331992,157.97774706002534,161.00632226854734,1239767,
2014-04-23,160.77333068847656,162.76648971063636,158.96135637492054,159.71202417753557,3446308,
2014-04-24,160.77333068847656,160.77333068847656,160.77333068847656,160.77333068847656,0,
2014-04-25,156.47637939453125,161.52400412587895,155.36331669037563,161.47223524693592,1127357,
2014-04-28,157.56358337402344,159.7638182517404,156.34697003979375,156.34697003979375,822905,
2014-04-29,153.37013244628906,159.55671018125847,152.61946467832357,156.39870703965158,682039,
2014-04-30,146.5364532470703,155.80337625591042,145.00922661479325,153.55135979043283,1580392,
2014-05-02,144.4656219482422,147.80482287940944,143.19723984805975,146.76940710254073,1235117,
2014-05-05,141.4111785888672,144.93157751976506,140.2981156766676,144.43975399375063,932021,
2014-05-06,142.23948669433594,145.31984328704382,141.46294074906837,142.11007085195993,710831,
2014-05-07,140.68638610839844,143.7667300665327,140.4016381678624,142.29127237188254,832565,
2014-05-08,139.28855895996094,142.67952853907823,138.61553811500008,141.1005332645664,707600,
2014-05-09,142.0583038330078,143.0160472374624,138.7967497509073,138.7967497509073,1230771,
2014-05-12,143.37843322753906,146.71763406407197,142.4206771598357,142.6277653984415,1031056,
2014-05-13,147.80484008789062,148.9437937582254,144.18090353105484,144.18090353105484,1318702,
2014-05-14,150.08273315429688,152.5677287378628,144.95746077490492,149.30618714270287,1167702,
2014-05-15,147.93423461914062,152.61946407696692,146.53642411546113,151.558170341947,1475511,
2014-05-16,152.3865203857422,157.35648575219696,148.84023108730543,149.61678976615812,1977369,
2014-05-19,157.5894775390625,163.90548575455733,152.74893995764825,152.74893995764825,3422993,
2014-05-20,172.55111694335938,176.8221829977381,159.55672134455392,164.11252259134082,7224081,
2014-05-21,174.7255096435547,178.68595023699964,172.78410646875983,174.41488360885705,2857862,
2014-05-22,174.10426330566406,176.0197757394786,171.36042323388983,176.0197757394786,1234888,
2014-05-23,177.65052795410156,180.9897290804544,173.1982640265489,173.1982640265489,1759960,
2014-05-26,174.13014221191406,186.83980387562025,163.07713571092484,179.8507755948106,2204289,
2014-05-27,174.2336883544922,178.1423601120935,167.8400337333597,174.49254550714275,989356,
2014-05-28,173.53477478027344,178.60827785451045,172.1628548870479,175.50205589654493,1346312,
2014-05-29,168.90130615234375,175.24319107832235,167.27052919967662,174.0524686844629,1762155,
2014-05-30,180.057861328125,183.164096076064,169.3154810013815,170.32500602218633,2523276,
2014-06-02,184.22537231445312,185.3125441937814,178.24586972576364,179.695449195204,1977997,
2014-06-03,183.966537475586,186.76214627457765,181.7662899275161,185.8302809158316,1175176,
2014-06-04,182.2581024169922,185.9596982708022,180.2390524463236,184.30303046675755,1016766,
2014-06-05,184.7948608398437,185.8043858629815,178.66005101531343,181.9733740247232,910509,
2014-06-06,193.7770538330078,194.76068808150245,185.364349306798,186.37387435885333,2044357,
2014-06-09,199.1094207763672,203.09575222950875,191.8097788342001,195.951416945482,1805072,
2014-06-10,196.7538452148437,200.30012166906536,192.8451738747196,200.30012166906536,1021266,
2014-06-11,190.51548767089844,198.69522479709445,186.7362323737937,198.69522479709445,1028451,
2014-06-12,189.7130584716797,194.139444295306,186.1667818303879,190.51550796786623,1070974,
2014-06-13,182.98287963867188,193.8287966055715,179.17774628409396,191.0849570444436,800981,
2014-06-16,189.7130584716797,190.8779028728856,177.57288004454625,183.24174451001969,679190,
2014-06-17,196.28790283203125,197.50450326914336,186.3738510101624,190.3342910342961,1084645,
2014-06-18,193.18167114257807,201.8532318511556,187.2798281382373,197.7633632123917,2055908,
2014-06-19,187.9528350830078,196.46908852486345,186.9433102177545,195.9254962554576,1074334,
2014-06-20,188.5222930908203,192.5603922875652,186.5291342895233,188.4446461450948,745766,
2014-06-23,188.34112548828125,190.7743391657129,185.90791181084964,189.99779324905072,663535,
2014-06-24,193.3369903564453,195.1748429195237,188.4446846966112,189.9978020473612,889824,
2014-06-25,196.88327026367188,197.71159778159424,189.24711243990072,193.7511449089476,901461,
2014-06-26,194.4241943359375,199.31651320390648,193.1558120716759,197.6598579248121,1866420,
2014-06-27,196.7538452148437,197.53040386709884,191.05909024680813,192.9487116356196,667015,
2014-06-30,203.4322204589844,204.4935269653377,197.271533265028,197.4527306956004,2752818,
2014-07-01,207.83273315429688,208.99757751652425,201.9309025506224,206.279615819829,1788712,
2014-07-02,206.20196533203125,210.13652748235043,204.23468425687165,209.54116627174625,824207,
2014-07-03,203.3546142578125,207.31505500150308,201.82737483042496,206.92678198546665,554569,
2014-07-04,211.58612060546875,212.7250742876803,203.4840416966252,204.4935667999653,2057562,
2014-07-07,209.33409118652344,213.5016199227443,208.11747788717483,213.5016199227443,823045,
2014-07-08,197.918685913086,210.913082630348,193.6735102938763,209.67059127428035,1134621,
2014-07-09,190.3343200683593,199.5753524419051,187.7716775243898,196.21027308422745,1694069,
2014-07-10,186.55503845214844,196.6503005785065,178.68592716657596,190.6190290142869,3337440,
2014-07-11,180.4720458984375,190.4119906029997,178.66007117919884,186.6845033870672,1173985,
2014-07-14,182.69813537597656,185.33843723502395,177.8317081308029,181.7145012403573,627843,
2014-07-15,189.06591796875,189.7130480571156,182.90523036712807,185.7526078450376,855427,
2014-07-16,191.29205322265625,192.0686118613218,187.6939952281969,189.9719022646496,551773,
2014-07-17,194.08767700195312,195.2266306095214,188.5223375345008,189.5577533748593,813434,
2014-07-18,192.3533477783203,196.77972058476217,191.03319681538497,193.67349874125563,844382,
2014-07-21,196.003158569336,196.9609146348714,192.68984854116064,193.1299030954817,463747,
2014-07-22,200.2742462158203,201.6461533726124,196.2102554583145,197.7116039020574,1046052,
2014-07-23,201.49082946777344,203.7169675021132,196.8573686920417,201.387291714386,1130142,
2014-07-24,199.005859375,201.64614858641056,198.41049817202224,200.48131698178128,291209,
2014-07-25,193.05224609375,199.8341856034668,190.25663753800995,198.85055144623988,834832,
2014-07-28,190.4895935058593,194.39826456670875,188.8847074355684,194.39826456670875,325571,
2014-07-30,195.8222045898437,196.50874844020265,188.5607305167032,193.2872914201354,422180,
2014-07-31,196.13905334472656,199.0964517617258,194.39630232843632,195.24127330472183,691920,
2014-08-01,197.61778259277344,203.0044764531296,193.6833835821291,194.87162010338767,948674,
2014-08-04,199.7566070556641,201.4993581552849,198.0402539999707,199.5453578122973,802667,
2014-08-05,195.00363159179688,198.51554474561817,193.34008763443407,198.04025018019712,1331896,
2014-08-06,188.1118621826172,195.39973489133845,186.078641490388,194.55476376631592,1038280,
2014-08-07,185.5769195556641,190.3562891616644,184.04540476607187,185.89377394380952,1753031,
2014-08-08,180.4278717041016,185.2864616969601,179.8733700013425,184.86397617490235,1042714,
2014-08-11,178.5266876220703,183.75495390145664,177.49687838391176,182.3290571987197,1065909,
2014-08-12,184.6527404785156,186.26346248063345,178.28904660464426,179.58290121963387,1710975,
2014-08-13,182.6723175048828,185.07521431224524,178.81713896988998,184.44147957801653,967428,
2014-08-14,184.75833129882807,185.62971324000216,181.2992275318716,182.72512407393924,562490,
2014-08-18,191.30685424804688,193.1024141355085,184.8375434711533,186.31623603189016,1030826,
2014-08-19,191.38609313964844,192.7591677192609,188.9567983599113,192.2310641083928,722611,
2014-08-20,188.0062255859375,192.36311025596808,185.4449142381096,191.17487370173816,577887,
2014-08-21,189.8809967041016,193.2608939182711,187.24046538949628,187.24046538949628,581625,
2014-08-22,188.3758850097656,192.6535621744884,186.8179721178477,190.06582705762025,1101818,
2014-08-25,187.6101226806641,190.9107864866691,186.263446137323,188.32306450535447,834762,
2014-08-26,187.0820159912109,189.59051784685,185.89376665787643,185.9465757204976,428917,
2014-08-27,189.85459899902344,190.8315992211271,186.2634655028783,188.0326277164609,874669,
2014-08-28,198.4627380371093,200.60157658529164,191.17485333840625,195.37331034679684,3497469,
2014-09-01,198.51551818847656,201.4729162942068,197.11603272285305,200.94481273420897,994506,
2014-09-02,196.29751586914065,202.1595043069982,195.4789428422992,200.944856767962,1483292,
2014-09-03,196.2182464599609,200.7863661168852,194.5811137961276,199.6245409179732,1233194,
2014-09-04,202.2386932373047,204.1134733267025,194.7659709213173,196.1918545195685,2361331,
2014-09-05,203.5853576660156,207.57257810743707,201.7633866300513,203.69098876806865,2093518,
2014-09-08,207.6518096923828,208.86645719289487,201.05046853084903,203.7702198953891,1773766,
2014-09-09,204.50955200195312,208.04787600744865,202.84602110296697,207.6517885697168,709726,
2014-09-10,208.97206115722656,210.55638500509352,202.81961695901185,203.84942616228645,1473194,
2014-09-11,206.8860321044922,211.00526866665388,203.875824763955,210.18669577115347,832060,
2014-09-12,203.2420959472656,207.81022912977247,202.26509583974263,207.54617083745111,1495761,
2014-09-15,200.17909240722656,205.16971171683687,198.62117942887016,202.21231296900453,565751,
2014-09-16,194.52833557128903,201.94823630181807,193.6041444907783,201.8162201289357,1446637,
2014-09-17,190.0922088623047,196.66713782049936,185.52407604369344,195.9541960620905,1843223,
2014-09-18,194.87161254882807,195.82220172898369,189.59053703322783,190.77878648681204,967098,
2014-09-19,195.7693786621093,197.7761879932397,193.31368579617725,195.9278188330656,1187613,
2014-09-22,195.1884613037109,197.908212403851,193.84178477477488,194.87159394777507,831356,
2014-09-23,192.0990600585937,195.7694007501549,191.06925074474395,194.97723874116343,569388,
2014-09-24,189.9866180419922,192.7063693091397,187.74216134873984,191.70295811679267,643032,
2014-09-25,184.7055511474609,190.9372159158389,183.01560903931707,190.2242740224138,814769,
2014-09-26,186.42190551757807,187.7421711760379,182.01219901030524,183.7813612222685,620257,
2014-09-29,190.9371795654297,192.7591504873556,186.685914080936,187.2668396815081,1190353,
2014-09-30,189.273666381836,192.5479323663195,188.5871355317404,191.1748576877388,415503,
2014-10-01,190.0922088623047,191.12201795058004,188.8247525212264,189.6961344337622,551568,
2014-10-07,195.45252990722656,196.45592811250145,189.5377198718305,190.11864555142265,1387798,
2014-10-08,191.1748504638672,197.2744856648031,189.5905265985461,196.98402931778503,784005,
2014-10-09,197.1424865722656,198.56837038756325,190.64676335299933,192.2310873555901,865903,
2014-10-10,199.6773834228516,202.76681108122904,192.9968225180965,195.1356610441699,1506618,
2014-10-13,198.8587951660156,199.62455900002809,195.84858782637448,199.62455900002809,430879,
2014-10-14,202.87245178222656,204.32474666410448,197.90824335041148,198.56837620777503,834250,
2014-10-15,202.87245178222656,202.87245178222656,202.87245178222656,202.87245178222656,0,
2014-10-16,191.4389038085937,204.45674682764107,186.07860863572145,202.26509930333145,622656,
2014-10-17,193.2080535888672,195.3468789354212,190.7259498825152,194.05302451109816,887834,
2014-10-20,197.80259704589844,199.0964515516266,194.73956752630428,194.84519863202004,611493,
2014-10-21,197.88180541992188,200.65437861793467,196.74637809791025,198.0666436331228,402026,
2014-10-22,201.49937438964844,202.5819927808552,198.9116390864618,200.099888597057,368834,
2014-10-27,202.0010528564453,204.11349339833475,199.30771257987897,203.3213314397236,623020,
2014-10-28,202.29151916503903,203.2949173757944,200.6807842493245,202.5291664512282,334247,
2014-10-29,201.8426208496093,204.77362132451384,201.2088990848449,202.26510635224875,505207,
2014-10-30,208.9984741210937,212.1935198895665,201.4465442196885,201.7370005662061,2578561,
2014-10-31,212.6687927246093,214.14749830618817,208.6551873916156,210.7148056068787,1368985,
2014-11-03,217.4217987060547,222.280388706796,209.20972256819525,213.88347434158703,2141877,
2014-11-05,217.3689880371093,221.27697584910425,215.4942077325948,217.63304635377528,1639222,
2014-11-07,225.8715057373047,226.7164767699835,219.1645595215076,219.1645595215076,1842033,
2014-11-10,228.0631866455078,230.0171871990407,224.76249635488497,228.11598273905165,1748151,
2014-11-11,230.99411010742188,234.32119751738543,227.61422661863148,229.7266408207384,1558109,
2014-11-12,229.96432495117188,232.8953122907467,229.2513701587021,232.28800158046107,901875,
2014-11-13,227.16534423828125,232.28799182443072,225.3961823092669,230.78288817623243,992569,
2014-11-14,230.2547912597656,233.0537625530258,227.0861435331776,227.2181856632393,1051672,
2014-11-17,233.50262451171875,235.7998769015672,229.48900638255824,230.2547571791744,1164506,
2014-11-18,234.9813842773437,239.8135503975315,230.62448680307,234.4796656723808,1254708,
2014-11-19,228.30079650878903,236.5392704153272,225.63386728080832,235.535885177731,1261422,
2014-11-20,227.16534423828125,230.22837357355127,224.73604958561447,227.61424071999105,1010114,
2014-11-21,229.5154571533203,232.31442867536376,227.19178023343707,227.19178023343707,817331,
2014-11-24,233.5818634033203,236.4336305908152,228.749672052715,230.0171414405636,1255147,
2014-11-25,231.178955078125,234.63805874339712,223.9702914351904,233.977926041278,1183846,
2014-11-26,236.51287841796875,239.1006135802793,228.2480062561922,231.1525958242476,773474,
2014-11-27,242.0052185058593,243.8271768788766,237.54270275694927,238.1764375654349,1564523,
2014-11-28,242.13723754882807,244.1968562331025,240.31527915433057,243.88000180351472,768434,
2014-12-01,235.00778198242188,242.29566715555003,233.9779726852794,239.6023137729974,446970,
2014-12-02,246.59976196289065,248.23688217477664,234.53250581877708,237.01459716252285,910862,
2014-12-03,247.3654937744141,250.5605398073454,244.5929202961942,247.2334775902618,994481,
2014-12-04,240.71128845214844,248.5800845773697,238.9949227091693,248.21040819796875,591014,
2014-12-05,244.4873046875,246.5205252592345,239.41747823781785,241.82037527714053,627755,
2014-12-08,236.0111694335937,243.69512834070864,235.0605543686668,242.5860990622752,758491,
2014-12-09,226.9013214111328,240.18322399619416,225.6338778046618,234.29482464535,650642,
2014-12-10,228.6176605224609,230.59805876893813,225.66024919538447,225.66024919538447,458639,
2014-12-11,227.82550048828125,230.7829120079765,224.5776326167271,228.14238084069348,552280,
2014-12-12,227.82550048828125,233.89873774709943,226.7692932127237,228.1159568401401,820460,
2014-12-15,229.46261596679688,231.4694121196635,224.5512047673264,227.56141197501387,405735,
2014-12-16,219.63986206054688,232.86894270353588,217.765081702736,227.6142780925888,510726,
2014-12-17,218.37237548828125,223.3894053866741,207.9950762362825,220.22075765682368,1047666,
2014-12-18,228.6704559326172,229.70026509429235,219.16453918618785,219.16453918618785,692211,
2014-12-19,224.97373962402344,232.155980455592,223.46863577646832,230.94133296837384,358341,
2014-12-22,232.4464569091797,234.3740332479544,224.7624717276247,225.26419030200665,892965,
2014-12-23,233.7667236328125,235.79991811375328,229.96434106778588,233.4234452335984,850237,
2014-12-24,231.0205841064453,238.17645381194987,229.27784571021056,238.17645381194987,1637894,
2014-12-26,228.2743988037109,232.8953283826377,226.5316347221336,232.18239949768508,280051,
2014-12-29,227.0597686767578,231.5750804676901,226.1355774990616,229.4098436899936,269739,
2014-12-30,227.2445831298828,229.19858342154623,225.5810391841288,227.08614295692203,476953,
2014-12-31,232.86892700195312,234.08357444582305,226.74289369539704,227.93111713888527,556315,
2015-01-01,233.2122039794922,235.11338224294929,231.6806761945711,233.15938193582804,575332,
2015-01-02,229.96432495117188,235.21898892003588,229.2513701587021,233.37060683346755,390750,
2015-01-05,230.8357086181641,235.13978377502065,229.72667929576733,229.72667929576733,664332,
2015-01-06,220.1151428222656,229.96433859287976,218.6364370652927,229.51544206568752,892644,
2015-01-07,223.732666015625,225.42260807254425,216.52401422942307,216.52401422942307,431581,
2015-01-08,224.8152770996093,227.1389537081429,222.38598236661204,225.5018078870124,446490,
2015-01-09,224.5776214599609,227.85188721262807,221.91069238139312,226.0299291038848,479740,
2015-01-12,222.0955505371093,225.9243312660089,221.43541771880115,224.445625446829,557619,
2015-01-13,224.6304473876953,225.8450948001296,221.1449453214684,221.1713433643885,1040978,
2015-01-14,223.89108276367188,229.8850994252512,220.96009549349,224.1551410493266,743308,
2015-01-15,229.09298706054688,230.967767443874,223.09896944304865,226.5580738361939,886964,
2015-01-16,225.4754180908203,230.43962586282188,224.70966719287145,229.0929622806896,509557,
2015-01-19,224.60406494140625,231.31101124006017,224.18156644145776,225.76589039190048,811995,
2015-01-20,224.023193359375,227.03340163102524,223.44225457065545,225.1850190232456,476930,
2015-01-21,223.8383026123047,227.29740669999788,222.8876875249324,224.70967165588632,983646,
2015-01-22,220.82809448242188,226.29402154702456,218.7156797174821,224.0759626827347,424190,
2015-01-23,219.8246917724609,224.3136052390854,217.10492747838072,222.0955465501333,961372,
2015-01-27,215.0717315673828,221.4090276158836,213.61943671933312,219.95671978944355,1298270,
2015-01-28,213.0649261474609,218.6892803930491,211.0581165584269,215.07173573649496,1331345,
2015-01-29,217.26336669921875,219.1117359534649,210.92607101977023,212.8008512966496,1238050,
2015-01-30,216.7880401611328,220.48480430275885,216.18071647763543,218.29314385971577,492135,
2015-02-02,216.10153198242188,221.0129180481049,214.4115898999525,214.4115898999525,673219,
2015-02-03,219.0061187744141,221.40901568731525,215.4149854056312,217.1313384893621,1088765,
2015-02-04,219.666244506836,223.6006431743081,218.24036080569624,221.11852625148424,1201060,
2015-02-05,215.04530334472656,224.2079552840199,213.4873904813684,219.79826202258872,669085,
2015-02-06,208.36471557617188,217.23692300155804,207.0708611863276,215.49417214319604,790889,
2015-02-09,204.32472229003903,208.0478846589565,201.05045644020703,207.5461790749885,627851,
2015-02-10,203.136474609375,208.60238772959505,199.1492671373496,203.3477108571809,571394,
2015-02-11,209.68502807617188,211.2429409925249,203.50617249989497,203.74381979295256,878500,
2015-02-12,218.3459930419922,219.164566054645,209.9226805085383,210.7148424975872,791627,
2015-02-13,216.55039978027344,222.0691351479428,215.52059058760176,221.2505622110044,982673,
2015-02-16,212.69520568847656,218.6100150904892,211.74461665070527,217.55379495421937,465708,
2015-02-18,217.81784057617188,218.63641345420768,212.3783386633997,214.83404431911927,775476,
2015-02-19,217.26336669921875,219.69264866749924,213.46098410019383,219.1645579987312,760204,
2015-02-20,216.9993133544922,219.481417424865,215.4677984664439,216.8936952183205,851082,
2015-02-23,210.71481323242188,219.34937382032493,209.1832985358468,218.0555063896198,1532740,
2015-02-24,213.936279296875,215.2565578861572,209.15690947927447,211.0052917172357,643023,
2015-02-25,212.906478881836,214.93969942799475,212.29915511820784,214.83408128955247,414751,
2015-02-26,209.05130004882807,215.7054504257476,208.07429982214225,212.9328899317628,838344,
2015-02-27,210.7940216064453,213.24972733975943,208.4439469751233,209.68500535182795,1300335,
2015-03-02,223.1781768798828,223.6798955195716,210.21315361199888,211.24296298190995,1089792,
2015-03-03,226.6900634765625,228.14237113082427,217.31616265759905,223.91749029485044,1344993,
2015-03-04,223.4686279296875,233.3178236610981,221.8050839597145,233.15938348583063,1734544,
2015-03-05,225.7658843994141,227.35020830780417,222.62366058346515,223.89110413611,451105,
2015-03-09,218.9004821777344,229.35701402112835,217.897071052162,225.7130718925752,867816,
2015-03-10,222.8876953125,230.9677551184193,220.2207660449731,220.27356213364067,1106903,
2015-03-11,226.00352478027344,227.61424659098927,219.7190517445648,223.33656981904903,852026,
2015-03-12,227.2709808349609,229.19858308052216,223.97031694837608,225.92431723713216,1154522,
2015-03-13,223.81187438964844,230.78290447711944,221.8578741217235,227.9047131394477,1074394,
2015-03-16,222.49159240722656,224.9737090906607,220.37917808114827,223.5477995702657,355621,
2015-03-17,226.95413208007807,230.14917791641776,223.38940980272213,226.50523555073272,1256056,
2015-03-18,231.4166412353516,237.5954964786449,226.2939932424188,228.0367313119972,2290508,
2015-03-19,226.5844573974609,234.37403480632744,225.05295553380995,233.37062360767047,891090,
2015-03-20,222.4123687744141,229.72665063272663,221.03930727143128,226.5580291942295,979349,
2015-03-23,223.0989685058593,225.84511799817736,221.276984221671,223.86471948341887,418268,
2015-03-24,219.37579345703125,225.237794534576,218.21394207646924,222.86129568515943,668669,
2015-03-25,214.6492462158203,221.0657493856275,213.93629132487152,220.22077830887883,887953,
2015-03-26,213.2761383056641,216.0751095994982,211.1901218353308,213.88346202077167,1701165,
2015-03-27,214.1211395263672,216.49762565724424,205.2225317820831,214.4116088924629,865349,
2015-03-30,219.1117401123047,220.1943714281913,213.51379721965893,214.93969396595483,630931,
2015-03-31,222.8612670898437,223.86467816322264,218.1347199551777,220.22073622421297,685278,
2015-04-01,225.0001220703125,228.4064040245782,222.12193075424065,222.5444292215732,901356,
2015-04-06,223.70626831054688,227.24459260908029,222.7556791466858,227.1653725192953,853194,
2015-04-07,222.96690368652344,225.23778429938324,220.3791946447477,224.4456093999825,555862,
2015-04-08,226.7164764404297,228.1423861458856,221.276973803168,224.4456216603024,808407,
2015-04-09,239.3382568359375,246.07162735297183,228.82892752641297,230.78292799344675,4248323,
2015-04-10,238.09716796875,241.0809771964457,235.66787333859645,241.0809771964457,1360364,
2015-04-13,244.96261596679688,246.41492389024447,238.1764488596125,238.1764488596125,1612867,
2015-04-15,259.5119323730469,267.1166708933884,241.3978401239916,243.45745842888263,5811336,
2015-04-16,254.8909912109375,262.706992364265,251.11503276377528,259.7495809101891,2078852,
2015-04-17,250.5869140625,259.0366498791076,248.50089761889964,253.9667980064319,1630384,
2015-04-20,241.31866455078125,251.7488001212282,239.021411532962,251.7488001212282,1470833,
2015-04-21,239.28546142578125,244.5137020930404,233.3970619623172,241.8731707353421,845144,
2015-04-22,239.2062225341797,242.0579899467632,232.8953250518937,240.1832097153115,1132144,
2015-04-23,238.5460968017578,243.3518646755164,237.2522292319977,240.89617167147807,704807,
2015-04-24,232.86892700195312,239.68151709642163,231.0733668581408,239.68151709642163,528782,
2015-04-27,230.41319274902344,233.555415947984,227.21814751555087,232.8952832788394,697061,
2015-04-28,234.77012634277344,236.19603613375097,228.82893072189623,229.72669789596952,1291203,
2015-04-29,229.43621826171875,237.14660131672133,228.19517278869333,235.90552988691783,1290826,
2015-04-30,229.96432495117188,232.02394328855465,226.16194265262803,229.35701424088623,880174,
2015-05-04,232.2616424560547,234.37405723170863,227.9575668514417,231.39024735107472,631731,
2015-05-05,233.6610717773437,237.14657348412592,231.0997350884589,231.3637933607617,687199,
2015-05-06,232.15597534179688,239.36464001590184,228.67047313775,232.7897100943814,2137828,
2015-05-07,220.6432037353516,232.2087639676134,214.9396566748774,231.8390875782069,992229,
2015-05-08,226.1619415283203,228.4063980632021,222.9140998286697,222.9140998286697,616690,
2015-05-11,226.6900634765625,229.01374014931488,224.97372348223263,226.61084339183108,546635,
2015-05-12,223.67987060546875,230.2548006294629,222.597239304731,230.2548006294629,799377,
2015-05-13,226.8748779296875,228.3271594750848,221.51459629649904,226.029907042336,620908,
2015-05-14,227.5350341796875,231.57505084192755,223.2573572635381,226.5052249929684,508805,
2015-05-15,228.6968688964844,232.1031769346024,227.8254998433744,228.3007944138688,490019,
2015-05-18,230.0699005126953,233.95150217637644,228.16872269353763,229.35697180889727,716010,
2015-05-19,231.52227783203125,233.3178380879002,229.64749748363013,230.888543048554,554608,
2015-05-20,230.8357086181641,234.37403284958825,230.09635573656627,232.7104888659932,447576,
2015-05-21,231.68067932128903,233.4234433908302,230.043559340502,231.57506118931363,602488,
2015-05-22,232.23516845703125,236.2223887739605,230.78288685601447,230.78288685601447,870779,
2015-05-25,233.0009002685547,234.92850218896345,231.5750168248848,232.367191598106,478214,
2015-05-26,235.0869598388672,237.2785942234256,233.4762380905266,233.71387237044505,949464,
2015-05-27,231.3902282714844,234.98137462483345,226.3468001242207,233.6875070541228,1879137,
2015-05-28,227.2181854248047,231.6014546199812,226.34679042900163,231.25820218709268,1319346,
2015-05-29,230.54527282714844,232.26163900826785,225.76590267112115,227.08616837550164,1459693,
2015-06-01,229.4098052978516,232.05033624549705,227.74626145639544,230.2547762393692,443100,
2015-06-02,225.58102416992188,229.19856816656304,224.7360532316673,229.19856816656304,611324,
2015-06-03,217.3953857421875,227.03335854476225,211.29575025088403,227.03335854476225,535630,
2015-06-04,214.2003173828125,218.63642135661505,212.69521369025537,218.63642135661505,551071,
2015-06-05,214.35877990722656,217.58022387653983,212.2991484024158,213.35536868859649,713110,
2015-06-08,211.2693328857422,216.0222912949192,208.3383325655713,214.38515843632064,551881,
2015-06-09,212.32554626464844,213.09129716425227,208.8664422381813,211.24292800099204,641298,
2015-06-10,215.8374786376953,218.79489032854056,211.24294687283225,211.24294687283225,507073,
2015-06-11,213.6722106933593,218.16112366427444,212.4311523289636,218.05550554171808,1114819,
2015-06-12,217.1313323974609,219.0325106735316,213.0913026040324,213.61941921706463,563007,
2015-06-15,217.81784057617188,222.8084719670049,216.7352223974696,217.55379527550537,408466,
2015-06-16,225.607421875,228.67045125539664,221.83146367835005,222.06912392161863,1737884,
2015-06-17,227.1917419433593,228.19515302626635,224.0231204485796,227.1389458613397,621180,
2015-06-18,228.32716369628903,232.1295457380548,226.5316037720685,228.1423514568897,790715,
2015-06-19,226.7693023681641,230.9941575977443,225.79228918448567,230.2548046879703,568586,
2015-06-22,228.16876220703125,230.67727701530785,226.8220727212693,227.5086294634613,663334,
2015-06-23,228.32716369628903,230.7828822840832,227.8518691856653,228.45920581171387,668001,
2015-06-24,224.4720001220703,229.4890297843177,223.52141103921383,228.9345151598553,819183,
2015-06-25,224.2079467773437,226.00353281432768,221.8578720604412,224.44560703168955,1036710,
2015-06-26,223.44219970703125,225.68665633486816,217.44819566348195,222.4916105869461,999924,
2015-06-29,223.2837677001953,223.9174764252393,219.1645312035301,223.4421819030684,734736,
2015-06-30,234.0043792724609,234.98139251436623,222.5972564943752,224.70969721345,976798,
2015-07-01,231.4166412353516,237.8595288236517,229.72667329528545,236.0639687110052,1028360,
2015-07-02,234.8493194580078,238.14998331264857,232.65768488815297,232.842523102284,618487,
2015-07-03,235.21896362304688,239.2325817407543,233.0273293538021,235.21896362304688,604401,
2015-07-06,235.11338806152344,236.48647570621145,230.9413290392669,232.1824005066948,457255,
2015-07-07,238.07077026367188,241.2922137766996,232.4200061602892,232.4200061602892,781523,
2015-07-08,233.5818634033203,240.6849092873133,227.138950254772,237.12016136778027,807429,
2015-07-09,234.4532623291016,238.1236028834961,233.55546923497704,235.0077770125115,480272,
2015-07-10,241.05455017089844,245.20021057998747,236.48644324392168,237.54265038735457,770227,
2015-07-13,245.20021057128903,247.68230125178465,240.60567964722736,243.98556327151297,1076017,
2015-07-14,243.64230346679688,247.8935823180512,242.1900217786627,246.62611288406384,578016,
2015-07-15,241.7147521972656,247.0486368657525,240.2888424475508,247.0486368657525,531298,
2015-07-16,243.16705322265625,246.6261578187141,240.8169780942053,240.8169780942053,448144,
2015-07-17,249.0818634033203,253.09548293154413,242.0580357181245,244.24969671436432,1005977,
2015-07-20,247.0750274658203,255.6039578779985,245.88677802912355,249.26666215798804,1179243,
2015-07-21,241.0281524658203,249.26662530096647,239.49665080787275,247.36544724878672,454467,
2015-07-22,248.31610107421875,249.00263200404288,239.07421476347167,242.348481128204,719085,
2015-07-23,251.8544006347656,254.33649171867225,248.2104581431921,251.9071967242899,997085,
2015-07-24,253.8611755371093,259.4855159998381,251.69593904484915,252.88418839621264,990605,
2015-07-27,248.3953094482422,252.5673428386156,246.4677069867483,251.90720998734963,535154,
2015-07-28,250.5076599121093,252.80493825739865,247.682290995378,248.2104075235943,472206,
2015-07-29,232.2616424560547,247.10144580591933,228.77611394969745,247.10144580591933,3093051,
2015-07-30,238.942138671875,250.32286097494247,226.61082733294947,232.36720954321035,3623108,
2015-07-31,237.88595581054688,243.0877979982309,234.69088406264564,239.7607360329469,532514,
2015-08-03,232.3672332763672,239.10060325098905,231.3110000559556,236.7241044618412,407519,
2015-08-04,229.6210327148437,239.0741528710812,226.08273487857417,232.4200037178927,1612480,
2015-08-05,230.7301025390625,234.0835887252686,227.13898203237403,231.78630987218617,654099,
2015-08-06,231.6014709472656,234.37404438977427,227.904732314034,230.33402734267588,642118,
2015-08-07,234.6380615234375,236.9353140095913,231.83909052712173,232.36720707778423,1233434,
2015-08-10,236.06393432617188,237.5954618707309,232.6312288165317,235.21896345760533,555226,
2015-08-11,233.0273895263672,239.1270253743252,231.7599199169516,236.30165573444648,365659,
2015-08-12,220.2471618652344,233.3178276275424,218.45160168986592,231.65428362928887,1183474,
2015-08-13,221.75230407714844,226.02998196845112,219.69268523419285,222.06918448793127,1371609,
2015-08-14,223.3894195556641,224.9737435210787,219.77187507589105,223.6270538742474,537756,
2015-08-17,219.4550018310547,226.55804804241745,216.5240014487483,224.18154931986584,842915,
2015-08-18,217.659423828125,221.6466313539796,216.3919673890134,220.2207477268747,797094,
2015-08-19,218.5836181640625,221.01291309779765,216.92008714193744,217.7914691867388,449317,
2015-08-20,212.6687927246093,219.82466039684584,211.5069674572405,218.1082945796096,531570,
2015-08-21,220.82809448242188,221.77870967910408,213.90989848991128,215.99591520840417,1592811,
2015-08-24,194.9508056640625,215.75822448270912,188.0061870657473,215.75822448270912,3822222,
2015-08-25,204.0342559814453,206.51635978006493,177.20640873575405,198.5683428247352,2917756,
2015-08-26,200.6808013916016,208.4967904164636,198.72680089078847,201.737021736968,764561,
2015-08-27,214.5435943603516,216.4711966101096,200.04705829262176,203.0572658402833,4642569,
2015-08-28,207.99508666992188,218.4780045778656,206.5956009516486,217.18414997337143,638268,
2015-08-31,207.28211975097656,210.71482575693355,205.4337505756365,208.73441445245408,470625,
2015-09-01,202.21229553222656,205.96185595791653,198.0402496075629,202.92523737829669,498293,
2015-09-02,199.6773834228516,205.4601512822204,197.27448659185413,202.793209124688,476345,
2015-09-03,205.2489318847656,208.31194877296028,199.22850326927795,200.6807981089064,621330,
2015-09-04,201.1296844482422,205.9618633267878,194.87160884815177,204.3775394043556,629053,
2015-09-07,196.29751586914065,202.8460481703113,191.78219115545733,201.3145332344852,358162,
2015-09-08,201.0768585205078,202.2650948735008,192.57432690632743,196.1918580062291,377374,
2015-09-09,209.5001983642578,214.3851865603219,203.84944621198724,205.0640937495932,1132179,
2015-09-10,209.47378540039065,210.1867273019336,202.42354754275908,205.9618719834679,464187,
2015-09-11,210.2395172119141,212.8008411933652,207.54617705873352,208.60239728129125,469573,
2015-09-14,212.69520568847656,213.8306329256354,205.9618363880249,213.5665876253588,291636,
2015-09-15,205.98828125,213.14413718495013,204.9056628950282,212.72165165670776,354603,
2015-09-16,207.6518096923828,213.61942905882628,206.331544055754,209.9754865572901,967624,
2015-09-18,209.1569366455078,214.6228510012012,207.7838617892452,208.54961282820847,636933,
2015-09-21,213.9098663330078,214.9396755142204,208.91924761698203,210.1338950090989,524150,
2015-09-22,214.17393493652344,217.58021702418296,212.7216402002564,214.51720035398645,854711,
2015-09-23,216.01397705078125,217.47171401367984,212.1806888889392,213.476447706962,541440,
2015-09-24,216.71583557128903,219.6852843044205,212.8555469109399,214.4482478540788,501279,
2015-09-28,216.25694274902344,217.84964389492023,213.39547022818704,215.36611597659524,398616,
2015-09-29,216.2299346923828,218.33554434454533,205.21596528490485,213.26048586334304,614624,
2015-09-30,223.30262756347656,225.1382825081244,214.58323340590903,216.6348547801487,633058,
2015-10-01,217.0667724609375,228.9175669636315,215.42008318109995,224.2204397944529,1137173,
2015-10-05,223.1676483154297,224.92234081632648,217.84963559242485,218.52452242669165,414968,
2015-10-06,221.574935913086,226.7039827141646,220.7380975104524,224.0584901463048,484316,
2015-10-07,225.6782073974609,229.9164145278532,223.54558353940868,228.4316767347332,1052769,
2015-10-08,227.9457397460937,229.1875101553309,222.9786581091452,225.67817861264524,544044,
2015-10-09,229.21450805664065,231.88701463543083,227.7567844326801,228.431657955054,643938,
2015-10-12,224.1124725341797,231.05020026489385,223.03268015540928,229.45748594050272,482705,
2015-10-13,227.8377685546875,228.8095842828957,223.8425025285945,224.1124572389616,417611,
2015-10-14,224.51739501953125,230.24033983218547,223.5185916967537,227.29787835226136,559916,
2015-10-15,227.9727478027344,229.4034572771468,224.81430703906955,225.5161945582796,320982,
2015-10-16,227.3518524169922,229.16051972060143,224.4903803567382,228.3776696644998,264086,
2015-10-19,231.5630645751953,233.23676774708463,224.38239712840848,226.91991285818943,526956,
2015-10-20,232.4269561767578,234.85649588565656,230.7262651123308,234.85649588565656,945837,
2015-10-21,231.67108154296875,234.20862425162773,228.6476574539641,233.72271633488785,346746,
2015-10-23,226.46109008789065,233.66874730329684,225.0303536515293,231.1042167245664,342262,
2015-10-26,230.6182556152344,232.4269230157429,225.40823310754857,227.29786303980617,678602,
2015-10-27,230.75323486328125,232.588889683863,224.59835788835468,231.07716458348136,1433870,
2015-10-28,229.9434051513672,233.53375280179023,227.29788583000283,229.376508153932,801734,
2015-10-29,233.4257049560547,235.2883737440324,227.5677969745457,230.18632828096185,926655,
2015-10-30,231.6171112060547,237.1780781163021,230.53729222575413,234.3166055840164,434527,
2015-11-02,233.668701171875,234.3165872019499,228.9175723331828,234.2086106196696,384232,
2015-11-03,234.18161010742188,238.63579696819536,233.2368083237614,233.7766912663682,523805,
2015-11-04,235.1264038085937,238.527785259988,233.6686802735921,235.5583366354778,472345,
2015-11-05,233.9386749267578,236.071272307166,231.4551337230945,235.0724689375252,513424,
2015-11-06,233.8036651611328,234.7484934261546,230.48329901421943,233.776677649673,428091,
2015-11-09,231.9140472412109,233.2368068811059,229.9974030999247,233.2368068811059,541109,
2015-11-10,227.51385498046875,232.0220167009221,225.3002686564924,231.13118997620307,375960,
2015-11-13,225.11129760742188,229.43049356738183,223.5725848759484,229.43049356738183,455229,
2015-11-16,227.2978973388672,228.37771636183464,224.86835760998224,225.24628896074165,366679,
2015-11-17,224.409408569336,228.7016169901572,223.65354596418047,227.83777780375,262601,
2015-11-18,223.30262756347656,227.21690466163656,221.89887894162007,224.08547767583008,353855,
2015-11-19,227.8377685546875,229.1335405498928,223.734525951726,223.734525951726,333533,
2015-11-20,235.369384765625,237.04306154376383,228.1347151492,228.1347151492,531680,
2015-11-23,234.69451904296875,240.82238249019107,233.20978132634664,235.9632770581452,980245,
2015-11-24,233.1558380126953,235.7743434701605,231.0772155412868,235.7743434701605,590351,
2015-11-26,239.1217193603516,241.6052606558709,231.4551422836776,235.1534667122912,2845498,
2015-11-27,232.5618896484375,238.71676699415207,231.7790395418332,238.6627654360036,584918,
2015-11-30,233.02081298828125,235.85529775841783,230.02437661441724,232.15697380162905,623665,
2015-12-01,229.8353881835937,235.23437593096665,228.5126287552982,234.6944930780633,454923,
2015-12-02,228.43165588378903,230.72623114633285,227.3518635650601,230.537265500326,264696,
2015-12-03,226.78497314453125,229.2685141244556,225.4082385619962,225.4082385619962,291225,
2015-12-04,223.3565826416016,227.7297797195287,222.97865137470936,223.3835966866582,273496,
2015-12-07,222.141845703125,225.6242034112805,219.9552468427162,224.05850309620965,515943,
2015-12-08,223.842514038086,227.29787082111167,220.60312368809755,220.87307841234508,886392,
2015-12-09,219.3343505859375,224.86832950971632,217.57968469747792,223.24862771406416,713820,
2015-12-10,218.60549926757807,220.27918943445337,214.4752687778461,219.19939703090628,434754,
2015-12-11,216.2299346923828,220.8190720269201,215.1501290871883,219.7392796899217,378524,
2015-12-14,217.90362548828125,218.95643031790007,211.80274967141528,214.88017509085603,502581,
2015-12-15,219.496322631836,220.2521852179124,216.01396519469537,218.2005638849318,305487,
2015-12-16,220.92706298828125,222.70874290923868,219.3073612064269,221.4129708691983,415094,
2015-12-17,226.1370849609375,226.4880287492257,220.44115449735253,221.2240046068641,331976,
2015-12-18,225.4082489013672,228.4856744880004,223.2486375663929,226.48804130065744,497307,
2015-12-21,227.51385498046875,229.4574865749079,222.7357385304781,225.03031392695505,437869,
2015-12-22,227.3248748779297,228.91756256912268,225.67818562970348,227.27087332089647,154967,
2015-12-23,230.6992645263672,231.48211469174484,227.8108045537836,227.8108045537836,362000,
2015-12-24,235.180419921875,236.42219038850124,230.21333805537,231.40110696414635,551391,
2015-12-28,234.66749572753903,238.47379615914264,233.12878304861707,234.96446448824983,567558,
2015-12-29,234.3705444335937,236.4761539692037,232.21095987913736,236.4761539692037,747197,
2015-12-30,235.180419921875,235.9362825134207,232.9128321472378,232.9128321472378,399953,
2015-12-31,235.31539916992188,238.66277948965168,227.2978789100507,235.1264335098631,1881493,
2016-01-01,234.47857666015625,236.58418645722764,232.9398373133172,234.26259694877896,333403,
2016-01-04,231.7250823974609,242.4150830694725,229.565471023575,233.5607374702471,536022,
2016-01-05,235.93630981445312,238.63580421868912,231.1581930429416,231.9410432358026,664178,
2016-01-06,237.9878692626953,249.7576868618157,237.2860082919058,242.30706472984184,2174404,
2016-01-07,230.4022979736328,236.47615952929124,227.83776803557603,236.47615952929124,911881,
2016-01-08,235.45037841796875,238.5008163438485,228.13471959081124,228.7556181022876,631330,
2016-01-11,233.8036651611328,237.9878970386885,231.67106795516523,233.6956885789008,517107,
2016-01-12,233.61471557617188,235.93630513121576,228.62064572018647,232.7238888091913,479074,
2016-01-13,234.8294677734375,237.2860211084716,220.81906262267785,235.3963646969069,1197122,
2016-01-14,233.5607147216797,236.20623375315017,227.5678156353736,230.26733622389912,548235,
2016-01-15,223.6805725097656,236.01728901888217,221.89889247857903,234.31659806225773,436906,
2016-01-18,216.1219482421875,224.0584923653505,213.82737290474344,221.89888112100616,826603,
2016-01-19,218.79444885253903,219.8202661555537,214.88017182383865,216.9317931616719,695047,
2016-01-20,211.26284790039065,216.60786097620064,204.64906359955472,216.60786097620064,767956,
2016-01-21,214.36729431152344,217.7686629722759,211.8837531833237,213.2605011162513,521903,
2016-01-22,217.5526733398437,219.73927198447387,215.5550403377914,215.95997240111345,363892,
2016-01-25,218.551513671875,219.7392959449956,215.4200997411,217.5796978430478,351607,
2016-01-27,215.339096069336,219.63130446937328,214.7991998974948,218.6054871478593,718297,
2016-01-28,216.49989318847656,224.0045049210889,201.35570562164784,214.88019128725696,2473012,
2016-01-29,215.95997619628903,217.09377007168064,207.32157131043127,207.8614807376821,990673,
2016-02-01,221.6019287109375,224.05848207640847,214.07031701752024,217.03976575688887,407772,
2016-02-02,218.95643615722656,224.59837848726696,216.17593962569936,222.3308038969205,723789,
2016-02-03,205.3779144287109,214.34024794059195,192.5552926767808,214.34024794059195,1553012,
2016-02-04,198.57522583007807,208.4014007362564,194.41799441294955,206.24180258479947,1173603,
2016-02-05,203.7042694091797,205.91785581580976,198.1163018301233,198.1433026113639,688950,
2016-02-08,206.8626708984375,212.61260299238845,202.21953193697416,205.6478879160953,430159,
2016-02-09,206.268783569336,207.7265205680512,202.3545195070789,203.3263353274245,566896,
2016-02-10,200.7887725830078,205.21594460124064,199.7899561476273,204.6220602025686,1054001,
2016-02-11,194.47198486328125,204.48712554795856,192.0694327224236,200.8428027977276,1135669,
2016-02-12,193.31118774414065,197.4954063837748,180.7585052888453,194.41798089051875,1055879,
2016-02-15,194.8768920898437,200.97776818100763,194.01305287122543,195.1738343334569,331005,
2016-02-16,190.44970703125,196.79352339281007,188.1551317681676,196.79352339281007,689995,
2016-02-17,188.31710815429688,192.0964080382944,184.7537747082234,192.0964080382944,748363,
2016-02-18,184.3758239746093,191.1785603957037,182.21622616380128,189.04595009417085,1391661,
2016-02-19,186.4004821777344,187.77723020720623,181.973309086191,185.6716202567897,951979,
2016-02-22,188.93798828125,190.4497135010152,185.9685394008796,186.26548163527733,212311,
2016-02-23,186.58941650390625,190.47669269735536,183.56597946455693,189.45088867743524,368875,
2016-02-24,184.3218536376953,186.5354399508151,182.9181049728222,185.7795773263752,191968,
2016-02-25,178.54490661621094,187.3992644414922,177.03318148605743,187.3992644414922,740844,
2016-02-26,180.056640625,182.4861800351256,177.89702939880533,180.11062891542542,289460,
2016-02-29,178.6529083251953,182.000288783002,175.46750602166162,181.406404265861,474103,
2016-03-01,179.5977020263672,184.0518748504631,177.76204726542176,179.73267937282978,999842,
2016-03-02,183.94395446777344,185.8335980908722,177.3841701860666,179.54376858455043,1310762,
2016-03-03,192.5823211669922,194.0400581750156,184.24087102997035,184.3218601049153,930591,
2016-03-04,190.9895935058593,193.8510655619934,188.2900995770961,193.28416865258623,506580,
2016-03-08,185.37466430664065,192.69031029559807,184.2138695535344,191.5025280297436,498917,
2016-03-09,190.7466583251953,191.34054280205407,183.67396655360403,185.3746574489303,475234,
2016-03-10,194.09405517578125,196.253653369548,190.3417558018986,193.1762276019551,665642,
2016-03-11,193.9050750732422,196.73954666234405,192.63630376547093,194.52596033700328,578458,
2016-03-14,194.47198486328125,197.98133023976337,191.50253571359693,192.85228291469025,606518,
2016-03-15,194.41799926757807,196.46962087974063,192.42036595202543,195.281838549731,359589,
2016-03-16,194.2559967041016,196.52358448601169,192.2043753496955,194.6339280010866,471088,
2016-03-17,195.1738128662109,197.44140051681867,194.3639752975028,195.76771055631096,271658,
2016-03-18,197.0904693603516,198.41321555058923,191.6644674444165,197.00948029647336,279979,
2016-03-21,197.92730712890625,199.7629619380496,196.523571878867,198.27823762436728,297573,
2016-03-22,197.76535034179688,198.6831777838305,194.4719585936326,197.9273152074984,493247,
2016-03-23,202.0575561523437,208.07744303883032,197.81934922497447,198.14329224192275,1214178,
2016-03-28,201.40966796875,204.6220705761032,197.19844887538028,202.05754068485547,555034,
2016-03-29,198.92616271972656,201.3827032074694,194.22903493216663,200.30291073144528,397656,
2016-03-30,206.1877899169922,206.7816743628684,199.7629712491352,201.9225824135114,439618,
2016-03-31,203.8662109375,210.2100404461895,201.81458964875185,206.7276830841276,1574294,
2016-04-01,207.37559509277344,207.9694796045626,201.27471874927923,202.7324425154148,268228,
2016-04-04,208.6443023681641,210.2640038925626,206.7546594351618,208.37434769136627,268151,
2016-04-05,208.0234375,210.2370236072564,203.59626528548728,208.64432270259096,454187,
2016-04-06,209.6701202392578,211.07386873038345,206.91663807871748,208.40136236372712,208621,
2016-04-07,205.6478881835937,211.4788093554712,203.7312441497837,209.23822230806869,372140,
2016-04-08,207.64552307128903,208.3203966156217,205.16198205941063,205.43193678442228,404197,
2016-04-11,209.72413635253903,211.2628490296924,206.2417789279208,207.86148067277563,234955,
2016-04-12,211.9917449951172,213.1525265676416,208.6713651708505,209.72417014783724,721008,
2016-04-13,218.3895263671875,219.955226537722,212.8555476772487,213.31446803163027,795592,
2016-04-18,217.5256805419922,223.9504724288689,214.34026547377087,214.88016161021343,695028,
2016-04-20,223.51858520507807,224.5983775700921,218.1195835754188,218.60549146649475,533082,
2016-04-21,221.03504943847656,225.35424553748337,219.76627812103263,223.81553275647448,291613,
2016-04-22,220.6031188964844,224.8143249331801,218.98341712257272,220.2791758880628,349497,
2016-04-25,224.8683013916016,226.2180482964704,218.76743954358872,221.25098021728084,340364,
2016-04-26,226.83897399902344,228.37768671698203,222.9786719121584,225.13828314136632,359297,
2016-04-27,226.38006591796875,229.6734446946912,223.8425232492924,227.1359285624088,1079448,
2016-04-28,222.4117889404297,229.29550165837472,221.3859716130397,226.67699658561847,483103,
2016-04-29,223.086654663086,225.67819882436703,218.3355522856548,222.43878189096228,794869,
2016-05-02,226.65000915527344,228.32368597134567,221.3589841808062,222.33079994967304,337571,
2016-05-03,229.67344665527344,231.80607050731723,224.35544712257325,226.7579991758836,920705,
2016-05-04,229.9164123535156,234.04664285675824,228.40468706176827,229.673445130316,1118731,
2016-05-05,228.99855041503903,231.023170942524,225.8131485132518,230.4832880570296,929096,
2016-05-06,228.62063598632807,232.1569819267636,227.8647733545044,228.94459227790605,395044,
2016-05-09,231.212142944336,232.39993839786823,226.3260501120044,228.62062541352765,413095,
2016-05-10,236.0172882080078,238.28484960598908,229.1065478179682,229.646457288932,880633,
2016-05-11,232.21099853515625,240.1475301472131,230.96922792189028,234.04665367294177,1046273,
2016-05-12,234.9915008544922,236.71917953866304,232.4269703443144,232.4269703443144,517867,
2016-05-13,236.9891052246093,238.0958851483678,232.04901049586084,234.47857659108547,414651,
2016-05-16,234.85646057128903,241.1463018906116,233.61469012092817,236.9890842279555,561117,
2016-05-17,233.479736328125,235.936289826795,231.29313755428805,234.8564709274628,951896,
2016-05-18,243.33290100097656,246.707268577616,232.7238638650861,232.7238638650861,2668095,
2016-05-19,239.7695770263672,245.6544732455478,236.0982405479017,245.6544732455478,2323991,
2016-05-20,240.849365234375,244.9795954821231,238.203846137468,239.76957289409128,646022,
2016-05-23,242.76600646972656,244.709637967311,239.9045342447316,241.60522507331405,496758,
2016-05-24,241.76724243164065,244.7366917175187,238.7168040641592,244.7366917175187,543649,
2016-05-25,247.73309326171875,251.4044031716741,240.9303563483354,243.98079428168623,1115391,
2016-05-26,247.03128051757807,250.6486161123821,245.78950978517068,248.3540403358988,448267,
2016-05-27,248.02999877929688,250.5135393908689,245.1145519064368,247.0581831550102,341700,
2016-05-30,255.31866455078125,256.3984833700471,243.92677768409783,245.11457307801209,758185,
2016-05-31,246.8692321777344,255.1296920106324,246.1403571480827,255.1296920106324,408019,
2016-06-01,241.038330078125,246.86925115438623,238.12288280819047,244.70963994464825,748120,
2016-06-02,240.71437072753903,242.4150348242711,235.42333320227365,239.01368009441805,407236,
2016-06-03,238.5008087158203,243.3598873892182,237.55598049143973,241.41625591985903,197629,
2016-06-06,237.0970764160156,241.6052381559304,236.01728402959844,241.6052381559304,290211,
2016-06-07,244.0887451171875,246.0863780016148,237.1510183066501,239.4455933924449,629412,
2016-06-08,244.19674682617188,248.0840364252909,240.849366668606,244.8446328487572,479943,
2016-06-09,241.84817504882807,245.81642682975337,240.3904249931016,245.14155335581668,559687,
2016-06-10,240.44444274902344,244.87161515927767,239.2836613570904,242.41506174969416,366276,
2016-06-13,236.8540954589844,240.03952394555745,235.6393390458733,239.2296598004248,246192,
2016-06-14,237.60992431640625,239.49958051707588,235.12638374878,237.0700414993493,315646,
2016-06-15,242.98194885253903,245.0605708841816,237.77192655507665,239.0676719838733,315762,
2016-06-16,239.2026824951172,244.84463809559807,237.77194632709504,244.84463809559807,350120,
2016-06-17,242.4690704345703,243.4948877673313,239.2836683907672,239.82355130033133,290352,
2016-06-20,244.92564392089844,246.0054363646126,239.3106754480741,241.3892977947496,361011,
2016-06-21,247.4091796875,249.37979886380327,244.5746947315092,247.00423431064823,778299,
2016-06-22,245.84344482421875,249.7577220729956,242.65804269368897,248.86689534566628,505712,
2016-06-23,244.7906188964844,246.41032060274705,242.46905618085137,246.1943674516163,253010,
2016-06-24,241.76724243164065,242.415102011675,229.4844998801114,241.38931107508907,469180,
2016-06-27,242.98194885253903,244.8985927544354,238.2848219174184,238.2848219174184,500185,
2016-06-28,248.24595642089844,262.39133785372843,246.11335951016227,260.66365970440484,5713254,
2016-06-29,255.12974548339844,256.34452860862814,247.32820434750823,249.43381427849533,2407456,
2016-06-30,259.3949584960937,263.9031204804109,253.21309301251912,254.8867965117766,3602681,
2016-07-01,258.5580749511719,261.311570556784,257.20832792685826,260.2317782446114,469352,
2016-07-04,263.0662841796875,266.17072412879213,258.8550642070141,258.8820782586108,1210627,
2016-07-05,263.9301147460937,266.1167137419559,260.39376852540715,263.30924269868854,364682,
2016-07-07,260.1508178710937,268.4112790626396,258.04520803510013,264.0110937249505,834369,
2016-07-08,258.6660461425781,263.4711496949012,256.236506856682,260.50170099596534,540323,
2016-07-11,261.8514404296875,262.9312325787628,259.42187492378366,260.66364518295586,265530,
2016-07-12,262.6343688964844,264.1730817931281,260.123840121581,262.9313111628195,411225,
2016-07-13,255.39968872070312,263.84911557813047,254.34688380268395,263.84911557813047,418500,
2016-07-14,249.3797912597656,258.909036694814,248.38098794557328,252.72717154250867,1009032,
2016-07-15,250.9185333251953,253.42908873260257,248.89391241191584,249.48779696732103,715674,
2016-07-18,247.32818603515625,253.4830372126718,246.35637022148472,252.64618549785703,325534,
2016-07-19,250.0276794433593,251.59337974484487,246.7343006932023,247.6521149423376,366070,
2016-07-20,252.02525329589844,252.7541282502571,247.32812696079944,250.3515502660332,348373,
2016-07-21,249.43609619140625,256.6975072520057,247.7646086850837,254.7246057321506,531452,
2016-07-22,252.45022583007807,253.1900772583283,247.4357640546419,249.0798304533996,389265,
2016-07-25,254.5876007080078,255.6562602648654,250.47737993117624,252.0940796993517,440853,
2016-07-26,251.2993927001953,256.4782995451205,250.09373665740665,254.94380862810564,377357,
2016-07-27,248.0386199951172,253.7381190588289,247.4905798429849,253.7381190588289,420306,
2016-07-28,243.9283905029297,249.8745430852577,242.9419397060136,248.2578433738574,2088201,
2016-07-29,241.4622497558593,244.33942019631505,240.3661963701684,243.98319139815908,610419,
2016-08-01,237.73565673828125,244.7504416416921,235.79014914597545,241.7636684977814,721952,
2016-08-02,252.532470703125,258.6156196065575,238.33848353113115,238.3932713863966,3968975,
2016-08-03,247.62762451171875,255.0260325177128,246.2849448794571,252.03925922456165,692226,
2016-08-04,245.7368621826172,250.5321188182405,242.0650527437684,249.60048296433143,488613,
2016-08-05,247.62762451171875,249.84712536470343,245.0244739706424,246.61375283722825,615088,
2016-08-08,255.3274078369141,255.93023580277665,246.2849075409372,248.6962463404002,689256,
2016-08-09,250.31295776367188,254.7794072872959,248.80588761497324,254.7794072872959,240645,
2016-08-10,264.47955322265625,269.08299935255894,243.90100181702297,250.3403530002127,4454574,
2016-08-11,263.876708984375,284.42783826481855,258.23199758758045,267.7129093681318,8392324,
2016-08-12,262.6984558105469,269.82284358653743,259.766497365413,263.05465769093576,1888359,
2016-08-16,262.7532043457031,266.34280509314925,259.8760611244453,262.7258104211612,1006761,
2016-08-17,268.5623474121094,272.6451737079314,264.4795211162874,265.63038924305823,1565212,
2016-08-18,270.1516418457031,274.80990247641705,266.8908755658126,269.0829823708454,1246934,
2016-08-19,276.7006225585937,279.084540732313,268.7541747741655,271.2751164583839,2371281,
2016-08-22,273.7412109375,281.6876577809894,272.3985584712933,276.2073644743138,1643323,
2016-08-23,273.4946594238281,277.1664695086944,270.6174887746381,273.4672654946026,1012839,
2016-08-24,276.1251525878906,278.94750791811686,274.17964525408405,275.22091066733617,753424,
2016-08-25,275.5497436523437,279.7695666018024,274.3166667858593,276.5088004444967,1353469,
2016-08-26,287.4420471191406,290.072618770012,276.1800166159227,276.7554507975484,2897954,
2016-08-29,288.7572631835937,293.47033816074867,282.6741148486179,287.7159977346852,1468771,
2016-08-30,287.8255920410156,290.73015609505904,286.09931689916965,289.0860627260531,901614,
2016-08-31,288.2914428710937,294.01836265645034,285.7431074049243,287.716008806344,1023782,
2016-09-01,280.12579345703125,293.6347432977301,276.3169871773724,288.29144616122625,2558477,
2016-09-02,283.4688415527344,287.16804579495005,278.8927621610565,280.0436304917047,1370635,
2016-09-06,284.20855712890625,287.1679355481534,283.0576892400884,284.9758023881181,1017727,
2016-09-07,284.6196594238281,288.0722641304183,282.83856921323144,286.0719416825661,969638,
2016-09-08,287.6886291503906,291.00421020068865,283.1125772675483,286.0719295164703,1177956,
2016-09-09,280.9204406738281,288.2366663750362,279.49557935489327,287.6612322876149,773694,
2016-09-12,271.7957763671875,279.4408112810021,269.0282350482627,278.125552387024,702193,
2016-09-14,276.89239501953125,278.2350743920828,269.9050050463035,270.5626477706569,780845,
2016-09-15,275.0290832519531,276.83756698736295,272.45332726150684,275.0838710970205,486986,
2016-09-16,273.7412109375,280.7012071406688,272.8369690065415,279.1119285463758,668855,
2016-09-19,286.09930419921875,289.2230733808623,274.28923716530977,274.28923716530977,2149032,
2016-09-20,288.9765014648437,292.4291061148592,284.42784339057624,286.0719369949623,1562600,
2016-09-21,288.2366638183594,292.2920693855273,287.16800437062983,288.7572831107352,1132636,
2016-09-22,292.4291076660156,298.6218593775179,290.4561791686777,290.4561791686777,2100261,
2016-09-23,291.3604431152344,296.8407371066106,290.45617413528544,291.55225448237314,696220,
2016-09-26,287.4967956542969,295.1966166302697,285.1402716075602,289.8533197010336,593815,
2016-09-27,287.4693908691406,290.97678288136933,286.0718966875103,287.9900101117017,838745,
2016-09-28,297.6901550292969,299.47124497231334,286.07189870484984,286.6199388116298,1602493,
2016-09-29,281.4958801269531,301.41678746869025,279.5229786101971,300.9235620895012,2072510,
2016-09-30,309.99346923828125,317.5014791478267,281.24926737355923,283.87981158134187,3952744,
2016-10-03,311.6649780273437,319.36479982164167,303.91034144045307,309.6372616776678,3728163,
2016-10-04,314.953125,319.8853782624366,311.41831206990577,314.0214621970883,1558937,
2016-10-05,334.2712097167969,343.28628928673976,318.29610676619126,319.50178965198006,7294891,
2016-10-06,334.3260192871094,339.12130334436364,329.475947375495,334.40822800466447,1914133,
2016-10-07,335.1206970214844,341.7518867430936,330.7364560501837,335.6687372439037,1915740,
2016-10-10,354.35650634765625,356.1650172108522,335.3946574215963,335.9426975464468,5837535,
2016-10-13,356.8774719238281,358.3297541103408,347.2047489255218,353.91811969622603,5688375,
2016-10-14,357.5076599121094,364.4402347923804,353.0959993133829,357.8638617142351,3391467,
2016-10-17,351.3149719238281,364.9883397197755,345.45105527993,356.76787191130666,3610067,
2016-10-18,350.1640625,354.6853259962155,347.4513097894732,350.71210260136314,1966061,
2016-10-19,354.1646728515625,358.95995630412096,350.3284730255273,353.4796362063415,1443606,
2016-10-20,351.6437683105469,359.8916297755708,349.643472949138,355.67180683198416,1435884,
2016-10-21,372.6881408691406,374.7980657626414,350.3558959044642,352.6576321519196,2417073,
2016-10-24,366.35845947265625,376.99024070754473,363.8923322866307,373.75686796675154,1758775,
2016-10-25,359.0147705078125,361.1520893075702,352.2191914041721,356.1650210868068,1993904,
2016-10-26,347.2869873046875,359.7272791660695,340.5461950949584,355.8910515774403,1461438,
2016-10-27,343.4507141113281,347.69795782448267,331.0926326158023,335.6960781748764,3032301,
2016-10-28,348.163818359375,355.3978086908184,344.1631735176353,346.0812872176453,1174825,
2016-11-01,352.9864196777344,364.4402585292489,349.6434450756805,349.6434450756805,1125014,
2016-11-02,342.84783935546875,351.2875108425245,341.64215660816933,348.6021522533672,721834,
2016-11-03,334.73699951171875,345.25920242942334,331.7228328334623,340.8749624370514,1355950,
2016-11-04,339.9159240722656,350.19150141862696,332.6819074924862,337.03875379576016,2041553,
2016-11-07,332.43536376953125,347.7527997335045,329.09236151853287,342.1902965399474,1037017,
2016-11-08,335.0932312011719,338.4636266675411,331.9694618627863,331.9694618627863,1650243,
2016-11-09,331.8324279785156,335.12061463260005,291.7440201430981,315.11750160026253,2715903,
2016-11-10,348.32818603515625,351.8355783218573,334.40821953030945,334.68223960321063,1857311,
2016-11-11,342.162841796875,348.54740418732933,335.9700907561084,348.54740418732933,1769979,
2016-11-15,330.9007873535156,345.14958700255664,326.1877127014133,345.14958700255664,793873,
2016-11-16,331.7776794433594,342.6286913003613,327.28383638711165,333.7505808951726,706505,
2016-11-17,331.20220947265625,339.7788780092687,329.22930823463963,331.9420609049183,419220,
2016-11-18,334.1067810058594,336.4906988994787,327.8866362452496,331.8872535951023,609410,
2016-11-21,327.3934631347656,334.5726657570057,324.9821239961177,331.03785230357283,1041065,
2016-11-22,343.9988098144531,347.1773676952502,331.0104773709993,331.55851759542134,991728,
2016-11-23,348.2734069824219,352.93166753140525,343.8891665132637,344.7111998167244,2004302,
2016-11-24,347.14990234375,352.3835965213636,344.24533823671794,348.54739654770646,1745769,
2016-11-25,349.6160583496094,356.1650111305086,346.0812453958916,349.69824012452204,675861,
2016-11-28,362.0837707519531,364.4402949507441,344.49199410643945,349.6160860912645,1191206,
2016-11-29,355.5621643066406,365.97473739668106,353.2056404198234,363.59079265033455,882255,
2016-11-30,360.57666015625,363.6182479068303,357.53509934168363,359.9190443135427,677819,
2016-12-01,364.6868896484375,369.3451497899502,358.68595008843965,360.6040635434185,1656779,
2016-12-02,344.5194091796875,363.3168699415171,341.9710734624415,361.7275641573292,1258765,
2016-12-05,349.12286376953125,351.5615967070547,344.0809804581521,344.16316224030305,490232,
2016-12-06,350.1092834472656,355.67178556540085,344.71117181485965,351.7807707816001,447606,
2016-12-07,348.3829650878906,354.8223149284722,344.1905365169925,350.73948898828894,366510,
2016-12-08,352.575439453125,358.24754467941364,349.643481158647,353.0960587506442,836207,
2016-12-09,351.0409545898437,356.76787470512073,346.95812804913527,356.2198614709415,643741,
2016-12-12,342.51910400390625,353.9729174443663,340.189973654929,352.383638640976,562649,
2016-12-13,345.2044982910156,349.53395182267934,343.0671789261734,344.16323254157385,841277,
2016-12-14,339.8063049316406,349.80786172748765,338.5184133831692,346.35525756334874,798219,
2016-12-15,346.1086120605469,347.8897288276127,338.0251691417439,339.7788650499858,730162,
2016-12-16,355.4800109863281,366.9612451785499,349.3420741932562,350.0545048678043,2452909,
2016-12-19,353.1508178710937,357.8638655410897,350.7668731771695,356.274587035814,684469,
2016-12-20,345.0674133300781,352.9316518990552,343.9439391333612,351.28755842894066,485701,
2016-12-21,346.0538635253906,350.68472993539666,344.8207866905813,345.8620521718873,448842,
2016-12-22,344.5741577148437,348.93100368113625,340.3269143787961,346.0538336271663,688479,
2016-12-23,342.60125732421875,348.8762171682999,337.0387550384784,346.35527566035614,829976,
2016-12-26,330.6816101074219,345.8072320676852,327.72223113657884,341.2586013774112,932822,
2016-12-27,339.395263671875,340.32692646606284,326.2151496106508,331.0104062682341,725126,
2016-12-28,332.0242919921875,343.01232779667333,331.14744387438463,339.3953057417229,778765,
2016-12-29,337.9977722167969,340.2720873183437,327.7770108171053,329.4758919286204,756365,
2016-12-30,343.94390869140625,345.1769854188579,335.94267426476915,339.6692714346527,629252,
2017-01-02,344.8481750488281,346.19082746078624,339.7788716217589,343.532889624202,467125,
2017-01-03,342.875244140625,347.1772752552154,340.87494903252104,344.98516881323764,337560,
2017-01-04,342.9026794433594,350.0818814324047,341.6696295219533,343.0670968739525,897449,
2017-01-05,349.3420715332031,350.6299362975468,342.0258457328348,345.8072582431332,775168,
2017-01-06,347.23211669921875,353.1508476446381,345.75244069686715,349.64345551935446,862474,
2017-01-09,345.4510192871094,353.7536680129903,343.3684884224707,347.0676918168549,1045674,
2017-01-10,345.9168701171875,352.41103583933096,343.204143942232,347.9994012609717,1146743,
2017-01-11,347.5061340332031,350.0544693954849,344.54675511570434,346.3278720256108,771760,
2017-01-12,368.19427490234375,370.22199095493295,346.21826009522044,348.5473901228688,4256593,
2017-01-13,368.2764892578125,373.2909512136025,364.87869983521705,372.7703319643384,2353863,
2017-01-16,370.2767639160156,375.1268351182565,362.90575144553645,365.0156761221298,1210290,
2017-01-17,367.8928527832031,373.04433804146765,364.7142687492918,369.09850865674974,1440187,
2017-01-18,369.5643615722656,376.22294399644494,366.1391781537436,368.0846855677856,1424249,
2017-01-19,376.1133117675781,382.4704801609198,372.6607344481706,372.6607344481706,2826482,
2017-01-20,369.4547729492188,379.5111183120961,366.248794683231,375.9489381961192,1640197,
2017-01-23,368.797119140625,374.03081345291446,364.02925624164135,370.9070439952369,1464247,
2017-01-24,388.4988403320313,391.1841993813779,368.2765195531161,372.6607599855082,5159755,
2017-01-25,391.0745544433594,394.4723440120279,386.4711089041368,388.0603875809606,3199220,
2017-01-27,395.5683898925781,401.67893179982127,389.8414706582565,391.5403518269013,1558225,
2017-01-30,399.5964660644531,411.7353431482964,392.52686632418914,394.5820035127897,3496260,
2017-01-31,387.2383728027344,402.6928305587659,385.7038819044018,401.0761309428776,1473249,
2017-02-01,395.541015625,397.04811257072055,387.2931810576718,388.55362491887263,1516832,
2017-02-02,414.3385009765625,424.94288730835785,397.5413629124367,398.3908171182024,5124669,
2017-02-03,410.58447265625,420.42164020915726,409.3788166009711,416.5032041574698,2938976,
2017-02-06,413.9822692871094,417.0238572752679,406.94009033394696,413.7082491965707,1078647,
2017-02-07,408.9951477050781,419.1885159768901,407.1866368902681,415.4071038630238,943868,
2017-02-08,417.0786743164063,419.2433873919081,409.8994713476093,410.8859221937616,516163,
2017-02-09,424.5044555664063,428.8338812289055,419.2433400871945,419.2433400871945,2101426,
2017-02-10,411.98193359375,426.0388961998178,410.4748367108931,425.7374822104491,1855402,
2017-02-13,406.39202880859375,419.2981508261853,401.815977038588,412.1189487368071,1625367,
2017-02-14,407.3784790039063,409.59800660098847,398.9662269868341,406.3646343530983,1239794,
2017-02-15,400.3362731933594,409.1047534060071,396.36304970475067,406.09058664940864,693624,
2017-02-16,406.6934509277344,408.2827566266968,399.2950434041983,401.73377633934825,910747,
2017-02-17,412.1737365722656,414.3110553160196,401.98036818389954,408.1456982819532,1242891,
2017-02-20,410.8310241699219,417.5717877684524,407.9264602706498,414.69464472801127,1530851,
2017-02-21,411.3517150878906,415.2975450382646,409.02258477790906,412.6670007166871,743295,
2017-02-22,405.9809875488281,415.9003359262608,403.3504434621284,412.146317676277,1051678,
2017-02-23,406.5838317871094,413.2149935875013,404.44651294764304,407.5154946396004,1849449,
2017-02-27,399.4594421386719,409.2965821368075,398.3359679374522,406.63864403520944,661438,
2017-02-28,403.980712890625,414.11929467023833,400.0623036926757,400.0623036926757,1444176,
2017-03-01,407.2688598632813,409.625383934794,402.7750169976027,403.9806729590241,599356,
2017-03-02,401.6241455078125,411.2968947875053,399.67863808170017,408.8307411620586,508228,
2017-03-03,407.8991088867188,409.3787849134872,399.26762499321575,401.4871525013752,342377,
2017-03-06,416.2839965820313,417.16084469088815,405.7343984120852,408.83077418873967,1674756,
2017-03-07,413.2424621582031,420.2846414093482,412.20119654450247,417.0512688506133,931142,
2017-03-08,409.5706176757813,415.1057263046854,407.51550748627966,412.50257595691073,671063,
2017-03-09,412.5299377441406,413.9822198080047,406.4193955059218,408.1730915525486,799199,
2017-03-10,412.0367126464844,417.5992417082718,409.8171851939701,412.94098153129454,780860,
2017-03-14,409.65283203125,417.05123958968727,407.51551309498967,413.79044639430913,554604,
2017-03-15,412.3656311035156,416.4758519980154,404.28215896724055,409.6528777710607,1059812,
2017-03-16,425.5183715820313,428.5599330138426,411.0777561258105,411.8724225683732,1341123,
2017-03-17,418.25689697265625,429.601134502116,416.8320356345899,427.463815559001,1241590,
2017-03-20,417.6540222167969,420.96960290678606,414.8864816330585,418.969307697394,465872,
2017-03-21,408.9951477050781,420.55858931634737,407.077034255433,418.3664558116083,733363,
2017-03-22,398.9662170410156,409.3787911093688,397.8701367651788,409.3787911093688,793345,
2017-03-23,402.00775146484375,403.2956160747982,397.3494914063584,401.32271480542016,727611,
2017-03-24,399.5964660644531,405.5425915265759,398.4182039304118,402.5284244355816,938186,
2017-03-27,393.2392883300781,402.77501412275376,390.3073302244469,398.4455617779805,1033955,
2017-03-28,394.2257690429688,397.6235588205232,391.5130160064365,396.2260644749069,507302,
2017-03-29,396.3630065917969,397.3220632194893,392.6911974846345,394.828515987489,423068,
2017-03-30,391.1841735839844,397.3221097845553,389.704470650122,397.3221097845553,1280040,
2017-03-31,395.7054443359375,399.24025761584375,386.90956936745823,391.4582003889564,986914,
2017-04-03,401.2679443359375,404.11772085755314,396.2808758271327,396.7741011989479,729017,
2017-04-05,398.82916259765625,404.8301019790633,396.25343340849327,401.29531609095295,1103461,
2017-04-06,394.1983947753906,398.96625827277865,391.5404294614101,398.96625827277865,710842,
2017-04-07,390.2799377441406,394.307976393629,388.9098642668496,394.307976393629,777206,
2017-04-10,386.279296875,391.5951999657139,384.4982068481584,390.47172577474345,1019657,
2017-04-11,391.15673828125,394.6641302663684,386.6355017431881,387.43014103106464,632156,
2017-04-12,389.4578857421875,396.417855440497,387.7863983349879,389.6496970972439,753440,
2017-04-13,389.5948791503906,393.15708615312735,388.4440110293828,391.7870127526933,382018,
2017-04-17,387.8960266113281,392.8008865164835,385.8409163581952,389.8141133526428,1733769,
2017-04-18,390.3895568847656,399.73349933743447,388.0056386305192,390.0881428619074,1073778,
2017-04-19,389.1016540527344,393.2392951186235,387.73158065142337,389.9511081810716,514198,
2017-04-20,390.7731323242188,397.596132181551,386.580703504324,389.101644968524,1163240,
2017-04-21,386.827392578125,392.9379358836839,385.4573189858853,392.9379358836839,824083,
2017-04-24,388.690673828125,390.2525587293615,378.2506779766847,388.00563706330223,1552252,
2017-04-25,390.4991455078125,396.8836810473655,389.1016512545952,391.6774075470262,1107086,
2017-04-26,392.4994201660156,398.0345282282631,389.8962700847384,392.8830428503304,965954,
2017-04-27,395.8150329589844,398.9662233982062,391.869230098343,395.6780363903288,1056529,
2017-04-28,395.1573791503906,401.59675641791387,393.3488952017016,396.4452707655034,743831,
2017-05-02,391.4856262207031,398.9388217321153,386.662948118953,398.856639948576,502121,
2017-05-03,387.5123901367188,396.3630797305813,386.3341280441381,393.8969529014608,384575,
2017-05-04,386.77252197265625,392.8008556830503,383.3747324121061,388.11520144139206,750433,
2017-05-05,351.5067443847656,381.3196035516114,342.65605560748503,378.6890595312437,6844655,
2017-05-08,358.0831298828125,363.1798006752724,348.02675792476856,351.72596141891216,1912522,
2017-05-09,358.0283203125,361.7001299347665,354.109911486238,356.79527042049546,1030573,
2017-05-10,363.0154113769531,366.0843660454363,353.15085073622595,358.0557101951114,919557,
2017-05-11,365.15277099609375,366.9064672702305,360.3848806312674,364.4403133662145,577845,
2017-05-12,368.41351318359375,371.53728278324166,361.2891259048175,363.4538387087815,1193716,
2017-05-15,376.5244140625,377.5930736031276,368.2765517683207,372.277169829334,769977,
2017-05-16,372.4689636230469,379.7851626139512,372.0305260941458,375.4009220050189,471233,
2017-05-17,368.8245239257813,372.6607510471204,367.4544505070213,372.1675256938074,397354,
2017-05-18,369.81103515625,377.64785366844944,363.34426325123,368.2217293747701,448186,
2017-05-19,369.947998046875,372.9895588809092,362.2481768157722,369.86578933200695,468120,
2017-05-22,367.5640869140625,374.3322728507404,365.0431451273173,369.94803212075226,178788,
2017-05-23,367.1530456542969,368.9067418288693,354.8771724322898,364.9883328310623,969317,
2017-05-24,355.589599609375,369.8931889438989,351.8355811461242,362.9057982408931,464732,
2017-05-25,359.1517944335937,364.7416906432608,355.6717961644313,356.76784949134407,3021621,
2017-05-26,359.3983459472656,364.4128343703177,357.3158422088674,358.93254152694664,571233,
2017-05-29,386.5806579589844,393.1296369836754,352.93160179098174,359.91899131291865,2278989,
2017-05-30,384.0324096679688,389.51270373824616,380.60722587404535,383.4021607657179,748238,
2017-05-31,400.2541198730469,402.72024685663285,382.8267596716676,383.6213990921555,1300174,
2017-06-01,397.37689208984375,404.2820735861328,395.2669942270974,400.25406226996944,715753,
2017-06-02,402.7750244140625,405.8987939498221,395.40401113743,398.418178032498,1110251,
2017-06-05,406.3646545410156,409.3788216524211,402.7202385303808,402.77505332266776,840098,
2017-06-06,406.85784912109375,412.3655636122166,403.0216220319493,407.7346971791819,1174651,
2017-06-07,400.4185180664063,420.8600444587435,393.1022923174793,403.8984896048223,2822781,
2017-06-08,405.0493469238281,407.8991233758846,393.5955071343305,404.44651892143656,900979,
2017-06-09,420.0380554199219,425.2717506468781,397.37697205662647,403.3505188890752,5056207,
2017-06-12,401.7611999511719,418.1473219079089,400.1171332120373,417.05126843648026,1738651,
2017-06-13,411.8449096679688,415.4071166215723,401.7611437212855,402.80240918821823,1799515,
2017-06-14,409.8446350097656,416.338800404142,408.28275019876537,410.5844595888625,1148964,
2017-06-15,407.7895202636719,412.118945854057,405.6795953217167,408.2827456228801,538001,
2017-06-16,408.5187377929688,416.0422715967213,406.4921234671447,410.6009154261463,998512,
2017-06-19,408.2689208984375,413.5436966569183,404.8541788282312,411.37825579101735,606026,
2017-06-20,414.1544494628906,416.3753988752411,408.2133511104383,410.7952436911521,953440,
2017-06-21,417.8190002441406,421.9833005127512,414.598593845395,415.514760645211,1275376,
2017-06-22,417.0416870117188,425.5368688463645,415.0705814812423,419.2071276590148,891747,
2017-06-23,401.3839111328125,419.9012024643017,394.02695791334907,417.0972475769445,1692896,
2017-06-27,402.1612548828125,405.881376713573,390.33462090864936,404.1046061810347,1152986,
2017-06-28,398.9685974121094,403.10514381470114,394.776542281938,400.32894330378014,526943,
2017-06-29,401.4671936035156,404.0490589478207,393.2496096507875,401.9669085962706,3118131,
2017-06-30,401.3839111328125,402.4943858841041,393.1108182903155,397.9414148424246,368555,
2017-07-03,398.6909790039063,402.0779390892482,396.1923768382637,400.16234227622726,374073,
2017-07-04,383.58837890625,400.71756794912847,382.0614797152047,400.71756794912847,1173503,
2017-07-05,376.0093688964844,388.1136278774418,373.6773474360792,381.1731268030349,1079704,
2017-07-06,375.3430480957031,380.45126964486775,372.0393785377607,377.6195333877571,1009758,
2017-07-07,371.17877197265625,379.5906636291875,369.5963366383541,379.22977503971066,633271,
2017-07-10,371.76171875,374.6212091043697,370.3458643973081,372.844438928653,180805,
2017-07-11,362.9056701660156,374.7323033272581,361.4620339736486,372.4002819296864,661230,
2017-07-12,369.8184509277344,371.1787968689208,361.2122235725328,362.378234379264,1069644,
2017-07-13,366.0150146484375,374.3436153178209,364.3770434173887,372.0671300432392,519818,
2017-07-14,372.17816162109375,376.1481267082143,364.3492761770016,368.6801571049232,788761,
2017-07-17,369.6796569824219,376.5091138582207,368.1249758850416,373.3997789538881,297769,
2017-07-18,369.1521301269531,373.67734664240845,364.8212487327855,369.9294706121038,440737,
2017-07-19,375.09326171875,376.4813620535867,368.7079838042444,369.1521628119866,641709,
2017-07-20,370.45697021484375,376.62013083868175,369.73513844975525,376.45357736940633,235620,
2017-07-21,363.6830139160156,373.89945751333926,361.5175732531231,369.9294647710862,414517,
2017-07-24,359.0467834472656,365.2932348367053,355.3544158852274,363.6830450282413,630409,
2017-07-25,372.4835815429688,376.9810436953984,360.65694808847104,362.01729393745256,2238198,
2017-07-26,376.9255065917969,379.063192919744,369.429754552988,369.429754552988,1066605,
2017-07-27,374.4269104003906,379.78497580680215,371.8172636003391,377.0087755487563,993424,
2017-07-28,374.5102233886719,379.6739539972051,369.79067174884335,372.01162117321815,462047,
2017-07-31,372.6223754882813,376.3980055526123,371.0121586419804,374.5101905204468,446313,
2017-08-01,365.01556396484375,375.3430519028524,363.6829998417849,372.844477115602,427806,
2017-08-02,366.2093505859375,370.34592416778185,363.7940660309026,366.4592217246097,389670,
2017-08-03,354.0495910644531,366.34818548144,350.71813954742186,363.6830297259002,809697,
2017-08-04,356.1039733886719,358.88017378267983,346.60933420103726,356.1872637669602,783148,
2017-08-07,361.6286315917969,365.95951308043607,356.85354383462806,356.9646158695802,626529,
2017-08-08,349.1357116699219,363.9606630520269,345.91530482889294,362.0450661078945,434670,
2017-08-09,337.0036926269531,350.66260572572645,333.14474443312804,349.13570635694,966152,
2017-08-10,329.9521179199219,335.3379654600815,316.73738385972865,335.3379654600815,1233989,
2017-08-11,326.4540710449219,341.47335659556154,318.1254698974949,326.48185269785284,1456568,
2017-08-14,348.9136047363281,350.6903751893849,328.2030917355037,328.2030917355037,1328162,
2017-08-16,348.99688720703125,359.24108508808,344.4716707978164,347.63654138995497,1964676,
2017-08-17,356.02069091796875,358.1305956229588,347.58101751715645,349.2467432486438,614091,
2017-08-18,356.4370422363281,363.68294904288905,350.0240117694647,353.9662221556067,1033920,
2017-08-21,350.357177734375,362.18383725677336,346.2206318891886,356.6036553326523,550369,
2017-08-22,341.61212158203125,355.3543503094575,339.08579258568466,352.18948000627387,764039,
2017-08-23,353.9940185546875,355.7985705264701,344.1107370580294,344.27731780383664,625601,
2017-08-24,356.21502685546875,359.2410984584686,352.6892402609234,353.7442062610421,1676966,
2017-08-28,368.9856262207031,370.0128106909506,355.3544388271484,355.3544388271484,1329597,
2017-08-29,359.7963256835937,368.6524238012299,356.0484495652585,367.0144797036979,767879,
2017-08-30,362.2671508789063,365.5986024240545,360.8512962529103,360.990095362947,896288,
2017-08-31,361.9617614746094,365.93175431842695,358.29717578759966,361.46204648503647,1317731,
2017-09-01,370.7623596191406,371.9005887319133,361.8229710288126,364.7657523103056,446258,
2017-09-04,363.155517578125,372.0116153550303,358.13058615329453,372.0116153550303,613305,
2017-09-05,367.68072509765625,368.5413559281955,361.6008551410711,362.5725034189288,314403,
2017-09-06,365.8485107421875,369.2077169925655,363.1555730361932,365.2932596647717,284179,
2017-09-07,370.20709228515625,374.6768000285621,365.6263670912202,365.8484565731313,668790,
2017-09-08,368.3748168945313,374.2326253294472,366.459247193284,370.09607875054144,387400,
2017-09-11,375.6207275390625,378.0637939296837,368.6802259309172,369.23544968531206,815936,
2017-09-12,388.0580749511719,390.0014260834933,375.6206822851637,375.6206822851637,1191929,
2017-09-13,380.0071105957031,391.4450736673404,376.7034135744128,391.33402892660143,713314,
2017-09-14,390.5289306640625,402.8830332062875,380.0626159882712,380.2847327582267,2445417,
2017-09-15,393.5272216796875,404.7708495672836,388.6688710257748,396.4422484462903,4100882,
2017-09-18,392.9164733886719,400.328935151588,390.5011615274824,399.7737114349662,729273,
2017-09-19,392.13909912109375,397.9413706704336,390.6399542796931,393.1107746545267,808512,
2017-09-20,385.72607421875,392.2501502897725,384.8376890436692,391.5561002245664,393896,
2017-09-21,390.6399536132813,394.6932091955271,380.5345553732416,386.447871646254,679438,
2017-09-22,377.7583618164063,390.33458064857774,376.4813064222113,390.30679899687794,562295,
2017-09-25,382.255859375,387.5583892659701,373.2609347632463,377.5640619412096,1150976,
2017-09-26,381.9782104492188,391.445067828064,380.3402391442968,382.0059648113831,814566,
2017-09-27,370.4847412109375,386.392413054239,369.0966409255767,383.1164701819774,602488,
2017-09-28,373.0665893554688,378.9243973953281,370.373679293175,370.4847240360048,1537948,
2017-09-29,380.5068054199219,383.1164249151258,373.6495678964926,373.67732225760096,481196,
2017-10-03,384.5600891113281,389.2241047677937,381.47850880029335,382.5612291571895,803024,
2017-10-04,383.8660278320313,387.9192836390787,382.7000171292317,386.9753897061636,273076,
2017-10-05,387.7249755859375,389.7516172761375,383.1164684681332,383.1164684681332,557176,
2017-10-06,393.6937561035156,396.1090403198099,388.6688252856018,389.7792998462973,978286,
2017-10-09,383.116455078125,394.1935298503524,378.9521543862145,393.6938148589402,706345,
2017-10-10,382.9776306152344,388.1136065866357,380.42351981026167,383.1164297129381,580179,
2017-10-11,374.010498046875,383.9493160363201,372.0671468865415,383.5328914420844,1771020,
2017-10-12,381.7005920410156,383.1164466036273,368.1249426120192,376.4535711020378,2138562,
2017-10-13,383.5051574707031,390.8898655076867,381.5340517031329,388.6689158686818,2080508,
2017-10-16,399.385009765625,401.1617800998756,383.0886696242237,383.2830047323581,1515075,
2017-10-17,401.4671936035156,405.3261144382892,396.7753962538664,402.4388692256576,1023236,
2017-10-18,394.3045654296875,403.1051272370883,392.3334598731437,402.49436751627127,718045,
2017-10-19,390.1402587890625,395.3039892637685,387.5583662612845,395.1929445244703,82646,
2017-10-23,398.3578186035156,404.4932520043293,390.3345973276557,390.4178604150407,1323166,
2017-10-24,404.9929504394531,408.1022849113439,396.4977416061676,401.4393824437687,1015853,
2017-10-25,395.7759704589844,409.1572852420092,385.44848168198666,408.657570243963,1410783,
2017-10-26,375.1764831542969,385.8926135865606,371.1787363671935,383.1164134271053,2716665,
2017-10-27,364.2659912109375,373.6495575971721,362.3226401784435,372.5668373491287,1311462,
2017-10-30,366.1260986328125,373.1221359528865,360.0462009348832,364.7657527363263,944242,
2017-10-31,380.0348510742188,386.8365526967824,364.9045212962586,366.40366617710265,2401315,
2017-11-01,384.7266845703125,399.2184743723605,381.367451337891,390.8065550448501,2953447,
2017-11-02,377.9526977539063,389.4739506881682,375.7872571803301,386.3368345635739,899402,
2017-11-03,382.7833557128906,386.4479417471753,379.2853231639631,379.2853231639631,1068571,
2017-11-06,381.6173095703125,386.1980621573501,379.2297793601895,384.1714205408154,506962,
2017-11-07,372.7611999511719,385.2541289110069,369.8461731873878,382.033722289649,921999,
2017-11-08,376.4535827636719,379.50740875620806,373.122131264464,373.122131264464,893340,
2017-11-09,385.3096923828125,387.4473515381554,375.5096727180251,375.5096727180251,937486,
2017-11-10,389.1963806152344,394.6655188409387,381.783918301238,383.06097388005,885548,
2017-11-13,384.8654479980469,395.3317351140495,382.9498785281527,387.00313423218006,1131221,
2017-11-14,386.225830078125,393.1108227367767,384.22697004510576,384.67114903447583,652793,
2017-11-15,378.3968811035156,388.5578156751031,373.8716647934623,385.89263282388873,670583,
2017-11-16,386.28131103515625,387.6139024883146,379.7294803799984,382.5612167501412,493131,
2017-11-17,389.2796020507813,396.3866832164913,386.86429043783465,390.3345679395736,1091999,
2017-11-20,390.1124572753906,392.97194786062215,388.83540190283946,390.33457403310393,444484,
2017-11-21,387.1974792480469,397.8581017489191,385.1985920613145,390.0014339753432,1282653,
2017-11-22,385.8648681640625,391.000844036104,384.2546785839832,388.6688500391656,464137,
2017-11-23,387.2252807617188,389.1408778042911,380.978829179933,388.4190459723984,400468,
2017-11-24,384.7821960449219,389.2241224168826,383.1164702441332,386.003742853728,469988,
2017-11-27,383.810546875,386.9199091951738,382.4779825166605,384.7544682337468,409128,
2017-11-28,383.4218444824219,388.5578482120365,380.5345992057344,380.5345992057344,528917,
2017-11-29,384.2824401855469,385.8926297959654,382.8110496727622,383.4218093670296,404384,
2017-11-30,383.03314208984375,385.3374090774186,381.4507068287016,383.588393065496,494203,
2017-12-01,377.81390380859375,385.3374377394702,374.8156138140722,383.25528736153694,407585,
2017-12-04,371.23431396484375,380.17367511323374,367.68074570576977,378.56348539007337,531715,
2017-12-05,371.1232604980469,374.2326226463907,366.0428199326419,370.9011709990016,362589,
2017-12-06,370.45697021484375,377.95272233544046,367.5974793889092,372.40029415284687,438795,
2017-12-07,378.81341552734375,380.2292703464573,368.7357691351511,370.45703116076993,301009,
2017-12-08,377.3697509765625,382.8943980034857,374.84339415192215,378.2026002692761,360127,
2017-12-11,397.2196044921875,400.3289392080542,374.5379854194606,378.0082360226081,3085533,
2017-12-12,387.7249755859375,400.5510396311685,385.1431101583332,399.77372639880247,1086708,
2017-12-13,386.6700134277344,396.22016200157856,384.00485759017977,388.0858953757782,691203,
2017-12-14,389.2518310546875,418.6518299782928,386.91980991294537,418.6518299782928,11947470,
2017-12-15,381.3952331542969,392.9164872796618,379.7017530004842,392.0281020112333,2521605,
2017-12-18,379.56292724609375,385.7261154071955,367.9306283536352,378.9244131257091,1391894,
2017-12-19,382.3113708496094,384.7821915120797,378.7022937753453,380.8955162163104,904479,
2017-12-20,377.39752197265625,384.1992248944459,376.1760023454011,382.56128060248375,1446787,
2017-12-21,376.5646362304688,381.7006127063658,375.6484693081887,378.6745410072773,836991,
2017-12-22,377.0088195800781,381.284192492368,374.6490436270532,375.34309377262366,1000826,
2017-12-26,377.5362854003906,379.6461900292086,375.0099288859161,376.2869843242711,500679,
2017-12-27,384.2269592285156,388.5023046877662,376.5090902464247,376.5090902464247,1670693,
2017-12-28,377.203125,386.7255184459534,375.5373993237554,385.8926419626186,2802065,
2017-12-29,378.4246520996094,382.1725278542602,377.00877033846825,380.340221518252,537594,
2018-01-01,376.4257507324219,382.56118355035113,374.7878068559905,377.7860964297589,547771,
2018-01-02,372.4280090332031,378.9798387280389,371.0954177753668,376.9809791317055,548305,
2018-01-03,371.2620849609375,376.31477113514137,370.34594531434686,373.4275257913717,692623,
2018-01-04,374.6212463378906,375.34305076525885,370.3181195541563,373.5940620646965,469534,
2018-01-05,373.2331848144531,378.1193174339564,372.03941966898486,376.3980556262391,720707,
2018-01-08,376.4813232421875,378.3968927738494,372.5668665104661,375.3153125314258,628494,
2018-01-09,377.9249877929688,385.58729378469855,374.6212905313735,377.00882085698805,1054089,
2018-01-10,373.9272155761719,380.83996223217696,373.12212073284667,379.1187278040774,678183,
2018-01-11,374.8156127929688,379.6462092979334,372.067166660265,374.2048530502405,524239,
2018-01-12,375.9815979003906,380.950993174973,373.455241430049,376.4535585022733,1240234,
2018-01-15,373.8439331054688,378.6745295580281,373.0665926084562,376.0926642160513,618808,
2018-01-16,361.93402099609375,374.9544201685259,358.99123967214683,373.8161910393326,916432,
2018-01-17,358.46368408203125,362.8500733582612,352.244988687495,358.2971033557069,1227518,
2018-01-18,352.0784912109375,361.6563940117352,348.91362040495704,360.82354476402537,758966,
2018-01-19,351.9396667480469,355.32665435711067,347.66432115809334,350.91248236482284,602076,
2018-01-22,357.8529357910156,360.9067612244997,349.302219119176,354.2438594458358,1121026,
2018-01-23,355.02130126953125,363.4054396059269,353.4388657384088,363.12781407073487,687054,
2018-01-24,351.8841552734375,358.1306064882052,348.9691283322898,354.8546909427441,572678,
2018-01-25,343.8331604003906,352.4671694007337,342.94477511398,352.4671694007337,514635,
2018-01-29,336.25408935546875,348.49714720784834,334.92152518242773,344.22180190254244,1281182,
2018-01-30,338.6694641113281,343.9164859820498,334.5884258748766,337.2535820068646,1026639,
2018-01-31,341.6676940917969,347.0257870660729,339.77987891019217,340.08525877115574,969913,
2018-02-01,345.9707946777344,350.27392134627763,336.8926080490927,343.3611479417743,885006,
2018-02-02,342.5283203125,345.74872692601093,331.0070669686661,344.2495547137605,2517395,
2018-02-05,343.8331604003906,345.8875564921704,335.36573216950814,336.1985814359561,972566,
2018-02-06,335.1991271972656,342.0286107669025,328.4807156595343,332.5895075464219,1217525,
2018-02-07,333.97760009765625,345.4710989982138,332.7838350410688,339.4189560480438,943807,
2018-02-08,343.66656494140625,346.4705470854791,333.9220815721704,334.8104668206083,1169942,
2018-02-09,354.2994079589844,355.9096248675991,335.19911285245803,337.00366487295264,1176313,
2018-02-12,360.9067993164063,364.2104689055443,352.55041685264365,358.13057175533186,668207,
2018-02-14,364.5714416503906,369.7907087981427,356.5204377769448,365.1822014387644,945450,
2018-02-15,358.9356994628906,365.3209492690772,357.5753536676784,363.1277542958144,465503,
2018-02-16,355.3821716308594,361.43431519939713,351.82863046014745,359.1300752275981,682375,
2018-02-19,352.0784912109375,357.9640538349003,347.4144480943963,354.35497675049487,475679,
2018-02-20,349.96856689453125,355.07678911216016,348.9136281294673,352.0229629855714,467732,
2018-02-21,347.3034362792969,352.52270362573546,342.63942001093267,351.1068488542042,357919,
2018-02-22,343.0557861328125,349.7464431330206,341.47335084981097,345.9430584975792,991884,
2018-02-23,354.8824157714844,357.02010201708225,344.1940391243442,344.1940391243442,495751,
2018-02-26,352.6337280273437,357.0201181640007,351.71756114326666,357.0201181640007,555055,
2018-02-27,360.26824951171875,362.1283101990784,352.10620235017944,352.6336989467048,593661,
2018-02-28,356.6591796875,360.7402169914858,354.2438952871372,358.13057019098534,637598,
2018-03-01,354.32720947265625,358.6858452630617,352.5781933676974,354.5215445954295,437534,
2018-03-05,349.0246276855469,353.29997279300807,346.52602562977853,353.29997279300807,301046,
2018-03-06,346.6371154785156,353.6886611968047,344.3050940506714,350.4960362052397,683477,
2018-03-07,340.501708984375,346.470562129529,336.7815870667521,346.470562129529,779475,
2018-03-08,342.4173278808594,344.94365749881644,338.6972057251165,344.94365749881644,706592,
2018-03-09,344.2495422363281,348.8302945035928,341.5566323471126,342.6948886462055,834740,
2018-03-12,347.35888671875,350.3571763045827,343.97189964169144,346.02629537587586,308655,
2018-03-13,352.0506896972656,354.46597402449095,346.94246827686146,347.3588928449454,367102,
2018-03-14,354.9379577636719,355.9373877084557,348.9691051667809,350.1628702280741,572358,
2018-03-15,354.9656982421875,359.9073390483509,354.04955871037265,355.2988597377012,455034,
2018-03-16,346.5538635253906,357.9085374829644,344.8048472605807,355.35442629034844,566732,
2018-03-19,347.5810241699219,349.9685544242619,346.7481749334503,346.7481749334503,612258,
2018-03-20,353.96630859375,357.02013467087414,346.303975391418,347.58103092514,2703938,
2018-03-21,354.4105529785156,359.9629547009954,351.0791010288558,355.2989383457296,867130,
2018-03-22,348.5804443359375,355.3821463068006,347.05354501534,351.46771679921846,229558,
2018-03-23,342.6671447753906,346.27622189023407,341.1957541069906,341.55667000560305,787135,
2018-03-26,344.4161376953125,346.2206624856344,342.58383125206285,342.58383125206285,422024,
2018-03-27,347.3866577148437,349.2467184377039,344.47165835964574,345.3600435339652,276737,
2018-03-28,344.3328552246094,347.164591687232,344.11076573863824,345.80424582741347,644158,
2018-04-02,354.16064453125,356.54817483742846,344.77707678319086,344.77707678319086,256988,
2018-04-03,362.2671508789063,364.4603733085586,353.1334544293107,353.1334544293107,939691,
2018-04-04,354.16064453125,368.0972106862689,351.77311422507154,364.4325975530333,667917,
2018-04-05,363.6553039550781,367.070018831659,359.0467965705159,360.7402768258714,479539,
2018-04-06,363.5997009277344,364.8490019372309,360.5181208807614,364.7101755526072,194653,
2018-04-09,366.5147399902344,372.56685555665575,362.822372848048,363.6830036745581,683574,
2018-04-10,363.932861328125,368.9577927981951,360.90681707523686,366.0150389239928,411681,
2018-04-11,365.9317321777344,366.8201173599373,362.2949010739624,363.76629159046325,349690,
2018-04-12,352.4393920898437,368.12494634027655,351.3288900863108,364.2382439087627,718086,
2018-04-13,352.57818603515625,356.1872629129687,349.4410697728956,352.7169851383537,359275,
2018-04-16,344.8048095703125,352.0229360563204,341.19573268209587,352.0229360563204,2009913,
2018-04-17,346.7481994628906,348.69152358227313,343.74988196054966,346.9980433353358,296175,
2018-04-18,344.4716796875,349.2467400612045,343.1668425612859,349.2467400612045,348241,
2018-04-19,344.749267578125,348.1362549256993,341.501106622167,344.860339607588,329117,
2018-04-20,349.46881103515625,352.0229218454777,345.5266000831936,346.9702362382871,648017,
2018-04-23,351.8008117675781,355.2988435687399,348.0529361465749,349.8019520471558,284999,
2018-04-24,351.3843994140625,354.9379400584452,348.413864090126,350.9401931883028,428734,
2018-04-25,349.24676513671875,351.74534024532807,347.3311954351896,350.6904014719306,874208,
2018-04-26,344.3050842285156,350.9124507951574,342.1951523424404,349.2467251499912,657824,
2018-04-27,344.8881225585937,347.58103275216007,343.27790548300305,346.30397721172534,695700,
2018-04-30,346.3594970703125,349.0524071382306,341.4733646330411,346.97025680236493,1299510,
2018-05-02,349.5243530273437,352.8002683260355,343.9719250753787,348.3860967007071,972276,
2018-05-03,341.52886962890625,349.1634201669716,339.97418878640104,349.1634201669716,1338111,
2018-05-04,342.6671447753906,343.88869158354134,338.1974640414361,341.445625257667,663812,
2018-05-07,339.55780029296875,346.91472613505283,336.198567134029,343.69434666532675,822662,
2018-05-08,342.6671447753906,344.74929520265243,337.64221301132875,340.00198895364423,1204986,
2018-05-09,339.5299987792969,343.63879054773804,336.97588792760905,343.63879054773804,751792,
2018-05-10,339.8353881835937,341.7787393841554,338.14190811900096,339.9742145781628,941881,
2018-05-11,353.1889038085937,357.5753206403945,330.95149440732706,331.06253913478224,2464496,
2018-05-14,353.7996826171875,356.40932937020415,349.16342172011053,354.2438888414892,644661,
2018-05-15,343.2223205566406,353.6886064174786,336.7259995484472,353.4665169702979,715706,
2018-05-16,346.498291015625,348.136262354847,338.9192486233213,341.5844042883844,437817,
2018-05-17,342.5560607910156,348.635957899718,339.30789994682965,347.5809919795209,309127,
2018-05-18,338.752685546875,342.4728073851185,336.2263561445314,342.056382760498,313577,
2018-05-21,338.1697082519531,342.0286292107837,335.9209770670502,338.75268635355377,708847,
2018-05-22,340.4461975097656,346.3872689518025,336.86487473537863,338.6971813146297,644178,
2018-05-23,339.1135559082031,344.9435817413356,337.8642549116664,340.36285690473983,374662,
2018-05-24,341.3345947265625,344.4717113255206,337.94760696652065,339.9187127279444,325699,
2018-05-25,350.8013916015625,351.9396205830929,340.8070381424172,342.30621026458545,355513,
2018-05-28,356.5203857421875,358.9079158157818,350.6348236432044,350.6348236432044,539583,
2018-05-29,344.554931640625,360.4626021653695,337.8642746287397,353.2166941691927,663224,
2018-05-30,350.579345703125,353.10567509731027,343.05581166792444,343.139102050665,253445,
2018-05-31,342.7781677246094,354.7991634580199,341.75098340370363,354.6880914267203,3289033,
2018-06-01,334.1441650390625,346.1373510520814,331.1458480679901,344.6937422238091,363094,
2018-06-04,335.060302734375,337.33678798848564,331.8676506741487,334.9215036406362,436463,
2018-06-05,335.0881042480469,337.5867066103313,332.478484427488,333.45016009166227,775895,
2018-06-06,336.7538452148437,339.5300459286102,332.062047451087,334.838275455282,175103,
2018-06-07,337.0314025878906,342.0285792363697,336.4483972810469,339.19684307318926,540916,
2018-06-08,335.3656616210937,340.30730203156463,334.00531596766234,336.4761361728978,211084,
2018-06-11,337.9198303222656,340.27960620728976,334.5606244396544,334.5606244396544,1724315,
2018-06-12,337.6976623535156,341.44553761870367,336.5594062210804,338.1418412312522,466041,
2018-06-13,338.0308532714844,342.33398014681285,336.4761723575154,337.2812944668384,2255890,
2018-06-14,338.6694641113281,341.5844641326489,337.3091180325109,338.03092262333155,215178,
2018-06-15,339.0303039550781,344.471687487011,338.1419187056398,338.97479522785306,416073,
2018-06-18,335.86541748046875,342.80594567883736,334.2552278195279,341.4455998595614,1119172,
2018-06-19,331.2569580078125,339.3357164097593,328.75838278210745,335.6711303152489,535542,
2018-06-20,336.5594787597656,338.697165118264,329.841067107829,333.08922819042965,575513,
2018-06-21,335.1991271972656,339.5577902203023,334.00536211332377,336.94814327903305,161708,
2018-06-22,334.2552490234375,337.1424943094471,331.617847594942,334.81047275703924,307700,
2018-06-25,331.4512634277344,336.2541055940489,330.92379406361977,334.4217990659023,301420,
2018-06-26,327.92547607421875,334.0331281011567,326.8150013303463,330.9515477239582,826023,
2018-06-27,327.7589416503906,330.3408071783803,325.4546743566829,328.3697014304958,518310,
2018-06-28,324.7605895996094,327.592325985356,319.0971441185414,325.20479584991824,816854,
2018-06-29,329.1192321777344,330.92375684873343,318.8750075970243,324.95490458942527,474363,
2018-07-02,328.8971252441406,331.201392218513,323.9832387380885,329.81329207776,441726,
2018-07-03,326.5929260253906,330.2575119426413,322.4008434318079,328.70283085943566,2360274,
2018-07-04,327.98101806640625,330.53512912713546,324.4274769889442,327.53681178651,291071,
2018-07-05,330.67388916015625,334.78268077931057,326.0654098821149,328.3696495211356,611704,
2018-07-06,327.92547607421875,333.6722395013934,326.8427556940759,331.4512627232221,248273,
2018-07-09,333.0892333984375,337.6422043998282,327.7033858731282,330.3130328995616,210430,
2018-07-10,341.14019775390625,345.1934532946456,334.810429681792,338.03083608406604,686342,
2018-07-11,336.6427917480469,343.8887005306307,334.6994403825374,343.8887005306307,168949,
2018-07-12,338.72491455078125,341.47336060300626,329.1192578398349,337.89206534243453,442636,
2018-07-13,333.78326416015625,346.44277372400654,329.25804778494586,343.63879173369577,1243538,
2018-07-16,312.9339599609375,333.1447305472169,309.8523796975207,333.1447305472169,636819,
2018-07-17,315.0716247558594,319.7356400216532,309.60248741279685,312.5730227320504,281357,
2018-07-18,303.4393615722656,316.98722996487777,296.7764584769447,315.9322912307791,528516,
2018-07-19,304.82745361328125,309.13055339671746,300.30223705301256,303.1339462307604,335268,
2018-07-20,306.9651184082031,309.1305591671529,302.60648252659115,303.71695726977845,743108,
2018-07-23,314.4609069824219,315.2937562410661,302.9118710768688,306.9651272024872,267241,
2018-07-24,326.31524658203125,330.4240381114143,312.54526318982465,315.9322503171789,496265,
2018-07-25,320.7350769042969,329.5356656106,318.70846271261684,326.3152591026187,348416,
2018-07-26,316.8206787109375,326.4818718925984,315.12717127087024,320.92944351077966,258170,
2018-07-27,315.6268615722656,322.9005238985273,314.4886325370283,319.18042964950143,235219,
2018-07-30,320.98492431640625,323.45574456030045,315.65461363584194,316.5152170994838,416373,
2018-07-31,321.2626647949219,330.3686086449197,319.8190282348651,322.01222379903385,528842,
2018-08-01,331.9165344238281,336.3585658968425,320.83953453166464,323.8758577433501,742380,
2018-08-02,330.17340087890625,335.29020710930456,327.08083752896727,331.91649661180725,439607,
2018-08-03,329.8641967773437,339.1137817905467,328.73963565506125,329.4424898110635,601053,
2018-08-06,326.7997131347656,336.13364431860776,325.6470456771041,329.6392635952262,340731,
2018-08-07,326.9683837890625,328.73958594352763,322.1608587726014,327.7555847466025,342515,
2018-08-08,327.1371154785156,332.8724018718139,323.8758579392256,328.62717065828224,411130,
2018-08-09,332.0289611816406,337.3706466196426,324.15697896657224,327.3057552706381,429699,
2018-08-10,319.71490478515625,331.01683755260507,309.9311610653297,329.24563542144654,1646468,
2018-08-13,314.4857177734375,319.8274037152842,311.8148609842116,319.8274037152842,290684,
2018-08-14,318.05621337890625,321.626696762057,311.140098020606,314.260795677943,436651,
2018-08-16,313.78289794921875,319.88367919031015,312.2366020886511,319.88367919031015,396895,
2018-08-17,311.4212341308594,317.15654775422894,309.3126718870509,315.32910503364604,282349,
2018-08-20,310.2685546875,316.65050986344454,307.5695915631493,312.7707451903271,382156,
2018-08-21,309.17205810546875,314.0639574685031,307.8788310265016,309.8186992815528,249605,
2018-08-23,308.8066101074219,313.1080813959571,305.51724645894177,308.63791628854534,219426,
2018-08-24,305.0392761230469,309.2564001849996,303.2680740678508,308.86279972828936,301093,
2018-08-27,309.9874267578125,311.7586013964073,305.71406168413256,305.71406168413256,421494,
2018-08-28,307.906982421875,312.7145079460832,305.1236723527851,310.94330560455245,505108,
2018-08-29,308.6097717285156,310.3809736980408,305.1798211092861,306.4449693213182,232132,
2018-08-30,314.57000732421875,316.87536959068564,307.00727935682136,309.25640114218413,948581,
2018-08-31,303.63360595703125,317.6907155526696,301.72184391606663,314.87929916086256,723031,
2018-09-03,298.9666442871094,306.8386268691235,296.9142948177406,305.8827320178331,382994,
2018-09-04,291.74127197265625,300.73781464321127,290.0262827076997,299.0228530148556,1141400,
2018-09-05,288.6768493652344,292.8939740603854,283.9536431755252,289.5765037389974,927793,
2018-09-06,290.7291259765625,292.1629680481165,284.8813872755023,287.3273092688477,605651,
2018-09-07,296.576904296875,299.86626781284707,288.451909442859,292.6971400752207,958922,
2018-09-10,295.5648498535156,299.5851745505396,291.4320441704746,297.0267986690725,395590,
2018-09-11,293.9342041015625,305.601604068181,292.58470877650547,294.66516461461663,905060,
2018-09-12,294.8901062011719,295.8460011393033,286.8213226306599,293.9342388996467,480378,
2018-09-14,295.9302978515625,298.0107259463834,293.11885400796893,294.8900561675504,267783,
2018-09-17,293.9342041015625,297.4484745405192,289.2953450128573,295.90217896541645,354316,
2018-09-18,290.7010498046875,297.11108343258826,289.29534164546726,292.44414560954635,414975,
2018-09-19,291.9381103515625,295.45238097320026,289.1266662176478,294.9181930458203,379088,
2018-09-21,281.0016784667969,293.6530807076593,275.65996485793744,293.0907863372724,911586,
2018-09-24,283.0821228027344,286.146552376172,277.99345016132025,281.1422266504991,504807,
2018-09-25,282.7728271484375,288.4518997188374,279.3147699369593,283.3913342564157,597057,
2018-09-26,286.9337158203125,290.7572671345492,281.4233369586367,283.39133927944965,596864,
2018-09-27,283.8412170410156,290.0825854028538,283.1102564287056,289.0142370951648,370441,
2018-09-28,281.4233703613281,286.8775370249753,273.38269395092897,285.4155883221926,752287,
2018-10-01,282.9414978027344,286.70880862791194,274.98516926631027,284.5158996564325,1087611,
2018-10-03,274.4510498046875,284.76898265370806,271.83643355891,284.76898265370806,1568517,
2018-10-04,270.06524658203125,275.5194137083819,263.3740649660329,272.42684984765634,634459,
2018-10-05,266.0167236328125,271.38654254224514,262.33375984391466,271.0210761511389,316319,
2018-10-08,268.23779296875,271.7239568758848,260.1127701147025,262.3619197088485,557199,
2018-10-09,267.9847412109375,275.65992277565823,262.6149219942976,267.1975402672122,618230,
2018-10-10,277.6841735839844,280.91729672137524,266.0729869675473,266.0729869675473,237302,
2018-10-11,271.9207763671875,279.8771059647785,250.4977375857216,272.4268302252848,215753,
2018-10-12,272.5111694335937,279.23045680399,269.7559659000756,272.14567535440364,230947,
2018-10-15,288.986083984375,291.06653976891886,269.33424882087087,272.7641722591228,619510,
2018-10-16,273.5513916015625,289.0423162358293,271.5833890196725,287.3273544015841,1816112,
2018-10-17,264.7234802246094,277.14997369271003,263.542706462937,277.14997369271003,1783564,
2018-10-19,256.0081481933594,267.08514919755453,248.83901875890243,261.7434627955679,585993,
2018-10-22,251.9033966064453,258.3134293144947,250.2446479510296,255.8675074176228,220539,
2018-10-23,254.82730102539065,261.6590691732237,247.4051597741028,249.65428176199487,670678,
2018-10-24,256.5985107421875,259.60672737992604,248.81087519479232,254.46181439100272,398842,
2018-10-25,252.94363403320312,258.1728935463379,249.7948578651984,253.5902752301924,1300934,
2018-10-26,251.0318756103516,258.08855020818504,244.9873086389656,251.95963632849484,763376,
2018-10-29,262.13702392578125,263.4865194079024,247.4614056498961,251.0319169915436,392924,
2018-10-30,263.8238220214844,273.8324996977837,260.1408581309344,260.1408581309344,548935,
2018-10-31,276.3065185546875,277.8808925467837,261.602771396142,265.45442857539416,792644,
2018-11-01,280.4955749511719,286.65259496191305,275.15386228759,278.3307724085349,1060995,
2018-11-02,275.8567199707031,281.9012867348473,267.8722849284777,279.455337024292,1568469,
2018-11-05,278.4432373046875,282.2386546993423,273.5513653818747,275.85672776971967,490054,
2018-11-06,283.9817810058594,288.08645241331874,278.387054431156,279.31481524361203,857135,
2018-11-07,282.8852844238281,287.8896094751284,279.76458714496306,283.39133821347644,274142,
2018-11-09,288.6487121582031,289.2953257157342,280.2987829374684,282.51979839034624,546645,
2018-11-12,289.6326599121094,293.03450412013734,284.48777542363814,289.1547402106712,325622,
2018-11-13,290.5604858398437,291.6850468236303,280.4112476514289,286.8775216722556,565567,
2018-11-14,295.1431579589844,297.1392671953502,287.214933872795,291.23525877516346,761021,
2018-11-15,291.65692138671875,295.4523386416116,289.60457216123865,294.6370312905992,1565785,
2018-11-16,308.3849182128906,311.4493477065497,291.0384448195074,293.1470071117272,1051786,
2018-11-19,302.509033203125,308.04751885847014,300.87839075525807,306.2201038019424,345508,
2018-11-20,298.5730285644531,304.8143959326843,295.93030609993343,301.41257891101407,376626,
2018-11-21,299.81005859375,302.5090214366927,295.1993062216967,299.6975776266013,191581,
2018-11-22,296.6331787109375,304.7019616416295,295.0306702226645,299.6976082824676,435002,
2018-11-26,298.5448913574219,300.85025357917425,294.35587378591833,294.35587378591833,280939,
2018-11-27,299.8381652832031,302.0591807458383,295.1993064835485,298.0107226595325,383103,
2018-11-28,293.90606689453125,301.94674299849345,292.3879053975406,300.8221819973822,628246,
2018-11-29,297.81396484375,300.5691406728944,294.24345396288265,295.7053749704767,363184,
2018-11-30,302.5371398925781,303.858501124815,294.2996636454967,300.54103101361943,447196,
2018-12-03,296.80181884765625,306.6699096579799,295.4242448010335,302.50902582101446,631713,
2018-12-04,294.8338623046875,297.3360251009564,288.64873519639525,297.3360251009564,543567,
2018-12-05,290.8416748046875,295.19935960702225,288.7049782280712,295.0025593338235,175849,
2018-12-06,287.9459228515625,291.79758191874737,282.5479954529888,291.79758191874737,523820,
2018-12-07,293.4562683105469,295.93032474672714,287.74908846980884,288.4519425854346,768600,
2018-12-10,286.3715209960937,291.6569945284171,283.981811189159,291.6569945284171,246005,
2018-12-11,292.1629943847656,293.40000870395284,281.19844878614344,282.8290635953634,221517,
2018-12-12,299.2196655273437,300.3161200739524,291.40389630685524,292.95019182375046,186738,
2018-12-13,296.2113952636719,301.94670821825304,294.6932339415532,298.06694419288334,546928,
2018-12-14,299.47265625,306.5574368191674,293.540570626355,295.7615859778837,415145,
2018-12-17,299.7257385253906,302.5090485246235,295.3117859957019,299.9225387806213,193093,
2018-12-18,299.2477111816406,300.54096570825834,295.3679476017875,297.8982161814324,149404,
2018-12-19,309.3407287597656,310.69022385612936,299.30394534493007,299.64133293732016,434556,
2018-12-20,307.7382507324219,313.7546835042562,304.7300343465047,304.8987281592144,792580,
2018-12-21,292.6972045898437,312.5177369604436,290.19504146326904,306.4450623896375,706349,
2018-12-24,295.3398742675781,302.50900162236115,289.0422670766036,291.2633100283917,483553,
2018-12-26,286.9899597167969,293.25943315869233,284.4034502462696,293.25943315869233,632032,
2018-12-27,292.8096008300781,297.42035326327806,284.403458621614,286.7650615042333,1217713,
2018-12-28,293.6248779296875,296.4925343290057,290.6447958465279,292.9501580070469,473849,
2018-12-31,294.80572509765625,298.5730362829897,294.0747645828166,295.42425991117005,361659,
2019-01-01,293.65301513671875,297.5046450403468,289.745144753968,295.424217134994,278995,
2019-01-02,293.1470031738281,300.231784540621,291.4320137735187,293.512469612144,1225684,
2019-01-03,301.38446044921875,304.11155760191014,291.43202196372664,291.43202196372664,1452104,
2019-01-04,298.8260803222656,305.8827277206421,293.8779675791061,301.94675030323145,727834,
2019-01-07,297.3641357421875,301.5531539579768,295.76162727283213,298.5730437007115,345274,
2019-01-08,296.6612854003906,303.6336137065211,295.5367243422869,297.4484864320445,868159,
2019-01-09,292.8377990722656,299.13538050289986,290.86979623875254,297.1954840994062,426402,
2019-01-10,291.2914123535156,295.11493583432207,287.9177021591104,292.86581412911795,452821,
2019-01-11,290.5323486328125,294.890060398128,285.7248235334939,292.3597913028556,553453,
2019-01-14,288.3957214355469,291.15092523005893,285.83731791207146,289.63273591828766,335009,
2019-01-15,289.91387939453125,293.45628422778225,287.88966385359106,288.9861185443679,386033,
2019-01-16,298.6854858398437,302.9588508100622,290.30744972246634,292.106758379758,1141412,
2019-01-17,298.6573791503906,301.1033290361757,293.23134675834496,300.54103471754394,684545,
2019-01-18,292.416015625,305.40480452131897,290.1668935935304,297.5046880760387,1359752,
2019-01-21,288.48004150390625,294.1591147704664,286.7931861429852,293.76551426503136,472622,
2019-01-22,290.054443359375,291.9099649097021,285.66862495081506,286.9618798055597,506787,
2019-01-23,289.6608581542969,293.962329876576,288.0302155594674,288.53626943052353,277647,
2019-01-24,293.2875671386719,295.7616235129313,289.4921494819636,291.6569522640161,399115,
2019-01-25,277.29052734375,295.53665104160933,272.8484694292483,294.5807564155149,1601928,
2019-01-28,281.3671264648437,285.64049154409406,274.47914524447555,276.081653694619,1350139,
2019-01-29,278.330810546875,283.1102295944754,276.7283020555364,282.5479352465445,628811,
2019-01-30,275.65997314453125,288.3113757657065,273.101597246556,276.2222675318212,5156903,
2019-01-31,278.864990234375,289.85767139065626,276.6439743877433,278.89312429935194,1893560,
2019-02-01,280.5518493652344,283.7850006774439,275.18202910064633,281.78889150533263,707734,
2019-02-04,278.1620788574219,281.7044830213794,274.3666616169533,280.86104161427505,403044,
2019-02-05,278.2464904785156,279.39918571201423,274.0293653719435,278.1621435545271,985753,
2019-02-06,275.2663269042969,279.2585445361391,273.9730721375057,277.31867620425305,945903,
2019-02-07,275.7723693847656,279.3147735452023,272.82039355433545,272.82039355433545,1006165,
2019-02-08,275.9129943847656,277.99345030658736,265.9605557809772,274.957099521338,731064,
2019-02-11,271.1898193359375,274.3667302545829,267.1132539399435,273.8325699087408,395708,
2019-02-12,272.4549255371094,274.61972828636124,269.92465634984313,272.679832212288,890378,
2019-02-14,279.39910888671875,283.70057973452055,275.2381977825108,278.9211615399409,1381578,
2019-02-15,279.08990478515625,283.2226825635298,276.1097944909368,277.8809691750374,346951,
2019-02-18,282.294921875,283.3632424438368,276.6439548843045,278.8931046373478,402886,
2019-02-19,285.4999389648437,287.63660773994553,279.00555808712954,279.00555808712954,777180,
2019-02-20,291.8537902832031,293.20325816594726,281.1422559627504,285.6967687948017,691601,
2019-02-21,294.18719482421875,296.32389098692664,287.0180670921189,290.2512177593056,722825,
2019-02-22,300.9065246582031,303.07129971835684,292.0505412626216,292.9501955781225,703049,
2019-02-25,310.4091186523437,312.5457872673784,296.7175038063804,300.7097215202992,1225242,
2019-02-26,321.4017333984375,324.1288300644066,303.74600930524093,307.6820137152587,1544619,
2019-02-27,328.17730712890625,331.46667086952533,321.4298858240662,321.6266860727341,1662500,
2019-02-28,331.8040466308594,338.9169341165688,326.1249736845952,331.6915656614189,1991377,
2019-03-01,333.68768310546875,335.6838196337793,322.9761781463293,331.74781469993104,622081,
2019-03-05,337.6517944335937,339.4511030784468,329.779812203211,331.944614916632,638913,
2019-03-06,345.2145690917969,350.8092960186963,338.6077343718491,339.87288293146264,1334460,
2019-03-07,343.7807312011719,347.32310823857506,340.96931471255886,347.32310823857506,513793,
2019-03-08,344.4555053710937,346.92953438379715,341.02555377661656,341.7003015239931,481190,
2019-03-11,342.82476806640625,346.87322579677345,340.60375279904173,344.11802271004865,1310197,
2019-03-12,347.32305908203125,350.7811163501058,341.8970271324172,341.8970271324172,1324059,
2019-03-13,337.173828125,346.36719871709846,335.8524669585275,346.36719871709846,1245722,
2019-03-14,342.0376281738281,343.6401366444574,332.3101240092404,339.0575179141938,528223,
2019-03-15,342.34686279296875,345.5519071931665,338.18597886715474,342.4312097030532,536009,
2019-03-18,340.88494873046875,346.56402187994445,338.27030501115456,342.2063099843569,709842,
2019-03-19,340.57568359375,344.65224819061626,338.04538687205263,343.0497121940203,540683,
2019-03-20,344.6241149902344,346.56401099081864,339.9290432315796,339.9290432315796,461945,
2019-03-22,337.5393371582031,346.3953205185945,335.99306926423753,343.7244640072698,453316,
2019-03-25,333.4346618652344,336.02117143384544,331.4666594463777,334.5030099835568,269325,
2019-03-26,335.9649658203125,339.3949171972725,332.0289882106688,334.306244440769,426524,
2019-03-27,338.01727294921875,340.6599953087354,333.6876677215918,338.4670862714338,489542,
2019-03-28,341.70025634765625,343.3027647629283,335.5994762722695,340.15396078254656,412826,
2019-04-01,343.3027648925781,348.13842420190446,340.1539609110073,346.9294886471207,411795,
2019-04-02,340.0977478027344,352.9459491816967,338.1578517408165,344.96151353346147,1142145,
2019-04-03,336.80841064453125,342.17823063335896,334.8966484933989,340.09777464528395,333127,
2019-04-04,334.9809265136719,338.8606908292254,331.80404388659986,337.3706358173838,267056,
2019-04-05,339.3667907714844,342.8810612223937,334.3343311655715,337.6236949404074,401652,
2019-04-08,333.1253967285156,343.89314153711064,330.9887005660294,337.93292163920825,333092,
2019-04-09,327.27764892578125,335.683819032323,326.1249815090785,333.12541582990565,332736,
2019-04-10,326.5185852050781,330.7919225438053,325.2815432288337,327.1933052249175,198320,
2019-04-11,329.6673583984375,332.11330826599965,325.6470341963208,327.2495425922192,400818,
2019-04-12,327.7274475097656,331.18547694914633,326.293605484799,331.18547694914633,204612,
2019-04-15,326.6029052734375,329.9766159272404,325.5907976046172,328.1210944132708,287899,
2019-04-16,325.0565795898437,329.92034445761726,323.31348408589344,327.3900480985408,169631,
2019-04-18,321.7953796386719,329.0207483468632,319.546257629928,328.93640143512977,248173,
2019-04-22,325.45025634765625,328.88018004663894,317.66262050334933,321.0644377756564,374770,
2019-04-23,324.7754821777344,336.5834691749378,317.7469415194246,324.46622859969693,283590,
2019-04-24,324.4381103515625,327.193286029106,320.2771989569852,325.5626712885884,164991,
2019-04-25,321.3174133300781,327.2214204381144,319.8273583413739,326.12496592327926,101510,
2019-04-26,317.2127685546875,323.2573359143853,314.6543652637106,323.2573359143853,132578,
2019-04-30,315.5259094238281,318.87151368747914,311.4774787062843,314.8792958206772,193925,
2019-05-02,321.12066650390625,322.55450888431534,313.7828713066816,316.3131407476891,170322,
2019-05-03,310.38104248046875,326.5748215820907,306.33258388676086,318.84342612914224,680050,
2019-05-06,317.01593017578125,319.3775329295892,307.0072801676241,307.0072801676241,327561,
2019-05-07,319.1807861328125,323.51036426965663,315.8633157351473,318.25302531133264,306392,
2019-05-08,314.3169860839844,321.3174202203711,312.06786415930355,317.15653636873105,651726,
2019-05-09,310.9714050292969,314.7949288267589,303.9990774198533,304.1958776581021,3014775,
2019-05-10,313.6703796386719,317.6344633392155,308.46922634190605,308.46922634190605,410523,
2019-05-13,306.6980895996094,314.373272489157,304.8144338214971,312.06790974314345,143166,
2019-05-14,308.9190368652344,311.5055462280176,304.2520719161603,304.2520719161603,335013,
2019-05-15,309.2283020019531,312.3208652571038,306.69803302468466,307.62579371024964,133139,
2019-05-16,303.8584899902344,309.9311633149992,301.94672809174574,309.6781502296264,298689,
2019-05-17,310.9714050292969,313.72658072817933,301.44067432261835,303.63358336693364,313733,
2019-05-20,312.1803894042969,323.1168032464372,305.85467380619093,314.03591127409766,617159,
2019-05-21,306.1357727050781,313.8109550302003,304.81441140574304,313.72660811550173,218921,
2019-05-22,300.4566955566406,308.4130249511671,299.5008007176291,305.3204613921225,183370,
2019-05-23,298.6854858398437,315.2166514015878,296.68937693451693,301.9748495698866,305865,
2019-05-24,309.2846069335937,310.6059683617035,297.5890714453949,299.69763397193765,228098,
2019-05-27,310.9151611328125,314.2888715695897,307.5695571193048,311.7304685004368,290454,
2019-05-28,311.8710632324219,319.5462449839777,308.13185865870406,310.9432748766744,772279,
2019-05-29,306.6137084960937,313.22054237867485,299.6975933924855,312.01163446594234,357200,
2019-05-30,308.9471435546875,310.63399868998977,304.308312660056,305.8826868346184,291845,
2019-05-31,304.1958923339844,308.91907064322425,298.43247229955665,307.56957533395416,334628,
2019-06-03,303.9147033691406,305.0955046931734,299.4164323513484,303.38051554925977,178851,
2019-06-04,302.2840576171875,306.6136624217316,300.62533660785573,303.63355272516446,196376,
2019-06-06,297.64520263671875,305.8545430248339,296.49250784113866,304.645635392355,148057,
2019-06-07,295.0868225097656,303.0712568859894,292.66900706042424,298.0106917127692,255308,
2019-06-10,284.122314453125,296.6331554135289,282.407352757494,296.3239018380284,916557,
2019-06-11,284.5721740722656,287.3273500081792,280.0457682031301,284.0661202213181,366411,
2019-06-12,276.3346862792969,288.50813991057504,274.6197245403981,284.5159221158981,662255,
2019-06-13,275.7161865234375,279.1742165190437,272.6517293963023,274.39479760691466,713427,
2019-06-14,277.5155029296875,284.34724383379074,274.619739549043,275.54750034965605,1169543,
2019-06-17,281.1141052246094,282.8009605396149,275.8567390322321,276.1659926157128,634075,
2019-06-18,281.45147705078125,285.0219880780745,279.59595547198586,280.5799567501064,668694,
2019-06-19,281.1703186035156,285.02197664673736,279.14610327634057,282.2949072400375,459354,
2019-06-20,279.9051513671875,282.8290205361424,270.59932841909205,280.0738451619766,1317831,
2019-06-21,273.7201232910156,284.99392478329327,271.3022793688847,280.0739452846998,701143,
2019-06-24,269.3904724121094,273.83253131352586,268.15345804383315,271.161674687544,373892,
2019-06-25,273.2983703613281,275.9410929184554,261.6309426223704,266.86020252204867,892343,
2019-06-26,269.9246826171875,279.0055737863968,268.57518716158586,271.8364448154517,670398,
2019-06-27,270.6837158203125,274.1136668868762,268.32214052288094,269.3904610188086,1609668,
2019-06-28,272.6798095703125,275.80050688485056,268.77193895801247,271.02108843284884,182143,
2019-07-01,269.4185485839844,272.904711897853,267.81604048004937,272.67977763109565,58378,
2019-07-02,267.0850830078125,270.9648471862582,263.28966573446786,269.36233889913944,408800,
2019-07-03,267.53497314453125,272.59551201500966,253.5903157312001,264.2737154884185,1515758,
2019-07-04,260.3658142089844,267.6473956956049,257.9761048253343,265.90429990120947,358999,
2019-07-05,259.409912109375,263.9644240773162,258.650845205786,260.84375428122405,147176,
2019-07-08,255.3614501953125,261.4622575777654,253.0842218814805,258.65084139662844,116867,
2019-07-09,252.66249084472656,255.83940112259208,250.8631822529481,253.61838562512213,76144,
2019-07-10,260.6750793457031,263.6270555385515,248.52973164253413,250.77888136544104,751973,
2019-07-11,284.0942077636719,292.2473369620964,257.863645626113,260.33767422780704,1301883,
2019-07-12,275.9972839355469,285.6404392982941,271.61146631912123,284.40342515482985,1317771,
2019-07-15,276.98126220703125,281.1421732582944,272.9609385341722,275.9972887411963,747718,
2019-07-16,278.3870544433594,283.8693276746664,272.56739354452304,277.7685195984238,509138,
2019-07-17,273.7762756347656,278.61193477352134,271.07731273287936,276.67203877855826,74232,
2019-07-18,268.0971984863281,274.3947784922161,264.89218181776204,274.3385656448947,96411,
2019-07-19,265.4825744628906,272.6235956909072,260.92806268465955,267.1413232306663,160755,
2019-07-22,268.7438659667969,269.8122141729916,263.1491394615365,267.647411334193,294920,
2019-07-23,270.936767578125,275.2382390711936,266.18545509219655,267.67551019885207,104380,
2019-07-24,262.8960876464844,273.83252708570524,261.4622730475194,269.95276257700846,109544,
2019-07-25,274.74578857421875,278.7151896458731,266.1501637107606,266.1501637107606,136574,
2019-07-26,283.42706298828125,288.3674091782137,271.0333881041676,271.0333881041676,321340,
2019-07-29,280.74273681640625,285.3403832605881,274.14607338051206,285.3403832605881,107070,
2019-07-30,275.8594665527344,282.1419785982821,272.14709093511027,278.7722747375681,185564,
2019-07-31,267.9778137207031,281.0568900059687,265.63615276360355,280.9997639999064,132029,
2019-08-01,260.43878173828125,271.29039179576284,258.18279599125805,267.9777855856282,138990,
2019-08-02,267.26385498046875,269.0058470204611,255.26997801611364,258.6111330654081,159647,
2019-08-05,265.322021484375,295.221098385996,257.6687931481554,268.2919561268601,282058,
2019-08-06,263.83709716796875,270.6050552877571,261.9808808934177,264.4367658519104,836250,
2019-08-07,265.2934875488281,268.4347442385388,259.4964469819095,265.32203651669647,138606,
2019-08-08,268.3775939941406,274.5458828732883,262.78045285126893,267.29245259566005,920744,
2019-08-09,264.3796691894531,270.49083264725016,263.6086224793533,265.69328665037426,150202,
2019-08-13,253.27102661132807,263.75141707694274,251.8717342085256,262.7233735361994,118840,
2019-08-14,255.81256103515625,257.5831021237981,251.18636556225093,254.7274196677897,70020,
2019-08-16,252.3857269287109,257.58309811231925,250.7294378672392,251.8717052175044,87772,
2019-08-19,251.6147308349609,255.327107072302,246.16036234524032,253.9849407106748,178800,
2019-08-20,251.9003448486328,256.1553205592385,250.1869293615918,252.7570385562776,570410,
2019-08-21,246.27456665039065,255.2985377534553,242.93341146009084,252.5285302795595,117980,
2019-08-22,242.04812622070312,248.3592154669143,239.3066678776032,246.2745516932192,140744,
2019-08-23,240.7059783935547,243.9043607401483,229.56879425344496,241.5912489461647,176952,
2019-08-26,239.9635162353516,243.418895515034,237.2220575984528,241.02010868084284,178850,
2019-08-27,242.1623687744141,246.5030185028897,237.02215153045807,239.87783401526585,112362,
2019-08-28,240.448974609375,243.84725615103213,237.93599176981064,241.02012238477465,109908,
2019-08-29,239.10679626464844,255.89824807592368,235.36585712366008,244.27559073689253,152304,
2019-08-30,245.78912353515625,247.3026399015521,237.76464593235823,239.93495698724297,170861,
2019-09-03,236.59378051757807,246.1603506821267,233.02417735397592,246.1603506821267,131581,
2019-09-04,243.30470275878903,247.1027543278759,236.45104125241485,240.39189381140508,279769,
2019-09-05,244.2470245361328,252.7284248124949,242.76205734215108,251.27200658231743,403369,
2019-09-06,239.8207092285156,245.6177772652576,236.7080299016192,245.53210229880028,247903,
2019-09-09,239.84930419921875,242.7335358790528,238.30721083117163,239.87785316625747,66629,
2019-09-11,245.046630859375,246.7314970174761,239.4780387270438,241.02010391636352,127403,
2019-09-12,244.2755584716797,247.87373827243465,242.47646857130223,247.87373827243465,352008,
2019-09-13,244.4184112548828,245.58922773628515,241.02012961133428,244.2756102708775,269225,
2019-09-16,243.7615661621093,245.9319051175396,242.10527701592247,245.58920524471068,1597100,
2019-09-17,255.9496459960937,255.9496459960937,243.76156761532727,243.76156761532727,21751,
2019-09-18,268.73565673828125,268.73565673828125,268.73565673828125,268.73565673828125,84097,
2019-09-19,282.16552734375,282.16552734375,282.16552734375,282.16552734375,4540,
2019-09-20,296.2392883300781,296.2392883300781,296.2392883300781,296.2392883300781,26328,
2019-09-23,311.0489501953125,311.0489501953125,311.0489501953125,311.0489501953125,4943,
2019-09-24,326.5945129394531,326.5945129394531,326.5945129394531,326.5945129394531,4100,
2019-09-25,342.92193603515625,342.92193603515625,342.92193603515625,342.92193603515625,11947,
2019-09-26,346.1874389648437,360.0312456501211,325.81265608785947,360.0312456501211,788856,
2019-09-27,340.4383239746094,344.8996261143496,328.8941274627665,344.8996261143496,123509,
2019-09-30,345.03759765625,348.44104413113143,326.73248974984773,340.3463317928642,554992,
2019-10-01,337.770751953125,353.5922403945552,322.9150719175709,350.4647391503448,632208,
2019-10-03,336.574951171875,344.3937189572888,324.2029178132984,334.8272322224262,760542,
2019-10-04,336.5289611816406,342.6459913866775,335.9310610392079,342.1860638814605,78334,
2019-10-07,334.3212890625,342.0020553515953,331.14777829183856,342.0020553515953,52922,
2019-10-09,333.86138916015625,340.3463557918149,327.4683855726651,334.321316667983,92813,
2019-10-10,340.8062438964844,343.0598996529725,333.90733207671747,333.90733207671747,143325,
2019-10-11,325.3526916503906,343.9797535065944,310.26704872673656,342.0940341052657,214549,
2019-10-14,326.2726135253906,338.64464771389,312.7507323960385,327.5604050444361,54712,
2019-10-15,328.6641845703125,332.9875143555615,323.7889642352421,325.6746557812087,61756,
2019-10-16,331.60772705078125,335.6091019097101,327.4683795563887,327.4683795563887,46567,
2019-10-17,332.8495483398437,337.586796131702,329.30810085871747,334.82723104070715,71613,
2019-10-18,330.871826171875,335.7470460224067,326.686469440056,333.4933902382161,123538,
2019-10-22,336.06903076171875,339.4264959063345,326.6405169865428,326.6405169865428,79667,
2019-10-23,330.4579162597656,338.5066476926757,324.2488948686636,338.5066476926757,215514,
2019-10-24,319.8335876464844,332.803520401888,315.23431274832814,332.06764764688154,62697,
2019-10-25,327.2384033203125,328.9401406174236,314.8203613109682,325.35271187351776,49698,
2019-10-27,327.054443359375,329.3080994024202,321.94925919231025,329.3080994024202,4432,
2019-10-29,326.31854248046875,338.5066205294221,321.0293765346965,330.2279260056048,113878,
2019-10-30,327.284423828125,329.3081162179405,318.2698553391268,326.1806145832931,35514,
2019-10-31,323.9269104003906,330.2279223322207,318.2698081530595,330.2279223322207,150039,
2019-11-01,331.0097961425781,334.8271884181616,323.9269020819578,328.29621291983216,62119,
2019-11-04,340.2543640136719,344.8536390829882,323.7889648798689,329.4000860787843,316349,
2019-11-05,331.3777770996094,346.64737632909714,327.9283207106475,340.2543725928552,97913,
2019-11-06,329.906005859375,335.7470910021176,327.05444960911694,331.1478157829105,31880,
2019-11-07,342.18603515625,347.6131736478738,327.1464013838239,330.22792102444555,125884,
2019-11-08,342.2780456542969,348.6710209592674,338.2306893332101,343.7498192451684,189162,
2019-11-11,340.11639404296875,345.77349680823863,327.46838750316937,345.68150569178147,82242,
2019-11-13,328.7561340332031,337.54076512816346,324.984723347352,332.113598787387,135375,
2019-11-14,325.5826721191406,329.26209193426075,321.9952153420021,324.7087986843514,43631,
2019-11-15,325.12274169921875,327.46836058142696,322.04122201760066,323.2830318083119,127131,
2019-11-18,323.6969909667969,330.68789505803414,320.10956183642804,323.8349636118594,104267,
2019-11-19,324.7088623046875,338.2767255312998,318.82179506138897,327.4684277067103,84358,
2019-11-20,325.628662109375,333.4474294199108,320.2935144673549,323.0530794004852,94153,
2019-11-21,324.5248107910156,330.2279226334387,320.6154273058008,324.2488655384043,135782,
2019-11-22,332.8955078125,342.1860486178168,322.0872119220179,325.5366680572781,271797,
2019-11-25,344.9916076660156,355.0640311781356,331.2397922134339,334.7352299963334,347671,
2019-11-26,331.8836975097656,354.14420139775245,327.28442216693765,346.73937932449905,288008,
2019-11-27,379.2561950683594,398.251222764743,333.2634463056796,334.7352198804345,1087217,
2019-11-28,412.049072265625,427.5486070768331,380.6360005071641,389.0986780190192,4038702,
2019-11-29,409.4734497070313,422.9493199108515,404.73620204741655,410.0713498457064,572408,
2019-12-02,387.074951171875,417.6141466964359,378.9802388522722,408.3696156909948,311974,
2019-12-03,376.6806335449219,391.950232607002,373.6911047072638,390.9843679856331,163414,
2019-12-04,377.4624938964844,395.26169324364537,373.50710066836746,376.2206840682181,184854,
2019-12-05,371.2074890136719,380.6820127393781,369.09183365692326,378.0604202691476,136933,
2019-12-06,363.6646728515625,375.43880539581534,363.3427179934216,372.7252500411908,86061,
2019-12-09,365.0444946289063,371.62145284586313,359.66333678894176,364.9984850317916,94400,
2019-12-10,358.5594482421875,373.8290460248708,355.9838656111665,365.55035147577394,62373,
2019-12-11,355.9378967285156,363.38869962981744,349.95883934190545,361.4110170316725,70490,
2019-12-12,359.9852294921875,362.4228394221756,350.3727343245006,358.09951005823865,141526,
2019-12-13,361.45703125,367.8500066175336,358.28352029086875,359.52533014756125,60546,
2019-12-16,351.9364929199219,363.894606707095,349.54486454813843,357.8695402251268,30839,
2019-12-17,356.6737670898437,358.74344078669003,349.5448910229288,354.0521747928226,44574,
2019-12-18,363.710693359375,390.8464182448704,352.2125048485719,356.71978913045683,342609,
2019-12-19,364.8144836425781,371.7133958594508,358.0995255751079,367.390066308179,96540,
2019-12-20,355.7999267578125,370.5176077500157,351.38463368885107,370.5176077500157,153730,
2019-12-23,355.2939758300781,360.58314181330906,351.522564905947,356.8117308891779,62094,
2019-12-24,363.8486328125,375.3008387531515,352.120481601464,357.7316026971717,318654,
2019-12-26,359.66326904296875,366.7921445802655,354.14413959473904,366.7921445802655,95206,
2019-12-27,359.8472900390625,365.8723291074186,357.36367029096704,362.4228728304788,38034,
2019-12-30,354.88006591796875,364.26259862644,352.58042830037755,359.84730562936426,48901,
2019-12-31,365.136474609375,381.4639018042535,352.30448538808105,355.2480327871247,201354,
2020-01-01,367.3440551757813,371.6213747910824,361.54895253772577,365.4583358121369,38131,
2020-01-02,372.311279296875,378.06037255346666,367.5740320677924,368.815841825565,166789,
2020-01-03,387.0290222167969,390.9384062795928,366.3782645857987,372.0813772708124,248117,
2020-01-06,382.61370849609375,388.1788201630979,368.9078461798565,384.3154178332496,190686,
2020-01-07,383.5795593261719,399.21709531788633,378.3823838609224,388.1788346178526,188618,
2020-01-08,383.4415588378906,390.0185164130539,370.6095704772059,378.2903652709161,154137,
2020-01-09,380.5899963378906,392.2721657623382,377.232531289682,386.3390899381609,80708,
2020-01-10,374.0589904785156,387.7188413946695,371.6213806012965,381.73978452855954,72993,
2020-01-13,387.9948120117188,389.0986491955818,373.5531059413604,378.9802446065714,134523,
2020-01-14,394.7557373046875,397.9752295573186,387.7648342274825,388.1787801743758,80723,
2020-01-15,401.8386535644531,404.7361911366504,390.93836643881,393.8819136030477,102688,
2020-01-16,402.66650390625,408.4155973372359,397.88324694297165,401.8386400665371,110985,
2020-01-17,400.8727722167969,404.5982015723594,393.1920059138215,398.6191444535074,107640,
2020-01-20,403.4483947753906,413.9347358013421,390.9383615901565,401.79263898913774,159166,
2020-01-21,411.3591613769531,413.7507618855342,396.0895629798198,400.1369193078952,141648,
2020-01-22,412.4170227050781,418.5340532536666,406.6219189708243,413.0149228810908,127192,
2020-01-23,417.6141662597656,421.293586226812,388.132825002505,400.45887627776114,224069,
2020-01-24,416.8782653808594,421.84547638703486,401.05674936086143,418.5799745434581,110974,
2020-01-27,410.0713195800781,417.4761686640642,406.5758820490781,416.8782685695175,20238,
2020-01-28,402.1146545410156,413.7508160339866,399.44708034420114,408.691612943847,64667,
2020-01-29,392.87005615234375,406.4379167129512,388.3627724957114,398.4351673908778,97027,
2020-01-30,385.6492004394531,403.3564088078717,381.7398167736984,403.3564088078717,52832,
2020-01-31,383.0276184082031,389.0526855330662,377.96841588148834,384.4993920303241,35013,
2020-02-03,368.3099365234375,378.5203326416066,363.52670736469616,367.9420001376492,70497,
2020-02-04,381.1878967285156,383.5795252822747,370.7475371286656,374.3809755153137,32311,
2020-02-05,382.7976379394531,390.01850502658215,375.3008255916168,389.0986500618968,31319,
2020-02-06,386.1551208496094,389.8345408789406,378.4743539957781,384.6833752952745,72158,
2020-02-07,380.2680969238281,388.1788564855133,376.7726587339383,387.6269378050701,48638,
2020-02-10,379.80810546875,387.0749540020311,375.8987219083161,382.1537524480576,35379,
2020-02-11,381.3718872070313,385.3272524637366,377.1405486082961,384.22344331085793,40392,
2020-02-12,364.9064636230469,384.4073713848909,360.76711641917854,384.4073713848909,82681,
2020-02-13,367.9880065917969,377.7844854666144,358.83546556129545,371.6214453180365,175769,
2020-02-14,359.11138916015625,371.4374406410384,355.98388775034243,370.7015678640517,32929,
2020-02-17,354.7880554199219,362.65280379152216,352.3044358963931,356.99570162320055,56024,
2020-02-18,358.9734191894531,361.6870027092703,352.62642520762773,356.4438179011226,57884,
2020-02-19,353.5922241210937,363.3426918457332,351.4765690428416,363.3426918457332,58658,
2020-02-20,360.4451599121094,410.1633076467749,349.5908548957473,358.7434226773678,329079,
2020-02-24,357.4556884765625,363.1587731099559,349.5449292013402,356.9037698161053,94257,
2020-02-25,354.42010498046875,366.42422905562,350.4647398798148,363.3427093242174,138688,
2020-02-26,349.4069519042969,356.90376506647226,344.9456492266162,354.4201451633411,27868,
2020-02-27,345.0835876464844,350.6947085984081,333.8613738143829,350.46474485506485,50844,
2020-02-28,331.97564697265625,343.0599160009997,329.0321279656663,336.114994261771,72931,
2020-03-02,328.250244140625,348.625025645113,322.041223235336,339.3344850465538,82200,
2020-03-03,331.6537170410156,338.00073915189034,322.9150943297072,335.1031733744269,66250,
2020-03-04,322.4091491699219,336.62091889983304,313.3025910844641,335.60907287439454,83631,
2020-03-05,319.0517272949219,327.4224138009919,313.76256079740625,323.7889751522601,78830,
2020-03-06,314.1764831542969,319.83361420620724,303.59815001008826,312.65872792621667,39808,
2020-03-09,302.8162536621094,308.15140101820435,291.2720574674851,303.5521263761416,114717,
2020-03-11,293.01983642578125,316.4301603928476,291.64005374964967,307.23160921863695,62479,
2020-03-12,246.337158203125,292.9738180135768,241.00201042247133,292.9738180135768,133234,
2020-03-13,230.4696655273437,251.02841568413083,204.7137263688336,209.2670056628956,149858,
2020-03-16,233.4132080078125,243.6695857207029,213.176397855411,229.9637517318349,179945,
2020-03-17,226.79025268554688,242.74972848787093,217.0857796442744,235.4828796141281,196536,
2020-03-18,210.1408843994141,247.1650643799817,206.0475322139458,227.29618958785863,151801,
2020-03-19,198.73468017578125,215.2000794440888,183.9710042754978,206.967379809935,191753,
2020-03-20,217.5457000732422,223.52475736912413,203.51791180213465,210.6467878087631,292504,
2020-03-23,215.47604370117188,237.1386187229,197.7688341334128,214.32622489807065,125817,
2020-03-24,211.6126251220703,234.5630023486132,188.5702567900616,227.43412678703763,97342,
2020-03-25,208.85308837890625,214.3262230267053,204.20781764776208,209.7269478544584,131431,
2020-03-26,219.1554412841797,223.7547160225675,209.77292362504303,212.4864929135173,149355,
2020-03-27,211.1527099609375,237.3225809003304,207.56526717696693,226.2843213235708,272996,
2020-03-30,215.01611328125,216.3039047090128,206.73741801052807,211.15272496208783,71655,
2020-03-31,214.4641876220703,219.7533538717354,213.17639623650123,216.16592498631192,61268,
2020-04-01,217.26974487304688,221.6850516127577,212.8084566127373,221.6850516127577,40359,
2020-04-03,216.25791931152344,229.9637533998022,214.78614567541527,229.043898386203,86209,
2020-04-07,216.5338592529297,231.80345771688323,211.56664791620287,231.80345771688323,128676,
2020-04-08,241.7378692626953,255.35173934498383,212.67046130854143,217.95962726297645,9163665,
2020-04-09,264.5962829589844,269.42552166925725,246.6131290856192,252.96012291905703,281017,
2020-04-13,307.783447265625,317.4879049831948,266.75791416279185,274.1167531741792,600048,
2020-04-15,327.6523742675781,354.1441880122639,317.4879593010605,321.94926182933085,704549,
2020-04-16,319.2816772460937,337.5867861966297,297.15914757462883,337.5867861966297,253147,
2020-04-17,341.08221435546875,346.78532644344943,318.26982214703844,331.14779182928856,137914,
2020-04-20,342.6920166015625,351.38465878717057,332.06770110515333,348.6250934040252,86908,
2020-04-21,337.03485107421875,343.6578180020373,326.54851016496065,331.14778495601644,132861,
2020-04-22,347.0152893066406,349.5448904878024,332.06764596341225,332.06764596341225,97131,
2020-04-23,343.243896484375,371.98936597542456,332.1596546773253,352.30447408230333,183318,
2020-04-24,340.3003845214844,347.7052063918713,328.38825048121174,343.10593117504754,85557,
2020-04-27,337.4488220214844,344.9456348716793,333.9073745557856,344.02577984535486,56851,
2020-04-28,346.7393798828125,349.452935496401,334.8732270218106,344.30174148978955,73419,
2020-04-29,372.265380859375,375.2549100199871,338.50668649391724,346.73940110337986,198651,
2020-04-30,396.0435485839844,400.1369144548067,378.52032252448953,380.91195107581,175804,
2020-05-04,433.9415588378906,435.64329605552535,373.55308890860937,393.5139238446454,350307,
2020-05-05,412.2790222167969,455.6041702581487,412.2790222167969,450.72894998698814,193471,
2020-05-06,391.6742248535156,398.2971916946889,391.6742248535156,393.7438984824141,27221,
2020-05-07,372.1273498535156,391.6742696977798,372.1273498535156,377.1405711128616,112897,
2020-05-08,381.7398376464844,386.33911279885166,367.8960306665579,372.12734134933766,75525,
2020-05-11,383.9474487304688,386.3390772036978,377.1405277464669,386.2470860947765,36685,
2020-05-12,383.8094787597656,390.0184996863766,372.54125559665687,378.9802402612905,35863,
2020-05-13,402.9884948730469,402.9884948730469,384.4994031274492,391.8582433786922,57005,
2020-05-14,408.1856384277344,423.133281525088,397.5613248703136,397.5613248703136,90773,
2020-05-15,415.0386047363281,418.53404265507794,396.5954943652918,413.9347674610661,40746,
2020-05-18,411.5890808105469,429.5722326399011,404.7361506671445,415.8203908373996,42254,
2020-05-19,413.7967529296875,423.1332750140173,409.33545082877765,415.5444717121355,37009,
2020-05-20,428.0085144042969,430.9520615926464,412.9228982254351,415.5444905538485,54235,
2020-05-21,449.3951721191406,449.3951721191406,428.652452031713,434.12560079171857,182349,
2020-05-22,458.4097595214844,471.83964856523926,436.5171929784461,447.04954429390494,258892,
2020-05-26,473.2193908691406,477.3127566306407,450.7289260838115,455.37418235863015,148129,
2020-05-27,460.7553405761719,476.392902856819,450.7289271977546,474.64515598783953,85396,
2020-05-28,460.7553405761719,465.95251544889896,453.7184557965152,462.6870415927971,41133,
2020-05-29,438.494873046875,460.7553463569634,437.7589722318231,460.7553463569634,218340,
2020-06-01,432.0098876953125,440.0586188066923,422.0294555028522,436.9311174749054,89140,
2020-06-02,438.7708129882813,448.8892174806735,433.0217195266948,440.61052289598894,62610,
2020-06-03,439.32275390625,446.03768418201287,431.6419590367972,444.2439837738692,59728,
2020-06-04,440.7945251464844,447.2794916371521,434.30953058406993,436.9311229360355,65146,
2020-06-05,431.91790771484375,446.1296788150743,429.5722886734839,438.8628298672813,76784,
2020-06-08,435.2293701171875,440.5645457454889,426.812702820317,431.8719051166785,77045,
2020-06-09,427.9625549316406,440.1046526194428,425.0190075916438,435.2294040920572,52360,
2020-06-10,430.53814697265625,434.1715856661465,422.94934277404246,434.1715856661465,53159,
2020-06-11,424.9730224609375,435.7353375052057,423.6852310375266,432.3318626767113,29685,
2020-06-12,446.4056396484375,453.9024806812505,411.12922132459096,419.4538982072416,189442,
2020-06-15,491.0185852050781,491.0185852050781,433.2517027356854,433.2517027356854,517584,
2020-06-16,532.7340698242188,540.0929101573528,492.12244727833695,514.4749135615323,928625,
2020-06-17,548.6015625,561.111568454036,530.9403346904526,540.8747577884807,498006,
2020-06-18,537.9312133789062,561.1115714956212,527.3068989505981,541.2427251918632,345365,
2020-06-19,542.20849609375,549.6133170020674,537.7471660269704,545.4739698447297,92450,
2020-06-22,535.4015502929688,557.4320870752168,524.317309625204,549.0614296771927,90658,
2020-06-23,541.2427368164062,552.8328880519433,538.1152071720247,538.1152071720247,65033,
2020-06-24,526.8009643554688,545.4740094363099,524.3173446521023,542.7144444644567,52868,
2020-06-25,550.8551635742188,553.1088196318024,521.2818579751588,524.3173683527122,89579,
2020-06-26,542.3005981445312,557.9841173879086,535.9536312290298,556.5123715898657,109566,
2020-06-29,569.3902587890625,569.3902587890625,529.0546385196424,547.7736657655682,154130,
2020-06-30,562.7213745117188,592.2947393320973,556.5123523981853,575.7833285570376,227852,
2020-07-01,557.5241088867188,573.0236997632933,554.1206902047929,565.1129128523828,60945,
2020-07-02,561.5714721679688,567.5045480903339,557.8920522029043,565.2508921330333,36464,
2020-07-03,571.6898193359375,579.5085859720687,557.8919958604121,557.8919958604121,75246,
2020-07-06,573.62158203125,579.5086767605012,570.3561078591559,578.4048394808295,41486,
2020-07-07,579.9685668945312,586.4075517767861,568.4703796047903,574.8174014461243,53077,
2020-07-08,573.2996215820312,584.107917696895,569.3902378809103,581.3483527313979,42123,
2020-07-09,575.5532836914062,584.1079239472899,571.4599177200848,584.1079239472899,28507,
2020-07-10,583.4639282226562,596.9858059339875,574.9092892276459,577.6688538159386,133936,
2020-07-13,612.6233520507812,612.6233520507812,588.7071250938438,588.7071250938438,204307,
2020-07-14,643.2545776367188,643.2545776367188,639.8511029748698,643.2545776367188,45202,
2020-07-15,659.9500122070312,675.403565709583,617.2227342065103,675.403565709583,614244,
2020-07-16,626.9730834960938,659.5359697310029,626.9730834960938,659.5359697310029,218421,
2020-07-17,615.1530151367188,648.4057949730949,603.4248641939253,603.4248641939253,171642,
2020-07-20,645.876220703125,645.876220703125,608.0241644099204,633.7801048085253,117807,
2020-07-21,630.0546875,669.6544336455323,616.3948071935248,656.7764637677336,203318,
2020-07-22,615.7969360351562,647.393932574102,610.1857868941057,647.393932574102,115633,
2020-07-23,600.0673828125,628.9968335993167,596.9858910403362,615.3829909183128,100309,
2020-07-24,585.165771484375,601.0332699842813,579.5086408661417,600.6653055326834,55111,
2020-07-27,608.4381103515625,614.4171679436687,565.7108337146589,577.0250391602532,146865,
2020-07-28,638.83935546875,638.83935546875,615.3370693148341,620.9021813411177,94744,
2020-07-29,667.8147583007812,670.7583056542222,643.8985272872546,668.1827227737724,211765,
2020-07-30,665.6070556640625,698.1699451274021,644.9103181602858,668.7345851220307,268778,
2020-07-31,698.8598022460938,698.8598022460938,672.6439360216599,698.8598022460938,214712,
2020-08-03,733.7683715820312,733.7683715820312,708.5183396792705,721.1663463921429,221818,
2020-08-04,764.0775756835938,770.4245414765331,727.6053025966669,754.2810975085548,638497,
2020-08-05,739.6554565429688,795.2607080472218,725.9036678412335,762.0079801789583,433283,
2020-08-06,776.633544921875,776.633544921875,739.5634006218892,739.5634006218892,120214,
2020-08-07,748.9459228515625,814.4855890307924,744.1626658104852,789.6035234854813,281963,
2020-08-10,784.7283325195312,786.384116549273,754.2811523632432,767.8949960796365,423181,
2020-08-11,752.1195068359375,812.2320121155136,746.002448273705,788.683745206936,176978,
2020-08-12,723.3740234375,763.4796805868316,714.5433813976271,752.4414201446123,186196,
2020-08-13,712.6116333007812,745.0825014565476,694.490479752708,731.2846773555004,144026,
2020-08-14,748.2100830078125,748.2100830078125,702.4472965406584,728.525163457006,284696,
2020-08-17,778.8411865234375,785.5561163360194,756.5806858154284,767.8029272774982,763502,
2020-08-18,809.2883911132812,814.0716481844191,772.7701375874965,791.0752739419214,191945,
2020-08-19,832.0088500976562,841.4373638770935,809.4724025272941,809.4724025272941,226978,
2020-08-20,835.1040649414062,859.265145072369,808.5407607254593,834.3187376347842,709830,
2020-08-21,822.5846557617188,844.9440390973268,817.6877797716066,844.9440390973268,120321,
2020-08-24,822.446044921875,831.5468405642318,803.8286125454241,823.2313721585895,100238,
2020-08-25,818.1497192382812,828.7750402673498,808.9564954171632,828.7750402673498,72429,
2020-08-26,805.4917602539062,819.5356748673003,801.9807956987786,818.7965333387814,112335,
2020-08-27,815.6088256835938,827.8510425516852,799.20887478483,803.828579263355,75021,
2020-08-28,805.3531494140625,826.7423485121237,790.5238520929628,822.3074432428731,48946,
2020-08-31,804.4292602539062,822.3074961811404,790.0157467098323,808.4483810769639,185108,
2020-09-01,803.7362670898438,814.9159301963832,790.0157099395841,801.056815737261,58409,
2020-09-02,797.822998046875,826.1418102857137,786.2737363496128,803.8747998976645,132037,
2020-09-03,820.7367553710938,837.6911060682677,796.4371190498881,810.2038621103394,243896,
2020-09-04,838.2454223632812,850.0256694122003,787.3362988502025,805.6765040515637,228924,
2020-09-07,820.5056762695312,849.1016574029725,814.915845298609,849.1016574029725,58101,
2020-09-08,822.3535766601562,845.4059131104314,811.220100230556,828.590177658512,120230,
2020-09-09,806.138427734375,821.5682518990982,795.5131074834349,809.3722208542264,81116,
2020-09-10,805.63037109375,829.6528372388208,803.828674854293,818.3345599204702,128504,
2020-09-11,797.453369140625,817.6876974308095,795.5593015720444,808.1711174285518,50634,
2020-09-14,825.6336059570312,837.3214814693135,801.0567993753323,813.0680316612369,89785,
2020-09-15,847.2076416015625,863.8847640023912,825.6335871888772,825.6335871888772,99800,
2020-09-16,824.4786987304688,857.4172167366083,817.6415694154961,849.1017480398094,48799,
2020-09-17,821.7068481445312,836.6285168048282,813.0680229577569,826.0031960502666,51216,
2020-09-18,784.6567993164062,834.318622057951,780.6376790098226,831.5467993933066,190143,
2020-09-21,755.3217163085938,810.0190310800978,745.4355370000461,810.0190310800978,101447,
2020-09-22,747.0986328125,766.8248060152108,717.9021212246101,757.6315822447623,120546,
2020-09-23,744.4653930664062,766.8709602793883,724.0000792198713,757.6315511193957,50182,
2020-09-24,722.9837646484375,744.4653908824007,718.8260305386382,740.0766715442792,85741,
2020-09-25,757.0309448242188,759.1098118244117,723.3995303012679,733.6090658458623,59781,
2020-09-28,794.8663940429688,794.8663940429688,758.5555257107851,759.4794666678018,78788,
2020-09-29,782.6242065429688,817.5954069503831,770.9363868217154,809.3723095586727,115937,
2020-09-30,782.9475708007812,805.6764952424415,768.1645158422043,781.469231469196,89860,
2020-10-01,774.5858154296875,799.2088624782189,768.7188133894545,773.338517796843,31538,
2020-10-05,788.8607788085938,797.3610469023514,771.490700073538,793.6652830696637,117458,
2020-10-06,788.4912109375,799.2089031509273,785.3497892234546,794.3120275084627,50242,
2020-10-07,780.9611206054688,796.2061469171994,765.4851090465908,796.2061469171994,95237,
2020-10-08,810.7119140625,814.7772199865899,780.9610072689187,781.8387623592718,186472,
2020-10-09,794.7739868164062,811.1739380670415,791.8173646081385,801.0567737634261,34847,
2020-10-12,799.3475341796875,807.1547900804795,787.1976881493384,803.828625222916,38694,
2020-10-13,796.3909301757812,813.0680534016362,789.9695291572716,802.6275317217597,28614,
2020-10-14,794.1734619140625,826.9271810917478,783.0399843298953,796.3909428339196,84889,
2020-10-15,772.7842407226562,808.4483391855762,771.490700822807,803.6438349198401,43487,
2020-10-16,809.0489501953125,811.4049884404924,773.7082073389662,773.7082073389662,158259,
2020-10-19,849.4713745117188,849.4713745117188,849.4713745117188,849.4713745117188,176348,
2020-10-20,886.9833374023438,891.9263990692561,840.786288579305,858.3411671320598,340635,
2020-10-21,855.2459716796875,896.037931204041,845.4059779043047,886.9833210799262,201266,
2020-10-22,854.5067138671875,875.8959681356681,845.4059186119581,859.1726604995113,103310,
2020-10-23,849.1017456054688,863.5152020814451,837.6448550989063,861.8059338558227,55813,
2020-10-26,891.5568237304688,891.5568237304688,854.645371799576,856.4008821474514,208212,
2020-10-27,851.9197387695312,914.1471953759768,847.0228630297731,898.9945412903945,172036,
2020-10-28,841.6640014648438,876.8199425728836,831.5468370027347,858.1563245082464,71052,
2020-10-29,823.1852416992188,846.0527813511756,808.9565278030702,838.9384244031013,46013,
2020-10-30,862.3140869140625,864.3005825357324,817.780121351885,822.3074546142167,88013,
2020-11-02,884.4886474609375,900.84241331978,869.5207930072022,900.84241331978,85264,
2020-11-03,893.9590454101562,896.2227119922177,871.8768907751479,895.2987710520194,69660,
2020-11-04,885.4588012695312,900.796255124588,867.6267519232262,894.3748541391243,44389,
2020-11-05,895.16015625,898.7173627011043,887.1219151944919,898.7173627011043,49339,
2020-11-06,919.1365356445312,939.6480380184976,878.2059588363636,895.1602543693169,111264,
2020-11-09,936.32177734375,952.3058880399752,914.7015366476536,936.8761193542632,120921,
2020-11-10,975.1734619140624,983.1194445681264,928.5606846023118,947.0395041963876,154098,
2020-11-11,930.4547119140624,972.9098093658192,926.4355913840908,972.9098093658192,138071,
2020-11-12,914.42431640625,945.745878957134,905.554449965466,945.745878957134,87262,
2020-11-13,934.6586303710938,945.1915796219802,904.6305498845694,914.655342898106,41903,
2020-11-14,942.2349243164062,947.0394283044286,937.8000192478,941.4957828704514,16909,
2020-11-17,923.5713500976562,951.6591775054547,920.4761704755432,929.4845947286286,59203,
2020-11-18,917.6119384765624,941.218617478147,910.266596954258,941.218617478147,52915,
2020-11-19,939.694091796875,947.4551616097732,917.149967415168,917.6119378704432,72971,
2020-11-20,955.95556640625,965.472090917312,935.7674219697348,941.495867377596,63865,
2020-11-23,930.3623046875,964.5943039067652,913.7775541798762,955.955479010345,199745,
2020-11-24,972.12451171875,976.8365880968482,923.9871534660472,929.484613502416,168474,
2020-11-25,948.4716796875,1020.7238208511376,937.8001160116812,983.9971660615176,353123,
2020-11-26,988.89404296875,995.8697294632296,925.9274447283498,956.2788823501368,120485,
2020-11-27,980.8096313476562,1016.3351183238508,971.9859495242644,997.8562979906898,152728,
2020-12-01,959.9283447265624,992.2201465766932,947.1317859282138,981.225227403626,102229,
2020-12-02,971.1082763671876,986.7690318996,956.2789775431517,966.4423289953012,146526,
2020-12-03,946.6236572265624,977.2984487938564,944.2675629093088,972.4940014158586,97673,
2020-12-04,937.0609130859376,962.4692325555134,931.3324679765534,962.4692325555134,108515,
2020-12-07,961.0372314453124,992.312611013684,924.0333501381782,924.0333501381782,148750,
2020-12-08,956.833251953125,974.4343726559016,943.3437362639952,974.4343726559016,63678,
2020-12-09,949.7650756835938,966.4422553184515,945.0068135203838,953.5070817291032,38967,
2020-12-10,953.368408203125,987.6928356667491,946.1154945956512,960.8985491987085,147187,
2020-12-11,957.6184692382812,968.290031397082,935.074345854456,953.3683637950244,57537,
2020-12-14,952.35205078125,970.1379125106112,949.7649712335882,952.7216496860232,37756,
2020-12-15,960.11328125,965.5183133657562,952.3521545471324,952.3521545471324,36550,
2020-12-16,969.0753784179688,977.5757022642512,953.9689674470236,956.278819668445,72987,
2020-12-17,962.2844848632812,978.4534512436052,960.8985734592536,970.1379828194388,21017,
2020-12-18,923.2017822265624,974.7576744897178,914.701514450067,969.9993561755788,142712,
2020-12-21,884.5810546875,942.3735476493184,830.9000536836372,924.8648560293284,157116,
2020-12-22,928.2373657226562,937.245790642642,820.7367945084294,872.5236772570524,143203,
2020-12-23,967.2738647460938,981.2253514229196,924.8187641098116,930.4085959349152,125927,
2020-12-24,989.4482421875,1057.8659919253612,975.6815014750686,1007.0954892119552,575255,
2020-12-28,983.9508666992188,997.6252378333736,971.9858765461532,989.5407545446104,200328,
2020-12-29,988.5244140625,996.9322538875326,965.5645047298412,983.9970809918648,97583,
2020-12-30,994.068115234375,1002.6606986103176,974.8500978850236,1002.6606986103176,102742,
2020-12-31,1016.9817504882812,1020.9547416560883,979.88561186848,997.763846552093,108478,
2021-01-01,1011.3458251953124,1019.4303091783512,999.6118192713816,1008.0196600565876,84657,
2021-01-04,1022.8488159179688,1030.1941009404172,990.9266127879796,1022.0633759263168,161814,
2021-01-05,1028.2537841796875,1034.813741591556,1000.6279304854064,1030.1940373880225,109554,
2021-01-06,992.35888671875,1033.797618452327,983.9971754655106,1033.797618452327,275505,
2021-01-07,997.5328979492188,1006.1717235233268,984.9673232245376,1002.3373459132616,150191,
2021-01-08,980.5324096679688,1006.5413719962918,969.1217606026024,989.8641914336856,212301,
2021-01-11,981.1329345703124,1002.4759483324972,967.5509346956404,992.95931126628,71626,
2021-01-12,1027.28369140625,1079.2092388859005,957.2027950407734,997.6714525322826,713755,
2021-01-13,996.9322509765624,1023.7265376107796,981.2252553634008,1016.3350102634092,640715,
2021-01-14,1005.7559204101562,1020.954703230829,974.7576578357688,1002.0139146188544,277680,
2021-01-15,1012.7315673828124,1025.5743680625476,993.3288090681156,1007.0955506199792,137911,
2021-01-18,1034.351806640625,1048.6728901626702,995.176691094138,1016.3349596290196,414519,
2021-01-19,1043.17578125,1056.0647149400736,1008.066018198624,1036.615708977564,321946,
2021-01-20,971.3853759765624,1014.9492179476744,960.8986678794552,1002.4760140857776,1581986,
2021-01-21,961.129638671875,997.8562939347512,951.7516148337604,979.3774736767004,392248,
2021-01-22,953.968994140625,971.9858419718524,947.9633781968826,970.1379601430084,157649,
2021-01-25,952.3983764648438,971.9396373305932,942.419769089591,964.594351891699,739860,
2021-01-27,907.8643188476562,953.507022521638,900.8423904637568,953.507022521638,232524,
2021-01-28,898.6249389648438,923.940943370343,895.2525883572698,912.853652049899,200093,
2021-01-29,929.4845581054688,942.4197308822844,899.9184489013186,899.9184489013186,201298,
2021-02-01,908.4187622070312,928.5144780661584,877.7900968576919,919.4136257838828,235996,
2021-02-02,906.9866333007812,937.6152411867992,897.1928256415094,919.2750363479736,115269,
2021-02-03,920.8919067382812,932.2563685350088,905.462082422506,906.9866074653684,163091,
2021-02-04,972.12451171875,979.3774257580128,921.1691447931498,923.3866256727732,218749,
2021-02-05,957.9880981445312,983.9970569969536,944.6833830405805,977.0212580983074,152776,
2021-02-08,946.392822265625,977.437217664426,942.419830805764,977.437217664426,73341,
2021-02-09,968.2900390625,986.3068861633768,933.5960704109256,955.3548667849476,222175,
2021-02-10,950.3656005859376,967.4585074770002,938.8625813330112,960.9447917115892,58331,
2021-02-11,950.8275756835938,967.9667248182692,940.5718540560476,955.3549087366928,82925,
2021-02-12,937.199462890625,958.7734611203866,923.9409330583889,958.7734611203866,62354,
2021-02-15,918.905517578125,946.716175734992,914.701597273274,946.1155915230632,136201,
2021-02-16,971.52392578125,1033.7975694488696,900.5652708686707,940.5719034192224,1891164,
2021-02-17,977.2061767578124,999.5655028264664,953.1374696882986,977.3447904586608,566241,
2021-02-18,975.1734619140624,985.7064116398386,965.5645659537544,985.56779793573,183468,
2021-02-19,926.6665649414062,968.6134492334944,923.9409279254504,968.290092465872,299425,
2021-02-22,940.7567749023438,968.2902065190606,924.8649777915836,932.1641345391008,196994,
2021-02-23,967.2275390625,985.8449713408496,957.2028025390066,979.3773848372076,323251,
2021-02-24,970.3690185546876,977.5758033450004,926.8051785970551,974.757738229179,88273,
2021-02-25,1012.9625244140624,1016.3349310606404,969.5373046323806,977.5294155110524,384393,
2021-02-26,999.4268798828124,1022.8026310176648,953.507059810506,983.997111141656,216081,
2021-03-01,1030.00927734375,1038.5094878237387,1003.3997364560322,1011.7152038852258,253157,
2021-03-02,1111.454833984375,1232.4911107722112,1015.5959506504972,1035.553167433445,1147870,
2021-03-03,1135.29248046875,1240.0674102773016,1127.3003684254895,1164.165636126653,887786,
2021-03-04,1147.8118896484375,1164.0732278445662,1127.207961306965,1128.131902258856,321744,
2021-03-05,1155.8502197265625,1181.073854767757,1142.7303023147974,1164.1656889332285,443302,
2021-03-08,1231.7518310546875,1263.6277920441971,1155.850063706573,1155.9886773984613,1021817,
2021-03-09,1201.1695556640625,1247.3203640184374,1168.092422378007,1241.5919748683636,343713,
2021-03-10,1192.2071533203125,1241.63799294479,1182.6443872772147,1205.8815241625084,288145,
2021-03-12,1193.5008544921875,1232.5373639578695,1170.9566702554437,1201.1233681748356,182388,
2021-03-15,1195.394775390625,1228.841390684426,1168.7852324930818,1201.1231638268823,421247,
2021-03-16,1122.403564453125,1157.6056937619655,1109.8841188720414,1117.9686025682995,9021375,
2021-03-17,1054.30908203125,1099.2125933300215,1048.7654358761974,1087.4785874161348,5909258,
2021-03-18,1077.499755859375,1084.4293121167086,1055.2328043096254,1074.450818777596,1558538,
2021-03-19,1085.8153076171875,1090.2502690802908,1047.7952295638815,1065.303864618284,1233647,
2021-03-22,1072.3721923828125,1103.8323171746792,1053.616144125902,1090.2504289788278,1953740,
2021-03-23,1028.531005859375,1064.102731930599,1023.1722160967238,1061.6081365152322,1038107,
2021-03-24,1013.0549926757812,1034.8138468009438,979.3773907223218,1028.253888722125,1549828,
2021-03-25,990.7880859375,1011.669129498666,971.9859095783788,1011.669129498666,927304,
2021-03-26,1032.827392578125,1047.4718344212893,991.4810340977352,1004.6934351063328,910196,
2021-03-30,1008.4815673828124,1051.3524508896328,998.8725587507344,1046.8251175856403,576967,
2021-03-31,981.9645385742188,1014.1176176588796,979.5160723704068,1007.0956886256156,675599,
2021-04-01,1037.493408203125,1048.5807005958152,981.9645746935564,981.9645746935564,1165973,
2021-04-05,1027.9305419921875,1046.686475477193,998.0409622359184,1033.8899159645423,1166565,
2021-04-06,1029.31640625,1050.5208048214074,1019.1068141759124,1034.8138094986598,290304,
2021-04-07,1031.395263671875,1039.3872621654104,1023.9112522121368,1030.194095397021,328028,
2021-04-08,1016.3350219726562,1040.3574861283737,1014.4871401145242,1030.194135908647,488368,
2021-04-09,1030.60986328125,1040.588470420451,1008.9434936285302,1016.33502105438,526773,
2021-04-12,992.8207397460938,1026.3597267627747,984.9209999325208,1025.574399554501,931318,
2021-04-13,1016.7969970703124,1056.9884276678215,1007.1879888070896,1008.943499137466,692385,
2021-04-15,1029.5936279296875,1046.363179590207,1016.6123245872468,1016.6123245872468,761682,
2021-04-16,1024.2808837890625,1043.5450294596926,1020.077020264526,1029.916900857305,460130,
2021-04-19,1025.759033203125,1032.9658165725791,1007.0954741181678,1007.0954741181678,478671,
2021-04-20,1042.759765625,1062.5321251191526,1015.5958783039316,1039.156373252226,1485588,
2021-04-22,1039.2025146484375,1048.5805372266432,1026.1287285151363,1043.5912338701137,466276,
2021-04-23,1052.7384033203125,1079.1630934977793,1031.1181612530152,1039.4336302953782,768303,
2021-04-26,1069.0460205078125,1073.619483520377,1046.08599554126,1046.08599554126,419803,
2021-04-27,1067.7523193359375,1098.5657256695172,1063.4559716111137,1064.8418829555244,657070,
2021-04-28,1062.1624755859375,1076.067831762396,1048.7192026624189,1073.573123568162,462117,
2021-04-29,1027.1912841796875,1062.5320232126294,1020.9546831738744,1062.1624242995786,998861,
2021-04-30,1016.519775390625,1039.2949420810676,998.7801544863006,1025.5744417019368,643639,
2021-05-03,1020.5390014648438,1031.857277880845,1008.2505419560248,1016.5197681823918,200856,
2021-05-04,1011.1610107421876,1031.8110686729146,1007.095647954759,1020.0308214147284,341710,
2021-05-05,1004.2313842773438,1027.4685204118823,987.6928196511972,1016.3349874801842,228101,
2021-05-06,1020.16943359375,1036.661757173448,1004.0004667929164,1005.2477645318284,484824,
2021-05-07,1004.7395629882812,1032.9660047438426,979.4236706319352,1025.5744769818116,396472,
2021-05-10,1004.508544921875,1020.9547387692947,998.78015620779,1016.3350340689814,266614,
2021-05-11,997.625244140625,1015.4111074883508,988.8015629239422,997.8562293789072,212683,
2021-05-12,1001.6444091796876,1018.9683028196338,994.8997075939944,996.9323326667752,325425,
2021-05-14,1001.6906127929688,1013.3322463138236,996.516565982118,1002.7531674524788,234034,
2021-05-17,989.1712036132812,1010.7914453861902,985.9836523047516,1010.7452032222776,259860,
2021-05-18,988.1548461914062,1003.6308571065124,985.8449938160172,997.7638546301764,477044,
2021-05-19,977.760498046875,1011.2533570633638,974.7576899971208,984.9672824805888,621040,
2021-05-20,999.5654907226562,1002.0139567887896,971.061935071478,987.9700995119553,482044,
2021-05-21,986.6765747070312,1006.079334886025,983.997123363256,1006.079334886025,303702,
2021-05-24,977.2523193359376,994.1142420467412,973.6027976169456,993.236543239114,379012,
2021-05-25,968.1515502929688,989.078836413662,965.610712553466,987.369568127877,192074,
2021-05-26,980.3936767578124,1002.4758870575208,958.1729655502488,961.1757735068728,303037,
2021-05-27,973.5104370117188,988.339622082628,968.29014791286,985.8450265486848,425679,
2021-05-28,969.306396484375,982.1491978277976,964.5943203501606,982.1491978277976,210240,
2021-05-31,992.3126220703124,995.8236429424092,974.8039854451098,979.3774482258204,359838,
2021-06-01,1037.539306640625,1048.4880956699658,993.236389097059,995.9158400527024,836252,
2021-06-02,1050.428466796875,1066.5050615501486,1035.5530403679595,1057.9123657792975,784675,
2021-06-03,1036.384521484375,1055.9721373522227,1031.7648167210752,1053.2926860323566,278581,
2021-06-04,1054.216796875,1064.195405886113,1039.479981419499,1039.479981419499,320588,
2021-06-07,1130.6265869140625,1141.0671656084312,1054.262951444268,1058.8364144026414,1915731,
2021-06-08,1130.7652587890625,1158.6221046763549,1119.8165796393478,1140.143283230161,918331,
2021-06-09,1137.140380859375,1172.4348817932737,1108.729195231566,1139.2192481004342,826303,
2021-06-10,1162.8260498046875,1181.3510001253912,1145.7792698162425,1164.1657192085154,1180664,
2021-06-11,1189.1121826171875,1199.0907915017126,1170.4486177168387,1172.943213545081,768030,
2021-06-14,1235.0318603515625,1239.928792649955,1133.7218223282605,1188.5576968231007,891393,
2021-06-15,1225.4229736328125,1245.3800763535,1211.5638588565344,1240.8527429694295,640500,
2021-06-16,1203.15576171875,1228.748991615109,1188.7423066329916,1225.4228270238957,520054,
2021-06-17,1187.7449951171875,1218.7532693524695,1177.9849277426658,1202.034966901733,415619,
2021-06-18,1171.9608154296875,1200.1670299850514,1112.8864460549369,1188.258757897651,512460,
2021-06-21,1186.3907470703125,1204.836893305021,1136.6562008931865,1163.7416814403537,412220,
2021-06-22,1185.3167724609375,1239.7212349336216,1179.3392636530557,1188.0253436095163,520762,
2021-06-23,1193.1622314453125,1206.0044863825908,1182.514811822288,1194.8434449689728,377596,
2021-06-24,1197.50537109375,1200.1671977182948,1172.2878502078402,1189.70664206652,199599,
2021-06-25,1204.0430908203125,1225.8515508464056,1195.4971314921138,1206.7049170998523,206802,
2021-06-28,1205.25732421875,1226.7389155287094,1195.497255510783,1223.4233470160304,242918,
2021-06-29,1202.9224853515625,1218.8469295374816,1191.294451053684,1206.705159358181,170173,
2021-06-30,1202.12841796875,1217.959484022348,1195.497167420513,1200.1670782307494,209124,
2021-07-01,1232.5296630859375,1247.7535049102516,1202.1752408457844,1212.308925160581,529581,
2021-07-02,1241.262451171875,1244.0643980142495,1224.310649973208,1243.7375270182742,415271,
2021-07-05,1271.33642578125,1296.3671923916795,1232.6696569291917,1246.8661396562625,733519,
2021-07-06,1270.916259765625,1291.6973634068413,1261.8099334509347,1283.2915237317425,356754,
2021-07-07,1268.4412841796875,1278.6217136133882,1239.0675877147933,1278.5749688957976,442703,
2021-07-08,1259.8486328125,1272.223897163182,1242.1963461439436,1268.3011034526692,743657,
2021-07-09,1245.0916748046875,1270.21581932751,1232.9499059434688,1260.8759971265724,248624,
2021-07-12,1263.86474609375,1273.0178178280037,1246.9596900239403,1248.640903693173,269247,
2021-07-13,1270.0289306640625,1277.6875384331156,1257.139931820887,1269.2349546539442,200411,
2021-07-14,1310.703857421875,1343.066362462937,1251.5361096664362,1278.388097093981,767444,
2021-07-15,1298.6553955078125,1332.4656167201067,1289.8293100623796,1318.7827558349602,259781,
2021-07-16,1271.289794921875,1319.4832498710152,1265.6391574491356,1293.5652458477127,267471,
2021-07-19,1293.9854736328125,1307.3414634613748,1265.5457638793805,1270.9629057426478,292128,
2021-07-20,1289.876220703125,1309.443103065153,1262.7439909729578,1302.9052273722457,198194,
2021-07-22,1267.880859375,1321.5848368439226,1255.2720994475137,1301.0372280732045,374272,
2021-07-23,1283.05810546875,1303.8392103616925,1265.5459384241356,1284.1322078497872,206470,
2021-07-26,1260.455810546875,1285.2063405538922,1247.660185117475,1265.545968283338,287624,
2021-07-27,1259.008056640625,1295.4333639173196,1236.7792337748613,1267.4138967814008,497463,
2021-07-28,1331.29833984375,1389.7656066771965,1240.0949491032577,1265.4525903338424,2365261,
2021-07-29,1332.4189453125,1370.7122144087475,1317.288479713215,1338.396454022506,734063,
2021-07-30,1347.1292724609375,1366.883019806392,1325.134058929719,1334.6606322537302,326151,
2021-08-02,1382.8074951171875,1391.6335819619403,1342.6928882235277,1357.8234694007567,338574,
2021-08-03,1413.3485107421875,1421.52085468337,1351.4721923303784,1395.3693540715865,932152,
2021-08-04,1403.12158203125,1419.6530222781766,1378.5578032122294,1419.6530222781766,467265,
2021-08-05,1398.4046630859375,1410.7331808827362,1359.1774158996898,1382.2934722773,481773,
2021-08-06,1384.4884033203125,1412.5078675383977,1378.5576395297828,1405.6431216072651,301615,
2021-08-09,1374.1680908203125,1398.1713883558218,1368.2839572086032,1384.161655005563,107558,
2021-08-10,1311.0306396484375,1384.2082290335736,1298.4686258980043,1382.2935201072082,260024,
2021-08-11,1297.44140625,1326.2547345468338,1251.6295333710889,1312.3851215688376,530040,
2021-08-12,1277.4541015625,1326.3014142200816,1267.086922370762,1308.4156330226654,387289,
2021-08-13,1332.5592041015625,1344.7943490397413,1277.6877457234536,1277.6877457234536,611327,
2021-08-16,1284.59912109375,1332.699203660283,1275.3526746524471,1332.699203660283,242039,
2021-08-17,1306.5478515625,1329.9907842980356,1286.4672322771014,1286.4672322771014,601386,
2021-08-18,1313.1322021484375,1344.000358843927,1298.328607377647,1317.1951158461484,290777,
2021-08-20,1302.671630859375,1395.3693611786389,1292.8648180800071,1307.575037249059,833109,
2021-08-23,1301.45751953125,1334.6138893775471,1274.8857701463546,1311.311077864822,334081,
2021-08-24,1315.233642578125,1321.5847669212849,1280.909797924869,1301.457405608451,279691,
2021-08-25,1308.8826904296875,1341.1984520571775,1298.235270445318,1315.233701043671,229136,
2021-08-26,1300.1031494140625,1325.3206673983868,1295.9936051624666,1314.112881627576,188373,
2021-08-27,1296.553955078125,1317.8487933751044,1291.043551687096,1307.5749898831652,190127,
2021-08-30,1332.6524658203125,1351.472229762708,1299.2159718046094,1310.470388794145,387491,
2021-08-31,1325.4608154296875,1354.2741424864978,1312.244944961055,1335.5477544288967,206609,
2021-09-01,1292.1644287109375,1337.3691919177263,1287.447772795537,1337.3691919177263,399135,
2021-09-02,1284.2724609375,1316.915098083255,1279.5558045206096,1302.0181253797566,315652,
2021-09-03,1277.640869140625,1302.905132548402,1273.4379493582107,1302.905132548402,189935,
2021-09-06,1275.7264404296875,1287.9148409810043,1266.57336832772,1286.980858685355,212469,
2021-09-07,1285.2529296875,1296.08710080198,1267.6941320913438,1276.753714158533,275667,
2021-09-08,1279.742431640625,1302.344870467419,1274.8857695516967,1294.8262677603325,287976,
2021-09-09,1268.301025390625,1285.5330646063594,1265.5458236301238,1285.5330646063594,146349,
2021-09-13,1257.88720703125,1278.6215651864327,1246.8661720408238,1268.3477615216768,375297,
2021-09-14,1270.1224365234375,1288.1015941557132,1260.875989795967,1268.3011027979428,245969,
2021-09-15,1286.42041015625,1289.7827234040824,1263.677965508345,1270.2158411613816,256480,
2021-09-16,1291.23046875,1296.5074912980062,1276.9872393478752,1286.4204373299322,411840,
2021-09-17,1313.972900390625,1330.7379501184314,1270.309230376573,1298.2353223429411,403046,
2021-09-20,1304.166015625,1363.614005159063,1288.8954295339088,1315.0469310027129,608781,
2021-09-21,1329.19677734375,1334.6605503564156,1289.3156693985595,1312.2449777821998,169057,
2021-09-22,1354.647705078125,1363.6139107299416,1330.9712808687764,1335.5944468108332,333691,
2021-09-23,1365.48193359375,1382.2936126667237,1353.34016537438,1358.9440583987048,458922,
2021-09-24,1340.5911865234375,1370.5253584797165,1321.6314182707606,1370.5253584797165,139046,
2021-09-27,1331.718505859375,1354.274198940582,1326.2547327556044,1354.274198940582,158067,
2021-09-28,1303.698974609375,1353.3401491919012,1284.2254693849995,1331.718439395957,112774,
2021-09-29,1316.728271484375,1326.3015899091642,1303.97939048711,1307.6685749096202,189896,
2021-09-30,1299.8697509765625,1325.3675111144198,1285.8600177165313,1316.0743196450317,169039,
2021-10-01,1317.52197265625,1323.452736641299,1288.89539630557,1301.7843958732235,156580,
2021-10-04,1335.080810546875,1353.3402081664185,1307.6684557717529,1326.254724359085,205131,
2021-10-05,1355.4417724609375,1372.767189213965,1343.8603694839485,1349.5110078350724,250426,
2021-10-06,1379.911865234375,1418.718868702425,1335.5944583571218,1363.520547106887,355060,
2021-10-07,1373.607421875,1391.6333219178591,1359.037323991446,1391.6333219178591,262504,
2021-10-08,1361.88623046875,1379.8186439302224,1352.4530326165016,1376.3629552356326,127554,
2021-10-11,1338.583251953125,1364.2677626165616,1326.768468257144,1354.3675740358642,221580,
2021-10-12,1301.2706298828125,1349.5108307101943,1296.4139683096664,1347.7362418237203,180783,
2021-10-13,1359.8780517578125,1400.9732676076364,1302.905138875102,1302.905138875102,565097,
2021-10-14,1344.9344482421875,1382.293738471137,1332.092192225986,1379.491791703966,168722,
2021-10-18,1363.8475341796875,1417.0845206191616,1356.6091719883557,1386.0296118628016,652808,
2021-10-19,1398.358154296875,1438.3326394925684,1368.2839719848134,1382.2937054863644,845994,
2021-10-20,1346.9425048828125,1418.7190169401918,1308.6958638994122,1408.4452123408882,340905,
2021-10-21,1332.4656982421875,1419.6529118344583,1307.5750503738432,1382.29362468092,1082843,
2021-10-22,1296.834228515625,1361.6992438907969,1281.516898296937,1352.4529117205866,426017,
2021-10-25,1246.9595947265625,1326.2547051838694,1237.573142156631,1326.2547051838694,272362,
2021-10-26,1268.6748046875,1301.971295704924,1249.995159125019,1258.961366192708,159984,
2021-10-27,1247.3800048828125,1288.7553489996092,1242.1963579349492,1275.819717999354,267266,
2021-10-28,1220.85498046875,1256.7199234212962,1215.204341975891,1251.4895313568438,210716,
2021-10-29,1221.0882568359375,1244.951431797224,1207.9657623341618,1221.4618724894008,297187,
2021-11-01,1181.0205078125,1214.176876359233,1175.883605643288,1214.176876359233,407981,
2021-11-02,1198.1590576171875,1213.242893140207,1188.0253734213572,1191.154191028618,259784,
2021-11-03,1192.9288330078125,1211.3749825101845,1161.873923086098,1208.479660327303,265721,
2021-11-04,1223.796875,1236.5923850412214,1179.05910654553,1209.5069022872974,79442,
2021-11-08,1197.318359375,1228.1397700106152,1186.4375586476808,1225.197817477318,296073,
2021-11-09,1184.6630859375,1210.3475973189395,1175.2765189007728,1198.9063149762983,241771,
2021-11-10,1158.8382568359375,1187.0912145383652,1153.37448451231,1186.1572324655576,213932,
2021-11-11,1155.9896240234375,1186.1572920963094,1151.880193905681,1159.2585614426005,241188,
2021-11-12,1144.82861328125,1167.337560154724,1133.9944432105624,1158.604849908538,450710,
2021-11-15,1135.722412109375,1156.2700215389852,1131.6128674211518,1152.5340925517835,181319,
2021-11-16,1128.1572265625,1155.8498241569948,1121.8994768366165,1139.4583894258146,223836,
2021-11-17,1164.7691650390625,1174.6693534396484,1128.25048425336,1128.25048425336,255852,
2021-11-18,1177.051025390625,1188.3055561021122,1139.4582431871156,1171.8207480602618,389045,
2021-11-22,1141.4195556640625,1184.4294790105594,1130.1183945211494,1179.6194481654643,214763,
2021-11-23,1152.0203857421875,1161.827199580723,1130.1185471073952,1139.4583698107622,284851,
2021-11-24,1163.22802734375,1178.6854775870684,1150.572637572116,1157.9043746739842,368193,
2021-11-25,1208.1527099609375,1213.2428673022948,1155.8497072134944,1163.2280753204532,3071326,
2021-11-26,1212.49560546875,1241.262301861408,1170.5131526018129,1190.827264765459,938335,
2021-11-29,1198.6258544921875,1227.205682740042,1167.9913113159084,1219.7805709639583,362155,
2021-11-30,1213.476318359375,1227.1124350591328,1198.6259792500423,1198.6259792500423,459543,
2021-12-01,1192.088134765625,1241.2623194325784,1181.720955351445,1237.526390705919,411702,
2021-12-02,1191.5745849609375,1222.5827496609531,1186.157442375409,1191.761335803954,610446,
2021-12-03,1217.2122802734375,1240.32833930798,1188.025337048005,1194.563212330502,440498,
2021-12-06,1207.031982421875,1231.875888384198,1188.8193278763792,1222.5828102591772,302455,
2021-12-07,1252.797119140625,1267.227213896372,1203.4829227437235,1212.916121049726,917670,
2021-12-08,1268.76806640625,1282.4042976539915,1260.8759624679942,1270.2157844122014,466515,
2021-12-09,1279.368896484375,1290.109692064107,1260.876002838148,1279.368896484375,255062,
2021-12-10,1299.8697509765625,1302.8118177634694,1260.9693688222424,1279.5556377495172,281714,
2021-12-13,1360.8587646484375,1369.8716013681203,1291.603964029934,1302.9051254700637,558702,
2021-12-14,1349.97802734375,1404.1490002670955,1340.824955279684,1372.953968919281,1221855,
2021-12-15,1321.1177978515625,1363.5672424642514,1316.9148780280686,1356.1421297140112,791700,
2021-12-16,1280.67626953125,1354.274108041845,1271.3831928082493,1327.0018750569095,367768,
2021-12-17,1264.7984619140625,1288.474998379191,1223.5165004057292,1288.474998379191,395470,
2021-12-20,1224.2171630859375,1255.6923174782837,1197.5052950896427,1245.465258039365,314808,
2021-12-21,1266.853515625,1273.8116376122075,1221.0416417817132,1238.4604331192122,298616,
2021-12-22,1302.625,1306.3142982987351,1253.4041809718046,1276.753737249223,488220,
2021-12-23,1303.465576171875,1326.2547653649535,1286.7940161842005,1306.6411385532183,308354,
2021-12-24,1284.8326416015625,1329.990658357976,1279.5556193472105,1309.3963051573137,236195,
2021-12-27,1273.9051513671875,1298.23543662949,1264.7521929546942,1287.9616310158754,162999,
2021-12-28,1288.5687255859375,1300.103384390838,1279.7892690097312,1284.599300741353,297095,
2021-12-29,1308.322265625,1323.4527311314318,1280.6763022623174,1296.273872863918,380830,
2021-12-30,1305.0999755859375,1321.584783854693,1280.7230635058286,1308.042042253355,291883,
2021-12-31,1367.7701416015625,1400.039271140725,1312.2916919796987,1314.953518358688,2793690,
2022-01-03,1349.8843994140625,1381.3595511549172,1344.1403865917491,1371.0857478670848,403575,
2022-01-04,1327.37548828125,1368.050459653321,1308.742588557239,1353.807230768041,1225469,
2022-01-05,1403.07470703125,1441.274600372792,1312.7586773022338,1327.1886561433892,2827021,
2022-01-06,1383.601318359375,1432.2150257279184,1374.5883669070631,1400.9733652866282,1631797,
2022-01-07,1366.5093994140625,1393.9685002104588,1349.6510883041822,1391.633544598716,734840,
2022-01-10,1387.5706787109375,1403.4016314017988,1368.2839234719847,1377.6237454752063,519905,
2022-01-11,1381.639892578125,1402.1875006585803,1369.2178839067053,1389.5787411546644,1297785,
2022-01-12,1454.864013671875,1482.2297374794662,1376.12938335822,1386.9168092600091,3723084,
2022-01-13,1443.4696044921875,1472.936790842005,1435.1105087443448,1464.811076651158,984456,
2022-01-14,1443.2359619140625,1463.550074304699,1435.530608938304,1446.4581548265994,915219,
2022-01-17,1449.166748046875,1486.8529067370762,1438.3325774089517,1443.6095996023942,1414763,
2022-01-18,1387.3839111328125,1461.30863027344,1377.063475502591,1455.9849769629643,937640,
2022-01-19,1423.0152587890625,1438.332589689353,1316.914903546745,1382.2936576235338,969255,
2022-01-20,1354.0875244140625,1408.35187084809,1343.8603502732897,1384.1617075428471,1714708,
2022-01-21,1283.618408203125,1355.0214154904872,1265.5458755137704,1348.6702909534204,1229939,
2022-01-24,1207.9656982421875,1283.618246589196,1188.2119544826162,1283.618246589196,1304711,
2022-01-25,1207.171875,1223.5165618955514,1153.5146484817712,1194.6098612477283,1392034,
2022-01-27,1193.7225341796875,1212.2620566055348,1168.4116413304623,1209.5068549344114,837894,
2022-01-28,1183.682373046875,1241.215656422275,1176.8176263620635,1212.7291980063678,848119,
2022-01-31,1198.579345703125,1216.8386284354217,1190.827248208231,1202.9690162291774,377823,
2022-02-01,1219.4539794921875,1226.3187264073988,1188.118828578393,1213.2429745645172,424481,
2022-02-02,1225.71142578125,1234.5842560182627,1214.1767692754315,1228.1865012286096,765713,
2022-02-03,1217.44580078125,1240.9821066762188,1206.705005454066,1231.8291494999528,563851,
2022-02-04,1225.1512451171875,1233.6972057070418,1202.969166160425,1210.4410243353343,461335,
2022-02-07,1191.66796875,1229.5876250804497,1184.2894862149717,1229.5876250804497,358386,
2022-02-08,1184.8031005859375,1216.0447578618937,1172.6613326502963,1188.2587889322535,532828,
2022-02-09,1199.56005859375,1208.2927696732208,1188.2121516563134,1195.3105078389342,201937,
2022-02-10,1220.7147216796875,1225.3846326271998,1193.6292381841167,1204.977144588871,342830,
2022-02-11,1172.0543212890625,1217.912825903847,1167.477785567338,1217.912825903847,310184,
2022-02-14,1131.005615234375,1177.7514664667765,1121.8059140519802,1157.203859597411,568830,
2022-02-15,1182.3746337890625,1186.1573070263016,1107.5626878568671,1135.722271924396,437885,
2022-02-16,1172.427978515625,1190.827383463358,1163.928648726407,1190.827383463358,464194,
2022-02-17,1160.9398193359375,1182.3746642009778,1149.8254088827157,1180.2265736501324,388915,
2022-02-18,1155.0557861328125,1167.4777954813353,1145.0622218080937,1153.4680619355593,311006,
2022-02-21,1151.927001953125,1162.294182276283,1127.8769586665865,1149.7789111538527,285832,
2022-02-22,1139.9251708984375,1147.8640188727404,1097.522360092216,1127.316412351015,376638,
2022-02-23,1134.4146728515625,1156.176502095822,1126.709320275287,1140.4389259999086,204207,
2022-02-24,1059.8831787109375,1113.587161927023,1052.3178307356347,1099.297186875355,699330,
2022-02-25,1099.6239013671875,1122.5532095855892,1066.374158424013,1075.013493624733,339236,
2022-02-28,1105.1343994140625,1111.2052835012726,1072.2115280180385,1094.6271000323525,713268,
2022-03-02,1099.4837646484375,1125.4952592857233,1092.7591386306929,1101.1649781586214,555169,
2022-03-03,1089.070068359375,1120.7787207287222,1079.9169965354877,1109.29069323665,451613,
2022-03-04,1068.8026123046875,1089.8172138600746,1057.2679538088105,1089.8172138600746,312460,
2022-03-07,1055.4466552734375,1066.654441934228,1013.3707105797868,1041.4369219474495,418415,
2022-03-08,1063.15185546875,1071.837820472855,1042.3240093195095,1057.3144674237258,280011,
2022-03-09,1083.4193115234375,1095.5610796698209,1058.2017930655643,1072.9120121659903,424030,
2022-03-10,1080.52392578125,1107.702782377939,1068.4755337608449,1107.702782377939,371965,
2022-03-11,1070.9508056640625,1092.4323981341454,1067.5884922536557,1087.9026068721037,267547,
2022-03-14,1071.137451171875,1083.4193397654817,1050.7767078486982,1064.7396959764214,502613,
2022-03-15,1050.4031982421875,1086.1746513036032,1044.7525598207862,1074.0796263334091,371130,
2022-03-16,1092.058837890625,1107.4695463149956,1060.0699431309467,1060.0699431309467,1020810,
2022-03-17,1080.9443359375,1121.7126840165042,1075.3871871458505,1121.7126840165042,948146,
2022-03-21,1072.0247802734375,1090.0973124596746,1068.7558426786118,1081.224481845148,334496,
2022-03-22,1067.2615966796875,1077.442027201339,1047.7414565738225,1074.9669511461664,380821,
2022-03-23,1106.1151123046875,1115.8284355121784,1067.9618500453375,1071.2775323017845,886196,
2022-03-24,1087.9490966796875,1107.3292265069194,1078.095653294907,1103.2664269117022,612810,
2022-03-25,1089.3968505859375,1101.2117481065695,1079.9636532573943,1093.6931458630315,486092,
2022-03-28,1080.197265625,1103.3599580641496,1055.3999901630257,1095.4678532998355,501828,
2022-03-29,1077.67529296875,1088.089216859446,1069.9233094443732,1084.3532882178686,525621,
2022-03-30,1081.5980224609375,1090.7977233942602,1075.9941298301028,1083.419241961364,794522,
2022-03-31,1147.490478515625,1154.4019694196274,1082.4853418748771,1089.957199282124,2658948,
2022-04-01,1157.3441162109375,1191.621218835442,1139.4583335016234,1148.7981559073746,1813614,
2022-04-04,1153.841552734375,1167.1507981621976,1144.314866547565,1157.9510969319308,661811,
2022-04-05,1159.5389404296875,1178.685576175808,1146.0429427888523,1161.3135294718725,794674,
2022-04-06,1183.9625244140625,1202.9690388324468,1153.4679836630992,1156.7369212686222,1515622,
2022-04-07,1240.3284912109375,1255.2722079725152,1170.746810039842,1181.4876064622258,1883356,
2022-04-08,1260.22216796875,1308.322248975015,1244.1109757870397,1270.21573142759,4001182,
2022-04-11,1247.5667724609375,1284.2255752452097,1238.553821076007,1265.5459305143704,698320,
2022-04-12,1229.8211669921875,1254.4315772639272,1195.5906936333915,1247.566830309333,1102759,
2022-04-13,1216.5587158203125,1243.2705873546336,1206.518405886092,1230.9886970514008,387696,
2022-04-18,1221.4619140625,1231.9224686465616,1181.487432022669,1202.0350395361068,536533,
2022-04-19,1197.8321533203125,1242.1963071469906,1168.4117144668312,1237.5263962178667,761385,
2022-04-20,1225.71142578125,1232.0158051601802,1182.3746321371211,1195.497126671194,754984,
2022-04-21,1197.3651123046875,1236.5923624737957,1192.9286971069907,1236.5923624737957,666921,
2022-04-22,1152.6273193359375,1189.9866043902518,1146.9767958783664,1157.203854557389,1231435,
2022-04-25,1045.5931396484375,1156.1766619901537,1038.5882727012618,1156.1766619901537,2873081,
2022-04-26,1031.723388671875,1069.0826740878738,1016.1725633151672,1065.6736164913657,2131036,
2022-04-27,1006.8795776367188,1052.5045862705938,1004.030886261794,1031.7701125846122,1119620,
2022-04-28,1013.6975708007812,1024.111495264918,999.6412069197318,1017.15337339143,844587,
2022-04-29,1022.243408203125,1035.5059084153272,1006.318967797376,1022.617023845332,757799,
2022-05-02,1011.9697875976562,1019.9553815953924,979.187032786042,1008.7475943769598,569417,
2022-05-04,969.9873046875,1023.5977942605008,963.215933421455,1018.0406455157278,613028,
2022-05-05,953.2689819335938,1047.9280577527177,940.9404051471174,987.7329488812376,597075,
2022-05-06,969.239990234375,989.6474777058618,933.7486680190956,939.5860565413454,1125162,
2022-05-09,955.32373046875,973.8632555008628,941.4541167299406,960.7875038796136,578547,
2022-05-10,935.7567749023438,974.0966752285592,926.1367127824932,951.7278474797336,487168,
2022-05-11,908.5311889648438,956.8180233083112,891.3926383232939,946.49758836074,690092,
2022-05-12,909.7920532226562,912.5006244496278,884.7146535413613,902.4136279244156,607197,
2022-05-13,901.1060180664062,928.3783097955544,890.2251596047472,924.6423809834998,602775,
2022-05-16,906.0560913085938,918.2912920875016,892.7001575166853,912.9208945448383,316654,
2022-05-17,941.3607177734376,943.1352498170796,907.83073272343,911.2864783952352,398471,
2022-05-18,919.5521850585938,950.2335352477256,908.8113895080508,947.945267403199,671198,
2022-05-19,909.1383056640624,915.8629319688572,886.9094834700747,901.1060244577244,572240,
2022-05-20,916.42333984375,926.4636484258516,907.73731684364,915.5360453586004,294311,
2022-05-23,908.2976684570312,923.6149989844672,904.3282441989928,916.42332480993,290182,
2022-05-24,901.6664428710938,913.668091394549,893.0271074809588,911.2864481746348,332407,
2022-05-25,877.2894287109375,907.8306566474486,872.1058391404888,904.048040312567,421298,
2022-05-26,881.2588500976562,884.4810999304424,846.4680148575201,877.663041606679,625692,
2022-05-27,914.6021728515624,924.6424826377807,888.0303648533962,889.1044673072475,553467,
2022-05-30,938.3719482421876,947.9919537112104,916.4233660626668,926.510362641892,639756,
2022-05-31,920.0191040039062,937.718077119614,917.6374609263156,937.4378938762056,949422,
2022-06-01,906.6632690429688,926.9773829772304,897.6503175296044,923.7084451027516,660008,
2022-06-02,904.7952270507812,910.6326156123991,898.8644630744765,909.4651379000755,469199,
2022-06-03,892.1864624023438,932.0675122170812,888.8241494133331,905.9626993250704,2102715,
2022-06-06,879.811279296875,895.6889775432093,872.8531001348309,891.9530485440719,329384,
2022-06-07,869.3973388671875,888.8709026305124,865.8949054931094,873.2733879368011,624350,
2022-06-08,859.3103637695312,875.8418611122297,852.8659204025491,871.4054453934527,563767,
2022-06-09,895.081787109375,900.5456169907943,852.0719197121391,855.9946562154215,727623,
2022-06-10,905.4393310546876,914.5080433847028,883.9608018520197,895.4160174267759,700910,
2022-06-13,879.4741821289062,900.5231295261914,874.9398258709411,893.6977650648512,517357,
2022-06-14,879.1400146484375,904.7233159661988,873.4601256756233,877.2785305966096,464531,
2022-06-15,835.610107421875,881.908263976724,817.3772484554518,878.2330727930109,2951944,
2022-06-16,835.2760620117188,862.9594972098214,828.0211160930821,854.3680862862724,1303796,
2022-06-17,830.5508422851562,846.5881323346916,819.0479083717113,831.1236380187847,679590,
2022-06-20,831.218994140625,838.4739399483037,819.0478288517442,838.4739399483037,642289,
2022-06-21,845.5380859375,850.5020242591312,836.8989559840994,840.1445653859148,497499,
2022-06-22,853.4135131835938,855.8000162965233,837.2330104250844,845.5380529109264,485450,
2022-06-23,861.5753784179688,865.4892786463478,850.3110949039718,853.4135490812807,312336,
2022-06-24,879.760498046875,883.9607668972219,863.96185884427,866.1097116796034,247987,
2022-06-27,887.2064208984375,901.0481389585782,878.328582703648,897.3728892047577,207964,
2022-06-28,883.8175659179688,890.6429883303758,868.4485087176414,880.3810246384663,328037,
2022-06-29,882.672119140625,893.9841212884995,870.6918261627936,878.2331997708698,202250,
2022-06-30,872.7442016601562,886.6336383356165,863.9618584182758,882.6720780664971,556271,
2022-07-01,892.2180786132812,894.84323204194,867.6370965085679,875.7989255157323,283046,
2022-07-04,904.5323486328124,909.5917233020746,883.0061033868764,895.3204820803433,225772,
2022-07-05,906.4415893554688,921.1901900616342,897.5638095393281,906.8711715632668,521843,
2022-07-06,920.1878662109376,923.0993883061088,901.3822103495792,905.9165661866568,174617,
2022-07-07,933.5045776367188,938.27758384559,920.2355970703626,923.0994007956853,337993,
2022-07-08,930.306640625,942.191437892602,922.1448115544616,936.2251800538698,265431,
2022-07-11,953.7898559570312,962.3812671504076,916.4171939601496,929.7816113720684,524618,
2022-07-12,948.4917602539062,959.3742375980256,945.1506559438634,952.59659216049,276566,
2022-07-13,938.7548828125,966.3905421017844,935.891079092223,945.0552276914152,188534,
2022-07-14,921.33349609375,954.2194652701086,916.60820786182,935.5093025252992,386482,
2022-07-15,938.94580078125,943.3370016515458,921.190240182902,921.190240182902,287638,
2022-07-18,965.9609985351562,981.9505689819332,942.6687054443069,944.1006072753614,827545,
2022-07-19,949.9714965820312,973.69331532117,944.1006753457228,967.9657075839868,524687,
2022-07-20,934.4591674804688,964.147242431834,928.779278508345,964.147242431834,768426,
2022-07-21,1028.200927734375,1045.2883124954735,949.8281926328734,961.2834070163856,6074127,
2022-07-22,1008.2022094726562,1042.6155172115052,998.417545922771,1030.9694276952296,1721722,
2022-07-25,1007.62939453125,1032.878550944332,999.181080258696,1007.00888041399,805146,
2022-07-26,994.0740356445312,1028.8693227784386,987.2009529291432,1011.7819362853332,774056,
2022-07-27,988.2509155273438,999.5152565634818,975.6024493300608,996.6036762236628,487963,
2022-07-28,987.1055297851562,1002.2835973693572,978.4663413307948,997.4629306779374,593927,
2022-07-29,998.41748046875,1005.7202034085374,986.1031009173304,997.4628792093916,529253,
2022-08-01,1001.567626953125,1013.261492756752,990.9239157913815,1007.1043610470496,481067,
2022-08-02,1010.7794799804688,1023.2847326751988,998.3696641021857,1004.3836984084336,799758,
2022-08-03,1024.6212158203125,1031.9239385989783,1005.481530909542,1015.6957175479306,885938,
2022-08-04,1003.333740234375,1035.3605438447614,984.003063962204,1031.3989251548924,614855,
2022-08-05,1051.35009765625,1057.698219481396,1003.2859464575336,1004.2405477386538,1145421,
2022-08-08,1042.13818359375,1053.6889524467258,1032.974034498631,1044.8111138220454,461999,
2022-08-10,1034.4058837890625,1049.1067662395144,1026.2917732221508,1035.1696113949845,371267,
2022-08-11,1044.333740234375,1057.1730801002743,1037.842405292463,1043.95187643865,407034,
2022-08-12,1044.7156982421875,1067.5783530331428,1032.8786186780735,1045.288435723189,451379,
2022-08-16,1034.4058837890625,1051.9705699690126,1025.7190357819456,1049.1067662395144,398305,
2022-08-17,1027.0076904296875,1045.8134042196011,1026.196302705335,1043.9996386114517,270470,
2022-08-18,1037.0787353515625,1040.515276261044,1021.757339947526,1029.107838880393,238323,
2022-08-19,1073.9263916015625,1089.009137757222,1035.7423421223957,1041.5653863622745,3194343,
2022-08-22,1082.4700927734375,1113.1605477394553,1069.153451308266,1078.4608139424229,2654954,
2022-08-23,1098.9368896484375,1103.5667988379096,1064.0462846000084,1078.6993901785988,959418,
2022-08-24,1115.83349609375,1121.6087641100758,1094.9754807473637,1097.505080999546,1029471,
2022-08-25,1104.807861328125,1129.9139237220136,1099.414340335314,1121.6565986475491,683918,
2022-08-26,1115.02197265625,1124.186120824407,1106.1919116007173,1116.2152241502408,457550,
2022-08-29,1111.7763671875,1127.336297618395,1083.663290506737,1091.5387508055603,612350,
2022-08-30,1147.66943359375,1152.2037898504109,1118.8881805747233,1122.5633723402152,808362,
2022-09-01,1199.981689453125,1212.77325448902,1129.436625452146,1140.748628293121,1477986,
2022-09-02,1188.955810546875,1212.2003267729488,1181.796301450848,1211.9616764697478,769056,
2022-09-05,1207.09326171875,1226.0420729287673,1189.0036149259704,1193.156106992737,790938,
2022-09-06,1190.721923828125,1218.8826625465665,1186.4739945989388,1210.43446423673,436448,
2022-09-07,1193.203857421875,1203.561374828635,1174.1596079530527,1183.7056210258418,322553,
2022-09-08,1193.4423828125,1206.5681494135067,1170.6275071797063,1198.4063790077796,480532,
2022-09-09,1192.86962890625,1202.7975046311208,1181.7962783597836,1199.408623780496,365671,
2022-09-12,1197.404052734375,1213.3936236465377,1185.280663489975,1197.2608392414074,306515,
2022-09-13,1179.9349365234375,1219.980412853523,1154.972090216084,1207.5228197728543,1222950,
2022-09-14,1174.5413818359375,1193.2515427200944,1159.8404995239318,1164.7089425125355,399358,
2022-09-15,1182.894287109375,1195.1608911610415,1175.114262794922,1180.746434070148,318500,
2022-09-16,1148.862548828125,1188.6693724170975,1143.1349416050516,1182.8941050509125,523995,
2022-09-19,1139.125732421875,1157.3585932182334,1125.6657614064802,1150.2945205745702,427947,
2022-09-20,1164.231689453125,1171.2957621802825,1132.4911971202037,1147.4307303510182,480440,
2022-09-21,1153.9696044921875,1184.4691818817744,1151.2012377852343,1164.852081168353,390072,
2022-09-22,1153.7310791015625,1170.3411646130216,1148.6717622548235,1153.9220692738868,582217,
2022-09-23,1115.78564453125,1167.2864517369533,1104.6645166952048,1167.2864517369533,519723,
2022-09-26,1079.463134765625,1107.3374445161955,1046.2907414924027,1107.3374445161955,656237,
2022-09-27,1065.478271484375,1102.182645105452,1055.5026179150295,1100.1302289909183,315509,
2022-09-28,1077.9833984375,1096.8367720209762,1053.8319416153818,1061.707401466707,523890,
2022-09-29,1070.9671630859375,1096.3117562949485,1058.7005603588518,1083.6632897630934,389319,
2022-09-30,1098.5552978515625,1119.6996248711866,1062.5667564609264,1064.4759591916184,520598,
2022-10-03,1107.38525390625,1125.0453774655405,1091.4433427221295,1106.0010121426255,367199,
2022-10-04,1135.6890869140625,1140.6530834465402,1117.9335265570078,1126.1908508671538,313405,
2022-10-06,1128.4818115234375,1153.253665605069,1119.7471873953511,1145.5214193302825,298283,
2022-10-07,1162.6090087890625,1167.4774523738863,1127.145545290651,1134.4482689321292,685248,
2022-10-10,1164.040771484375,1179.6484784006927,1141.655302563856,1154.4469824429425,588542,
2022-10-11,1123.1361083984375,1176.259572898198,1120.2245280753923,1175.1140980492614,316866,
2022-10-12,1129.5318603515625,1133.827565715249,1110.6784868109385,1129.0067830846144,189725,
2022-10-13,1112.635498046875,1134.257122446693,1085.4770234338648,1129.29324271647,382393,
2022-10-14,1110.869384765625,1138.6483732819213,1106.4305823487132,1123.5656275077283,330303,
2022-10-17,1141.5599365234375,1149.3399603915846,1111.2036852275244,1112.110509847339,441261,
2022-10-18,1181.9871826171875,1191.342321173689,1142.562222194146,1150.1990319452595,1678706,
2022-10-19,1155.68798828125,1191.3423204803155,1142.3235712245798,1182.7509095153134,645352,
2022-10-20,1154.3515625,1168.4319309489354,1131.2024821686996,1153.1583109365308,411816,
2022-10-21,1156.499267578125,1170.340983946167,1150.294360240727,1157.883392603546,211677,
2022-10-24,1170.3411865234375,1174.1595916996966,1147.8602794368203,1168.431983935308,113871,
2022-10-25,1177.6915283203125,1186.569366653243,1153.2060992143263,1173.157172333504,298589,
2022-10-27,1169.7205810546875,1191.3423219829076,1159.506394617023,1178.0733417256413,308157,
2022-10-28,1182.6553955078125,1185.4237621659836,1164.6134103532058,1175.1140230695053,305974,
2022-10-31,1201.7952880859375,1210.1480496559773,1183.7056396399296,1188.478646251381,768875,
2022-11-01,1211.8663330078125,1217.116640082679,1198.597351822,1206.5205891100074,296553,
2022-11-02,1212.2003173828125,1229.3354789369828,1204.706721226046,1216.161935690953,492017,
2022-11-03,1212.2957763671875,1221.6031382901303,1176.0687065708137,1176.0687065708137,308442,
2022-11-04,1235.3018798828125,1239.072508470541,1210.19581865449,1212.2958949388103,439193,
2022-11-07,1243.3681640625,1249.5730723668426,1233.3448506477928,1240.981660868522,417444,
2022-11-09,1261.9351806640625,1281.5522845926844,1246.4706857407057,1253.1528950458446,1023689,
2022-11-10,1254.4892578125,1265.2285218905745,1245.754633056638,1260.6941659464983,389144,
2022-11-11,1254.202880859375,1286.3252375556058,1246.9957110409923,1267.7105124110162,622358,
2022-11-14,1260.83740234375,1264.8466810610062,1228.5718328494452,1254.8711444142168,334116,
2022-11-15,1272.7698974609375,1275.2994975590552,1250.57541832477,1254.4892601570662,321614,
2022-11-16,1247.4730224609375,1277.2565363381486,1238.5474071045508,1267.7105233610323,323056,
2022-11-17,1244.609130859375,1249.573010646276,1229.526384807031,1244.800004494075,181492,
2022-11-18,1233.869873046875,1261.791959173708,1221.8895809349135,1252.675470767063,313416,
2022-11-21,1230.7196044921875,1239.4542288303444,1198.024513195808,1198.024513195808,189200,
2022-11-22,1232.2947998046875,1244.3227524722572,1226.567192198371,1228.0945309210272,141938,
2022-11-23,1234.5380859375,1247.6638533309974,1226.6626255014016,1232.2947962704882,175703,
2022-11-24,1229.0491943359375,1241.984088778982,1220.457782492036,1234.5381519028747,177117,
2022-11-25,1237.306396484375,1244.513565789219,1222.6532910408555,1230.4809744453344,268507,
2022-11-28,1249.954833984375,1264.3215121203837,1231.7696345217366,1233.4879632922969,545982,
2022-11-29,1216.3529052734375,1259.5009530787624,1213.2982277865458,1254.3460828572156,525462,
2022-11-30,1241.17236328125,1255.3005068518796,1194.2060335146018,1222.4622041274008,654220,
2022-12-01,1238.97705078125,1255.3007097082625,1231.435677204303,1246.2319973567578,234094,
2022-12-02,1261.5533447265625,1279.070254582998,1231.4356282914553,1234.2994320781795,847039,
2022-12-05,1263.0328369140625,1292.9595615245426,1258.5462578410472,1271.4333741685862,849892,
2022-12-06,1234.1085205078125,1273.29483120138,1228.7626603807814,1260.455491230229,386340,
2022-12-07,1210.673095703125,1237.1632817120048,1205.4705652425023,1236.2086804143876,347239,
2022-12-08,1227.760498046875,1229.9560111425806,1212.8687409179695,1217.1166701356788,241863,
2022-12-09,1211.0548095703125,1238.6428069610938,1199.8382457121882,1231.435521445126,202907,
2022-12-12,1219.2645263671875,1223.1783684426662,1200.0770632920023,1202.797653726879,150634,
2022-12-13,1305.369384765625,1324.031885129194,1221.889555130042,1223.7987575599327,3437569,
2022-12-14,1297.8282470703125,1317.3020204132029,1289.3322721746902,1307.803784067317,954600,
2022-12-15,1253.15283203125,1304.6535245461864,1245.0864978156255,1297.7804419321917,769451,
2022-12-16,1243.845458984375,1258.8804290373328,1221.985066522316,1253.1528213981107,650205,
2022-12-19,1254.2506103515625,1262.937458453218,1226.6626108181297,1244.8000346356737,713601,
2022-12-20,1243.7021484375,1254.155101480487,1227.9990053300585,1253.39137391013,458677,
2022-12-21,1213.2503662109375,1255.4438097829593,1204.7067319578064,1245.7068074839688,599398,
2022-12-22,1208.095703125,1239.0724682190862,1193.3948200268746,1227.6172527964136,608629,
2022-12-23,1154.92431640625,1205.0886594608871,1132.3479731979328,1200.9361672665227,937987,
2022-12-26,1187.810302734375,1194.1106472583144,1152.4422821702792,1155.067435432626,424039,
2022-12-27,1213.2503662109375,1226.6625598777982,1190.8650143560726,1193.251517390854,804491,
2022-12-28,1197.451904296875,1217.0212311147316,1193.2516352351513,1214.25286401529,484479,
2022-12-29,1202.415771484375,1214.9688018569884,1184.8034241501673,1197.4518913468714,328518,
2022-12-30,1216.5914306640625,1226.6625197527962,1206.711331728945,1208.4296604691674,250586,
2023-01-02,1257.73486328125,1271.4810273997884,1227.7603621618616,1248.618375169201,1682597,
2023-01-03,1275.442626953125,1289.6662079931616,1255.3005651450833,1255.3005651450833,1068908,
2023-01-04,1273.0084228515625,1286.2772857457278,1263.5100713975428,1281.981580528015,605578,
2023-01-05,1266.3739013671875,1278.9269301827917,1258.1643545295162,1278.9269301827917,421447,
2023-01-06,1266.3739013671875,1282.9839851955007,1259.023518896724,1266.3739013671875,495657,
2023-01-09,1286.89794921875,1291.575518749035,1267.3286231770978,1280.311177147816,502449,
2023-01-10,1298.4010009765625,1311.6222058741832,1281.5522644731377,1286.8503483789998,966180,
2023-01-11,1352.9085693359375,1358.0634391926378,1300.1668523094352,1305.7035859570888,1762623,
2023-01-12,1333.29150390625,1365.6525092141983,1326.8957222163085,1365.0797717764897,1153415,
2023-01-13,1314.1995849609375,1336.155415226183,1308.7584040718125,1326.8480523963508,520001,
2023-01-16,1305.130859375,1326.895815770249,1301.6943179779817,1312.5767961756062,250009,
2023-01-17,1334.198486328125,1339.3055798093008,1302.123907009734,1307.851514621178,724473,
2023-01-18,1325.08203125,1341.2148164042592,1323.1251685168172,1338.8283131722233,397384,
2023-01-19,1308.8538818359375,1321.1682625016572,1298.6873541981288,1316.3952557729665,378360,
2023-01-20,1284.893310546875,1312.5289707262218,1278.2111016510146,1305.8945385052934,335914,
2023-01-23,1320.8817138671875,1324.7478955728448,1284.129565440198,1291.57550186277,520873,
2023-01-24,1264.4647216796875,1307.2785620404552,1256.493824993966,1307.2785620404552,1282825,
2023-01-25,1226.4239501953125,1263.8442724087192,1217.4506751816314,1259.7395569700216,536238,
2023-01-27,1198.406494140625,1237.783797726686,1167.7638157466224,1235.6836049516753,433530,
2023-01-30,1177.6915283203125,1214.6823271600658,1167.5727782659717,1198.4541057335937,419670,
2023-01-31,1177.1666259765625,1196.3540889569506,1160.365666265588,1182.7987969980743,667441,
2023-02-01,1147.8602294921875,1195.6858454666724,1124.6157122987993,1191.3423631562755,700831,
2023-02-02,1158.695068359375,1183.8010118480995,1136.930112787815,1147.860250720019,447078,
2023-02-03,1170.8184814453125,1177.8825542925451,1142.6577434081037,1170.9139182685567,307741,
2023-02-06,1200.9361572265625,1208.0001133011503,1170.818440975724,1170.961654469879,449222,
2023-02-07,1177.5484619140625,1209.14574114699,1174.159580740372,1208.525227005944,416429,
2023-02-08,1188.192138671875,1192.774271319546,1172.8230817308754,1179.8393776682367,198248,
2023-02-09,1178.4552001953125,1193.2515190313006,1176.593774437011,1183.7055068790503,121016,
2023-02-10,1177.2142333984375,1191.1515050903574,1170.4365877225644,1174.1595559617967,170808,
2023-02-13,1166.42724609375,1189.433112033651,1163.8497529001916,1176.0686950445088,159507,
2023-02-14,1181.700927734375,1188.0012727696037,1158.265420097277,1167.0000449665251,186711,
2023-02-15,1188.9080810546875,1192.2491854320865,1176.5938181436247,1180.8417470977854,131612,
2023-02-16,1197.5950927734375,1204.7068257594378,1183.8488109170796,1189.4332051475908,245136,
2023-02-17,1183.9442138671875,1197.069981204961,1179.457634552211,1188.5263465310363,141916,
2023-02-20,1182.03515625,1200.888533464567,1174.1596948818897,1183.9443590059054,236553,
2023-02-21,1174.589111328125,1195.4472427491098,1172.250384777704,1179.9349717779066,149283,
2023-02-22,1165.138671875,1172.298181677529,1156.2608331084718,1172.298181677529,183558,
2023-02-23,1150.723876953125,1171.295577762372,1146.5713853743289,1163.6109921118796,167369,
2023-02-24,1147.9556884765625,1160.7950276562765,1146.0941462700684,1156.7857493366123,122675,
2023-02-27,1130.2000732421875,1146.4760707328385,1122.754253607466,1146.4760707328385,207103,
2023-02-28,1153.683349609375,1159.792704187011,1130.2478430760968,1134.0184712790258,468191,
2023-03-01,1151.392333984375,1161.6065208632326,1147.621589087246,1153.1583230111062,148166,
2023-03-02,1146.8101806640625,1156.9767072138388,1139.793884829475,1154.1606801566793,257579,
2023-03-03,1143.9940185546875,1158.1220453746662,1141.702952534879,1148.576034065846,279571,
2023-03-06,1156.45166015625,1169.0524668180071,1150.2945285855844,1150.2945285855844,173575,
2023-03-08,1159.0767822265625,1168.288707523927,1142.657687464197,1155.019726945257,185432,
2023-03-09,1159.93603515625,1180.6986137683375,1154.876718101198,1164.8522552367624,395605,
2023-03-10,1147.335205078125,1156.0220526885887,1140.1279194099268,1156.0220526885887,135642,
2023-03-13,1123.6611328125,1150.9150457115245,1116.8834870939495,1146.4761264955844,195613,
2023-03-14,1123.517822265625,1130.4864575535073,1111.6808607502394,1123.7088124204165,177237,
2023-03-15,1123.8043212890625,1141.1303572780414,1118.1244904643336,1133.111683474298,132934,
2023-03-16,1123.756591796875,1132.6822070797296,1104.282818706772,1129.2933258893806,189152,
2023-03-17,1131.5367431640625,1135.9278862866438,1121.1793413074065,1129.675317050427,132628,
2023-03-20,1127.336181640625,1130.7250623349887,1115.928744507895,1126.7634442562362,242565,
2023-03-21,1158.7425537109375,1166.3793627203977,1127.3361533538416,1127.3361533538416,365958,
2023-03-22,1148.576171875,1164.3748690980492,1146.4760957464705,1160.7951144277336,97072,
2023-03-23,1166.42724609375,1170.7229515545455,1140.9393237759475,1147.5738721269245,277072,
2023-03-24,1167.6683349609375,1176.975698205158,1155.163080471836,1168.4320626590372,423363,
2023-03-27,1163.4681396484375,1174.0641910331835,1156.0222027140312,1170.4844360701964,217959,
2023-03-28,1160.0792236328125,1168.1933346395017,1155.8789546295366,1160.3178739565385,165820,
2023-03-29,1173.34814453125,1177.9779372674902,1155.0675073692569,1155.0675073692569,192892,
2023-03-31,1188.955810546875,1195.1607184300983,1173.2048905356155,1174.1594917484192,220070,
2023-04-03,1190.912841796875,1197.0699732777034,1180.078024334302,1189.862687194028,101136,
2023-04-05,1213.2503662109375,1218.930313350799,1183.800942067425,1187.7147837387731,204188,
2023-04-06,1202.6544189453125,1224.658025420089,1197.022247995627,1211.3890441056708,158636,
2023-04-10,1207.4273681640625,1212.29581123501,1193.8720770208795,1193.8720770208795,125483,
2023-04-11,1220.4576416015625,1228.4763150358858,1207.7613989531783,1212.343531352354,234883,
2023-04-12,1205.4227294921875,1220.93499981826,1200.983810370109,1220.2190488801336,131535,
2023-04-13,1208.572998046875,1217.4984967157634,1202.7021768648492,1203.7522149679282,130255,
2023-04-17,1187.7625732421875,1208.5729265416844,1176.784659163598,1208.5729265416844,205706,
2023-04-18,1157.6448974609375,1188.0967008572625,1124.52028046277,1187.7626137230914,1003086,
2023-04-19,1139.0780029296875,1166.331916696866,1132.15714349433,1159.1724069361514,672020,
2023-04-20,1176.355224609375,1191.676505505294,1118.7927198033244,1125.474928880648,2706008,
2023-04-21,1184.5645751953125,1188.4784165545796,1146.0941027307967,1173.9685258714817,809633,
2023-04-24,1197.165283203125,1205.0407427188716,1174.2071953803588,1187.5238348592366,546831,
2023-04-25,1180.125732421875,1200.888308502907,1177.2141521531482,1197.9767282341802,384412,
2023-04-26,1187.90576171875,1190.3877015437813,1164.995332819752,1175.352732578814,284299,
2023-04-27,1192.5833740234375,1200.8883581880714,1183.7055358928526,1185.614738370099,324668,
2023-04-28,1211.8663330078125,1219.980443941697,1198.1678278545382,1201.8430195012493,387631,
2023-05-02,1199.8861083984375,1213.6801676865389,1193.5857628564754,1211.3891011635114,246846,
2023-05-03,1182.0828857421875,1197.1178568447556,1178.9326547093035,1193.3471116352753,258337,
2023-05-04,1178.7894287109375,1192.5357111647406,1174.159635567445,1183.7056488647415,197613,
2023-05-05,1175.9254150390625,1185.4237664932832,1169.3864204020983,1178.7892185175983,147489,
2023-05-08,1172.4412841796875,1187.4762548358997,1170.436644731222,1177.9780183978116,445652,
2023-05-09,1240.6951904296875,1245.659186816428,1173.1094922598984,1176.0687328111148,1740003,
2023-05-10,1218.5963134765625,1250.5276797566685,1215.2074323131594,1250.5276797566685,571544,
2023-05-11,1219.4075927734375,1237.2585885520984,1212.3435206075114,1219.9803301861414,520448,
2023-05-12,1197.1177978515625,1227.9991263680586,1193.585703151103,1219.4077147328276,200541,
2023-05-15,1197.785888671875,1215.255137724144,1191.9628444972757,1197.1177144248686,466435,
2023-05-16,1189.09912109375,1202.7976263099174,1183.8010373188508,1202.7976263099174,313277,
2023-05-17,1179.45751953125,1195.1606621307683,1171.2956329348665,1188.9079778700568,285053,
2023-05-18,1165.7589111328125,1188.0489418460252,1161.7496327994506,1180.8894330161188,180190,
2023-05-19,1177.2142333984375,1188.7650019278333,1155.8312582850026,1173.2049546967871,690996,
2023-05-22,1170.7230224609375,1183.944226763119,1167.4773548327312,1179.8393946850235,502433,
2023-05-23,1185.8533935546875,1188.0966831689798,1166.5227183930997,1169.3865221207425,374799,
2023-05-24,1202.5589599609375,1204.7068128364383,1179.1234519746386,1185.7102240985362,506662,
2023-05-25,1203.5135498046875,1213.3459894860664,1188.62179331506,1212.3436115422987,430034,
2023-05-26,1212.8209228515625,1217.8325795575606,1200.697533240824,1208.525217103564,268601,
2023-05-29,1220.218994140625,1226.6625522947022,1210.6252053887229,1213.3459120543298,195053,
2023-05-30,1216.8302001953125,1228.5718425042965,1207.5706144273,1219.0258297420253,242783,
2023-05-31,1239.31103515625,1241.9361885139851,1210.434348221163,1210.434348221163,399837,
2023-06-01,1273.4381103515625,1285.6092766986258,1239.311114515679,1239.311114515679,716301,
2023-06-02,1305.27392578125,1310.6674458597822,1265.8966263335326,1269.6195943142827,779360,
2023-06-05,1320.2135009765625,1327.8503108159064,1298.257672688449,1307.7559083147448,439351,
2023-06-06,1343.7921142578125,1356.4883573169957,1309.569683228662,1320.2135103232968,680260,
2023-06-07,1380.5919189453125,1386.0808755807043,1340.2600201896066,1341.214621343588,1101503,
2023-06-08,1350.044677734375,1427.080944004846,1339.018987829491,1406.5570192593702,2801595,
2023-06-09,1403.0252685546875,1407.989148731174,1346.751568215034,1360.5455104661123,1464086,
2023-06-12,1411.42578125,1419.8739793446978,1381.4035008196508,1408.9915013537498,643162,
2023-06-13,1525.8345947265625,1541.77638829456,1409.039160191075,1411.4256632119414,4728989,
2023-06-14,1565.3551025390625,1598.0024171380223,1527.4097046410718,1536.9079400192447,4588929,
2023-06-15,1555.2840576171875,1575.0920331860425,1536.9079838966836,1560.7730147025327,1165402,
2023-06-16,1554.520263671875,1584.972064986126,1551.2269361726178,1557.9091445130537,709583,
2023-06-19,1518.8184814453125,1589.411202663949,1507.3154888927183,1560.7731629763105,1151061,
2023-06-20,1539.533203125,1550.081593803686,1517.6728106662663,1526.4074356204464,574501,
2023-06-21,1540.296875,1556.0000187620071,1514.3316513956,1547.4086076154686,588578,
2023-06-22,1505.9788818359375,1549.8428784082291,1499.6785370039954,1540.2968660784777,525643,
2023-06-23,1489.9893798828125,1517.5296034182545,1484.9300630318558,1508.6995416061045,560598,
2023-06-26,1518.340576171875,1528.742488633969,1479.5873573799918,1497.3915846595703,699266,
2023-06-27,1515.09912109375,1530.677776157748,1499.8106810974384,1517.4213141058449,338264,
2023-06-28,1531.5003662109375,1540.4508501076054,1509.874085500359,1522.0660723739093,382823,
2023-06-30,1543.014892578125,1557.6743557430348,1463.4764764731162,1536.580197472735,1373498,
2023-07-03,1538.708984375,1561.4480500542345,1530.0488342676297,1553.900686358953,464828,
2023-07-04,1493.47265625,1544.0792164342415,1488.1991758582883,1538.7088795733907,336244,
2023-07-05,1488.5863037109375,1504.6487685490893,1481.038822126461,1499.8106696148477,445126,
2023-07-06,1486.699462890625,1505.3261448979474,1480.8937438234077,1489.2153689805448,449559,
2023-07-07,1499.5203857421875,1517.421352387539,1475.668651706153,1494.585548290513,1171045,
2023-07-10,1482.6839599609375,1507.3098381714003,1477.4587890890502,1507.3098381714003,476885,
2023-07-11,1585.3482666015625,1595.9436559149335,1496.5691520427035,1499.8106546728216,5049950,
2023-07-12,1557.04541015625,1606.2004246635688,1553.0297644004695,1597.5402747820406,979346,
2023-07-13,1533.096923828125,1565.2218558077673,1513.405883377456,1559.803208236433,1228718,
2023-07-14,1570.88232421875,1583.9936198155362,1533.6773899863315,1547.2240672480405,1311066,
2023-07-17,1550.6591796875,1577.2202963264267,1544.7082942097315,1577.2202963264267,636293,
2023-07-18,1549.981689453125,1588.8316464537045,1541.9505163130152,1552.0136673262784,939349,
2023-07-19,1565.9959716796875,1579.4459110706314,1555.4973200459217,1559.80318108411,759183,
2023-07-20,1552.3524169921875,1594.5406145996549,1533.967641685102,1549.1592245602144,2075648,
2023-07-21,1538.9024658203125,1555.932549706003,1520.759595604524,1547.2239720024252,920836,
2023-07-24,1571.0274658203125,1578.3330424744315,1515.776399491118,1536.5802249549286,849258,
2023-07-25,1559.1258544921875,1584.7193513409704,1550.07851473167,1578.4298225461505,379687,
2023-07-26,1613.554443359375,1639.1479398004622,1561.738355866556,1561.738355866556,2952404,
2023-07-27,1671.563232421875,1679.788000859262,1597.5403164853924,1621.0050970273494,1838056,
2023-07-28,1714.47705078125,1722.1696987557227,1668.1764688172473,1676.8850466707015,1803161,
2023-07-31,1737.9903564453125,1745.1023384706643,1698.1727773862024,1722.314844552694,861930,
2023-08-01,1705.6717529296875,1762.5194145292446,1688.5932403319932,1741.667161197582,872077,
2023-08-02,1656.758544921875,1730.104171707777,1645.1955357640643,1697.4470040371182,1812059,
2023-08-03,1632.1326904296875,1681.67477672346,1621.6823493888578,1657.4359717112798,1159578,
2023-08-04,1631.6973876953125,1654.5815024768804,1628.2138617681007,1644.9537322908288,517698,
2023-08-07,1642.0023193359375,1656.5650441027078,1628.5040708089118,1638.4706016741122,1115156,
2023-08-08,1629.181396484375,1650.7593650922545,1623.3273676135773,1650.7593650922545,762634,
2023-08-09,1636.0999755859375,1658.8390417251117,1628.504183499149,1629.9071850138653,767439,
2023-08-10,1618.8763427734375,1648.049985053544,1601.072114949384,1638.373787118477,487096,
2023-08-11,1625.93994140625,1668.1765701855816,1617.2797912616868,1619.9407457674934,1199599,
2023-08-14,1650.4207763671875,1659.4195698594572,1599.2820922942376,1629.1331402399865,944413,
2023-08-16,1647.372802734375,1667.6928196844026,1629.4718354212555,1652.743140175374,909587,
2023-08-17,1641.421875,1666.1929190245146,1638.0352055949936,1653.7590278325226,704525,
2023-08-18,1639.1962890625,1648.8240583533618,1622.6983250343826,1645.2439125159674,566394,
2023-08-21,1648.82421875,1664.2093979358112,1637.2127805897887,1645.921359209947,993633,
2023-08-22,1724.443603515625,1729.136535795065,1650.7593341166091,1655.1136230987454,1977963,
2023-08-23,1759.3262939453125,1772.5827562328743,1712.735494517747,1728.9914364796446,2097639,
2023-08-24,1770.453857421875,1797.7891161019304,1742.9251220336218,1769.4379275273648,1437663,
2023-08-25,1758.406982421875,1788.161289594511,1745.973092316351,1764.019224192552,963518,
2023-08-28,1739.53857421875,1763.003355431268,1732.0879486684355,1761.4551873046953,800777,
2023-08-29,1730.2010498046875,1746.5538490788747,1723.9599489483944,1739.780510051976,522338,
2023-08-30,1745.9732666015625,1762.8098754766,1730.2010159292383,1732.813660373342,930634,
2023-08-31,1731.1685791015625,1755.8428842658857,1715.6383520157865,1748.4889973306374,3906307,
2023-09-01,1792.4189453125,1820.092848033336,1736.1518301880983,1736.2002584252716,1682163,
2023-09-04,1821.9312744140625,1826.7209449913244,1771.9536900579765,1795.5152076510542,1309335,
2023-09-05,1805.578369140625,1830.7364814652,1802.4336051000528,1828.7528138233213,830866,
2023-09-06,1815.2547607421875,1828.8014380611592,1791.0642655297383,1817.0932620018643,707828,
2023-09-07,1828.60791015625,1846.218542930858,1803.6917007849347,1819.07676081524,842678,
2023-09-08,1824.2052001953125,1842.686714470592,1810.948856384064,1835.5747326723288,661621,
2023-09-11,1870.1671142578125,1893.9705370245256,1844.3317135935104,1861.9907744318004,1558699,
2023-09-12,1790.8707275390625,1889.567944628853,1782.2588879145608,1885.7942038813017,1056762,
2023-09-13,1849.8955078125,1856.3300847342,1777.952884030256,1796.8698976200567,1063082,
2023-09-14,1862.184326171875,1869.2479980388653,1841.4289284740744,1857.781608784995,894007,
2023-09-15,1865.2806396484373,1878.8273168370752,1854.927155044182,1877.182410425516,615683,
2023-09-18,1836.6876220703125,1871.2800313343184,1830.3496648741805,1871.2800313343184,355992,
2023-09-20,1824.640625,1850.089073201665,1818.1576195323896,1824.011766618817,466556,
2023-09-21,1813.9483642578125,1847.81505506527,1809.9327187242568,1816.6093185355408,624059,
2023-09-22,1815.2547607421875,1847.6700243268688,1805.7720393718464,1821.0120513556888,1007396,
2023-09-25,1796.5313720703125,1825.076156913541,1792.515726172226,1819.1252713650656,699248,
2023-09-26,1815.49658203125,1837.509931660144,1797.8375213399402,1798.8051411038475,633338,
2023-09-27,1814.9161376953125,1832.6719377559536,1809.0619905414808,1826.769480481749,668492,
2023-09-28,1828.994873046875,1856.8623701428744,1815.9320059301847,1817.6253405564223,921883,
2023-09-29,1870.1671142578125,1876.2147378325687,1827.737010880848,1838.4291384904293,462039,
2023-10-03,1840.1708984375,1870.3605880282216,1833.397560044408,1870.1671113211928,731565,
2023-10-04,1803.594970703125,1836.3489970932856,1794.9348202996855,1833.688042507936,1085861,
2023-10-05,1790.3868408203125,1827.8336772738903,1786.226028717629,1812.4001897657763,370323,
2023-10-06,1778.291748046875,1804.1271499299448,1762.0356878640007,1804.1271499299448,991191,
2023-10-09,1748.7308349609375,1775.7757603724249,1740.747971832744,1775.727450254358,775466,
2023-10-10,1770.5989990234375,1782.7909844090357,1749.3597924807862,1749.3597924807862,721590,
2023-10-11,1774.0343017578125,1789.5645298749196,1765.906271187445,1779.9367593694824,600920,
2023-10-12,1757.0040283203125,1785.210050165155,1752.1659294628578,1785.210050165155,598411,
2023-10-13,1750.5693359375,1773.8405206074417,1744.1346408235534,1756.2298879859914,345109,
2023-10-16,1738.7642822265625,1761.0679649639617,1733.152158483529,1756.1814379240082,410841,
2023-10-17,1729.7171630859375,1751.82725230438,1725.4113021427677,1746.3118665886734,520373,
2023-10-18,1728.2657470703125,1751.3918845282217,1714.960974466852,1739.6837082607074,535166,
2023-10-19,1719.4119873046875,1730.0074951759502,1701.4142823243394,1730.0074951759502,485800,
2023-10-20,1654.8717041015625,1698.1242603764097,1638.954406204654,1683.658392127887,1602892,
2023-10-23,1562.8511962890625,1638.1803766354485,1550.8042585022783,1638.1803766354485,1479531,
2023-10-25,1533.3870849609375,1562.7060128200408,1508.7127794953578,1559.803153353502,1740515,
2023-10-26,1508.7611083984375,1520.7596170270272,1493.4243588501756,1516.2601615266003,1002839,
2023-10-27,1555.8841552734375,1561.9802070454375,1514.6152667534695,1521.0982719376973,2036119,
2023-10-30,1594.34716796875,1603.2009131552022,1549.159368550413,1564.4961194375155,919616,
2023-10-31,1609.3935546875,1624.24649427723,1583.0259164098902,1603.9264794577875,1467544,
2023-11-01,1617.521728515625,1632.374669430181,1601.4592628015505,1610.3128898399011,463534,
2023-11-02,1659.32275390625,1661.4031600540177,1623.907893628803,1630.3908988991354,896355,
2023-11-03,1648.43701171875,1667.2572870606975,1639.1963138129126,1659.419472452543,434636,
2023-11-06,1681.52978515625,1688.1095291192296,1650.56595064532,1657.484337924732,737712,
2023-11-07,1653.6622314453125,1680.5136807856327,1649.8401804979849,1680.5136807856327,627049,
2023-11-08,1660.8709716796875,1679.44934285812,1652.694631551683,1659.2744934911043,264051,
2023-11-09,1651.8721923828125,1669.5795641436794,1647.2759982571606,1661.306485588098,277248,
2023-11-10,1653.3719482421875,1662.2256932672087,1636.2451245814482,1651.4367085915885,244826,
2023-11-13,1651.82373046875,1659.5646888383465,1624.3433046331522,1652.7430401457302,315877,
2023-11-15,1629.7620849609375,1677.852742026873,1627.1011304969386,1655.839391461065,986584,
2023-11-16,1651.388427734375,1659.0326481132315,1633.8745322096297,1634.3583421308529,523556,
2023-11-17,1650.5174560546875,1666.0478009243052,1645.921262054242,1652.6946005812142,737076,
2023-11-20,1667.1605224609375,1672.9179312634271,1637.2127362639278,1658.161729001001,900511,
2023-11-21,1652.0174560546875,1677.852859411011,1649.6951447364688,1673.9823799198666,660536,
2023-11-22,1650.0338134765625,1673.353429146263,1637.2128499647229,1654.533269577835,862890,
2023-11-23,1661.9354248046875,1665.031760899122,1648.630652634202,1662.3708064650248,632911,
2023-11-24,1667.9345703125,1712.0096978657136,1659.5646357197447,1667.1604272532584,2258443,
2023-11-28,1628.9879150390625,1672.0469956563709,1625.891578960833,1672.0469956563709,1494681,
2023-11-29,1657.7261962890625,1663.918986640722,1628.6008638943597,1637.2127037491946,1374620,
2023-11-30,1650.323974609375,1680.4652364738115,1631.358532294141,1669.1441322154103,17650692,
2023-12-01,1606.103759765625,1677.8043659273976,1595.653536416498,1677.756055806233,1666654,
2023-12-04,1609.006591796875,1644.9536916827674,1603.249301123047,1644.9536916827674,619259,
2023-12-05,1624.3917236328125,1627.1978446493642,1598.7982274159335,1624.4401518694076,621734,
2023-12-06,1614.908935546875,1630.3425414398196,1605.3779046268166,1628.2621353524617,593405,
2023-12-07,1651.388427734375,1660.0002679556776,1611.2805143943851,1620.4245927760958,893846,
2023-12-08,1639.970458984375,1664.3061215361822,1622.6984684977776,1659.46802234567,843230,
2023-12-11,1651.7755126953125,1655.0170155702735,1640.1156462521794,1640.1156462521794,327107,
2023-12-12,1682.0135498046875,1688.448126996701,1645.969712164308,1654.5331237922503,1332079,
2023-12-13,1664.112548828125,1695.2698585707792,1660.1936414627935,1695.2698585707792,500422,
2023-12-14,1692.9959716796875,1700.6401915651234,1665.370379713968,1673.9822193793918,660902,
2023-12-15,1754.63330078125,1761.067995928364,1696.2858990394873,1705.913668583355,1919310,
2023-12-18,1750.085693359375,1782.3557922502546,1741.7157578992717,1780.4205525192554,876824,
2023-12-19,1733.82958984375,1758.7942290083593,1724.5404629863338,1753.3271532788535,665516,
2023-12-20,1649.4046630859375,1743.6992820732924,1642.195942929509,1741.715614265541,935231,
2023-12-21,1672.9661865234375,1683.9487656199435,1633.390631657418,1650.082073013467,511339,
2023-12-22,1674.12744140625,1699.1403899236802,1663.0481236879211,1678.09465901204,386580,
2023-12-26,1679.5946044921875,1689.6094464450396,1665.5641164866256,1672.047122317994,234496,
2023-12-27,1675.8690185546875,1694.0118892979438,1661.8869600822773,1688.496503839053,310986,
2023-12-28,1748.92431640625,1770.7441895961472,1670.5471145716665,1688.448080422775,1412545,
2023-12-29,1712.9774169921875,1751.0048051008548,1706.0589116459669,1739.248200647858,1065841,
2024-01-01,1709.638916015625,1726.2336181997623,1699.1402654477483,1726.2336181997623,381834,
2024-01-02,1683.4166259765625,1714.5256276286304,1678.8204317110713,1712.6871262989025,400171,
2024-01-03,1693.334716796875,1700.5918655831472,1674.5628683128527,1692.3670969587054,238662,
2024-01-04,1709.20361328125,1716.412333438487,1688.0127163484449,1693.3346251704088,572327,
2024-01-05,1701.510986328125,1736.2969889323606,1682.6908285064958,1710.751802644902,901783,
2024-01-08,1663.6771240234375,1706.3491347217323,1658.5971199375058,1703.0108935694675,280952,
2024-01-09,1673.1597900390625,1691.3509712915454,1667.4508096322274,1678.8203422091483,340843,
2024-01-10,1662.7578125,1680.8039445747315,1643.0183458520992,1662.4674793261124,501923,
2024-01-11,1660.7259521484375,1685.7389009899189,1643.6474386213297,1663.1450017098507,1474994,
2024-01-12,1687.8192138671875,1717.5250935909692,1660.725860278147,1669.434438217481,1688219,
2024-01-15,1696.237548828125,1712.6870858104855,1674.079031269532,1698.0760501143902,1967685,
2024-01-16,1675.578857421875,1706.8813344615137,1661.306465311157,1693.286228966616,555077,
2024-01-17,1642.5345458984375,1683.65838578102,1633.8259680409494,1659.467891732442,941316,
2024-01-18,1712.2999267578125,1743.6024027923052,1636.0515595124148,1642.0507548582375,4604722,
2024-01-19,1681.4814453125,1746.457143833304,1662.66128590652,1741.764211042067,3493574,
2024-01-23,1648.9207763671875,1700.8820273090737,1637.4060778302794,1683.658348678978,868651,
2024-01-24,1672.676025390625,1675.0950749405154,1636.051638828818,1653.9526054980054,420843,
2024-01-25,1661.01611328125,1675.4821000592892,1648.3403176146412,1672.6759790356518,365596,
2024-01-29,1658.0164794921875,1670.934179826184,1651.2915693231564,1657.6294079598183,436769,
2024-01-30,1648.4854736328125,1672.9661833716405,1645.0503761421385,1661.2096974545182,327585,
2024-01-31,1680.8040771484375,1685.400271352422,1646.6954780557094,1655.1137233506822,454051,
2024-02-01,1649.114501953125,1687.1903181422351,1637.2127309526843,1687.1903181422351,401889,
2024-02-02,1643.6956787109375,1669.1441262598134,1641.615390670878,1654.629829509728,376792,
2024-02-05,1628.6492919921875,1656.855432820332,1622.504929878177,1649.791761024603,410131,
2024-02-06,1649.8402099609375,1652.7913795209945,1617.42494621447,1628.649312425537,498733,
2024-02-07,1639.14794921875,1659.467965118156,1627.8268447504274,1659.467965118156,167847,
2024-02-08,1702.86572265625,1715.3964702403823,1645.3407713998408,1645.3407713998408,2131671,
2024-02-09,1703.8333740234375,1717.5736466412482,1662.3708874449796,1713.6063107975745,808998,
2024-02-12,1669.04736328125,1724.7338101202688,1657.484236170352,1711.3807281777804,368071,
2024-02-13,1689.560791015625,1693.7699132277762,1649.791643639973,1670.0632297854422,373890,
2024-02-14,1695.9471435546875,1702.0431954243586,1666.2412635137837,1666.2412635137837,256106,
2024-02-15,1697.6888427734375,1709.7356613528427,1681.72311697933,1701.9947033920632,243156,
2024-02-16,1753.665771484375,1769.7766652425637,1691.4478874205245,1698.1243697389614,1911155,
2024-02-19,1756.7137451171875,1779.4043821570992,1750.1338832368044,1768.8089926049124,1179354,
2024-02-20,1762.858154296875,1783.178170618926,1754.826980621133,1760.1004614195565,894471,
2024-02-21,1737.1678466796875,1778.4851642383835,1728.6527453274605,1770.7442059609584,606897,
2024-02-22,1763.0032958984375,1775.582353443267,1706.5427035419054,1742.1510417212933,455473,
2024-02-23,1765.470703125,1788.8386261362675,1759.6649844901217,1770.7441836379553,545762,
2024-02-26,1809.78759765625,1828.801349597018,1754.6816994749752,1768.8089243721424,1275655,
2024-02-27,1847.669921875,1852.991830526643,1809.4005133238536,1809.7875848493204,1603806,
2024-02-28,1851.00830078125,1869.44150573235,1840.2194342045063,1850.0406809542665,1194566,
2024-02-29,1860.92626953125,1874.27946942574,1826.8176730948755,1849.121355742173,1710716,
2024-03-01,1843.8480224609373,1886.5683436503127,1839.5904715665704,1865.7162070921536,526663,
2024-03-04,1920.2899169921875,1948.7862727906504,1862.668110785503,1862.668110785503,2194110,
2024-03-05,1929.7724609375,1941.9161362745333,1902.630797312169,1920.7252397290565,883772,
2024-03-06,1927.4019775390625,1939.06172570792,1877.279222719921,1933.3528631619813,935010,
2024-03-07,1946.3673095703125,1972.396306908704,1913.032853305221,1925.5634829952385,1245000,
2024-03-11,1891.2613525390625,1968.041961068672,1883.5203940359104,1933.884934426452,820370,
2024-03-12,1923.28955078125,1941.3356839721048,1881.391565503887,1902.3405581425684,947277,
2024-03-13,1824.5439453125,1932.3368190312124,1800.740520889878,1925.611908395317,702854,
2024-03-14,1867.5546875,1873.9409547112505,1757.1491711500385,1809.449069854664,814168,
2024-03-15,1872.19921875,1891.3097105384472,1835.1394498485663,1867.506286162191,718014,
2024-03-18,1899.09912109375,1909.0655346722133,1840.993501888831,1869.9253590101123,712910,
2024-03-19,1848.395751953125,1902.2921284117508,1842.880366253644,1895.6156461811115,587021,
2024-03-20,1827.156494140625,1876.2147701777376,1792.612396815499,1857.055851115557,643347,
2024-03-21,1846.412109375,1857.1527839647665,1814.9161548299928,1847.186252484811,440321,
2024-03-22,1860.394287109375,1869.8768905592049,1838.719579324877,1867.506269226161,478386,
2024-03-26,1884.5362548828125,1893.8253811225304,1850.1374426660632,1860.3941886832024,469695,
2024-03-27,1909.259033203125,1931.7561935673773,1871.2315277919724,1885.5039198510144,568678,
2024-03-28,1945.3028564453125,1952.3664100671608,1894.2609123389907,1909.2590191380048,792545,
2024-04-01,1970.606201171875,1984.2979271967845,1947.334897141581,1955.5596656512475,649428,
2024-04-02,2006.6983642578125,2015.551990702208,1971.960672604868,1977.6696528991336,581309,
2024-04-03,1987.587890625,2017.1484860054863,1982.797983711223,2001.9569026604352,724183,
2024-04-04,1990.9261474609373,2012.1653546182392,1984.9751440073733,1990.39390932903,513272,
2024-04-05,1995.03857421875,1998.279958845476,1961.3653575378864,1992.329191500004,768390,
2024-04-08,1981.9273681640625,2005.972816056884,1973.122051106382,1997.118952641728,214289,
2024-04-09,1947.47998046875,1991.9421803816656,1938.481069237063,1988.4586546676903,488171,
2024-04-10,1906.7432861328125,1954.592039049614,1905.291856400845,1954.592039049614,365580,
2024-04-12,1882.4559326171875,1919.9028905425723,1874.4247589773204,1911.0491455611257,601527,
2024-04-15,1847.379638671875,1906.1142302502367,1842.783444712041,1877.085636819707,574096,
2024-04-16,1822.7537841796875,1852.991902696272,1809.4490120323903,1837.7034627272265,520016,
2024-04-18,1794.0638427734375,1861.9908234229329,1777.8562111666477,1792.9994846198051,2078642,
2024-04-19,1698.3663330078125,1790.0000047273918,1684.7229165894153,1790.0000047273918,2968937,
2024-04-22,1667.1605224609375,1715.8318466784929,1655.59751285318,1704.9461236980146,1774498,
2024-04-23,1688.4481201171875,1705.8652764898957,1674.0306796139005,1678.8203503693346,821183,
2024-04-24,1689.560791015625,1700.0594414879872,1683.6583342718786,1697.2534387583153,476505,
2024-04-25,1686.948486328125,1695.5118984594033,1665.3222060962892,1689.561012701173,519313,
2024-04-26,1699.769287109375,1707.7037219507138,1681.771583068978,1698.1726908704973,316817,
2024-04-29,1677.6109619140625,1710.751942704578,1659.7584224287175,1699.7694807230782,510632,
2024-04-30,1673.8370361328125,1701.0755562919614,1669.144103870099,1680.2233029936556,469868,
2024-05-02,1687.2386474609375,1693.47986622444,1672.240540121387,1674.9499228878517,302126,
2024-05-03,1665.999267578125,1701.5592926012098,1656.758451923709,1701.5592926012098,343210,
2024-05-06,1668.6602783203125,1675.8689982947594,1651.8236708505824,1674.6111634756887,264859,
2024-05-07,1664.160888671875,1676.8851126597883,1656.5650968687582,1671.85353694907,442393,
2024-05-08,1699.9627685546875,1716.0736613416443,1651.7753749004305,1662.37076413022,697275,
2024-05-09,1670.20849609375,1714.6222680835526,1664.4027773530606,1707.8489295527484,345276,
2024-05-10,1685.64208984375,1692.270261732282,1658.9841175810257,1669.1441253002445,207663,
2024-05-13,1686.7547607421875,1691.9799312009295,1656.5650707191323,1683.658424679492,179448,
2024-05-14,1712.8804931640625,1719.6538316472156,1676.3528463442003,1691.3509529854682,360123,
2024-05-15,1711.57421875,1724.0081092596645,1695.269849132727,1722.3147746500852,259897,
2024-05-16,1746.9891357421875,1754.2947125423066,1713.316037282127,1717.525159824928,682620,
2024-05-17,1743.6993408203125,1751.7305144416368,1732.7651896264251,1736.1518589904863,300442,
2024-05-21,1761.93896484375,1771.0829249526832,1742.1994967691826,1753.3271247685414,421584,
2024-05-22,1758.939208984375,1770.7441225543464,1736.4903601666515,1770.40547926919,265165,
2024-05-23,1775.1951904296875,1785.2584595705796,1762.5193951803851,1775.582261957731,286711,
2024-05-24,1779.0174560546875,1785.2585566071473,1767.115685096912,1777.5175980961135,194443,
2024-05-27,1759.6165771484375,1782.742713608837,1748.4405213965306,1780.4204025037805,264144,
2024-05-28,1741.4737548828125,1768.905752901692,1723.4276217837637,1764.8901070624297,373270,
2024-05-29,1732.474853515625,1750.2307716457026,1727.2013727618169,1727.2013727618169,205857,
2024-05-30,1705.623291015625,1738.2804576726655,1699.188714153613,1727.5883302747995,283686,
2024-05-31,1720.7183837890625,1726.2337695500923,1704.607490062948,1711.7194721603776,592937,
2024-06-03,1717.7669677734375,1762.422643030677,1711.7677725474948,1746.5052272115622,1016552,
2024-06-04,1614.2318115234375,1714.0901325960024,1534.20969733607,1714.0901325960024,889190,
2024-06-05,1691.689697265625,1698.8499890954424,1602.039701626869,1615.9250217531344,660369,
2024-06-06,1733.103759765625,1740.747979631003,1691.3993709810968,1691.689704161391,375930,
2024-06-07,1754.0528564453125,1758.890955621827,1722.460045199142,1740.748083709898,406704,
2024-06-10,1798.8052978515625,1816.803003405029,1760.3424088845911,1769.7767024047916,1139930,
2024-06-11,1817.9156494140625,1847.186147561648,1791.0642007001622,1804.610877528797,573625,
2024-06-12,1835.57470703125,1855.0722690557704,1826.817700849751,1833.639467487728,666238,
2024-06-13,1816.2222900390625,1863.635658292613,1804.610852915744,1863.635658292613,732633,
2024-06-14,1807.90087890625,1824.7374872450016,1800.3050870117063,1821.108912952928,276056,
2024-06-18,1807.7071533203125,1817.3833507326203,1795.031358333718,1815.061157847782,342146,
2024-06-19,1771.953857421875,1811.8197481547609,1768.6639262951437,1810.4167466136944,516880,
2024-06-20,1804.804443359375,1819.125263961024,1760.003716505821,1775.5339437663852,531539,
2024-06-21,1785.984130859375,1817.1414391662504,1780.4203173676012,1809.4489094985947,364804,
2024-06-24,1789.4677734375,1796.289540731759,1769.8251610516331,1785.3070788892392,188241,
2024-06-25,1778.0013427734375,1805.530078221292,1768.6637882885398,1793.918640880731,215959,
2024-06-26,1781.968505859375,1804.0785934970777,1761.213109493592,1778.4850983870426,371714,
2024-06-27,1798.224609375,1818.1091248352293,1772.7761621035845,1782.162144770229,426729,
2024-06-28,1794.4024658203125,1822.898939403208,1782.4523850806177,1807.513761174392,343288,
2024-07-01,1812.0755615234373,1824.0366176005343,1794.6954862484652,1802.8972579199533,220507,
2024-07-02,1844.931884765625,1860.5544887117749,1793.2308775077393,1813.1984705000084,1280752,
2024-07-03,1850.0579833984373,1857.1369755502456,1825.9406371231617,1849.9603659655788,651064,
2024-07-04,1832.043212890625,1855.1841464089027,1830.0903874733528,1851.2784955743573,391028,
2024-07-05,1843.76025390625,1848.349346180744,1829.0163259452383,1834.386596100544,247619,
2024-07-08,1813.393798828125,1848.3005563192603,1796.5995463969075,1843.7603321662327,269813,
2024-07-09,1800.260986328125,1827.356439817267,1780.9768347457627,1809.292804157839,482737,
2024-07-10,1811.0015869140625,1819.25222715216,1767.3559837291336,1809.7810709503783,248412,
2024-07-11,1824.9154052734373,1827.8446434841487,1799.577542427184,1815.10240959115,262273,
2024-07-12,1815.6395263671875,1830.7739241400789,1811.245668949252,1829.5045398762709,172882,
2024-07-15,1827.0147705078125,1838.536369629286,1806.3636166735853,1819.105850943282,183187,
2024-07-16,1807.388916015625,1838.536388205572,1802.9950585252675,1827.0147889676864,223941,
2024-07-18,1826.3311767578125,1843.467268161031,1782.4903397269177,1791.7173925187983,856144,
2024-07-19,1746.2166748046875,1839.46409717513,1738.063651765475,1830.773999419681,1554675,
2024-07-22,1743.5802001953125,1775.069511386365,1725.565432632184,1742.9456272605485,605985,
2024-07-23,1743.433837890625,1759.7398831808573,1679.478802602321,1752.7097590393105,476069,
2024-07-24,1804.89892578125,1814.3700815563368,1732.693252299133,1744.8495430733533,794721,
2024-07-25,1788.153564453125,1802.7997565105525,1773.8003439132524,1781.9533669870173,287249,
2024-07-26,1841.905029296875,1849.2768740201896,1791.8150077124826,1798.552279503221,588627,
2024-07-29,1831.3597412109373,1850.302172514459,1819.056964324241,1850.2533042002576,388102,
2024-07-30,1862.50732421875,1886.136465137939,1832.336146347332,1840.53803730136,1307192,
2024-07-31,1943.793701171875,1957.2193766163623,1864.948370834249,1864.948370834249,2224136,
2024-08-01,1924.363037109375,1958.5374832281384,1910.4980237890231,1945.74650009046,601244,
2024-08-02,1905.3231201171875,1943.0126308866547,1884.135009736951,1907.9106379116167,476193,
2024-08-05,1825.843017578125,1893.2643672443287,1814.174932614731,1852.6456197172072,527971,
2024-08-06,1798.25927734375,1866.4129335809428,1792.2544344064574,1835.9489040783103,273051,
2024-08-07,1832.482666015625,1840.538071367765,1801.3350748158143,1816.127752118856,470443,
2024-08-08,1810.7574462890625,1844.4925545043109,1807.388869975336,1835.6559714335065,218275,
2024-08-09,1842.9791259765625,1860.993894127584,1819.105881133696,1822.4255892395968,249046,
2024-08-12,1842.2467041015625,1855.330658420729,1808.8045683573048,1826.233511615016,356132,
2024-08-13,1805.8265380859373,1844.883048632583,1794.5490421802003,1841.465603959752,179437,
2024-08-14,1790.1063232421875,1814.1260534815904,1772.0915553603882,1805.8265449588405,237215,
2024-08-16,1820.619140625,1825.891793170753,1796.745897208876,1799.47978132041,146375,
2024-08-19,1827.1124267578125,1839.2687182734628,1820.8633610859424,1820.8633610859424,170949,
2024-08-20,1835.118896484375,1842.490860427992,1822.327913289399,1830.7739074205008,405109,
2024-08-21,1842.5885009765625,1847.812285419723,1821.2050376314749,1834.7284497500536,193195,
2024-08-22,1873.6871337890625,1886.1852642309127,1842.7837666788623,1847.2752413344947,354780,
2024-08-23,1861.9215087890625,1888.723991272552,1856.1606496888069,1884.3790021835089,186732,
2024-08-26,1901.759033203125,1907.6175096036368,1866.119968433344,1870.318590863447,464678,
2024-08-27,1900.2457275390625,1918.651084331727,1881.1080611722257,1908.8869566760943,262769,
2024-08-28,1883.0120849609373,1928.220045281208,1878.2276384023253,1910.839849763316,508814,
2024-08-29,1887.3570556640625,1903.028528627524,1863.142089974996,1886.429511189521,163374,
2024-08-30,1915.5753173828125,1934.2736452628023,1887.3569652517813,1898.048756309864,787434,
2024-09-02,1918.8463134765625,1927.048204520996,1897.609335889,1916.7471213896813,305124,
2024-09-03,1934.7130126953125,1972.2561547750568,1916.6982449770017,1918.846305369344,597370,
2024-09-04,1906.0552978515625,1922.751931971916,1898.195246759948,1913.768982384068,178351,
2024-09-05,1930.5145263671875,1941.64565575066,1897.853447792117,1914.7454363398529,216620,
2024-09-06,1895.558837890625,1933.199596474204,1893.264291803227,1925.7788835317435,180122,
2024-09-09,1880.4244384765625,1889.016918205498,1864.3624966911289,1878.6180987582657,224997,
2024-09-10,1950.189208984375,1958.6839521272675,1884.476584050661,1890.286192164466,1071168,
2024-09-11,1935.884765625,1982.117885570928,1930.4656271777,1962.5896305406725,924112,
2024-09-12,1973.76953125,1984.2659684477835,1934.273682679862,1943.9889419911733,1491829,
2024-09-13,2011.60546875,2021.1743612283533,1974.8436246340875,1985.9258853369208,1011923,
2024-09-16,1999.205078125,2029.962079326923,1991.8819826007325,2025.080015644078,173824,
2024-09-17,1982.069091796875,1999.205183906768,1960.148672377453,1987.9764368420888,285534,
2024-09-18,1948.041015625,1982.020226337501,1930.4655864683973,1973.427746628981,226556,
2024-09-19,1928.6593017578125,1981.0926192272857,1902.0520540813664,1952.825517537337,501366,
2024-09-20,1921.580322265625,1940.034547369488,1896.388825242445,1938.7651630980909,372956,
2024-09-23,1960.3927001953125,1977.2358201446928,1931.3932891762609,1931.3932891762609,319324,
2024-09-24,1975.234130859375,1993.834841479058,1962.638501699411,1965.3236367699635,435601,
2024-09-25,2077.513427734375,2084.0067157612325,1964.6401340195928,1977.2358827404385,2690694,
2024-09-26,2094.5517578125,2107.879935149668,2066.0894209252474,2089.52332740077,1742981,
2024-09-27,2076.292724609375,2116.862719704466,2070.092647034278,2094.405227751882,504339,
2024-09-30,2084.39697265625,2092.35464066082,2044.705892490383,2068.0420602346585,474793,
2024-10-01,2107.8310546875,2123.69776210553,2081.370173425238,2092.4525536515634,826483,
2024-10-03,2092.55029296875,2123.6977648334987,2051.589586752895,2069.995062734261,673756,
2024-10-04,2032.940185546875,2106.805713704504,2023.3224247402973,2092.452494155482,469613,
2024-10-07,1933.2972412109373,2046.951589735379,1922.166112044552,2032.940209829552,520672,
2024-10-08,1956.877685546875,1976.259455279472,1923.5331654647032,1933.2972932081784,266871,
2024-10-09,1903.3702392578125,1965.567805198366,1899.1228674798008,1957.7076346000003,309945,
2024-10-10,1905.762451171875,1937.4958655143296,1899.1227968022808,1906.9340987942696,417120,
2024-10-11,1917.4305419921875,1946.6740562420296,1908.838062097053,1909.1799019131065,333881,
2024-10-14,1905.3231201171875,1927.536511628185,1889.3587944518829,1917.4306628449017,171601,
2024-10-15,1885.7459716796875,1909.375112301777,1865.14356752117,1904.981254973545,342243,
2024-10-16,1877.104736328125,1904.004956596445,1862.9956190697524,1889.309896306308,210463,
2024-10-17,1786.8841552734375,1883.5001467471816,1768.2834451835906,1883.5001467471816,1131344,
2024-10-18,1828.821044921875,1836.3393752731808,1765.4518348501283,1776.0947574548268,669944,
2024-10-21,1809.1463623046875,1861.042724445232,1804.6060191230067,1828.8699716124704,326575,
2024-10-22,1756.76171875,1823.8900932730185,1750.8544933065778,1811.196727908666,365598,
2024-10-23,1737.087158203125,1784.7848974121844,1730.3010180461756,1747.7788301862402,262322,
2024-10-24,1744.849609375,1798.5034430836856,1731.912140251207,1756.5665625437184,780077,
2024-10-25,1735.6712646484375,1750.1709700147962,1697.0542122546003,1745.093671437751,405214,
2024-10-28,1745.1912841796875,1770.5780153786498,1727.4693691391333,1737.135879087709,213902,
2024-10-29,1741.96923828125,1755.9807375983291,1719.8534653512625,1754.4185010150366,331846,
2024-10-30,1744.99609375,1781.9532930022835,1727.2741782581038,1738.014718654282,383592,
2024-10-31,1732.7908935546875,1749.829248197926,1705.93954319422,1749.829248197926,556947,
2024-11-01,1748.5599365234375,1755.05298572102,1736.5500124606056,1752.6608222472798,41081,
2024-11-04,1705.1583251953125,1745.7283212797329,1683.3355247995978,1739.039918003736,368439,
2024-11-05,1714.6297607421875,1718.4865436609289,1674.5968355773591,1703.8403515274551,240637,
2024-11-06,1766.3795166015625,1772.384359605291,1713.409125407737,1718.095835049452,379098,
2024-11-07,1763.2061767578125,1785.95652212636,1756.664139873374,1769.2598880803596,334850,
2024-11-08,1732.7908935546875,1769.2598855697024,1724.3448995121933,1766.3306473485604,129546,
2024-11-11,1726.2489013671875,1752.416811163204,1709.4057811596012,1724.3449441505609,124439,
2024-11-12,1718.144775390625,1752.514457634741,1711.651606553233,1734.1091005353917,149047,
2024-11-13,1703.9378662109375,1737.770591837119,1696.0289467740274,1718.1447194000425,447599,
2024-11-14,1708.624755859375,1735.4272391241554,1699.153480332763,1699.153480332763,121569,
2024-11-18,1686.6065673828125,1714.3855820879933,1674.7431284386182,1708.624722930832,227643,
2024-11-19,1695.7359619140625,1731.1797921367513,1680.406329536012,1686.5089091755235,162668,
2024-11-21,1671.17919921875,1692.953130847144,1659.1692753693062,1684.3607706281869,126914,
2024-11-22,1697.15185546875,1703.5961558193474,1660.878097749655,1671.6186380643203,162339,
2024-11-25,1742.0179443359375,1748.9504509467222,1709.698706503513,1709.698706503513,506465,
2024-11-26,1723.4173583984375,1774.3860558678882,1720.4392518581478,1747.7788086413648,241531,
2024-11-27,1721.4156494140625,1733.3278370881142,1703.4008821547368,1730.984541880175,148132,
2024-11-28,1703.9378662109375,1723.7102243987176,1687.3877177746067,1715.703687525008,460400,
2024-11-29,1713.7020263671875,1717.6076774416683,1688.4129118217209,1689.1940897130216,351952,
2024-12-02,1749.878173828125,1755.9318853403693,1700.6180779478163,1713.70203293568,173554,
2024-12-03,1765.256591796875,1772.4820698100275,1748.0717516514087,1762.4249710522738,445536,
2024-12-04,1758.3729248046875,1779.756388449248,1747.7788700173658,1765.256682555742,293897,
2024-12-05,1763.1083984375,1772.1402160852565,1746.802353712007,1771.2126716789162,196144,
2024-12-06,1745.9237060546875,1768.5765545580084,1741.627465891039,1764.3779318362806,183784,
2024-12-09,1743.238525390625,1760.960441109133,1735.1831199904864,1738.0147408784346,211992,
2024-12-10,1733.230224609375,1756.1271747934045,1727.420616503984,1752.3678904053193,181819,
2024-12-11,1796.550537109375,1800.505056303146,1732.351400747156,1737.917024767686,609522,
2024-12-12,1807.4376220703125,1817.885310035257,1784.7848938917775,1799.0404962381492,786410,
2024-12-13,1797.5269775390625,1802.8972475837047,1738.9910817288596,1795.7206378167932,345271,
2024-12-16,1812.4661865234373,1816.713558193048,1797.6247602415085,1797.6247602415085,294052,
2024-12-17,1770.7733154296875,1814.809504751131,1756.0782564882602,1806.656482472192,259393,
2024-12-18,1753.197998046875,1771.3103834281335,1744.1173116032703,1769.3575578868004,361677,
2024-12-19,1726.2977294921875,1754.7113164731163,1708.6734318059798,1708.7223001195296,224198,
2024-12-20,1670.1051025390625,1743.2873080000836,1664.0025229904954,1726.2977026986714,302890,
2024-12-23,1669.128662109375,1691.9767433982104,1659.901609661482,1681.3338210039446,216183,
2024-12-24,1681.1875,1686.948239801514,1661.854480110792,1678.355879221539,167662,
2024-12-26,1692.465087890625,1697.0054312081825,1663.3680582257148,1681.187591666192,326464,
2024-12-27,1673.1807861328125,1702.8148878680363,1664.7836607146228,1692.4649370413836,194715,
2024-12-30,1657.070068359375,1687.7294528098005,1645.304366135851,1673.1808788721676,331539,
2024-12-31,1663.221435546875,1676.9399626201005,1641.3986352969646,1657.021238671004,142307,
2025-01-01,1684.9466552734375,1691.0492348501014,1658.8763638073244,1669.6657721752692,115875,
2025-01-02,1703.88916015625,1711.0169018969088,1671.0328464495929,1689.1941002206995,151336,
2025-01-03,1695.589599609375,1718.1447101753952,1690.1704611994894,1701.8874141367476,132681,
2025-01-06,1651.3092041015625,1707.452937531809,1642.3751227432963,1692.7579970790202,342429,
2025-01-07,1646.6712646484375,1664.783769168286,1640.37344997227,1650.1375776506763,194557,
2025-01-08,1664.4908447265625,1693.0997873096424,1620.1129308497832,1647.1595176073315,872411,
2025-01-09,1666.5413818359375,1704.2308913341292,1653.7991473709326,1656.2401793227714,476320,
2025-01-10,1678.35595703125,1690.0240421151314,1631.6833783136976,1667.9082687354646,370084,
2025-01-13,1593.798583984375,1666.6389515010555,1586.182516836549,1660.6828575475045,287238,
2025-01-14,1637.3465576171875,1666.394836810893,1596.727811221502,1609.128205419386,382855,
2025-01-15,1635.7354736328125,1664.539650007782,1628.8517160091696,1635.491370443194,163380,
2025-01-16,1666.931884765625,1676.4519095672356,1641.3987853941176,1641.3987853941176,169629,
2025-01-17,1658.0953369140625,1681.7733461253156,1655.019612910275,1664.7837404200702,72086,
2025-01-20,1689.096435546875,1701.3503440120046,1639.4458711803331,1655.1172242613252,146076,
2025-01-21,1657.0213623046875,1706.769545959304,1645.2555405843405,1706.769545959304,195763,
2025-01-22,1638.3717041015625,1667.517719648995,1550.6899118480806,1656.972414414737,1056383,
2025-01-23,1607.4683837890625,1654.9707694858073,1566.4101793164864,1645.1090243908031,1122214,
2025-01-24,1591.0157470703125,1646.231937121707,1583.8880053340372,1609.4212232147856,355209,
2025-01-27,1532.3822021484375,1578.1759842144654,1523.2038984095625,1576.9065999560537,318852,
2025-01-28,1522.4715576171875,1549.567011023554,1514.9532272312836,1537.850058199179,261611,
2025-01-29,1518.41943359375,1540.3887203227184,1513.4397524400522,1520.2746416446205,304022,
2025-01-30,1549.5181884765625,1563.7739101867446,1520.0794389886316,1520.0794389886316,240945,
2025-01-31,1594.4820556640625,1600.0964290994991,1542.8297962198412,1554.4491320374696,253718,
2025-02-01,1578.56640625,1603.953137122819,1555.0348833945498,1595.0678051555335,154011,
2025-02-03,1523.692138671875,1562.455678246526,1514.025628340336,1562.455678246526,161248,
2025-02-04,1549.030029296875,1552.5939598330217,1521.153515544008,1526.621403351965,93419,
2025-02-05,1567.4842529296875,1589.0629518102503,1546.6867319596945,1549.0300273093728,265015,
2025-02-06,1549.469482421875,1583.2533411641718,1540.9746196225742,1573.2939783688696,173485,
2025-02-07,1567.923583984375,1583.7414222764555,1546.6866074526165,1549.4693598496112,176864,
2025-02-10,1534.9208984375,1567.8748299402137,1528.086008940641,1560.2100134140817,90171,
2025-02-11,1489.3712158203125,1534.7744102636343,1477.5566449754144,1533.749248355329,160158,
2025-02-12,1486.2467041015625,1501.7228224846751,1444.5050586781424,1493.9115204171346,141347,
2025-02-13,1487.2718505859375,1516.8572045368612,1484.098509153852,1496.7431257593828,115689,
2025-02-14,1467.74365234375,1497.8660821468152,1448.6059855749843,1490.982324328617,235776,
2025-02-17,1471.8934326171875,1494.302177966908,1445.0909488437553,1467.9390322785423,193536,
2025-02-18,1453.195068359375,1474.822514300752,1433.862049232646,1474.822514300752,170265,
2025-02-19,1466.3768310546875,1482.6828775868412,1435.180369721901,1453.1952578920782,147128,
2025-02-20,1451.2423095703125,1473.7485518124552,1441.185210627336,1464.3261449914935,207052,
2025-02-21,1415.9449462890625,1460.1763715072266,1405.1555379306046,1451.291039489618,282141,
2025-02-24,1402.1776123046875,1410.916458958858,1381.7216931671126,1407.6455000029346,741744,
2025-02-25,1372.29931640625,1418.923027413363,1368.149562023418,1395.1473996699283,597426,
2025-02-27,1356.1884765625,1378.3042497610188,1344.4227741348643,1373.4221858845692,458204,
2025-02-28,1320.5982666015625,1345.4479238308952,1311.6153168267772,1335.4885612896762,796779,
2025-03-03,1292.7215576171875,1332.9985818389184,1285.4961989277897,1319.1824373677828,915284,
2025-03-04,1285.203369140625,1296.676219729345,1260.5489455350782,1278.2219936675835,810532,
2025-03-05,1357.2137451171875,1363.804531289519,1282.5670368121466,1285.3009210430996,908298,
2025-03-06,1365.41552734375,1376.7418906913797,1359.4594337825054,1369.077074925376,246884,
2025-03-07,1351.2088623046875,1366.9290849288177,1343.6416629206449,1365.5133340107911,160240,
2025-03-10,1340.8099365234375,1364.976152012038,1328.8977486862684,1352.3316546146082,239890,
2025-03-11,1457.1495361328125,1467.0112810189096,1333.779809642782,1333.779809642782,4316906,
2025-03-12,1472.479248046875,1484.0497149247576,1441.1851727375204,1451.9257126427458,962745,
2025-03-13,1468.4759521484375,1490.9823143937865,1459.4930022528567,1464.6191693455662,445092,
2025-03-17,1467.15771484375,1484.196188155238,1451.9745687112716,1474.8225307823714,328175,
2025-03-18,1467.15771484375,1467.15771484375,1467.15771484375,1467.15771484375,0,
2025-03-19,1524.27783203125,1540.5351272167225,1479.2652306977243,1479.2652306977243,1269986,
2025-03-20,1567.3377685546875,1576.9066616080338,1530.0388475168972,1538.924180100139,748197,
2025-03-21,1572.0245361328125,1586.6707274632424,1556.9877558620358,1566.9472374813342,473951,
2025-03-24,1573.928466796875,1593.066251832163,1559.38001234004,1581.5934021500632,501821,
2025-03-25,1541.0234375,1586.6707340012672,1538.1430675362174,1586.6707340012672,268096,
2025-03-26,1567.0936279296875,1570.9016615718488,1540.095910185199,1549.0788599950563,278624,
2025-03-27,1556.93896484375,1574.270290785063,1543.0250834542453,1565.7266794055424,489224,
2025-03-28,1540.974609375,1581.7887114581656,1537.801267824235,1567.1425196854047,444943,
2025-04-01,1542.390380859375,1572.6591752553843,1529.062323359705,1542.732101474032,296042,
2025-04-02,1557.5736083984375,1561.137538859429,1524.863780490647,1546.5889646980602,191301,
2025-04-03,1592.7733154296875,1599.998793694973,1544.6361186647416,1544.6849869791668,241455,
2025-04-04,1560.3564453125,1592.7733009880053,1551.8615828592915,1592.7733009880053,205897,
2025-04-07,1513.2933349609375,1528.0860125306672,1460.4694269921697,1476.336134790012,297314,
2025-04-08,1528.5740966796875,1550.7386175083186,1509.8270203342113,1530.3804363540114,198820,
2025-04-09,1510.8521728515625,1528.085880905729,1492.153845742215,1528.085880905729,168850,
2025-04-11,1527.3536376953125,1562.2603933594376,1506.6537351597035,1528.0370789410038,298412,
2025-04-15,1553.4727783203125,1560.6006394987544,1503.6757250869146,1548.5907142778224,692147,
2025-04-16,1556.10888671875,1578.859350515756,1542.1462564940978,1550.6409993863335,273529,
2025-04-17,1528.0859375,1572.0245107827477,1523.4968453002052,1561.283970646965,244987,
2025-04-21,1536.678466796875,1549.86003920641,1500.8440465837537,1540.7793527589922,520767,
2025-04-22,1560.9910888671875,1579.7382860599332,1523.789785187838,1547.4190463592654,541851,
2025-04-23,1547.0284423828125,1616.2561327665926,1539.9005813667352,1611.0810973230282,1786931,
2025-04-24,1570.1693115234375,1584.7178852633174,1519.2982313430202,1559.624125391189,1610300,
2025-04-25,1532.577392578125,1584.7178560421112,1498.8911534940505,1572.024490590141,699413,
2025-04-28,1543.8062744140625,1554.4491979113322,1523.3016053461367,1529.843642706228,180311,
2025-04-29,1542.243896484375,1568.4118051457608,1530.5269438045316,1540.7792773993947,263086,
2025-04-30,1553.86328125,1563.2368198543977,1531.2104338324446,1546.637803028961,382030,
2025-05-02,1520.0794677734375,1561.284039526692,1517.150229425357,1561.284039526692,321740,
2025-05-05,1553.5703125,1560.307584355758,1518.419453277968,1520.762867730972,457874,
2025-05-06,1509.1435546875,1570.5599418080951,1505.1402861654828,1547.7118591335177,260143,
2025-05-07,1507.190673828125,1515.685536136781,1484.733180924312,1484.733180924312,312215,
2025-05-08,1471.9422607421875,1525.156757067527,1459.7371010345407,1503.6756759820687,216957,
2025-05-09,1480.0465087890625,1486.100220222632,1436.107934603768,1449.9729481147233,192516,
2025-05-12,1530.4293212890625,1534.920795963222,1505.726031794677,1513.3420986876909,207887,
2025-05-13,1528.37890625,1539.802887606569,1516.3689818979085,1530.4293491613062,351388,
2025-05-14,1565.9708251953125,1581.7886641605137,1523.2038988212353,1534.8232344517276,483675,
2025-05-15,1577.0042724609375,1580.8123061781364,1558.1595771384627,1571.926973632015,397953,
2025-05-16,1593.798583984375,1595.751409489868,1566.26367284232,1577.1018305596035,537281,
2025-05-19,1604.734375,1622.7980111043505,1575.734963633204,1586.6707388956495,759428,
2025-05-20,1595.7513427734375,1615.767803367875,1581.7885933165255,1611.080974674239,561074,
2025-05-21,1625.4342041015625,1631.5856519018316,1585.6942541523488,1596.434794051164,458448,
2025-05-22,1628.0706787109375,1645.25551964769,1612.1551028622732,1630.6093280781265,656893,
2025-05-23,1635.100830078125,1649.5517870092551,1625.532056275416,1628.0707056846643,191866,
2025-05-26,1650.821044921875,1653.65266583143,1622.6028108394871,1635.49141190165,475476,
2025-05-27,1648.087158203125,1655.996077897333,1629.6329327892977,1650.1376012066585,351665,
2025-05-28,1650.2352294921875,1657.4607079630423,1630.6093562876467,1645.25554811059,309830,
2025-05-29,1648.5753173828125,1658.9252687350706,1639.3970136587309,1651.1139667045345,440526,
2025-05-30,1636.6630859375,1656.6795483161452,1626.1178992233597,1656.4843134327598,1147427,
2025-06-02,1636.6630859375,1642.5215627312498,1611.0811182811988,1636.6630859375,204201,
2025-06-03,1623.9696044921875,1649.4540720922275,1611.6668279351725,1630.6092587310882,384326,
2025-06-04,1643.009765625,1646.134358089609,1607.761287496019,1623.9697160859391,201572,
2025-06-05,1672.6927490234375,1678.258373515288,1643.790953892109,1643.790953892109,268839,
2025-06-06,1672.6927490234375,1684.116850333436,1668.0060390835283,1681.3828468085603,118217,
2025-06-09,1703.44970703125,1708.6247424261053,1674.5479126682972,1674.5479126682972,160012,
2025-06-10,1694.076171875,1718.4864913544668,1687.7294888103386,1713.6044274585734,325350,
2025-06-11,1672.3997802734375,1692.904447709529,1656.972411383213,1688.9987967693212,471313,
2025-06-12,1660.585205078125,1691.0493560223467,1652.5786677762358,1689.1941478599042,324324,
2025-06-13,1665.7601318359375,1672.0091972003702,1615.2796409332564,1626.703622296994,329268,
2025-06-16,1670.154052734375,1676.500735776043,1647.7941763339877,1664.783782468348,117822,
2025-06-17,1669.275146484375,1682.2614832139416,1660.8780210100033,1670.642148117646,335254,
2025-06-18,1659.608642578125,1678.4534556377785,1650.820928150702,1674.2548332904964,155711,
2025-06-19,1633.843017578125,1667.833978298775,1622.7439925515414,1662.879034810068,315327,
2025-06-20,1639.5906982421875,1648.7077453051604,1615.3114766604808,1633.84291576534,243281,
2025-06-23,1628.8880615234375,1653.4646294259494,1623.2394743780071,1634.833993664016,344916,
2025-06-24,1631.0682373046875,1660.7978966967034,1621.2574255112636,1640.8790490981116,405865,
2025-06-25,1657.1312255859375,1661.2934506323495,1628.6898988017954,1635.1313252345374,456321,
2025-06-26,1657.924072265625,1667.3384647859618,1642.4646729526053,1666.842970442786,330788,
2025-06-27,1663.671875,1686.46461505961,1657.924092162065,1661.4916272816831,235914,
2025-06-30,1675.365478515625,1684.581721849445,1656.9331128182855,1672.6898574033808,183593,
2025-07-01,1710.248291015625,1740.1761003904862,1668.923990992511,1671.4014626616322,250794,
2025-07-02,1791.2120361328125,1802.311060942308,1731.3562957659055,1774.860722939899,3532942,
2025-07-03,1761.9779052734375,1791.2120718682445,1750.6806099207065,1785.7616340285344,1210447,
2025-07-04,1746.5184326171875,1775.2571036591023,1738.5905233642454,1761.9778314663654,696115,
2025-07-07,1752.3653564453125,1761.4824040443702,1739.1851584235555,1741.2662104874382,256506,
2025-07-08,1747.6085205078125,1752.1670441982646,1729.4733794487026,1744.437405150184,249301,
2025-07-09,1745.3292236328125,1755.833800470045,1727.6896976220023,1745.2301489583722,257462,
2025-07-10,1737.599609375,1753.5545032380935,1728.7797857580413,1745.3292486465962,269342,
2025-07-11,1696.37451171875,1750.086051081839,1682.7978938931828,1737.5996176067988,873701,
2025-07-14,1697.9599609375,1703.5094731306033,1684.779763629873,1702.5184844900386,519669,
2025-07-15,1713.1220703125,1716.7888009841051,1694.5906305189203,1699.6446485562335,148444,
2025-07-16,1708.5635986328125,1726.59966560943,1702.617666414866,1718.0770659874663,172293,
2025-07-17,1715.9959716796875,1722.239248743023,1689.6356970228337,1715.4014026665836,209083,
2025-07-18,1747.9058837890625,1796.761553176079,1684.9781025508496,1684.9781025508496,3463462,
2025-07-21,1755.2391357421875,1788.1400331398183,1725.4104000885047,1747.8067204977333,650988,
2025-07-22,1721.0499267578125,1761.8787314042554,1714.6085005826249,1757.9147768349092,456869,
2025-07-23,1725.9058837890625,1736.3112650670955,1700.1401777672656,1719.068037612295,278934,
2025-07-24,1712.9239501953125,1724.3203201271876,1697.5636255045242,1724.3203201271876,166058,
2025-07-25,1713.2213134765625,1725.2122525562008,1687.1582622704032,1709.2573586753397,376869,
2025-07-28,1709.05908203125,1730.8608333573295,1681.7078181980464,1704.500558220766,497095,
2025-07-29,1713.8157958984375,1741.4644034338587,1700.437449120359,1702.617575762743,442463,
2025-07-30,1742.752685546875,1749.0950373551404,1710.9419728009348,1714.3113585400413,385517,
2025-07-31,1709.1580810546875,1766.8336932284287,1685.9690433559642,1750.085960802455,622290,
2025-08-01,1652.17626953125,1716.5905333656783,1645.041199463863,1704.5995945997904,214125,
2025-08-04,1660.302490234375,1668.1313251492888,1608.275583545157,1650.9871722711978,210226,
2025-08-05,1675.9599609375,1697.365412610515,1641.9691227345131,1672.88792030841,197782,
2025-08-06,1669.81591796875,1688.5456281269694,1644.9421264114649,1673.8789473436352,159501,
2025-08-07,1657.4285888671875,1665.8519927567963,1640.1853614167514,1664.1673603669944,248032,
2025-08-08,1639.5906982421875,1657.428493689972,1624.6267940328269,1651.5816365435842,108931,
2025-08-11,1649.8970947265625,1657.7259295742392,1630.275470269884,1635.131339046567,369305,
2025-08-12,1612.338623046875,1649.0052051321452,1605.5007767882646,1643.554767254605,211374,
2025-08-13,1625.0233154296875,1630.6719026203805,1604.4107021223915,1622.8430677118254,134127,
2025-08-14,1679.626708984375,1691.4194982672327,1625.2214071957744,1625.2214071957744,243641,
2025-08-18,1658.3204345703125,1697.8609059820196,1637.0141785507776,1683.689719869281,148861,
2025-08-19,1653.761962890625,1682.698784051567,1609.4646961699862,1658.8159809808192,236976,
2025-08-20,1630.37451171875,1659.6086774877465,1625.221419022164,1653.6627454669335,86667,
2025-08-21,1574.6810302734375,1639.1943698747211,1566.6540460689985,1635.1313404349728,3645917,
2025-08-22,1590.0413818359375,1594.99632537547,1568.5369752624874,1574.681056863387,554087,
2025-08-25,1580.4288330078125,1603.1223775457122,1571.6090093510516,1590.0413750453324,1961794,
2025-08-26,1548.7171630859375,1590.0413428030774,1541.482897307689,1575.5729322168784,737402,
2025-08-28,1545.5458984375,1570.71703473392,1531.8703274365057,1568.8341320755108,323930,
2025-08-29,1534.64501953125,1547.7261424667622,1506.401842632005,1545.7441651404995,458704,
2025-09-01,1546.933349609375,1553.7711957844117,1526.122587058576,1545.94236091648,135915,
2025-09-02,1537.5189208984375,1554.3657282817917,1535.1405238973166,1550.8972679381598,89974,
2025-09-03,1551.9873046875,1562.690030524006,1540.6900098534757,1546.9332867531534,954704,
2025-09-04,1540.293701171875,1563.879158369184,1534.0504243127175,1552.7801339198966,525937,
2025-09-05,1535.635986328125,1547.7261204283516,1522.554984549172,1536.032405981792,167009,
2025-09-08,1533.0594482421875,1546.536869746961,1527.113516316232,1546.536869746961,105826,
2025-09-09,1589.05029296875,1599.8520933981436,1533.25758384216,1535.041411792076,623935,
2025-09-10,1568.437744140625,1609.7620449078352,1560.906254324943,1597.4737610136704,248548,
2025-09-11,1569.032470703125,1576.56396069437,1559.8162273250912,1568.7351257024266,218717,
2025-09-12,1599.4556884765625,1605.2034710611886,1564.2755912393147,1571.113437149909,372217,
2025-09-15,1655.2484130859375,1659.9060114164204,1588.7529769866908,1599.4557029409568,358797,
2025-09-16,1698.3564453125,1709.4554701216928,1658.4195531876248,1669.815922988436,406161,
2025-09-17,1677.8428955078125,1710.347372320845,1665.7528821037376,1704.5005149649871,227022,
2025-09-18,1668.428466796875,1729.473343437362,1660.8969772516068,1687.653670799216,399160,
2025-09-19,1669.2213134765625,1714.1130269336263,1658.9150072779096,1675.6627397294335,660439,
2025-09-22,1638.0052490234375,1683.6898039718749,1632.9512308394771,1669.2213931229749,119952,
2025-09-23,1640.383544921875,1659.9059727505855,1627.5997672660358,1651.3834946367904,140911,
2025-09-24,1639.6898193359375,1654.7529196116095,1633.0502436749496,1649.005136972026,125768,
2025-09-25,1643.85205078125,1658.2213864665046,1622.9420931112977,1640.0862454549267,155533,
2025-09-26,1599.1583251953125,1645.338492746157,1590.5367723873117,1627.2033521868946,147048,
2025-09-29,1598.4647216796875,1627.9962323778211,1582.9062479783013,1603.419665020294,418238,
2025-09-30,1598.7620849609375,1628.2934750266668,1586.7710251632334,1613.230495486994,183007,
2025-10-01,1598.662841796875,1610.2574815840878,1577.1584364799255,1598.7620374381106,218770,
2025-10-03,1599.257568359375,1607.9781960967823,1584.789036962007,1598.6628783795293,174603,
2025-10-06,1643.5546875,1653.8609937260155,1578.446781128546,1599.257542923843,254214,
2025-10-07,1647.5186767578125,1659.8069605559604,1635.1313182859494,1650.9871371299344,99963,
2025-10-08,1673.97802734375,1692.6086628877767,1644.149292314787,1657.4285648008236,449032,
2025-10-09,1681.5096435546875,1689.635702356789,1656.4375815186934,1661.8880192682311,140768,
2025-10-10,1853.346923828125,1930.346814473184,1686.2662617235749,1686.2662617235749,14534247,
2025-10-13,1781.9957275390625,1836.69837315604,1769.9057144955752,1816.482180666512,1042994,
2025-10-14,1855.725341796875,1881.887466632908,1773.8697026186971,1782.8876752368335,3585496,
2025-10-15,1937.48193359375,1980.9863606044864,1863.0587083223784,1927.4729721739493,7094725,
2025-10-16,1953.5360107421875,1985.9412918163416,1891.103724622213,1920.5360396906533,2679217,
2025-10-17,1909.5361328125,1960.6711250721803,1898.7343318869328,1950.2657438170584,669152,
2025-10-20,1887.9324951171875,1922.5180239692504,1845.61732720454,1918.0585749445795,778439,
2025-10-21,1898.0406494140625,1912.509059812484,1883.8694630346783,1894.57218906655,52989,
2025-10-23,1835.5091552734373,1902.1036660836987,1829.7614936037864,1901.707246423996,303295,
2025-10-24,1878.91455078125,1891.2028346956088,1826.491225038494,1848.1939014805016,348115,
2025-10-27,1923.806396484375,1935.995484815801,1872.9686281882875,1878.518140670341,569518,
2025-10-28,1889.51806640625,1924.5000151731604,1875.7434205404147,1923.5090264938744,316026,
2025-10-29,1892.490966796875,1901.1126405897696,1861.3740201229296,1887.9324432243468,162596,
2025-10-30,1896.55419921875,1940.7522705033432,1883.076656287585,1892.491048822276,566326,
2025-10-31,1858.5001220703125,1897.4459030908545,1853.9415985144344,1897.4459030908545,151996,
2025-11-03,1883.8695068359373,1892.7884050797688,1844.229959085576,1858.500220469766,172062,
2025-11-04,1888.2298583984373,1922.5180425928904,1873.9595971871936,1889.5180711025323,266994,
2025-11-06,1825.401123046875,1888.2298286747955,1819.45519104998,1888.2298286747955,244304,
2025-11-07,1832.7344970703125,1837.3920954987384,1801.2210085191862,1823.4191792431627,235066,
2025-11-10,1827.2840576171875,1847.59932562802,1804.7885419205743,1814.9957737482828,147135,
2025-11-11,1823.419189453125,1836.3020424220872,1809.7434971441069,1829.761541262674,103987,
2025-11-12,1823.419189453125,1838.284019801928,1791.8066260506116,1826.986724542778,252740,
2025-11-13,1871.6802978515625,1888.0316113015303,1819.554316744512,1825.5002489081369,357069,
2025-11-14,1857.11279296875,1900.121726028788,1848.5903144842976,1877.8244806489608,284656,
2025-11-17,1889.71630859375,1892.788349259746,1858.7973896781148,1864.2478273330512,205924,
2025-11-18,1863.9505615234373,1889.0225015918188,1858.797348001226,1889.0225015918188,131300,
2025-11-19,1858.5992431640625,1894.6712548020948,1846.211884838522,1863.9506061547552,127977,
2025-11-20,1900.1217041015625,1919.445983207746,1849.085787487796,1876.9325449800829,367033,
2025-11-21,1903.5902099609373,1930.5450540986435,1878.9145672413968,1907.653239419668,485135,
2025-11-24,1863.8515625,1911.3198236171893,1836.7975230786744,1909.5361165708048,333641,
2025-11-25,1809.4462890625,1862.8606041138955,1803.5994315463936,1857.2118959494,253693,
2025-11-26,1834.320068359375,1843.63538625553,1793.8876813493955,1814.797639520764,316546,
2025-11-27,1826.2930908203125,1857.8064587496715,1809.545357675152,1834.0227300617173,215165,
2025-11-28,1798.842529296875,1840.860471788556,1791.7074594835092,1826.986630841228,297113,
2025-12-01,1820.0498046875,1826.8876508456688,1801.6174392391788,1809.3471994128129,178517,
2025-12-02,1831.6444091796875,1843.8334972520224,1803.599381399478,1823.4191548214503,248199,
2025-12-03,1848.0948486328125,1879.8064869952127,1826.6895169322524,1834.320081525085,559106,
2025-12-04,1830.157958984375,1852.058784814236,1814.6984386618387,1848.094830058776,143925,
2025-12-05,1821.338134765625,1844.725443619876,1800.725521656961,1838.0858677951271,179118,
2025-12-08,1795.4732666015625,1833.4280589369127,1769.9057112977223,1833.3289842669576,228640,
2025-12-09,1790.1219482421875,1807.067830215768,1765.0498866352816,1793.887632586152,301851,
2025-12-10,1779.815673828125,1801.7164995180303,1768.914798320269,1801.617424843837,78895,
2025-12-11,1759.30224609375,1781.4012210014805,1750.185077686138,1779.815663312856,289405,
2025-12-12,1782.8876953125,1796.46431269888,1769.212124223292,1769.212124223292,495707,
2025-12-15,1776.2481689453125,1790.9147291138122,1768.9148283759123,1782.8877448429732,63859,
2025-12-16,1808.356201171875,1831.842584623396,1770.3022114654873,1776.7436379193969,328010,
2025-12-17,1811.22998046875,1829.166972535414,1788.7345855920828,1807.166951033487,121148,
2025-12-18,1775.5543212890625,1807.3651538283373,1768.9147457017173,1794.7795253523725,123552,
2025-12-19,1808.2569580078125,1820.941661233366,1775.8516772409207,1775.8516772409207,227855,
2025-12-22,1781.6986083984375,1821.2390817330247,1777.8337282733485,1803.5994344802089,155929,
2025-12-23,1777.536376953125,1798.0499155578082,1771.1941460702335,1791.1129946806332,121814,
2025-12-24,1755.4373779296875,1788.7345734971257,1749.590520503698,1773.869743246457,103089,
2025-12-26,1761.5814208984375,1788.1399654209386,1754.1490059354574,1756.9238225764216,95640,
2025-12-29,1783.7796630859375,1790.7165839979382,1749.0950585259332,1761.5814919734746,322808,
2025-12-30,1795.3741455078125,1806.671440668596,1758.0139206112397,1782.788637643529,404889,
2025-12-31,1808.8516845703125,1813.5092829745324,1780.6085072125124,1795.374141756668,367823,
2026-01-01,1795.176025390625,1817.671420434118,1787.4462651625674,1808.8517178032496,112678,
2026-01-02,1773.96875,1807.2659442925733,1767.3291744636997,1790.2209879792008,155242,
2026-01-05,1786.7525634765625,1798.8425768047027,1773.968785500558,1776.7436021514245,147231,
2026-01-06,1788.437255859375,1802.9057876342367,1778.1310701708433,1792.6985556511988,143989,
2026-01-07,1783.6805419921875,1788.536410698281,1769.4102808648022,1787.7435713694222,295013,
2026-01-08,1759.8968505859375,1789.6265114856258,1743.545537091109,1774.8607557113874,107731,
2026-01-09,1726.0048828125,1770.797642361587,1710.6445587419887,1759.8967672147724,125140,
2026-01-12,1721.6446533203125,1732.2481836306197,1665.8519431825353,1724.3202743233855,160794,
2026-01-13,1722.932861328125,1731.257190272205,1708.4644510757191,1719.4644010156164,70975,
2026-01-14,1737.7977294921875,1751.8698413663058,1704.500533953208,1718.374375508641,86369,
2026-01-15,1737.7977294921875,1737.7977294921875,1737.7977294921875,1737.7977294921875,0,
2026-01-16,1738.7886962890625,1757.1219866851286,1726.5004125862883,1744.140059301433,183380,
2026-01-19,1746.1220703125,1754.9418938401477,1706.6806720955285,1726.5004458788712,167121,
2026-01-20,1696.770751953125,1746.1220360946568,1683.3924049115371,1739.7796844142151,195048,
2026-01-21,1603.2215576171875,1728.0861330670964,1586.5728991690798,1693.104183779121,994813,
2026-01-22,1533.951416015625,1643.95116050312,1515.8162746174048,1585.5819025224523,2035590,
2026-01-23,1546.1405029296875,1569.7260820967865,1527.1135685045126,1541.978398827399,617465,
2026-01-27,1542.176513671875,1557.437763322639,1524.239643010976,1546.9333076568885,141753,
2026-01-28,1515.6180419921875,1553.176535438599,1494.708205995622,1542.3747351271095,409930,
2026-01-29,1514.8253173828125,1547.9243644793112,1501.1497457717703,1516.7082201252151,449086,
2026-01-30,1556.34765625,1574.5818713864337,1508.7802016177177,1514.8252081165117,482770,
2026-02-02,1556.0504150390625,1603.122378491356,1502.9334446848504,1602.3296601101297,538226,
2026-02-03,1569.032470703125,1605.5998572739588,1550.897328947756,1605.4017079203609,371475,
2026-02-04,1548.1224365234375,1582.1133959552544,1541.3837862164849,1569.0323940291796,132201,
2026-02-05,1536.032470703125,1552.08643910558,1525.3297444546222,1548.122484342475,87008,
2026-02-06,1538.7080078125,1546.239618227637,1518.1945914209734,1536.032386881533,79648,
2026-02-09,1559.4197998046875,1568.73511781267,1532.7621794835518,1547.924355036886,309924,
2026-02-10,1661.6898193359375,1672.788843845372,1565.7620694761183,1569.726024082387,507715,
2026-02-11,1687.9510498046875,1692.410498819174,1644.4466230026394,1669.8159087576578,575397,
2026-02-12,1689.9329833984375,1694.5905816382146,1654.9510358688997,1678.7347633304887,121469,
2026-02-13,1641.9691162109375,1676.3563739324136,1626.5097174854095,1664.8609298016515,141869,
2026-02-16,1606.9871826171875,1630.9691807080178,1600.4466816725228,1610.4556429180257,100016,
2026-02-17,1636.419677734375,1640.4827071830937,1596.4827850038257,1596.4827850038257,80666,
2026-02-18,1642.662841796875,1645.5367332154606,1618.2845440173726,1635.1313518852814,80604,
2026-02-19,1641.57275390625,1662.7799359231851,1624.428601296834,1650.5907267303292,180291,
2026-02-20,1671.50048828125,1688.2482204670748,1631.8609427386075,1640.086196826823,526249,
2026-02-23,1666.446533203125,1678.734816978372,1641.671816305569,1671.5005512561668,187804,
2026-02-24,1608.176513671875,1670.1133075344794,1575.77111054078,1670.1133075344794,334083,
2026-02-25,1614.9151611328125,1644.9421671273417,1569.329680938264,1616.1044201548505,276162,
2026-02-26,1645.3385009765625,1654.7528931343593,1607.680932345375,1617.2934738446918,133512,
2026-02-27,1583.1043701171875,1646.0321494614388,1566.257563048648,1645.6357298069438,974472,
2026-03-02,1530.58203125,1582.212517789592,1525.3297428064418,1560.807186286015,199684,
2026-03-04,1469.4381103515625,1509.2758081806865,1458.3389641964177,1500.0595647721584,207874,
2026-03-05,1448.4290771484375,1478.951577863699,1430.2940563024797,1478.951577863699,295136,
2026-03-06,1443.5731201171875,1485.2938391176788,1426.8255086846364,1437.032619211957,359915,
2026-03-09,1470.0325927734375,1473.600127731924,1389.2670175144249,1413.14981986935,579665,
2026-03-10,1463.2938232421875,1477.7622334058212,1437.9245378775522,1476.771244751185,241682,
2026-03-11,1469.537109375,1482.5190366381332,1452.7893768125025,1465.672229403609,279168,
2026-03-12,1436.239990234375,1462.203846128578,1425.6363384223898,1461.708351772045,146992,
2026-03-13,1385.501220703125,1438.9155336461708,1382.2310307088335,1427.0236697317396,548247,
2026-03-16,1399.2760009765625,1412.1588536767715,1364.8887425418152,1387.3841369456002,344382,
2026-03-17,1422.0687255859375,1428.1137322114423,1387.8796168523384,1408.6903786901812,343567,
2026-03-18,1483.212646484375,1490.6450612712686,1417.510172350411,1423.951598499052,199413,
2026-03-19,1427.9156494140625,1475.8795269363538,1424.0507692700005,1475.8795269363538,207893,
2026-03-20,1404.0328369140625,1450.411035437906,1397.39314004961,1431.780520481769,269220,
2026-03-23,1370.537353515625,1400.9606578049672,1349.3301714291326,1397.4921974019994,649938,
2026-03-24,1394.618408203125,1421.077757389838,1359.6364596505282,1408.194904638047,230988,
2026-03-25,1436.7354736328125,1444.5641876300806,1399.1769775000205,1405.2219844095555,210536,
2026-03-27,1385.699462890625,1436.7353778208112,1372.5192655982073,1436.7353778208112,287286,
2026-03-30,1335.753662109375,1391.3481027027992,1330.0058793938513,1387.384147994244,344621,
2026-04-01,1377.67236328125,1404.6273269563671,1349.825606603557,1364.7895109206531,251619,
2026-04-02,1374.798583984375,1385.3030393385905,1310.5824719426591,1349.52837375032,243243,
2026-04-06,1390.059814453125,1397.0959310669457,1351.2131054281303,1367.5644191351814,261005,
2026-04-07,1385.798583984375,1394.3210623748384,1353.888676143867,1372.519311577222,197988,
2026-04-08,1455.365966796875,1458.7353525389187,1411.266970065909,1446.8434882519166,222887,
2026-04-09,1457.744384765625,1481.2307686813424,1433.9606558503465,1455.0687636507764,424150,
2026-04-10,1495.40185546875,1505.2126671837766,1456.7532985679672,1459.1316954943816,404524,
2026-04-13,1498.6722412109375,1519.1856586638762,1417.113823802572,1472.3118453345946,291368,
2026-04-15,1547.4288330078125,1553.8702594660583,1511.5550909669323,1516.2126894024675,239338,
2026-04-16,1547.3297119140625,1555.8521901629342,1517.2036325728996,1547.428786585619,247776,
2026-04-17,1507.392822265625,1560.509790097231,1501.3478156507929,1541.38378159554,576905,
2026-04-20,1502.04150390625,1520.1766452593276,1481.9245061502518,1520.1766452593276,260472,
2026-04-21,1499.7623291015625,1515.6181483684582,1486.4830562714772,1511.6541935517344,353133,
2026-04-22,1511.2576904296875,1522.1585655737706,1484.798341877167,1501.7442235889102,540645,
2026-04-23,1566.4556884765625,1597.473681170281,1498.1766682350344,1521.1675562012292,2928832,
2026-04-24,1506.8973388671875,1580.6269196913645,1477.465023923122,1575.6719763694475,1139761,
2026-04-27,1560.509765625,1564.7710651722311,1504.5189073715287,1506.897304305558,567338,
2026-04-28,1584.1944580078125,1608.374605663479,1555.5548613530789,1560.5098046853757,672007,
2026-04-29,1587.761962890625,1599.6538266625294,1568.4376842612808,1592.5187567875043,431680,
2026-04-30,1566.257568359375,1575.771035248043,1554.167555163194,1567.744051341051,277687,
2026-05-01,1566.257568359375,1566.257568359375,1566.257568359375,1566.257568359375,0,
2026-05-04,1555.455810546875,1583.0053442852732,1536.0324565803062,1572.401692809282,399484,
2026-05-05,1544.9512939453125,1558.7260602726872,1524.8341761106974,1555.8521690148432,418928,
2026-05-06,1576.6629638671875,1594.996254144713,1543.0684239753923,1564.7710999033873,456933,
2026-05-07,1579.1405029296875,1595.293667224776,1565.7621553993763,1584.7890901654762,223943,
2026-05-08,1577.9512939453125,1594.8971758613004,1560.906216386947,1579.5368516095034,369396,
2026-05-11,1557.3387451171875,1577.654013507199,1545.9423750447424,1562.6901083017872,158224,
2026-05-12,1526.0234375,1577.0593526797234,1516.6090453794686,1557.338654464762,257072,
2026-05-13,1544.753173828125,1561.699055744551,1518.4919743001803,1531.0774819122469,278572,
2026-05-14,1641.17626953125,1654.9510358802402,1559.6179766925018,1559.8161260332322,1323852,
2026-05-15,1664.8609619140625,1700.5365539550785,1652.4736035664876,1654.951075236003,505345,
2026-05-18,1653.365478515625,1662.8789453078327,1622.545755868758,1652.4735645416038,134209,
2026-05-19,1631.761962890625,1661.5906984507549,1615.6089197255194,1653.3655648548693,378037,
2026-05-20,1759.5994873046875,1788.734578877697,1615.5097081140532,1615.5097081140532,3191014,
2026-05-21,1879.2119140625,1912.6081847553407,1755.140056645414,1768.9148237244997,1722042,
2026-05-22,1946.3017578125,1961.1665879383595,1867.5181581454465,1882.680333261941,2440357,
2026-05-25,1918.5540771484373,1966.418878597646,1894.274854581218,1946.3017600824023,824325,
2026-05-26,1990.995361328125,2031.4276274694064,1870.9866546542653,1918.355962625264,2522180,
2026-05-27,1948.8782958984373,2029.5447978996408,1907.157697049736,1990.8962397365128,1155522,
2026-05-28,1948.8782958984373,1948.8782958984373,1948.8782958984373,1948.8782958984373,0,
2026-05-29,1947.292724609375,1968.4008315390608,1890.211801761449,1952.247667928992,1178387,
2026-06-01,1925.0946044921875,2006.7520967207097,1904.2838420076764,1966.7161294612097,586383,
2026-06-02,1889.0225830078125,1944.3198000203645,1878.0226327980872,1918.1576745416269,496274,
2026-06-03,1916.2747802734373,1942.3378311923525,1888.725367290746,1889.0225913153813,764419,
2026-06-04,1968.00439453125,1990.6980589291063,1901.707229305136,1924.995462702046,902558,
2026-06-05,1954.92333984375,2011.409695158404,1943.031475566981,1981.97737946152,951148,
2026-06-08,1888.626220703125,1957.6980813350283,1840.9595697825127,1945.3107231894005,479458,
2026-06-09,1957.9954833984373,1976.923343002686,1888.6262757606592,1902.797341310198,721557,
2026-06-10,1960.7701416015625,1975.0404025223256,1936.391844720836,1956.409767296566,678230,
2026-06-11,1948.28369140625,1967.7070448070856,1897.7432701134123,1948.28369140625,445629,
2026-06-12,1948.8782958984373,1962.1575682818795,1926.6801254773509,1962.1575682818795,281125,
2026-06-15,1916.4730224609373,1999.1215021363853,1901.7072670118096,1981.9773496735904,596415,
2026-06-16,1896.35595703125,1934.3108727275485,1873.1667971972065,1922.518082972984,510643,
2026-06-17,1882.6802978515625,1950.1666011595885,1877.0315899278007,1902.6982203230937,839867,
2026-06-18,1924.5,1948.283728115345,1884.8604531410915,1910.626158599382,801616,
2026-06-19,1988.800048828125,2016.5,1921.0,1921.0,1088874,
2026-06-22,2061.699951171875,2110.0,1981.300048828125,2003.0,2750046,
2026-06-23,2023.199951171875,2076.0,1978.0999755859373,2076.0,797690,
2026-06-24,2028.5,2070.0,2011.0999755859373,2025.0,1421800,
2026-06-25,1991.9000244140625,2053.89990234375,1985.0,2032.0,464660,
2026-06-26,1991.9000244140625,1991.9000244140625,1991.9000244140625,1991.9000244140625,0,
2026-06-29,1993.4000244140625,2017.800048828125,1949.5,1990.0999755859373,769232,
2026-06-30,1970.5999755859373,2002.199951171875,1955.199951171875,1987.0,579724,
2026-07-01,1911.699951171875,1990.0,1900.0,1970.5999755859373,452813,
2026-07-02,1938.0,1951.0,1876.199951171875,1924.9000244140625,704700,
2026-07-03,1906.699951171875,1968.0,1893.9000244140625,1938.0,452279,
2026-07-06,1892.0,1928.9000244140625,1888.0,1908.699951171875,276858,
2026-07-07,1906.9000244140625,1926.0,1879.699951171875,1891.0,337759,
2026-07-08,1886.199951171875,1920.4000244140625,1858.800048828125,1906.699951171875,254484,
2026-07-09,1870.4000244140625,1907.4000244140625,1865.5999755859373,1898.0,214737,
2026-07-10,1856.199951171875,1901.5,1850.0,1886.199951171875,577543,
2026-07-13,1835.4000244140625,1895.9000244140625,1829.4000244140625,1857.0,324577,1835.4000244140625
2026-07-14,1848.5999755859373,1852.9000244140625,1831.0,1838.9000244140625,112339,1848.5999755859373
2026-07-15,1855.699951171875,1863.9000244140625,1825.0,1852.9000244140625,144266,1855.699951171875
2026-07-16,1839.9000244140625,1866.0,1833.4000244140625,1866.0,113550,1839.9000244140625
2026-07-17,1817.0999755859373,1849.9000244140625,1801.0,1842.9000244140625,180864,1817.0999755859373
2026-07-20,1822.5999755859373,1862.5999755859373,1815.0,1815.0,106024,1822.5999755859373
2026-07-21,1818.800048828125,1836.4000244140625,1808.0,1808.0,132112,1818.800048828125
2026-07-22,1761.4000244140625,1854.0,1680.0,1830.0,1705525,1761.4000244140625
2026-07-23,1811.0,1817.0,1742.800048828125,1765.699951171875,272646,1811.0
2026-07-24,1775.300048828125,1799.9000244140625,1751.699951171875,1799.9000244140625,187353,1775.300048828125
2026-07-27,1735.199951171875,1796.9000244140625,1713.0,1787.699951171875,387586,1735.199951171875
2026-07-28,1781.300048828125,1784.199951171875,1727.800048828125,1735.199951171875,363544,1781.300048828125
2026-07-29,1780.699951171875,1799.0999755859375,1761.800048828125,1779.4000244140625,210812,1780.699951171875
2026-07-30,1773.699951171875,1805.0,1758.0999755859375,1781.199951171875,176583,1773.699951171875
2026-07-31,1756.4000244140625,1799.0,1751.0,1781.699951171875,175054,1756.4000244140625
2026-08-03,1780.0999755859375,1793.800048828125,1755.0,1765.9000244140625,206782,1780.0999755859375
2026-08-04,1778.5,1784.0,1752.199951171875,1781.199951171875,178632,1778.5
2026-08-05,1747.800048828125,1783.0999755859375,1725.0,1783.0999755859375,474600,1747.800048828125
2026-08-06,1735.5,1755.5,1721.5,1747.9000244140625,204750,1735.5
2026-08-07,1755.199951171875,1764.0,1730.0,1736.0,156599,1755.199951171875
2026-08-10,1739.4000244140625,1783.800048828125,1734.4000244140625,1750.0,193310,1739.4000244140625
2026-08-11,1746.0999755859375,1759.0,1705.199951171875,1731.0,259631,1746.0999755859375
2026-08-12,1736.199951171875,1754.0,1709.4000244140625,1754.0,195930,1736.199951171875
2026-08-13,1758.199951171875,1779.5,1727.5999755859375,1730.0999755859375,208826,1758.199951171875
2026-08-14,1718.0999755859375,1765.0,1714.4000244140625,1758.199951171875,242658,1718.0999755859375
