Date,Close,High,Low,Open,Volume,Adj Close
2012-11-27,354.3673400878906,354.3673400878906,354.3673400878906,354.3673400878906,1205,
2012-11-29,336.6631774902344,336.6631774902344,336.6631774902344,336.6631774902344,764,
2012-11-30,319.8584289550781,319.8584289550781,319.8584289550781,319.8584289550781,151,
2012-12-03,303.9057312011719,303.9057312011719,303.9057312011719,303.9057312011719,5313,
2012-12-04,288.71044921875,288.71044921875,288.71044921875,288.71044921875,2033,
2012-12-05,288.4264221191406,302.6749795493224,274.31989983041785,274.31989983041785,38511,
2012-12-06,294.6749572753906,299.07732435258697,274.5565866983559,283.0773083545118,59003,
2012-12-07,294.86431884765625,298.2252586179697,285.01812846506266,288.75779009041514,20519,
2012-12-10,290.08319091796875,301.39682584478743,285.91751110420546,301.39682584478743,4707,
2012-12-11,292.4027709960937,293.49152409732545,280.42642909770325,284.0240555780569,3628,
2012-12-12,285.91754150390625,294.6276238616556,283.976722067222,294.6276238616556,6202,
2012-12-13,280.8524475097656,286.86429579079623,272.6630930288756,272.6630930288756,60544,
2012-12-14,281.3258056640625,288.7577738178585,276.59207166704846,288.7577738178585,8304,
2012-12-17,279.3376159667969,285.8701916308547,272.23701536883647,277.49147714677787,3969,
2012-12-18,274.41455078125,280.1897117245322,247.337588000596,247.337588000596,6801,
2012-12-19,275.5032958984375,282.13052294754084,269.6334546694078,270.0121764718616,3055,
2012-12-20,268.49737548828125,290.6512429510153,251.8346274428993,251.8346274428993,10200,
2012-12-21,265.32574462890625,277.3967642328975,252.78135170711136,255.81095249802007,9846,
2012-12-24,257.79913330078125,268.45003443794496,238.1541523162219,238.1541523162219,5355,
2012-12-26,258.6512145996094,264.14233400035613,252.78137339819023,252.78137339819023,3357,
2012-12-27,258.3671875,266.03584210792934,248.04765349564943,254.67488087912096,12324,
2012-12-28,262.2488708496094,268.8760986328125,257.51513671875,258.4618835449219,4294,
2012-12-31,256.8523864746094,267.92933521170744,250.93521917753105,258.9352409201483,16751,
2013-01-01,268.3553771972656,279.29029057642634,258.9352355005173,258.9352355005173,2230,
2013-01-02,262.81689453125,272.66305461382126,257.5151071352756,265.0890808745485,10559,
2013-01-03,259.3612976074219,265.08910419466014,254.6748893870128,259.40862339048886,14504,
2013-01-04,258.6512145996094,261.2074133996465,255.6689393276073,257.515106982426,5266,
2013-01-07,255.90565490722656,258.46188288836527,250.88790829823003,255.6216424170645,4997,
2013-01-08,255.76364135742188,263.4322961893976,250.88790113275965,250.88790113275965,6945,
2013-01-09,252.7813720703125,257.3730994013839,251.83462535843867,251.9293058081094,2398,
2013-01-10,248.09500122070312,255.14827683107225,220.1659835091525,220.1659835091525,3899,
2013-01-11,242.1304931640625,248.0476606411901,237.68078611050447,248.0476606411901,3563,
2013-01-14,245.20741271972656,246.01215325037924,238.58018534892315,238.58018534892315,1817,
2013-01-15,243.0772399902344,246.0121608377337,227.45591784870032,241.4204330964353,6092,
2013-01-16,240.6630249023437,250.6038803863643,228.2133107144256,250.6038803863643,4535,
2013-01-17,246.24884033203125,248.0476534141848,232.4263317297037,240.0476461074348,7252,
2013-01-18,247.8109588623047,254.2961798010816,237.82277787947243,241.42041837588425,5034,
2013-01-21,248.61572265625,250.88790926354903,243.07724793741968,248.1423492425452,1907,
2013-01-22,247.6689453125,251.73994461178816,240.47366453226388,251.73994461178816,4414,
2013-01-23,242.31983947753903,250.41452747026207,239.5269393193811,250.41452747026207,4902,
2013-01-24,238.81686401367188,245.6807778455812,226.74584313686583,244.7340311101454,30215,
2013-01-25,231.62161254882807,239.4796143431048,227.455932160788,239.4322741110612,6237,
2013-01-28,227.59793090820312,235.7399593801377,223.71627759416788,235.7399593801377,2632,
2013-01-29,230.76953125,231.9529647435897,222.67484326460425,223.4322435897436,2880,
2013-01-30,234.60386657714844,237.7281339949219,223.6689378380464,227.2665786692337,2675,
2013-01-31,226.5565185546875,245.20742815441025,216.61567687275195,228.2606657322613,33709,
2013-02-01,225.98846435546875,227.2192381178492,215.2428965538716,223.43225081588497,3976,
2013-02-04,217.60975646972656,225.04171013798623,214.438148930026,221.01803626181567,3453,
2013-02-05,209.6097412109375,216.80502285717043,207.6215815467856,215.85827603246665,5247,
2013-02-06,209.2310333251953,213.7280804215513,199.1481861402702,204.49729953955745,17853,
2013-02-07,206.29611206054688,213.0180197970714,195.9765782133057,196.02391844028017,18993,
2013-02-08,196.7339782714844,205.7754126568784,193.1363377188522,202.65114548100803,9629,
2013-02-11,190.86415100097656,197.6333844999772,187.45585691494844,197.6333844999772,15831,
2013-02-12,187.0298309326172,192.1895980400161,181.1126635052768,192.1895980400161,2030,
2013-02-13,187.8345489501953,190.4381025061624,181.8700559971288,185.5623625343804,4250,
2013-02-14,188.0712432861328,192.4736245093605,179.26650973209647,187.50320388218088,7988,
2013-02-15,185.94107055664065,188.40261807886867,175.14816253563168,180.82864348273327,19740,
2013-02-18,184.37892150878903,186.5091016032424,178.03572145010318,179.88187464272104,4715,
2013-02-19,184.4736328125,187.3611991998668,177.98841099509855,180.7339711309004,9034,
2013-02-20,184.5682830810547,186.50911688201296,181.7753829509974,181.7753829509974,4389,
2013-02-21,192.37893676757807,198.81681755872137,181.7753760536881,184.615616304527,3364,
2013-02-22,184.4736328125,198.81684206899303,182.24877189657693,198.81684206899303,5295,
2013-02-25,182.201416015625,189.9647367689911,177.23099539078453,184.1422498155189,4789,
2013-02-26,180.4026031494141,184.61562346225963,175.38484228914666,184.4736172226956,2816,
2013-02-27,179.6925506591797,180.781303731778,171.55052216825376,176.42627699517467,1761,
2013-02-28,177.3730010986328,182.24874085470395,173.96470717949012,179.88187409035712,137330,
2013-03-01,174.91146850585938,179.8818891264589,174.1067279602309,178.9824825700685,590,
2013-03-04,173.3966827392578,177.89373035301307,170.41443588967283,172.35526985432514,1729,
2013-03-05,176.42626953125,179.88188952522447,172.40259568660684,177.04164916429986,2076,
2013-03-06,176.23690795898438,177.98839528683325,174.5801010879633,177.04164850339265,3988,
2013-03-07,170.3197479248047,184.42628427557133,160.99430037253413,160.99430037253413,7859,
2013-03-08,165.68067932128906,170.41441301618303,164.78127280850097,170.41441301618303,4679,
2013-03-11,171.7871856689453,178.93512613666206,160.52090572771283,165.68067234876116,6473,
2013-03-12,168.52093505859375,173.25466918945312,163.31382751464844,173.25466918945312,4591,
2013-03-13,166.2960662841797,170.13039363601072,160.00020596977012,168.52092699774605,3460,
2013-03-14,160.80494689941406,175.1481548859117,153.37297887306863,166.29606668481563,5233,
2013-03-15,157.77536010742188,160.94696790041436,155.97654683290156,160.80496164839832,2263,
2013-03-18,155.02978515625,157.6333388000954,153.37297829198474,156.21321863072518,4892,
2013-03-19,156.1185302734375,159.0534509200893,152.47356402424398,154.41439771340347,2723,
2013-03-20,153.1836395263672,155.26647965691302,151.47949234820783,153.42032623316126,2925,
2013-03-21,150.39073181152344,153.7990115524786,145.51497722582388,153.37297839063535,13773,
2013-03-22,146.6510772705078,153.37298549991402,142.01202361103148,153.37298549991402,5467,
2013-03-25,142.8640899658203,152.14221173043796,137.37296994348443,150.5327450188495,9228,
2013-03-26,140.1185302734375,142.95877075195312,114.65103920479304,114.65103920479304,8442,
2013-03-28,139.45579528808594,147.02976907756832,134.58004099338154,138.22502165805335,6458,
2013-04-01,144.71026611328125,147.02979307565997,134.4380567061901,137.27829734082792,9121,
2013-04-02,156.68658447265625,159.05345130759062,142.48538346304994,146.74574376593182,171516,
2013-04-03,166.01206970214844,179.881905591652,160.0002212894168,160.0002212894168,9074,
2013-04-04,161.704345703125,165.58599866032316,155.6924981396991,162.84043889922668,8593,
2013-04-05,162.88778686523438,166.2014006049378,158.58008611437805,160.47357967992286,2089,
2013-04-08,168.80494689941406,178.93513414426565,152.00019223771716,162.84043953869678,3621,
2013-04-09,167.76353454589844,171.73986832272632,163.07714065012948,167.5741880700895,2615,
2013-04-10,164.6865997314453,167.7635267709235,159.24280573852235,165.680686741134,1252,
2013-04-11,161.46766662597656,164.7339401359826,160.28423314798818,161.94104001717193,1920,
2013-04-12,163.31381225585938,164.73393236243209,157.49132559739485,157.49132559739485,1415,
2013-04-15,162.36708068847656,164.35525480192155,157.6333465576172,161.23098738631234,1292,
2013-04-16,163.6925048828125,165.20730543895982,158.15404514470444,162.84043859886012,1297,
2013-04-17,160.18955993652344,161.42033369854025,154.36707273995748,161.42033369854025,1866,
2013-04-18,158.0120391845703,164.73394741504768,153.37298552435473,153.37298552435473,2497,
2013-04-22,157.5860137939453,161.89371494638064,155.26648684916037,155.26648684916037,1588,
2013-04-23,159.00613403320312,160.47359457192303,152.4735864043348,157.5860137272569,1911,
2013-04-25,157.20730590820312,164.7812801578369,145.37297114315035,159.0534592423095,9533,
2013-04-26,153.0889434814453,158.58007740933877,149.77532992363822,152.94693725030848,3423,
2013-04-29,150.53274536132812,152.8996124267578,146.79309828719124,151.29014571150765,3650,
2013-04-30,148.8759307861328,153.37297797999057,144.56823005856404,150.01202403007605,2577,
2013-05-02,140.59190368652344,146.84043851774186,139.26646390836686,145.08895111083984,7293,
2013-05-03,140.355224609375,141.6333386726665,132.9232558414566,140.59191132878374,2958,
2013-05-06,136.71022033691406,140.5918876602252,133.34928104409096,138.27236108975276,3201,
2013-05-07,135.00608825683594,140.11851477416673,133.2072608183614,140.11851477416673,5667,
2013-05-08,134.20135498046875,135.62147513899222,132.54454812885805,135.38478844590497,2298,
2013-05-09,132.1185302734375,137.751671332142,127.8108290710596,133.06527715544536,28071,
2013-05-10,129.79898071289062,136.33152728340366,123.55044660058458,131.73979992627787,32466,
2013-05-13,130.7457275390625,138.2250208330525,126.2013404032547,138.2250208330525,10821,
2013-05-14,126.53270721435548,130.2723687250962,124.11851437078674,128.8049082590573,9070,
2013-05-15,125.77532958984376,128.75757650240777,123.3611221411814,128.66289603531862,5377,
2013-05-16,125.53863525390624,128.28419527842917,123.21909396681156,126.86407503549452,5690,
2013-05-17,123.07707214355467,124.3078457542319,123.07707214355467,124.2605055295504,8670,
2013-05-20,125.8699722290039,127.57411919656708,124.0238190333973,125.30193287062176,8465,
2013-05-21,122.98240661621094,126.72206812667434,121.46762036606545,124.07117413115716,5956,
2013-05-22,122.31967163085938,124.97056529917444,121.18357847192672,123.07707188555058,5458,
2013-05-23,119.384765625,123.07707945321744,118.5326920918568,122.0829924606996,1909,
2013-05-24,117.159912109375,118.81671894728537,115.88180542189365,118.81671894728537,7366,
2013-05-27,116.48072814941406,123.22409078655149,111.87195310031076,119.3430170609908,6603,
2013-05-28,116.2381591796875,116.82031874868456,113.52140465428718,114.4916730701358,5718,
2013-05-29,114.83126831054688,118.37274959450106,101.97521148983262,118.37274959450106,4003,
2013-05-30,110.75614166259766,112.551136759719,105.32263998919233,112.551136759719,18736,
2013-05-31,105.46817016601562,122.78746670736156,94.7467089860818,108.67005878775024,53979,
2013-06-03,101.78116607666016,105.27413115998142,100.22873797324638,102.84845993509704,12739,
2013-06-04,97.7545394897461,104.78898525947967,97.07535458334766,101.87818011338302,5062,
2013-06-05,99.59805297851562,103.52763556636968,94.1645514060436,98.96737703649646,243346,
2013-06-06,102.41183471679688,107.2146604359344,97.26940912852872,99.93764728417416,75618,
2013-06-07,107.26317596435548,112.55113585152804,104.01277086038792,104.01277086038792,43084,
2013-06-10,109.78587341308594,111.58086851300034,105.75925798188727,109.1551974583699,281679,
2013-06-11,106.0988540649414,111.58087231574908,104.78899313131215,109.73736077088977,14841,
2013-06-12,105.56520080566406,108.476005893292,104.15830723844114,104.20682361759232,2823,
2013-06-13,105.32263946533205,105.7592572912902,101.92670001102454,105.7592572912902,83887,
2013-06-14,103.52764129638672,106.72953016227945,102.1692713800064,104.06129190822246,8849,
2013-06-17,100.08319091796876,103.81872292591233,99.16143145980038,103.43061406997622,3853,
2013-06-18,99.0644073486328,102.84845578735911,96.39616910886642,99.45251620947462,8288,
2013-06-19,99.8406219482422,101.39304994050332,97.99711046881184,100.42278152002004,2941,
2013-06-20,99.01589965820312,99.93765173747587,96.54171211532864,98.67629977393968,2645,
2013-06-21,97.26941680908205,99.01590306443416,95.13482907703936,97.12387505404249,4750,
2013-06-24,94.79522705078124,96.9298221374148,93.33982433821514,96.39617151511617,3923,
2013-06-25,96.15360260009766,97.46346353642528,92.85468836606304,93.43685536226276,1660,
2013-06-26,93.3398208618164,95.66846659570504,92.32104344250064,94.50414743004109,3695,
2013-06-27,92.95172119140624,96.54171152320458,92.22401984826652,93.82495688112525,2836,
2013-06-28,94.4071273803711,95.18333773364918,91.54483088295494,91.54483088295494,1938,
2013-07-01,97.12386322021484,98.482240430807,94.4071162015908,94.4071162015908,11193,
2013-07-02,95.8140106201172,99.79210983370608,93.43685584930068,97.12387156327244,6645,
2013-07-03,93.92198181152344,99.4525085968614,93.67941471738476,96.78427056133584,7197,
2013-07-04,95.8140106201172,96.63873733228448,93.9219900802886,93.9219900802886,4347,
2013-07-05,95.0377960205078,97.02684939411157,93.58239327959616,95.81401377668516,15375,
2013-07-08,94.2615737915039,97.02683717034677,93.14576368353288,94.11603205523636,2406,
2013-07-09,91.78739166259766,94.11603736661364,90.23496366077389,94.11603736661364,12716,
2013-07-10,92.4180679321289,93.14576925442913,90.57455643512289,92.61211865705135,1615,
2013-07-11,96.49319458007812,97.99711364154196,91.44780159124088,92.56361179143396,7145,
2013-07-12,92.90320587158205,101.8781892064346,92.2725298864586,98.43373318176413,8317,
2013-07-15,91.1082000732422,93.14576213953244,90.47752416157708,91.83590133995727,12248,
2013-07-16,91.641845703125,93.0002229182036,89.41023286644473,89.41023286644473,4532,
2013-07-17,89.36172485351562,91.20523643212395,88.29443101407743,91.20523643212395,4572,
2013-07-18,89.50726318359375,91.20523294588416,88.34294402190461,88.68253649385055,5452,
2013-07-19,88.5369873046875,89.26468857020548,88.14887848256589,88.34293659490673,3930,
2013-07-22,101.49008178710938,105.66223922280658,87.3726798085323,88.2944319058658,172319,
2013-07-23,96.44468688964844,102.3633230449082,94.7467170761073,100.03467724868248,54029,
2013-07-24,91.4963150024414,97.02684203755798,90.86563904868515,97.02684203755798,8834,
2013-07-25,89.84685516357422,92.1269844942241,88.68253600826043,92.1269844942241,2491,
2013-07-26,90.28347778320312,91.2052298042431,87.9063157563435,89.2646929998975,3118,
2013-07-29,85.91726684570312,90.91414301293898,83.58862128474807,89.26468975031591,22953,
2013-07-30,83.1520004272461,86.35388916634841,82.08470664839885,84.41335233114957,22969,
2013-07-31,79.6590347290039,82.52133097100392,77.62147255494861,82.47281458963289,25319,
2013-08-01,79.02835845947266,79.70755078307582,78.00958107790859,79.56200904212082,23287,
2013-08-02,73.59485626220703,79.46498301154298,71.89688657137303,78.83430707443543,5354,
2013-08-05,77.62147521972656,78.05809305681323,69.95635306126641,71.79986457824707,26135,
2013-08-06,82.47281646728516,85.23808000949964,76.65120589312384,76.65120589312384,11138,
2013-08-07,86.7905044555664,90.72009439297057,81.64808643418556,84.84996767710714,4277,
2013-08-08,88.10037994384766,91.64185393355336,82.957954097262,86.3538937386704,3076,
2013-08-12,89.21617889404297,91.0111814058889,88.43996859404533,88.53699395622495,5809,
2013-08-13,88.34294891357422,90.76862013687322,87.3241640387642,90.7201037513828,9681,
2013-08-14,89.60428619384766,90.2349621409362,87.80929111564221,87.80929111564221,2030,
2013-08-16,83.44308471679688,87.80929263802462,82.95795050332713,87.80929263802462,3159,
2013-08-19,83.20052337646484,87.22713910784971,80.53228501745285,82.47282200582521,3671,
2013-08-20,80.38673400878906,84.26780753874928,78.00957943271254,83.4430808941448,3474,
2013-08-21,78.1551284790039,85.38362564347855,77.7185032245177,79.9501236739512,3004,
2013-08-22,79.85309600830078,81.5025494042676,78.78579479643437,80.04714673633426,490,
2013-08-23,82.37579345703125,82.47281882219225,80.04714768036307,81.7451174796435,895,
2013-08-26,83.92821502685547,87.22712900553294,81.55106045243686,84.26780747997809,1038,
2013-08-27,79.75605773925781,87.08158695681632,79.65903238193498,87.08158695681632,4042,
2013-08-28,80.72633361816406,84.41335675948791,78.73728769927591,81.6480931047755,5281,
2013-08-29,81.06592559814453,82.61835351582988,79.659032014492,80.09565722427115,2862,
2013-08-30,75.6324234008789,82.42430261233912,74.75918771002559,80.09566423331574,8321,
2013-09-02,80.96890258789062,90.72010388045008,75.77796764315785,81.89066209559229,188104,
2013-09-03,77.9610595703125,82.3757834744759,76.7482241463731,80.53227214957602,10401,
2013-09-04,78.30065155029297,79.51348696713494,76.69971472210952,76.74822369724724,2946,
2013-09-05,78.97985076904297,80.43525339720999,77.86404060693613,79.56201033979767,3795,
2013-09-06,77.33039093017578,79.36796055575655,76.36012249992233,79.36796055575655,5820,
2013-09-10,77.57295227050781,79.5620053656737,76.99079273614906,79.17389654191449,17820,
2013-09-11,77.33039093017578,79.56201128078298,76.1660717748959,77.62147442027609,10040,
2013-09-12,77.71849822998047,78.1066070748396,76.79674620068047,77.4274221482565,11688,
2013-09-13,77.76702117919922,79.51350002471976,76.94229444082332,77.62147942476557,12007,
2013-09-16,76.99080657958984,78.68877651160219,76.65121407369966,77.81553335176926,7900,
2013-09-17,76.65120697021484,77.62147541287578,76.02053100197307,77.62147541287578,7827,
2013-09-18,83.4916000366211,88.19740036687766,76.65120475272694,76.65120475272694,103260,
2013-09-19,82.03620147705078,86.25686780901306,81.01741663025672,86.25686780901306,13093,
2013-09-20,79.6590347290039,82.23024748789868,78.20363211859862,81.25997908096183,8750,
2013-09-23,79.07686614990234,81.25996981661744,78.88281545166264,79.85308374798045,2061,
2013-09-24,79.75605773925781,81.01740959213552,78.10660445708874,81.01740959213552,5626,
2013-09-25,81.50254821777344,81.74511532556444,78.59174292428153,81.64808996296017,4656,
2013-09-26,81.01741027832031,83.15199776774294,79.65903305661486,80.53227608503695,5694,
2013-09-27,81.3084945678711,82.47281368236264,80.9688947071307,82.47281368236264,4587,
2013-09-30,81.79362487792969,82.2787590530003,79.61052109011192,80.53227306172208,1099,
2013-10-01,81.59957885742188,82.4728219824542,79.56201650072053,80.58080138035177,2968,
2013-10-03,83.1520004272461,86.35388916634841,80.67782040390391,86.35388916634841,3311,
2013-10-04,82.95794677734375,85.0440252820814,81.25997710646244,82.47281258566338,8140,
2013-10-07,82.08470916748047,84.41335492169453,81.21146608433008,84.41335492169453,2012,
2013-10-08,80.43524932861328,82.66686213738637,79.80457340779647,81.0659252494301,3218,
2013-10-09,79.56201171875,81.98768280773628,79.07687750095273,80.5322801543445,2897,
2013-10-10,81.79362487792969,82.47280976200453,79.56200471158084,79.61052109011192,999,
2013-10-11,81.7451171875,82.86092738926587,80.62930698573412,81.45403369049644,1327,
2013-10-14,82.13322448730469,84.41335382859955,79.85309514600982,82.47281695897657,45757,
2013-10-15,94.31008911132812,98.53076273414554,82.47281714146044,82.47281714146044,220327,
2013-10-17,89.94387817382812,95.57143788331123,88.63401730771615,95.13482006212742,52616,
2013-10-18,89.36172485351562,91.593345301709,87.4211879081513,88.97361598393057,15549,
2013-10-21,89.26469421386719,91.1567146628108,88.29442579849906,88.77956000618312,3964,
2013-10-22,91.39927673339844,93.87346401736067,89.11914756335959,89.2646892981621,16728,
2013-10-23,96.05657196044922,101.58709890017818,93.24279210937851,94.2130605130194,114800,
2013-10-24,97.02684020996094,98.87035165446228,95.57143760681151,97.9485922309314,18710,
2013-10-25,94.6981964111328,97.22089282527516,93.33981914119136,97.02684210209522,11793,
2013-10-28,91.01117706298828,96.832787346696,89.89536694476558,96.05656968117754,13464,
2013-10-29,90.57455444335938,94.8437369208188,89.31320995397941,94.8437369208188,13808,
2013-10-30,89.94387817382812,95.0863036808579,89.74982745387096,95.0863036808579,3962,
2013-10-31,91.35076904296876,91.69036149391565,88.00333870562298,89.55577402862636,1971,
2013-11-01,91.93293762207033,94.60117591716998,89.84685892902566,92.8061807264333,6751,
2013-11-05,95.4744110107422,96.92981359504448,91.39927933315955,92.7091475810799,7231,
2013-11-06,98.09413146972656,100.47129343577392,94.45562505465836,95.57143516912464,14144,
2013-11-07,98.87034606933594,104.1097966252125,97.99710307626316,98.9673714235529,31273,
2013-11-08,103.0425033569336,103.81872105481628,96.05657368623189,103.576153949548,20669,
2013-11-11,109.15518951416016,115.41341741861466,106.72951863606772,106.72951863606772,99233,
2013-11-12,98.96737670898438,110.07694691774326,96.0565715116613,109.2522202590138,30564,
2013-11-13,92.66063690185548,98.48224759726,92.17550267723844,98.48224759726,18057,
2013-11-14,94.06752014160156,96.05657335905056,92.4665831743325,95.7654898726959,5516,
2013-11-18,96.29914093017578,97.90008530776387,92.17550013467708,94.0675205974699,15342,
2013-11-19,95.66846466064452,96.97832554616244,94.9892797281717,96.05657350886923,3015,
2013-11-20,99.98616790771484,100.90791998501514,95.32887633199748,96.78427902408905,12633,
2013-11-21,119.97369384765624,119.97369384765624,97.99711224489734,104.4493988385636,91536,
2013-11-22,141.0770263671875,143.5997302531427,123.32111821661242,123.32111821661242,632908,
2013-11-25,132.58717346191406,141.61067271471182,131.08326925738206,141.61067271471182,184638,
2013-11-26,128.6090850830078,133.508943681271,127.59030025681504,132.1020425947983,33928,
2013-11-27,128.075439453125,130.50111065488872,125.64976825136128,128.075439453125,21696,
2013-11-28,131.85946655273438,135.35243863305496,124.33988662867576,127.15367380591194,33669,
2013-11-29,133.50894165039062,141.5621577608375,131.18028853949795,131.71393913606423,79263,
2013-12-02,132.78123474121094,138.36027796890684,130.98623230242572,131.18028301888668,26800,
2013-12-03,128.94866943359375,135.54649777022652,128.07543376181178,132.68420884036183,15805,
2013-12-04,127.49325561523438,130.84069327594864,126.23191860089466,129.04569090151114,4840,
2013-12-05,129.3367919921875,134.38218515240874,122.88450508738995,129.91894420002717,19252,
2013-12-06,126.66853332519533,129.96743972209174,125.35866515886067,128.0754194413682,8888,
2013-12-09,127.63882446289062,129.045710830469,126.62003957425718,129.045710830469,25678,
2013-12-10,129.43380737304688,131.95651130534486,126.62003474520225,127.6388195949811,19767,
2013-12-11,130.79217529296875,134.8187829849977,130.2100083664759,130.84069167102982,11595,
2013-12-12,126.95962524414062,130.06448114311414,126.18340756811706,130.06448114311414,6150,
2013-12-13,124.48544311523438,129.04570179664805,123.9517925152014,125.89232938432392,5525,
2013-12-16,123.61219787597656,127.10516269863298,122.0112535065122,127.10516269863298,2427,
2013-12-17,124.1943588256836,127.00813134577947,123.22409039735794,123.22409039735794,4594,
2013-12-18,130.59814453125,131.95651449369504,123.32112346175718,126.95963769778416,25689,
2013-12-19,131.47137451171875,142.53242888069298,130.01597184184735,130.01597184184735,22399,
2013-12-20,134.18812561035156,139.23351843946833,130.0159684382492,131.2288039647254,21052,
2013-12-23,136.4197540283203,138.74839245516944,132.78124723316725,136.46825560815805,8560,
2013-12-24,137.14744567871094,139.13648407516,135.83757740313234,135.83757740313234,4350,
2013-12-26,136.56527709960938,140.39783431296146,134.86730740210092,135.01284173983902,5027,
2013-12-27,137.14744567871094,139.67013466169652,136.08014450563795,136.12866088716325,13963,
2013-12-30,137.82662963867188,140.49486774753166,136.37122703383926,138.2147310779122,9588,
2013-12-31,138.02069091796875,140.73744561586705,137.43852390944696,137.43852390944696,4084,
2014-01-01,142.43539428710938,146.4134855705017,138.26323749296438,140.15525778184414,18716,
2014-01-02,140.3978271484375,149.37280937727314,138.94242462484252,140.3978271484375,19689,
2014-01-03,141.36810302734375,142.43540419021025,135.8375761041284,138.74838130635973,8553,
2014-01-06,145.8313446044922,147.91741575851472,139.86418501544938,139.86418501544938,7747,
2014-01-07,155.43699645996094,168.34156928552386,148.45106686273863,148.45106686273863,153990,
2014-01-08,152.5261993408203,160.0942963091881,150.9737786839255,157.47457442151665,19751,
2014-01-09,150.97377014160156,153.3024083977468,149.4213347674241,150.19755245451282,111963,
2014-01-10,151.36187744140625,161.06456189277844,149.46985693441297,150.63417610755334,157060,
2014-01-13,144.5699920654297,155.00037739900935,142.2413538199812,151.55592160689608,11979,
2014-01-14,144.61851501464844,147.38377120606611,140.34932496394083,145.0551328548595,6006,
2014-01-15,145.54026794433594,148.45107330322267,141.27109267335075,143.59973103841148,7736,
2014-01-16,144.95809936523438,147.3837704711126,143.64824585113303,147.3837704711126,15541,
2014-01-17,143.55120849609375,146.02539590602402,142.77499080600097,145.49174531876517,19570,
2014-01-20,143.5997314453125,146.07391896840136,142.62946298960094,146.07391896840136,2164,
2014-01-21,144.32742309570312,146.51052697446167,141.6591850216649,142.62945341222428,3044,
2014-01-22,148.79067993164062,154.36972378918972,143.21163607409153,146.99567729020634,7601,
2014-01-23,145.00660705566406,148.208495684504,143.64823723985106,147.48079439636402,6688,
2014-01-24,142.7264862060547,145.00660804131954,142.2898535861063,143.59972183571003,4025,
2014-01-27,140.6889190673828,143.5997242894666,138.7483822526603,140.6889190673828,5078,
2014-01-28,139.71864318847656,140.7374279227499,136.80783812204996,138.74837483300104,15371,
2014-01-29,138.26324462890625,142.43540163838156,137.2929762455455,138.74837882058662,4722,
2014-01-30,136.80784606933594,141.65918812853224,134.9158256272736,137.82663086279138,68192,
2014-01-31,135.30393981933594,138.9424467065812,132.92678494736018,138.9424467065812,37238,
2014-02-03,132.39312744140625,154.2726840160239,131.56840813948793,136.80785186326648,6291,
2014-02-04,131.9564971923828,133.8970339158002,127.63880594380316,127.63880594380316,5055,
2014-02-05,131.9564971923828,134.81878589839943,130.2100111802831,134.81878589839943,2155,
2014-02-06,133.07232666015625,142.6294778679126,131.08328796255947,136.41976502564464,52843,
2014-02-07,132.92677307128906,136.419745293021,132.00502103656348,135.64352759873378,40751,
2014-02-10,133.26637268066406,134.86730964286548,132.4416386061233,133.26637268066406,6543,
2014-02-11,132.58717346191406,134.0910924715672,131.1802872161564,134.0910924715672,5801,
2014-02-12,131.9564971923828,133.751499583592,131.76244648106513,132.9267655540915,4901,
2014-02-13,132.05355834960938,133.4119284260801,130.1130212088664,132.1020599340292,4748,
2014-02-14,131.13177490234375,132.82974468734326,130.30705560413122,131.0347569405596,2403,
2014-02-17,129.04568481445312,131.4713555816421,129.04568481445312,130.9862214282043,5287,
2014-02-18,129.53082275390625,131.9564935919944,126.91110120979504,128.560554418671,3173,
2014-02-19,130.11300659179688,135.64353386058283,127.20220120768616,129.09422174633377,8307,
2014-02-20,128.75460815429688,134.91581815006228,128.51204106478045,130.98622833887208,6890,
2014-02-21,128.7061004638672,130.69515369319996,126.13489506346804,128.12394829280083,121448,
2014-02-24,126.76557159423828,129.7248934333697,126.18341938653644,128.1239563557869,8106,
2014-02-25,125.50422668457033,127.5902978760852,122.8359811134984,127.49326511154536,26684,
2014-02-26,127.39625549316406,128.07544047404747,124.145850134842,126.47450339017074,5747,
2014-02-28,126.28043365478516,127.59030199272878,125.45571435007248,126.2319320760716,2461,
2014-03-03,124.29138946533205,126.13489352558057,122.25381987863965,125.40719221677914,1632,
2014-03-04,125.60124969482422,130.01597416673397,123.224094919218,124.24287976736976,8223,
2014-03-05,125.60124969482422,127.0566523907205,123.27261130343892,126.76556889051687,2460,
2014-03-06,125.21314239501952,130.30705159322545,124.82502614446447,125.94084370904896,3557,
2014-03-07,131.4228515625,134.8673073368022,123.70922075857756,124.77652191854304,21572,
2014-03-10,128.4150390625,133.5089485750604,126.71706922497988,132.92678156586183,4003,
2014-03-11,129.43380737304688,130.64664295489746,129.0457059089034,129.0457059089034,4179,
2014-03-12,129.04568481445312,130.9862214282043,129.04568481445312,129.0942011908208,2257,
2014-03-13,130.01596069335938,130.35556054259163,125.0190845439836,129.0456923299761,71547,
2014-03-14,127.49325561523438,130.01595925415407,126.2804201744307,130.01595925415407,2911,
2014-03-18,125.26166534423828,127.59030374917056,123.80625523731416,126.42598454670444,4502,
2014-03-19,125.21314239501952,142.58094116780654,124.43692469903058,128.07543126917767,12299,
2014-03-20,125.21314239501952,127.88138054646072,124.82502614446447,125.16462601306,2336,
2014-03-21,125.89232635498048,128.07543028021135,124.48544011974478,124.7280072225482,3238,
2014-03-24,122.69044494628906,131.08327608636702,120.8469407772038,127.0566530568696,224739,
2014-03-25,122.69044494628906,127.49327090690328,122.25382709625538,125.16463250330908,48643,
2014-03-26,121.57463836669922,123.66070958848304,120.94396240084238,122.69044114949122,54023,
2014-03-27,121.23503875732422,122.73895780208952,119.19747651147756,120.79842091984304,23569,
2014-03-28,121.86570739746094,123.27260099403742,120.89543901467454,123.22408461387396,11128,
2014-03-31,124.1943588256836,125.4557107435312,122.73895618319511,123.22409039735794,53118,
2014-04-01,127.73582458496094,129.8704268363145,123.7092167842283,123.9517838759621,46700,
2014-04-02,131.32583618164062,133.3633909745572,127.15367902692417,129.96745151457517,7388,
2014-04-03,141.41661071777344,143.11458031472785,127.92988669829792,130.98622605076787,44923,
2014-04-04,137.7781219482422,144.5214848149663,136.61380275195745,141.22257795797262,10783,
2014-04-07,137.4385223388672,140.68892762324612,136.17718517668732,138.74839069051168,5765,
2014-04-09,140.54339599609375,143.45420145154517,135.83758792106514,136.8078564062156,8371,
2014-04-10,137.63258361816406,142.14432592513867,136.22568254136078,140.34932339584432,14848,
2014-04-11,145.78282165527344,150.0034949596872,138.8454087764217,139.476077290819,73639,
2014-04-15,141.7562255859375,150.53714315976086,137.63258469906873,148.11147204983803,13564,
2014-04-16,137.72959899902344,141.65918905365945,135.643527821994,141.51365471298152,4104,
2014-04-17,140.6889190673828,141.6106710933518,138.26324804897965,139.62161789723703,6775,
2014-04-21,144.23037719726562,145.39471100397918,139.57310119088885,140.73742019248303,3182,
2014-04-22,141.51365661621094,146.51053311497105,140.68892252762117,143.59972782129609,226674,
2014-04-23,141.6591796875,151.4588959851902,139.8156757369025,141.90174677600598,83181,
2014-04-24,141.6591796875,141.6591796875,141.6591796875,141.6591796875,0,
2014-04-25,138.8454132080078,143.6482388009005,132.58717021789835,143.40567170221783,26484,
2014-04-28,135.83758544921875,138.36028938675298,133.4119142804827,138.36028938675298,25180,
2014-04-29,133.26637268066406,137.7781148869561,130.40406901321143,137.7781148869561,12443,
2014-04-30,128.31800842285156,135.83758925670486,127.10517280448812,131.95651527794186,7882,
2014-05-02,130.74366760253906,132.5386700742327,128.9001635546815,131.03475108512734,4116,
2014-05-05,128.56057739257812,130.5011144098246,128.12395952472218,129.04571164688974,5104,
2014-05-06,130.40406799316406,132.92677177369126,129.14273090802143,132.53867033289674,7263,
2014-05-07,130.8892059326172,131.03475508091017,127.10516495894151,130.74367158944557,33525,
2014-05-08,125.9893569946289,130.35556477149925,123.7092203446594,129.6278634753542,8861,
2014-05-09,125.74678802490234,139.71864678094903,123.90326921902584,133.5089350682884,164624,
2014-05-12,125.84381866455078,127.1051706472656,118.32423795831942,126.1349021690422,53052,
2014-05-13,126.18341064453124,130.0159679322564,124.194357427827,124.5824588727405,338934,
2014-05-14,126.52300262451172,130.01597504017718,124.29139698657636,129.0457065697281,8246,
2014-05-15,127.49325561523438,129.04569090151114,124.388399847801,128.99717452285498,14570,
2014-05-16,129.09422302246094,129.9189423397051,126.13490122500376,126.18341760957622,20792,
2014-05-19,137.00189208984375,138.26324394297924,129.23974506146598,129.53082853605426,27625,
2014-05-20,143.7937774658203,147.86890188531393,137.53554909247785,139.33055159880206,29619,
2014-05-21,149.56687927246094,159.46362954655527,144.5700025558349,146.46202311819223,63940,
2014-05-22,149.1302490234375,157.5230795048547,148.40254772878333,151.3133529074,41081,
2014-05-23,153.20538330078125,156.98943916275888,149.42134224392532,149.42134224392532,19110,
2014-05-26,142.14431762695312,159.124014271811,136.41974010873497,156.26172551270193,36201,
2014-05-27,143.01756286621094,145.54026674517593,138.84542039694645,140.9800080148514,8240,
2014-05-28,151.41038513183594,153.30240553020354,141.46513414016133,141.46513414016133,16037,
2014-05-29,152.13809204101562,154.27267961555248,145.15216234020355,147.48080063876716,15345,
2014-05-30,150.58566284179688,153.2539011211639,147.6263410618382,148.49959156361322,15460,
2014-06-02,155.43699645996094,159.90023707200018,148.06296542043998,150.53713802405548,12851,
2014-06-03,156.69834899902344,157.81415175405783,152.33214113217758,156.1646984098292,12895,
2014-06-04,163.73280334472656,167.71090997026198,156.21322274667244,156.21322274667244,34621,
2014-06-05,189.5419464111328,196.479359861989,164.897119056482,166.692121599492,237437,
2014-06-06,184.981674194336,189.6874821020361,179.49966337021323,189.6874821020361,72302,
2014-06-09,186.43707275390625,191.67653115480445,183.1866823990688,188.7172094846381,91183,
2014-06-10,181.3916778564453,189.54194145396968,180.2758750973486,187.2618047487116,38084,
2014-06-11,174.16317749023438,187.26180086693725,171.4949393949801,183.3807272738401,34447,
2014-06-12,179.0145263671875,183.86586854516003,175.6185868426067,176.4918225125932,18574,
2014-06-13,169.11778259277344,182.41045651617253,166.15846105529013,179.45113497868925,17948,
2014-06-16,170.2335968017578,171.78603224572413,163.97536825255162,170.76724741094134,12766,
2014-06-17,185.12722778320312,187.9410004354956,166.10995977250283,176.44332790272594,43762,
2014-06-18,197.7892303466797,210.7423053295317,183.57478860699229,184.3024899477745,246180,
2014-06-19,186.58262634277344,206.6671803448391,184.35100594140576,199.7782684112958,103628,
2014-06-20,183.08966064453125,191.04585928162848,181.4402071766768,187.26181810213168,30545,
2014-06-23,178.2868194580078,186.9222023423609,177.55911815409758,184.3509969905932,21877,
2014-06-24,178.6264190673828,181.7797913798344,176.63736587850457,180.46992311261383,30750,
2014-06-25,175.95819091796875,181.39168540394533,174.9394060752476,179.4996648703899,59404,
2014-06-26,171.64048767089844,179.2571011379141,169.79698348652215,177.51061491817117,25293,
2014-06-27,177.16770935058594,184.17546320983408,174.65083915829103,174.700192507263,37179,
2014-06-30,178.25343322753906,180.6222435116776,176.23006628538454,179.63523671653178,8451,
2014-07-01,182.7936553955078,187.03778762550087,176.03266788705088,180.07938670964964,61841,
2014-07-02,185.4585723876953,187.5312926996396,182.59625868122805,185.26117403906457,37117,
2014-07-03,183.1884765625,187.4819473044236,179.04303576267137,185.55728696766272,18479,
2014-07-04,185.1131286621093,187.72869066227813,181.31314645153424,181.60925150413584,21720,
2014-07-07,187.4325714111328,201.3493722844136,183.28714617032392,183.58325120049471,140970,
2014-07-08,176.2794189453125,194.14423283101075,168.82751465910653,189.5053039241401,51484,
2014-07-09,175.48980712890625,182.54689952671484,171.34438169730794,179.33912751670582,21266,
2014-07-10,179.83262634277344,183.58325499455265,174.70019426900978,174.70019426900978,20831,
2014-07-11,177.9573211669922,183.484549965769,176.87160771088764,181.6092431530734,17691,
2014-07-14,177.66122436523438,180.3261397186072,176.18071416219075,176.6742175632053,17763,
2014-07-15,178.6975860595703,181.559899785912,176.37811403060024,180.0300362174761,4073,
2014-07-16,179.38848876953125,181.4118557540031,177.95733189874392,177.95733189874392,7445,
2014-07-17,182.89236450195312,187.5312934866217,179.28978061707713,180.37549412989537,16822,
2014-07-18,181.6092529296875,185.35988181751503,179.93134436581244,183.9780632480372,5582,
2014-07-21,179.0430145263672,184.4222132451345,178.15471449492483,180.67158466471489,2957,
2014-07-22,180.8689880371093,190.14684551930384,178.79626782529695,181.55988975420425,31610,
2014-07-23,180.5728912353516,183.4845582862685,178.74693768977312,182.59625818955777,10260,
2014-07-24,179.88198852539062,182.5962572137024,177.75992993874007,182.54690386180923,28902,
2014-07-25,179.28976440429688,183.5832496542937,178.64821606143633,183.5832496542937,23461,
2014-07-28,178.6975860595703,180.0300362174761,178.15472930167002,178.25343600693506,5058,
2014-07-30,178.9936981201172,179.88199826015313,172.87424360687646,172.87424360687646,22376,
2014-07-31,173.9105987548828,181.51054826040368,170.75217994148142,171.7391867619524,17359,
2014-08-01,175.14434814453125,180.32613368170985,173.9599430338532,176.37810660576426,5138,
2014-08-04,172.77554321289062,175.73656361050476,171.54178471388474,174.74955681130004,11923,
2014-08-05,176.13134765625,181.9053430411216,171.83787742438298,173.6638308354549,11821,
2014-08-06,176.2794189453125,183.18846648421345,173.71319526379506,175.78591554967673,9222,
2014-08-07,174.89759826660156,178.648227039763,174.25604988431647,176.871611825052,4933,
2014-08-08,174.2560577392578,177.06901815053254,172.72619415039142,175.19371120968273,18153,
2014-08-11,174.5028076171875,177.5131814100936,173.76255250715462,176.6742195945115,7102,
2014-08-12,174.7495574951172,180.6222449612601,169.22231337373057,176.6742177489921,4720,
2014-08-13,173.71319580078125,176.6742161837491,172.72618900645864,174.20669919794256,18719,
2014-08-14,175.39109802246094,176.67420982097585,171.93657436674354,174.70019630342304,3699,
2014-08-18,180.67160034179688,182.59626061727863,173.71319928995158,179.6352401748363,11830,
2014-08-19,178.89498901367188,183.18847477421164,177.7105838226527,182.2508062316477,3574,
2014-08-20,178.40147399902344,181.4118476650545,176.9209638413552,177.85861726243945,3661,
2014-08-21,181.95469665527344,183.33650005272497,178.3521130553368,178.3521130553368,17920,
2014-08-22,189.15985107421875,191.4793231259873,181.9547133349114,181.9547133349114,23251,
2014-08-25,181.2637939453125,194.93384423621552,168.82751722276228,190.29491525890245,27789,
2014-08-26,182.54690551757807,186.0507826863769,177.1677214440565,182.54690551757807,7378,
2014-08-27,178.40147399902344,184.471559621252,176.18070876252108,180.8689909284705,5680,
2014-08-28,177.26641845703125,182.89235392414105,174.502796542855,180.62223538533453,5948,
2014-09-01,173.81190490722656,178.30277383505415,172.72619139425123,177.2170753826075,6664,
2014-09-02,177.1183624267578,188.51829366855904,176.57550568942858,176.67421239095322,5376,
2014-09-03,177.31576538085938,182.54690442662428,175.193706787643,179.6352373822593,5137,
2014-09-04,178.89498901367188,179.63524414062502,174.9963150238246,177.809275469929,17824,
2014-09-05,181.6092529296875,183.08976314378825,174.7002052638842,179.19108925876208,9244,
2014-09-08,194.1442413330078,197.3026601912852,177.66123020905164,180.62225071253584,40055,
2014-09-09,216.5986328125,226.8141589131964,194.44033382295424,198.38836090565383,198804,
2014-09-10,207.3701171875,221.0895045244015,204.31039034174603,219.1154910911479,50723,
2014-09-11,217.7830505371093,227.01157040155823,209.2454475005667,210.08440932843624,97416,
2014-09-12,213.83502197265625,224.2973003105849,212.30517344690367,220.15187467008576,20886,
2014-09-15,219.75704956054688,223.7544299592156,212.40385219490065,212.74931058585184,28985,
2014-09-16,209.1960906982422,251.68673694804767,205.54416850757232,251.68673694804767,85965,
2014-09-17,205.6922149658203,217.0427933793777,201.4480976943915,213.19347281116544,21085,
2014-09-18,209.29478454589844,215.95708011464689,206.2844109434695,208.1597177460172,22042,
2014-09-19,207.1233673095703,214.0324143860417,205.2973988437205,207.17270559740888,10751,
2014-09-22,209.6895904541016,214.32851937558576,202.3857461998948,205.79091662840293,24547,
2014-09-23,204.65586853027344,216.5986419213656,202.3363964974328,207.814287317152,19524,
2014-09-24,199.3260192871093,210.13374068290864,197.6481107473029,202.9779414174008,11592,
2014-09-25,199.47409057617188,214.62463670003527,190.09752549332367,197.40137016522527,240009,
2014-09-26,192.8611297607422,213.1441232558613,189.653357543234,200.6091394487813,44717,
2014-09-29,196.1676025390625,202.1883500751647,191.6273652108023,191.6273652108023,16205,
2014-09-30,197.7961578369141,201.8922451168624,191.52867365707283,194.44034072176512,14277,
2014-10-01,199.22732543945312,209.2454382761024,195.8221399851222,196.0688916812025,11691,
2014-10-07,193.60137939453125,200.5597804040988,192.4663275893695,200.5597804040988,6348,
2014-10-08,200.31301879882807,201.10262721841707,192.6637164138332,192.6637164138332,6222,
2014-10-09,203.3727569580078,204.8039138256476,198.28966283156004,198.28966283156004,6289,
2014-10-10,202.33639526367188,205.29741568216463,199.37537484517912,202.0896435621308,48893,
2014-10-13,202.23768615722656,202.33639286088228,197.59875723544863,201.05328101600028,16251,
2014-10-14,198.28965759277344,201.4480913613273,196.3649973691741,201.4480913613273,4606,
2014-10-15,198.28965759277344,198.28965759277344,198.28965759277344,198.28965759277344,0,
2014-10-16,196.1676025390625,199.5727730049933,192.4663270194576,199.5727730049933,10698,
2014-10-17,192.8611297607422,198.0429156505631,191.5286795682485,198.0429156505631,11236,
2014-10-20,194.3909912109375,200.658490575166,193.0585410332356,195.4273513895028,6354,
2014-10-21,198.5857696533203,199.3753781233403,193.5520438954345,195.18059912817105,3477,
2014-10-22,194.6377410888672,198.28966329569448,193.45333592185952,196.4143563696431,531,
2014-10-27,195.52606201171875,200.3623895278341,194.4403484580459,198.2896691291965,3035,
2014-10-28,196.2663116455078,197.64811516552467,193.89748624765613,196.3650032909211,2031,
2014-10-29,229.23231506347656,235.4998138784436,198.7338128618042,200.362367956451,245139,
2014-10-30,256.67108154296875,271.328137133925,240.7309292841534,240.7309292841534,714519,
2014-10-31,251.0451812744141,261.35938408388984,246.899740737488,261.35938408388984,146913,
2014-11-03,246.0114288330078,258.4477197250058,242.7543035936248,248.9724490396237,50366,
2014-11-05,295.2137451171875,295.2137451171875,243.79068390493168,243.79068390493168,319970,
2014-11-07,288.9955749511719,303.8006767441839,276.3619001362243,300.0500630050435,175133,
2014-11-10,290.9202575683594,304.8863979210513,278.82942413252425,289.1929956489544,139273,
2014-11-11,282.92547607421875,294.8189253671069,279.52032089292004,290.8215299963797,35751,
2014-11-12,282.92547607421875,289.7851849675182,281.0501692919166,281.3956276752222,13241,
2014-11-13,283.0735168457031,296.10201767167894,276.4112214480903,286.08390543133146,64576,
2014-11-14,285.73846435546875,295.6085322088528,280.35926532695174,284.1099091838717,37888,
2014-11-17,286.8241882324219,290.13066710727867,281.3956507164372,288.30469846405407,22750,
2014-11-18,283.3202819824219,291.1669978717962,281.3956368487844,287.51506076532064,12325,
2014-11-19,278.0398254394531,288.8969001547578,273.4008814672184,288.69948674787497,10672,
2014-11-20,276.1644897460937,283.27095073276,270.4398623720427,275.4736030608432,30116,
2014-11-21,280.2605895996094,288.65014730056055,271.92037018965283,275.52293894290875,71823,
2014-11-24,274.1904602050781,285.639744408341,273.4008668618415,277.54630721647203,43102,
2014-11-25,265.7515869140625,280.70473424824667,256.67111210014497,271.7229661407743,38629,
2014-11-26,264.0736389160156,268.6138759042948,259.63210862507947,267.7749141584624,17907,
2014-11-27,264.1230163574219,270.4398536296701,260.61912426878337,266.63987155993254,29580,
2014-11-28,263.5307922363281,269.94633586754964,261.6061170985399,266.29439898289405,15171,
2014-12-01,261.704833984375,270.24243635569195,259.68148219339463,267.0346644151756,15917,
2014-12-02,259.48406982421875,267.47883056266454,256.96721464778943,259.6321148132342,17422,
2014-12-03,270.83465576171875,275.7696896863895,257.85552256404605,257.85552256404605,26368,
2014-12-04,272.5125732421875,278.38524540840564,267.478832727532,268.71259118107224,13376,
2014-12-05,282.5800170898437,303.0110686183989,272.8580248157067,279.37224519078904,111877,
2014-12-08,279.1255187988281,292.6475243854668,273.10480124727195,279.8657739195333,30785,
2014-12-09,277.3489074707031,285.6397584669683,273.5489253121067,277.3489074707031,17831,
2014-12-10,268.7619323730469,281.1982237432388,266.5411671326932,278.3359101243275,24450,
2014-12-11,265.8996276855469,275.32556076162666,262.6918555639555,270.3905267284092,10005,
2014-12-12,260.5204467773437,269.650259322305,257.60876478214993,266.7385773271112,12238,
2014-12-15,248.87374877929688,262.49446015468044,247.0477953076363,262.49446015468044,4819,
2014-12-16,243.88937377929688,251.48932273689653,241.8166535815298,249.6633542264576,14133,
2014-12-17,244.82704162597656,248.7257155037108,237.17773886742992,241.8166678508299,21538,
2014-12-18,255.93084716796875,263.530811456909,242.40887229318832,242.40887229318832,9870,
2014-12-19,257.11529541015625,261.55682642491905,254.8451916065904,257.608798856241,9025,
2014-12-22,249.1698608398437,261.5567990523533,245.3698937389851,258.84253038294213,13170,
2014-12-23,246.15948486328125,257.559431242854,244.7776813957424,249.21921190493933,9835,
2014-12-24,246.8010406494141,251.43996935854565,245.96207888838345,247.4425890121825,4627,
2014-12-26,248.57766723632807,256.12826319056694,244.28418165574303,244.7776850530274,4917,
2014-12-29,250.20620727539065,255.6347443168685,245.27117360131984,250.69971064279773,1976,
2014-12-30,255.8321685791016,256.62176195207,244.92572562350475,248.3802493420903,9324,
2014-12-31,258.25030517578125,264.9126006109043,254.6477366313701,259.6814769843408,23877,
2015-01-01,263.826904296875,266.49183469222,254.6477531503436,257.11527013823445,7355,
2015-01-02,265.99835205078125,266.491855486868,264.1723833130482,265.4555103195095,3940,
2015-01-05,260.5697937011719,268.4658480557528,255.6347597295588,268.4658480557528,11635,
2015-01-06,258.2996826171875,262.5437996610298,254.9438355171565,262.49446137117013,9025,
2015-01-07,248.57766723632807,260.56979376612594,244.87639175669565,256.2269698942352,34969,
2015-01-08,251.1932373046875,253.5127093708088,247.7387134124816,252.6243941907813,4769,
2015-01-09,245.71533203125,252.5256877709176,243.69196514351125,251.6373726428593,5088,
2015-01-12,247.83740234375,255.6347496884132,243.24781189410845,245.7153287829928,9947,
2015-01-13,248.5283203125,250.69973230460727,246.75170502421983,248.2322152543652,2043,
2015-01-14,248.7257080078125,254.45033527068085,244.6789741945852,251.68672834123885,7602,
2015-01-15,253.4140014648437,255.23997010915247,248.4296140032834,250.6503793520503,5401,
2015-01-16,253.6114044189453,259.5334451047719,248.08416042129588,250.8971207107465,6631,
2015-01-19,258.6451416015625,260.520478775819,253.6607688916104,253.6607688916104,12794,
2015-01-20,269.94635009765625,273.3515354836908,254.89449693864617,265.4554813674888,36558,
2015-01-21,275.177490234375,279.32293093985606,264.7152420062656,269.45286270876574,16680,
2015-01-22,283.9618530273437,289.1929767355718,276.46059572944546,277.34889577711834,30138,
2015-01-23,249.1698608398437,287.21897556315025,245.8633971334235,285.639758676736,57657,
2015-01-27,233.5751495361328,248.72570970296525,230.07128749945417,248.72570970296525,30773,
2015-01-28,229.1336212158203,231.94659660309048,227.40635932622288,231.94659660309048,32208,
2015-01-29,230.416732788086,231.7491979826989,223.11288854491065,229.1336209452232,12437,
2015-01-30,227.65310668945312,233.3283956471968,222.57002782107665,230.51543537402333,5625,
2015-02-02,233.47645568847656,235.3024091863016,231.2556904442498,235.3024091863016,10946,
2015-02-03,236.9309844970703,238.8556447380189,231.94659716295223,235.6478726495951,8079,
2015-02-04,245.8140411376953,247.73870134319617,233.9206064475597,235.69722166053293,10267,
2015-02-05,248.182846069336,259.4347321369847,243.34651898358865,248.72570279786544,35162,
2015-02-06,247.98545837402344,253.2659507755524,244.13613788019032,248.7257134736473,14444,
2015-02-09,241.5699005126953,247.0971443014461,238.95433866618671,246.7516859169513,10156,
2015-02-10,236.68423461914065,243.2971771940538,230.5154420939364,243.19847048943907,11162,
2015-02-11,234.4634552001953,241.76729908628465,231.05828494330945,239.349135574034,7522,
2015-02-12,238.3621368408203,240.78030043434617,229.9725792294457,232.785554570412,7564,
2015-02-13,238.85565185546875,239.49720026805903,234.9076245520725,237.27643490989868,3441,
2015-02-16,237.91798400878903,239.3491408076985,235.49982044366223,239.2504341068656,5219,
2015-02-18,258.0529479980469,270.439871677938,237.86864625687244,238.2141046719136,60677,
2015-02-19,255.4373474121093,264.369777011474,250.2062234283034,264.369777011474,12547,
2015-02-20,258.842529296875,261.0632945625298,256.6217640312202,256.6217640312202,6998,
2015-02-23,258.4477233886719,260.323030188568,250.69971438064937,250.69971438064937,7521,
2015-02-24,258.3490295410156,261.5568016365583,252.6737404489016,258.25032283694134,3538,
2015-02-25,259.4347229003906,262.54378805046144,256.5724094308184,259.5827678844788,2134,
2015-02-26,260.5204467773437,264.517812113472,254.3516545172348,264.517812113472,2247,
2015-02-27,265.5048522949219,266.1957691634441,258.5958040939388,258.8425558154025,5210,
2015-03-02,263.7282409667969,266.49184808368574,258.6945000343377,261.8035655711024,4608,
2015-03-03,264.22174072265625,268.0216929253832,258.6944964445197,261.606148523506,2747,
2015-03-04,264.5177917480469,270.24241847626223,254.8451382773233,264.5177917480469,4337,
2015-03-05,261.2113342285156,270.43985350178406,257.2139688802876,258.89186230748254,3154,
2015-03-09,256.2269592285156,262.3957514377872,246.80104172064307,258.6451077019167,5851,
2015-03-10,250.0581817626953,269.45285958794585,244.7776892960094,269.45285958794585,17067,
2015-03-11,241.2738037109375,252.62438165045475,240.1881052921701,249.7127146693799,2802,
2015-03-12,239.2997894287109,243.2971698769284,238.6088876987725,240.38550290470567,1673,
2015-03-13,236.48683166503903,246.5542978580104,233.9206080003179,240.92836219669067,6071,
2015-03-16,230.0712890625,241.7673105023894,228.9855755679235,235.00632301870527,32700,
2015-03-17,225.1855926513672,234.7595705431084,217.63499674760047,234.7595705431084,18673,
2015-03-18,226.7154541015625,230.3673761713923,224.5440422000849,227.11026584944003,1944,
2015-03-19,230.3180389404297,236.5855229789701,226.0245534082452,226.0245534082452,1188,
2015-03-20,224.1492462158203,231.9465937693884,222.07652594941445,231.9465937693884,1082,
2015-03-23,224.0998992919922,230.86088690626832,222.07653231876,225.0375527496768,3231,
2015-03-24,221.9284820556641,227.9492144193553,218.1284999019393,223.16224053927232,1707,
2015-03-25,217.04278564453125,221.1388728319409,216.1544855636864,221.1388728319409,535,
2015-03-26,216.15447998046875,226.0245475594856,210.08439444358456,218.5726435252223,6889,
2015-03-27,217.0921325683593,221.9778129894127,210.52854367731663,218.1284926723472,2731,
2015-03-30,216.203842163086,226.51806019242164,213.39086676393595,217.19084896131,3833,
2015-03-31,222.1752319335937,225.4816956062792,216.1544845586617,217.2401980395604,5949,
2015-04-01,248.8244171142578,258.5957782847766,234.85826203698807,234.9076153884612,228870,
2015-04-06,248.33091735839844,251.39062940767727,237.81928588285595,251.39062940767727,23126,
2015-04-07,254.5490264892578,260.47106679589143,243.05040425142167,250.4036012867197,26912,
2015-04-08,252.6737365722656,255.58541863197024,247.7880560061185,252.2789398830828,8618,
2015-04-09,247.1958465576172,253.41399232192592,246.8504032188118,251.98283549423883,3323,
2015-04-10,245.5672912597656,249.7127167470176,244.82703617059465,245.814042956156,4603,
2015-04-13,246.45559692382807,250.7984359149636,244.77768836248137,250.7984359149636,2516,
2015-04-15,238.954345703125,253.6607405926511,237.17773050009808,250.69972027444896,8019,
2015-04-16,236.88162231445312,241.8166561126709,228.98556823730468,237.6712307342736,54437,
2015-04-17,236.78292846679688,239.1024005020708,231.05830099855524,236.93098852509684,11691,
2015-04-20,233.37774658203125,235.00631678066705,227.0115559596172,235.00631678066705,3739,
2015-04-21,232.538803100586,237.17773194866265,228.1466108866716,237.12837859761888,4171,
2015-04-22,228.68946838378903,231.9465937765872,226.1232597868332,231.00894034576623,4304,
2015-04-23,224.24794006347656,236.88163000941788,221.5830247379763,229.4790790716236,1972,
2015-04-24,224.39601135253903,233.92062134512244,217.14150504610524,230.86089411344287,2337,
2015-04-27,207.6662139892578,223.1128786491999,202.38573691781755,223.1128786491999,3858,
2015-04-28,209.1960906982422,218.12850535497472,205.10001845447565,205.34677015736588,4165,
2015-04-29,211.36749267578125,213.1934612150286,207.81427735851423,207.81427735851423,459,
2015-04-30,201.5961303710937,209.24543274747552,192.76242289692613,209.24543274747552,4951,
2015-05-04,206.5311737060547,212.40386117686904,200.51042617834537,201.5467863344958,4063,
2015-05-05,206.33377075195312,209.689587785936,203.52079539954968,209.1467310438283,3971,
2015-05-06,202.78054809570312,207.3701388436355,193.15723160360707,205.10002014621475,2420,
2015-05-07,207.2220764160156,209.2454433853857,197.40136168432613,199.4247286536962,19644,
2015-05-08,207.6168975830078,210.23245971962712,204.35977195552744,207.37014586972185,1095,
2015-05-11,209.04803466796875,210.23243976722785,207.2714194888161,209.19607965767813,33143,
2015-05-12,208.7519378662109,213.19346845910903,199.72083168486287,207.5181793681837,19544,
2015-05-13,208.94932556152344,218.9674530910963,204.31039685754,218.9674530910963,38868,
2015-05-14,208.99868774414065,209.3441461447886,204.3104054925011,205.3467656339166,21035,
2015-05-15,209.2454376220703,213.1441113958476,207.41946905257203,209.29479097323767,9740,
2015-05-18,208.0116729736328,213.73631514705303,201.8428807739403,201.8428807739403,6501,
2015-05-19,206.72857666015625,212.60126426180057,204.65587136220887,208.25844025231456,3220,
2015-05-20,207.07403564453125,209.2454476552631,205.3961270480807,209.14674094819523,1261,
2015-05-21,207.76492309570312,211.1207400573608,199.86886901130583,206.3831196551448,56851,
2015-05-22,203.0272979736328,209.24544389390653,202.2870428655176,206.33377681409235,1526,
2015-05-25,204.31040954589844,209.2454435929008,202.3363959270975,207.7155800262244,760,
2015-05-26,204.11300659179688,209.29479222426,201.34938457571087,205.3467650757167,2438,
2015-05-27,200.8065185546875,205.29740224081075,198.63510673539983,205.29740224081075,530,
2015-05-28,191.6767120361328,200.8558780242869,184.570266292588,200.8558780242869,9317,
2015-05-29,193.55203247070312,199.27665965425243,191.4793122418125,191.578018942437,2129,
2015-06-01,194.58837890625,200.16497619951392,194.09487552067947,194.09487552067947,730,
2015-06-02,197.50006103515625,200.26366794740665,192.07152379097727,194.4896873694605,1312,
2015-06-03,194.6870880126953,200.2636703143229,190.44295583225204,198.7338218485773,5163,
2015-06-04,194.6870880126953,197.74681506524303,187.62999553606625,197.3520033155924,3038,
2015-06-05,191.0845184326172,193.8481253653079,189.6040082641636,193.50268202898567,487,
2015-06-08,189.9001007080078,193.15722613288025,185.70532184308087,190.5416641589608,2329,
2015-06-09,191.77542114257807,191.9728194872717,189.5053025272811,189.5546558785865,291,
2015-06-10,193.10787963867188,195.42735170585703,189.50531074507347,189.50531074507347,1346,
2015-06-11,189.99880981445312,193.3546269246268,189.99880981445312,191.67671836954,1071,
2015-06-12,187.2845458984375,193.1078801683012,186.1494940687192,191.97282833858284,41935,
2015-06-15,187.03778076171875,193.4533246928595,186.0507740030817,187.284532451378,1035,
2015-06-16,186.8897399902344,190.83776711388947,183.6326146011133,190.29491037228124,911,
2015-06-17,186.10012817382807,190.49230525702703,185.55727144207816,190.44295190677195,1806,
2015-06-18,188.1728515625,189.4066101357148,186.1988378453564,189.35727184120967,1322,
2015-06-19,188.3208923339844,190.4923041882736,186.39623216905807,190.24555249891057,3857,
2015-06-22,195.0325469970703,199.3753708325785,187.2351843489841,187.7286877421341,26501,
2015-06-23,192.3182830810547,199.0299173451107,188.61700754108463,199.0299173451107,3475,
2015-06-24,194.2922821044922,197.40134730026023,189.7026917434445,194.04553042036684,8883,
2015-06-25,192.95982360839844,195.37798718371263,187.62999307258232,191.47931345283527,3499,
2015-06-26,192.41696166992188,197.30264203907325,189.50529478814704,191.5286616248135,6809,
2015-06-29,191.6273498535156,194.44032504719104,184.5702577859123,191.47930486880745,1841,
2015-06-30,193.4533233642578,194.2429317778501,188.12349292843328,190.9364531349132,6665,
2015-07-01,191.03517150878903,193.35462848108563,189.5053079378104,190.541668102701,2580,
2015-07-02,192.071533203125,192.9598333169454,190.88711297065927,191.38061638067705,3949,
2015-07-03,192.8117828369141,193.50268457919225,188.6170039710119,193.4039778757832,3749,
2015-07-06,195.77281188964844,196.80915701873312,187.63000549494285,193.20658809255988,3193,
2015-07-07,195.9701995849609,201.9909319190515,193.20657758316,193.25593093436737,12559,
2015-07-08,190.9364624023437,197.4507133050011,189.6040122589788,196.95720990511884,10163,
2015-07-09,190.59100341796875,193.00916686684053,189.99879336249808,190.8377550976603,325,
2015-07-10,187.827392578125,191.47931463903183,186.19882236059985,191.4299612881017,1421,
2015-07-13,185.2118225097656,192.17022355632136,182.9417188873752,190.39360828010072,1901,
2015-07-14,187.5806427001953,189.94945296249497,186.100132521126,188.1234994446264,3420,
2015-07-15,196.85850524902344,221.7804272023627,192.21957625397297,192.21957625397297,76508,
2015-07-16,202.48443603515625,224.1492470268064,197.352003762306,200.75717416041147,98524,
2015-07-17,201.3987274169922,206.67920441628527,198.4870605589952,205.6921976806573,16903,
2015-07-20,199.57276916503903,202.33639117860864,195.42734367494884,202.33639117860864,48184,
2015-07-21,197.10525512695312,204.2117010813032,195.8221432736817,199.5727721291948,73007,
2015-07-22,195.0818786621093,199.4247174106437,193.4533235442389,197.40135055534583,11255,
2015-07-23,194.7364501953125,197.40136561906408,193.55204501370392,195.7728103769184,4631,
2015-07-24,192.46632385253903,195.27929922536447,191.5286704151068,194.53904413362392,27388,
2015-07-27,188.3702545166016,195.2793021427306,187.8767511147352,188.51829951295,7010,
2015-07-28,186.34689331054688,188.76505704225028,185.5572848310748,185.7546831858105,3510,
2015-07-29,187.6300048828125,192.4663323378599,183.3858724909488,189.5546651940853,11161,
2015-07-30,198.60250854492188,200.7970082903659,188.6274958650295,189.62499713301875,102159,
2015-07-31,192.81700134277344,204.4378852192225,191.52024662875888,200.497758189482,54937,
2015-08-03,193.3157501220703,198.30325649663013,192.51774605800844,192.5676241658864,25452,
2015-08-04,192.1187438964844,196.2583679323328,189.17610307751403,193.96411204833083,24293,
2015-08-05,190.4229888916016,195.31075431211457,189.32574661238067,192.1187532497221,17991,
2015-08-06,190.7721099853516,195.90923522479733,189.67485254553748,190.57261278374745,12907,
2015-08-07,189.6748504638672,192.4678569176547,188.22847674228493,190.7721078916389,17863,
2015-08-10,193.3157501220703,195.90924430444448,188.5277409583606,189.7746175520005,33494,
2015-08-11,194.5626220703125,196.45786835912952,189.8244911276088,192.56761956812147,31526,
2015-08-12,189.7247314453125,195.4603635342416,189.52523424287324,192.56761604722,15751,
2015-08-13,182.09385681152344,205.2857609478797,179.5502255717908,204.4877569012062,104622,
2015-08-14,178.80209350585938,184.53772551511287,176.60759386819018,184.53772551511287,7181,
2015-08-17,178.75222778320312,179.6998509627648,173.56522412922084,176.65748421059234,131394,
2015-08-18,178.00408935546875,180.098848002092,174.8120885011491,180.098848002092,4534,
2015-08-19,176.4579620361328,178.5527207137767,175.06146639814418,178.5527207137767,5892,
2015-08-20,173.3158416748047,178.50284511532848,173.11634446952706,177.85447539301094,5431,
2015-08-21,169.52532958984375,174.562713803741,166.08395341898785,174.562713803741,8794,
2015-08-24,152.1688232421875,167.4305958637059,137.20630404867174,166.58271368780868,19711,
2015-08-25,158.8022003173828,161.54532883022304,137.90455160005945,152.4680763383123,21143,
2015-08-26,166.68246459960938,169.57521213003372,153.61519216485408,155.66007276702496,11844,
2015-08-27,173.9143524169922,175.0614727885959,167.48045705250607,169.8245911239798,4985,
2015-08-28,177.30584716796875,178.5527237303314,167.5802099815401,174.5627187307709,2451,
2015-08-31,172.86697387695312,178.9517225176676,169.7747138384188,178.85198152263646,1351,
2015-09-01,162.94183349609375,174.56271684340456,161.64507884112484,174.5128387373171,1836,
2015-09-02,167.18121337890625,171.57021273263962,163.59020283809824,163.6899590500444,3768,
2015-09-03,163.09146118164062,168.07896763979477,161.04658048966505,166.73233480782844,1274,
2015-09-04,155.41070556640625,161.59521058156847,153.56532207335195,161.59521058156847,3278,
2015-09-07,144.9369354248047,155.66007391821302,143.59030264201914,155.1613232906126,1157,
2015-09-08,148.37831115722656,153.06656399503694,144.63768146418724,144.63768146418724,3828,
2015-09-09,152.61769104003906,156.30844261582934,147.82968200249385,150.1738160250334,9741,
2015-09-10,150.07406616210938,151.62019620703717,144.3384337398037,150.67257302487556,3706,
2015-09-11,151.27105712890625,154.31343895848107,149.72494238168557,149.77480526721317,169,
2015-09-14,151.5204315185547,155.6101926705976,149.82468246307138,153.41569299758032,1765,
2015-09-15,151.5204315185547,156.55781579977997,148.77730312211787,153.81468740334313,932,
2015-09-16,150.22369384765625,153.9643235229399,148.72744197754278,153.9643235229399,2174,
2015-09-18,150.02418518066406,153.01668899586875,148.92694291415256,148.9768210218716,1333,
2015-09-21,153.6151885986328,155.6101910479657,150.0241781015693,152.61768737396636,1452,
2015-09-22,151.12144470214844,157.50544683892502,149.226198348604,153.61519791505518,2406,
2015-09-23,148.0291748046875,151.5703071761106,147.1314297958921,149.67506094836,1062,
2015-09-24,147.03167724609375,150.17381529642276,145.18630907748252,150.17381529642276,4898,
2015-09-28,149.72494506835938,154.61269514933178,147.7299425503035,150.5229338990527,1909,
2015-09-29,148.4780731201172,151.47057699042662,142.74244070202414,151.4206988817891,6153,
2015-09-30,149.67506408691406,151.27105693831254,147.729939713296,148.47806564319995,1902,
2015-10-01,165.08645629882812,174.263464722667,147.72994069766895,154.61269321038284,109775,
2015-10-05,161.2959442138672,167.58020494337592,159.60019518416755,165.5852025035738,11551,
2015-10-06,157.25607299804688,163.34083698308612,153.7149555789125,161.59520971761802,17135,
2015-10-07,158.85208129882812,162.9418426983971,155.41070487369234,156.75732249013927,3654,
2015-10-08,159.1513214111328,165.53532307936376,157.65506959320425,157.704947697934,5261,
2015-10-09,157.35581970214844,161.0964493305672,156.55781567062024,161.04657122472275,3972,
2015-10-12,163.34083557128906,167.92934757483883,155.61020060531968,160.99670146108528,28329,
2015-10-13,160.6475830078125,167.4804575932126,158.60270235470443,167.4804575932126,7327,
2015-10-14,160.7971954345703,165.5852043887383,157.7548136351029,162.74231979139017,8065,
2015-10-15,161.1962127685547,165.08646166824258,156.60770079706396,156.60770079706396,3019,
2015-10-16,159.4007110595703,162.2934587463041,158.1039563231972,162.2934587463041,3037,
2015-10-19,159.05157470703125,159.60020345052473,157.65507901510375,157.7049571228143,4426,
2015-10-20,158.6027069091797,160.59770951181088,157.70496182626044,159.60020821049528,3290,
2015-10-21,158.85208129882812,159.65008537931254,157.05657592290368,159.60020727040816,2482,
2015-10-23,159.74981689453125,160.59769903359413,155.11144223430983,159.6001977973606,10716,
2015-10-26,159.65008544921875,160.59770863616936,157.7049609663913,158.65258415334193,7017,
2015-10-27,158.8022003173828,159.65008249143443,157.10645118994117,158.7024593220401,2870,
2015-10-28,158.7523193359375,159.65007960174165,157.6051989759593,158.65257834240015,4498,
2015-10-29,159.20120239257812,161.74481835249054,158.65257367195866,159.55031869067352,5166,
2015-10-30,157.7049560546875,159.65008047693425,152.61769351589317,159.6002023695615,14099,
2015-11-02,154.9119415283203,158.60269297479667,154.71244432971685,156.6076905474407,2654,
2015-11-03,156.10894775390625,157.05657091019705,155.01169027567815,155.26106559157896,1368,
2015-11-04,155.2610626220703,158.5528197731354,154.2136984918478,158.5528197731354,1718,
2015-11-05,152.66757202148438,158.20370709975128,152.2186994952814,153.61519518139315,2928,
2015-11-06,151.86956787109375,159.5503245813616,150.92194471176109,158.50294520708383,1596,
2015-11-09,148.52792358398438,152.468065526835,144.6376749662595,150.67256031070798,2467,
2015-11-10,146.13392639160156,149.42568340905984,145.63517578958246,149.37580530472584,4429,
2015-11-13,146.53292846679688,151.6700690692996,145.68506153131204,150.62268970601951,1035,
2015-11-16,146.88206481933594,148.07906332211837,146.58281138847488,146.63268949706202,1650,
2015-11-17,147.8795623779297,154.5129396948134,144.7873023714757,150.2735593231021,2698,
2015-11-18,150.52293395996094,151.71994764780789,148.4281904475514,151.42069422584615,2844,
2015-11-19,153.4156951904297,159.35082457978555,150.6226886481854,153.6151923961626,13111,
2015-11-20,156.408203125,156.60770033607287,152.41819802089623,155.31094563310683,2400,
2015-11-23,159.350830078125,160.54782857448564,154.9618305179155,160.54782857448564,9853,
2015-11-24,159.699951171875,160.64757428532832,156.2086969070865,159.55031685670195,5148,
2015-11-26,158.0041961669922,159.45058519497422,157.85457706372722,158.45308391811025,2305,
2015-11-27,157.60519409179688,166.48294893655148,155.56031352938507,166.48294893655148,3616,
2015-11-30,153.6151885986328,159.65007405199697,153.6151885986328,159.45057685119585,2771,
2015-12-01,156.65757751464844,160.6475825950818,155.31094471173756,157.60520067711906,29388,
2015-12-02,157.6550750732422,160.64757881311775,156.2087013097679,158.45307911467455,50695,
2015-12-03,157.1563262939453,159.60020133272033,156.10894692856706,157.7049550301588,2540,
2015-12-04,154.36331176757812,163.29094452518964,152.96681616618412,163.29094452518964,6750,
2015-12-07,155.6600799560547,159.55032891397065,153.96433080056983,153.96433080056983,4425,
2015-12-08,149.77481079101562,156.10894999405502,147.2810575962224,154.6126980771791,7273,
2015-12-09,148.12893676757812,152.61769242720172,147.53042992469713,151.8695664839311,2737,
2015-12-10,149.5254364013672,150.02418704342733,147.23119562441985,147.58031194146494,2013,
2015-12-11,148.52792358398438,150.62268220624267,146.63267737958725,150.62268220624267,2246,
2015-12-14,150.42318725585938,151.42068847742254,148.7274382233341,148.7773011078837,868,
2015-12-15,152.7174530029297,153.61519807223,146.28355753051795,149.12644228440507,1976,
2015-12-16,155.2610626220703,156.5079391777267,149.82468388354062,151.67006727417652,2154,
2015-12-17,156.70745849609375,157.55532545883773,152.66757523393653,156.2585707397838,4188,
2015-12-18,154.512939453125,157.5553213474912,153.11644377406904,156.70745440687202,1402,
2015-12-21,159.3009490966797,159.79969972955638,152.71744987510434,155.61019745752452,7379,
2015-12-22,158.10394287109375,162.49294213697974,155.80968702820127,158.40319628028158,12615,
2015-12-23,158.15382385253906,163.09145192163055,157.6051951291598,159.60019759914917,27565,
2015-12-24,156.90695190429688,159.84957758958282,155.61019721669217,156.6575765882445,4761,
2015-12-28,158.85208129882812,165.2859616102841,157.10645403180806,160.59770856584822,420266,
2015-12-29,157.8545684814453,160.59769684368212,156.80718915355,159.60019562105057,16400,
2015-12-30,160.44808959960938,167.53033967100802,159.60020740948175,161.09645935394565,75070,
2015-12-31,158.15382385253906,161.246068548626,157.75481422614462,160.89695224877445,31119,
2016-01-01,159.10145568847656,159.65008444187953,157.80470096788642,159.60020633326803,16543,
2016-01-04,157.30593872070312,160.39819857859953,156.1089403056228,159.15132205858657,85165,
2016-01-05,160.0989532470703,165.08645957875473,156.70745502978946,156.70745502978946,127306,
2016-01-06,167.82958984375,178.0539779322994,159.6500824170428,161.5952068629272,281441,
2016-01-07,162.0939483642578,167.580205078125,160.7473156280443,167.580205078125,71072,
2016-01-08,173.36572265625,176.35822644702304,164.537830385205,165.58520975610784,112961,
2016-01-11,176.60760498046875,180.5477319993047,166.63259216282762,170.97171360610452,110597,
2016-01-12,175.95921325683594,182.04397693016327,172.11884260193872,175.56021884771917,29393,
2016-01-13,168.97669982910156,179.5502188023958,157.60519205988075,175.9592083380836,51981,
2016-01-14,163.7398223876953,170.37321476325448,158.00419026014876,164.58770452959703,40362,
2016-01-15,152.41819763183594,169.37571928099146,145.83468313860507,165.53533328982985,34867,
2016-01-18,149.9244384765625,162.89195451529565,147.72993880644754,154.36331592261206,14970,
2016-01-19,153.21620178222656,157.4555821969358,148.6276898333355,152.71745114520195,7649,
2016-01-20,146.2336883544922,154.41319550533314,144.6376802769647,151.67006708628725,9178,
2016-01-21,147.1813201904297,154.11395119690226,146.33343799525636,149.12644468567566,7365,
2016-01-22,152.1189422607422,156.00919108930975,146.33343190439808,147.82968379548737,41753,
2016-01-25,154.46307373046875,158.10394718301183,151.6201890966423,154.31343941146358,4069,
2016-01-27,154.86207580566406,158.80220287059691,154.56282237350143,154.6127004823055,3444,
2016-01-28,152.8171844482422,156.956823659577,152.11893663568594,156.956823659577,1994,
2016-01-29,153.96432495117188,156.7573162914303,151.37081559731905,152.31843874638253,4191,
2016-02-01,157.90444946289062,162.89195566689438,155.6101935649167,155.80969076894465,6606,
2016-02-02,157.30593872070312,158.60269334564873,156.607690913628,157.655070234571,8525,
2016-02-03,156.00918579101562,158.25356355142728,150.87206056100442,155.66006949401475,5458,
2016-02-04,154.61270141601562,160.39821199700538,152.86707414196383,160.34833388790008,3495,
2016-02-05,148.97682189941406,161.59520697292405,138.60279947986643,161.5453288649112,156197,
2016-02-08,145.23619079589844,152.36831877809803,144.38830862932693,149.07656154759766,13513,
2016-02-09,142.6925506591797,145.68505427920863,139.84966613188797,143.690051865856,7256,
2016-02-10,139.89955139160156,144.53792615161476,137.15642293294272,143.64018110795453,3625,
2016-02-11,133.96441650390625,143.64017526587844,131.86965785968127,143.64017526587844,11430,
2016-02-12,133.06666564941406,136.6576763722788,120.69765577405644,131.81978904017794,35336,
2016-02-15,137.555419921875,141.04667438913742,131.67016847961153,131.67016847961153,13065,
2016-02-16,127.58041381835938,139.10154890831564,125.18640925085847,138.65267638142893,16620,
2016-02-17,124.58790588378906,129.72503877064997,120.24877702976632,129.62528255879735,19820,
2016-02-18,123.88965606689452,129.62528843314576,121.84478300686432,125.73503952517044,32682,
2016-02-19,127.4307861328125,128.97691613198083,122.94203045690128,126.48316297869684,7207,
2016-02-22,132.06915283203125,133.56540463248777,125.6851512383476,125.6851512383476,2317,
2016-02-23,127.73004150390624,131.2212959717642,126.68266211941656,131.2212959717642,1728,
2016-02-24,122.7425308227539,134.66266761571663,121.94452678534338,133.0167966553445,4346,
2016-02-25,118.15402221679688,125.08666059948712,117.00690184621747,123.74003540899731,15986,
2016-02-26,121.3958969116211,124.33853011273696,118.30364461394326,124.28865200699602,4164,
2016-02-29,118.85227966308594,129.52554798177215,117.8049002694104,119.7001542335071,27284,
2016-03-01,123.44078063964844,125.3360345513334,116.85727386093332,118.7525277726183,9366,
2016-03-02,130.82228088378906,135.01179824737557,123.44077783295168,123.44077783295168,12252,
2016-03-03,129.42578125,133.56540515932733,125.73502983844809,129.92453185211946,2550,
2016-03-04,134.263671875,137.40579466658866,129.67516012091852,129.67516012091852,12765,
2016-03-08,130.82228088378906,136.6576691968839,129.97441396642395,132.71754236271175,4842,
2016-03-09,131.22129821777344,133.56541712534636,129.62529005974187,131.8197898615389,8928,
2016-03-10,130.4232940673828,133.9644267018724,129.87466531206834,133.9644267018724,4404,
2016-03-11,131.22129821777344,133.21630080498196,127.68016558134592,127.68016558134592,3691,
2016-03-14,130.7724151611328,132.61778327347182,130.27366455444758,132.56790516867116,2668,
2016-03-15,129.87466430664062,133.2661778091807,128.77742202516782,132.6676709497143,16620,
2016-03-16,131.1215362548828,134.56291252289665,127.87965719271622,130.2237912182396,4424,
2016-03-17,130.3734130859375,134.1639209601713,128.976917394691,133.1165415814057,17441,
2016-03-18,130.22378540039062,131.02178940878937,129.67515669332522,130.72253600305726,1960,
2016-03-21,131.42079162597656,133.71504757894942,129.9245397289066,131.67016694215488,6100,
2016-03-22,134.16392517089844,134.6127977128397,131.07166504523747,131.37091848008563,5298,
2016-03-23,141.4456787109375,147.6301833475824,131.2711691189525,136.55791350824933,42399,
2016-03-28,138.25367736816406,141.3459220667032,136.65766930264255,141.3459220667032,5471,
2016-03-29,134.61279296875,142.14393058047963,131.81978637636968,139.9993089441966,11542,
2016-03-30,138.70254516601562,141.6451706674395,135.4107881556684,139.00179857071274,11027,
2016-03-31,139.89955139160156,145.53542740930888,138.6526748194839,138.6526748194839,10470,
2016-04-01,154.1139373779297,157.5054354131927,138.6526685794966,138.70254668426884,21476,
2016-04-04,162.54283142089844,166.08396402839904,154.6625773540619,164.08896145748736,20771,
2016-04-05,156.90695190429688,165.38571265007818,154.81219316119223,164.5378304872355,6389,
2016-04-06,161.54531860351562,163.29094572845162,154.7124444183054,161.04656799639105,12985,
2016-04-07,169.42559814453125,176.55772619346007,157.9044553403172,161.545328916494,55669,
2016-04-08,166.98170471191406,169.6250921813507,165.6350871443094,169.57521407425543,11788,
2016-04-11,169.37571716308594,173.3657222071131,164.73732716700755,169.57521437115503,41672,
2016-04-12,169.02658081054688,174.31334038716534,167.18121266273596,172.56771323021232,51640,
2016-04-13,173.9143524169922,176.15873027325625,171.07146771079314,171.6200964531233,66389,
2016-04-18,172.8170928955078,179.3507291775366,169.6749700220358,179.30085107051966,7000,
2016-04-20,174.51284790039062,176.5577285920581,172.5677234261359,172.5677234261359,24296,
2016-04-21,170.02407836914062,176.95670874139012,167.58020344634684,174.56271192327796,11582,
2016-04-22,166.68246459960938,171.5702146256812,162.74232249417673,168.57771088221,4605,
2016-04-25,170.7223358154297,173.3657233062536,161.69496152261362,161.69496152261362,22954,
2016-04-26,170.62258911132812,172.4679572617396,168.0789579206227,169.77470697420603,24448,
2016-04-27,173.46546936035156,174.46297065677834,170.02409293181157,171.62010109435914,18767,
2016-04-28,173.4156036376953,174.56272402157242,172.11884892940273,173.4156036376953,15846,
2016-04-29,172.56771850585938,173.61509787618328,170.17372156282875,173.61509787618328,6937,
2016-05-02,183.7397308349609,184.5377348948548,171.71983749092053,171.71983749092053,55239,
2016-05-03,181.1960906982422,194.512738086258,178.2534651405566,188.32823356046808,62136,
2016-05-04,178.80209350585938,184.0389749056125,177.55521698210862,183.9890968005304,13820,
2016-05-05,179.45046997070312,183.0414805826601,177.55522367146324,177.55522367146324,14270,
2016-05-06,180.3482360839844,182.3432386618589,180.04898265317087,181.4953564779975,2357,
2016-05-09,180.2484741210937,182.0439794280783,171.5203381211174,178.10385250650694,14648,
2016-05-10,175.46046447753906,183.24097730230383,174.562719437269,176.60760005195212,14887,
2016-05-11,176.55772399902344,179.20109626441658,170.0739657730706,174.56272146796104,7310,
2016-05-12,196.8070068359375,208.62738794648467,177.65498518264127,179.05148089523075,390527,
2016-05-13,192.76712036132807,204.3880040645744,191.9192381938546,198.50275266185923,122755,
2016-05-16,183.5901031494141,185.53522749026044,176.5577164826672,184.08885376094705,151615,
2016-05-17,178.60260009765625,186.0838593989768,175.56021827098704,183.59010629853657,52219,
2016-05-18,177.45545959472656,181.59509875851364,174.81208747017502,177.80459110732494,14270,
2016-05-19,175.11134338378906,178.45296336069393,174.5627146649955,177.4554621340368,13446,
2016-05-20,170.02407836914062,178.05396616174352,169.62508397300877,174.61259002795958,12833,
2016-05-23,164.2884521484375,170.6225911478909,162.64258118103868,169.62508990203435,9511,
2016-05-24,162.5926971435547,164.587699562494,157.655069200812,160.39819752685355,25806,
2016-05-25,169.8245849609375,170.57271088587555,159.10144670349212,159.10144670349212,22589,
2016-05-26,163.6400909423828,169.57522061994865,161.6949664558746,163.09146218448,9020,
2016-05-27,163.5403289794922,170.07396529446763,160.7473223997323,170.07396529446763,9353,
2016-05-30,173.81459045410156,175.56021761791607,165.58520525326173,170.5727114355889,35789,
2016-05-31,172.7173309326172,178.55271918416278,171.71982970812465,174.36321708542633,10029,
2016-06-01,184.1885986328125,193.01649073126663,170.67246895193225,172.71733432578634,69780,
2016-06-02,182.04397583007807,188.22848045798145,178.05397088037776,185.4853520550625,14353,
2016-06-03,182.04397583007807,188.3781147759918,178.55272149909032,188.3781147759918,22205,
2016-06-06,183.04147338867188,184.33822801539404,175.95920865703118,181.5950996676074,14994,
2016-06-07,180.39810180664065,186.2833529190312,178.6524746708532,182.0938508372734,7812,
2016-06-08,184.4379730224609,185.28585516396555,179.55022303910525,179.60010114519275,63723,
2016-06-09,182.7422332763672,189.4753669835908,181.54523477254867,189.4753669835908,69100,
2016-06-10,182.193603515625,186.53274019122568,181.6449899857096,183.09136380402256,12631,
2016-06-13,182.8918609619141,187.53023570355123,180.0988544073034,180.7971022407908,30819,
2016-06-14,178.90185546875,183.54023019798905,178.00409521038486,181.0464770702989,30954,
2016-06-15,177.006591796875,182.49284861076927,176.55771928350674,182.49284861076927,14667,
2016-06-16,173.66497802734375,181.29585669114093,169.026587967223,179.8993609947145,24315,
2016-06-17,170.3732147216797,178.80209714988516,167.67996441962114,176.55771936139288,23479,
2016-06-20,178.95172119140625,183.19110157567937,169.57521537092552,169.57521537092552,23010,
2016-06-21,180.99659729003903,186.58261033267857,178.95171670010885,178.95171670010885,33923,
2016-06-22,180.64747619628903,184.2883495442164,179.69983786513535,183.7895989365189,12129,
2016-06-23,177.0564727783203,183.24097751574067,175.7597181025722,178.55272466095403,4682,
2016-06-24,173.61509704589844,175.75971866291286,162.59270509789076,175.56022145539126,9558,
2016-06-27,187.1811065673828,189.22598720780647,181.54523050001504,182.44297555158573,111390,
2016-06-28,185.3856201171875,193.76462483249,184.1886063972914,187.5302417941216,31125,
2016-06-29,187.97911071777344,189.3257435164576,183.63998933881825,188.2284860345178,17892,
2016-06-30,191.0713653564453,199.50024778106305,184.5876073035608,186.532731675294,162746,
2016-07-01,196.8568725585937,198.50274348920985,194.0638660884828,194.1636070784427,85591,
2016-07-04,192.567626953125,202.29326452428623,191.7197447689129,198.95162911669948,33201,
2016-07-05,184.2384796142578,192.56762122064663,182.6424867312056,191.520241853876,27877,
2016-07-07,189.7247314453125,191.5202367085877,184.23847466459776,184.23847466459776,25701,
2016-07-08,187.23098754882807,192.5177473864751,185.5851165221307,192.5177473864751,16213,
2016-07-11,186.682357788086,191.17111353184,184.7372333432581,190.0239931522564,15212,
2016-07-12,188.2783660888672,191.52024524006623,185.53523757631416,191.52024524006623,71523,
2016-07-13,187.43048095703125,191.4204860032324,184.7372305949778,189.97411221811672,32864,
2016-07-14,185.3357391357422,190.22348927379025,180.74722720236767,190.22348927379025,35792,
2016-07-15,179.84947204589844,188.2284761607115,177.85446961659432,183.6898425899125,34340,
2016-07-18,176.9567108154297,181.99409503410328,174.76221116966258,180.04897069400656,11623,
2016-07-19,179.3008575439453,182.19360520743268,176.55772898624934,178.35323435905542,61611,
2016-07-20,178.65248107910156,181.24597521290343,178.15373045098644,178.90185639315914,25935,
2016-07-21,177.10635375976562,178.9018590922006,176.55772501642974,178.9018590922006,11144,
2016-07-22,177.80459594726562,184.43797310191465,176.05896877807788,176.75721660162077,21614,
2016-07-25,177.30584716796875,179.55022498022151,173.6649736941343,175.8594733997603,68742,
2016-07-26,175.16122436523438,180.84697840640249,174.5128394248649,179.55022374632455,35874,
2016-07-27,171.07147216796875,178.4529756659604,169.67497644261744,174.3632294870533,10915,
2016-07-28,172.46795654296875,176.55771767338493,170.17371589097323,172.5677127542124,19063,
2016-07-29,171.02159118652344,175.06147440933267,167.63009292725684,175.06147440933267,43948,
2016-08-01,169.32583618164062,174.263464295677,167.72982810285706,171.62009208714412,21924,
2016-08-02,168.12884521484375,183.44048086037856,165.78471109868718,168.57771775052046,90040,
2016-08-03,166.9318389892578,171.37071647341614,165.734825321954,167.5802087084965,13557,
2016-08-04,166.78221130371094,171.37072328910526,165.88446623818936,171.37072328910526,6549,
2016-08-05,170.32333374023438,173.56521271332815,163.59020048842422,165.585202933405,8170,
2016-08-08,172.7672119140625,175.56021843326943,168.87696316204423,171.8694668853386,31380,
2016-08-09,171.22108459472656,173.56521863583131,167.679967310582,171.5702161227758,15776,
2016-08-10,171.1712188720703,175.56021823980095,167.23107679754597,167.23107679754597,19182,
2016-08-11,170.3732147216797,172.56771440407329,166.1837125606263,172.56771440407329,41758,
2016-08-12,169.32583618164062,173.46546025628524,167.63008711084626,167.63008711084626,22882,
2016-08-16,168.52783203125,171.5702138678055,167.0814582724269,171.5702138678055,5084,
2016-08-17,171.02159118652344,174.56272376998984,167.67997103532343,171.91935146973748,35820,
2016-08-18,169.32583618164062,173.96421087832246,168.27845683123022,171.07146335877096,12723,
2016-08-19,168.62759399414062,171.42060061508468,167.18122018599544,167.18122018599544,29413,
2016-08-22,169.32583618164062,174.5627177130316,167.6799652171822,168.5777102485848,123582,
2016-08-23,168.27845764160156,171.3707176013881,167.72982891058638,171.3707176013881,65429,
2016-08-24,169.57521057128906,170.47295559781384,168.62758743869935,169.52533246522412,132625,
2016-08-25,181.2459716796875,190.8219896410871,169.27595683826848,173.36571799735103,352817,
2016-08-26,180.44796752929688,183.19109592867937,178.552721268897,181.24597156234032,92564,
2016-08-29,182.84197998046875,184.537729041038,178.60259971871517,180.44796787672897,32129,
2016-08-30,182.193603515625,187.0314908334482,181.04648312677784,183.3906172334884,34914,
2016-08-31,181.9940948486328,184.33822880780968,181.0963498373987,182.04397295384825,54751,
2016-09-01,181.59510803222656,185.4354787636263,179.600105505579,181.0464792932662,43995,
2016-09-02,180.3482360839844,183.4404809472928,178.552730719765,181.5452345865767,39091,
2016-09-06,182.8918609619141,184.73722914894057,180.7472241339714,182.54272943483977,177558,
2016-09-07,190.9716186523437,195.51025255946365,184.1886068459443,184.1886068459443,346471,
2016-09-08,189.0264892578125,196.30825151873648,184.78710889187207,192.1686121466568,71451,
2016-09-09,184.13873291015625,195.51024082931104,179.60009927534364,191.5202359144272,194434,
2016-09-12,178.40310668945312,179.5502270517973,168.57771317640967,178.15373137410342,74035,
2016-09-14,185.93423461914065,188.57762217361187,174.71234509146728,178.35323393728726,64225,
2016-09-15,186.53273010253903,190.7222322264853,182.14373077662603,188.5277325635288,38466,
2016-09-16,183.2409820556641,197.0065027610767,181.74473013595968,191.22099229408744,88616,
2016-09-19,190.3731231689453,193.7646213933573,183.2409799672434,183.2409799672434,64645,
2016-09-20,186.1337432861328,189.2758662020123,184.6374913793976,188.52774024864465,22289,
2016-09-21,189.5252380371093,192.0688692759502,184.63748798652207,188.4279805707353,61443,
2016-09-22,186.88186645507807,189.5751168029416,185.93422808506915,188.82699086072057,30634,
2016-09-23,184.787109375,189.3257431757112,184.58761216609585,187.8793693853293,7126,
2016-09-26,181.59510803222656,187.43048129027383,179.84948082140994,183.5402324515757,6564,
2016-09-27,184.1885986328125,187.33073668409023,178.15372828260152,180.74722238483687,19333,
2016-09-28,182.69235229492188,191.5202446605067,179.74972657994743,183.0414838291822,135531,
2016-09-29,175.31085205078125,184.5377390008224,171.57022220616997,184.5377390008224,56149,
2016-09-30,181.8943634033203,184.3881165883361,170.17372343374583,173.71484077993912,26385,
2016-10-03,187.87936401367188,190.52273620256344,181.89435659369607,181.89435659369607,63673,
2016-10-04,191.5701141357422,193.01648787412933,186.58260798912383,187.5302311128492,40929,
2016-10-05,192.3681182861328,194.412983631023,188.02898184754065,188.02898184754065,120468,
2016-10-06,191.5701141357422,199.2009924518039,189.5252335714965,193.1661069702636,156045,
2016-10-07,188.37811279296875,194.31324204903777,185.53522820796945,191.5701136749952,32602,
2016-10-10,191.0713653564453,192.51773910872583,188.577612259182,191.4204816576656,20453,
2016-10-13,187.53024291992188,190.9217412248898,185.5352403356674,189.52524550417635,28111,
2016-10-14,188.72723388671875,191.27086512415792,185.53523292356385,191.27086512415792,8662,
2016-10-17,193.66485595703125,200.4977454087273,186.5327283155821,189.5252319783989,42556,
2016-10-18,232.367919921875,232.367919921875,192.51774686602025,195.46037259522865,422936,
2016-10-19,245.93394470214844,262.24308156897496,240.6471848509284,251.3204455494072,1115215,
2016-10-20,238.5524139404297,256.3578170494433,235.75942266272324,247.28054973491464,288037,
2016-10-21,230.8716583251953,249.27555310894857,228.2282861346577,241.2955432106785,583857,
2016-10-24,239.1509246826172,244.38780624501027,231.86916251363365,231.86916251363365,274265,
2016-10-25,237.60479736328125,241.3953051998072,234.51255258609376,241.34542709261711,63362,
2016-10-26,237.60479736328125,241.3953051998072,234.4127963717136,241.14592988451813,90104,
2016-10-27,230.6721649169922,238.40279963312923,227.0312914292696,237.10604495919333,54674,
2016-10-28,231.52005004882807,237.3055452181468,230.4227925673856,237.3055452181468,29215,
2016-11-01,232.018798828125,243.39030708738588,230.5225469402927,243.39030708738588,40049,
2016-11-02,227.38040161132807,232.21828864970863,224.18840072961044,229.6247793716913,45332,
2016-11-03,224.8866577148437,232.7170487530217,224.43778518859884,226.6322849329773,19263,
2016-11-04,225.5350341796875,231.91903596309544,224.43777673847947,229.42528288822345,31990,
2016-11-07,227.0312957763672,235.90905101597653,224.6372835892627,230.422794015605,51779,
2016-11-08,226.28317260742188,231.86917067144225,224.9365397843065,229.425295567142,35710,
2016-11-09,228.4776611328125,232.71704138549484,184.5377286461727,219.4502719035568,167273,
2016-11-10,237.4551696777344,245.4850575838724,231.9190348343311,234.1135344854055,132505,
2016-11-11,232.1684112548828,239.4002951715225,224.5375329345549,236.308035270626,67125,
2016-11-15,206.63238525390625,234.9115527930546,200.6473775394336,234.46268025860147,107685,
2016-11-16,208.9765167236328,217.90415007413785,205.4852622676294,212.9665218162081,27584,
2016-11-17,204.18850708007807,214.16351978766045,201.64487579551232,210.4727681299873,19766,
2016-11-18,195.75962829589844,210.1735189020883,189.52524522915007,203.4902632986664,44179,
2016-11-21,202.4927520751953,205.4852558004445,189.6249921448882,202.34313297719729,59849,
2016-11-22,202.3930053710937,206.2832695290773,195.5601306764992,202.49276158821965,17187,
2016-11-23,206.5326385498047,212.7171433063736,200.84688442232465,200.84688442232465,64046,
2016-11-24,205.4353790283203,208.77701429814687,201.34563304298428,204.53763399318004,30367,
2016-11-25,206.58251953125,213.76452564592745,204.58751698713613,208.4777658598936,56321,
2016-11-28,206.08377075195312,212.41789475418548,204.98651325454009,212.41789475418548,19897,
2016-11-29,210.921630859375,215.6597616753677,206.58250966554647,208.5775121143856,44091,
2016-11-30,214.712142944336,221.2457791419427,213.41538828195684,213.41538828195684,82943,
2016-12-01,216.05877685546875,218.25327656151129,211.4702650168389,214.81190029286947,15584,
2016-12-02,211.5700225830078,217.30565480764136,211.0712719547788,214.9615207667005,16597,
2016-12-05,215.31065368652344,219.1510244163147,207.4303845771693,209.4752652102588,19100,
2016-12-06,218.1036376953125,221.84426730513832,215.2108902186449,215.2108902186449,19302,
2016-12-07,214.81190490722656,218.4527784599613,213.46527210242795,218.40290035225368,12811,
2016-12-08,226.33302307128903,229.3754048678965,216.95651759454765,216.95651759454765,54099,
2016-12-09,227.5300445556641,238.3030460373897,224.48766265433943,229.42529087024064,62958,
2016-12-12,227.7295379638672,233.41529203336827,225.5350382623865,233.41529203336827,45020,
2016-12-13,225.5350341796875,231.42028534812104,223.44027550853068,230.42278411817225,16790,
2016-12-14,230.37290954589844,232.81678455262383,225.53503763884217,227.43028391654897,32844,
2016-12-15,228.3779144287109,231.2207991577164,225.4352887043572,226.4327899818101,7053,
2016-12-16,225.8342742919922,234.41279103074336,224.53753485856367,232.2681694563861,7479,
2016-12-19,232.56741333007807,234.2132995460704,224.8367785434937,226.8816591763354,22446,
2016-12-20,235.1110382080078,237.40529409422703,232.0187935097653,232.4676660216936,30965,
2016-12-21,230.5724029541016,234.46266687890656,225.9340283283404,234.46266687890656,68660,
2016-12-22,228.9764099121093,233.01629292929888,215.4602652297237,230.57240274437748,45272,
2016-12-23,236.0586700439453,253.01619167609223,227.7794216588969,233.16592244202016,416519,
2016-12-26,223.88916015625,239.3005519503708,218.4527812024225,239.1010547376972,81902,
2016-12-27,221.79440307617188,231.07115227579592,220.64726753704687,225.8841489590685,21474,
2016-12-28,227.9290313720703,233.4152881447022,220.4477721366632,224.33802085081047,28878,
2016-12-29,227.7295379638672,233.2157948278993,214.4627683212572,233.1659167213668,23607,
2016-12-30,227.08116149902344,233.4153007486292,225.23579325370693,231.420298178128,23569,
2017-01-02,231.61978149414065,236.90654103290177,228.62727781793555,236.90654103290177,9406,
2017-01-03,237.0063018798828,239.4002987794125,229.42528633027032,234.36291444846347,31078,
2017-01-04,239.59979248046875,246.3828038908261,231.12103202268727,239.40029527853548,114334,
2017-01-05,239.3005523681641,246.18332037238,235.60980065494425,240.69706330064028,80003,
2017-01-06,239.3005523681641,244.1883178008383,233.4153008703807,239.5998057980277,83889,
2017-01-09,242.392807006836,244.7868039507377,237.45517879712528,242.392807006836,94892,
2017-01-10,252.96632385253903,259.8490764100692,240.397801976302,246.881560120891,296851,
2017-01-11,258.50244140625,260.3478247967134,252.3678148412585,252.3678148412585,145986,
2017-01-12,251.1708221435547,260.6969622901472,249.3753168183304,258.50244732561674,90974,
2017-01-13,253.86407470703125,258.253074232562,246.3828151380617,252.11844747427168,99247,
2017-01-16,262.0435791015625,268.3278245254441,250.3728028099869,255.3603088420584,175597,
2017-01-17,259.74932861328125,264.33784061409244,254.9114565117977,264.33784061409244,114494,
2017-01-18,280.64697265625,284.0883335798687,259.7992033712393,259.7992033712393,629637,
2017-01-19,336.7564392089844,336.7564392089844,273.11583909258513,277.3053566574647,1442187,
2017-01-20,317.3051452636719,351.1204306499323,312.2178829358773,332.26766361523147,1570564,
2017-01-23,326.2826538085937,332.56689929222443,314.3625021020807,316.1081292299027,354607,
2017-01-24,355.0605773925781,368.02809347014136,322.0432803683642,329.02578902551363,1516185,
2017-01-25,355.60919189453125,382.49186247655126,353.2151950079096,355.11044127476333,1260427,
2017-01-27,339.84869384765625,362.9408420907289,336.7564338316532,359.0006999095008,339639,
2017-01-30,337.40478515625,355.5593194017918,334.3624186343999,347.8286850042724,393612,
2017-01-31,335.0606689453125,342.0930711308764,322.59190312834403,340.6965450063177,272711,
2017-02-01,331.3200378417969,347.13043892115417,327.1804136958005,339.15042883101273,198386,
2017-02-02,331.6192932128906,342.4421571114338,327.87866363284445,334.0132900558559,127745,
2017-02-03,323.2402648925781,337.15541937774464,319.3999094686999,335.16041689621954,115452,
2017-02-06,326.3824157714844,333.9634007928819,318.9011565203775,327.6791551984808,188509,
2017-02-07,323.6392822265625,332.1679054605064,322.1928932845152,331.1704042429073,66924,
2017-02-08,321.0956420898437,326.13304160129564,317.90365639635814,325.9833920626938,46947,
2017-02-09,317.853759765625,328.826273258149,311.6692704255408,323.6891480294589,148205,
2017-02-10,337.5544128417969,347.77880053102007,320.1480345039613,320.9958862031808,641695,
2017-02-13,332.7165222167969,350.12293081114456,330.8212759730351,339.050661098938,235870,
2017-02-14,325.5345458984375,337.1554296180127,323.48965002797235,334.06316958946456,71943,
2017-02-15,315.5595397949219,327.1804237578111,314.21290696253203,324.7864267454089,47326,
2017-02-16,323.53955078125,331.17042959170993,316.058291076618,318.6019071996634,77525,
2017-02-17,334.06317138671875,343.9883212636842,320.4472850517719,324.1879148383685,344959,
2017-02-20,340.5968017578125,345.13542010579664,333.4646437233785,335.0606517543285,99117,
2017-02-21,341.5943298339844,344.83620903499684,336.6068233708882,340.59682854136514,55517,
2017-02-22,331.6192932128906,342.14291892155865,330.3225233603484,342.14291892155865,45641,
2017-02-23,339.300048828125,346.1329385741208,327.2801707746306,334.11306052062633,190166,
2017-02-27,337.7040405273437,345.8337001766257,335.2102873689929,338.9509171065192,123476,
2017-02-28,350.9708251953125,355.6091999763041,338.15292788770574,338.90105383436,308522,
2017-03-01,369.0256042480469,370.9208505585818,351.61919504043794,352.1678085582982,402270,
2017-03-02,351.419677734375,375.010606618778,349.6241876632751,372.7163354820144,161167,
2017-03-03,353.6141967773437,358.1029524487064,350.12294236628395,352.0680820004035,56680,
2017-03-06,348.8262023925781,360.7463241709123,346.2326930313318,354.16280977430944,52811,
2017-03-07,338.601806640625,351.8186980138737,337.3050367693999,350.62168435448467,70841,
2017-03-08,339.300048828125,348.1279411019255,326.33253239739423,339.34994215611374,103263,
2017-03-09,338.4521484375,345.1354187222335,337.1554090407946,338.6516608560644,40716,
2017-03-10,334.61181640625,347.878571247921,333.16542737435304,340.1479363313005,202577,
2017-03-14,341.8436889648437,346.1329321434061,335.31003754287667,343.5394228171795,68277,
2017-03-15,337.6541748046875,344.63668358942255,336.15792292224427,342.14293045201714,32151,
2017-03-16,333.5644226074219,341.84370151268894,332.6666775419003,339.64918651579325,44764,
2017-03-17,334.5619201660156,343.93842602405465,330.3724330930993,335.85869008295776,78494,
2017-03-20,333.9634094238281,339.94841697939006,331.8187878046829,334.5619162676488,38631,
2017-03-21,327.0307922363281,336.0581664091661,320.1979025576587,335.06066515509247,80994,
2017-03-22,317.3051452636719,331.6691567929048,313.21538415931457,322.1928951702504,68264,
2017-03-23,328.6268005371094,332.86618086958003,319.3999139311438,319.3999139311438,81697,
2017-03-24,329.7240295410156,338.45216557195954,328.17791476349174,332.167919806209,43379,
2017-03-27,326.2826538085937,337.1554109736208,324.6866457748922,329.27515745628864,51561,
2017-03-28,361.4944458007813,370.072962612682,327.1804089945005,328.0781540284771,422126,
2017-03-29,345.3349609375,367.87846587964015,342.84120769688064,366.9807208012819,183499,
2017-03-30,348.6765441894531,356.90592937045545,344.1877886361792,348.02817447557794,58380,
2017-03-31,362.7413330078125,371.56922539059184,352.0680876170914,352.0680876170914,372739,
2017-04-03,352.2177124023437,364.9857167673612,350.3224660352226,364.9358538792752,53883,
2017-04-05,376.5068664550781,395.9581412157927,349.0755815361217,354.1129507719827,674908,
2017-04-06,411.4692687988281,414.9605232007576,371.07046786221593,375.0604728929925,975666,
2017-04-07,398.8009948730469,434.9105529605181,386.3821223480276,401.9930111080018,448799,
2017-04-10,400.0478515625,412.716129215866,387.1302290457932,399.99798867809614,200413,
2017-04-11,397.1052551269531,407.8283936026273,395.3097346057677,402.6912682351037,67050,
2017-04-12,399.0503540039063,412.2672452722246,394.01298498005696,397.10524487449385,108691,
2017-04-13,395.5591125488281,410.9705191951763,394.0129977720744,399.0503669594668,67314,
2017-04-17,395.0603637695313,403.28974920459,391.0204958233952,398.9506430555263,47172,
2017-04-18,391.8184814453125,408.9755152366472,390.0728542461317,398.003001413225,86686,
2017-04-19,397.1052551269531,400.0977588876064,391.9182364319585,395.01049640623137,45480,
2017-04-20,409.4244079589844,414.9605278243425,399.0005075234062,399.0005075234062,179968,
2017-04-21,404.83587646484375,417.404397932546,401.992991897897,411.9680041038002,86198,
2017-04-24,399.2498779296875,410.9705176940194,397.1052563163934,405.8832551974066,52829,
2017-04-25,401.0453796386719,407.6787875399736,398.65138264185634,402.1925304699982,47712,
2017-04-26,395.21002197265625,408.4269140216181,392.1177618955778,402.9905198324968,51940,
2017-04-27,402.5416259765625,410.9705238980889,397.0055060957267,397.0055060957267,87435,
2017-04-28,416.5066223144531,422.9405173612172,399.5491015711968,402.9904929573862,214003,
2017-05-02,406.6812744140625,420.247267148153,403.988008845232,417.9530264349437,61115,
2017-05-03,410.4717712402344,418.8009129053056,406.98051680684233,408.92565645340414,75624,
2017-05-04,426.63128662109375,431.1200421389814,393.0154831217177,413.015370530444,428511,
2017-05-05,411.2198791503906,422.9903814043644,406.33212924632767,422.9405185197468,90631,
2017-05-08,414.5615234375,422.4417771833524,405.7834942182474,414.8607616344186,111351,
2017-05-09,421.44427490234375,424.8856663650574,414.51162909132665,416.9555193116679,65491,
2017-05-10,433.5140380859375,448.8256879642715,421.4941300706338,421.4941300706338,335368,
2017-05-11,420.1974182128906,438.8008111742886,417.4542896666937,435.4093128781644,78080,
2017-05-12,417.7036437988281,423.6886512323636,414.96051539179103,422.8906624177543,40475,
2017-05-15,433.3644409179688,437.70354710933486,421.9430391474944,421.9430391474944,80214,
2017-05-16,427.2796630859375,436.9055439826796,424.93552907904456,435.5090483321866,28370,
2017-05-17,415.3595275878906,428.9255511065004,408.97552547364,428.8756882189476,53666,
2017-05-18,409.8732604980469,418.95052802689406,407.9780141976183,412.9655204836527,31752,
2017-05-19,409.4244079589844,418.9505328995765,398.05286914150895,413.96302655553393,46795,
2017-05-22,393.2648620605469,420.9455213431853,390.2723583543157,418.40190536941753,96421,
2017-05-23,393.41448974609375,402.9905079033487,384.9856223876613,389.7237533592972,48340,
2017-05-24,384.4369812011719,399.00050574928537,382.6913539885188,394.1626185288107,44863,
2017-05-25,395.2598571777344,399.0004867409306,381.793590750228,384.0379684881457,33103,
2017-05-26,402.5416259765625,406.88076259627536,393.1651201118124,393.1651201118124,43178,
2017-05-29,401.9431457519531,406.8807587347047,395.1102560180957,405.93315080047455,49829,
2017-05-30,405.733642578125,415.9580306209665,398.9506461018423,399.2498843070548,68693,
2017-05-31,409.77349853515625,415.95801841960247,405.4343924802397,407.8283893756852,46409,
2017-06-01,405.0353698730469,416.8557657588424,401.9930032409285,410.82089538051366,24982,
2017-06-02,408.0777587890625,419.8482611123368,404.0378605476421,404.0378605476421,59239,
2017-06-05,410.02288818359375,413.9630304085903,407.9780227400324,410.97052657431135,15718,
2017-06-06,404.3869934082031,411.51912112950896,403.9879990036244,410.0727626077458,11718,
2017-06-07,407.3795166015625,412.9655298569746,403.9880183383448,404.9855196181925,12225,
2017-06-08,404.48675537109375,412.8657597516756,399.8982435498896,412.8657597516756,35269,
2017-06-09,406.2822570800781,408.97552269877,401.0453753869841,402.9406521623052,12022,
2017-06-12,399.1002502441406,406.0827588897071,396.10774653889786,404.98550144285366,13268,
2017-06-13,387.0304870605469,404.9356467699027,384.0379832946148,393.1152508062066,39793,
2017-06-14,385.334716796875,391.31972423627553,380.04797240193335,385.0354786014338,27752,
2017-06-15,382.9906311035156,391.9681426814369,381.2450038522532,385.235008997996,11769,
2017-06-16,384.0878601074219,390.9207500423171,379.7487538425475,384.0878601074219,33084,
2017-06-19,397.2548828125,410.9206624580343,383.0404896421846,383.0404896421846,91401,
2017-06-20,390.7212524414063,401.6937662093757,389.07535102315296,397.9531365157498,22704,
2017-06-21,390.172607421875,402.8408854595282,389.07534995981234,391.0204895717108,41668,
2017-06-22,389.6738586425781,399.2498767656976,388.0279876623519,389.0753518021352,19921,
2017-06-23,382.3921203613281,393.01550286575457,379.0504849974282,390.7711249940593,21462,
2017-06-27,384.6863403320313,388.5267261265529,381.0454669585191,382.3920996970295,17711,
2017-06-28,396.406982421875,399.00049170622987,381.9931079237805,384.6863429780045,26804,
2017-06-29,389.9232482910156,397.3546450802993,387.0305006374029,389.1751223232887,8572,
2017-06-30,390.37213134765625,401.993015151488,384.6863618848652,387.030495977115,25239,
2017-07-03,393.8134765625,402.24237419962856,385.0354778451497,401.9929988901433,31080,
2017-07-04,397.7536315917969,406.9805183434561,390.6713664833398,396.9556427519663,55650,
2017-07-05,413.1650390625,433.7135409138139,398.0030075507058,401.6937744338456,184852,
2017-07-06,404.7860107421875,421.6936697606889,403.0902768163414,417.6538017183401,54602,
2017-07-07,398.1526184082031,413.9630193311638,394.9606326685153,406.5815161590654,56950,
2017-07-10,399.4992370605469,404.6862555609577,398.00298523635007,399.0004864524813,5280,
2017-07-11,391.569091796875,406.3819910045,390.37210859747705,400.5964961041065,25178,
2017-07-12,399.2000122070313,400.9955022795151,389.77361322318535,394.761119470443,46853,
2017-07-13,406.7999877929688,412.0,398.1499938964844,398.1499938964844,83176,
2017-07-14,395.1000061035156,408.3500061035156,394.0,405.0499877929688,18404,
2017-07-17,393.0,398.5,392.1000061035156,395.0,23831,
2017-07-18,385.0,394.4500122070313,383.7000122070313,392.0,27248,
2017-07-19,382.6499938964844,388.2000122070313,381.0,387.8500061035156,64958,
2017-07-20,384.0,386.8999938964844,381.2000122070313,386.8999938964844,26557,
2017-07-21,388.0,394.0,382.1000061035156,384.0499877929688,31186,
2017-07-24,386.5499877929688,396.1000061035156,383.1000061035156,390.0,21657,
2017-07-25,377.1000061035156,388.75,371.5,387.6000061035156,48343,
2017-07-26,391.1499938964844,400.1499938964844,375.0499877929688,377.1000061035156,71933,
2017-07-27,384.3500061035156,394.7999877929688,377.5,390.0,23019,
2017-07-28,373.0,404.0,370.0499877929688,385.6000061035156,197295,
2017-07-31,380.9500122070313,384.75,373.0,377.8999938964844,65740,
2017-08-01,371.9500122070313,381.7000122070313,369.0,380.9500122070313,26584,
2017-08-02,366.1000061035156,380.75,363.1000061035156,374.6499938964844,44500,
2017-08-03,364.1000061035156,370.8999938964844,362.7999877929688,368.1000061035156,49614,
2017-08-04,375.4500122070313,387.6499938964844,364.9500122070313,365.0499877929688,117120,
2017-08-07,371.3999938964844,384.5,367.5,376.0499877929688,22357,
2017-08-08,365.8999938964844,375.5,362.1000061035156,372.0,33524,
2017-08-09,350.54998779296875,365.8999938964844,348.1000061035156,365.8999938964844,37148,
2017-08-10,345.1499938964844,356.6499938964844,344.0,350.95001220703125,26015,
2017-08-11,341.3999938964844,347.0,335.04998779296875,345.0,32052,
2017-08-14,355.04998779296875,357.0,341.0,341.0,9295,
2017-08-16,365.5,367.8999938964844,354.0,356.95001220703125,23841,
2017-08-17,381.75,383.3999938964844,365.9500122070313,365.9500122070313,33726,
2017-08-18,381.2999877929688,385.0,374.8500061035156,380.0,21161,
2017-08-21,373.3500061035156,385.2999877929688,372.25,382.0,19420,
2017-08-22,378.1499938964844,382.0,373.5,375.25,17809,
2017-08-23,394.6000061035156,399.5,378.1499938964844,378.1499938964844,45028,
2017-08-24,413.6499938964844,420.0,388.7000122070313,394.4500122070313,62955,
2017-08-28,408.5,418.0,400.4500122070313,410.0499877929688,44930,
2017-08-29,411.7999877929688,416.0,407.0,408.8500061035156,28190,
2017-08-30,407.1000061035156,415.5,404.0,413.0,26148,
2017-08-31,430.6000061035156,446.25,400.0,408.0,448490,
2017-09-01,435.1000061035156,441.0,425.0499877929688,431.2999877929688,94917,
2017-09-04,422.6000061035156,438.0,413.1499938964844,435.0499877929688,32369,
2017-09-05,443.5,448.8999938964844,422.75,422.75,141472,
2017-09-06,474.3500061035156,491.0,441.0,444.7999877929688,666575,
2017-09-07,483.75,504.0,464.1000061035156,476.0,281293,
2017-09-08,481.2999877929688,509.8999938964844,475.7000122070313,485.8999938964844,186419,
2017-09-11,483.2000122070313,505.0,480.25,484.5,216735,
2017-09-12,490.3500061035156,496.9500122070313,483.8999938964844,487.6000061035156,54329,
2017-09-13,480.0499877929688,495.0,475.3500061035156,487.0,80143,
2017-09-14,470.3999938964844,483.9500122070313,467.1000061035156,482.3500061035156,39229,
2017-09-15,460.2000122070313,471.8999938964844,458.75,471.8999938964844,71436,
2017-09-18,463.0499877929688,476.5,460.0,464.7000122070313,78043,
2017-09-19,466.5,473.6000061035156,461.0499877929688,467.3999938964844,61970,
2017-09-20,467.75,490.75,460.0,468.3999938964844,180131,
2017-09-21,470.1000061035156,482.0,465.2999877929688,467.7999877929688,104121,
2017-09-22,454.8500061035156,474.6000061035156,448.5,465.1000061035156,46918,
2017-09-25,436.5,459.0,415.0499877929688,458.9500122070313,43897,
2017-09-26,452.6000061035156,454.0499877929688,432.0,441.1499938964844,31748,
2017-09-27,444.3999938964844,459.6499938964844,440.2999877929688,446.0,46057,
2017-09-28,451.5,457.5,440.0,440.0,20229,
2017-09-29,445.25,462.2999877929688,442.0,445.0,23279,
2017-10-03,459.6000061035156,469.0,435.1000061035156,435.1000061035156,57082,
2017-10-04,473.1000061035156,483.4500122070313,456.6000061035156,462.9500122070313,205618,
2017-10-05,487.5499877929688,506.0,469.0,469.0,153593,
2017-10-06,500.0499877929688,506.8999938964844,488.1000061035156,488.1000061035156,219251,
2017-10-09,503.5,532.9000244140625,500.0,504.8500061035156,326288,
2017-10-10,513.8499755859375,522.0,495.5499877929688,503.7000122070313,131952,
2017-10-11,499.8999938964844,529.2999877929688,496.25,525.0,98160,
2017-10-12,488.4500122070313,510.0,481.0,500.0,112033,
2017-10-13,477.4500122070313,491.9500122070313,472.5,483.25,49517,
2017-10-16,468.9500122070313,486.8999938964844,465.1000061035156,486.8999938964844,59447,
2017-10-17,490.75,507.2999877929688,460.25,467.0499877929688,197587,
2017-10-18,481.5,495.0,478.5,493.8999938964844,62777,
2017-10-19,491.5499877929688,494.7000122070313,482.1000061035156,484.0,51265,
2017-10-23,589.8499755859375,589.8499755859375,485.1499938964844,491.5499877929688,1308881,
2017-10-24,628.75,690.0,612.2999877929688,635.0,3916338,
2017-10-25,604.0499877929688,641.2999877929688,581.0999755859375,630.0,611272,
2017-10-26,636.3499755859375,663.0,579.0499877929688,599.0,1024608,
2017-10-27,613.5,643.2999877929688,608.0,643.2999877929688,191646,
2017-10-30,646.7000122070312,669.9500122070312,610.25,618.7999877929688,847362,
2017-10-31,638.9500122070312,662.4500122070312,630.0,646.0,340055,
2017-11-01,638.9000244140625,668.0,630.1500244140625,639.9000244140625,358450,
2017-11-02,620.1500244140625,659.9000244140625,617.0,645.0,273143,
2017-11-03,619.2999877929688,638.0,616.0499877929688,624.4500122070312,155565,
2017-11-06,612.6500244140625,632.7000122070312,610.2000122070312,620.0,117551,
2017-11-07,584.5999755859375,619.5499877929688,581.0999755859375,616.0,203276,
2017-11-08,563.8499755859375,599.7999877929688,557.0499877929688,585.0,104999,
2017-11-09,566.5999755859375,589.9000244140625,556.0,570.5999755859375,124386,
2017-11-10,566.1500244140625,587.8499755859375,560.0,571.0,142228,
2017-11-13,554.4000244140625,577.7000122070312,550.75,561.0,86809,
2017-11-14,547.2999877929688,563.5999755859375,542.0,559.0,126992,
2017-11-15,535.0999755859375,553.4000244140625,531.0499877929688,550.0,95248,
2017-11-16,558.0999755859375,576.0,536.0999755859375,536.0999755859375,528751,
2017-11-17,563.25,573.7999877929688,556.5,563.5,471879,
2017-11-20,557.0,574.7000122070312,552.0499877929688,562.7999877929688,197425,
2017-11-21,551.2999877929688,571.0,540.2999877929688,562.0999755859375,196725,
2017-11-22,537.6500244140625,556.25,535.0499877929688,555.7999877929688,146877,
2017-11-23,530.5999755859375,551.9000244140625,526.0999755859375,541.0,176909,
2017-11-24,520.2999877929688,550.0,518.0,532.0,618769,
2017-11-27,508.1000061035156,533.0499877929688,505.1000061035156,521.9500122070312,379029,
2017-11-28,519.4000244140625,525.0,505.0,510.0,249440,
2017-11-29,517.8499755859375,533.0,512.2999877929688,525.0,175684,
2017-11-30,518.9000244140625,525.7999877929688,512.0,513.0999755859375,236412,
2017-12-01,511.75,532.9000244140625,509.0,523.0,201937,
2017-12-04,498.6499938964844,521.8499755859375,496.0,518.9000244140625,142363,
2017-12-05,497.0,501.75,481.8500061035156,500.0,197996,
2017-12-06,496.5499877929688,512.4500122070312,490.3500061035156,496.5,127229,
2017-12-07,491.6499938964844,502.8999938964844,486.3999938964844,492.25,234313,
2017-12-08,499.1499938964844,515.0,491.7999877929688,491.7999877929688,173144,
2017-12-11,502.7000122070313,513.9500122070312,500.6499938964844,502.0,88587,
2017-12-12,499.9500122070313,505.2999877929688,496.4500122070313,503.2999877929688,121099,
2017-12-13,515.1500244140625,546.7999877929688,497.0,503.3999938964844,914398,
2017-12-14,523.5,534.1500244140625,515.0,516.0,267204,
2017-12-15,515.9000244140625,534.9000244140625,513.7000122070312,529.0,119189,
2017-12-18,509.0499877929688,517.5,500.0,506.0,159146,
2017-12-19,517.5999755859375,524.0,509.1000061035156,512.9500122070312,214649,
2017-12-20,516.8499755859375,532.2999877929688,514.9000244140625,520.0,150916,
2017-12-21,519.25,531.0,516.9000244140625,516.9000244140625,87636,
2017-12-22,517.9000244140625,527.0,516.25,521.0,121809,
2017-12-26,548.75,556.1500244140625,517.9000244140625,521.8499755859375,387099,
2017-12-27,564.3499755859375,594.5,541.0,552.0,761951,
2017-12-28,556.7999877929688,573.9500122070312,550.0,568.0,133737,
2017-12-29,550.7999877929688,562.0,549.5499877929688,562.0,105184,
2018-01-01,544.6500244140625,557.0,541.5999755859375,555.0,90675,
2018-01-02,533.7999877929688,555.0499877929688,529.0,550.0,109073,
2018-01-03,547.3499755859375,564.7999877929688,543.0,543.0,418119,
2018-01-04,543.0999755859375,556.0,541.0499877929688,550.75,143861,
2018-01-05,545.4500122070312,555.0999755859375,543.0,544.9500122070312,108077,
2018-01-08,548.7000122070312,557.0,537.8499755859375,546.0,163242,
2018-01-09,542.0999755859375,551.9000244140625,541.0,551.4500122070312,98607,
2018-01-10,554.9500122070312,568.0,540.0,543.0,381188,
2018-01-11,548.0999755859375,559.3499755859375,546.0,555.9000244140625,123649,
2018-01-12,540.7999877929688,554.9000244140625,537.0499877929688,552.8499755859375,98771,
2018-01-15,545.2000122070312,552.0,537.0499877929688,542.0,110128,
2018-01-16,521.6500244140625,550.0,517.0,547.5999755859375,118886,
2018-01-17,524.0499877929688,530.0,510.0,520.0,140022,
2018-01-18,513.4500122070312,531.6500244140625,510.0,526.0,129542,
2018-01-19,513.2000122070312,530.0499877929688,510.0,525.0,99290,
2018-01-22,520.1500244140625,527.5,510.0,514.0,93684,
2018-01-23,513.9500122070312,524.0999755859375,512.5999755859375,522.0,72344,
2018-01-24,510.3999938964844,518.5,507.2999877929688,518.5,81461,
2018-01-25,500.75,516.5,496.5,512.0,96783,
2018-01-29,493.6499938964844,513.75,490.5,500.0,78381,
2018-01-30,487.4500122070313,498.0,482.5,494.7999877929688,91578,
2018-01-31,486.2999877929688,496.2000122070313,480.25,482.0,110743,
2018-02-01,482.6000061035156,501.25,481.0,490.6499938964844,151271,
2018-02-02,455.75,476.0,401.0499877929688,476.0,156803,
2018-02-05,458.1000061035156,464.9500122070313,430.0,442.1499938964844,98646,
2018-02-06,456.8500061035156,464.0,430.1000061035156,439.0,227496,
2018-02-07,475.5,480.0,458.1499938964844,461.8999938964844,85260,
2018-02-08,482.9500122070313,492.0,476.8999938964844,480.6000061035156,155510,
2018-02-09,493.75,495.0,465.5499877929688,470.0,74652,
2018-02-12,528.4000244140625,552.0,495.3999938964844,495.3999938964844,1236302,
2018-02-14,544.4000244140625,553.0,530.25,537.0,388563,
2018-02-15,536.2000122070312,559.7999877929688,532.5,545.0,223180,
2018-02-16,521.7999877929688,544.9000244140625,515.25,543.6500244140625,104800,
2018-02-19,516.8499755859375,525.9000244140625,508.0,525.9000244140625,51811,
2018-02-20,528.4000244140625,532.0,511.0,514.9500122070312,68594,
2018-02-21,523.4500122070312,535.0,514.75,530.0,55489,
2018-02-22,521.5499877929688,531.6500244140625,517.2000122070312,521.0999755859375,64104,
2018-02-23,526.0999755859375,538.9000244140625,522.0499877929688,524.0,65295,
2018-02-26,526.9000244140625,536.7999877929688,523.0,523.0,37928,
2018-02-27,524.0999755859375,543.4000244140625,521.8499755859375,526.0,194714,
2018-02-28,525.6500244140625,529.4500122070312,516.1500244140625,522.0,50540,
2018-03-01,519.6500244140625,533.0,517.0999755859375,524.5999755859375,35827,
2018-03-05,517.5499877929688,522.5,505.0,519.0,30449,
2018-03-06,512.25,530.0,510.0,521.25,36252,
2018-03-07,500.4500122070313,514.9000244140625,500.0,510.0499877929688,55820,
2018-03-08,502.6000061035156,508.0,500.0,502.0,53104,
2018-03-09,496.7000122070313,512.25,493.25,502.25,44139,
2018-03-12,488.75,505.0,485.0,499.0,40565,
2018-03-13,490.0,502.0,488.0,490.0,67116,
2018-03-14,494.1000061035156,498.6499938964844,488.2999877929688,492.0,33148,
2018-03-15,512.5,518.9000244140625,499.0,499.0,103448,
2018-03-16,511.7999877929688,528.4000244140625,508.8999938964844,516.0,76998,
2018-03-19,495.8999938964844,516.4500122070312,493.0,512.0999755859375,33580,
2018-03-20,494.1000061035156,504.2999877929688,490.0,494.0,26119,
2018-03-21,491.0,502.9500122070313,490.0,495.5,40568,
2018-03-22,490.1000061035156,495.3500061035156,490.0,492.0499877929688,20941,
2018-03-23,477.2999877929688,492.9500122070313,467.0,475.0,38212,
2018-03-26,485.7999877929688,494.0,469.6000061035156,478.9500122070313,80540,
2018-03-27,490.7999877929688,498.0499877929688,487.6000061035156,492.8999938964844,20400,
2018-03-28,482.0,487.7999877929688,480.1000061035156,485.0499877929688,14800,
2018-04-02,495.6000061035156,499.3999938964844,483.0,483.0,30904,
2018-04-03,499.5499877929688,511.5,493.1000061035156,495.0,34789,
2018-04-04,494.5499877929688,512.9500122070312,491.0,504.3500061035156,65801,
2018-04-05,496.7000122070313,507.75,489.6499938964844,502.25,38617,
2018-04-06,505.75,510.0,497.25,499.75,34076,
2018-04-09,510.0,512.9500122070312,505.0,506.5,44997,
2018-04-10,504.7000122070313,513.0,502.1000061035156,512.9500122070312,36458,
2018-04-11,501.7000122070313,507.5499877929688,501.0,503.0499877929688,9516,
2018-04-12,500.25,506.0,497.0,501.5,15896,
2018-04-13,523.5,534.4000244140625,503.2000122070313,503.2000122070313,147887,
2018-04-16,534.4000244140625,544.5,522.0,523.0,166097,
2018-04-17,545.0999755859375,564.0,534.1500244140625,534.1500244140625,188468,
2018-04-18,524.2999877929688,548.5499877929688,521.2000122070312,540.1500244140625,62256,
2018-04-19,536.0999755859375,549.9500122070312,516.2000122070312,528.0,163090,
2018-04-20,526.3499755859375,538.5,523.25,533.7999877929688,59691,
2018-04-23,519.0499877929688,536.7000122070312,516.5999755859375,525.0,39390,
2018-04-24,500.5499877929688,533.0,498.1000061035156,515.0499877929688,103359,
2018-04-25,494.2999877929688,507.9500122070313,491.4500122070313,502.6000061035156,78610,
2018-04-26,494.7999877929688,499.5,493.0,496.5,32418,
2018-04-27,492.1000061035156,501.0,491.0,497.5,26468,
2018-04-30,497.0499877929688,499.75,492.2999877929688,492.3500061035156,32465,
2018-05-02,480.75,528.7999877929688,474.1000061035156,497.6499938964844,68114,
2018-05-03,479.5499877929688,485.5499877929688,475.0,481.0,44061,
2018-05-04,478.7000122070313,490.8999938964844,475.0499877929688,479.5499877929688,23130,
2018-05-07,481.3500061035156,487.75,478.6000061035156,479.6499938964844,35394,
2018-05-08,479.5499877929688,487.6499938964844,477.6499938964844,480.7000122070313,37863,
2018-05-09,479.2000122070313,484.0,475.8500061035156,479.3999938964844,18124,
2018-05-10,470.1000061035156,483.25,468.5,478.0,25494,
2018-05-11,467.75,478.0,462.0,471.1499938964844,24050,
2018-05-14,466.3999938964844,473.7000122070313,461.5,467.75,15408,
2018-05-15,457.1000061035156,474.75,454.0,466.3999938964844,35408,
2018-05-16,445.8999938964844,458.0499877929688,443.2999877929688,456.9500122070313,18961,
2018-05-17,449.1000061035156,458.9500122070313,443.3500061035156,449.3999938964844,32636,
2018-05-18,440.2999877929688,456.4500122070313,435.2000122070313,450.0,32318,
2018-05-21,422.25,448.7000122070313,419.7000122070313,441.0,27968,
2018-05-22,426.8500061035156,432.5,416.6000061035156,423.0499877929688,25499,
2018-05-23,425.1499938964844,435.25,422.0499877929688,425.5,19642,
2018-05-24,423.1000061035156,430.0,418.0499877929688,426.0,28039,
2018-05-25,400.6499938964844,428.0,391.6499938964844,424.1499938964844,259597,
2018-05-28,374.7999877929688,396.0,372.5,396.0,202755,
2018-05-29,379.8999938964844,385.0,371.0,371.2999877929688,76059,
2018-05-30,384.1000061035156,392.8999938964844,371.1000061035156,373.0,157223,
2018-05-31,365.75,389.7000122070313,362.1499938964844,387.8500061035156,103049,
2018-06-01,353.8999938964844,368.8999938964844,352.0,368.8999938964844,92174,
2018-06-04,340.0,358.0,336.25,357.95001220703125,136790,
2018-06-05,328.29998779296875,339.70001220703125,323.29998779296875,336.0,142645,
2018-06-06,360.9500122070313,366.2000122070313,326.04998779296875,330.0,192830,
2018-06-07,364.8999938964844,374.9500122070313,355.04998779296875,362.7999877929688,113758,
2018-06-08,371.8500061035156,374.7999877929688,358.8500061035156,362.0,42003,
2018-06-11,380.25,385.0,369.0,372.5,47462,
2018-06-12,386.1000061035156,418.3999938964844,376.8999938964844,381.0,522678,
2018-06-13,376.6000061035156,388.4500122070313,373.1499938964844,386.1000061035156,59585,
2018-06-14,381.0499877929688,387.7999877929688,375.9500122070313,377.0,42422,
2018-06-15,384.9500122070313,398.1499938964844,378.0,381.0499877929688,111019,
2018-06-18,378.0,388.25,376.25,386.2000122070313,23231,
2018-06-19,362.1499938964844,381.2999877929688,357.0,378.0,45233,
2018-06-20,366.0,377.0,364.0499877929688,364.8999938964844,41998,
2018-06-21,352.20001220703125,368.8999938964844,350.5,367.0,24782,
2018-06-22,365.3500061035156,370.0,350.3500061035156,352.20001220703125,45405,
2018-06-25,353.8999938964844,369.6000061035156,352.0,366.6000061035156,30057,
2018-06-26,353.0,363.4500122070313,350.04998779296875,355.0,36963,
2018-06-27,337.25,355.8500061035156,334.04998779296875,355.8500061035156,32405,
2018-06-28,325.95001220703125,339.79998779296875,324.04998779296875,337.25,56575,
2018-06-29,345.20001220703125,347.0,327.3999938964844,327.3999938964844,32354,
2018-07-02,340.0,348.3999938964844,337.75,348.3999938964844,31364,
2018-07-03,343.1000061035156,345.6499938964844,340.6499938964844,340.70001220703125,13538,
2018-07-04,346.29998779296875,361.0,341.0,343.1000061035156,52819,
2018-07-05,345.54998779296875,352.0,339.79998779296875,348.70001220703125,18905,
2018-07-06,346.04998779296875,352.70001220703125,342.95001220703125,346.6499938964844,13976,
2018-07-09,353.54998779296875,361.9500122070313,344.29998779296875,344.3500061035156,44038,
2018-07-10,358.3999938964844,362.0,353.6000061035156,354.95001220703125,21252,
2018-07-11,354.95001220703125,361.0,353.5,357.95001220703125,11773,
2018-07-12,353.8500061035156,364.7000122070313,352.70001220703125,355.1000061035156,12838,
2018-07-13,345.20001220703125,355.45001220703125,345.0,353.3500061035156,7494,
2018-07-16,328.25,344.0,324.5,344.0,14312,
2018-07-17,332.6499938964844,335.0,320.0,324.54998779296875,16260,
2018-07-18,327.45001220703125,338.5,326.0,330.54998779296875,11940,
2018-07-19,317.04998779296875,330.0,315.8999938964844,328.70001220703125,35382,
2018-07-20,311.75,319.04998779296875,308.8999938964844,317.8500061035156,222104,
2018-07-23,320.3500061035156,324.0,304.0,312.25,29988,
2018-07-24,341.1499938964844,354.95001220703125,321.75,323.6000061035156,54631,
2018-07-25,330.25,344.0,328.1000061035156,343.8500061035156,67454,
2018-07-26,337.45001220703125,349.0,329.0,329.20001220703125,83004,
2018-07-27,361.4500122070313,369.9500122070313,336.70001220703125,338.54998779296875,141097,
2018-07-30,358.6000061035156,366.0,354.0,360.5,44803,
2018-07-31,356.6499938964844,360.0,354.6499938964844,359.0,18632,
2018-08-01,340.29998779296875,366.0,337.5,359.95001220703125,124447,
2018-08-02,335.95001220703125,349.0,334.6000061035156,342.5,34059,
2018-08-03,340.75,346.79998779296875,334.6000061035156,339.6499938964844,38789,
2018-08-06,336.04998779296875,348.1499938964844,335.0,343.79998779296875,46839,
2018-08-07,324.6000061035156,339.54998779296875,322.0,338.75,52279,
2018-08-08,324.75,328.6499938964844,324.0,326.20001220703125,19445,
2018-08-09,325.20001220703125,328.6000061035156,323.6499938964844,325.0,15587,
2018-08-10,317.95001220703125,327.20001220703125,316.0,327.20001220703125,25424,
2018-08-13,311.25,319.75,309.04998779296875,319.75,20885,
2018-08-14,309.6000061035156,320.0,308.1000061035156,317.45001220703125,38703,
2018-08-16,310.3500061035156,324.1499938964844,309.25,312.95001220703125,27895,
2018-08-17,312.25,315.75,308.6499938964844,313.29998779296875,32758,
2018-08-20,311.6000061035156,318.0,310.0,312.20001220703125,19793,
2018-08-21,316.79998779296875,332.0,309.79998779296875,314.0,386925,
2018-08-23,313.6000061035156,321.0,308.0,317.8999938964844,67318,
2018-08-24,311.70001220703125,317.0,310.0,312.6499938964844,27225,
2018-08-27,312.25,317.6499938964844,310.8500061035156,313.0,35708,
2018-08-28,320.6000061035156,330.45001220703125,318.0,320.95001220703125,172697,
2018-08-29,316.0,321.70001220703125,315.0,318.79998779296875,29245,
2018-08-30,321.6000061035156,324.70001220703125,312.6000061035156,317.8999938964844,58925,
2018-08-31,318.20001220703125,325.0,317.3500061035156,321.54998779296875,28599,
2018-09-03,316.54998779296875,325.1499938964844,315.75,320.75,39899,
2018-09-04,308.25,317.3500061035156,305.75,316.0,23905,
2018-09-05,306.04998779296875,311.45001220703125,301.5,308.70001220703125,33120,
2018-09-06,304.6499938964844,310.0,303.79998779296875,308.0,19253,
2018-09-07,312.3500061035156,317.75,305.20001220703125,307.0,34792,
2018-09-10,309.6499938964844,316.5,308.0,312.0,25694,
2018-09-11,299.75,311.79998779296875,297.70001220703125,311.79998779296875,29668,
2018-09-12,294.6499938964844,301.0,289.29998779296875,301.0,37104,
2018-09-14,299.0,301.20001220703125,296.20001220703125,296.20001220703125,23913,
2018-09-17,296.1499938964844,308.0,290.0,296.79998779296875,46668,
2018-09-18,292.45001220703125,298.54998779296875,291.20001220703125,298.0,16792,
2018-09-19,286.70001220703125,297.20001220703125,284.54998779296875,295.79998779296875,17228,
2018-09-21,274.25,291.54998779296875,265.0,291.54998779296875,36483,
2018-09-24,263.04998779296875,279.6000061035156,260.29998779296875,275.8999938964844,30278,
2018-09-25,253.6499938964844,268.8999938964844,250.0500030517578,255.25,45832,
2018-09-26,252.8500061035156,259.6000061035156,250.1999969482422,253.25,13838,
2018-09-27,250.1499938964844,257.25,248.0,251.4499969482422,17676,
2018-09-28,236.1000061035156,253.4499969482422,232.8000030517578,247.0,18695,
2018-10-01,239.75,244.0,220.0,231.1000061035156,34305,
2018-10-03,247.8999938964844,252.0,234.0,240.8999938964844,33344,
2018-10-04,240.3999938964844,246.5,237.0,243.75,26493,
2018-10-05,237.1499938964844,245.0,233.75,245.0,30519,
2018-10-08,231.25,240.1000061035156,228.3999938964844,237.1499938964844,67389,
2018-10-09,224.75,232.6999969482422,220.0500030517578,229.5500030517578,86122,
2018-10-10,238.1499938964844,261.6499938964844,223.6000061035156,223.6000061035156,92007,
2018-10-11,241.25,252.6499938964844,195.3000030517578,230.0,62188,
2018-10-12,248.25,254.8000030517578,235.5,235.5,55172,
2018-10-15,252.1999969482422,262.0,246.1000061035156,250.9499969482422,43327,
2018-10-16,252.1999969482422,259.8999938964844,249.0,254.25,40548,
2018-10-17,245.3999938964844,257.45001220703125,242.25,254.8000030517578,32763,
2018-10-19,235.25,249.8999938964844,230.5,240.0,18238,
2018-10-22,230.6499938964844,238.75,229.0,237.4499969482422,8130,
2018-10-23,223.6999969482422,230.4499969482422,222.0500030517578,228.8999938964844,20388,
2018-10-24,218.4499969482422,231.9499969482422,215.3500061035156,225.0,20784,
2018-10-25,213.8500061035156,225.0,212.0,217.0,22705,
2018-10-26,221.1499938964844,224.6499938964844,211.1999969482422,212.5500030517578,22967,
2018-10-29,236.1000061035156,246.0,216.8999938964844,222.6999969482422,47147,
2018-10-30,237.8500061035156,243.6000061035156,231.3500061035156,237.8500061035156,20788,
2018-10-31,247.6999969482422,252.9499969482422,237.0,240.1499938964844,30213,
2018-11-01,244.3000030517578,256.0,239.4499969482422,250.0,91008,
2018-11-02,238.25,254.0,237.0,246.8999938964844,82631,
2018-11-05,236.75,244.3000030517578,234.8999938964844,239.9499969482422,13494,
2018-11-06,233.3500061035156,251.4499969482422,228.6499938964844,239.25,31865,
2018-11-07,238.3500061035156,240.0,233.0,237.1499938964844,6414,
2018-11-09,236.1000061035156,241.3999938964844,234.6499938964844,238.9499969482422,7311,
2018-11-12,227.6000061035156,238.1999969482422,226.25,238.1999969482422,17104,
2018-11-13,231.3500061035156,233.3500061035156,225.9499969482422,228.25,10407,
2018-11-14,235.8000030517578,248.8000030517578,230.1999969482422,233.1000061035156,65130,
2018-11-15,239.1000061035156,241.5,233.8999938964844,234.6000061035156,20722,
2018-11-16,235.0,241.0,232.0500030517578,239.1499938964844,14542,
2018-11-19,233.8000030517578,238.0,231.0,237.6499938964844,9027,
2018-11-20,229.9499969482422,236.5500030517578,228.1000061035156,236.0,7961,
2018-11-21,226.8999938964844,231.0,224.8500061035156,229.9499969482422,9475,
2018-11-22,235.1000061035156,247.1499938964844,225.1999969482422,227.0500030517578,49236,
2018-11-26,230.0500030517578,238.0,228.3000030517578,233.0500030517578,17526,
2018-11-27,234.25,235.75,228.5,228.5,16738,
2018-11-28,230.1000061035156,236.5,229.0,235.0,10218,
2018-11-29,228.3500061035156,234.0,227.1999969482422,228.6999969482422,10804,
2018-11-30,231.1499938964844,242.6499938964844,228.0,229.5,27782,
2018-12-03,232.6499938964844,235.3000030517578,231.0,231.0,8850,
2018-12-04,240.1000061035156,244.8999938964844,236.0,236.0,41245,
2018-12-05,229.75,241.6499938964844,228.8999938964844,240.25,22114,
2018-12-06,224.1000061035156,229.1999969482422,222.0500030517578,228.0,13346,
2018-12-07,221.0,229.6999969482422,218.8500061035156,225.9499969482422,21131,
2018-12-10,215.8999938964844,219.3000030517578,210.3500061035156,219.3000030517578,7947,
2018-12-11,219.1999969482422,226.0500030517578,211.0,215.0,27137,
2018-12-12,231.6000061035156,234.0,215.75,218.6499938964844,19096,
2018-12-13,237.1000061035156,247.5,230.9499969482422,230.9499969482422,48080,
2018-12-14,232.5,239.0,230.0500030517578,239.0,9979,
2018-12-17,234.3999938964844,236.6499938964844,230.0,231.8000030517578,15260,
2018-12-18,236.1000061035156,241.8999938964844,231.0,231.0,15462,
2018-12-19,237.3000030517578,241.5,236.0500030517578,236.5,23312,
2018-12-20,244.4499969482422,252.0,235.1499938964844,235.1999969482422,115752,
2018-12-21,239.3000030517578,247.0500030517578,236.5,244.0500030517578,41767,
2018-12-24,235.0500030517578,242.5500030517578,234.8000030517578,241.6000061035156,11712,
2018-12-26,231.9499969482422,236.8000030517578,228.1499938964844,233.0,36197,
2018-12-27,231.1499938964844,239.3500061035156,230.6999969482422,235.0,14598,
2018-12-28,231.4499969482422,236.0,230.1000061035156,233.6999969482422,12094,
2018-12-31,237.3000030517578,239.8000030517578,232.0,232.0,34622,
2019-01-01,248.1499938964844,252.0,235.6000061035156,238.0500030517578,110722,
2019-01-02,239.75,249.75,238.1999969482422,248.5500030517578,35708,
2019-01-03,237.25,243.0,235.5500030517578,240.0,10854,
2019-01-04,238.3999938964844,240.0,236.1000061035156,239.3000030517578,10995,
2019-01-07,244.3999938964844,246.8000030517578,237.1999969482422,239.6999969482422,31841,
2019-01-08,244.5500030517578,252.0,241.6999969482422,243.0,52837,
2019-01-09,244.3999938964844,247.0500030517578,242.25,246.6000061035156,8349,
2019-01-10,238.8999938964844,252.0,238.0,244.4499969482422,62500,
2019-01-11,238.1999969482422,242.5,236.9499969482422,239.1000061035156,9974,
2019-01-14,237.0500030517578,240.0,236.1499938964844,239.75,9766,
2019-01-15,240.6000061035156,244.1999969482422,238.1000061035156,238.1000061035156,15411,
2019-01-16,239.1000061035156,243.8000030517578,238.5,242.6499938964844,5605,
2019-01-17,235.0500030517578,240.5,232.8000030517578,240.4499969482422,11531,
2019-01-18,228.3500061035156,237.5500030517578,226.0500030517578,236.8999938964844,25076,
2019-01-21,226.75,232.9499969482422,226.1499938964844,229.75,9074,
2019-01-22,223.5,229.0,221.1999969482422,227.0500030517578,12504,
2019-01-23,220.6000061035156,226.1499938964844,220.1000061035156,221.6999969482422,6402,
2019-01-24,222.25,223.6999969482422,218.4499969482422,220.75,5212,
2019-01-25,216.1499938964844,224.6499938964844,211.3500061035156,222.8000030517578,5433,
2019-01-28,214.0,220.0,209.8500061035156,213.0,13173,
2019-01-29,210.75,215.8999938964844,209.5,212.0,7704,
2019-01-30,211.6999969482422,214.6999969482422,207.9499969482422,210.0500030517578,7131,
2019-01-31,216.5,219.8000030517578,211.0,211.0,12338,
2019-02-01,216.1999969482422,228.8000030517578,212.3000030517578,218.6999969482422,35149,
2019-02-04,208.5,217.8000030517578,207.0,217.8000030517578,15327,
2019-02-05,207.3000030517578,210.25,207.0,207.5500030517578,8940,
2019-02-06,208.0500030517578,215.0,206.6000061035156,207.3500061035156,17802,
2019-02-07,210.8000030517578,212.3500061035156,207.9499969482422,209.6499938964844,6179,
2019-02-08,199.3500061035156,217.0,191.5,209.5500030517578,149440,
2019-02-11,189.3999938964844,201.9499969482422,188.1499938964844,201.9499969482422,23789,
2019-02-12,188.4499969482422,192.5500030517578,181.6999969482422,190.0,41630,
2019-02-14,178.1999969482422,181.0500030517578,177.4499969482422,178.0,22592,
2019-02-15,178.1999969482422,179.89999389648438,177.3000030517578,177.3000030517578,8126,
2019-02-18,174.9499969482422,178.6999969482422,174.1999969482422,178.1999969482422,8295,
2019-02-19,177.14999389648438,184.3999938964844,173.10000610351562,175.4499969482422,12151,
2019-02-20,182.75,184.5,174.5,176.0500030517578,42405,
2019-02-21,185.5,188.0500030517578,183.8999938964844,184.6999969482422,51960,
2019-02-22,183.1499938964844,186.5,182.1000061035156,186.25,26475,
2019-02-25,182.9499969482422,184.5,180.3000030517578,182.8500061035156,18212,
2019-02-26,178.75,182.0,173.9499969482422,182.0,19729,
2019-02-27,176.10000610351562,184.0500030517578,175.5,178.75,22987,
2019-02-28,178.60000610351562,180.8999938964844,176.35000610351562,179.39999389648438,19205,
2019-03-01,179.10000610351562,182.0500030517578,177.5,179.14999389648438,73517,
2019-03-05,186.3500061035156,206.8999938964844,179.39999389648438,180.8999938964844,541549,
2019-03-06,194.4499969482422,197.4499969482422,187.0,187.0,193738,
2019-03-07,196.5500030517578,203.0,192.0,195.0,184555,
2019-03-08,196.25,199.0,194.3000030517578,195.8500061035156,44830,
2019-03-11,198.6499938964844,204.3999938964844,196.0,196.0,76901,
2019-03-12,201.75,205.4499969482422,199.9499969482422,200.3000030517578,98616,
2019-03-13,201.3500061035156,205.0,199.1499938964844,202.8999938964844,87575,
2019-03-14,196.1499938964844,202.6000061035156,195.0,200.6499938964844,48276,
2019-03-15,192.8500061035156,197.9499969482422,191.4499969482422,197.0,48001,
2019-03-18,189.75,194.4499969482422,188.1000061035156,194.3999938964844,37679,
2019-03-19,189.4499969482422,193.6999969482422,185.5500030517578,191.3000030517578,42058,
2019-03-20,187.9499969482422,190.5,185.0,189.0500030517578,21874,
2019-03-22,183.3000030517578,189.8500061035156,182.5500030517578,187.6499938964844,32138,
2019-03-25,180.25,182.9499969482422,178.64999389648438,182.0,19132,
2019-03-26,182.25,184.1999969482422,180.0,181.6999969482422,20173,
2019-03-27,180.4499969482422,185.5,179.1999969482422,183.75,68441,
2019-03-28,185.6999969482422,189.75,181.6000061035156,181.8000030517578,56389,
2019-04-01,191.8500061035156,194.0,186.1499938964844,187.0500030517578,51867,
2019-04-02,189.0,192.8500061035156,187.1499938964844,192.5,21614,
2019-04-03,212.6999969482422,216.3999938964844,190.25,190.25,882705,
2019-04-04,206.1000061035156,213.1000061035156,205.1499938964844,211.8999938964844,95397,
2019-04-05,206.3000030517578,214.6000061035156,202.0500030517578,204.5500030517578,154315,
2019-04-08,200.1000061035156,207.8999938964844,198.0500030517578,206.25,33976,
2019-04-09,199.1000061035156,204.75,195.6499938964844,198.8000030517578,47158,
2019-04-10,196.3999938964844,201.3999938964844,196.0,199.0,46260,
2019-04-11,195.6000061035156,199.75,194.1000061035156,197.9499969482422,46032,
2019-04-12,197.0500030517578,198.8500061035156,195.25,195.25,30672,
2019-04-15,194.6000061035156,201.0500030517578,193.0,199.0,64344,
2019-04-16,194.8999938964844,197.6000061035156,194.3500061035156,195.4499969482422,30206,
2019-04-18,188.6499938964844,196.6999969482422,187.0,195.1499938964844,44432,
2019-04-22,184.6499938964844,189.8500061035156,184.0,189.8500061035156,21799,
2019-04-23,181.6999969482422,187.6999969482422,181.0,186.0,21317,
2019-04-24,182.6999969482422,184.8999938964844,180.5500030517578,184.8999938964844,14992,
2019-04-25,181.4499969482422,185.3500061035156,180.6499938964844,181.8999938964844,21699,
2019-04-26,180.3500061035156,183.0500030517578,179.8000030517578,182.0500030517578,15186,
2019-04-30,176.1999969482422,181.8500061035156,175.3000030517578,181.8500061035156,19463,
2019-05-02,174.35000610351562,178.0,174.0500030517578,177.0,13455,
2019-05-03,173.75,176.0,172.14999389648438,173.35000610351562,11989,
2019-05-06,171.0,175.0,170.0,172.0,12642,
2019-05-07,166.75,171.64999389648438,166.0,170.5,22114,
2019-05-08,165.1999969482422,167.4499969482422,164.0,166.60000610351562,17428,
2019-05-09,163.3000030517578,166.5,162.14999389648438,165.5,11389,
2019-05-10,161.6999969482422,166.14999389648438,160.39999389648438,162.14999389648438,17637,
2019-05-13,152.6999969482422,163.5,150.60000610351562,161.10000610351562,21200,
2019-05-14,154.1999969482422,159.89999389648438,148.0,151.5500030517578,37638,
2019-05-15,140.35000610351562,158.35000610351562,136.1999969482422,154.0,160874,
2019-05-16,162.75,167.0,136.3000030517578,140.0,173378,
2019-05-17,154.3000030517578,165.89999389648438,151.5500030517578,164.39999389648438,87339,
2019-05-20,159.5,168.5,157.5500030517578,159.0,80178,
2019-05-21,160.9499969482422,165.0,158.0500030517578,161.75,38027,
2019-05-22,157.1999969482422,163.4499969482422,156.0500030517578,162.0500030517578,21948,
2019-05-23,154.5,165.89999389648438,153.5,165.89999389648438,52918,
2019-05-24,164.75,169.0,151.1999969482422,153.0,146739,
2019-05-27,168.0,178.8000030517578,163.0500030517578,166.35000610351562,108038,
2019-05-28,169.10000610351562,171.89999389648438,166.0,169.35000610351562,55971,
2019-05-29,171.39999389648438,179.1999969482422,168.0,168.9499969482422,88469,
2019-05-30,173.39999389648438,176.6999969482422,171.75,172.0500030517578,35712,
2019-05-31,171.39999389648438,176.60000610351562,168.5500030517578,175.0,30145,
2019-06-03,171.85000610351562,173.0,169.5500030517578,171.35000610351562,14501,
2019-06-04,170.8000030517578,174.39999389648438,170.0,170.5,12766,
2019-06-06,169.10000610351562,173.39999389648438,168.64999389648438,171.8000030517578,16342,
2019-06-07,166.35000610351562,172.64999389648438,165.0,170.39999389648438,25909,
2019-06-10,162.1999969482422,169.85000610351562,161.0500030517578,167.9499969482422,24039,
2019-06-11,159.85000610351562,163.25,158.39999389648438,162.10000610351562,13966,
2019-06-12,157.5500030517578,162.75,156.9499969482422,160.35000610351562,16524,
2019-06-13,157.3000030517578,161.9499969482422,153.25,158.0,31251,
2019-06-14,151.8000030517578,162.0,150.10000610351562,159.8000030517578,35933,
2019-06-17,149.5500030517578,153.9499969482422,145.60000610351562,153.9499969482422,25121,
2019-06-18,153.85000610351562,155.75,146.0,149.1999969482422,42251,
2019-06-19,143.35000610351562,155.75,141.60000610351562,152.85000610351562,39954,
2019-06-20,152.35000610351562,154.85000610351562,140.1999969482422,145.8000030517578,42460,
2019-06-21,149.10000610351562,155.0,147.6999969482422,153.9499969482422,19159,
2019-06-24,149.60000610351562,155.0,147.4499969482422,150.5,23650,
2019-06-25,148.8000030517578,153.3000030517578,147.0500030517578,150.9499969482422,16901,
2019-06-26,149.3000030517578,150.1999969482422,148.10000610351562,150.0,23447,
2019-06-27,147.8000030517578,160.0,147.10000610351562,149.8000030517578,112554,
2019-06-28,147.5,150.85000610351562,145.0,148.9499969482422,12900,
2019-07-01,148.60000610351562,151.0500030517578,147.0,148.8000030517578,19592,
2019-07-02,148.39999389648438,150.0500030517578,147.60000610351562,148.60000610351562,19085,
2019-07-03,149.10000610351562,154.14999389648438,148.5500030517578,149.14999389648438,20710,
2019-07-04,147.9499969482422,151.8000030517578,147.39999389648438,150.39999389648438,20156,
2019-07-05,142.35000610351562,150.0,140.14999389648438,148.6999969482422,22677,
2019-07-08,136.6999969482422,142.0,135.3000030517578,142.0,15638,
2019-07-09,132.8000030517578,138.6999969482422,131.3000030517578,136.6999969482422,19206,
2019-07-10,130.64999389648438,137.4499969482422,128.8000030517578,131.6999969482422,39076,
2019-07-11,131.3000030517578,133.6999969482422,129.0,132.0500030517578,22618,
2019-07-12,131.85000610351562,133.75,131.0,131.89999389648438,6149,
2019-07-15,129.10000610351562,133.1999969482422,129.0,131.0,12879,
2019-07-16,130.4499969482422,134.6999969482422,127.5999984741211,130.3000030517578,7497,
2019-07-17,128.39999389648438,133.0,124.9499969482422,132.8000030517578,16929,
2019-07-18,126.3499984741211,129.0,125.0500030517578,128.0,12496,
2019-07-19,123.25,126.1500015258789,122.4000015258789,125.5,14303,
2019-07-22,118.5,122.9000015258789,117.6500015258789,122.3000030517578,11121,
2019-07-23,117.8499984741211,121.0,117.0999984741211,119.0999984741211,8611,
2019-07-24,118.0500030517578,122.5500030517578,116.4000015258789,119.0,11103,
2019-07-25,115.3499984741211,119.6999969482422,114.1500015258789,118.9499969482422,10580,
2019-07-26,117.0500030517578,120.5999984741211,115.5,115.5999984741211,9490,
2019-07-29,113.0,118.0500030517578,111.75,113.0500030517578,14867,
2019-07-30,104.6999969482422,113.8499984741211,101.5,113.0,44352,
2019-07-31,112.9499969482422,114.1999969482422,103.5,104.6999969482422,33989,
2019-08-01,110.1999969482422,115.5,109.5999984741211,115.5,16583,
2019-08-02,114.0500030517578,116.1999969482422,105.4499969482422,109.0,31048,
2019-08-05,107.8000030517578,117.6999969482422,106.3000030517578,109.6500015258789,27587,
2019-08-06,114.1500015258789,116.6500015258789,107.3499984741211,107.3499984741211,32759,
2019-08-07,112.5500030517578,119.5999984741211,111.1999969482422,118.1999969482422,53313,
2019-08-08,112.1999969482422,116.0,107.3000030517578,112.0,19823,
2019-08-09,112.3499984741211,116.8000030517578,110.5,113.3000030517578,23724,
2019-08-13,105.0999984741211,116.4499969482422,104.5,116.4499969482422,28772,
2019-08-14,104.0500030517578,109.8000030517578,102.75,105.4000015258789,26998,
2019-08-16,105.3000030517578,107.8000030517578,103.5500030517578,105.0,11247,
2019-08-19,106.3000030517578,110.0999984741211,104.0,105.9499969482422,9843,
2019-08-20,101.3000030517578,107.4000015258789,100.1999969482422,107.4000015258789,24016,
2019-08-21,98.5,102.75,98.0999984741211,100.4499969482422,10687,
2019-08-22,96.0999984741211,99.8499984741211,94.4499969482422,98.0999984741211,24094,
2019-08-23,92.5999984741211,99.0,88.75,97.0,61672,
2019-08-26,99.9000015258789,102.4000015258789,91.1999969482422,93.8000030517578,54299,
2019-08-27,100.0,102.4000015258789,97.8000030517578,101.3499984741211,36428,
2019-08-28,99.0500030517578,107.0,97.3000030517578,100.0,128632,
2019-08-29,98.9000015258789,100.75,97.3499984741211,99.8499984741211,21935,
2019-08-30,97.8499984741211,102.3000030517578,96.9000015258789,99.0999984741211,18007,
2019-09-03,94.4499969482422,99.9000015258789,93.3499984741211,97.8499984741211,18567,
2019-09-04,98.3000030517578,102.5,94.1500015258789,94.25,59646,
2019-09-05,98.5999984741211,101.5999984741211,97.0500030517578,99.0,54200,
2019-09-06,98.6500015258789,101.6500015258789,98.1999969482422,98.6500015258789,30938,
2019-09-09,99.3499984741211,102.4000015258789,98.9499969482422,101.25,53159,
2019-09-11,102.1999969482422,104.0,98.9000015258789,101.8000030517578,81065,
2019-09-12,97.5999984741211,105.4000015258789,96.6999969482422,103.8000030517578,141795,
2019-09-13,102.3000030517578,104.0,97.6500015258789,97.6999969482422,332426,
2019-09-16,99.8499984741211,104.1500015258789,98.1500015258789,101.9499969482422,54989,
2019-09-17,98.4000015258789,101.8000030517578,97.0500030517578,100.0999984741211,129079,
2019-09-18,96.1500015258789,100.0999984741211,95.1999969482422,99.9000015258789,25524,
2019-09-19,93.3499984741211,97.5,93.0,96.0999984741211,18337,
2019-09-20,96.4000015258789,99.6999969482422,92.25,95.6999969482422,49598,
2019-09-23,95.8499984741211,99.6999969482422,95.0,99.0,36557,
2019-09-24,105.0,108.8499984741211,95.25,97.5999984741211,190964,
2019-09-25,99.5999984741211,106.5,98.6500015258789,104.0,110812,
2019-09-26,98.3000030517578,103.6999969482422,97.3000030517578,100.4000015258789,46565,
2019-09-27,97.4000015258789,101.1999969482422,96.0,98.0,63262,
2019-09-30,93.6999969482422,98.0,92.5999984741211,96.5999984741211,38735,
2019-10-01,90.05000305175781,95.9499969482422,88.0,94.0999984741211,34793,
2019-10-03,89.80000305175781,92.8499984741211,89.0999984741211,92.8499984741211,13488,
2019-10-04,87.3499984741211,91.6500015258789,86.1500015258789,91.0,37145,
2019-10-07,86.6500015258789,88.19999694824219,85.5,87.5,20489,
2019-10-09,86.0999984741211,87.75,82.94999694824219,86.19999694824219,44714,
2019-10-10,84.44999694824219,85.69999694824219,83.4000015258789,85.0,15776,
2019-10-11,86.5,88.0,84.55000305175781,85.80000305175781,62663,
2019-10-14,89.0999984741211,89.75,84.4000015258789,84.4000015258789,13863,
2019-10-15,86.9000015258789,90.5999984741211,86.44999694824219,89.19999694824219,25532,
2019-10-16,90.4000015258789,95.8000030517578,86.4000015258789,87.0999984741211,47710,
2019-10-17,87.55000305175781,89.0,86.0,89.0,41751,
2019-10-18,93.4000015258789,94.6500015258789,86.4000015258789,86.4000015258789,83730,
2019-10-22,89.3499984741211,98.0,89.0,95.5,69604,
2019-10-23,92.75,94.6999969482422,88.94999694824219,89.5,56799,
2019-10-24,95.3000030517578,96.9000015258789,91.9499969482422,94.0,32734,
2019-10-25,95.9000015258789,102.9000015258789,91.4000015258789,97.4499969482422,224366,
2019-10-27,97.0,99.8000030517578,95.0999984741211,96.5,21204,
2019-10-29,95.5,98.75,95.0,96.1500015258789,23329,
2019-10-30,98.0,99.9000015258789,95.0,95.0,38421,
2019-10-31,95.75,99.3000030517578,93.5999984741211,97.9000015258789,134062,
2019-11-01,94.1999969482422,97.1999969482422,93.1999969482422,93.5500030517578,33551,
2019-11-04,95.4499969482422,97.0500030517578,93.8000030517578,94.5999984741211,49030,
2019-11-05,92.3000030517578,96.5999984741211,91.75,96.5999984741211,45231,
2019-11-06,94.5999984741211,96.9000015258789,92.8499984741211,93.25,38967,
2019-11-07,91.5,96.5500030517578,90.5,95.5999984741211,37496,
2019-11-08,92.1999969482422,95.4000015258789,90.4499969482422,92.3499984741211,50497,
2019-11-11,88.9000015258789,90.8499984741211,87.30000305175781,89.19999694824219,86397,
2019-11-13,88.9000015258789,91.6500015258789,87.0,91.6500015258789,17462,
2019-11-14,95.6500015258789,100.75,87.0,88.0999984741211,471003,
2019-11-15,94.8000030517578,97.0,91.0,96.0500030517578,56582,
2019-11-18,95.75,100.5999984741211,94.5500030517578,95.9499969482422,394188,
2019-11-19,93.6999969482422,96.5,93.3000030517578,96.4499969482422,24534,
2019-11-20,95.0,96.9000015258789,93.0,93.0,193617,
2019-11-21,96.5,99.8000030517578,95.0999984741211,96.75,54086,
2019-11-22,96.0500030517578,96.8499984741211,94.5999984741211,96.8499984741211,15589,
2019-11-25,96.1999969482422,99.0,95.3000030517578,97.0,29306,
2019-11-26,97.9000015258789,101.9000015258789,95.3499984741211,96.4499969482422,55015,
2019-11-27,95.0500030517578,97.9000015258789,94.5500030517578,97.5999984741211,33574,
2019-11-28,95.25,97.8000030517578,95.0,97.8000030517578,35600,
2019-11-29,95.5500030517578,97.9000015258789,93.5,96.3000030517578,40153,
2019-12-02,94.25,95.8000030517578,93.6999969482422,95.8000030517578,15096,
2019-12-03,93.0,94.75,92.8499984741211,94.75,18835,
2019-12-04,92.1999969482422,94.1999969482422,91.4000015258789,94.1999969482422,9486,
2019-12-05,93.1500015258789,95.8499984741211,92.0999984741211,92.75,20177,
2019-12-06,91.1999969482422,94.8499984741211,90.5999984741211,92.3000030517578,17615,
2019-12-09,91.4499969482422,92.4499969482422,90.3499984741211,92.4499969482422,15236,
2019-12-10,88.3499984741211,92.6999969482422,88.0,92.3499984741211,8173,
2019-12-11,85.30000305175781,88.0,84.5999984741211,86.5,14401,
2019-12-12,86.75,87.44999694824219,85.0,85.55000305175781,21459,
2019-12-13,87.69999694824219,89.0,85.80000305175781,86.80000305175781,17156,
2019-12-16,86.94999694824219,89.3499984741211,86.25,87.30000305175781,6147,
2019-12-17,85.69999694824219,88.9000015258789,84.3499984741211,88.9000015258789,19974,
2019-12-18,86.05000305175781,87.30000305175781,85.25,85.9000015258789,12112,
2019-12-19,85.55000305175781,87.25,85.3499984741211,86.19999694824219,13720,
2019-12-20,85.30000305175781,87.3499984741211,85.0,87.1500015258789,12347,
2019-12-23,85.0999984741211,86.1500015258789,84.30000305175781,84.80000305175781,10922,
2019-12-24,86.44999694824219,88.3499984741211,83.9000015258789,86.3499984741211,26438,
2019-12-26,93.8000030517578,99.8000030517578,84.5,85.5,455552,
2019-12-27,93.8499984741211,98.0,92.5,94.4000015258789,232260,
2019-12-30,92.5,94.8499984741211,91.5,94.0,31219,
2019-12-31,90.5,94.0,90.0999984741211,92.8000030517578,29532,
2020-01-01,92.0,92.4000015258789,90.5999984741211,92.4000015258789,9173,
2020-01-02,110.4000015258789,110.4000015258789,91.0500030517578,91.0500030517578,629298,
2020-01-03,110.9499969482422,121.8000030517578,104.0,116.9000015258789,946740,
2020-01-06,102.6999969482422,109.9000015258789,101.3499984741211,109.0,156619,
2020-01-07,123.1999969482422,123.1999969482422,104.0500030517578,104.0500030517578,898965,
2020-01-08,124.4000015258789,142.6999969482422,119.5500030517578,122.0,2734245,
2020-01-09,122.3000030517578,129.5,121.1500015258789,127.0,670799,
2020-01-10,115.0999984741211,124.4000015258789,114.0999984741211,123.9000015258789,383604,
2020-01-13,117.4499969482422,119.8499984741211,115.1500015258789,115.1500015258789,172768,
2020-01-14,113.9000015258789,124.0,110.1999969482422,117.9000015258789,313163,
2020-01-15,119.0999984741211,122.5500030517578,113.0,113.5500030517578,395287,
2020-01-16,116.6500015258789,121.9000015258789,115.8499984741211,121.9000015258789,142857,
2020-01-17,114.3000030517578,118.5500030517578,113.5,118.3000030517578,115956,
2020-01-20,110.6500015258789,117.0,109.0,116.3499984741211,98466,
2020-01-21,112.4499969482422,113.9499969482422,109.5,111.0,142241,
2020-01-22,104.3000030517578,113.9000015258789,102.1999969482422,112.25,202029,
2020-01-23,104.0500030517578,107.4499969482422,103.4000015258789,105.0,147040,
2020-01-24,104.3000030517578,107.0,102.6500015258789,103.0,140950,
2020-01-27,115.5,122.0999984741211,106.1500015258789,107.0,811641,
2020-01-28,111.25,118.6999969482422,110.0999984741211,117.6500015258789,151023,
2020-01-29,110.75,113.0500030517578,109.5,112.6999969482422,61563,
2020-01-30,106.5999984741211,112.0500030517578,106.0,110.3000030517578,62392,
2020-01-31,108.6500015258789,112.9000015258789,108.0,110.0,103633,
2020-02-03,96.25,104.1500015258789,95.3000030517578,103.0,99191,
2020-02-04,100.0500030517578,101.1999969482422,97.3000030517578,97.3000030517578,64955,
2020-02-05,98.4000015258789,103.8000030517578,97.25,101.1500015258789,130757,
2020-02-06,99.0,103.0,97.0,97.3000030517578,104912,
2020-02-07,98.4000015258789,100.4499969482422,97.8000030517578,99.4499969482422,35635,
2020-02-10,97.3499984741211,100.0,96.6999969482422,98.9000015258789,33521,
2020-02-11,96.9000015258789,101.1500015258789,96.6999969482422,98.6999969482422,69393,
2020-02-12,94.1500015258789,98.9000015258789,93.3000030517578,98.9000015258789,57431,
2020-02-13,93.3499984741211,96.1500015258789,93.0,94.1999969482422,35708,
2020-02-14,89.44999694824219,94.8000030517578,89.0,94.8000030517578,53024,
2020-02-17,89.69999694824219,91.6500015258789,89.1500015258789,90.1999969482422,39538,
2020-02-18,87.19999694824219,91.0,85.0999984741211,91.0,36636,
2020-02-19,87.0,89.4000015258789,86.1500015258789,89.4000015258789,29070,
2020-02-20,85.05000305175781,87.4000015258789,84.3499984741211,85.0,33209,
2020-02-24,84.4000015258789,89.4000015258789,83.55000305175781,85.0,43377,
2020-02-25,82.3499984741211,85.44999694824219,81.05000305175781,85.0999984741211,23463,
2020-02-26,83.55000305175781,85.4000015258789,81.5999984741211,84.5,37815,
2020-02-27,86.3499984741211,89.80000305175781,82.0999984741211,82.1500015258789,178106,
2020-02-28,79.69999694824219,84.94999694824219,79.0999984741211,84.94999694824219,63654,
2020-03-02,77.69999694824219,83.0,77.0,81.80000305175781,31391,
2020-03-03,74.8499984741211,79.05000305175781,74.05000305175781,78.5999984741211,27944,
2020-03-04,71.6500015258789,77.0,69.0,75.5,54259,
2020-03-05,71.44999694824219,74.05000305175781,66.5,67.9000015258789,124007,
2020-03-06,68.44999694824219,70.5,64.0,66.5,53377,
2020-03-09,68.30000305175781,69.55000305175781,64.4000015258789,68.80000305175781,70599,
2020-03-11,65.5999984741211,69.5,64.55000305175781,68.30000305175781,249923,
2020-03-12,55.79999923706055,61.09999847412109,55.54999923706055,60.0,57743,
2020-03-13,63.95000076293945,65.8499984741211,44.650001525878906,51.0,123857,
2020-03-16,59.79999923706055,66.05000305175781,59.25,63.70000076293945,53094,
2020-03-17,53.34999847412109,61.0,52.04999923706055,60.95000076293945,76705,
2020-03-18,50.70000076293945,56.29999923706055,45.650001525878906,56.29999923706055,52030,
2020-03-19,52.150001525878906,53.5,45.0,46.04999923706055,66788,
2020-03-20,55.5,56.34999847412109,50.150001525878906,51.150001525878906,57162,
2020-03-23,46.20000076293945,52.0,45.0,52.0,29045,
2020-03-24,46.34999847412109,53.900001525878906,43.25,49.75,28796,
2020-03-25,50.25,52.900001525878906,44.650001525878906,49.79999923706055,69153,
2020-03-26,56.0,58.79999923706055,48.20000076293945,49.95000076293945,46577,
2020-03-27,56.650001525878906,64.9000015258789,53.29999923706055,59.70000076293945,30618,
2020-03-30,57.09999847412109,57.95000076293945,53.70000076293945,57.95000076293945,11835,
2020-03-31,61.75,63.04999923706055,57.45000076293945,57.5,27252,
2020-04-01,63.59999847412109,65.6500015258789,62.20000076293945,65.6500015258789,28752,
2020-04-03,64.69999694824219,65.94999694824219,61.0,65.94999694824219,23050,
2020-04-07,68.0,69.4000015258789,63.59999847412109,69.4000015258789,57243,
2020-04-08,67.80000305175781,74.0,64.0999984741211,64.0999984741211,45730,
2020-04-09,77.3499984741211,79.5,70.0,72.8499984741211,102626,
2020-04-13,79.19999694824219,82.1500015258789,74.05000305175781,80.8499984741211,109147,
2020-04-15,88.6500015258789,95.0,81.9000015258789,84.80000305175781,358362,
2020-04-16,90.6500015258789,93.5,82.4000015258789,91.0,109754,
2020-04-17,91.5,98.5,90.0,98.5,75618,
2020-04-20,88.94999694824219,93.0999984741211,88.0999984741211,92.0,65654,
2020-04-21,85.19999694824219,88.05000305175781,84.5,87.0,38847,
2020-04-22,86.19999694824219,87.0,81.94999694824219,84.75,39514,
2020-04-23,83.44999694824219,88.4000015258789,82.0,82.0,10374,
2020-04-24,84.05000305175781,85.0,81.0,82.0,15381,
2020-04-27,84.9000015258789,87.9000015258789,82.0,84.5,6189,
2020-04-28,82.69999694824219,86.0,82.0,83.0,30770,
2020-04-29,83.19999694824219,84.4000015258789,82.0,82.0,13049,
2020-04-30,83.9000015258789,85.94999694824219,82.5,82.5,8672,
2020-05-04,82.6500015258789,84.1500015258789,81.5,83.9000015258789,8480,
2020-05-05,81.30000305175781,84.5,81.0,82.6500015258789,10362,
2020-05-06,83.9000015258789,85.0,77.30000305175781,83.19999694824219,13309,
2020-05-07,83.19999694824219,84.0,80.1500015258789,80.1500015258789,3450,
2020-05-08,83.55000305175781,85.0,80.0,80.0,14854,
2020-05-11,81.94999694824219,83.5,80.44999694824219,83.0,4986,
2020-05-12,82.6500015258789,83.0,79.05000305175781,80.0,3382,
2020-05-13,84.6500015258789,86.0,83.05000305175781,84.0,6933,
2020-05-14,84.94999694824219,86.0,81.0,84.0,7748,
2020-05-15,83.4000015258789,84.55000305175781,81.0,81.30000305175781,5264,
2020-05-18,79.25,82.5,79.25,80.0,4147,
2020-05-19,81.1500015258789,82.0,75.5,79.25,24699,
2020-05-20,81.75,82.9000015258789,77.19999694824219,77.19999694824219,7867,
2020-05-21,83.19999694824219,85.0,80.0,81.75,5831,
2020-05-22,82.9000015258789,83.0999984741211,80.5999984741211,81.5,3963,
2020-05-26,82.4000015258789,84.0,80.4000015258789,82.9000015258789,6906,
2020-05-27,81.55000305175781,85.0,80.05000305175781,85.0,30371,
2020-05-28,82.5,83.0999984741211,79.0,79.0,8346,
2020-05-29,82.30000305175781,84.5999984741211,81.1500015258789,84.5999984741211,26272,
2020-06-01,86.4000015258789,86.4000015258789,82.4000015258789,82.4000015258789,14450,
2020-06-02,89.6500015258789,90.1500015258789,88.0,89.80000305175781,31936,
2020-06-03,91.25,93.75,88.55000305175781,90.5999984741211,40871,
2020-06-04,91.5999984741211,95.0,89.25,93.0,14211,
2020-06-05,92.0,94.8000030517578,83.0999984741211,91.5999984741211,58644,
2020-06-08,95.75,100.4000015258789,92.5,92.5,79726,
2020-06-09,92.8000030517578,97.6999969482422,92.0,97.6999969482422,35278,
2020-06-10,92.4499969482422,95.8000030517578,91.6500015258789,95.8000030517578,13154,
2020-06-11,93.9499969482422,96.8499984741211,89.55000305175781,91.3000030517578,44144,
2020-06-12,96.3499984741211,96.9000015258789,91.0,91.0,30928,
2020-06-15,97.0999984741211,99.9000015258789,95.5500030517578,99.9000015258789,27775,
2020-06-16,106.8000030517578,106.8000030517578,98.0,100.0,53279,
2020-06-17,117.4499969482422,117.4499969482422,107.9499969482422,109.6999969482422,107803,
2020-06-18,116.6500015258789,123.3000030517578,113.5,123.0,275049,
2020-06-19,117.3000030517578,121.0,112.5999984741211,116.8000030517578,82320,
2020-06-22,111.4499969482422,115.0,111.4499969482422,115.0,40757,
2020-06-23,107.9000015258789,110.8499984741211,105.9000015258789,110.8499984741211,72935,
2020-06-24,102.6500015258789,110.0999984741211,102.5500030517578,107.0999984741211,28762,
2020-06-25,104.4499969482422,105.3499984741211,98.0,98.5,27350,
2020-06-26,103.0500030517578,107.6999969482422,102.9000015258789,107.6999969482422,15367,
2020-06-29,101.5500030517578,105.0,100.0999984741211,103.0,14535,
2020-06-30,100.1500015258789,104.0500030517578,98.1999969482422,103.8499984741211,20250,
2020-07-01,99.8000030517578,101.9000015258789,98.0,98.0999984741211,17945,
2020-07-02,100.0999984741211,102.0,99.0,99.0,22018,
2020-07-03,100.0,102.5500030517578,98.5999984741211,99.25,10911,
2020-07-06,100.0999984741211,103.8499984741211,98.9499969482422,103.0,29149,
2020-07-07,102.1999969482422,103.8000030517578,98.9000015258789,99.0500030517578,36692,
2020-07-08,101.8000030517578,107.3000030517578,101.0,102.1999969482422,70930,
2020-07-09,99.4499969482422,103.9499969482422,99.0,102.0500030517578,94472,
2020-07-10,99.5500030517578,101.25,99.0,99.1999969482422,12927,
2020-07-13,98.6999969482422,101.0,97.8000030517578,101.0,12889,
2020-07-14,93.8000030517578,99.5999984741211,93.8000030517578,99.5500030517578,20860,
2020-07-15,92.1500015258789,95.3499984741211,91.3499984741211,93.9000015258789,31224,
2020-07-16,91.3000030517578,91.75,89.0,91.4000015258789,11267,
2020-07-17,92.6500015258789,93.4499969482422,90.05000305175781,90.05000305175781,12418,
2020-07-20,90.4499969482422,96.5999984741211,90.0,96.5999984741211,25254,
2020-07-21,90.6999969482422,94.0,90.0999984741211,90.5,35947,
2020-07-22,88.69999694824219,91.9499969482422,88.0,91.0,15242,
2020-07-23,90.0,92.3000030517578,86.05000305175781,88.5999984741211,28214,
2020-07-24,89.05000305175781,90.0,88.19999694824219,90.0,7278,
2020-07-27,85.55000305175781,91.75,84.5999984741211,91.75,24412,
2020-07-28,85.55000305175781,87.0,85.0,85.55000305175781,8191,
2020-07-29,88.5,89.80000305175781,85.75,86.5999984741211,24899,
2020-07-30,87.0,91.0500030517578,85.44999694824219,90.0,29521,
2020-07-31,84.0999984741211,86.0,83.0,85.9000015258789,31317,
2020-08-03,85.1500015258789,85.8499984741211,82.5,82.5,10860,
2020-08-04,87.55000305175781,89.30000305175781,84.6500015258789,84.69999694824219,22874,
2020-08-05,90.0,90.5,87.55000305175781,87.5999984741211,18390,
2020-08-06,91.3000030517578,93.8499984741211,90.0,90.0,28768,
2020-08-07,88.6500015258789,91.0,88.0,90.9499969482422,27606,
2020-08-10,89.4000015258789,91.5500030517578,88.75,88.80000305175781,9169,
2020-08-11,93.8499984741211,93.8499984741211,87.75,89.75,278337,
2020-08-12,89.55000305175781,94.3499984741211,89.19999694824219,94.1500015258789,140693,
2020-08-13,89.0,90.9000015258789,88.0,88.0,28724,
2020-08-14,87.1500015258789,91.0,86.5,88.9000015258789,32711,
2020-08-17,86.4000015258789,88.69999694824219,86.0,87.30000305175781,26748,
2020-08-18,86.80000305175781,87.8499984741211,86.19999694824219,87.75,32484,
2020-08-19,87.1500015258789,88.0,86.30000305175781,86.30000305175781,38327,
2020-08-20,89.0,90.75,86.19999694824219,86.5,45946,
2020-08-21,92.3000030517578,93.4000015258789,88.69999694824219,88.75,148525,
2020-08-24,96.9000015258789,96.9000015258789,93.4499969482422,93.4499969482422,151231,
2020-08-25,93.9499969482422,101.4499969482422,92.3499984741211,97.8000030517578,125616,
2020-08-26,93.0999984741211,96.1999969482422,92.1500015258789,93.0,35660,
2020-08-27,91.3499984741211,94.4499969482422,91.0999984741211,93.0999984741211,60987,
2020-08-28,90.5500030517578,93.0,90.0999984741211,90.5999984741211,44353,
2020-08-31,87.1500015258789,92.4000015258789,86.0999984741211,92.4000015258789,39059,
2020-09-01,86.5999984741211,89.5999984741211,85.0,88.1500015258789,16207,
2020-09-02,86.94999694824219,88.19999694824219,86.19999694824219,86.75,10815,
2020-09-03,89.5999984741211,91.0,88.1500015258789,89.5999984741211,45624,
2020-09-04,88.69999694824219,89.8499984741211,85.1500015258789,85.1500015258789,46327,
2020-09-07,87.75,88.30000305175781,86.0999984741211,88.19999694824219,29477,
2020-09-08,86.44999694824219,87.44999694824219,84.0,86.3499984741211,35379,
2020-09-09,85.1500015258789,87.4000015258789,84.05000305175781,87.4000015258789,16470,
2020-09-10,84.5,87.0,83.9000015258789,86.75,12783,
2020-09-11,85.0999984741211,85.75,84.1500015258789,85.30000305175781,6964,
2020-09-14,85.69999694824219,86.8499984741211,85.1500015258789,86.4000015258789,17678,
2020-09-15,86.0,87.05000305175781,85.75,85.75,20612,
2020-09-16,85.9000015258789,86.94999694824219,84.05000305175781,86.94999694824219,27298,
2020-09-17,86.5,87.1500015258789,85.69999694824219,86.05000305175781,12035,
2020-09-18,86.0999984741211,87.9000015258789,85.30000305175781,86.69999694824219,16554,
2020-09-21,83.4000015258789,86.0999984741211,82.9000015258789,86.0999984741211,7446,
2020-09-22,80.55000305175781,83.69999694824219,80.05000305175781,83.5,11305,
2020-09-23,79.4000015258789,82.8499984741211,78.0,79.0999984741211,11733,
2020-09-24,78.75,79.9000015258789,77.0999984741211,78.0,13223,
2020-09-25,82.30000305175781,82.6500015258789,75.55000305175781,78.0,11712,
2020-09-28,83.9000015258789,85.8499984741211,82.30000305175781,83.5,5277,
2020-09-29,82.44999694824219,85.75,82.05000305175781,83.9000015258789,8163,
2020-09-30,81.0,84.30000305175781,80.05000305175781,82.05000305175781,12397,
2020-10-01,81.19999694824219,82.8499984741211,79.0,82.8499984741211,16015,
2020-10-05,81.1500015258789,82.5,80.05000305175781,81.0,14657,
2020-10-06,83.44999694824219,84.0,80.25,81.55000305175781,15302,
2020-10-07,83.0999984741211,83.9000015258789,81.0999984741211,83.5,15451,
2020-10-08,82.69999694824219,85.6500015258789,82.19999694824219,84.4000015258789,10957,
2020-10-09,82.1500015258789,83.25,81.80000305175781,83.19999694824219,2059,
2020-10-12,80.0,83.9000015258789,79.6500015258789,82.25,7803,
2020-10-13,79.55000305175781,81.94999694824219,79.0,79.0,7422,
2020-10-14,80.0999984741211,81.0,78.75,78.80000305175781,1338,
2020-10-15,76.44999694824219,80.44999694824219,76.05000305175781,80.0,12017,
2020-10-16,78.8499984741211,79.8499984741211,76.4000015258789,77.44999694824219,26782,
2020-10-19,78.9000015258789,81.9000015258789,77.4000015258789,81.25,7795,
2020-10-20,76.75,82.6500015258789,75.75,78.44999694824219,25259,
2020-10-21,78.19999694824219,80.0999984741211,77.19999694824219,77.19999694824219,19054,
2020-10-22,78.1500015258789,79.44999694824219,77.5,78.19999694824219,6805,
2020-10-23,82.25,83.9000015258789,78.0,79.44999694824219,52792,
2020-10-26,82.25,83.5,81.6500015258789,82.25,17933,
2020-10-27,80.8499984741211,83.0999984741211,78.05000305175781,80.6500015258789,30794,
2020-10-28,78.94999694824219,82.0,78.5999984741211,80.5,11090,
2020-10-29,79.5,80.19999694824219,78.1500015258789,79.4000015258789,11001,
2020-10-30,78.4000015258789,81.69999694824219,78.19999694824219,80.05000305175781,3025,
2020-11-02,81.55000305175781,82.69999694824219,77.3499984741211,78.5,39338,
2020-11-03,80.05000305175781,83.94999694824219,79.0999984741211,83.94999694824219,17652,
2020-11-04,78.75,81.0,78.1500015258789,81.0,4904,
2020-11-05,81.4000015258789,86.5999984741211,79.44999694824219,79.5,101261,
2020-11-06,81.69999694824219,82.4000015258789,79.0999984741211,82.1500015258789,19813,
2020-11-09,83.80000305175781,85.80000305175781,80.44999694824219,82.25,70614,
2020-11-10,81.75,86.0,80.0,86.0,28771,
2020-11-11,80.69999694824219,83.69999694824219,80.25,81.80000305175781,10261,
2020-11-12,81.69999694824219,83.30000305175781,80.0,80.5,19059,
2020-11-13,81.1500015258789,83.6500015258789,80.5,81.94999694824219,14512,
2020-11-14,82.25,83.0,81.19999694824219,82.69999694824219,6256,
2020-11-17,90.4499969482422,90.4499969482422,81.69999694824219,83.0,332123,
2020-11-18,86.80000305175781,94.8000030517578,85.44999694824219,92.9000015258789,187231,
2020-11-19,84.30000305175781,89.80000305175781,82.8499984741211,87.0,66810,
2020-11-20,85.0999984741211,86.44999694824219,83.75,85.0999984741211,20885,
2020-11-23,85.6500015258789,86.3499984741211,84.44999694824219,86.3499984741211,11985,
2020-11-24,86.1500015258789,88.0,84.0,85.80000305175781,32285,
2020-11-25,84.55000305175781,87.0,84.05000305175781,85.4000015258789,11615,
2020-11-26,86.5,88.4000015258789,84.0,84.5,58152,
2020-11-27,86.80000305175781,89.0,86.0999984741211,86.5999984741211,30838,
2020-12-01,88.44999694824219,89.0,86.30000305175781,88.0,41511,
2020-12-02,94.1500015258789,96.0,87.55000305175781,90.6500015258789,215317,
2020-12-03,96.9000015258789,97.8000030517578,93.8499984741211,94.9000015258789,93050,
2020-12-04,106.5500030517578,106.5500030517578,95.8000030517578,95.8000030517578,482310,
2020-12-07,108.3000030517578,116.0,107.1500015258789,110.0,267722,
2020-12-08,101.8499984741211,113.0999984741211,97.1999969482422,108.5,348362,
2020-12-09,99.4499969482422,107.3499984741211,97.9000015258789,103.5,120868,
2020-12-10,95.0,100.9499969482422,94.0,100.25,204886,
2020-12-11,96.75,101.9000015258789,95.0,95.0,150043,
2020-12-14,96.75,101.0,96.0,96.75,75141,
2020-12-15,97.75,101.6999969482422,97.0500030517578,97.25,141975,
2020-12-16,97.75,101.5,97.25,98.9000015258789,153826,
2020-12-17,96.1999969482422,99.5,96.0,99.5,107972,
2020-12-18,94.9499969482422,97.6999969482422,94.0500030517578,97.6500015258789,42708,
2020-12-21,88.94999694824219,95.9499969482422,88.05000305175781,95.9499969482422,66761,
2020-12-22,87.80000305175781,90.9499969482422,84.44999694824219,89.0,58776,
2020-12-23,90.5500030517578,91.9499969482422,87.05000305175781,87.80000305175781,65498,
2020-12-24,92.4499969482422,94.0,91.0,91.0,235368,
2020-12-28,94.9000015258789,96.0,92.8000030517578,94.4000015258789,42632,
2020-12-29,105.5,109.0,93.5,95.4000015258789,845483,
2020-12-30,101.4000015258789,107.1999969482422,99.8000030517578,105.9000015258789,235558,
2020-12-31,99.1999969482422,104.9499969482422,97.3499984741211,101.8000030517578,252086,
2021-01-01,97.8499984741211,100.0,97.0,99.8000030517578,85627,
2021-01-04,103.4000015258789,108.0,97.4000015258789,99.5,655849,
2021-01-05,106.0,110.8000030517578,100.0,103.1999969482422,1058899,
2021-01-06,106.75,112.4000015258789,103.5999984741211,106.6999969482422,857824,
2021-01-07,107.9000015258789,111.6999969482422,104.0999984741211,107.75,628964,
2021-01-08,111.1500015258789,117.9499969482422,110.0500030517578,110.3000030517578,746057,
2021-01-11,104.6999969482422,112.3499984741211,104.0500030517578,112.0,294401,
2021-01-12,108.0500030517578,109.3499984741211,104.0,105.1999969482422,267995,
2021-01-13,105.0999984741211,109.6500015258789,104.5500030517578,109.0999984741211,158198,
2021-01-14,104.3499984741211,107.0,103.5500030517578,105.9000015258789,95497,
2021-01-15,101.6999969482422,104.9000015258789,100.6500015258789,104.3499984741211,104365,
2021-01-18,99.4499969482422,104.9499969482422,99.0,100.25,115755,
2021-01-19,99.6999969482422,102.6999969482422,98.25,100.3000030517578,104905,
2021-01-20,100.1500015258789,104.5999984741211,99.0999984741211,100.3000030517578,165799,
2021-01-21,99.5999984741211,102.8000030517578,98.9000015258789,100.9000015258789,95445,
2021-01-22,97.5,101.5,97.0,99.75,93939,
2021-01-25,94.4000015258789,100.0,93.1999969482422,98.0,79939,
2021-01-27,94.9000015258789,96.75,93.1999969482422,95.0,44533,
2021-01-28,93.1500015258789,95.8499984741211,91.5,91.5,75384,
2021-01-29,94.5999984741211,97.75,94.0500030517578,94.9000015258789,72982,
2021-02-01,99.0999984741211,99.8499984741211,93.6500015258789,94.6500015258789,102926,
2021-02-02,96.8499984741211,101.4000015258789,96.0500030517578,101.4000015258789,82421,
2021-02-03,99.6500015258789,100.5,96.1500015258789,97.5500030517578,111203,
2021-02-04,98.8499984741211,103.5500030517578,98.4499969482422,101.5,123221,
2021-02-05,99.8000030517578,101.5,98.5500030517578,100.6999969482422,105625,
2021-02-08,100.4000015258789,106.9000015258789,99.4000015258789,102.8000030517578,312988,
2021-02-09,98.6500015258789,102.6500015258789,98.0,102.5999984741211,96910,
2021-02-10,98.4499969482422,100.4000015258789,97.0999984741211,100.25,51968,
2021-02-11,98.5,102.0,98.0500030517578,99.0,112654,
2021-02-12,98.4499969482422,100.8000030517578,96.25,100.8000030517578,127725,
2021-02-15,94.5,99.5,94.0500030517578,99.4499969482422,233634,
2021-02-16,93.9499969482422,96.3000030517578,93.5500030517578,95.0500030517578,81546,
2021-02-17,93.0500030517578,94.5,92.5,92.5,45223,
2021-02-18,94.6500015258789,96.9000015258789,94.0,94.4499969482422,91195,
2021-02-19,93.25,95.9000015258789,93.0500030517578,94.5,38109,
2021-02-22,91.3499984741211,94.8000030517578,90.5999984741211,94.3000030517578,38114,
2021-02-23,108.6500015258789,109.5999984741211,93.1999969482422,93.1999969482422,2940034,
2021-02-24,98.8499984741211,111.5500030517578,98.0500030517578,111.0,721292,
2021-02-25,103.4000015258789,108.3000030517578,98.5999984741211,100.0999984741211,917199,
2021-02-26,101.9499969482422,104.6999969482422,99.5,101.9499969482422,456134,
2021-03-01,106.5500030517578,109.0,102.5,103.8000030517578,640015,
2021-03-02,105.0,108.9000015258789,104.1500015258789,107.5,250838,
2021-03-03,104.5999984741211,109.9499969482422,104.1999969482422,109.9499969482422,282841,
2021-03-04,104.8499984741211,108.5,103.5,104.5,194626,
2021-03-05,101.0,106.5,100.1999969482422,105.4499969482422,161028,
2021-03-08,100.6500015258789,103.6500015258789,100.1999969482422,101.8000030517578,86402,
2021-03-09,97.5999984741211,102.0500030517578,97.1500015258789,102.0500030517578,129834,
2021-03-10,97.9000015258789,99.9000015258789,97.5999984741211,98.9499969482422,112546,
2021-03-12,96.3000030517578,99.9499969482422,93.3000030517578,98.9000015258789,196856,
2021-03-15,96.0,97.4000015258789,94.1999969482422,96.5,75339,
2021-03-16,95.1500015258789,98.4000015258789,94.3000030517578,96.3000030517578,79397,
2021-03-17,92.6500015258789,97.5,92.1500015258789,96.0,71709,
2021-03-18,91.0999984741211,94.5,90.05000305175781,93.0500030517578,83552,
2021-03-19,89.80000305175781,91.5,85.4000015258789,89.5,99532,
2021-03-22,91.5,93.4000015258789,90.05000305175781,90.05000305175781,111970,
2021-03-23,93.6500015258789,95.75,91.6500015258789,92.6999969482422,101982,
2021-03-24,90.5,93.3499984741211,90.0,91.5500030517578,43933,
2021-03-25,86.0,91.4000015258789,85.25,91.4000015258789,98712,
2021-03-26,86.05000305175781,88.5,85.5,87.25,60873,
2021-03-30,86.80000305175781,88.5,85.8499984741211,86.5999984741211,72916,
2021-03-31,90.9000015258789,94.9000015258789,87.0999984741211,88.0,498450,
2021-04-01,91.3000030517578,93.0,90.5,91.5999984741211,55564,
2021-04-05,88.94999694824219,91.3000030517578,88.0,91.3000030517578,51785,
2021-04-06,91.5,94.8000030517578,89.30000305175781,91.8000030517578,77164,
2021-04-07,91.5,92.6999969482422,90.25,92.0,28329,
2021-04-08,94.3000030517578,98.0500030517578,92.1500015258789,92.1500015258789,169476,
2021-04-09,93.4000015258789,97.0500030517578,92.25,95.9000015258789,86579,
2021-04-12,87.8499984741211,91.9499969482422,82.0999984741211,91.9499969482422,106630,
2021-04-13,93.3499984741211,97.1500015258789,87.8499984741211,87.8499984741211,275699,
2021-04-15,91.5999984741211,94.75,90.3499984741211,94.0,52454,
2021-04-16,90.8499984741211,94.1999969482422,90.0999984741211,91.5999984741211,74831,
2021-04-19,88.4000015258789,89.44999694824219,86.19999694824219,88.75,49808,
2021-04-20,87.55000305175781,90.9499969482422,87.1500015258789,90.0,65195,
2021-04-22,90.3000030517578,90.9000015258789,87.19999694824219,87.19999694824219,54914,
2021-04-23,89.30000305175781,91.0,88.19999694824219,90.0,45395,
2021-04-26,88.44999694824219,90.8000030517578,88.0,90.8000030517578,34688,
2021-04-27,90.0,92.4499969482422,88.94999694824219,90.9499969482422,92561,
2021-04-28,89.69999694824219,91.0,89.4000015258789,90.0,56642,
2021-04-29,89.30000305175781,91.5,89.0,90.9000015258789,41199,
2021-04-30,89.05000305175781,90.4000015258789,88.6500015258789,89.75,47062,
2021-05-03,87.94999694824219,89.69999694824219,87.30000305175781,88.19999694824219,66545,
2021-05-04,86.80000305175781,90.75,86.05000305175781,90.0,143413,
2021-05-05,86.25,88.0,85.44999694824219,87.75,76142,
2021-05-06,91.3499984741211,92.8499984741211,86.0,87.5999984741211,309160,
2021-05-07,89.5999984741211,92.6999969482422,89.44999694824219,91.9000015258789,79023,
2021-05-10,88.55000305175781,91.6500015258789,87.69999694824219,91.6500015258789,181633,
2021-05-11,92.8000030517578,98.6999969482422,88.5999984741211,88.6500015258789,682651,
2021-05-12,95.5,99.0,93.5,93.5500030517578,651924,
2021-05-14,97.5,102.9000015258789,97.0,97.0,495748,
2021-05-17,97.9000015258789,100.8000030517578,96.5,98.5,248889,
2021-05-18,97.4499969482422,100.6999969482422,96.0,96.0999984741211,342648,
2021-05-19,97.8000030517578,99.9000015258789,97.4499969482422,98.0999984741211,223440,
2021-05-20,98.1500015258789,102.8000030517578,97.9000015258789,102.0,530169,
2021-05-21,97.9000015258789,99.5999984741211,97.4499969482422,98.8000030517578,168321,
2021-05-24,95.9499969482422,98.8000030517578,95.0,98.8000030517578,190742,
2021-05-25,96.0500030517578,97.8000030517578,94.5999984741211,95.0,163279,
2021-05-26,100.5999984741211,104.6999969482422,97.0,97.0,850083,
2021-05-27,98.4499969482422,102.4000015258789,98.0,101.8000030517578,195074,
2021-05-28,98.4000015258789,100.4499969482422,97.8000030517578,99.9499969482422,146369,
2021-05-31,97.0500030517578,102.3000030517578,96.8000030517578,99.8499984741211,367639,
2021-06-01,94.0999984741211,98.5999984741211,93.3499984741211,97.8000030517578,177698,
2021-06-02,95.25,95.75,92.5999984741211,92.5999984741211,139696,
2021-06-03,97.3000030517578,98.5,95.3000030517578,96.3000030517578,137563,
2021-06-04,96.5,98.4000015258789,96.0500030517578,97.8499984741211,89071,
2021-06-07,100.25,102.4000015258789,97.6500015258789,98.1999969482422,729501,
2021-06-08,100.75,102.25,99.5,101.0,308391,
2021-06-09,106.4499969482422,112.9000015258789,102.4499969482422,102.5500030517578,1610164,
2021-06-10,127.6999969482422,127.6999969482422,107.6999969482422,109.0999984741211,2419073,
2021-06-11,124.8499984741211,139.0,122.0,134.0,2035224,
2021-06-14,130.6999969482422,134.35000610351562,117.5500030517578,123.75,1312665,
2021-06-15,130.10000610351562,134.1999969482422,129.0,131.60000610351562,422896,
2021-06-16,135.39999389648438,144.5,124.4000015258789,129.9499969482422,1387602,
2021-06-17,132.6999969482422,139.6999969482422,130.5,133.60000610351562,651145,
2021-06-18,129.89999389648438,136.89999389648438,120.0,133.0500030517578,333824,
2021-06-21,127.8499984741211,130.0,124.5999984741211,127.0,155010,
2021-06-22,126.9499969482422,132.39999389648438,125.0,128.89999389648438,154713,
2021-06-23,126.75,132.0,126.1999969482422,127.9000015258789,184535,
2021-06-24,124.75,130.0,124.0,127.9000015258789,113779,
2021-06-25,123.5,125.9000015258789,122.4499969482422,125.9000015258789,127488,
2021-06-28,128.64999389648438,135.0,128.10000610351562,129.6999969482422,463436,
2021-06-29,128.14999389648438,130.5500030517578,127.4000015258789,129.9499969482422,241444,
2021-06-30,126.0,131.0500030517578,124.8499984741211,128.14999389648438,245475,
2021-07-01,126.0,127.5,125.0,126.0,106545,
2021-07-02,130.64999389648438,132.5,126.1999969482422,126.1999969482422,491716,
2021-07-05,148.64999389648438,154.8000030517578,131.60000610351562,132.85000610351562,3215948,
2021-07-06,147.9499969482422,156.9499969482422,146.60000610351562,150.1999969482422,1132605,
2021-07-07,148.39999389648438,151.0,143.1999969482422,147.0,380863,
2021-07-08,151.75,158.64999389648438,148.10000610351562,148.4499969482422,794934,
2021-07-09,157.0500030517578,158.64999389648438,151.1999969482422,152.0,1057256,
2021-07-12,152.1999969482422,158.5,151.10000610351562,158.25,914567,
2021-07-13,151.25,155.1999969482422,150.5,153.5,219649,
2021-07-14,154.6999969482422,158.89999389648438,152.3000030517578,152.3000030517578,758194,
2021-07-15,152.75,157.0,151.8000030517578,155.3000030517578,243169,
2021-07-16,150.25,153.5,149.9499969482422,150.64999389648438,292003,
2021-07-19,148.89999389648438,154.89999389648438,147.14999389648438,150.0,300738,
2021-07-20,141.5,150.0,141.5,147.60000610351562,108985,
2021-07-22,139.4499969482422,145.0,135.25,144.0,124517,
2021-07-23,137.35000610351562,142.0,136.60000610351562,139.4499969482422,53430,
2021-07-26,133.64999389648438,138.10000610351562,130.5,136.10000610351562,62979,
2021-07-27,132.4499969482422,135.0,130.1999969482422,133.5500030517578,40774,
2021-07-28,129.4499969482422,132.4499969482422,127.1999969482422,132.4499969482422,76437,
2021-07-29,130.39999389648438,134.8000030517578,128.0,129.4499969482422,68917,
2021-07-30,136.89999389648438,136.89999389648438,129.1999969482422,133.8000030517578,53750,
2021-08-02,143.6999969482422,143.6999969482422,142.35000610351562,143.6999969482422,57178,
2021-08-03,150.85000610351562,150.85000610351562,147.39999389648438,150.85000610351562,131993,
2021-08-04,144.60000610351562,156.4499969482422,143.5,156.4499969482422,253893,
2021-08-05,147.25,149.0,139.0500030517578,145.0,62974,
2021-08-06,146.14999389648438,154.60000610351562,140.6999969482422,147.85000610351562,68943,
2021-08-09,139.60000610351562,148.4499969482422,138.85000610351562,145.1999969482422,74978,
2021-08-10,132.64999389648438,140.0,132.64999389648438,138.10000610351562,36771,
2021-08-11,132.9499969482422,134.0,126.0500030517578,127.25,78173,
2021-08-12,139.35000610351562,139.5500030517578,133.5,133.85000610351562,61796,
2021-08-13,135.39999389648438,143.39999389648438,132.39999389648438,143.39999389648438,51011,
2021-08-16,131.0,138.8000030517578,130.0,135.39999389648438,41906,
2021-08-17,130.1999969482422,133.25,127.0,130.0,31641,
2021-08-18,125.6999969482422,132.3000030517578,125.0,125.1999969482422,33642,
2021-08-20,119.6500015258789,126.5,119.4499969482422,125.5,46185,
2021-08-23,113.6999969482422,123.3499984741211,113.6999969482422,123.1999969482422,42042,
2021-08-24,119.1500015258789,119.3499984741211,108.1999969482422,110.0999984741211,39302,
2021-08-25,123.9000015258789,124.6999969482422,114.1999969482422,118.8000030517578,41853,
2021-08-26,123.3000030517578,126.0,120.1999969482422,121.4000015258789,22855,
2021-08-27,121.25,124.0,118.5500030517578,118.5500030517578,18144,
2021-08-30,119.75,122.0,116.0,119.5,28224,
2021-08-31,116.3000030517578,120.4499969482422,116.0,120.4499969482422,19344,
2021-09-01,116.3499984741211,118.25,113.5,118.25,19921,
2021-09-02,120.1500015258789,122.0,114.1500015258789,115.9499969482422,57895,
2021-09-03,119.75,123.5,119.0,123.4000015258789,10830,
2021-09-06,117.3499984741211,122.6999969482422,117.1500015258789,119.75,24493,
2021-09-07,116.0999984741211,119.9000015258789,115.25,119.9000015258789,33251,
2021-09-08,117.3000030517578,119.6999969482422,115.8000030517578,116.0999984741211,23350,
2021-09-09,116.0,120.0,115.0,120.0,18500,
2021-09-13,115.5,119.4000015258789,114.0,116.0,29099,
2021-09-14,117.8000030517578,118.1999969482422,115.0999984741211,115.5,21287,
2021-09-15,118.9499969482422,120.0,117.0,118.0,33596,
2021-09-16,116.8000030517578,119.6999969482422,116.0,116.3000030517578,42188,
2021-09-17,114.1500015258789,117.9000015258789,112.0999984741211,117.9000015258789,28575,
2021-09-20,112.3499984741211,115.9499969482422,112.0,113.0,37721,
2021-09-21,113.9499969482422,115.0,109.0,112.1500015258789,37871,
2021-09-22,114.3499984741211,115.75,112.0,113.9499969482422,14811,
2021-09-23,115.0,116.4499969482422,113.0,113.0999984741211,38381,
2021-09-24,120.6500015258789,120.75,112.0,116.5,102213,
2021-09-27,125.25,126.6500015258789,118.0999984741211,119.9000015258789,110067,
2021-09-28,131.5,131.5,131.5,131.5,59183,
2021-09-29,137.39999389648438,138.0500030517578,133.0,138.0500030517578,207013,
2021-09-30,130.64999389648438,140.89999389648438,130.5500030517578,140.89999389648438,98502,
2021-10-01,127.8499984741211,130.4499969482422,125.25,130.4499969482422,35523,
2021-10-04,128.0,128.5,125.0,127.0,31417,
2021-10-05,131.5500030517578,134.0,128.0,130.0,55000,
2021-10-06,125.0,134.0,125.0,131.5500030517578,70092,
2021-10-07,126.0999984741211,129.75,123.0999984741211,126.8000030517578,27076,
2021-10-08,130.0500030517578,132.0,124.1999969482422,128.89999389648438,43731,
2021-10-11,124.0500030517578,130.0,123.5500030517578,130.0,91363,
2021-10-12,128.0,129.60000610351562,122.1500015258789,122.1500015258789,79602,
2021-10-13,126.1999969482422,131.75,126.0,128.0,64133,
2021-10-14,123.75,129.6999969482422,120.8000030517578,127.0,60341,
2021-10-18,124.6500015258789,127.3000030517578,123.75,124.0,109273,
2021-10-19,121.6500015258789,126.75,120.3499984741211,124.6500015258789,66579,
2021-10-20,118.4499969482422,122.0,117.0,121.0,31257,
2021-10-21,115.4000015258789,119.3000030517578,114.0999984741211,117.5999984741211,35543,
2021-10-22,118.5,121.1500015258789,115.5,115.5,76282,
2021-10-25,116.0,121.25,114.0,121.0,36028,
2021-10-26,116.9499969482422,119.0,115.0,116.0,23151,
2021-10-27,117.0999984741211,119.0500030517578,116.0999984741211,116.1999969482422,13748,
2021-10-28,113.4499969482422,117.5999984741211,112.6500015258789,117.0999984741211,30571,
2021-10-29,112.25,115.0,111.0999984741211,112.5,22249,
2021-11-01,112.1500015258789,115.0,111.0,115.0,24335,
2021-11-02,112.1500015258789,114.9000015258789,110.5999984741211,114.25,34762,
2021-11-03,113.5,114.6500015258789,112.0500030517578,114.25,28045,
2021-11-04,114.0,114.9000015258789,111.6500015258789,114.9000015258789,9750,
2021-11-08,113.5999984741211,114.9499969482422,110.5999984741211,114.9499969482422,33895,
2021-11-09,113.9000015258789,114.9000015258789,112.3499984741211,112.3499984741211,32253,
2021-11-10,119.5500030517578,119.5500030517578,112.5999984741211,114.5,60240,
2021-11-11,116.9000015258789,124.3000030517578,115.5999984741211,124.3000030517578,75745,
2021-11-12,114.9000015258789,120.5500030517578,114.0,118.9499969482422,62892,
2021-11-15,112.9499969482422,117.6999969482422,111.0999984741211,117.6999969482422,44257,
2021-11-16,112.3499984741211,116.5,111.5999984741211,116.5,42372,
2021-11-17,110.0999984741211,113.9499969482422,109.8000030517578,113.9499969482422,76583,
2021-11-18,108.1500015258789,112.8499984741211,108.0,110.25,57677,
2021-11-22,103.5500030517578,109.5500030517578,102.75,105.25,46931,
2021-11-23,108.6999969482422,108.6999969482422,101.0999984741211,101.0999984741211,89359,
2021-11-24,108.8000030517578,114.0,107.9499969482422,112.8000030517578,111519,
2021-11-25,107.6999969482422,112.0,106.9499969482422,111.0,48518,
2021-11-26,103.9000015258789,108.6999969482422,102.5999984741211,107.0500030517578,87160,
2021-11-29,101.6500015258789,104.4499969482422,101.0,104.0,22280,
2021-11-30,102.3499984741211,105.8499984741211,101.0999984741211,104.9499969482422,20641,
2021-12-01,103.1500015258789,104.9000015258789,102.0500030517578,104.9000015258789,36670,
2021-12-02,108.3000030517578,108.3000030517578,102.1999969482422,102.1999969482422,41734,
2021-12-03,107.9499969482422,111.6500015258789,107.4000015258789,108.5999984741211,81432,
2021-12-06,107.4000015258789,110.0,107.0,107.25,28911,
2021-12-07,108.9000015258789,115.8000030517578,108.25,110.8000030517578,127221,
2021-12-08,116.0999984741211,117.0,108.9000015258789,108.9000015258789,103202,
2021-12-09,114.6999969482422,119.0,112.6500015258789,117.6999969482422,74258,
2021-12-10,115.3000030517578,117.4000015258789,113.1999969482422,117.4000015258789,47263,
2021-12-13,112.3499984741211,117.8499984741211,111.5999984741211,114.9499969482422,88019,
2021-12-14,112.5999984741211,114.4499969482422,111.3000030517578,112.3499984741211,19590,
2021-12-15,112.5500030517578,114.5,111.1500015258789,114.5,20908,
2021-12-16,122.0,123.8000030517578,111.8499984741211,114.0,313171,
2021-12-17,111.8499984741211,121.75,109.8000030517578,120.8499984741211,169012,
2021-12-20,106.9499969482422,110.8499984741211,105.8499984741211,110.0,59119,
2021-12-21,108.1500015258789,111.1500015258789,104.1500015258789,109.5,64794,
2021-12-22,109.0999984741211,111.5500030517578,108.0999984741211,108.6500015258789,36866,
2021-12-23,108.0999984741211,111.0,107.0500030517578,110.5500030517578,56191,
2021-12-24,111.6500015258789,113.9000015258789,107.5,107.5,87709,
2021-12-27,109.8499984741211,113.8000030517578,108.9000015258789,113.8000030517578,25110,
2021-12-28,113.1500015258789,115.0,109.0500030517578,109.3000030517578,51262,
2021-12-29,117.0999984741211,123.0,111.0,114.5,147679,
2021-12-30,120.1999969482422,125.6500015258789,115.6999969482422,118.6500015258789,229729,
2021-12-31,119.8499984741211,123.5,118.0999984741211,120.0,62732,
2022-01-03,119.0,123.4000015258789,117.5999984741211,120.8000030517578,55301,
2022-01-04,120.75,123.4000015258789,114.5500030517578,119.5,303832,
2022-01-05,124.1999969482422,131.5,120.6999969482422,120.6999969482422,544124,
2022-01-06,124.1500015258789,126.4000015258789,121.25,123.5999984741211,117490,
2022-01-07,122.4499969482422,126.0,121.0,125.3499984741211,83160,
2022-01-10,124.1999969482422,129.5500030517578,123.5,127.0,113253,
2022-01-11,126.1500015258789,129.0,123.0,126.9000015258789,124081,
2022-01-12,124.75,130.25,124.1500015258789,126.9499969482422,143454,
2022-01-13,124.3000030517578,127.0,123.0,126.4000015258789,75896,
2022-01-14,127.4499969482422,129.6999969482422,122.5,124.6999969482422,130974,
2022-01-17,126.9000015258789,129.8000030517578,124.6999969482422,127.9000015258789,158910,
2022-01-18,124.1999969482422,129.5,123.5500030517578,128.0,122035,
2022-01-19,122.8000030517578,125.5500030517578,121.5,124.8000030517578,69795,
2022-01-20,123.8000030517578,124.9000015258789,122.0,122.8000030517578,46748,
2022-01-21,119.0500030517578,124.8000030517578,118.4499969482422,124.0,81321,
2022-01-24,110.9000015258789,118.8499984741211,109.0,117.5500030517578,66488,
2022-01-25,115.6500015258789,116.8499984741211,107.0500030517578,110.0,64524,
2022-01-27,113.6999969482422,115.5999984741211,112.5,114.8000030517578,30838,
2022-01-28,116.4000015258789,119.1500015258789,114.1999969482422,115.0,62824,
2022-01-31,118.9000015258789,119.8000030517578,116.0,116.0,53078,
2022-02-01,119.0999984741211,122.9499969482422,118.4000015258789,119.5,108314,
2022-02-02,119.6999969482422,121.9499969482422,118.3000030517578,118.3000030517578,55486,
2022-02-03,131.64999389648438,131.64999389648438,124.4499969482422,128.5,362730,
2022-02-04,132.85000610351562,137.0,129.89999389648438,132.8000030517578,462231,
2022-02-07,139.9499969482422,142.5,133.1999969482422,134.8000030517578,401850,
2022-02-08,136.14999389648438,142.5,133.0,142.5,177983,
2022-02-09,147.35000610351562,156.10000610351562,134.5500030517578,137.25,1345839,
2022-02-10,145.14999389648438,152.35000610351562,142.39999389648438,147.0,396592,
2022-02-11,143.4499969482422,150.0,142.5,143.89999389648438,162088,
2022-02-14,132.85000610351562,141.75,131.14999389648438,140.10000610351562,194277,
2022-02-15,137.0,138.89999389648438,126.4499969482422,134.85000610351562,189745,
2022-02-16,144.64999389648438,150.4499969482422,137.0,137.0,438341,
2022-02-17,139.3000030517578,147.75,138.0500030517578,144.25,122007,
2022-02-18,135.25,142.35000610351562,133.10000610351562,139.0,118296,
2022-02-21,126.9000015258789,136.0,125.8499984741211,136.0,127650,
2022-02-22,123.5500030517578,126.8000030517578,120.5999984741211,126.8000030517578,112219,
2022-02-23,126.9000015258789,131.8000030517578,123.5500030517578,123.5500030517578,115622,
2022-02-24,111.4000015258789,123.0,110.5,123.0,153139,
2022-02-25,120.8499984741211,122.0,115.9000015258789,115.9000015258789,143771,
2022-02-28,124.1999969482422,127.1999969482422,117.9000015258789,120.0,148784,
2022-03-02,122.6500015258789,127.75,121.25,124.1999969482422,88545,
2022-03-03,121.6500015258789,126.9000015258789,121.0,126.9000015258789,62821,
2022-03-04,119.3000030517578,121.3499984741211,117.75,121.3499984741211,64225,
2022-03-07,119.0,122.9000015258789,114.4000015258789,118.9499969482422,94244,
2022-03-08,123.75,124.9499969482422,116.8000030517578,116.8000030517578,83843,
2022-03-09,127.3000030517578,129.0,123.25,123.9000015258789,116410,
2022-03-10,124.8000030517578,129.89999389648438,124.25,129.3000030517578,94999,
2022-03-11,133.64999389648438,141.1999969482422,124.4000015258789,124.5500030517578,828567,
2022-03-14,134.25,140.89999389648438,133.10000610351562,134.25,161482,
2022-03-15,127.1999969482422,134.9499969482422,125.9499969482422,134.5,114599,
2022-03-16,130.0,133.5500030517578,128.0,128.25,114518,
2022-03-17,137.1999969482422,139.5,130.0,131.0500030517578,194136,
2022-03-21,136.6999969482422,140.0,135.0,138.10000610351562,177181,
2022-03-22,141.39999389648438,145.10000610351562,135.85000610351562,137.8000030517578,294989,
2022-03-23,136.89999389648438,143.8000030517578,135.60000610351562,142.1999969482422,124982,
2022-03-24,137.14999389648438,139.4499969482422,135.0,136.5,76394,
2022-03-25,134.5500030517578,138.5,131.8000030517578,138.0,99711,
2022-03-28,134.1999969482422,137.5500030517578,132.4499969482422,136.9499969482422,112829,
2022-03-29,141.1999969482422,147.5,134.39999389648438,134.39999389648438,782800,
2022-03-30,136.60000610351562,144.0500030517578,135.10000610351562,141.6999969482422,149328,
2022-03-31,133.9499969482422,138.14999389648438,132.5,138.14999389648438,92223,
2022-04-01,138.4499969482422,141.60000610351562,134.0,134.9499969482422,171369,
2022-04-04,166.10000610351562,166.10000610351562,139.5,141.0,1569288,
2022-04-05,173.8000030517578,194.0,166.10000610351562,170.0,2901801,
2022-04-06,174.75,183.3999938964844,169.0,174.0,800154,
2022-04-07,167.9499969482422,183.6000061035156,166.64999389648438,176.0,725523,
2022-04-08,182.8500061035156,184.5,168.0500030517578,169.8000030517578,716193,
2022-04-11,183.75,189.8999938964844,181.3500061035156,185.0,327513,
2022-04-12,177.4499969482422,184.8999938964844,175.85000610351562,182.5,177759,
2022-04-13,183.1499938964844,186.1000061035156,178.75,181.0,285673,
2022-04-18,208.3500061035156,214.3999938964844,178.0500030517578,184.5,1657736,
2022-04-19,199.5500030517578,216.0,193.5500030517578,210.1999969482422,845993,
2022-04-20,204.75,208.6999969482422,200.0,206.0,273519,
2022-04-21,211.3000030517578,218.8500061035156,204.75,205.6000061035156,646968,
2022-04-22,206.8000030517578,215.5500030517578,205.0500030517578,210.0,294971,
2022-04-25,202.75,211.9499969482422,201.1499938964844,205.8999938964844,294453,
2022-04-26,194.6499938964844,210.0,193.0,205.0,309626,
2022-04-27,196.3999938964844,203.6999969482422,188.3000030517578,196.3000030517578,390215,
2022-04-28,204.6999969482422,209.0,198.8500061035156,198.8500061035156,460011,
2022-04-29,193.25,209.1999969482422,192.0,206.0,258042,
2022-05-02,187.1000061035156,195.0,183.0,191.0,208693,
2022-05-04,181.3500061035156,192.75,179.0,189.8500061035156,203483,
2022-05-05,175.89999389648438,185.6999969482422,175.0,183.1000061035156,163939,
2022-05-06,173.10000610351562,175.89999389648438,165.5,170.0,244579,
2022-05-09,167.6999969482422,171.75,155.5,171.75,241047,
2022-05-10,158.5500030517578,173.0,154.9499969482422,173.0,158873,
2022-05-11,161.6999969482422,166.0,148.0,158.5,309139,
2022-05-12,155.10000610351562,160.25,152.5,159.0,111783,
2022-05-13,161.25,171.89999389648438,157.39999389648438,159.89999389648438,352473,
2022-05-16,167.5500030517578,168.0,159.10000610351562,162.9499969482422,139904,
2022-05-17,170.10000610351562,174.0500030517578,165.1999969482422,168.1999969482422,169319,
2022-05-18,169.35000610351562,173.25,163.3000030517578,170.5,180592,
2022-05-19,159.6999969482422,168.8000030517578,158.6999969482422,163.0,184954,
2022-05-20,165.6999969482422,170.0,161.3000030517578,161.3000030517578,185026,
2022-05-23,161.60000610351562,170.0,159.64999389648438,167.6999969482422,200151,
2022-05-24,156.9499969482422,164.60000610351562,156.1999969482422,162.4499969482422,92952,
2022-05-25,144.25,160.14999389648438,141.39999389648438,159.0,205559,
2022-05-26,147.35000610351562,148.39999389648438,134.85000610351562,144.0,247467,
2022-05-27,147.5500030517578,154.60000610351562,145.9499969482422,149.14999389648438,163926,
2022-05-30,146.0500030517578,151.75,144.89999389648438,149.25,205666,
2022-05-31,138.39999389648438,146.60000610351562,135.64999389648438,145.39999389648438,435672,
2022-06-01,148.85000610351562,157.39999389648438,138.8000030517578,138.8000030517578,475647,
2022-06-02,141.5,149.9499969482422,138.85000610351562,148.64999389648438,353571,
2022-06-03,137.85000610351562,143.8000030517578,136.1999969482422,143.5,228679,
2022-06-06,142.0500030517578,144.8000030517578,134.25,138.60000610351562,328682,
2022-06-07,141.89999389648438,145.0,139.75,141.0,172046,
2022-06-08,147.39999389648438,150.64999389648438,139.39999389648438,142.6999969482422,343771,
2022-06-09,145.10000610351562,146.85000610351562,143.39999389648438,146.6999969482422,274631,
2022-06-10,151.3000030517578,154.4499969482422,142.0500030517578,143.5,384934,
2022-06-13,142.25,148.0,140.10000610351562,146.5500030517578,182248,
2022-06-14,145.25,147.0,140.0,140.0,231441,
2022-06-15,144.5500030517578,147.6999969482422,142.1999969482422,145.0,198185,
2022-06-16,140.39999389648438,148.5500030517578,138.85000610351562,148.39999389648438,215867,
2022-06-17,140.64999389648438,143.1999969482422,135.25,141.39999389648438,125254,
2022-06-20,136.6999969482422,143.4499969482422,133.0,140.0,332770,
2022-06-21,140.1999969482422,142.0,137.3000030517578,137.3000030517578,172291,
2022-06-22,135.75,140.5,135.0500030517578,139.35000610351562,79633,
2022-06-23,135.85000610351562,139.4499969482422,134.39999389648438,137.10000610351562,63098,
2022-06-24,142.25,144.0,136.0,136.64999389648438,85465,
2022-06-27,152.14999389648438,158.0,142.9499969482422,146.0,874650,
2022-06-28,151.6999969482422,157.0,150.0,151.64999389648438,296523,
2022-06-29,145.39999389648438,150.6999969482422,144.39999389648438,150.0,96075,
2022-06-30,140.6999969482422,147.9499969482422,140.0,144.75,82964,
2022-07-01,139.85000610351562,145.10000610351562,136.9499969482422,140.6999969482422,116020,
2022-07-04,145.5,147.5500030517578,140.0,140.0,89556,
2022-07-05,144.60000610351562,149.5500030517578,144.25,146.64999389648438,72065,
2022-07-06,148.9499969482422,150.39999389648438,144.0,144.3000030517578,107740,
2022-07-07,149.64999389648438,154.39999389648438,146.35000610351562,150.14999389648438,142052,
2022-07-08,151.5500030517578,154.39999389648438,149.60000610351562,150.85000610351562,79699,
2022-07-11,153.75,156.0,150.5500030517578,152.39999389648438,134634,
2022-07-12,153.60000610351562,156.0,152.4499969482422,153.60000610351562,55559,
2022-07-13,148.0500030517578,154.5,147.39999389648438,153.64999389648438,86752,
2022-07-14,144.14999389648438,149.3000030517578,142.0,148.0500030517578,58813,
2022-07-15,146.64999389648438,149.0,144.35000610351562,145.3000030517578,47024,
2022-07-18,148.10000610351562,150.0,145.4499969482422,147.85000610351562,77074,
2022-07-19,146.6999969482422,149.75,145.64999389648438,148.3000030517578,70963,
2022-07-20,153.0500030517578,156.0,147.3000030517578,147.89999389648438,307084,
2022-07-21,152.60000610351562,159.0,150.89999389648438,153.89999389648438,257297,
2022-07-22,151.0500030517578,154.89999389648438,150.5,153.35000610351562,102028,
2022-07-25,162.1999969482422,165.8000030517578,150.64999389648438,151.9499969482422,518840,
2022-07-26,153.1999969482422,163.0,151.6999969482422,162.89999389648438,394456,
2022-07-27,147.8000030517578,154.75,146.64999389648438,153.39999389648438,225333,
2022-07-28,150.8000030517578,152.35000610351562,147.75,148.89999389648438,175312,
2022-07-29,152.9499969482422,155.89999389648438,150.85000610351562,150.85000610351562,152401,
2022-08-01,157.64999389648438,159.0500030517578,151.39999389648438,154.1999969482422,181611,
2022-08-02,157.5,162.75,153.60000610351562,157.64999389648438,248298,
2022-08-03,154.25,162.0,153.0500030517578,158.4499969482422,160430,
2022-08-04,166.1999969482422,174.0,157.0,164.60000610351562,1646012,
2022-08-05,166.4499969482422,171.1999969482422,164.60000610351562,168.0500030517578,468664,
2022-08-08,165.1999969482422,170.25,164.25,168.0,212341,
2022-08-10,161.14999389648438,166.25,160.60000610351562,165.0,133443,
2022-08-11,158.8000030517578,163.39999389648438,156.0,162.8000030517578,190415,
2022-08-12,158.25,163.0,156.1999969482422,160.0,175881,
2022-08-16,168.14999389648438,169.9499969482422,160.0500030517578,163.0,506058,
2022-08-17,166.0,169.9499969482422,164.0,168.5500030517578,238043,
2022-08-18,181.8500061035156,183.4499969482422,166.6999969482422,167.0,1246348,
2022-08-19,178.10000610351562,187.8000030517578,175.60000610351562,182.8999938964844,503481,
2022-08-22,175.10000610351562,182.8000030517578,171.4499969482422,178.10000610351562,507774,
2022-08-23,176.89999389648438,181.4499969482422,172.10000610351562,172.89999389648438,228568,
2022-08-24,181.1999969482422,182.0,177.5500030517578,178.3000030517578,252230,
2022-08-25,180.0500030517578,189.0,179.14999389648438,181.1999969482422,437230,
2022-08-26,197.25,204.6999969482422,181.1000061035156,181.1000061035156,2279247,
2022-08-29,195.3000030517578,198.4499969482422,190.5,190.5,767773,
2022-08-30,194.0,198.8999938964844,191.3999938964844,196.3999938964844,389443,
2022-09-01,186.9499969482422,195.3000030517578,185.5,192.1499938964844,358216,
2022-09-02,188.6499938964844,195.8999938964844,186.5,187.75,552994,
2022-09-05,188.75,192.1000061035156,185.25,189.8500061035156,309875,
2022-09-06,188.8000030517578,193.5500030517578,186.1999969482422,189.1999969482422,215750,
2022-09-07,191.8500061035156,195.8500061035156,187.9499969482422,188.3500061035156,353605,
2022-09-08,195.3500061035156,198.5,190.5,193.6499938964844,427561,
2022-09-09,194.1000061035156,203.1499938964844,191.5500030517578,195.8999938964844,842380,
2022-09-12,195.3999938964844,198.0,193.5,194.8999938964844,291726,
2022-09-13,191.4499969482422,198.75,190.5,196.5500030517578,236642,
2022-09-14,188.6499938964844,191.3500061035156,186.3000030517578,188.0,203732,
2022-09-15,188.0500030517578,191.6000061035156,183.4499969482422,189.9499969482422,253264,
2022-09-16,175.75,188.3500061035156,172.10000610351562,187.9499969482422,689318,
2022-09-19,179.75,181.6999969482422,173.0500030517578,176.4499969482422,289048,
2022-09-20,174.1999969482422,183.3500061035156,173.39999389648438,180.9499969482422,242686,
2022-09-21,174.25,177.9499969482422,172.1999969482422,174.89999389648438,148753,
2022-09-22,174.4499969482422,176.4499969482422,172.0,174.0,112559,
2022-09-23,167.5500030517578,175.5500030517578,165.35000610351562,175.5500030517578,162827,
2022-09-26,160.25,167.10000610351562,157.5500030517578,167.10000610351562,247419,
2022-09-27,162.75,164.5500030517578,159.0500030517578,161.0,109315,
2022-09-28,160.14999389648438,163.5500030517578,158.39999389648438,161.89999389648438,70352,
2022-09-29,168.60000610351562,172.0,161.0500030517578,161.85000610351562,347032,
2022-09-30,175.14999389648438,178.25,166.14999389648438,168.60000610351562,457551,
2022-10-03,170.0500030517578,178.6999969482422,168.35000610351562,175.5,168487,
2022-10-04,172.4499969482422,175.5500030517578,170.75,172.1999969482422,142229,
2022-10-06,175.4499969482422,178.0,172.85000610351562,173.85000610351562,99872,
2022-10-07,182.3999938964844,185.5,170.5500030517578,174.89999389648438,628863,
2022-10-10,186.5500030517578,190.75,179.75,181.0,599147,
2022-10-11,180.5500030517578,189.6999969482422,178.0,186.8000030517578,301232,
2022-10-12,177.89999389648438,184.0,175.8000030517578,181.8999938964844,120262,
2022-10-13,187.0,188.8999938964844,175.5,178.39999389648438,256519,
2022-10-14,183.1000061035156,191.3000030517578,182.6000061035156,190.0,159533,
2022-10-17,185.0500030517578,193.0,179.9499969482422,182.5,428497,
2022-10-18,183.1000061035156,186.1000061035156,180.5,185.3999938964844,202280,
2022-10-19,185.6499938964844,188.8999938964844,180.10000610351562,182.5,274811,
2022-10-20,187.3000030517578,188.8999938964844,182.3500061035156,182.3500061035156,201088,
2022-10-21,185.6499938964844,191.3500061035156,182.1000061035156,182.1000061035156,162413,
2022-10-24,185.25,188.3999938964844,184.0500030517578,186.9499969482422,57985,
2022-10-25,191.8000030517578,197.6499938964844,183.75,184.5,641448,
2022-10-27,194.5,196.5500030517578,191.4499969482422,193.6000061035156,310691,
2022-10-28,190.3500061035156,197.0,185.8000030517578,196.0,444704,
2022-10-31,180.5500030517578,190.3999938964844,179.10000610351562,188.0,415447,
2022-11-01,173.4499969482422,183.25,172.14999389648438,182.0,354205,
2022-11-02,172.60000610351562,178.75,172.0,174.0,125872,
2022-11-03,170.9499969482422,173.6999969482422,169.60000610351562,171.0,123440,
2022-11-04,172.6999969482422,173.89999389648438,170.39999389648438,172.64999389648438,101177,
2022-11-07,160.3000030517578,165.3000030517578,158.0,165.1999969482422,411887,
2022-11-09,161.14999389648438,164.5,158.3000030517578,162.35000610351562,152887,
2022-11-10,158.5500030517578,162.39999389648438,153.0500030517578,162.39999389648438,197486,
2022-11-11,159.14999389648438,161.0,157.60000610351562,160.89999389648438,82471,
2022-11-14,157.0500030517578,160.5,156.39999389648438,158.0500030517578,46156,
2022-11-15,159.4499969482422,161.75,155.75,155.8000030517578,77517,
2022-11-16,161.64999389648438,166.3000030517578,159.9499969482422,160.0,118925,
2022-11-17,155.64999389648438,162.85000610351562,154.8000030517578,162.85000610351562,71620,
2022-11-18,155.85000610351562,157.5,155.0,155.64999389648438,35026,
2022-11-21,154.3000030517578,157.35000610351562,152.1999969482422,156.85000610351562,78746,
2022-11-22,152.64999389648438,155.64999389648438,152.39999389648438,154.60000610351562,43525,
2022-11-23,161.0500030517578,163.60000610351562,153.0,153.0,289307,
2022-11-24,157.6999969482422,162.9499969482422,155.3000030517578,161.0500030517578,112351,
2022-11-25,157.25,161.75,156.60000610351562,157.0,64813,
2022-11-28,158.6999969482422,162.1999969482422,157.5500030517578,157.5500030517578,92978,
2022-11-29,160.10000610351562,164.5,156.39999389648438,158.8000030517578,118571,
2022-11-30,158.0,160.89999389648438,156.8000030517578,160.60000610351562,60003,
2022-12-01,157.75,160.25,157.39999389648438,159.0,49033,
2022-12-02,161.14999389648438,163.0,157.5500030517578,158.9499969482422,104840,
2022-12-05,167.4499969482422,172.4499969482422,161.1999969482422,162.75,305660,
2022-12-06,166.1999969482422,171.75,165.1999969482422,168.10000610351562,133989,
2022-12-07,167.60000610351562,170.89999389648438,163.60000610351562,163.60000610351562,97696,
2022-12-08,167.1999969482422,170.5500030517578,166.60000610351562,168.0,73197,
2022-12-09,163.35000610351562,169.14999389648438,161.10000610351562,167.25,83047,
2022-12-12,160.85000610351562,164.9499969482422,159.0,163.35000610351562,70755,
2022-12-13,161.0500030517578,164.4499969482422,160.39999389648438,162.4499969482422,49887,
2022-12-14,163.14999389648438,165.8000030517578,161.39999389648438,161.9499969482422,70297,
2022-12-15,167.89999389648438,172.5,162.75,164.4499969482422,396138,
2022-12-16,164.60000610351562,173.8000030517578,163.4499969482422,166.85000610351562,261644,
2022-12-19,160.8000030517578,166.35000610351562,160.0500030517578,165.6999969482422,90862,
2022-12-20,166.35000610351562,169.89999389648438,159.1999969482422,161.5500030517578,162056,
2022-12-21,155.75,168.89999389648438,154.39999389648438,166.39999389648438,163417,
2022-12-22,151.75,158.35000610351562,149.39999389648438,157.3000030517578,93663,
2022-12-23,141.64999389648438,151.14999389648438,140.39999389648438,150.0,122716,
2022-12-26,149.0,149.6999969482422,138.9499969482422,140.0,86081,
2022-12-27,153.10000610351562,154.0,148.5500030517578,149.10000610351562,68739,
2022-12-28,160.5,163.6999969482422,151.5500030517578,153.8000030517578,287867,
2022-12-29,165.9499969482422,175.9499969482422,158.14999389648438,160.89999389648438,1009347,
2022-12-30,163.89999389648438,170.8000030517578,162.3000030517578,166.75,231150,
2023-01-02,162.5,165.75,161.6999969482422,164.75,90857,
2023-01-03,165.5500030517578,168.14999389648438,161.0,161.0,125407,
2023-01-04,162.3000030517578,171.89999389648438,160.10000610351562,166.5500030517578,328899,
2023-01-05,160.8000030517578,164.89999389648438,159.3000030517578,164.10000610351562,97617,
2023-01-06,157.10000610351562,162.0,156.4499969482422,162.0,95029,
2023-01-09,158.85000610351562,161.64999389648438,158.10000610351562,158.10000610351562,49083,
2023-01-10,156.14999389648438,159.10000610351562,155.39999389648438,158.25,49014,
2023-01-11,156.8000030517578,158.4499969482422,156.0500030517578,157.3000030517578,35392,
2023-01-12,156.64999389648438,163.0,155.5,156.8000030517578,111712,
2023-01-13,156.8000030517578,159.14999389648438,156.5,156.64999389648438,31295,
2023-01-16,154.1999969482422,158.3000030517578,153.39999389648438,156.8000030517578,44195,
2023-01-17,155.3000030517578,157.60000610351562,153.6999969482422,154.1999969482422,58558,
2023-01-18,154.4499969482422,156.9499969482422,154.10000610351562,156.75,28998,
2023-01-19,153.85000610351562,156.6999969482422,153.5,154.4499969482422,51471,
2023-01-20,150.25,154.9499969482422,149.5,154.0,80638,
2023-01-23,147.8000030517578,151.75,147.39999389648438,151.5,44452,
2023-01-24,147.64999389648438,149.4499969482422,146.25,148.10000610351562,47791,
2023-01-25,144.25,148.4499969482422,143.39999389648438,147.64999389648438,58285,
2023-01-27,140.3000030517578,146.8000030517578,138.0,145.0,83531,
2023-01-30,139.89999389648438,144.8000030517578,139.10000610351562,140.3000030517578,48780,
2023-01-31,145.0,145.8000030517578,139.5,139.5,74712,
2023-02-01,140.1999969482422,148.6999969482422,137.75,146.60000610351562,121575,
2023-02-02,151.8000030517578,164.5,148.14999389648438,150.39999389648438,1548596,
2023-02-03,149.9499969482422,154.0,146.3000030517578,152.3000030517578,190700,
2023-02-06,153.6999969482422,159.0,148.75,151.89999389648438,204281,
2023-02-07,149.85000610351562,155.0,149.39999389648438,155.0,65394,
2023-02-08,154.1999969482422,155.60000610351562,150.0,151.0,111509,
2023-02-09,151.1999969482422,154.85000610351562,150.3000030517578,154.1999969482422,35262,
2023-02-10,150.8000030517578,155.25,150.10000610351562,150.39999389648438,52593,
2023-02-13,147.5500030517578,152.6999969482422,146.6999969482422,152.6999969482422,47352,
2023-02-14,145.0500030517578,149.60000610351562,143.35000610351562,148.0500030517578,76025,
2023-02-15,148.14999389648438,149.4499969482422,144.35000610351562,144.35000610351562,80220,
2023-02-16,147.0,149.5,146.4499969482422,148.1999969482422,39120,
2023-02-17,145.0,149.25,144.5,147.0500030517578,42847,
2023-02-20,142.35000610351562,146.6999969482422,141.39999389648438,144.5,46132,
2023-02-21,144.0,146.0500030517578,142.35000610351562,142.6999969482422,27841,
2023-02-22,138.39999389648438,143.60000610351562,137.9499969482422,143.0500030517578,52974,
2023-02-23,137.9499969482422,140.89999389648438,137.39999389648438,138.39999389648438,30649,
2023-02-24,136.35000610351562,139.8000030517578,135.60000610351562,137.9499969482422,33212,
2023-02-27,130.9499969482422,136.85000610351562,130.1999969482422,136.0,51358,
2023-02-28,132.0500030517578,134.1999969482422,130.0500030517578,133.4499969482422,49773,
2023-03-01,135.64999389648438,136.8000030517578,131.85000610351562,134.5,46323,
2023-03-02,133.9499969482422,136.75,133.39999389648438,135.6999969482422,20185,
2023-03-03,134.85000610351562,136.5500030517578,133.9499969482422,135.64999389648438,38720,
2023-03-06,141.5,144.89999389648438,133.85000610351562,137.4499969482422,161665,
2023-03-08,141.5500030517578,143.5,139.3000030517578,141.5,63885,
2023-03-09,140.10000610351562,142.9499969482422,139.3000030517578,142.75,24048,
2023-03-10,139.9499969482422,141.1999969482422,137.25,137.25,31966,
2023-03-13,135.64999389648438,140.89999389648438,132.35000610351562,138.25,96320,
2023-03-14,131.60000610351562,136.0,131.0,135.64999389648438,64392,
2023-03-15,127.6500015258789,134.5,126.0999984741211,134.35000610351562,82684,
2023-03-16,127.0999984741211,128.8000030517578,126.0,128.0,51348,
2023-03-17,126.0500030517578,130.0,125.1999969482422,127.0999984741211,47724,
2023-03-20,122.0999984741211,126.3000030517578,121.5500030517578,126.0999984741211,86070,
2023-03-21,123.0500030517578,124.9000015258789,121.25,122.4000015258789,65277,
2023-03-22,129.25,133.10000610351562,123.5500030517578,124.1999969482422,189642,
2023-03-23,126.0500030517578,130.1999969482422,125.6999969482422,130.1999969482422,58947,
2023-03-24,122.1500015258789,126.8000030517578,121.3499984741211,126.0999984741211,35302,
2023-03-27,117.25,124.0,116.9000015258789,124.0,174928,
2023-03-28,117.1500015258789,123.0,116.0,117.25,337626,
2023-03-29,121.9000015258789,123.5,116.3499984741211,117.75,315266,
2023-03-31,121.1999969482422,125.8000030517578,120.6500015258789,121.9000015258789,98839,
2023-04-03,124.6500015258789,125.5,121.8000030517578,123.9000015258789,85476,
2023-04-05,125.9000015258789,127.0500030517578,123.6999969482422,125.5500030517578,55106,
2023-04-06,126.8000030517578,127.6500015258789,125.3000030517578,127.6500015258789,45793,
2023-04-10,128.1999969482422,129.5,126.8000030517578,126.8000030517578,47790,
2023-04-11,128.3000030517578,130.0,128.0,128.1999969482422,32702,
2023-04-12,132.8000030517578,137.39999389648438,126.6999969482422,128.64999389648438,300318,
2023-04-13,132.89999389648438,135.85000610351562,131.0500030517578,132.39999389648438,99569,
2023-04-17,132.89999389648438,134.3000030517578,131.0,131.0,38566,
2023-04-18,132.1999969482422,134.6999969482422,130.60000610351562,132.0500030517578,38073,
2023-04-19,130.35000610351562,133.4499969482422,129.5500030517578,133.3000030517578,72077,
2023-04-20,131.9499969482422,134.35000610351562,130.0,130.0,37438,
2023-04-21,130.6999969482422,134.85000610351562,129.85000610351562,132.89999389648438,75493,
2023-04-24,129.4499969482422,131.75,127.5500030517578,130.6999969482422,29954,
2023-04-25,131.85000610351562,133.85000610351562,128.75,130.6999969482422,62477,
2023-04-26,133.9499969482422,136.5500030517578,131.8000030517578,132.6999969482422,112399,
2023-04-27,133.39999389648438,136.0,132.8000030517578,133.5,42395,
2023-04-28,134.6999969482422,136.6999969482422,133.0,133.0,51986,
2023-05-02,136.5,139.0,134.9499969482422,135.0,106893,
2023-05-03,134.9499969482422,138.0500030517578,134.6999969482422,136.5,41482,
2023-05-04,136.4499969482422,139.1999969482422,134.8000030517578,135.5,61803,
2023-05-05,133.10000610351562,137.5,132.4499969482422,137.0,61887,
2023-05-08,132.5500030517578,134.5,130.3000030517578,132.25,62208,
2023-05-09,132.1999969482422,135.39999389648438,131.5500030517578,133.5,66569,
2023-05-10,130.25,133.1999969482422,128.6999969482422,131.5500030517578,57826,
2023-05-11,129.9499969482422,132.89999389648438,129.10000610351562,130.60000610351562,50827,
2023-05-12,130.9499969482422,132.25,129.60000610351562,130.0,66063,
2023-05-15,131.3000030517578,133.1999969482422,130.0,131.8000030517578,65950,
2023-05-16,130.64999389648438,134.4499969482422,130.0,131.9499969482422,36972,
2023-05-17,133.75,135.35000610351562,130.0,130.0,94535,
2023-05-18,132.25,137.60000610351562,132.0,133.9499969482422,102595,
2023-05-19,132.10000610351562,134.39999389648438,130.60000610351562,132.5500030517578,52311,
2023-05-22,137.35000610351562,141.9499969482422,128.10000610351562,130.0,405801,
2023-05-23,160.5500030517578,164.0,137.35000610351562,138.4499969482422,1851678,
2023-05-24,155.25,167.6999969482422,153.39999389648438,158.89999389648438,558400,
2023-05-25,158.64999389648438,161.89999389648438,154.10000610351562,156.0,193943,
2023-05-26,156.85000610351562,164.39999389648438,155.39999389648438,158.1999969482422,223516,
2023-05-29,150.85000610351562,158.60000610351562,150.10000610351562,156.89999389648438,134327,
2023-05-30,140.8000030517578,152.5500030517578,137.35000610351562,151.6999969482422,337641,
2023-05-31,140.6999969482422,145.39999389648438,137.0,141.3000030517578,289087,
2023-06-01,139.85000610351562,144.8000030517578,137.3000030517578,141.14999389648438,220702,
2023-06-02,139.14999389648438,142.64999389648438,138.10000610351562,141.0,95059,
2023-06-05,150.1999969482422,152.89999389648438,140.10000610351562,141.0,395347,
2023-06-06,148.6999969482422,151.89999389648438,146.5,151.10000610351562,136092,
2023-06-07,147.6999969482422,152.0,145.35000610351562,148.75,128964,
2023-06-08,144.5500030517578,152.8000030517578,143.3000030517578,148.89999389648438,173017,
2023-06-09,145.0500030517578,148.25,144.0500030517578,145.1999969482422,34763,
2023-06-12,146.3000030517578,149.0,144.75,144.75,65322,
2023-06-13,147.3000030517578,150.0,146.0,147.25,72259,
2023-06-14,152.89999389648438,158.8000030517578,146.5500030517578,147.9499969482422,574886,
2023-06-15,153.39999389648438,157.39999389648438,152.5,152.9499969482422,345840,
2023-06-16,152.35000610351562,156.0,151.0500030517578,154.6999969482422,93834,
2023-06-19,148.89999389648438,153.5,148.14999389648438,153.3000030517578,111304,
2023-06-20,149.6999969482422,152.89999389648438,146.60000610351562,149.39999389648438,389356,
2023-06-21,147.6999969482422,153.9499969482422,147.14999389648438,149.89999389648438,145420,
2023-06-22,145.1999969482422,151.25,143.0500030517578,146.5500030517578,172281,
2023-06-23,142.35000610351562,145.6999969482422,141.0,145.14999389648438,102084,
2023-06-26,142.6999969482422,145.0,140.1999969482422,145.0,102388,
2023-06-27,147.10000610351562,150.0,143.3000030517578,143.3000030517578,171002,
2023-06-28,148.75,153.1999969482422,147.75,150.6999969482422,173624,
2023-06-30,148.0,152.0,147.14999389648438,149.0,59962,
2023-07-03,148.25,151.89999389648438,146.5500030517578,149.89999389648438,83662,
2023-07-04,152.10000610351562,158.0,147.6999969482422,149.25,302766,
2023-07-05,152.10000610351562,154.0500030517578,149.6999969482422,153.25,170985,
2023-07-06,151.64999389648438,155.5,150.85000610351562,153.10000610351562,105008,
2023-07-07,168.3000030517578,174.4499969482422,152.5,152.5,2043983,
2023-07-10,168.6999969482422,175.0,166.10000610351562,168.4499969482422,602623,
2023-07-11,164.25,169.0,163.10000610351562,168.6999969482422,194379,
2023-07-12,172.60000610351562,179.25,162.9499969482422,165.0,1053604,
2023-07-13,163.89999389648438,177.0,163.0,174.1999969482422,397321,
2023-07-14,166.0,169.64999389648438,164.5,164.89999389648438,403837,
2023-07-17,163.85000610351562,167.89999389648438,161.5,166.75,276827,
2023-07-18,159.10000610351562,166.75,158.8000030517578,164.0,228753,
2023-07-19,163.6999969482422,164.4499969482422,159.4499969482422,159.5,206889,
2023-07-20,162.0500030517578,164.6999969482422,161.25,163.6999969482422,75158,
2023-07-21,159.75,163.4499969482422,159.3000030517578,161.8000030517578,112432,
2023-07-24,158.75,162.35000610351562,158.0,160.25,123884,
2023-07-25,158.85000610351562,163.89999389648438,156.75,159.25,163719,
2023-07-26,160.4499969482422,164.25,159.25,159.5,141278,
2023-07-27,159.1999969482422,162.0500030517578,158.60000610351562,160.5,67948,
2023-07-28,153.75,159.9499969482422,152.8000030517578,159.64999389648438,261302,
2023-07-31,155.89999389648438,157.39999389648438,155.0,155.0,124362,
2023-08-01,159.64999389648438,161.0,155.89999389648438,156.25,189222,
2023-08-02,159.1999969482422,164.8000030517578,156.1999969482422,159.5,351478,
2023-08-03,159.4499969482422,161.0,157.10000610351562,159.1999969482422,87932,
2023-08-04,157.85000610351562,161.1999969482422,157.0,160.0,79967,
2023-08-07,157.3000030517578,160.5500030517578,156.0,158.0,107398,
2023-08-08,156.6999969482422,159.89999389648438,156.0,156.0,119206,
2023-08-09,163.1999969482422,168.4499969482422,153.5500030517578,157.1999969482422,772286,
2023-08-10,152.1999969482422,160.4499969482422,150.0,160.4499969482422,576443,
2023-08-11,150.39999389648438,154.6999969482422,148.10000610351562,153.6999969482422,190939,
2023-08-14,151.5500030517578,152.14999389648438,147.5,150.6999969482422,123829,
2023-08-16,159.89999389648438,160.75,149.25,150.75,681288,
2023-08-17,157.1999969482422,161.0,156.1999969482422,160.25,253322,
2023-08-18,156.25,158.8000030517578,154.89999389648438,157.6999969482422,114947,
2023-08-21,155.9499969482422,157.75,154.8000030517578,156.75,113631,
2023-08-22,158.4499969482422,159.8000030517578,156.4499969482422,156.5,105992,
2023-08-23,157.75,160.4499969482422,157.0,159.0,133682,
2023-08-24,158.60000610351562,160.25,157.75,158.0,172559,
2023-08-25,162.10000610351562,164.60000610351562,158.60000610351562,158.60000610351562,471310,
2023-08-28,161.8000030517578,164.5,160.64999389648438,162.75,209085,
2023-08-29,163.3000030517578,165.0,160.89999389648438,162.5,284217,
2023-08-30,163.1999969482422,167.5,162.6999969482422,163.39999389648438,510750,
2023-08-31,161.8000030517578,165.25,161.0,164.5,102460,
2023-09-01,160.9499969482422,163.35000610351562,160.25,162.75,101613,
2023-09-04,161.35000610351562,164.0,160.35000610351562,161.1999969482422,151308,
2023-09-05,160.0500030517578,165.0,158.5500030517578,162.5,211035,
2023-09-06,164.0,166.0,160.5,161.0,373210,
2023-09-07,166.0,168.9499969482422,164.5,164.6999969482422,388271,
2023-09-08,163.89999389648438,170.39999389648438,162.9499969482422,167.0,285075,
2023-09-11,163.5,165.0,160.1999969482422,164.5,203581,
2023-09-12,155.25,164.25,153.6999969482422,163.5,278492,
2023-09-13,161.35000610351562,163.0,151.35000610351562,154.0,322370,
2023-09-14,161.8000030517578,166.0,160.25,162.0,290684,
2023-09-15,162.6999969482422,169.5,161.4499969482422,161.5,434815,
2023-09-18,160.75,164.75,160.0,164.39999389648438,109916,
2023-09-20,158.1999969482422,161.3000030517578,157.5,160.89999389648438,88349,
2023-09-21,155.60000610351562,158.64999389648438,154.5,158.10000610351562,72208,
2023-09-22,155.25,157.75,153.64999389648438,157.25,85085,
2023-09-25,157.64999389648438,158.75,154.5500030517578,156.10000610351562,111633,
2023-09-26,159.35000610351562,163.39999389648438,157.75,157.9499969482422,286181,
2023-09-27,158.85000610351562,161.89999389648438,158.0,160.0,84224,
2023-09-28,153.8000030517578,159.6999969482422,151.14999389648438,159.0,139135,
2023-09-29,155.64999389648438,156.0,154.75,155.0,43257,
2023-10-03,157.8000030517578,159.8000030517578,155.0500030517578,156.25,107170,
2023-10-04,155.8000030517578,157.8000030517578,154.10000610351562,157.8000030517578,40256,
2023-10-05,153.9499969482422,156.75,153.1999969482422,156.0,85587,
2023-10-06,155.4499969482422,155.9499969482422,154.0,154.5,58372,
2023-10-09,150.35000610351562,155.39999389648438,149.0,155.39999389648438,83395,
2023-10-10,150.60000610351562,153.4499969482422,148.25,151.5500030517578,69356,
2023-10-11,152.35000610351562,153.75,151.64999389648438,151.6999969482422,70616,
2023-10-12,155.0,155.89999389648438,152.25,152.75,94580,
2023-10-13,154.6999969482422,157.89999389648438,152.5,154.75,129374,
2023-10-16,157.9499969482422,162.3000030517578,153.4499969482422,154.6999969482422,397823,
2023-10-17,158.9499969482422,162.9499969482422,158.10000610351562,159.0,182823,
2023-10-18,154.64999389648438,160.6999969482422,153.8000030517578,158.25,149312,
2023-10-19,155.0,156.0,153.0,154.60000610351562,101361,
2023-10-20,152.5500030517578,155.5,151.35000610351562,155.0,73158,
2023-10-23,142.60000610351562,153.3000030517578,140.64999389648438,153.3000030517578,122124,
2023-10-25,140.0500030517578,145.25,137.5500030517578,145.0,84379,
2023-10-26,141.25,144.0,135.3000030517578,140.0,61731,
2023-10-27,144.64999389648438,146.4499969482422,141.5500030517578,143.35000610351562,49958,
2023-10-30,143.25,146.39999389648438,142.0500030517578,144.64999389648438,38807,
2023-10-31,146.0,148.1999969482422,143.9499969482422,145.0,74805,
2023-11-01,147.8000030517578,148.89999389648438,146.0,147.9499969482422,123823,
2023-11-02,149.1999969482422,152.0,148.35000610351562,149.0,52828,
2023-11-03,151.3000030517578,153.1999969482422,149.14999389648438,151.4499969482422,74199,
2023-11-06,158.6999969482422,164.35000610351562,158.35000610351562,163.0,494141,
2023-11-07,157.85000610351562,159.25,156.0,158.39999389648438,124371,
2023-11-08,158.64999389648438,160.0,154.0,158.8000030517578,211857,
2023-11-09,156.0500030517578,159.60000610351562,155.5500030517578,159.60000610351562,75078,
2023-11-10,154.4499969482422,156.5,153.8000030517578,156.0500030517578,167105,
2023-11-13,157.8000030517578,159.0,154.5,156.60000610351562,65345,
2023-11-15,156.14999389648438,160.64999389648438,154.5,158.0,130839,
2023-11-16,155.75,158.10000610351562,154.1999969482422,156.14999389648438,72325,
2023-11-17,154.60000610351562,158.14999389648438,153.8000030517578,157.0,72857,
2023-11-20,153.8000030517578,156.10000610351562,152.89999389648438,155.0,60739,
2023-11-21,155.14999389648438,156.0,152.10000610351562,154.89999389648438,64022,
2023-11-22,155.8000030517578,159.85000610351562,154.14999389648438,154.14999389648438,144162,
2023-11-23,157.75,159.1999969482422,154.0500030517578,156.0,85165,
2023-11-24,155.60000610351562,159.8000030517578,155.10000610351562,158.85000610351562,69468,
2023-11-28,167.0,168.89999389648438,155.60000610351562,155.60000610351562,1235696,
2023-11-29,170.4499969482422,171.8000030517578,165.39999389648438,169.4499969482422,586777,
2023-11-30,168.1999969482422,174.0,166.1999969482422,171.6999969482422,405790,
2023-12-01,169.3000030517578,171.4499969482422,168.0500030517578,168.89999389648438,232609,
2023-12-04,181.1499938964844,187.1000061035156,170.25,171.0500030517578,2520603,
2023-12-05,179.64999389648438,186.8999938964844,176.4499969482422,181.3999938964844,966030,
2023-12-06,182.6999969482422,189.0,178.3000030517578,181.25,1272467,
2023-12-07,185.8999938964844,188.3000030517578,183.0500030517578,184.0,496228,
2023-12-08,181.0500030517578,186.9499969482422,177.4499969482422,185.8999938964844,346449,
2023-12-11,177.5,182.8999938964844,177.0,181.0500030517578,258189,
2023-12-12,181.8999938964844,185.8000030517578,175.9499969482422,176.0,395126,
2023-12-13,188.8999938964844,192.8999938964844,180.3999938964844,183.4499969482422,2127665,
2023-12-14,182.75,189.5,182.0,189.0,628430,
2023-12-15,183.8500061035156,189.5,182.25,184.1999969482422,907081,
2023-12-18,182.5500030517578,187.0500030517578,180.1499938964844,185.25,397616,
2023-12-19,180.25,184.6000061035156,178.14999389648438,183.9499969482422,239458,
2023-12-20,170.4499969482422,182.9499969482422,168.0,180.6000061035156,367326,
2023-12-21,174.4499969482422,175.89999389648438,167.0,170.35000610351562,308229,
2023-12-22,188.5500030517578,193.1999969482422,174.5,175.8000030517578,1779435,
2023-12-26,192.1999969482422,198.5,189.0500030517578,190.3999938964844,1252930,
2023-12-27,186.8000030517578,194.25,185.3999938964844,192.8500061035156,455412,
2023-12-28,183.9499969482422,190.0500030517578,183.1499938964844,188.1000061035156,600840,
2023-12-29,188.9499969482422,192.0,182.1999969482422,184.0,717884,
2024-01-01,196.8000030517578,202.3999938964844,188.5500030517578,189.6499938964844,2073314,
2024-01-02,198.4499969482422,208.0,195.6000061035156,198.25,1664204,
2024-01-03,199.6000061035156,205.1999969482422,195.5500030517578,196.4499969482422,1058776,
2024-01-04,198.3000030517578,201.8000030517578,197.0500030517578,198.0,492703,
2024-01-05,196.9499969482422,202.5500030517578,194.8999938964844,199.8999938964844,557931,
2024-01-08,192.5500030517578,198.8500061035156,191.6000061035156,197.9499969482422,422512,
2024-01-09,191.6499938964844,196.25,191.1000061035156,193.0,292098,
2024-01-10,203.5500030517578,205.0,191.25,193.3500061035156,1047934,
2024-01-11,208.3000030517578,215.75,205.0,205.0,1721600,
2024-01-12,230.8999938964844,241.8000030517578,207.3999938964844,208.6999969482422,5837248,
2024-01-15,231.6000061035156,239.3000030517578,228.3500061035156,234.6999969482422,1364912,
2024-01-16,228.8500061035156,237.8999938964844,224.25,231.9499969482422,918037,
2024-01-17,231.3500061035156,236.1999969482422,218.8500061035156,226.75,822562,
2024-01-18,227.6999969482422,235.8999938964844,220.5,231.3999938964844,779514,
2024-01-19,235.75,243.6000061035156,230.5,230.5,1067344,
2024-01-23,239.1000061035156,258.0,237.5,258.0,1207137,
2024-01-24,248.1999969482422,250.0,237.5500030517578,241.1999969482422,637881,
2024-01-25,244.5,253.6499938964844,242.5500030517578,249.25,592772,
2024-01-29,236.6000061035156,249.5,235.0,246.4499969482422,539315,
2024-01-30,232.0,240.3999938964844,231.0,237.9499969482422,306220,
2024-01-31,244.8000030517578,247.3999938964844,230.0,232.0,761637,
2024-02-01,240.5,254.8500061035156,237.3500061035156,247.3999938964844,919958,
2024-02-02,235.6999969482422,244.1999969482422,234.0,242.5,483223,
2024-02-05,233.8999938964844,241.4499969482422,229.1499938964844,236.0,607227,
2024-02-06,232.8999938964844,237.9499969482422,230.8000030517578,235.8999938964844,212170,
2024-02-07,224.1999969482422,234.3500061035156,221.3000030517578,233.8500061035156,463727,
2024-02-08,218.6499938964844,229.0,209.4499969482422,224.0,1420361,
2024-02-09,224.5500030517578,227.0,217.5,219.6999969482422,583368,
2024-02-12,216.1000061035156,228.25,213.0,225.8999938964844,331236,
2024-02-13,216.1000061035156,220.8000030517578,210.8500061035156,216.1000061035156,244086,
2024-02-14,217.1999969482422,221.6999969482422,210.1000061035156,210.1000061035156,131503,
2024-02-15,223.3000030517578,225.75,217.25,217.6999969482422,183400,
2024-02-16,219.8000030517578,228.0,218.1499938964844,224.8999938964844,178742,
2024-02-19,234.6499938964844,238.3999938964844,219.0,221.3500061035156,613459,
2024-02-20,225.9499969482422,235.1499938964844,224.25,235.1000061035156,211568,
2024-02-21,229.1999969482422,238.0,225.0500030517578,225.9499969482422,817690,
2024-02-22,222.3999938964844,230.6999969482422,220.25,230.5,373435,
2024-02-23,227.6999969482422,235.1999969482422,223.1999969482422,224.0,566670,
2024-02-26,221.75,229.8500061035156,220.3999938964844,227.9499969482422,185057,
2024-02-27,225.8500061035156,236.8999938964844,224.8500061035156,233.0,633174,
2024-02-28,214.8500061035156,226.5500030517578,211.25,226.0,282298,
2024-02-29,204.9499969482422,216.3999938964844,200.0,214.6999969482422,492103,
2024-03-01,210.75,212.6999969482422,205.9499969482422,205.9499969482422,117231,
2024-03-04,207.6000061035156,213.75,206.8000030517578,213.3999938964844,114403,
2024-03-05,204.3500061035156,209.0500030517578,202.3000030517578,207.6000061035156,155336,
2024-03-06,195.8999938964844,205.3999938964844,193.0500030517578,205.3999938964844,363720,
2024-03-07,197.3500061035156,204.6000061035156,194.6499938964844,195.0,229358,
2024-03-11,184.6999969482422,197.3000030517578,184.0,197.3000030517578,257800,
2024-03-12,181.25,189.8000030517578,176.0,187.4499969482422,557395,
2024-03-13,161.6999969482422,185.4499969482422,159.0,181.8999938964844,544446,
2024-03-14,170.89999389648438,173.35000610351562,163.3000030517578,165.0,380431,
2024-03-15,167.85000610351562,177.0,165.10000610351562,171.10000610351562,298384,
2024-03-18,173.39999389648438,175.39999389648438,168.0,168.0,245250,
2024-03-19,168.39999389648438,174.75,167.35000610351562,173.4499969482422,152672,
2024-03-20,168.10000610351562,172.10000610351562,167.25,169.35000610351562,295269,
2024-03-21,172.4499969482422,174.6999969482422,169.0,169.0,187869,
2024-03-22,180.4499969482422,183.3500061035156,172.5,173.5,395679,
2024-03-26,176.1999969482422,183.5500030517578,173.85000610351562,177.9499969482422,390340,
2024-03-27,168.85000610351562,179.1999969482422,165.10000610351562,176.0,430013,
2024-03-28,169.39999389648438,174.75,165.10000610351562,170.89999389648438,207610,
2024-04-01,184.3000030517578,186.8500061035156,170.5500030517578,170.5500030517578,410278,
2024-04-02,191.8000030517578,193.4499969482422,181.8000030517578,183.6999969482422,358645,
2024-04-03,198.5,200.25,191.3000030517578,192.0,342369,
2024-04-04,201.25,206.6499938964844,200.4499969482422,200.5500030517578,291442,
2024-04-05,201.0,203.1999969482422,196.9499969482422,200.8999938964844,132895,
2024-04-08,202.1000061035156,203.75,192.8500061035156,201.4499969482422,241163,
2024-04-09,196.3999938964844,201.5500030517578,195.1000061035156,200.1999969482422,132234,
2024-04-10,197.4499969482422,199.3999938964844,194.1499938964844,197.0,139768,
2024-04-12,201.0,207.0,192.4499969482422,197.0,514179,
2024-04-15,195.5,198.1999969482422,188.0,197.9499969482422,217968,
2024-04-16,195.75,202.0,191.0500030517578,194.0,135436,
2024-04-18,187.3500061035156,198.4499969482422,186.5,197.0,285194,
2024-04-19,192.3000030517578,194.1499938964844,185.0500030517578,186.0,200481,
2024-04-22,193.9499969482422,196.6999969482422,191.8000030517578,193.4499969482422,102684,
2024-04-23,193.25,195.6000061035156,192.0,193.9499969482422,116387,
2024-04-24,197.9499969482422,201.0500030517578,193.5500030517578,193.5500030517578,325472,
2024-04-25,195.8500061035156,199.9499969482422,195.1000061035156,197.0,176517,
2024-04-26,199.8999938964844,203.0,195.8500061035156,197.0,352416,
2024-04-29,199.1000061035156,204.4499969482422,198.5,201.8999938964844,254870,
2024-04-30,196.1499938964844,201.25,194.5,200.0,134918,
2024-05-02,194.1000061035156,197.3000030517578,192.3000030517578,196.9499969482422,163565,
2024-05-03,189.3999938964844,195.6999969482422,189.0,194.1999969482422,161587,
2024-05-06,185.6999969482422,190.9499969482422,183.8500061035156,190.0,156750,
2024-05-07,175.9499969482422,186.6999969482422,175.0,186.3999938964844,277259,
2024-05-08,177.85000610351562,182.0500030517578,174.5500030517578,176.5,167768,
2024-05-09,169.60000610351562,179.14999389648438,168.25,178.64999389648438,210095,
2024-05-10,171.4499969482422,174.85000610351562,167.9499969482422,169.85000610351562,133227,
2024-05-13,163.3000030517578,172.0,162.0,171.0,508791,
2024-05-14,170.1999969482422,171.0,164.0,164.89999389648438,213492,
2024-05-15,170.25,175.8000030517578,169.10000610351562,170.3000030517578,171270,
2024-05-16,167.85000610351562,172.0,166.5500030517578,171.10000610351562,130141,
2024-05-17,174.25,176.0,168.64999389648438,168.6999969482422,230878,
2024-05-21,173.4499969482422,176.5,171.60000610351562,176.39999389648438,203024,
2024-05-22,173.35000610351562,176.3000030517578,171.85000610351562,174.0,156107,
2024-05-23,172.35000610351562,175.35000610351562,171.89999389648438,173.0,140847,
2024-05-24,174.64999389648438,179.8000030517578,171.75,172.10000610351562,292792,
2024-05-27,181.0,184.0,175.39999389648438,179.9499969482422,413698,
2024-05-28,173.60000610351562,181.4499969482422,173.0,181.4499969482422,142939,
2024-05-29,174.0,174.85000610351562,171.5500030517578,173.0,96151,
2024-05-30,169.1999969482422,173.9499969482422,167.3000030517578,171.0,121436,
2024-05-31,168.5,173.39999389648438,167.5500030517578,169.4499969482422,100702,
2024-06-03,172.75,175.5,172.0,174.0,127963,
2024-06-04,161.14999389648438,172.75,151.14999389648438,172.75,205959,
2024-06-05,168.3000030517578,169.10000610351562,158.25,163.8000030517578,130589,
2024-06-06,171.9499969482422,175.0,170.0,170.0,129863,
2024-06-07,175.5,176.0,171.0,171.8000030517578,157436,
2024-06-10,186.8099975585937,190.3699951171875,176.0399932861328,177.60000610351562,659453,
2024-06-11,189.5200042724609,194.19000244140625,187.5,190.0,429310,
2024-06-12,190.72999572753903,195.0,190.0,190.0,275055,
2024-06-13,194.22999572753903,197.0,189.0,191.25,339145,
2024-06-14,191.25,194.97000122070312,191.0500030517578,194.3500061035156,188530,
2024-06-18,199.5800018310547,201.4900054931641,191.83999633789065,192.9600067138672,557434,
2024-06-19,202.8699951171875,209.8999938964844,201.6600036621093,204.9499969482422,1476225,
2024-06-20,226.8000030517578,231.0,203.6100006103516,203.75,3527605,
2024-06-21,213.92999267578125,232.6000061035156,208.72999572753903,228.5,922164,
2024-06-24,223.0500030517578,230.0,209.0200042724609,213.509994506836,1583993,
2024-06-25,221.8800048828125,230.47999572753903,220.1999969482422,222.0,608128,
2024-06-26,216.58999633789065,224.0,215.17999267578125,221.8800048828125,473069,
2024-06-27,211.19000244140625,219.75,210.0,216.8999938964844,238320,
2024-06-28,223.4900054931641,228.8000030517578,212.5,212.5,648050,
2024-07-01,227.259994506836,230.3999938964844,224.259994506836,227.0,588000,
2024-07-02,223.5800018310547,229.5,222.8000030517578,228.6499938964844,259633,
2024-07-03,224.759994506836,232.0,222.3600006103516,225.009994506836,639846,
2024-07-04,223.1000061035156,229.3999938964844,221.4199981689453,225.5,531161,
2024-07-05,221.1999969482422,225.1499938964844,220.25,223.1000061035156,220298,
2024-07-08,232.9600067138672,236.0,219.4100036621093,222.1999969482422,1108090,
2024-07-09,234.009994506836,245.0,232.5,237.08999633789065,995260,
2024-07-10,222.509994506836,233.9900054931641,219.38999938964844,233.0500030517578,598095,
2024-07-11,226.13999938964844,228.7100067138672,223.4900054931641,223.5,321453,
2024-07-12,223.759994506836,234.0800018310547,221.8000030517578,226.5,426827,
2024-07-15,223.5399932861328,226.6699981689453,219.3999938964844,223.8000030517578,268468,
2024-07-16,221.17999267578125,227.69000244140625,220.25,223.8699951171875,189754,
2024-07-18,216.13999938964844,220.6999969482422,215.1000061035156,220.5,174862,
2024-07-19,204.77999877929688,216.83999633789065,202.0,215.5,291488,
2024-07-22,208.9100036621093,213.9900054931641,202.3300018310547,208.5,642322,
2024-07-23,202.009994506836,214.9900054931641,194.0,210.6000061035156,578958,
2024-07-24,206.4900054931641,209.5800018310547,202.5,202.9499969482422,214215,
2024-07-25,206.9199981689453,208.92999267578125,203.8800048828125,204.6999969482422,123043,
2024-07-26,207.9100036621093,211.0,207.0,208.0,137231,
2024-07-29,208.4199981689453,214.1499938964844,208.0,208.4100036621093,245006,
2024-07-30,218.4499969482422,219.88999938964844,208.5,209.1999969482422,345123,
2024-07-31,228.6000061035156,229.0,217.0,220.0,1153395,
2024-08-01,219.72999572753903,232.7899932861328,217.6300048828125,230.5,642271,
2024-08-02,221.9100036621093,225.9499969482422,214.9600067138672,218.3999938964844,358324,
2024-08-05,207.8000030517578,221.32000732421875,206.8699951171875,210.0,462915,
2024-08-06,206.2899932861328,221.2899932861328,204.0,215.0,238449,
2024-08-07,205.5399932861328,211.1999969482422,202.9499969482422,207.0,305507,
2024-08-08,201.27999877929688,209.25,200.0,205.5399932861328,202463,
2024-08-09,204.6100006103516,206.1999969482422,202.1300048828125,203.3999938964844,117807,
2024-08-12,199.47000122070312,206.4900054931641,196.9900054931641,204.0,302089,
2024-08-13,198.7100067138672,202.27999877929688,198.0,200.4499969482422,123496,
2024-08-14,194.02999877929688,199.69000244140625,191.9100036621093,198.8000030517578,158115,
2024-08-16,194.5399932861328,196.88999938964844,193.6300048828125,195.88999938964844,95705,
2024-08-19,199.3600006103516,200.94000244140625,195.17999267578125,195.6000061035156,89281,
2024-08-20,201.6199951171875,203.44000244140625,197.4900054931641,198.0,118616,
2024-08-21,203.8600006103516,205.6000061035156,201.6199951171875,202.6000061035156,116748,
2024-08-22,203.509994506836,211.9900054931641,202.1000061035156,205.0,396699,
2024-08-23,207.33999633789065,208.5800018310547,201.1000061035156,203.6000061035156,267225,
2024-08-26,203.7700042724609,208.8699951171875,202.97999572753903,208.6000061035156,143289,
2024-08-27,206.8099975585937,209.08999633789065,203.1999969482422,204.3000030517578,186476,
2024-08-28,206.0500030517578,209.9600067138672,205.0,206.8099975585937,141352,
2024-08-29,203.6499938964844,208.8000030517578,202.9900054931641,206.6999969482422,135368,
2024-08-30,204.7400054931641,209.1300048828125,204.3000030517578,204.9499969482422,255022,
2024-09-02,205.77999877929688,207.88999938964844,204.7400054931641,204.7400054931641,132340,
2024-09-03,202.6600036621093,207.3999938964844,201.6699981689453,207.0,81491,
2024-09-04,198.8300018310547,203.47999572753903,198.0500030517578,201.0,164075,
2024-09-05,197.4199981689453,201.9900054931641,197.009994506836,200.8999938964844,233267,
2024-09-06,193.97999572753903,199.0,193.33999633789065,198.1999969482422,140625,
2024-09-09,188.759994506836,193.0,186.1000061035156,193.0,147193,
2024-09-10,193.8300018310547,195.6999969482422,189.6600036621093,189.8000030517578,78995,
2024-09-11,189.25,194.8800048828125,188.509994506836,193.8300018310547,87367,
2024-09-12,191.3800048828125,192.5,186.97999572753903,191.0,75179,
2024-09-13,195.6499938964844,196.6000061035156,191.5599975585937,191.88999938964844,100213,
2024-09-16,194.22999572753903,198.8000030517578,192.25,197.8999938964844,103195,
2024-09-17,198.9100036621093,199.83999633789065,193.22999572753903,193.3000030517578,525035,
2024-09-18,198.6100006103516,201.0200042724609,195.3600006103516,199.8500061035156,289790,
2024-09-19,197.8699951171875,200.2100067138672,189.44000244140625,199.0,240166,
2024-09-20,196.8800048828125,200.8500061035156,194.509994506836,198.009994506836,106775,
2024-09-23,196.5500030517578,199.0,195.5500030517578,197.0,87733,
2024-09-24,195.0,197.9600067138672,194.1000061035156,196.3000030517578,72803,
2024-09-25,193.0399932861328,197.58999633789065,192.0,194.1000061035156,94060,
2024-09-26,196.13999938964844,201.0,191.1000061035156,193.0,622688,
2024-09-27,208.0500030517578,216.8800048828125,197.1999969482422,197.1999969482422,2028205,
2024-09-30,213.0200042724609,220.1000061035156,206.44000244140625,206.6000061035156,675844,
2024-10-01,212.8000030517578,216.3999938964844,210.0,214.8000030517578,267014,
2024-10-03,204.6199951171875,211.9900054931641,202.1100006103516,209.7899932861328,221841,
2024-10-04,202.2899932861328,208.0200042724609,200.5,203.2100067138672,164699,
2024-10-07,192.44000244140625,203.82000732421875,190.8000030517578,203.4499969482422,219895,
2024-10-08,199.9199981689453,201.3000030517578,189.2100067138672,192.44000244140625,126546,
2024-10-09,200.13999938964844,203.97000122070312,198.5500030517578,200.9499969482422,95634,
2024-10-10,206.0599975585937,209.8000030517578,200.259994506836,201.2899932861328,224753,
2024-10-11,203.5800018310547,207.8099975585937,202.6000061035156,206.8000030517578,84171,
2024-10-14,204.32000732421875,210.1699981689453,202.0,204.3000030517578,103928,
2024-10-15,205.0500030517578,208.6999969482422,204.1300048828125,205.0,111479,
2024-10-16,207.3800048828125,210.0,203.82000732421875,203.82000732421875,158299,
2024-10-17,204.17999267578125,208.2400054931641,202.5500030517578,207.3800048828125,82845,
2024-10-18,200.4600067138672,204.08999633789065,197.0,203.0,103058,
2024-10-21,201.0500030517578,207.0,195.38999938964844,200.8999938964844,218086,
2024-10-22,191.1600036621093,200.38999938964844,190.1000061035156,199.5,137411,
2024-10-23,190.8099975585937,194.9900054931641,186.77999877929688,191.0,128841,
2024-10-24,190.1499938964844,192.0599975585937,189.0,191.009994506836,58734,
2024-10-25,184.6199951171875,190.22999572753903,182.25,190.1600036621093,102605,
2024-10-28,185.88999938964844,188.9900054931641,181.4499969482422,184.6199951171875,75714,
2024-10-29,189.9900054931641,193.6600036621093,185.7700042724609,186.8000030517578,73864,
2024-10-30,195.2700042724609,197.0,183.0500030517578,190.5,90805,
2024-10-31,196.5800018310547,199.0,193.509994506836,195.1999969482422,86625,
2024-11-01,198.07000732421875,199.6999969482422,191.22000122070312,197.0,52481,
2024-11-04,196.5399932861328,198.4900054931641,194.0,198.2400054931641,79510,
2024-11-05,199.259994506836,202.0,196.0,198.009994506836,98963,
2024-11-06,207.259994506836,208.97999572753903,199.0,200.3000030517578,223341,
2024-11-07,213.75,219.6999969482422,208.0,210.0,680790,
2024-11-08,211.97999572753903,219.0,211.0,218.0,312699,
2024-11-11,224.6300048828125,231.0,219.0,224.9600067138672,1664047,
2024-11-12,223.7700042724609,233.8000030517578,220.6000061035156,229.0,649769,
2024-11-13,213.9100036621093,225.7899932861328,211.92999267578125,223.0,380706,
2024-11-14,216.25,223.5,214.3000030517578,214.97999572753903,224435,
2024-11-18,215.27999877929688,222.5,208.1999969482422,222.5,324807,
2024-11-19,212.4600067138672,221.44000244140625,210.08999633789065,216.0,188445,
2024-11-21,209.5200042724609,216.97999572753903,208.009994506836,215.0,214370,
2024-11-22,218.33999633789065,220.0,209.6199951171875,210.009994506836,220532,
2024-11-25,216.4499969482422,224.69000244140625,215.1000061035156,223.1000061035156,182186,
2024-11-26,222.7400054931641,225.5500030517578,216.4600067138672,217.1499938964844,331496,
2024-11-27,222.07000732421875,234.5,220.1000061035156,228.0,451035,
2024-11-28,226.32000732421875,229.0,222.6100006103516,222.8999938964844,287370,
2024-11-29,237.88999938964844,238.8999938964844,221.75,227.25,1078735,
2024-12-02,254.22000122070312,256.0,235.2400054931641,239.5599975585937,2018549,
2024-12-03,257.19000244140625,268.0,255.6000061035156,256.3999938964844,1645155,
2024-12-04,257.8299865722656,267.3699951171875,255.0,258.44000244140625,667592,
2024-12-05,256.0199890136719,265.5,254.25,257.8299865722656,581735,
2024-12-06,253.22000122070312,259.8999938964844,252.1000061035156,256.3999938964844,360895,
2024-12-09,254.75,258.5,252.4100036621093,254.8999938964844,264319,
2024-12-10,256.5400085449219,262.3500061035156,254.75,255.5,496779,
2024-12-11,251.6100006103516,262.0,250.1000061035156,256.5400085449219,305135,
2024-12-12,240.8000030517578,252.8999938964844,239.0,251.6100006103516,530507,
2024-12-13,241.6199951171875,246.3699951171875,234.9499969482422,240.75,501507,
2024-12-16,242.72000122070312,245.5,240.0200042724609,241.5,203853,
2024-12-17,243.77999877929688,253.4499969482422,243.009994506836,244.0,520964,
2024-12-18,233.6000061035156,243.9900054931641,231.25,243.259994506836,247025,
2024-12-19,232.07000732421875,237.0,228.009994506836,230.0,235710,
2024-12-20,221.5599975585937,234.3999938964844,220.0,232.4499969482422,262547,
2024-12-23,220.759994506836,224.0,217.0,223.9900054931641,215055,
2024-12-24,222.6300048828125,224.88999938964844,219.1199951171875,221.009994506836,98427,
2024-12-26,218.1300048828125,225.1000061035156,216.9100036621093,223.6499938964844,143110,
2024-12-27,215.5200042724609,220.3000030517578,215.0,218.1300048828125,151330,
2024-12-30,206.22999572753903,217.7899932861328,205.1999969482422,217.7899932861328,276311,
2024-12-31,212.6999969482422,214.1699981689453,206.25,206.5,206693,
2025-01-01,223.5200042724609,224.509994506836,212.009994506836,212.0200042724609,271107,
2025-01-02,219.0599975585937,226.6499938964844,217.3600006103516,226.4499969482422,217138,
2025-01-03,221.4499969482422,223.07000732421875,218.3999938964844,218.3999938964844,160407,
2025-01-06,208.83999633789065,221.77999877929688,208.0,219.5,255829,
2025-01-07,216.5599975585937,218.22999572753903,209.1699981689453,212.0,285919,
2025-01-08,215.8099975585937,218.0,210.6699981689453,216.4900054931641,255811,
2025-01-09,210.58999633789065,219.97999572753903,209.0399932861328,214.0,233242,
2025-01-10,201.6199951171875,212.19000244140625,200.6000061035156,210.6000061035156,257211,
2025-01-13,190.1600036621093,203.44000244140625,188.63999938964844,202.0,295184,
2025-01-14,194.4499969482422,196.0,190.7400054931641,192.5399932861328,149682,
2025-01-15,194.0500030517578,198.82000732421875,192.5,195.6000061035156,138744,
2025-01-16,198.7100067138672,199.9900054931641,195.13999938964844,195.6999969482422,100868,
2025-01-17,203.5500030517578,206.0,197.57000732421875,200.0,189903,
2025-01-20,209.3300018310547,214.0,202.1000061035156,204.4499969482422,449571,
2025-01-21,209.3500061035156,216.3699951171875,208.1000061035156,209.3300018310547,363547,
2025-01-22,207.6600036621093,210.8999938964844,202.5,210.8999938964844,300084,
2025-01-23,209.25,213.3999938964844,207.27999877929688,210.0,114618,
2025-01-24,201.0599975585937,211.7400054931641,200.0,209.259994506836,131969,
2025-01-27,190.9100036621093,200.0,187.8999938964844,200.0,219733,
2025-01-28,190.5500030517578,198.8999938964844,185.0,193.5,220314,
2025-01-29,197.5599975585937,201.19000244140625,191.1199951171875,192.0,195081,
2025-01-30,197.6300048828125,201.97000122070312,196.009994506836,196.97999572753903,106474,
2025-01-31,199.9499969482422,201.0,195.0,198.8000030517578,138004,
2025-02-01,201.94000244140625,208.8000030517578,198.009994506836,202.0,274768,
2025-02-03,197.6499938964844,201.94000244140625,194.72000122070312,200.5200042724609,123143,
2025-02-04,202.1100006103516,207.3000030517578,197.6600036621093,197.6600036621093,232337,
2025-02-05,203.22999572753903,205.6999969482422,202.0,202.8800048828125,96642,
2025-02-06,197.8300018310547,205.13999938964844,196.0,205.0,161847,
2025-02-07,209.9900054931641,220.0,201.6499938964844,210.0,2124551,
2025-02-10,212.32000732421875,217.3000030517578,206.9900054931641,206.9900054931641,462185,
2025-02-11,200.22000122070312,211.5500030517578,198.7100067138672,211.4499969482422,345066,
2025-02-12,199.63999938964844,204.3800048828125,192.1199951171875,203.0,275637,
2025-02-13,201.44000244140625,208.5,196.5,196.5,212111,
2025-02-14,195.67999267578125,204.9199981689453,194.0,201.0,249408,
2025-02-17,194.58999633789065,197.509994506836,190.0,195.0,269428,
2025-02-18,187.83999633789065,196.3500061035156,186.759994506836,195.0,167438,
2025-02-19,194.1499938964844,196.7899932861328,185.6000061035156,185.6000061035156,187950,
2025-02-20,196.2700042724609,198.5,191.0,193.3000030517578,128918,
2025-02-21,192.8300018310547,201.0,191.9499969482422,197.4499969482422,140797,
2025-02-24,188.8099975585937,192.22000122070312,187.72000122070312,190.5500030517578,142302,
2025-02-25,190.94000244140625,192.97999572753903,188.0500030517578,188.8099975585937,105995,
2025-02-27,187.22999572753903,190.8999938964844,186.5,189.3500061035156,101849,
2025-02-28,181.1100006103516,186.0500030517578,178.91000366210938,186.0500030517578,168356,
2025-03-03,172.82000732421875,183.0,169.89999389648438,180.3000030517578,305643,
2025-03-04,176.47999572753906,177.5,169.1999969482422,171.25,274789,
2025-03-05,181.2400054931641,184.0,175.99000549316406,176.47999572753906,165923,
2025-03-06,184.9199981689453,186.5500030517578,182.32000732421875,183.0,152057,
2025-03-07,192.72000122070312,194.1999969482422,185.0,185.0,215820,
2025-03-10,185.7400054931641,195.0,184.0,192.75,119175,
2025-03-11,185.07000732421875,187.0,179.16000366210938,184.0,111737,
2025-03-12,180.4900054931641,187.3500061035156,179.4499969482422,187.1999969482422,100998,
2025-03-13,178.35000610351562,182.47999572753903,178.10000610351562,181.5,88571,
2025-03-17,175.0500030517578,179.97999572753906,173.35000610351562,178.39999389648438,154127,
2025-03-18,175.0500030517578,175.0500030517578,175.0500030517578,175.0500030517578,0,
2025-03-19,183.8800048828125,185.5,179.07000732421875,179.97000122070312,150211,
2025-03-20,184.6999969482422,190.0,183.4199981689453,186.75,162304,
2025-03-21,188.9499969482422,189.8999938964844,185.1499938964844,186.1499938964844,279343,
2025-03-24,193.97999572753903,195.4499969482422,189.9900054931641,191.1000061035156,272955,
2025-03-25,186.3099975585937,195.8800048828125,185.3999938964844,194.0,248074,
2025-03-26,182.3699951171875,188.8000030517578,181.0500030517578,187.1000061035156,133266,
2025-03-27,184.9100036621093,186.88999938964844,181.0,181.5,186614,
2025-03-28,182.5800018310547,189.7100067138672,180.07000732421875,186.3000030517578,166279,
2025-04-01,188.69000244140625,189.38999938964844,181.0200042724609,181.9900054931641,120681,
2025-04-02,201.009994506836,205.0,185.4900054931641,190.1999969482422,409862,
2025-04-03,206.52999877929688,210.0,196.57000732421875,198.0,323716,
2025-04-04,196.8699951171875,206.52999877929688,195.0,206.52999877929688,175257,
2025-04-07,188.5,191.97000122070312,181.5500030517578,185.0,156790,
2025-04-08,197.8500061035156,200.3999938964844,189.8999938964844,192.5,265430,
2025-04-09,200.509994506836,206.0,197.009994506836,199.0,389782,
2025-04-11,205.47999572753903,209.5,203.0,203.0,296131,
2025-04-15,220.1999969482422,225.0,207.4100036621093,207.5399932861328,639712,
2025-04-16,225.2400054931641,234.8999938964844,219.0200042724609,221.0,1050509,
2025-04-17,232.22999572753903,237.0,224.47999572753903,226.8999938964844,526280,
2025-04-21,232.25,239.38999938964844,230.0,233.8999938964844,438589,
2025-04-22,235.7899932861328,236.8500061035156,229.25,233.97999572753903,383426,
2025-04-23,229.009994506836,237.75,226.2100067138672,237.3999938964844,232960,
2025-04-24,234.7899932861328,241.0,227.0,229.009994506836,493244,
2025-04-25,218.5599975585937,236.5500030517578,217.97999572753903,236.0,613614,
2025-04-28,222.47000122070312,226.8000030517578,215.1000061035156,220.9600067138672,298737,
2025-04-29,223.1000061035156,228.8999938964844,217.6199951171875,223.0500030517578,217367,
2025-04-30,218.2899932861328,223.67999267578125,217.1999969482422,220.5,139946,
2025-05-02,216.8500061035156,223.0599975585937,215.0200042724609,219.1000061035156,121800,
2025-05-05,231.94000244140625,234.0,214.2899932861328,220.1000061035156,398540,
2025-05-06,218.17999267578125,233.02999877929688,216.259994506836,232.0,232415,
2025-05-07,219.22999572753903,220.5399932861328,215.0,215.0,190693,
2025-05-08,216.92999267578125,229.0,215.0,222.0,293235,
2025-05-09,207.63999938964844,214.009994506836,205.5,210.3000030517578,364570,
2025-05-12,222.58999633789065,225.6999969482422,216.5599975585937,219.0,255277,
2025-05-13,225.3699951171875,226.19000244140625,219.94000244140625,224.7899932861328,191772,
2025-05-14,222.0200042724609,226.8000030517578,221.0599975585937,225.3699951171875,289436,
2025-05-15,209.3000030517578,219.9900054931641,208.42999267578125,218.07000732421875,944213,
2025-05-16,210.6999969482422,213.25,208.5200042724609,210.9499969482422,263493,
2025-05-19,216.6100006103516,218.8000030517578,209.3000030517578,210.0,530179,
2025-05-20,212.77999877929688,219.5,211.1000061035156,218.4499969482422,206177,
2025-05-21,214.5599975585937,215.75,211.1000061035156,214.1600036621093,236421,
2025-05-22,211.57000732421875,217.9900054931641,210.0,215.5,227219,
2025-05-23,212.2899932861328,212.9900054931641,209.32000732421875,212.6000061035156,162147,
2025-05-26,214.97000122070312,216.5,213.1100006103516,214.0,138911,
2025-05-27,213.47000122070312,216.6000061035156,212.1000061035156,216.0,215526,
2025-05-28,215.6999969482422,218.0,210.5,212.0,458381,
2025-05-29,213.92999267578125,218.25,213.1999969482422,216.75,216339,
2025-05-30,209.02999877929688,215.1499938964844,207.1999969482422,214.0,301781,
2025-06-02,214.8600006103516,216.5,208.0500030517578,211.3800048828125,262130,
2025-06-03,219.77999877929688,226.9900054931641,214.6699981689453,214.8600006103516,720346,
2025-06-04,221.67999267578125,226.9900054931641,216.009994506836,218.25,466139,
2025-06-05,217.7100067138672,229.8000030517578,216.8000030517578,221.6199951171875,387039,
2025-06-06,216.94000244140625,219.6000061035156,215.509994506836,217.6999969482422,139430,
2025-06-09,222.44000244140625,223.6199951171875,218.0,218.0,277019,
2025-06-10,220.1499938964844,224.1999969482422,219.13999938964844,223.5500030517578,95189,
2025-06-11,225.259994506836,226.9900054931641,217.009994506836,221.25,694285,
2025-06-12,221.3099975585937,229.82000732421875,219.1300048828125,226.8500061035156,351794,
2025-06-13,216.94000244140625,219.9900054931641,214.0599975585937,218.0,185340,
2025-06-16,215.1600036621093,218.7700042724609,210.0,216.94000244140625,198861,
2025-06-17,210.6300048828125,218.47999572753903,210.0500030517578,216.22999572753903,170701,
2025-06-18,209.22000122070312,212.6000061035156,208.5,210.5200042724609,166950,
2025-06-19,201.9199981689453,210.92999267578125,201.33999633789065,209.1999969482422,233189,
2025-06-20,203.5599975585937,205.6499938964844,199.5,201.5500030517578,135304,
2025-06-23,204.8800048828125,205.4199981689453,200.1000061035156,201.6999969482422,135207,
2025-06-24,206.1600036621093,209.9900054931641,205.8000030517578,206.0500030517578,127921,
2025-06-25,213.3099975585937,214.3500061035156,206.9900054931641,206.9900054931641,201860,
2025-06-26,211.02999877929688,215.5,210.0,214.1499938964844,145691,
2025-06-27,211.25,213.4199981689453,210.1000061035156,212.8999938964844,127490,
2025-06-30,214.4199981689453,216.0,212.0500030517578,212.0500030517578,177494,
2025-07-01,214.5,218.7100067138672,212.3999938964844,215.38999938964844,226831,
2025-07-02,211.47999572753903,216.0,210.509994506836,214.5,155263,
2025-07-03,210.1000061035156,212.9499969482422,209.3500061035156,211.47999572753903,107110,
2025-07-04,209.7899932861328,211.4900054931641,208.8999938964844,209.5500030517578,73817,
2025-07-07,206.72000122070312,211.8800048828125,206.0,211.0,118194,
2025-07-08,205.5599975585937,208.509994506836,204.1100006103516,207.75,99146,
2025-07-09,205.2899932861328,206.97999572753903,204.5500030517578,205.509994506836,121053,
2025-07-10,204.0399932861328,206.6999969482422,203.75,206.3500061035156,84525,
2025-07-11,202.4100036621093,204.9900054931641,201.1100006103516,204.5,115031,
2025-07-14,201.6499938964844,204.0,200.0,202.5,96630,
2025-07-15,205.4900054931641,208.0,202.6000061035156,202.6000061035156,149887,
2025-07-16,205.4499969482422,206.0,204.1000061035156,205.3500061035156,73955,
2025-07-17,206.6499938964844,207.0,204.1499938964844,206.5,91939,
2025-07-18,204.4100036621093,207.1499938964844,203.5,205.5200042724609,95836,
2025-07-21,213.72999572753903,216.0,203.0500030517578,204.8999938964844,626678,
2025-07-22,214.6100006103516,218.0,214.0,218.0,244141,
2025-07-23,218.3000030517578,220.0,213.1499938964844,215.6000061035156,425259,
2025-07-24,218.13999938964844,220.88999938964844,214.8000030517578,218.3000030517578,192685,
2025-07-25,213.57000732421875,217.5599975585937,212.1000061035156,217.5599975585937,109229,
2025-07-28,218.9900054931641,224.9900054931641,210.22999572753903,213.57000732421875,820284,
2025-07-29,248.009994506836,250.0,222.0,223.0,5999655,
2025-07-30,287.94000244140625,296.8999938964844,250.88999938964844,250.8999938964844,17000794,
2025-07-31,334.5400085449219,344.3999938964844,276.0,279.5,25118496,
2025-08-01,306.25,331.6499938964844,301.25,320.0,9340983,
2025-08-04,336.8500061035156,336.8500061035156,311.0,311.95001220703125,4097112,
2025-08-05,343.29998779296875,356.8999938964844,341.0,341.3999938964844,3937769,
2025-08-06,363.0,369.7000122070313,334.6499938964844,341.3999938964844,3824172,
2025-08-07,367.75,372.6000061035156,352.54998779296875,360.0,1763390,
2025-08-08,362.3500061035156,381.3999938964844,356.75,366.5,1520239,
2025-08-11,369.2000122070313,388.7000122070313,365.3999938964844,368.9500122070313,1782728,
2025-08-12,374.6499938964844,390.0,367.3999938964844,370.1000061035156,1475490,
2025-08-13,371.6499938964844,384.8999938964844,369.5499877929688,371.2000122070313,975979,
2025-08-14,353.20001220703125,377.2000122070313,350.20001220703125,374.0,1268433,
2025-08-18,325.75,360.3999938964844,318.1499938964844,357.5,1393937,
2025-08-19,339.04998779296875,343.95001220703125,323.54998779296875,324.1499938964844,904446,
2025-08-20,372.9500122070313,372.9500122070313,331.04998779296875,338.04998779296875,925646,
2025-08-21,378.3999938964844,393.5499877929688,373.0499877929688,378.7000122070313,1546755,
2025-08-22,376.3999938964844,386.0,375.1000061035156,380.0,473981,
2025-08-25,383.6000061035156,389.6000061035156,376.5,379.8999938964844,738282,
2025-08-26,382.75,389.3500061035156,363.1499938964844,384.0,732003,
2025-08-28,378.6499938964844,386.4500122070313,371.0,381.0,483858,
2025-08-29,361.7000122070313,384.8999938964844,359.54998779296875,379.5499877929688,443154,
2025-09-01,371.6000061035156,374.1499938964844,363.0499877929688,364.0,315437,
2025-09-02,334.45001220703125,375.0,334.45001220703125,373.8500061035156,1063982,
2025-09-03,323.5,334.0,316.0,329.6000061035156,1007356,
2025-09-04,301.8500061035156,330.95001220703125,298.6499938964844,326.0,1020902,
2025-09-05,288.8999938964844,305.8999938964844,287.6000061035156,300.0,615218,
2025-09-08,274.45001220703125,289.8999938964844,274.45001220703125,288.25,1081621,
2025-09-09,269.6000061035156,277.5,266.3500061035156,270.3999938964844,864875,
2025-09-10,283.04998779296875,283.04998779296875,272.0,272.8999938964844,843145,
2025-09-11,271.70001220703125,293.0,268.8999938964844,293.0,840899,
2025-09-12,266.8500061035156,277.3999938964844,265.5,273.45001220703125,306771,
2025-09-15,276.29998779296875,278.70001220703125,266.75,269.70001220703125,521083,
2025-09-16,279.25,284.0,275.0,275.5,236149,
2025-09-17,284.29998779296875,285.79998779296875,277.1000061035156,280.29998779296875,359888,
2025-09-18,271.6499938964844,286.6000061035156,270.1499938964844,286.29998779296875,382970,
2025-09-19,274.1000061035156,276.95001220703125,272.6000061035156,273.0,225929,
2025-09-22,269.20001220703125,276.45001220703125,268.1000061035156,274.8500061035156,165273,
2025-09-23,274.20001220703125,281.0,268.1000061035156,270.95001220703125,521431,
2025-09-24,287.8999938964844,287.8999938964844,270.25,274.0,895154,
2025-09-25,302.25,302.25,291.0,302.25,620892,
2025-09-26,287.1499938964844,297.04998779296875,287.1499938964844,297.04998779296875,678359,
2025-09-29,272.79998779296875,291.95001220703125,272.79998779296875,290.45001220703125,477856,
2025-09-30,272.1499938964844,277.6499938964844,266.3500061035156,268.04998779296875,410676,
2025-10-01,274.6499938964844,278.95001220703125,270.25,272.1499938964844,216245,
2025-10-03,274.79998779296875,276.95001220703125,271.1000061035156,276.95001220703125,197197,
2025-10-06,272.8500061035156,282.70001220703125,271.79998779296875,282.70001220703125,199279,
2025-10-07,271.95001220703125,276.5,268.04998779296875,272.0,192035,
2025-10-08,271.6499938964844,278.5,270.20001220703125,272.8999938964844,189237,
2025-10-09,262.1000061035156,273.3500061035156,261.04998779296875,272.8999938964844,258370,
2025-10-10,261.1499938964844,265.1000061035156,259.75,262.8999938964844,170846,
2025-10-13,258.5,263.70001220703125,257.6000061035156,261.0,131831,
2025-10-14,246.4499969482422,261.70001220703125,245.6000061035156,260.79998779296875,369370,
2025-10-15,255.75,257.0,246.4499969482422,246.4499969482422,187970,
2025-10-16,258.29998779296875,264.3500061035156,255.1499938964844,257.5,181208,
2025-10-17,258.3999938964844,262.45001220703125,255.3500061035156,256.29998779296875,161312,
2025-10-20,255.4499969482422,258.3999938964844,246.0,258.1000061035156,160681,
2025-10-21,258.95001220703125,259.8999938964844,255.0500030517578,257.29998779296875,34147,
2025-10-23,271.8500061035156,271.8500061035156,266.0,266.04998779296875,219520,
2025-10-24,261.79998779296875,275.79998779296875,259.3500061035156,275.79998779296875,301539,
2025-10-27,257.25,263.8500061035156,254.6000061035156,263.8500061035156,160893,
2025-10-28,258.8500061035156,262.20001220703125,256.45001220703125,257.54998779296875,133137,
2025-10-29,259.1000061035156,261.3500061035156,256.0,260.0,93260,
2025-10-30,257.6499938964844,260.79998779296875,256.25,259.1000061035156,54845,
2025-10-31,255.8000030517578,259.45001220703125,255.1999969482422,259.20001220703125,58848,
2025-11-03,252.1000061035156,257.45001220703125,251.1999969482422,255.1000061035156,108301,
2025-11-04,246.1999969482422,253.8000030517578,245.25,253.8000030517578,118061,
2025-11-06,239.1999969482422,249.0500030517578,238.1999969482422,247.8999938964844,209196,
2025-11-07,251.1499938964844,251.1499938964844,244.0500030517578,244.0500030517578,237132,
2025-11-10,263.70001220703125,263.70001220703125,263.70001220703125,263.70001220703125,117064,
2025-11-11,276.8500061035156,276.8500061035156,276.8500061035156,276.8500061035156,81784,
2025-11-12,276.8999938964844,290.6499938964844,273.0,290.6499938964844,1174827,
2025-11-13,290.70001220703125,290.70001220703125,276.1000061035156,277.95001220703125,591232,
2025-11-14,290.70001220703125,299.8999938964844,288.0,290.70001220703125,423085,
2025-11-17,291.95001220703125,295.5,284.79998779296875,290.70001220703125,237976,
2025-11-18,282.1499938964844,292.79998779296875,280.29998779296875,292.0,129635,
2025-11-19,287.8999938964844,289.20001220703125,278.0,281.1000061035156,165091,
2025-11-20,285.79998779296875,289.0,283.20001220703125,288.0,94830,
2025-11-21,281.3500061035156,285.79998779296875,280.04998779296875,285.79998779296875,113282,
2025-11-24,276.45001220703125,286.0,271.54998779296875,283.29998779296875,91300,
2025-11-25,272.54998779296875,280.6000061035156,271.1499938964844,278.70001220703125,67032,
2025-11-26,274.75,277.8999938964844,272.75,272.79998779296875,68768,
2025-11-27,273.6499938964844,278.20001220703125,273.1000061035156,277.79998779296875,63606,
2025-11-28,273.3500061035156,276.6499938964844,272.0,276.6499938964844,48868,
2025-12-01,270.3999938964844,281.1000061035156,269.0,273.45001220703125,130329,
2025-12-02,266.79998779296875,272.8999938964844,266.1499938964844,270.79998779296875,56120,
2025-12-03,263.6499938964844,269.3500061035156,261.5,266.3999938964844,76122,
2025-12-04,262.6499938964844,267.6499938964844,261.3500061035156,262.04998779296875,74643,
2025-12-05,294.79998779296875,306.3999938964844,263.04998779296875,263.04998779296875,9619150,
2025-12-08,280.54998779296875,291.6000061035156,277.0,289.95001220703125,721355,
2025-12-09,288.95001220703125,301.0,273.6000061035156,275.0,1644976,
2025-12-10,286.1499938964844,295.8999938964844,284.3999938964844,290.70001220703125,424976,
2025-12-11,282.5,287.1000061035156,280.79998779296875,286.1499938964844,290976,
2025-12-12,293.6499938964844,296.0,282.8999938964844,285.0,389148,
2025-12-15,315.0,324.3999938964844,292.20001220703125,294.0,3434264,
2025-12-16,315.6000061035156,328.0,311.25,316.04998779296875,1251553,
2025-12-17,308.5,316.3500061035156,306.20001220703125,315.6499938964844,406583,
2025-12-18,310.6499938964844,319.0,302.29998779296875,308.5,673229,
2025-12-19,315.04998779296875,317.0,305.54998779296875,311.0,511131,
2025-12-22,319.95001220703125,324.70001220703125,315.8500061035156,319.3500061035156,519188,
2025-12-23,321.54998779296875,327.8999938964844,313.0,322.5,810379,
2025-12-24,312.8500061035156,324.0,310.1499938964844,322.3999938964844,311411,
2025-12-26,307.8500061035156,312.0,306.75,312.0,214101,
2025-12-29,327.3999938964844,338.3999938964844,299.20001220703125,305.79998779296875,1714267,
2025-12-30,334.95001220703125,345.6000061035156,322.6000061035156,327.3999938964844,1220926,
2025-12-31,329.95001220703125,335.20001220703125,325.1000061035156,333.70001220703125,453595,
2026-01-01,329.75,335.54998779296875,327.5,330.20001220703125,388465,
2026-01-02,337.3500061035156,342.0,326.3999938964844,331.8999938964844,470582,
2026-01-05,324.04998779296875,340.6000061035156,319.75,340.6000061035156,474666,
2026-01-06,329.3999938964844,331.0,321.79998779296875,325.0,319656,
2026-01-07,323.75,328.29998779296875,321.0,328.29998779296875,195729,
2026-01-08,306.75,326.45001220703125,303.70001220703125,322.0,539931,
2026-01-09,303.75,313.5,298.04998779296875,306.5,470945,
2026-01-12,295.75,304.70001220703125,287.0,303.3999938964844,607385,
2026-01-13,294.70001220703125,305.3999938964844,290.75,297.5,312435,
2026-01-14,291.25,298.0,290.29998779296875,294.70001220703125,225037,
2026-01-15,291.25,291.25,291.25,291.25,0,
2026-01-16,283.54998779296875,294.29998779296875,282.5,293.0,244200,
2026-01-19,275.70001220703125,284.3999938964844,275.0,284.3999938964844,266396,
2026-01-20,264.1499938964844,277.0,263.0,277.0,307546,
2026-01-21,267.75,274.5,262.29998779296875,265.0,366201,
2026-01-22,272.1000061035156,277.75,268.45001220703125,271.0,241635,
2026-01-23,263.0,276.20001220703125,262.20001220703125,276.20001220703125,156019,
2026-01-27,262.70001220703125,266.5,256.8999938964844,262.0,216528,
2026-01-28,282.3500061035156,287.29998779296875,262.75,264.0,505603,
2026-01-29,275.29998779296875,284.8999938964844,270.04998779296875,284.8999938964844,268420,
2026-01-30,276.95001220703125,283.3999938964844,270.3500061035156,274.79998779296875,200064,
2026-02-02,271.95001220703125,275.0,266.1000061035156,275.0,109758,
2026-02-03,274.70001220703125,284.0,270.0,284.0,255012,
2026-02-04,281.1499938964844,285.79998779296875,272.8999938964844,275.6499938964844,259273,
2026-02-05,254.0500030517578,263.3500061035156,251.1499938964844,255.3999938964844,880126,
2026-02-06,240.75,259.8999938964844,240.0500030517578,253.0,499587,
2026-02-09,250.8000030517578,253.0,239.0500030517578,239.75,418925,
2026-02-10,249.0,255.0,247.8000030517578,250.0,142261,
2026-02-11,243.5500030517578,249.3000030517578,242.4499969482422,248.3500061035156,145201,
2026-02-12,241.1999969482422,243.4499969482422,240.5,241.1000061035156,111540,
2026-02-13,236.1000061035156,240.8999938964844,235.0,239.3999938964844,116456,
2026-02-16,230.9499969482422,236.3000030517578,230.0,236.1000061035156,134084,
2026-02-17,234.8999938964844,237.5,231.0,231.0,133414,
2026-02-18,234.3999938964844,237.8500061035156,233.0,234.8500061035156,96509,
2026-02-19,233.1499938964844,235.9499969482422,232.0,234.0,69678,
2026-02-20,230.75,235.5,230.25,235.5,53868,
2026-02-23,225.75,232.6999969482422,225.0,232.6000061035156,84528,
2026-02-24,224.3500061035156,230.0,222.3500061035156,226.5,93597,
2026-02-25,224.6499938964844,229.5500030517578,222.6000061035156,226.6000061035156,64158,
2026-02-26,223.6000061035156,228.0,222.0,224.6499938964844,126467,
2026-02-27,224.0500030517578,230.5,221.8500061035156,223.0,227144,
2026-03-02,216.6100006103516,221.58999633789065,213.4900054931641,220.9900054931641,186457,
2026-03-04,212.22999572753903,214.94000244140625,208.3000030517578,214.94000244140625,182644,
2026-03-05,210.3699951171875,214.5,206.2700042724609,214.5,180092,
2026-03-06,205.759994506836,211.6000061035156,205.0,207.5,139131,
2026-03-09,196.9199981689453,205.0,190.0,205.0,186484,
2026-03-10,210.6699981689453,218.9199981689453,198.3099975585937,198.8000030517578,1354329,
2026-03-11,209.32000732421875,222.9900054931641,207.7100067138672,214.0,523449,
2026-03-12,209.8099975585937,214.27999877929688,200.8999938964844,209.3099975585937,228877,
2026-03-13,201.7899932861328,214.0,200.6000061035156,209.1000061035156,250022,
2026-03-16,199.4199981689453,203.0,195.4600067138672,202.0,143901,
2026-03-17,201.7400054931641,209.7899932861328,198.1199951171875,201.3999938964844,186504,
2026-03-18,206.9600067138672,209.8999938964844,202.0,202.0,193284,
2026-03-19,196.3999938964844,204.0,195.1000061035156,204.0,121537,
2026-03-20,197.4199981689453,202.5,196.5200042724609,199.3000030517578,140199,
2026-03-23,185.75,196.38999938964844,185.0,195.0,204074,
2026-03-24,192.33999633789065,195.0,187.22999572753903,193.0,148747,
2026-03-25,199.0,202.0,193.3000030517578,193.3000030517578,225155,
2026-03-27,191.97999572753903,200.7400054931641,189.2100067138672,197.0,245284,
2026-03-30,181.1699981689453,192.72999572753903,175.10000610351562,192.72999572753903,208699,
2026-04-01,196.3699951171875,197.92999267578125,185.69000244140625,187.0,254485,
2026-04-02,201.1999969482422,203.5,189.4600067138672,193.5,156279,
2026-04-06,205.5500030517578,207.7100067138672,198.5,204.22000122070312,165588,
2026-04-07,206.4900054931641,208.8999938964844,201.75,205.88999938964844,84159,
2026-04-08,216.3500061035156,219.7400054931641,210.0200042724609,214.8999938964844,258923,
2026-04-09,216.0500030517578,224.1999969482422,214.4100036621093,219.8500061035156,262395,
2026-04-10,220.0800018310547,221.8800048828125,217.8000030517578,220.0,171620,
2026-04-13,217.5399932861328,221.8800048828125,210.82000732421875,215.0,149916,
2026-04-15,228.72000122070312,231.69000244140625,221.1600036621093,223.4100036621093,300625,
2026-04-16,228.94000244140625,232.63999938964844,225.8000030517578,230.4499969482422,158319,
2026-04-17,229.6999969482422,235.9600067138672,228.94000244140625,230.6000061035156,187586,
2026-04-20,226.5800018310547,231.5,224.0,230.0,127756,
2026-04-21,232.5399932861328,235.8800048828125,225.0,226.0,221299,
2026-04-22,244.1600036621093,247.0,229.2400054931641,232.5399932861328,377696,
2026-04-23,253.13999938964844,255.0,241.5,243.0,431573,
2026-04-24,245.1699981689453,257.0,244.19000244140625,253.0,239834,
2026-04-27,248.9499969482422,254.6999969482422,247.5,247.5,160520,
2026-04-28,245.6000061035156,250.38999938964844,244.67999267578125,250.0,110390,
2026-04-29,240.8999938964844,249.63999938964844,239.25,244.1600036621093,128231,
2026-04-30,235.1999969482422,239.3000030517578,232.5500030517578,232.5500030517578,173036,
2026-05-01,235.1999969482422,235.1999969482422,235.1999969482422,235.1999969482422,0,
2026-05-04,238.8800048828125,242.1000061035156,236.5,240.6199951171875,98952,
2026-05-05,241.3999938964844,243.3999938964844,234.27999877929688,240.33999633789065,210206,
2026-05-06,246.1999969482422,247.1999969482422,242.5,242.5,118014,
2026-05-07,246.9900054931641,249.8500061035156,244.1000061035156,249.8500061035156,95634,
2026-05-08,242.1300048828125,248.38999938964844,241.0200042724609,245.3699951171875,79032,
2026-05-11,236.38999938964844,240.1300048828125,235.25,240.0,67084,
2026-05-12,232.6300048828125,245.9499969482422,229.009994506836,236.25,224773,
2026-05-13,234.0599975585937,238.72000122070312,231.7400054931641,232.77999877929688,75423,
2026-05-14,234.6699981689453,246.009994506836,234.0,242.259994506836,165933,
2026-05-15,225.97999572753903,236.9199981689453,224.1000061035156,235.0,217690,
2026-05-18,214.0,221.8699951171875,210.6199951171875,219.5,358079,
2026-05-19,214.7100067138672,219.25,213.5,218.8800048828125,127408,
2026-05-20,213.7700042724609,214.759994506836,210.3000030517578,214.3999938964844,50395,
2026-05-21,213.8500061035156,217.19000244140625,212.3999938964844,217.0,84126,
2026-05-22,214.7400054931641,219.5,212.2100067138672,216.1999969482422,122017,
2026-05-25,221.1499938964844,222.8999938964844,215.4100036621093,217.94000244140625,133731,
2026-05-26,225.4900054931641,227.58999633789065,218.25,220.3000030517578,144918,
2026-05-27,224.4100036621093,226.88999938964844,222.1999969482422,226.3999938964844,83379,
2026-05-28,224.4100036621093,224.4100036621093,224.4100036621093,224.4100036621093,0,
2026-05-29,222.07000732421875,230.0,220.0,230.0,107740,
2026-06-01,217.5200042724609,224.07000732421875,217.009994506836,222.5500030517578,89779,
2026-06-02,220.72999572753903,221.67999267578125,216.0,218.0800018310547,57084,
2026-06-03,218.97000122070312,220.3999938964844,213.0,219.1999969482422,144188,
2026-06-04,217.9499969482422,224.17999267578125,217.25,218.97000122070312,131886,
2026-06-05,217.5800018310547,224.44000244140625,216.009994506836,223.0200042724609,161054,
2026-06-08,212.759994506836,216.9900054931641,211.1000061035156,215.009994506836,84799,
2026-06-09,214.9900054931641,215.6000061035156,211.75,214.0,67527,
2026-06-10,215.3999938964844,223.8999938964844,214.0,216.0,217427,
2026-06-11,209.94000244140625,215.94000244140625,209.0500030517578,215.94000244140625,67562,
2026-06-12,216.4900054931641,217.0,212.0,212.0,77961,
2026-06-15,218.2400054931641,222.6199951171875,216.0200042724609,221.0,229069,
2026-06-16,234.8099975585937,254.0,218.259994506836,219.1999969482422,5985501,
2026-06-17,237.9600067138672,243.1499938964844,231.0200042724609,236.88999938964844,585587,
2026-06-18,234.97999572753903,239.8999938964844,231.6699981689453,237.72999572753903,239161,
2026-06-19,238.4600067138672,251.6199951171875,233.1999969482422,233.1999969482422,794592,
2026-06-22,241.2700042724609,245.88999938964844,238.4600067138672,240.0800018310547,274527,
2026-06-23,235.3500061035156,243.3600006103516,233.0,240.8000030517578,176662,
2026-06-24,234.42999267578125,237.77999877929688,233.009994506836,235.3000030517578,99543,
2026-06-25,230.97999572753903,238.0,230.3099975585937,234.42999267578125,121202,
2026-06-26,230.97999572753903,230.97999572753903,230.97999572753903,230.97999572753903,0,
2026-06-29,226.3500061035156,233.0,225.0,231.8000030517578,79585,
2026-06-30,229.5500030517578,232.47000122070312,226.22000122070312,227.9600067138672,99517,
2026-07-01,227.9499969482422,231.19000244140625,225.4600067138672,229.5500030517578,72973,
2026-07-02,231.9499969482422,237.0,228.0,228.7899932861328,131316,
2026-07-03,241.1999969482422,248.2400054931641,232.63999938964844,232.8800048828125,670368,
2026-07-06,237.2100067138672,243.25,236.009994506836,242.759994506836,145309,
2026-07-07,233.3500061035156,239.19000244140625,232.25,237.0,74549,
2026-07-08,230.57000732421875,246.5500030517578,228.3500061035156,233.1999969482422,590411,
2026-07-09,231.17999267578125,235.97999572753903,230.2100067138672,231.0,117142,
2026-07-10,236.22000122070312,237.3999938964844,231.75,232.97000122070312,94879,
2026-07-13,236.75,238.8000030517578,233.25,233.25,105003,236.75
2026-07-14,235.5800018310547,236.9900054931641,232.8000030517578,235.8999938964844,54637,235.5800018310547
2026-07-15,235.75,244.1600036621093,235.25,236.0,152488,235.75
2026-07-16,234.8000030517578,237.19000244140625,234.0,234.72000122070312,50533,234.8000030517578
2026-07-17,232.5800018310547,235.6100006103516,232.0,233.47999572753903,57436,232.5800018310547
2026-07-20,230.3600006103516,232.97999572753903,228.97999572753903,232.5800018310547,47062,230.3600006103516
2026-07-21,228.9600067138672,231.97999572753903,227.8600006103516,230.3600006103516,100602,228.9600067138672
2026-07-23,224.9900054931641,227.3500061035156,224.1999969482422,225.0399932861328,29547,224.9900054931641
2026-07-24,219.8600006103516,224.9900054931641,215.25,219.8999938964844,79247,219.8600006103516
2026-07-27,222.1000061035156,227.22999572753903,220.3600006103516,221.6000061035156,62715,222.1000061035156
2026-07-28,225.6999969482422,227.47000122070312,221.5,222.0,82208,225.6999969482422
2026-07-29,235.4900054931641,242.5,228.0,228.0,482720,235.4900054931641
2026-07-30,238.2100067138672,241.97999572753903,234.0,235.0,207295,238.2100067138672
2026-07-31,234.5399932861328,242.5,232.0,237.5,374927,234.5399932861328
2026-08-03,233.2700042724609,240.97999572753903,232.9600067138672,234.5500030517578,107463,233.2700042724609
2026-08-04,231.6499938964844,235.0,230.0399932861328,233.2700042724609,73234,231.6499938964844
2026-08-05,227.4499969482422,234.2899932861328,226.8000030517578,232.6199951171875,143103,227.4499969482422
2026-08-06,226.69000244140625,229.4499969482422,226.0,229.4499969482422,75641,226.69000244140625
2026-08-07,227.5500030517578,230.5,225.02000427246094,226.69000244140625,68273,227.5500030517578
2026-08-10,227.4600067138672,235.1699981689453,227.0,227.5500030517578,93491,227.4600067138672
2026-08-11,225.4199981689453,229.11000061035156,223.1699981689453,228.14999389648438,72569,225.4199981689453
2026-08-12,219.4499969482422,226.60000610351562,218.0500030517578,226.60000610351562,111345,219.4499969482422
2026-08-13,220.9199981689453,229.6199951171875,219.6999969482422,219.6999969482422,159950,220.9199981689453
2026-08-14,,222.0,219.52000427246094,221.39999389648438,43233,
